session,gross_return,transaction_cost,borrow_cost,net_return,gross,net,turnover
2021-01-04,-0.002155006621124011,0.0,1.8073095406965664e-05,-0.0021730797165309765,0.9306835317208905,0.6008495405437674,0.0
2021-01-05,0.0003182437130351966,0.0,4.535494240417203e-06,0.0003137082187947794,0.9310894577787784,0.5999983782283226,0.0
2021-01-06,-0.0021867776337009923,0.0,4.5266523810269045e-06,-0.002191304286082019,0.9305739805584796,0.6001283567435155,0.0
2021-01-07,0.0004229090492598524,0.0,4.538712947950872e-06,0.0004183703363119015,0.9305807737653878,0.599254728564974,0.0
2021-01-08,-0.00040338553688277454,0.0,4.542570171334228e-06,-0.00040792810705410874,0.9310344777066284,0.5994268551992297,0.0
2021-01-11,-0.002300188870824133,0.0,1.3628005229059968e-05,-0.0023138168760531933,0.9308827218009169,0.599267927893791,0.0
2021-01-12,0.00010186640264546817,5.350922746821055e-07,4.501911162630267e-06,9.68293992081558e-05,0.9286395149359644,0.6000000000639549,0.0026567870170783603
2021-01-13,0.0019816270516334602,0.0,4.500899403521791e-06,0.0019771261522299383,0.9286094210464673,0.6000437645893766,0.0
2021-01-14,-0.0010498383285876016,0.0,4.492155243722663e-06,-0.0010543304838313242,0.9287647929769929,0.6008374601852384,0.0
2021-01-15,5.480250042429001e-06,0.0,4.494508601234336e-06,9.857414411946647e-07,0.9285197915555821,0.6004206636654754,0.0
2021-01-19,0.001245840350233724,0.0,1.7994012084398058e-05,0.001227846338149326,0.9288162725914335,0.600425552051169,0.0
2021-01-20,0.0015300643546760707,0.0,4.491961219953831e-06,0.0015255723934561169,0.9288467074134895,0.60093353835686,0.0
2021-01-21,-9.509325274171831e-05,0.0,4.479600316059368e-06,-9.957285305777767e-05,0.928556723964073,0.6015459008917392,0.0
2021-01-22,-0.00038743528844640787,0.0,4.478069601968045e-06,-0.0003919133580483759,0.9284097827193851,0.6015107017757177,0.0
2021-01-25,0.001955867245680547,0.0,1.3441992243470756e-05,0.0019424252534370765,0.9284474250160737,0.6013589470916186,0.0
2021-01-26,-0.0002656641171985789,0.0,4.4727555527958005e-06,-0.00027013687275137467,0.9286563476636148,0.6021451923095213,0.0
2021-01-27,-0.002483423960352532,5.876510732964517e-07,4.473379697096441e-06,-0.002488484991122925,0.926556717902159,0.6000000000141188,0.002937297909945726
2021-01-28,0.0007334680955746839,0.0,4.490994694509182e-06,0.0007289771008801748,0.9268498091709312,0.5990071964717609,0.0
2021-01-29,-0.0020949836829184916,0.0,4.484009182163324e-06,-0.002099467692100655,0.9266364561289165,0.599303785830994,0.0
2021-02-01,0.0017984598489574554,0.0,1.3498326012603725e-05,0.0017849615229448518,0.9269245269342984,0.5984652606276076,0.0
2021-02-02,0.0005856181601117223,0.0,4.492966561046893e-06,0.0005811251935506754,0.9271807408734942,0.5991941819170709,0.0
2021-02-03,-0.0006980594375345036,0.0,4.490315546568752e-06,-0.0007025497530810723,0.9272244902561869,0.5994314553566681,0.0
2021-02-04,0.0011289926561038996,0.0,4.49211805841073e-06,0.0011245005380454889,0.9270789499108729,0.5991543316468895,0.0
2021-02-05,0.0001297712462227375,0.0,4.488793414231239e-06,0.00012528245280850626,0.9272909828272519,0.5996090635883714,0.0
2021-02-08,0.0010934523936725821,0.0,1.3456735496234932e-05,0.0010799956581763472,0.9271109379028422,0.5996637074944589,0.0
2021-02-09,-0.00015818549726691946,0.0,4.482206260812127e-06,-0.0001626677035277316,0.9273101017646809,0.6001090447253956,0.0
2021-02-10,0.0009527136291389914,1.1680712234274947e-07,4.470053998787425e-06,0.0009481267680178612,0.9263139417221538,0.5999999998106718,0.0005830642636852207
2021-02-11,-0.0003022638865222996,0.0,4.462563153583141e-06,-0.00030672644967588274,0.9261505840087974,0.600383473797228,0.0
2021-02-12,-0.0009961618135254867,0.0,4.4654686275124715e-06,-0.0010006272821529991,0.9262445369717807,0.6002653271633701,0.0
2021-02-16,-0.0034027621664917424,0.0,1.7877968117161854e-05,-0.0034206401346089043,0.9261423291864725,0.5998694110482685,0.0
2021-02-17,0.0007825075357777809,0.0,4.48606172438088e-06,0.0007780214740534,0.9259964555991141,0.59851394971931,0.0
2021-02-18,-0.001219115657421619,0.0,4.4827027969368395e-06,-0.001223598360218556,0.9260678584009711,0.5988305542245819,0.0
2021-02-19,-0.0021588961822745583,0.0,4.486735453795612e-06,-0.002163382917728354,0.9258752589062925,0.5983435707792129,0.0
2021-02-22,-0.002499730262415817,0.0,1.348001611671886e-05,-0.0025132102785325357,0.9254909721729327,0.5974772466661071,0.0
2021-02-23,0.00020570968275626113,0.0,4.503694188215037e-06,0.0002012059885680461,0.9252462632339835,0.5964765874942858,0.0
2021-02-24,0.0006768993094582907,0.0,4.505109951995331e-06,0.0006723941995062954,0.9254352917723739,0.5965622652767147,0.0
2021-02-25,-0.008404591966236215,9.511737656630341e-07,4.5006655394685545e-06,-0.008410043805541346,0.9285485841603739,0.5999999997791693,0.004753735974207009
2021-02-26,0.00364742047596385,0.0,4.54638221151535e-06,0.003642874093752335,0.928498850288316,0.5966129488476954,0.0
2021-03-01,0.0020063954610723207,0.0,1.3601856773922742e-05,0.001992793604298398,0.9290601480681149,0.5980816332359948,0.0
2021-03-02,7.637585485439757e-05,0.0,4.523181927953983e-06,7.185267292644359e-05,0.9290868361979432,0.5988945554573026,0.0
2021-03-03,-0.0032586682333646806,0.0,4.520781663942408e-06,-0.003263189015028623,0.9289449582096816,0.5989278967418858,0.0
2021-03-04,-0.0034693934408963514,0.0,4.537465052933889e-06,-0.0034739309059492853,0.9288543223474138,0.5976193734832401,0.0
2021-03-05,0.001084155761942879,0.0,4.556542120904081e-06,0.001079599219821975,0.9288487861611815,0.5962212113351836,0.0
2021-03-08,-0.00393659328598064,0.0,1.3666293192599885e-05,-0.00395025957917324,0.9292076798046229,0.5966612121180257,0.0
2021-03-09,0.004469787902742335,0.0,4.578167199445634e-06,0.004465209735542889,0.9292815263779689,0.5950753208184375,0.0
2021-03-10,0.0027832018647030166,0.0,4.551088479588067e-06,0.0027786507762234285,0.9291093737249734,0.5968799147150445,0.0
2021-03-11,0.0018327648562048876,1.2006605671997448e-06,4.535958901033987e-06,0.0018270282367366538,0.9311249997730038,0.5999999999975227,0.005999428335667564
2021-03-12,-0.004216437516106873,0.0,4.525283647556333e-06,-0.004220962799754429,0.9310809109436023,0.60073520467199,0.0
2021-03-15,0.0020699999919603323,0.0,1.3643176356652205e-05,0.00205635681560368,0.9310312816360637,0.5990473236241936,0.0
2021-03-16,0.0005300549470455627,0.0,4.5396653192741795e-06,0.0005255152817262885,0.9312793168882039,0.5998837485811889,0.0
2021-03-17,0.0008101188339226044,0.0,4.533576704708329e-06,0.0008055852572178961,0.9310495420698023,0.6000984426260941,0.0
2021-03-18,-0.004818897770880871,0.0,4.528072507278921e-06,-0.00482342584338815,0.9309741610696195,0.6004248680382581,0.0
2021-03-19,0.0004687805223312844,0.0,4.55377869691595e-06,0.0004642267436343685,0.9309186005671284,0.5984927556922639,0.0
2021-03-22,0.0020786974922748958,0.0,1.3657999486546902e-05,0.002065039492788349,0.9310282654439088,0.5986836112712675,0.0
2021-03-23,-1.569824686117927e-05,0.0,4.5419059071089115e-06,-2.0240152768288182e-05,0.9310833986932736,0.5995242674743229,0.0
2021-03-24,0.0006158178628990712,0.0,4.5449704947424926e-06,0.0006112728924043287,0.9313035497342927,0.5995207036180905,0.0
2021-03-25,7.026010920264311e-05,5.004777214261951e-05,7.2831948147926314e-06,1.2929142245230973e-05,0.9849202296547336,0.45324700817487146,0.25000000000549094
2021-03-26,0.0010459232653364887,0.0,7.283257333870256e-06,0.0010386400080026185,0.9849891927289359,0.45331140735640707,0.0
2021-03-29,-0.0014237366124639451,0.0,2.1831746234922927e-05,-0.001445568358698868,0.9851250649432465,0.45388590656012184,0.0
2021-03-30,-0.0002057806378099372,0.0,7.288808680316608e-06,-0.0002130694464902538,0.9852002154715752,0.45311718180846283,0.0
2021-03-31,0.0006376783416583686,0.0,7.292690993745565e-06,0.000630385650664623,0.9853743658615559,0.45300792331812995,0.0
2021-04-01,0.003282208608489344,0.0,7.292767033419888e-06,0.0032749158414559242,0.9857318035805395,0.45335981014088744,0.0
2021-04-05,3.6162192283441546e-05,0.0,2.9056658901105207e-05,7.105533382336339e-06,0.9854354610461981,0.4551514361010282,0.0
2021-04-06,0.0016661320884308079,0.0,7.260766527822778e-06,0.001658871321902985,0.9852203204966812,0.4551843639656183,0.0
2021-04-07,-0.0005158212518539478,0.0,7.249962135081557e-06,-0.0005230712139890294,0.9853411308325394,0.45609389497158576,0.0
2021-04-08,0.0021054473603038244,0.0,7.257196356759405e-06,0.002098190163947065,0.9855918322522425,0.455816498208806,0.0
2021-04-09,-0.00045062883526056,1.432494006173843e-05,6.490628781011016e-06,-0.00047144440410330947,0.9999999999837959,0.5261840989699919,0.07052238861199668
2021-04-12,9.34801355910805e-05,0.0,1.9483064630558368e-05,7.399707096052213e-05,1.0000693471520732,0.5259814411418197,0.0
2021-04-13,0.0022629578692850622,0.0,6.493195490722186e-06,0.00225646467379434,1.0000392669771951,0.5260359961544754,0.0
2021-04-14,-0.0004965161723497241,0.0,6.473458561892917e-06,-0.000502989630911617,0.9996720249632727,0.52710954994509,0.0
2021-04-15,0.004499558115721687,0.0,6.475759954045355e-06,0.004493082355767642,0.9996085246129337,0.5268780479676228,0.0
2021-04-16,-0.0011443665388533755,0.0,6.446702850210789e-06,-0.0011508132417035863,0.9996100701583844,0.529000762092997,0.0
2021-04-19,-0.0008065351825963627,0.0,1.935338080006073e-05,-0.0008258885633964234,0.9993968257018754,0.5284645595670644,0.0
2021-04-20,-0.0005667464238806296,0.0,6.446594688479639e-06,-0.0005731930185691093,0.998695583579972,0.5280941713209583,0.0
2021-04-21,0.0018974157721565895,0.0,6.454074135378525e-06,0.001890961698021211,0.9989773852354272,0.5278299733527949,0.0
2021-04-22,-0.0006349210146661987,0.0,6.438597953481031e-06,-0.0006413596126196797,0.9987452361161764,0.528727585512061,0.0
2021-04-23,0.0018179610011163367,8.397122666485398e-06,5.349776172332863e-06,0.0018042141022775187,0.9588634057282184,0.5683297451479195,0.04031165486105712
2021-04-26,-0.00039947596644369866,0.0,1.5975712956389867e-05,-0.00041545167940008855,0.9578632388184994,0.5691208902130128,0.0
2021-04-27,-0.0015986739976197187,0.0,5.327152111402197e-06,-0.0016040011497311208,0.9578398928477588,0.5689577887153984,0.0
2021-04-28,0.0012986472439275316,0.0,5.337076405339475e-06,0.001293310167522192,0.9578771990377214,0.5682706214479396,0.0
2021-04-29,0.00020868148998135462,0.0,5.320296242322681e-06,0.00020336119373903194,0.9572152161152974,0.5688335904257416,0.0
2021-04-30,-0.0008716180333008239,0.0,5.320279415152647e-06,-0.0008769383127159766,0.9573069716345606,0.5689265743284175,0.0
2021-05-03,0.0010377310739066537,0.0,1.6039707806096916e-05,0.0010216913661005567,0.9588530992945475,0.5685535426795226,0.0
2021-05-04,-0.0004802725438819845,0.0,5.329398023626113e-06,-0.0004856019419056106,0.9580559769543895,0.5690099212296834,0.0
2021-05-05,0.0011717341960719122,0.0,5.3434082408941e-06,0.001166390787831018,0.9588746635021849,0.5688058619169155,0.0
2021-05-06,0.001440075702507506,0.0,5.3364171369645644e-06,0.0014347392853705414,0.9588720050265951,0.5693135540281817,0.0
2021-05-07,0.0022637664251925474,4.2306495069726735e-07,5.338034478018318e-06,0.0022580053257638317,0.9595231257657008,0.5698466088703634,0.0021148040850460653
2021-05-10,-0.002030611960180932,0.0,1.5919868521545625e-05,-0.0020465318287024776,0.9582049247622861,0.570821457404676,0.0
2021-05-11,-0.001846782817623661,0.0,5.317505284328239e-06,-0.0018521003229079892,0.958135166917354,0.5699572811613925,0.0
2021-05-12,-0.005058816570072152,0.0,5.325243387114582e-06,-0.005064141813459266,0.9579074156321723,0.5691646483728079,0.0
2021-05-13,0.002642586787968812,0.0,5.37130651356191e-06,0.00263721548145525,0.9590824596519328,0.5669770841619135,0.0
2021-05-14,0.0037375442628585294,0.0,5.352910379022084e-06,0.0037321913524795075,0.958883870034457,0.5681214123658446,0.0
2021-05-17,-0.0003354462387639557,0.0,1.5967126242103517e-05,-0.0003514133650060592,0.9582660107496557,0.5697326055251368,0.0
2021-05-18,-0.0009406160085089402,0.0,5.321353781166004e-06,-0.0009459373622901062,0.9580561494236048,0.5695973233984866,0.0
2021-05-19,-0.0026242578325576128,0.0,5.314682982330513e-06,-0.0026295725155399434,0.9571669880403183,0.5691951303301906,0.0
2021-05-20,0.0037029495169251607,0.0,5.340136382296997e-06,0.003697609380542864,0.957894595568817,0.5680646396611362,0.0
2021-05-21,-0.00014054596183222785,1.9843927002894965e-08,5.306643406243612e-06,-0.00014587244916547436,0.9570243247421598,0.569639356086376,9.921064715325001e-05
2021-05-24,0.001934616723758511,0.0,1.594867064433828e-05,0.0019186680531141727,0.9576662154430078,0.5695818964307764,0.0
2021-05-25,0.0015243037297543774,0.0,5.2993769207020435e-06,0.0015190043528336755,0.9572765777775466,0.5704220625662973,0.0
2021-05-26,-0.00043745475637353427,0.0,5.288159947031393e-06,-0.0004427429163205657,0.9571145711020743,0.5710788949687827,0.0
2021-05-27,-0.0005681020980515842,0.0,5.300045191954781e-06,-0.000573402143243539,0.9577974985879385,0.5708941995752397,0.0
2021-05-28,0.0003372692628273957,0.0,5.301261078913305e-06,0.0003319680017484824,0.9576453700696129,0.5706533113089415,0.0
2021-06-01,0.0008030293561486807,0.0,2.1206492103119308e-05,0.0007818228640455614,0.9578195737554992,0.5708010928735718,0.0
2021-06-02,0.0006461010854373591,0.0,5.292945552552046e-06,0.0006408081398848071,0.9575426035124289,0.5711575781761296,0.0
2021-06-03,-0.0025554308699057065,0.0,5.289555962034814e-06,-0.0025607204258677415,0.9575750826902996,0.571437497461758,0.0
2021-06-04,0.0037995134870220386,0.0,5.319062606312196e-06,0.0037941944244157264,0.9586341246814893,0.5703425544206993,0.0
2021-06-07,-0.0004689883599991321,5.125559808106752e-07,1.591134567174642e-05,-0.0004854122616516892,0.9605362729275367,0.5733601949150404,0.0025624939977699213
2021-06-08,0.0012064303885309634,0.0,5.301525534430267e-06,0.001201128862996533,0.9601807940377887,0.573169430024379,0.0
2021-06-09,0.0011159567063683661,0.0,5.29833603561125e-06,0.001110658370332755,0.9604653192523609,0.5736867886527395,0.0
2021-06-10,0.0021264456681279378,0.0,5.29457014125234e-06,0.0021211510979866855,0.9606686644582945,0.5741650441468736,0.0
2021-06-11,-0.0005905435951258326,0.0,5.281255581844243e-06,-0.0005958248507076768,0.9606033333728788,0.575071675898249,0.0
2021-06-14,-0.001081971710744102,0.0,1.589206590079792e-05,-0.0010978637766448998,0.9615305634239846,0.5748236265045683,0.0
2021-06-15,0.00014112811420782264,0.0,5.300766368489951e-06,0.00013582734783933268,0.961328182167197,0.5743722372674307,0.0
2021-06-16,-0.004345846026050667,0.0,5.302157045577567e-06,-0.004351148183096245,0.9614928056798797,0.5744353413527175,0.0
2021-06-17,0.0010656964575320696,0.0,5.34682730242486e-06,0.0010603496302296447,0.9628992726575442,0.5725808795805294,0.0
2021-06-18,-0.00019975881916379134,0.0,5.3609788299760235e-06,-0.00020511979799376736,0.9643904089829115,0.5730389543946618,0.0
2021-06-21,0.0006195546984823658,1.7375947535639634e-06,1.610423217943944e-05,0.0006017128715493624,0.9563685526112479,0.5644989029115548,0.008660354929835593
2021-06-22,0.0015471391209099109,0.0,5.3518482792958445e-06,0.001541787272630615,0.9554635474315731,0.5647786230429764,0.0
2021-06-23,-0.0008543084565564286,0.0,5.339382906186738e-06,-0.0008596478394626154,0.9552289046083617,0.5654539524567298,0.0
2021-06-24,0.0009438716916116523,0.0,5.34820714478758e-06,0.0009385234844668647,0.9555045400287571,0.5650854184592636,0.0
2021-06-25,-0.00016952666991686992,0.0,5.341379667701402e-06,-0.00017486804958457132,0.9554192722173936,0.5654985564751913,0.0
2021-06-28,0.0013006129301373298,0.0,1.6030112083322272e-05,0.0012845828180540076,0.9554939657743917,0.5654279050802165,0.0
2021-06-29,0.0001253757311958322,0.0,5.337270783921406e-06,0.0001200384604119108,0.9556222095088663,0.5660014422826036,0.0
2021-06-30,0.00041551228429916406,0.0,5.342962248315439e-06,0.0004101693220508486,0.9560951133056678,0.5660588691786408,0.0
2021-07-01,0.00024242196291163244,0.0,5.348155774882022e-06,0.00023707380713675042,0.9566574978802609,0.5662421263138733,0.0
2021-07-02,0.0024541472384617597,0.0,5.3545705199105475e-06,0.0024487926679418494,0.9572339294128562,0.5663502814593864,0.0
2021-07-06,0.000794746523514105,4.1642168022787836e-07,2.139533832117712e-05,0.0007729347635127001,0.9570547619719945,0.566589837610512,0.002081454060416002
2021-07-07,0.0009825925903202029,0.0,5.353865930070143e-06,0.0009772387243901328,0.9577785844695091,0.5669463715743889,0.0
2021-07-08,-0.0003436939812683085,0.0,5.352840017848422e-06,-0.0003490468212861569,0.9581318251312713,0.5673745038283365,0.0
2021-07-09,0.0003004137026281999,0.0,5.3445015087848796e-06,0.00029506920111941503,0.9573774093976867,0.5672287992563906,0.0
2021-07-12,0.0003377842404878738,0.0,1.600987017089628e-05,0.00032177437031697754,0.9569353094571768,0.5673618019653673,0.0
2021-07-13,-0.0022642785103576036,0.0,5.338056649609681e-06,-0.0022696165670072132,0.9571951092104765,0.56751697378897,0.0
2021-07-14,0.002400216531736894,0.0,5.365984389945639e-06,0.002394850547346948,0.9582553809565971,0.5665385204905654,0.0
2021-07-15,0.0006627820937775934,0.0,5.3402686286196855e-06,0.0006574418251489737,0.9574190789094933,0.5675794690202561,0.0
2021-07-16,-0.0011730896496045956,0.0,5.344401763255331e-06,-0.0011784340513678509,0.9580102390588128,0.5678689103411738,0.0
2021-07-19,-0.00030898042091334995,0.0,1.6061573749504495e-05,-0.00032504199466285445,0.9581960501508882,0.5673644222462787,0.0
2021-07-20,0.0015530722690996928,5.433362622556498e-07,5.363333134532015e-06,0.001547165599702905,0.9585284784792939,0.5670051596584568,0.0027153465451215386
2021-07-21,-0.0005297318451123874,0.0,5.3581953061090135e-06,-0.0005350900404184964,0.958828194403258,0.5676799370573,0.0
2021-07-22,0.0012977402349500643,0.0,5.35476618505453e-06,0.0012923854687650097,0.9583517756215502,0.5674538441125694,0.0
2021-07-23,0.0012330940094739207,0.0,5.351297276677179e-06,0.0012277427121972434,0.9586621879990068,0.5680174868015726,0.0
2021-07-26,0.00031621534918303736,0.0,1.6036454502684986e-05,0.0003001788946803524,0.9587729374666201,0.5685525445679523,0.0
2021-07-27,0.000156883355132423,0.0,5.33580489349559e-06,0.00015154755023892742,0.958211805990628,0.5686980487654502,0.0
2021-07-28,0.0010892621908802382,0.0,5.330512794651497e-06,0.0010839316780855866,0.9578961706214556,0.5687687366118964,0.0
2021-07-29,0.00021022181863426996,0.0,5.31742342150576e-06,0.0002049043952127642,0.9574128902414997,0.5692409804715791,0.0
2021-07-30,-0.00014289255562063946,0.0,5.307224210094859e-06,-0.0001481997798307343,0.9567619104769022,0.5693345431399774,0.0
2021-08-02,0.0006637548573591919,0.0,1.594509406071799e-05,0.000647809763298474,0.9572733059755679,0.5692760171647635,0.0
2021-08-03,0.0010938167910977338,4.106999520689555e-07,5.324215187839116e-06,0.0010880818759578259,0.9577726625629291,0.5691049538506736,0.0020526046579077
2021-08-04,-0.0009147901200859155,0.0,5.319471852186979e-06,-0.0009201095919381024,0.9579004672406232,0.5695790220309737,0.0
2021-08-05,-0.00043596255331982976,0.0,5.32854890031044e-06,-0.0004412911022201402,0.9581720169233848,0.5691879472007227,0.0
2021-08-06,-0.0027798442673455403,0.0,5.330901379655837e-06,-0.002785175168725196,0.958158881358903,0.5690030806440269,0.0
2021-08-09,-0.0016806965660037113,0.0,1.6082278776429993e-05,-0.0016967788447801414,0.9591401220758656,0.5678046718494025,0.0
2021-08-10,-0.000506081287039851,0.0,5.37511943384796e-06,-0.000511456406473699,0.9594699138133848,0.5670861951424835,0.0
2021-08-11,0.0009945325911600018,0.0,5.3796702571398285e-06,0.000989152920902862,0.9595859719418688,0.5668700431706613,0.0
2021-08-12,0.00029588329523810327,0.0,5.369108576311758e-06,0.0002905141866617915,0.9592483519917915,0.5673034259210332,0.0
2021-08-13,0.0027510940460530988,0.0,5.370695593807188e-06,0.0027457233504592916,0.9594952398031424,0.5674344614552176,0.0
2021-08-16,0.000564003404349837,0.0,1.6031210988211023e-05,0.000547972193361626,0.9587170712770805,0.5686242705639455,0.0
2021-08-17,-0.0017465627940627317,6.457195160054916e-06,4.4882687248703945e-06,-0.001757508257947657,0.9276436169259878,0.6000000000104491,0.0316081230061026
2021-08-18,-0.0013234936398535152,0.0,4.5067311412952644e-06,-0.0013280003709948106,0.9282980970469437,0.5993067237323895,0.0
2021-08-19,0.0002871108872617853,0.0,4.512724040495339e-06,0.00028259816322128995,0.9282072629967174,0.5987784080405576,0.0
2021-08-20,0.00048595872463581043,0.0,4.520506143709684e-06,0.00048143821849210076,0.9288932204322156,0.5988962719414086,0.0
2021-08-23,0.002252793764174272,0.0,1.3548653491274057e-05,0.002239245110682998,0.9287777056333332,0.5990938040123311,0.0
2021-08-24,-0.00016869996572244482,0.0,4.494986143004598e-06,-0.0001731949518654494,0.9281370323334064,0.6000030438940708,0.0
2021-08-25,-0.0004421356495295752,0.0,4.494358961359646e-06,-0.00044663000849093484,0.9280264543839687,0.5999382502047145,0.0
2021-08-26,-0.0008997457666275575,0.0,4.494960409096672e-06,-0.0009042407270366542,0.9278960970139156,0.5997639871498586,0.0
2021-08-27,0.0036545461478090764,0.0,4.504256371396318e-06,0.0036500418914376803,0.9282169640374808,0.5994062489255495,0.0
2021-08-30,0.0010648194356746646,0.0,1.344048073952662e-05,0.0010513789549351379,0.9279193011457987,0.600867603150651,0.0
2021-08-31,-0.0007574891877241101,3.9342022766469747e-07,4.483587791094322e-06,-0.0007623661957428692,0.9273019087474531,0.5999999999975673,0.0019668149340369666
2021-09-01,0.0006286999668545977,0.0,4.486708652771498e-06,0.0006242132582018262,0.9272294332422519,0.5996997015899325,0.0
2021-09-02,0.0010726521565407182,0.0,4.480406339183564e-06,0.0010681717502015347,0.9270235651370139,0.5999539023766137,0.0
2021-09-03,-0.0009409750844631467,0.0,4.472023453769731e-06,-0.0009454471079169164,0.9268429521057596,0.6003852399805695,0.0
2021-09-07,-0.002445062137278807,0.0,1.7888616040416317e-05,-0.002462950753319223,0.9264787868127665,0.6000115440751687,0.0
2021-09-08,0.0013096481055515908,0.0,4.491624379965343e-06,0.0013051564811716254,0.9269304723560546,0.5990418926185846,0.0
2021-09-09,0.001468176591146272,0.0,4.488575320849101e-06,0.0014636880158254229,0.9272350077676634,0.5995690093456789,0.0
2021-09-10,-0.002164478858293684,0.0,4.477812686374696e-06,-0.0021689566709800585,0.927039066885705,0.6001587407803523,0.0
2021-09-13,0.0010103146822697537,0.0,1.3471962211535118e-05,0.0009968427200582185,0.927111852016047,0.5992941048686927,0.0
2021-09-14,0.0004027165561976372,0.0,4.486182052591954e-06,0.00039823037414504525,0.9271978962254279,0.5997066063862155,0.0
2021-09-15,0.0007330219718959663,7.000484540622904e-08,4.483045728573856e-06,0.0007284689213219863,0.9268720174540934,0.5996096792682019,0.0003499800456008145
2021-09-16,-0.0014524396475439742,0.0,4.476280103838211e-06,-0.0014569159276478123,0.9266741361704249,0.5999056885902356,0.0
2021-09-17,-0.002254653402195708,0.0,4.490827138948852e-06,-0.0022591442293346566,0.9271567982889574,0.5993264171456911,0.0
2021-09-20,-0.0012259313140983378,0.0,1.3521068286820077e-05,-0.0012394523823851579,0.9274363508135309,0.5984236891675758,0.0
2021-09-21,0.00021845401243311395,0.0,4.513620854256851e-06,0.0002139403915788571,0.9274331969768911,0.597938874616141,0.0
2021-09-22,0.0010323452773982162,0.0,4.510946898661657e-06,0.0010278343304995546,0.9273285095898613,0.5980293859875603,0.0
2021-09-23,-0.0015551887947866123,0.0,4.511236466571203e-06,-0.0015597000312531834,0.9277668893361699,0.598446627276472,0.0
2021-09-24,-0.0013341669897974692,0.0,4.511543123232141e-06,-0.0013386785329207013,0.9271665123775916,0.5978238643816454,0.0
2021-09-27,-0.0010541097539471136,0.0,1.3566675097454527e-05,-0.0010676764290445681,0.9274117030945959,0.5972892757232025,0.0
2021-09-28,-0.004776919566369216,0.0,4.529175965313162e-06,-0.0047814487423345296,0.9275022780645462,0.5968724325966853,0.0
2021-09-29,-2.102140713794488e-05,4.723326755240205e-07,4.524932128849101e-06,-2.6018671942318004e-05,0.925420466183952,0.5951004207779675,0.002361276278927557
2021-09-30,-0.0011132373533289024,0.0,4.5381163968878315e-06,-0.0011177754697257903,0.9263773799221753,0.5950948829493636,0.0
2021-10-01,0.002907126145983993,0.0,4.540354470859211e-06,0.0029025857915131337,0.9260922030458749,0.5946463266731526,0.0
2021-10-04,-0.0020438002367718765,0.0,1.3571021499634881e-05,-0.0020573712582715115,0.9260522123017007,0.595824022477252,0.0
2021-10-05,0.00017448881394326352,0.0,4.526725098687502e-06,0.00016996208884457602,0.9254552993281345,0.5950043671239469,0.0
2021-10-06,-0.0001486398732265369,0.0,4.529801588021075e-06,-0.00015316967481455798,0.9257532312119136,0.5950777152863752,0.0
2021-10-07,-0.00013082649109808368,0.0,4.535461734948654e-06,-0.00013536195283303233,0.9261089211171583,0.5950202144659065,0.0
2021-10-08,-0.0013284328154035752,0.0,4.535366640590524e-06,-0.0013329681820441657,0.9260516890287424,0.594969924265634,0.0
2021-10-11,-0.002002577636268892,0.0,1.3619996537551658e-05,-0.0020161976328064435,0.9258537686095163,0.5944338528624259,0.0
2021-10-12,0.0016802704412729938,0.0,4.554154435507993e-06,0.001675716286837486,0.9260814206827689,0.5936281468906853,0.0
2021-10-13,0.0025979083971006027,2.9194322440814e-07,4.542903481352077e-06,0.0025930735503948425,0.9256150071594399,0.5939830530207383,0.0014591957854340476
2021-10-14,0.0032590086767567313,0.0,4.521228837846651e-06,0.0032544874479188846,0.9250876893224398,0.5950379841596342,0.0
2021-10-15,-0.0006144075905513182,0.0,4.506264888784374e-06,-0.0006189138554401026,0.9253134960830388,0.5963561592017798,0.0
2021-10-18,-0.0005879099036712967,0.0,1.3521696418792124e-05,-0.0006014316000900889,0.9251386389689731,0.5961106927783648,0.0
2021-10-19,-0.00029023442885171965,0.0,4.5103542948386105e-06,-0.0002947447831465583,0.9251370281602233,0.5958811646370047,0.0
2021-10-20,0.00043794061127827805,0.0,4.507437874681889e-06,0.00043343317340359616,0.9248094941364109,0.5957665292846329,0.0
2021-10-21,-0.0012474190399526597,0.0,4.502655620601865e-06,-0.0012519216955732616,0.9246400273614821,0.5959461670575458,0.0
2021-10-22,0.0010715032329504473,0.0,4.512549354893813e-06,0.0010669906835955535,0.9248603004342288,0.5954441975269805,0.0
2021-10-25,0.0010891278692991978,0.0,1.3512606469219296e-05,0.0010756152628299785,0.9246866598731387,0.5958799024554691,0.0
2021-10-26,0.001019515957477013,0.0,4.502486787028957e-06,0.001015013470689984,0.9250091466975805,0.5963276112444666,0.0
2021-10-27,0.0018566585764947566,5.046598649885013e-05,5.08757115891703e-06,0.0018011050188369896,0.8485698396330128,0.4771771450320693,0.25000000004246353
2021-10-28,-0.0003307765205232976,0.0,5.0778779772482545e-06,-0.00033585439850054583,0.848857656941711,0.4781725646025883,0.0
2021-10-29,-0.0006116538704751821,0.0,5.080457135074017e-06,-0.0006167343276102562,0.8488756981265743,0.4780023272661709,0.0
2021-11-01,-0.0008242589183831448,0.0,1.5251594582088773e-05,-0.0008395105129652336,0.8488074131354472,0.4776852783046202,0.0
2021-11-02,0.0016941790189251888,0.0,5.087069845121435e-06,0.0016890919490800673,0.848617784282589,0.47726168558872434,0.0
2021-11-03,2.481297890471131e-06,0.0,5.0803504447531045e-06,-2.5990525542819733e-06,0.8490138107517634,0.47814822828478687,0.0
2021-11-04,0.0030465108870251726,0.0,5.079816702581023e-06,0.0030414310703225918,0.8489785716131449,0.47815195232473034,0.0
2021-11-05,0.0031151770431658067,0.0,5.0668903416976385e-06,0.003110110152824109,0.8496223639331822,0.4797393689892546,0.0
2021-11-08,-0.00041799527272301393,0.0,1.5156799117304672e-05,-0.0004331520718403186,0.8501729164616211,0.48135747127387374,0.0
2021-11-09,0.0013649671005805265,0.0,5.052038582763862e-06,0.0013599150619977626,0.8499467027466842,0.48114788620492205,0.0
2021-11-10,-0.004597007178683497,3.21602955219896e-06,5.4794520548173476e-06,-0.004605702660290513,0.8657858659037825,0.46578586590211607,0.0160717020719041
2021-11-11,-0.0007299500282578255,0.0,5.499361087729035e-06,-0.0007354493893455545,0.8647761451143703,0.46332278571015095,0.0
2021-11-12,0.0008731803901245932,0.0,5.5017873110816944e-06,0.0008676786028135115,0.8645637734034248,0.46293329969446123,0.0
2021-11-15,-0.0014497679550945762,0.0,1.6497777081654444e-05,-0.0014662657321762307,0.8648503029943807,0.4634043940074558,0.0
2021-11-16,-0.00030478270032572896,0.0,5.507014183987859e-06,-0.0003102897145097168,0.8646450043523792,0.4626329689212655,0.0
2021-11-17,0.0006649785469268683,0.0,5.508421025305095e-06,0.0006594701259015632,0.8645864212757625,0.46247168642849046,0.0
2021-11-18,0.0009564818505684175,0.0,5.505753447779697e-06,0.0009509760971206378,0.8647514431543604,0.4628314414664423,0.0
2021-11-19,0.00029566916381935313,0.0,5.500503217402182e-06,0.00029016866060195095,0.8648840259888507,0.4633472911184913,0.0
2021-11-22,-0.0038415329932451874,0.0,1.6494802130647723e-05,-0.003858027795375835,0.8648819831643728,0.46350846465194495,0.0
2021-11-23,-0.0020569424617683583,0.0,5.516347319695518e-06,-0.002062458809088054,0.8641405621503119,0.4614472078125391,0.0
2021-11-24,0.0014747504893100987,3.503745045168269e-07,5.479452054816889e-06,0.001468920662750765,0.8620914173250648,0.4620914173234317,0.0017517203093813105
2021-11-26,-0.0013825716760946676,0.0,1.0942153192198672e-05,-0.0013935138292868663,0.8622748161880688,0.46288622467281715,0.0
2021-11-29,0.0020522169635106445,0.0,1.645153779681115e-05,0.0020357654257138333,0.8624684152108462,0.46214766215510816,0.0
2021-11-30,-0.001027655778888118,0.0,5.47428234594143e-06,-0.0010331300612340594,0.8628794082018892,0.46325679694816485,0.0
2021-12-01,-0.0004654784972203381,0.0,5.477407348282744e-06,-0.00047095590456862086,0.8625579142889174,0.4627071778642771,0.0
2021-12-02,0.0029220506402618763,0.0,5.4806081042585046e-06,0.002916570032157618,0.8625438890088509,0.46245949739798003,0.0
2021-12-03,0.0009595693315453334,0.0,5.461162555361609e-06,0.0009541081689899717,0.8626930439034683,0.46402817736207097,0.0
2021-12-06,0.00011679582926838837,0.0,1.6371754499306426e-05,0.00010042407476908194,0.8629238804544211,0.4645445209712982,0.0
2021-12-07,0.0028126138539620073,0.0,5.454473951371658e-06,0.0028071593800106354,0.8627912567535133,0.4646146583033823,0.0
2021-12-08,-0.0011105720019044282,0.0,5.435711282516685e-06,-0.0011160077131869449,0.862925726012737,0.46611880238901876,0.0
2021-12-09,-0.0013000072544914678,1.225406228056889e-07,5.459822473841358e-06,-0.0013055896175881148,0.8634821268270984,0.4649150862366792,0.000612676784542715
2021-12-10,0.0013249425614690674,0.0,5.465704145600617e-06,0.0013194768573234668,0.8632175639395046,0.4642211613106596,0.0
2021-12-13,0.0006197905454042265,0.0,1.6380219679205605e-05,0.0006034103257250209,0.863517981546024,0.46493263601868756,0.0
2021-12-14,-0.0018808046169910286,0.0,5.458369072559724e-06,-0.0018862629860635883,0.8637326191268849,0.4652716768300252,0.0
2021-12-15,0.0014773162343052434,0.0,5.46709292369677e-06,0.0014718491413815466,0.8633643845482534,0.4642666011183893,0.0
2021-12-16,-0.00033645928348066754,0.0,5.460012982658622e-06,-0.00034191929646332615,0.8636403677786898,0.46505942004461037,0.0
2021-12-17,-0.0007285901860269461,0.0,5.463742439410789e-06,-0.0007340539284663569,0.8637351109347003,0.46488191285771263,0.0
2021-12-20,-0.0021698712850027556,0.0,1.640035110517053e-05,-0.0021862716361079264,0.8635694967532777,0.4644942865274613,0.0
2021-12-21,0.0024147391940764784,0.0,5.4790971565590435e-06,0.0024092600969199194,0.8633114890795142,0.4633373966507041,0.0
2021-12-22,0.001972264561514117,0.0,5.464038685891498e-06,0.0019668005228282255,0.8635075388554041,0.46463271478532464,0.0
2021-12-23,0.00039125555616358244,2.478231630400906e-07,5.479452054779988e-06,0.00038552828094576237,0.8644501062806285,0.46445010628168926,0.0012389555748302944
2021-12-27,0.0023762098396802457,0.0,2.190808573552623e-05,0.0023543017539447196,0.8644847860837659,0.4646622214104122,0.0
2021-12-28,-0.0003684452618521945,0.0,5.463498423027221e-06,-0.00037390876027522174,0.8647768493241056,0.4659414644431185,0.0
2021-12-29,-0.001131939827661884,0.0,5.465242960118509e-06,-0.0011374050706220024,0.8647099022154054,0.4657471661267544,0.0
2021-12-30,0.001299569115797771,0.0,5.471144732213655e-06,0.0012940979710655575,0.8645378492176156,0.4651442837660188,0.0
2021-12-31,-0.0008016888588523043,0.0,5.465969984400389e-06,-0.0008071548288367047,0.8648568178384883,0.4658410089772599,0.0
2022-01-03,-0.0028089769194979573,0.0,1.6410200710690324e-05,-0.0028253871202086477,0.8647298660287285,0.4654149820685972,0.0
2022-01-04,-0.0007411394352346431,0.0,5.4820600193020514e-06,-0.0007466214952539451,0.8641071309671995,0.46391674955815,0.0
2022-01-05,-0.005187931827416153,0.0,5.488059883479805e-06,-0.0051934198872996325,0.8641500568707596,0.46352168537673394,0.0
2022-01-06,-0.0008670234855807257,0.0,5.513163248325183e-06,-0.0008725366488290509,0.8631874168432848,0.4607264997155464,0.0
2022-01-07,-0.0017131144047953387,2.647578508353317e-07,5.479452054820545e-06,-0.0017188586147009945,0.8615847578040476,0.4615847578021476,0.0013236869198078594
2022-01-10,-0.000449078455631936,0.0,1.646473008684134e-05,-0.00046554318571877734,0.8613052241983786,0.46066345875190606,0.0
2022-01-11,0.0025733933634112904,0.0,5.488890128127833e-06,0.0025679044732831624,0.8611177091072519,0.46042872975392013,0.0
2022-01-12,-0.00047406955493399023,0.0,5.4754951574679345e-06,-0.00047954505009145817,0.8615273696671725,0.4618162231720134,0.0
2022-01-13,-0.0014250528346368863,0.0,5.477457972240149e-06,-0.0014305302926091266,0.8614179260795117,0.4615634941059808,0.0
2022-01-14,-0.002784351352577567,0.0,5.486891745660258e-06,-0.0027898382443232272,0.8613407236676336,0.4607976262344347,0.0
2022-01-18,-0.005111818274391459,0.0,2.199477408886127e-05,-0.0051338130484803205,0.8606992597350522,0.4592946326133341,0.0
2022-01-19,-0.0002242629505171914,0.0,5.522249170662033e-06,-0.00022978519968785345,0.8596507256859339,0.4565265362276055,0.0
2022-01-20,-0.0006115422761098393,0.0,5.525420679668618e-06,-0.0006170676967895079,0.8597628585007431,0.45640714888493383,0.0
2022-01-21,0.0003007498867165895,0.0,5.528182902721529e-06,0.00029522170381386794,0.8596343889142855,0.45607703701561375,0.0
2022-01-24,-0.0007529631404462828,3.764739059619037e-07,1.6438356164462785e-05,-0.0007697779705167075,0.8579428741721127,0.45794287417018487,0.0018821862555991747
2022-01-25,-0.0019503822181702434,0.0,5.485583716057159e-06,-0.0019558678018863004,0.8579897281440626,0.45754211687189017,0.0
2022-01-26,-0.0030025901845069725,0.0,5.494441682049341e-06,-0.003008084626189022,0.8575788008925738,0.4564845581029718,0.0
2022-01-27,0.0006575210367509908,0.0,5.506465141691306e-06,0.0006520145716092995,0.8568221511431343,0.454850195799669,0.0
2022-01-28,0.0031177376179577715,0.0,5.500914816713027e-06,0.0031122367031410584,0.8567776943082426,0.45521091268819164,0.0
2022-01-31,0.0017137797128071123,0.0,1.6452641158940726e-05,0.0016973270716481715,0.8572542501984918,0.45690664866426733,0.0
2022-02-01,0.0008597331615227916,0.0,5.4755207281962145e-06,0.0008542576407945953,0.8575563316763043,0.45784331851798055,0.0
2022-02-02,0.0019150673618186247,0.0,5.470322906431e-06,0.0019095970389121936,0.85764510771786,0.4583115355483969,0.0
2022-02-03,-0.005383068219665444,0.0,5.460837719937687e-06,-0.005388529057385382,0.8579905841531711,0.4593494305977199,0.0
2022-02-04,-0.0026942348559226945,0.0,5.4881628079497904e-06,-0.0026997230187306444,0.8570617111854366,0.4564258262051019,0.0
2022-02-07,-0.00017002958356400146,1.2747226510754333e-07,1.6438356164463998e-05,-0.000186595411993573,0.8555971924241,0.4555971924221428,0.0006373354745638493
2022-02-08,-0.0005915470156540174,0.0,5.481121748692227e-06,-0.0005970281374027095,0.8556340469721474,0.4555121593176148,0.0
2022-02-09,0.0028042240846546055,0.0,5.481781906723248e-06,0.002798742302747882,0.8553624541485386,0.4551923749577417,0.0
2022-02-10,-0.006963882072656761,0.0,5.465861873893101e-06,-0.006969347934530654,0.8557262788363039,0.4567183620421074,0.0
2022-02-11,-0.0006268097590625423,0.0,5.490243562104551e-06,-0.0006323000026246468,0.8536987541651727,0.4529109741315406,0.0
2022-02-14,-0.001848484068986585,0.0,1.650652451982555e-05,-0.0018649905935064104,0.8542290879056591,0.4525703245899041,0.0
2022-02-15,0.0007130429893387578,0.0,5.5062880479588824e-06,0.0007075367012907989,0.8535230306401366,0.4515640031391381,0.0
2022-02-16,0.0012955176081490246,0.0,5.50397467712936e-06,0.0012900136334718952,0.8537474212031408,0.45195726977269746,0.0
2022-02-17,-0.0016795257971204572,0.0,5.500461803334249e-06,-0.0016850262589237913,0.8542025500512527,0.4526688384078525,0.0
2022-02-18,0.00042171236065258785,0.0,5.511072459620222e-06,0.00041620128819296764,0.85405881365861,0.4517505241063337,0.0
2022-02-22,-0.0019840517390298214,2.1869076339321035e-07,2.1917808219284762e-05,-0.0020061882380124994,0.8530774885549361,0.4530774885529893,0.0010933684590288956
2022-02-23,-0.004396253062247186,0.0,5.487867222162594e-06,-0.004401740929469348,0.8526145415855962,0.45200023436772696,0.0
2022-02-24,0.001978818166361491,0.0,5.51019670450696e-06,0.0019733079696569837,0.8518272883137505,0.4495829288847424,0.0
2022-02-25,0.003638962664012956,0.0,5.5016249567364285e-06,0.00363346103905622,0.8522910533919804,0.45067243155022113,0.0
2022-02-28,0.0027136793295877053,0.0,1.644512215956046e-05,0.0026972342074281447,0.8528312868025194,0.4526666475865483,0.0
2022-03-01,-0.0009029769182293307,0.0,5.471818312227032e-06,-0.0009084487365415577,0.853598100326698,0.45415536353412467,0.0
2022-03-02,-0.00171660222833656,0.0,5.483772535394901e-06,-0.001722086000871955,0.8539799126575267,0.453664517573699,0.0
2022-03-03,-0.0006383799608570611,0.0,5.484141028637437e-06,-0.0006438641018856986,0.853069846213894,0.452727551123361,0.0
2022-03-04,-0.0016034304625489155,0.0,5.487975097776958e-06,-0.0016089184376466925,0.8530026248276651,0.4523804426899472,0.0
2022-03-07,-0.005073678016722631,0.0,1.6499246614124923e-05,-0.005090177263336756,0.852985112054198,0.45150344444382495,0.0
2022-03-08,-0.0007513818504567283,2.118285593735653e-05,5.479452054816585e-06,-0.0007780441584489014,0.7465339295437616,0.34653392954215095,0.10545289180597145
2022-03-09,0.0025401271708914404,0.0,5.480144918559121e-06,0.0025346470259728815,0.7461023703212255,0.3460517912664097,0.0
2022-03-10,-0.0026644876028328658,0.0,5.464671596039973e-06,-0.0026699522744289056,0.7466316213231791,0.3477105948122611,0.0
2022-03-11,-0.001764900030864318,0.0,5.477026253239904e-06,-0.001770377057117558,0.7457927466308188,0.34596983014430577,0.0
2022-03-14,-0.00522341848732337,0.0,1.645638836653006e-05,-0.005239874875689899,0.7452541669426428,0.344815383357078,0.0
2022-03-15,0.002984795452163246,0.0,5.507464603088688e-06,0.002979287987560157,0.7434256733485702,0.341380757323096,0.0
2022-03-16,0.005170073018298987,0.0,5.491482801130727e-06,0.005164581535497857,0.7442208806662032,0.34334263618366007,0.0
2022-03-17,0.0044011631138839834,0.0,5.4612690028438605e-06,0.00439570184488114,0.7453946721897419,0.34672203498214,0.0
2022-03-18,0.0010805853346016637,0.0,5.436399586929529e-06,0.0010751489350147342,0.746443689831035,0.3495865199851794,0.0
2022-03-21,-0.005605708159001,0.0,1.628884985560266e-05,-0.005621997008856602,0.7466525040245727,0.35029049087157477,0.0
2022-03-22,0.00032454646922877806,2.0608652210448966e-07,5.479452054817999e-06,0.00031886093065185557,0.7456033952015656,0.3456033951998517,0.0010301603250973401
2022-03-23,0.0005454538004299767,0.0,5.475740145451243e-06,0.0005399780602845255,0.7455467045416779,0.3458176739237373,0.0
2022-03-24,0.0008595363413404904,0.0,5.4756769241788685e-06,0.0008540606644163116,0.7459006156361396,0.34617620017108214,0.0
2022-03-25,-0.002418336871916541,0.0,5.470349115922965e-06,-0.0024238072210324636,0.7460750853217637,0.34673959985938735,0.0
2022-03-28,0.0027660455708053812,0.0,1.6426485057888e-05,0.0027496190857474933,0.7448689955073584,0.3451578590987504,0.0
2022-03-29,0.0039632807870095,0.0,5.457862963184067e-06,0.003957822924046316,0.7453938660061037,0.3469698696936667,0.0
2022-03-30,0.00011675334280404586,0.0,5.437650898830575e-06,0.00011131569190521529,0.7464982103005869,0.34954969468595487,0.0
2022-03-31,-0.0022061022939625623,0.0,5.439596635084801e-06,-0.0022115418905976473,0.7467180833596497,0.34962752899845934,0.0
2022-04-01,-3.498431813086043e-06,0.0,5.45165319449722e-06,-8.950085007583262e-06,0.7461621499173919,0.34819146671909473,0.0
2022-04-04,0.0019988753449839726,0.0,1.6338048681925687e-05,0.001982537296302047,0.7457502692206129,0.3481910846270879,0.0
2022-04-05,-0.006940857645972256,0.0,5.436574251276683e-06,-0.0069462942202235325,0.7463669893410333,0.3494970689978354,0.0
2022-04-06,-0.003260728282768683,0.0,5.4693770613051294e-06,-0.003266197659829988,0.7442168773552541,0.34495235187997964,0.0
2022-04-07,-0.000783047543604777,0.0,5.489577581306085e-06,-0.000788537121186083,0.7435504765411846,0.3428113131058404,0.0
2022-04-08,-0.002409428254044822,0.0,5.495887304410936e-06,-0.002414924141349233,0.7434979536059811,0.3422981803839829,0.0
2022-04-11,-0.004695749189222662,0.0,1.6516754342424868e-05,-0.0047122659435650865,0.7426192336633894,0.3407115446643843,0.0
2022-04-12,0.000935449461835929,0.0,5.53261932215766e-06,0.0009299168425137713,0.7414878984907267,0.3376066879732177,0.0
2022-04-13,0.0022259780075506892,0.0,5.534445606019418e-06,0.00222044356194467,0.7422421431197206,0.33822761388030315,0.0
2022-04-14,-0.004166869193619635,0.0,5.523507856357241e-06,-0.004172392701475992,0.7429153822588331,0.3396993087447544,0.0
2022-04-18,-0.0011237717546803755,0.0,2.2165443779424113e-05,-0.0011459371984597995,0.7414576273391212,0.3369382783646312,0.0
2022-04-19,-0.000473286531027121,0.0,5.548022959290124e-06,-0.00047883455398641114,0.7412054464611827,0.3361997704330037,0.0
2022-04-20,0.0029953836253781563,4.7161425671363056e-07,5.4794520548216225e-06,0.002989432559066621,0.7382451097434681,0.3382451097414896,0.002357791385238256
2022-04-21,-0.003625543451470724,0.0,5.46536515356399e-06,-0.003631008816624288,0.7391950746127095,0.3402234184025383,0.0
2022-04-22,-0.004332106777657235,0.0,5.480657796797381e-06,-0.004337587435454033,0.7379125379233554,0.3378245187571467,0.0
2022-04-25,0.0035825290997368773,0.0,1.6510705060995227e-05,0.003566018394675882,0.7367057561759609,0.33494526635841043,0.0
2022-04-26,-0.0031311191603566827,0.0,5.488611522750354e-06,-0.0031366077718794332,0.7379935298608368,0.33732488870006083,0.0
2022-04-27,-0.001896919309458056,0.0,5.510554090655539e-06,-0.0019024298635487115,0.7375157511790581,0.3352453025612037,0.0
2022-04-28,0.0035855582113776697,0.0,5.519729637845124e-06,0.0035800384817398245,0.7369240275008961,0.333983763938202,0.0
2022-04-29,-0.007849114934900854,0.0,5.498653610343753e-06,-0.007854613588511198,0.7377668356237528,0.33636512206865876,0.0
2022-05-02,-0.0024992401933086874,0.0,1.6608720576854747e-05,-0.002515848913885542,0.7352623357002873,0.33111680166348834,0.0
2022-05-03,0.0023215924634845254,0.0,5.550306373593474e-06,0.002316042157110932,0.7346187641071954,0.3294463988348718,0.0
2022-05-04,0.006880516450473518,4.117026684541664e-07,5.479452054821251e-06,0.006874625295750242,0.7330595895808785,0.333059589578927,0.0020582114264336288
2022-05-05,-0.009124870616266881,0.0,5.449864909342288e-06,-0.009130320481176223,0.7354592395978408,0.33761910121585353,0.0
2022-05-06,-0.0036422651486938537,0.0,5.49543884110911e-06,-0.003647760587534963,0.7326881601154752,0.3315211247145102,0.0
2022-05-09,-0.00417535355187568,0.0,1.6545678016998013e-05,-0.0041918992298926785,0.7316907603412693,0.329079261927651,0.0
2022-05-10,0.0014308836625455668,0.0,5.545158122529463e-06,0.0014253385044230374,0.7310681490146468,0.32627160606999606,0.0
2022-05-11,0.000552739659030138,0.0,5.5355976129431934e-06,0.0005472040614171948,0.7313346933102577,0.32723606756540463,0.0
2022-05-12,-0.0003229408214465548,0.0,5.532903474595491e-06,-0.00032847372492115026,0.7315114916001778,0.32760953795470704,0.0
2022-05-13,0.0015240108746842008,0.0,5.539027638838117e-06,0.0015184718470453626,0.7317431551403066,0.327394137505124,0.0
2022-05-16,-0.00047317104123101766,0.0,1.658979369583617e-05,-0.0004897608349268538,0.7321044326188945,0.3284194526868812,0.0
2022-05-17,0.0004981376634984429,0.0,5.5340065734832025e-06,0.0004926036569249597,0.7320894554562353,0.3281069755919615,0.0
2022-05-18,-0.0031238664061053025,2.0419978352799056e-05,8.219178082213056e-06,-0.0031525055625403146,0.8301162795747092,0.23011627957315622,0.10167295869892795
2022-05-19,0.00032866905064784016,0.0,8.245182979949706e-06,0.00032042386766789046,0.8296086285995538,0.22771027106322528,0.0
2022-05-20,0.0007828309378352684,0.0,8.255240176245813e-06,0.0007745756976590226,0.8305984272662373,0.22796589440029305,0.0
2022-05-23,0.0005157804189027427,0.0,2.479574500863524e-05,0.0004909846738941074,0.8319348078136503,0.22857167927019253,0.0
2022-05-24,0.002237210623713674,0.0,8.267987032883617e-06,0.0022289426366807904,0.8325380898559952,0.22897503645549125,0.0
2022-05-25,0.003269890887031211,0.0,8.272813915732932e-06,0.003261618073115478,0.8346134502426495,0.23069803439414532,0.0
2022-05-26,0.003088537216795736,0.0,8.268504825030485e-06,0.0030802687119707056,0.8368081443895033,0.23320729216227779,0.0
2022-05-27,0.003567518208616547,0.0,8.258387044757741e-06,0.0035592598215717893,0.8384324640995698,0.23557020983225482,0.0
2022-05-31,-0.003651773952416684,0.0,3.29580178523892e-05,-0.003684731970269073,0.8397734192710556,0.23828959346495285,0.0
2022-06-01,-0.002404053339456147,0.0,8.260744455217062e-06,-0.002412314083911364,0.8385399397366345,0.23550559450578892,0.0
2022-06-02,0.0033832976062455325,5.873843455939708e-07,8.207388759246564e-06,0.003374502833140692,0.8352981681802899,0.23615878875529078,0.002934728317987953
2022-06-03,-0.0025768808128820075,0.0,8.18129174273763e-06,-0.002585062104624745,0.8359707666887864,0.23873646946893937,0.0
2022-06-06,-0.0031161200919050678,0.0,2.4605776714589658e-05,-0.0031407258686196576,0.8355122248185342,0.23677165809685266,0.0
2022-06-07,0.002594050423591463,0.0,8.217563093010209e-06,0.002585832860498453,0.8342738038642249,0.2343916980744798,0.0
2022-06-08,-0.0032846251373067374,0.0,8.195638546536033e-06,-0.0032928207758532732,0.834656137384982,0.23637452348785173,0.0
2022-06-09,-0.0036990565541716084,0.0,8.212627866396788e-06,-0.0037072691820380053,0.8333817915234709,0.23385995727650521,0.0
2022-06-10,-0.006751754494896223,0.0,8.23076462735026e-06,-0.006759985259523573,0.8318631619995827,0.2310173442030137,0.0
2022-06-13,-0.011828866180792267,0.0,2.4794125109091168e-05,-0.011853660305901358,0.8291156508814019,0.2257919398935169,0.0
2022-06-14,-0.0017540655842980873,0.0,8.314544370040655e-06,-0.001762380128668128,0.8234914827541239,0.21652974374115613,0.0
2022-06-15,0.00861698105212251,0.0,8.319846017161782e-06,0.008608661206105348,0.8225036220644739,0.21515486281166374,0.0
2022-06-16,-0.005691807366738696,4.635199787778476e-07,8.201830102321626e-06,-0.005700472716819795,0.8229127790560364,0.22417918158655767,0.0023172717391869296
2022-06-17,0.0009429512585001096,0.0,8.250276280061822e-06,0.0009347009822200478,0.8220101645167356,0.21973999607222275,0.0
2022-06-21,0.00018102678571462795,0.0,3.299343060859418e-05,0.00014803335510603377,0.8226069759930639,0.22047686738622016,0.0
2022-06-22,0.001571596839122325,0.0,8.241799316608199e-06,0.0015633550398057169,0.822276584390682,0.2206252342782835,0.0
2022-06-23,0.0030823234012681733,0.0,8.245808985785926e-06,0.0030740775922823873,0.8237940567629459,0.22185000080057335,0.0
2022-06-24,0.0031474043804349473,0.0,8.22985297100463e-06,0.0031391745274639425,0.8250222507532385,0.22424298386990044,0.0
2022-06-27,-0.0036665299096146258,0.0,2.4616246718231565e-05,-0.0036911461563328574,0.8256741407334454,0.22667880392314388,0.0
2022-06-28,-0.0034389453079465416,0.0,8.227124318220309e-06,-0.003447172432264762,0.8244185698426403,0.22383849461255778,0.0
2022-06-29,0.0006211657566346182,0.0,8.251619418547649e-06,0.0006129141372160705,0.82353015017579,0.22116193262181158,0.0
2022-06-30,-0.00014240497807238675,0.0,8.2600683457554e-06,-0.00015066504641814217,0.8246322368870326,0.22164724764688837,0.0
2022-07-01,0.005759066029213016,4.285179450863053e-07,8.219178082219071e-06,0.00575041833318571,0.8236801409117737,0.22368014090978142,0.0021419201746550043
2022-07-05,-0.0008000760884873233,0.0,3.276339570000415e-05,-0.0008328394841873274,0.8260593506011294,0.2281273790760539,0.0
2022-07-06,-0.002690414355239492,0.0,8.204023244732494e-06,-0.0026986183784842243,0.8264104848173605,0.22751678795188837,0.0
2022-07-07,0.002553331014707033,0.0,8.22351372649093e-06,0.0025451075009805422,0.8257512379519844,0.2254347359181464,0.0
2022-07-08,-0.0008115694861824556,0.0,8.19577962198825e-06,-0.0008197652658044439,0.8257011982587769,0.22740928585363465,0.0
2022-07-11,-0.0013224908312834676,0.0,2.4581298503102933e-05,-0.0013470721297865705,0.824928555948831,0.22678362570665975,0.0
2022-07-12,-0.0005465764067574626,0.0,8.211254162712705e-06,-0.0005547876609201753,0.8251868108389298,0.22576525696090233,0.0
2022-07-13,0.0006714786853951715,0.0,8.223532874688032e-06,0.0006632551525204834,0.8256615983097414,0.22534369845751517,0.0
2022-07-14,-0.0030799771776125018,0.0,8.218196909702799e-06,-0.0030881953745222047,0.8257937451802742,0.22586537077196994,0.0
2022-07-15,0.0048783452029781465,0.0,8.244509072706322e-06,0.0048701006939054405,0.825324691999031,0.22347552969146955,0.0
2022-07-18,-0.002310657689416689,4.019947658029479e-05,1.6438356164462277e-05,-0.0023672955221614458,0.8269246799056528,0.4269246799037374,0.20090405341835665
2022-07-19,0.004519356182741602,0.0,5.48567911000748e-06,0.0045138705036315944,0.826076169339209,0.4256215943086628,0.0
2022-07-20,0.0011580347682952075,0.0,5.456522404719064e-06,0.0011525782458904883,0.8265342102381195,0.4282080746936279,0.0
2022-07-21,0.004856389796019893,0.0,5.454485340303778e-06,0.0048509353106795895,0.8270492309958134,0.4288718011536375,0.0
2022-07-22,0.0017504972368228217,0.0,5.438251853463626e-06,0.001745058984969358,0.8286267458914204,0.4316343605885756,0.0
2022-07-25,-0.0006980102817414207,0.0,1.6344905599336187e-05,-0.0007143551873407568,0.8303559293937166,0.4326298931432027,0.0
2022-07-26,-0.002553199185823952,0.0,5.4405465493258655e-06,-0.002558639732373278,0.8294005543171973,0.432240656216409,0.0
2022-07-27,0.0056058935692307596,0.0,5.4587572018381054e-06,0.005600434812028921,0.8292789683886894,0.43078969265450767,0.0
2022-07-28,0.0048851979444207464,0.0,5.433373157094799e-06,0.004879764571263652,0.8306014329206378,0.4339651924527175,0.0
2022-07-29,0.0024990054636685566,0.0,5.428651528976229e-06,0.0024935768121395804,0.8330108646299649,0.4367193030147001,0.0
2022-08-01,0.0007785878666790044,3.7619838258651293e-07,1.6251220863089306e-05,0.0007619604474333286,0.8354530885859518,0.44000671425077864,0.0018809061773914504
2022-08-02,-0.00515201204854883,0.0,5.415787190096494e-06,-0.005157427835738927,0.8358021617464033,0.44044969686935925,0.0
2022-08-03,0.005340028797878896,0.0,5.430602412269681e-06,0.005334598195466626,0.8339883158479838,0.43755433975229724,0.0
2022-08-04,0.0008137607650927997,0.0,5.408267712591565e-06,0.0008083524973802081,0.8353477850507954,0.440544242031611,0.0
2022-08-05,-0.003123039144172253,0.0,5.407976413262008e-06,-0.003128447120585515,0.835783796286311,0.4410015181181845,0.0
2022-08-08,0.0025870038594276784,0.0,1.618513365842715e-05,0.002570818725769251,0.8330909100412206,0.43925265768616006,0.0
2022-08-09,-0.003312092723885148,0.0,5.38556582766201e-06,-0.00331747828971281,0.8338529899677058,0.4407066845483792,0.0
2022-08-10,0.005172084720538464,0.0,5.400628468356244e-06,0.005166684092070108,0.8330963469169316,0.43885046872692585,0.0
2022-08-11,-0.002318890862288129,0.0,5.380960985883376e-06,-0.0023242718232740125,0.83455037324287,0.4417402212733835,0.0
2022-08-12,0.004473567385285002,0.0,5.384260147881819e-06,0.00446818312513712,0.8334960352129085,0.44044504441753585,0.0
2022-08-15,5.3480584594332946e-05,8.527890615258313e-08,1.610231042445708e-05,3.729299526372328e-05,0.8351887492963632,0.443365862301241,0.00042638522534762385
2022-08-16,-0.0011553207340609319,0.0,5.369005372247648e-06,-0.0011606897394331795,0.8353401992411296,0.4434028070670515,0.0
2022-08-17,-0.0037056098932534524,0.0,5.36773586369711e-06,-0.0037109776291171497,0.834606112991005,0.4427613949411158,0.0
2022-08-18,0.00120257521514787,0.0,5.372679357335007e-06,0.001197202535790535,0.8328967732442365,0.4406911801587808,0.0
2022-08-19,-0.005016853763676012,0.0,5.3671563146840144e-06,-0.0050222209199906965,0.8331677626276494,0.44136535165571633,0.0
2022-08-22,-0.004284942879141727,0.0,1.6153477575378325e-05,-0.004301096356717105,0.8316189522223228,0.43855099788811674,0.0
2022-08-23,0.0009993431116594707,0.0,5.397829311252332e-06,0.0009939452823482184,0.8301834832547381,0.4361419435333177,0.0
2022-08-24,8.070558494815573e-05,0.0,5.390502665567102e-06,7.531508228258863e-05,0.8302139181467506,0.43670722356035213,0.0
2022-08-25,0.004567417187257516,0.0,5.382102256982779e-06,0.004562035085000533,0.8296484996636518,0.4367550349039092,0.0
2022-08-26,-0.0063236415260907505,0.0,5.3623045160467725e-06,-0.0063290038306067975,0.8307664964162097,0.4393182667447953,0.0
2022-08-29,-0.002505777617005647,2.9181256147001614e-07,1.6167702195310873e-05,-0.0025222371317624274,0.8277075898928611,0.4342935031402964,0.0014590013485141773
2022-08-30,-0.0015786618807326484,0.0,5.3915136564450035e-06,-0.0015840533943890934,0.8264600473193728,0.4328795503988876,0.0
2022-08-31,-0.003987064259787426,0.0,5.3951945527628186e-06,-0.003992459454340189,0.825834378454372,0.4319851761026861,0.0
2022-09-01,-0.001055143746292601,0.0,5.41878314230548e-06,-0.0010605625294349064,0.8252848958611148,0.4297137264728149,0.0
2022-09-02,-0.00018032708412773785,0.0,5.410002233925026e-06,-0.00018573708636166288,0.8240438476978262,0.42911368462129934,0.0
2022-09-06,-0.0036002892081986133,0.0,2.171392816905028e-05,-0.0036220031363676636,0.8252922302546174,0.4290130411694497,0.0
2022-09-07,0.005778918941768208,0.0,5.427856403738382e-06,0.005773491085364469,0.8231927169939192,0.42695919952101724,0.0
2022-09-08,0.00025114673503677,0.0,5.4085772221374395e-06,0.0002457381578146326,0.8250801877535978,0.4302540505375649,0.0
2022-09-09,0.002284661698660275,0.0,5.399858225805227e-06,0.0022792618404344697,0.8245890821929105,0.4303994317091289,0.0
2022-09-12,0.00041238019150180487,0.0,1.617486773882943e-05,0.0003962053237629754,0.825288584073353,0.4317001357618369,0.0
2022-09-13,-0.007889486575339475,1.0376492081728106e-07,5.391700447989271e-06,-0.007894982040708282,0.8250166989210961,0.4314225662178795,0.0005188122617521551
2022-09-14,0.001352533923415666,0.0,5.416569850105974e-06,0.00134711735356556,0.8223130739678072,0.4269034749100709,0.0
2022-09-15,-0.0023970222673575354,0.0,5.4020937726083e-06,-0.002402424361130144,0.8220327192540534,0.42767987385364753,0.0
2022-09-16,-0.0013056261420792692,0.0,5.405433740980747e-06,-0.00131103157582025,0.8209036850527649,0.4263070219611705,0.0
2022-09-19,0.000967697540095394,0.0,1.6240051108961698e-05,0.0009514574889864322,0.8207338945064813,0.4255593175217467,0.0
2022-09-20,-0.0035837725619950983,0.0,5.402637071317333e-06,-0.0035891751990664157,0.82051408470093,0.42612157849476473,0.0
2022-09-21,-0.0012143943657027185,0.0,5.405050761630649e-06,-0.001219799416464349,0.8186285365600124,0.42405983096097494,0.0
2022-09-22,-0.004602568786078889,0.0,5.415237510212645e-06,-0.004607984023589102,0.8186741913822049,0.42336185313668157,0.0
2022-09-23,-0.003682168499217474,0.0,5.422045752486885e-06,-0.0036875905449699612,0.816507193269083,0.4206978533375403,0.0
2022-09-26,-0.007158517080692377,0.0,1.629437012367557e-05,-0.007174811450816053,0.8150554993140197,0.4185591596379141,0.0
2022-09-27,-0.003983081220845551,7.535445360645344e-07,5.425148460017016e-06,-0.003989259913841633,0.8079724780377184,0.4119366404564761,0.0037673378285992265
2022-09-28,0.009704021806330348,0.0,5.447928292088291e-06,0.00969857387803826,0.8072862755940123,0.4095875102715671,0.0
2022-09-29,-0.00558984823932324,0.0,5.410488438875937e-06,-0.005595258727762116,0.8102297189230551,0.4152640628851119,0.0
2022-09-30,-0.0027920270858905953,0.0,5.433810251915546e-06,-0.0027974608961425108,0.808647494065171,0.4119793456753364,0.0
2022-10-03,0.0074855770517576505,0.0,1.6340037116745403e-05,0.007469237014640905,0.8079427851493864,0.4103352153085817,0.0
2022-10-04,0.006212304437523226,0.0,5.424623750321816e-06,0.006206879813772904,0.8107206608025984,0.4147231270291059,0.0
2022-10-05,-0.003558871194870493,0.0,5.410852915970985e-06,-0.003564282047786464,0.8133311153536875,0.4183388524878057,0.0
2022-10-06,-0.0022496771035055143,0.0,5.422050988959026e-06,-0.002255099154494473,0.8120733845859532,0.41626366239194457,0.0
2022-10-07,-0.005685069333686629,0.0,5.4314587045677125e-06,-0.005690500792391196,0.811446223525411,0.4149497380919681,0.0
2022-10-10,-0.003497501076312808,0.0,1.638770804728786e-05,-0.003513888784360096,0.8103744807367571,0.4116069182527525,0.0
2022-10-11,3.299452449295253e-05,2.0541370163317607e-07,5.461225457119711e-06,2.7327885334199647e-05,0.8081977744448622,0.4095283160751232,0.0010269187809834879
2022-10-12,-0.0001498576249910726,0.0,5.46848802564621e-06,-0.00015532611301671882,0.8087497443331136,0.40955011846094025,0.0
2022-10-13,0.0023716237997031212,0.0,5.472834917411163e-06,0.00236615096478571,0.8089808102369552,0.4094638612659405,0.0
2022-10-14,-0.0038204914251086896,0.0,5.4426136678523726e-06,-0.003825934038776542,0.8081741181768514,0.4108633204236281,0.0
2022-10-17,0.004181537834309975,0.0,1.6388069133896537e-05,0.004165149765176079,0.8073824780210973,0.40860612909628163,0.0
2022-10-18,0.002690976209276094,0.0,5.444118730111131e-06,0.002685532090545983,0.8084961433063389,0.4110754760082263,0.0
2022-10-19,-0.004516941516770319,0.0,5.434814572117987e-06,-0.004522376331342437,0.8093997090220483,0.4126582452574352,0.0
2022-10-20,-0.002717040543154381,0.0,5.4428499491031725e-06,-0.002722483393103484,0.8073235037781235,0.4099954574935918,0.0
2022-10-21,0.004392656224022988,0.0,5.440400825975585e-06,0.004387215823197012,0.8055395129273488,0.408390252631131,0.0
2022-10-24,0.0016499054126456775,0.0,1.6246728214883587e-05,0.001633658684430794,0.8063169047762639,0.41097985154743,0.0
2022-10-25,0.005855480463999732,1.6381151202064348e-07,5.404457820300939e-06,0.0058499121946674094,0.8063075959623838,0.41178217508041515,0.0008189153669977585
2022-10-26,0.0006218970989563293,0.0,5.3778072025210016e-06,0.0006165192917538083,0.8077886467682301,0.41520872098419714,0.0
2022-10-27,0.0019749637603170647,0.0,5.379976427313734e-06,0.001969583783889751,0.8083126876370916,0.415574408443189,0.0
2022-10-28,0.002551133472671665,0.0,5.374327093245726e-06,0.0025457591455784194,0.8090544681366476,0.4167285903297095,0.0
2022-10-31,-0.00378785285883394,0.0,1.6078553170825387e-05,-0.0038039314120047654,0.8094598428399464,0.41821504901652873,0.0
2022-11-01,0.0020105023457047183,0.0,5.367871852941842e-06,0.0020051344738517764,0.8078643136677851,0.4160096684030307,0.0
2022-11-02,-0.004350541393926816,0.0,5.36484313418883e-06,-0.004355906237061005,0.8088172102031045,0.41718366140732,0.0
2022-11-03,-0.0030530871667206853,0.0,5.390891248001559e-06,-0.003058478057968687,0.8081743108114375,0.4146392497073237,0.0
2022-11-04,0.003094830534753825,0.0,5.3968387177732965e-06,0.0030894336960360516,0.8068180780922196,0.41284885169476887,0.0
2022-11-07,0.0004564607139475889,0.0,1.6168599075746172e-05,0.00044029211487184273,0.808098520434123,0.4146626095909661,0.0
2022-11-08,0.0016146171166548028,2.2538320403591626e-07,5.4014468992990505e-06,0.001608990286551468,0.8089052753404725,0.4145996516916419,0.0011266615097309403
2022-11-09,-0.004439982454936252,0.0,5.400967519867232e-06,-0.004445383422456119,0.8098162888282425,0.41554565987793457,0.0
2022-11-10,0.01521296133262279,0.0,5.437385121972036e-06,0.015207523947500818,0.8098704740035902,0.4129413600996317,0.0
2022-11-11,0.0010550127750332942,0.0,5.408689799251506e-06,0.0010496040852340427,0.816575045137958,0.42174068979259804,0.0
2022-11-14,-0.0028407634238183824,0.0,1.6214785726566022e-05,-0.0028569782095449483,0.8169121857765378,0.4223523997634312,0.0
2022-11-15,0.004647624566143353,0.0,5.404082282589502e-06,0.004642220483860764,0.8152116125732884,0.4207136059442547,0.0
2022-11-16,0.0001570624375564835,0.0,5.40214500150247e-06,0.00015166029255498102,0.8177523192701791,0.42339573416049875,0.0
2022-11-17,-0.003016095910483013,0.0,5.416601609510553e-06,-0.003021512512092524,0.8189004876918757,0.4234885701976054,0.0
2022-11-18,-0.00013717607394148488,0.0,5.43276078939381e-06,-0.0001426088347308787,0.8183383251081834,0.4217467874824354,0.0
2022-11-21,-8.860526356768581e-05,0.0,1.6297743488366918e-05,-0.00010490300705605273,0.8182481701230988,0.4216697452395038,0.0
2022-11-22,0.00399066953522638,3.3895960765974434e-07,5.452813993525067e-06,0.003984877761625196,0.8200796934460891,0.4220242719187592,0.0016945536747960796
2022-11-23,0.0030108203470509865,0.0,5.439626002433082e-06,0.0030053807210485535,0.8214167601134696,0.424324061935855,0.0
2022-11-25,0.00026217280618298335,0.0,1.0870348764154647e-05,0.0002513024574188287,0.82282215641496,0.4260544265233154,0.0
2022-11-28,-0.003604067725434894,0.0,1.6291656426237687e-05,-0.0036203593818611318,0.8226397982086082,0.4262094918368244,0.0
2022-11-29,-0.0006667579320662096,0.0,5.45301796167159e-06,-0.0006722109500278813,0.822211278041946,0.42414096683992014,0.0
2022-11-30,0.0074581843800812855,0.0,5.461860574281749e-06,0.0074527225195070036,0.8224748863136787,0.42375906439111116,0.0
2022-12-01,0.0043699014823546725,0.0,5.440995748767499e-06,0.0043644604866059054,0.825219969880954,0.4280272802209267,0.0
2022-12-02,0.0010348453864315174,0.0,5.4331700752531094e-06,0.0010294122163562642,0.8271396175152697,0.4305182020217925,0.0
2022-12-05,-0.0059341402871324654,0.0,1.6268507749645704e-05,-0.0059504087948821114,0.826976280179221,0.43110925827117536,0.0
2022-12-06,-0.0014204488728678823,0.0,5.445789459651275e-06,-0.0014258946623275336,0.8252628587461666,0.42772022819162336,0.0
2022-12-07,0.0030524695659613125,2.0562584012064927e-07,5.468499322183449e-06,0.003046795440799008,0.8264173905145228,0.4272169399951311,0.0010280238640476974
2022-12-08,0.00020921004649969096,0.0,5.469635895104601e-06,0.00020374041060458635,0.8282458690706697,0.42896244872803374,0.0
2022-12-09,-0.0031139266589062364,0.0,5.458923243552298e-06,-0.0031193855821497886,0.8275856337552259,0.42908423697590803,0.0
2022-12-12,0.0018525918051044375,0.0,1.6407017774956353e-05,0.0018361847873294812,0.8265406663878608,0.42730323386392294,0.0
2022-12-13,0.0033815623456864828,0.0,5.453968443865681e-06,0.003376108377242617,0.8265089569516417,0.428369260549447,0.0
2022-12-14,-0.0011175901268618016,0.0,5.458737432541595e-06,-0.001123048864294343,0.8287859224846161,0.4302980899090799,0.0
2022-12-15,-0.002518569542581562,0.0,5.4649535014728764e-06,-0.002524034496083035,0.8286046379702623,0.4296630323627424,0.0
2022-12-16,-0.002999697597182434,0.0,5.476894353962837e-06,-0.003005174491536397,0.8280386061349221,0.42822531829563504,0.0
2022-12-19,-0.0030414206177627966,0.0,1.6479052301924625e-05,-0.0030578996700647214,0.8274976223864087,0.4265073497062427,0.0
2022-12-20,-0.0018948814326422772,0.0,5.496908534580581e-06,-0.0019003783411768577,0.8260391403074875,0.42476481728310495,0.0
2022-12-21,0.004101639565596345,3.413262345006961e-07,5.47334112632403e-06,0.00409582489823552,0.8233832758146279,0.42382937359297373,0.001706277001871953
2022-12-22,-0.0027171342128695423,0.0,5.45756663910277e-06,-0.002722591779508645,0.8245877969083816,0.4261854322538794,0.0
2022-12-23,-0.00047859687498423694,0.0,5.473112609624362e-06,-0.0004840699875938613,0.8241615973814577,0.4246243768788793,0.0
2022-12-27,-0.003590488321461764,0.0,2.1891455672244316e-05,-0.0036123797771340084,0.823870261700383,0.4243511956819242,0.0
2022-12-28,-0.003178890663001383,0.0,5.479640747225102e-06,-0.0031843703037486085,0.8222999399118206,0.42228616536438823,0.0
2022-12-29,0.004476191633957916,0.0,5.497666964059555e-06,0.004470693966993856,0.8217758192512181,0.4204461308748708,0.0
2022-12-30,-0.0014846782357330784,0.0,5.4814465326315736e-06,-0.0014901596822657099,0.8231766768936748,0.42303108001157,0.0
2023-01-03,0.0013230033840914543,0.0,2.193253383484664e-05,0.0013010708502566076,0.8224442531866742,0.4221755107007231,0.0
2023-01-04,0.0036569398443964027,0.0,5.488485905166258e-06,0.0036514513584912363,0.8236076995507169,0.42294822847358,0.0
2023-01-05,-0.0018428765570644506,0.0,5.479994300077759e-06,-0.0018483565513645283,0.8250926914765822,0.42505310757090564,0.0
2023-01-06,0.007278626143733088,1.0799603519270189e-07,5.4750447329874585e-06,0.007273043102964907,0.8238883747245106,0.42421010921642616,0.0005398367330687326
2023-01-09,0.0006027812017196047,0.0,1.636913106552384e-05,0.0005864120706540809,0.826688681505658,0.42837315891124456,0.0
2023-01-10,-0.0012598679289612057,0.0,5.462251073381138e-06,-0.001265330180034587,0.8274688592298979,0.42872453087307466,0.0
2023-01-11,0.003917170178246486,0.0,5.468625180795357e-06,0.003911701553065691,0.827215870344953,0.42800623214689193,0.0
2023-01-12,0.003803593289296576,0.0,5.458582563393119e-06,0.0037981347067331827,0.828716957293963,0.4302404301662654,0.0
2023-01-13,-0.0010170526590554114,0.0,5.454332341917207e-06,-0.0010225069913973287,0.8305679644980595,0.4324017035381033,0.0
2023-01-17,-0.0013172755689419083,0.0,2.1805775665360442e-05,-0.0013390813446072687,0.8297816020765424,0.4318261961837143,0.0
2023-01-18,0.0017880462022404349,0.0,5.460671345341068e-06,0.0017825855308950939,0.8297151882863286,0.4310861800764308,0.0
2023-01-19,-0.0011272857469905816,0.0,5.473475396703005e-06,-0.0011327592223872847,0.8316676679639134,0.4321039640045942,0.0
2023-01-20,0.0002897138638355778,0.0,5.4790169457295574e-06,0.00028423484688984825,0.8314336617348276,0.43146542469656995,0.0
2023-01-23,0.0006428743212854523,2.970134594763276e-07,1.6377382079000345e-05,0.0006261999257469757,0.8316336335480673,0.43311733629239224,0.0014848827163417566
2023-01-24,0.0016033695010922854,0.0,5.4469662196141794e-06,0.0015979225348726712,0.8311172940161984,0.43348875998436337,0.0
2023-01-25,8.135347153408202e-05,0.0,5.444588271883392e-06,7.590888326219863e-05,0.8318529389874058,0.4343979951399181,0.0
2023-01-26,0.0008492577309926548,0.0,5.449883772324445e-06,0.0008438078472203304,0.8322878856523319,0.43444637027264743,0.0
2023-01-27,-0.000632158887608385,0.0,5.446162106000749e-06,-0.0006376050497143857,0.8324984655491918,0.43492863181113706,0.0
2023-01-30,-0.0035807207970528394,0.0,1.6331446839728237e-05,-0.0035970522438925675,0.8319720989860797,0.4345735592193593,0.0
2023-01-31,0.0031229705706390565,0.0,5.458773744216633e-06,0.00311751179689484,0.8310392221617361,0.432548738833922,0.0
2023-02-01,0.005059819555916814,0.0,5.452611015001263e-06,0.005054366944901812,0.8323583228877167,0.4343177187926245,0.0
2023-02-02,0.0020026722191339233,0.0,5.442359617029596e-06,0.0019972298595168935,0.8344601832508345,0.4371679312076741,0.0
2023-02-03,-0.004977854112212775,0.0,5.434362102825044e-06,-0.0049832884743156,0.8350036606181643,0.4382952271119363,0.0
2023-02-06,-0.003492994260253905,4.696269910353951e-08,1.6308528447367273e-05,-0.0035093497514003757,0.8325632010435934,0.4357223421576564,0.00023480915576603586
2023-02-07,0.0013480319310021198,0.0,5.438005126600156e-06,0.0013425939258755197,0.8307259079762948,0.43375153373448305,0.0
2023-02-08,-0.0005767176243709754,0.0,5.42975937500091e-06,-0.0005821473837459763,0.8308886212473622,0.4345161868722958,0.0
2023-02-09,-0.0033834876108572855,0.0,5.433666547429437e-06,-0.0033889212774047147,0.8308498910828277,0.4341922331204786,0.0
2023-02-10,-0.0022944229512273976,0.0,5.449375804471862e-06,-0.0022998723270318696,0.8300781207316215,0.4322736870051755,0.0
2023-02-13,0.00197335526835025,0.0,1.6364941354507123e-05,0.001956990326995743,0.8291840140047497,0.4309704410450765,0.0
2023-02-14,-0.00047404801071727285,0.0,5.450092422802163e-06,-0.000479498103140075,0.8299549312109061,0.43209818434634834,0.0
2023-02-15,-0.000349990515838536,0.0,5.442180598451075e-06,-0.00035543269643698705,0.8291103822631535,0.4318311985762251,0.0
2023-02-16,-0.003155171718490675,0.0,5.4352658338507086e-06,-0.003160606984324526,0.8284090309901699,0.43163462511906825,0.0
2023-02-17,0.001197116062956546,0.0,5.43850235822234e-06,0.0011916775605983238,0.8268486745432999,0.42983800239306913,0.0
2023-02-21,-0.006826310116661429,2.012267512689576e-05,1.0874885033888129e-05,-0.006857307676822213,0.7266718347828156,0.5282051829143573,0.09990652374078522
2023-02-22,0.001166481276938629,0.0,2.732097107794216e-06,0.0011637491798308348,0.7244219029184239,0.5249788140494461,0.0
2023-02-23,0.004011336149019425,0.0,2.7302694864824962e-06,0.004008605879532942,0.7248433784203842,0.525533705907162,0.0
2023-02-24,-0.003594682389553821,0.0,2.721044531367804e-06,-0.003597403434085189,0.726067030720554,0.5274307799307043,0.0
2023-02-27,0.0017557343186299442,0.0,8.175438183056341e-06,0.0017475588804468879,0.7246630133731091,0.5257273509187381,0.0
2023-02-28,-0.0003112162247254245,0.0,2.7227441283147e-06,-0.0003139389688537392,0.7253232069575136,0.5265628855905405,0.0
2023-03-01,-0.002493124164252022,0.0,2.7229273459589482e-06,-0.0024958470915979808,0.7251906284096862,0.526416932154683,0.0
2023-03-02,0.0002718197540367831,0.0,2.7247417196475725e-06,0.00026909501231713555,0.7241408590568553,0.5252347135225824,0.0
2023-03-03,0.0062132470726640795,0.0,2.725021324038039e-06,0.006210522051340041,0.7242917167871594,0.5253651601323825,0.0
2023-03-06,-0.0010935814905362819,0.0,8.129642145470954e-06,-0.0011017111326817527,0.7261186967310409,0.528297404524581,0.0
2023-03-07,-0.002966608634622939,5.452689492973816e-08,2.71152533212467e-06,-0.002969374686849994,0.7254540101013525,0.5275126608562515,0.00027262910741178425
2023-03-08,-0.0012583089050097072,0.0,2.71387449001981e-06,-0.001261022779499727,0.7242211025570718,0.5261082647856257,0.0
2023-03-09,-0.0017230934655037122,0.0,2.715950304744829e-06,-0.001725809415808457,0.7237770115360476,0.5255126392896751,0.0
2023-03-10,0.0031619397569350584,0.0,2.729431396094375e-06,0.003159210325538964,0.7239435614304591,0.5246950695155698,0.0
2023-03-13,1.2198554843368157e-05,0.0,8.20697410731328e-06,3.991580736054876e-06,0.725897686313213,0.5261946497019232,0.0
2023-03-14,0.0006527620093713069,0.0,2.7629328101562815e-06,0.0006499990765611506,0.7278988430094402,0.5262047478680316,0.0
2023-03-15,0.0020912878468687924,0.0,2.7507029321878446e-06,0.0020885371439366045,0.7273165894842877,0.5265152754345751,0.0
2023-03-16,0.0002229622135940896,0.0,2.7610945512988908e-06,0.0002202011190427907,0.7290647520538303,0.5275048498090112,0.0
2023-03-17,-0.0008049777072687852,0.0,2.7494037461618334e-06,-0.0008077271110149471,0.7283181048207757,0.5276116313509619,0.0
2023-03-20,0.00016058812258421811,0.0,8.296219777949596e-06,0.00015229190280626853,0.7291071949022077,0.5272325136387674,0.0
2023-03-21,0.002629256849517534,2.1593128268921472e-07,2.7397260273972532e-06,0.0026263011922074476,0.727832149978215,0.5278321499782156,0.001079310947868632
2023-03-22,0.001820385991394609,0.0,2.722240998247845e-06,0.0018176637503963613,0.7277954975258702,0.5290719046537776,0.0
2023-03-23,0.0007959423619070652,0.0,2.7299143871899417e-06,0.0007932124475198753,0.7292128080713813,0.5299290578065156,0.0
2023-03-24,-8.426681706048293e-05,0.0,2.735712661339461e-06,-8.70025297218224e-05,0.7300113804299293,0.5303043561521488,0.0
2023-03-27,-0.0028476395067361937,0.0,8.211829822191134e-06,-0.002855851336558385,0.7300874161779726,0.5302662238379883,0.0
2023-03-28,-0.0003095860155072662,0.0,2.7334733734148353e-06,-0.00031231948888068103,0.7284726835456404,0.5289291272863573,0.0
2023-03-29,0.0033173382125552976,0.0,2.7313318388006427e-06,0.003314606880716497,0.7281719152677292,0.5287846910352823,0.0
2023-03-30,0.0020057508473917064,0.0,2.7213140152756383e-06,0.0020030295333764306,0.7290000700045319,0.5303441468894102,0.0
2023-03-31,0.0043708137704330996,0.0,2.7162046659538326e-06,0.004368097565767145,0.7295686573701095,0.5312857167554796,0.0
2023-04-03,0.0015563047271928308,0.0,8.12306422260318e-06,0.0015481816629702276,0.7309881359802713,0.533326906563594,0.0
2023-04-04,5.065044975802771e-05,2.3792136875600037e-07,2.706799906534388e-06,4.770572848273732e-05,0.7328423486864007,0.5352459555093904,0.0011895605362927802
2023-04-05,-0.00017041957967401947,0.0,2.7129356398407997e-06,-0.00017313251531386026,0.7333153721711748,0.5352710704627964,0.0
2023-04-06,0.0008820830343968921,0.0,2.717033039077889e-06,0.0008793660013578142,0.7335367220997905,0.5351933102471046,0.0
2023-04-10,-0.001988400359198854,0.0,1.0854629767066364e-05,-0.0019992549889659202,0.7337013942300622,0.5356044009811011,0.0
2023-04-11,0.00044962474653638005,0.0,2.7095185922955045e-06,0.00044691522794408455,0.7324798294577104,0.5346849722201386,0.0
2023-04-12,-0.00012710289282475215,0.0,2.7079784090853043e-06,-0.00012981087123383747,0.7325779678659278,0.5348955440027006,0.0
2023-04-13,0.0015354984597969947,0.0,2.7113008390258675e-06,0.0015327871589579688,0.7327628301284922,0.5348378688796038,0.0
2023-04-14,-0.0014466569837175301,0.0,2.7087991769878778e-06,-0.001449365782894518,0.7332948192961803,0.5355524793760653,0.0
2023-04-17,-0.0018329506811479387,0.0,8.119376171868294e-06,-0.001841070057319807,0.7324525475484392,0.5348810606996441,0.0
2023-04-18,0.0006557573434445359,0.0,2.707483613022685e-06,0.0006530498598315132,0.7316776028035101,0.5340312990528542,0.0
2023-04-19,-0.0014784700854399459,1.33515368268456e-05,8.948053638229618e-07,-0.0014927164276306143,0.6653207915673239,0.6000000000082477,0.06648646188617116
2023-04-20,0.0004376858240418233,0.0,8.953766401730524e-07,0.0004367904474016503,0.6647787831962196,0.5994162884635867,0.0
2023-04-21,0.00028918469537939025,0.0,8.97174130573405e-07,0.00028828752124881687,0.6650857897273936,0.5995920781955351,0.0
2023-04-24,0.001713725800090452,0.0,2.68910499629554e-06,0.0017110366950941565,0.6651432626933634,0.599708374450172,0.0
2023-04-25,0.000600674013007978,0.0,8.958201280429966e-07,0.000599778192879935,0.6657896720584185,0.6003948027112799,0.0
2023-04-26,-0.0019474357067986723,0.0,8.987755700938162e-07,-0.0019483344823687662,0.6662458454290193,0.6006352288121708,0.0
2023-04-27,0.0009498702344391912,0.0,8.994368896480871e-07,0.000948970797549543,0.6655154071808429,0.5998565142365324,0.0
2023-04-28,0.0033078429413780567,0.0,8.968359194482762e-07,0.0033069461054586083,0.6657057994174251,0.600236777297701,0.0
2023-05-01,-0.004478465055092718,0.0,2.684580433972199e-06,-0.00448114963552669,0.6668800998119203,0.6015553092519301,0.0
2023-05-02,0.001988894249549062,0.0,8.96925704318473e-07,0.0019879973238447436,0.6652400549866381,0.5997644785713896,0.0
2023-05-03,0.0006666670385576427,1.2047846091949837e-07,8.981002852414289e-07,0.0006656484598114818,0.665561320926518,0.6000000001038936,0.0006019787910314101
2023-05-04,-0.0016206043938736025,0.0,8.996898755819914e-07,-0.0016215040837491844,0.6659444611891653,0.60026710027168,0.0
2023-05-05,0.0014505515726337115,0.0,9.025748866370624e-07,0.0014496489977470744,0.665506746903064,0.5996187801785584,0.0
2023-05-08,-0.0020125245702128864,0.0,2.6972426302324716e-06,-0.002015221812843119,0.6658321575072237,0.6001992535049002,0.0
2023-05-09,-0.0009194416359106245,0.0,8.994718765425574e-07,-0.0009203411077871671,0.6650560890795388,0.5993946420919322,0.0
2023-05-10,0.003005628854740185,0.0,9.000810960991972e-07,0.0030047287736440858,0.664732429192313,0.5990265091770716,0.0
2023-05-11,0.0008535508285563674,0.0,8.995719552110047e-07,0.0008526512566011564,0.6658973665754304,0.600228613845027,0.0
2023-05-12,-0.0022930060409334005,0.0,8.993516531454239e-07,-0.002293905392586546,0.6662227585131311,0.6005700878335151,0.0
2023-05-15,-0.000876454468255355,0.0,2.6996593576942642e-06,-0.0008791541276130493,0.6653443392272926,0.5996526281900655,0.0
2023-05-16,-0.0025141824164159857,0.0,9.007880372102396e-07,-0.002515083204453196,0.6650605801913114,0.5993030534749639,0.0
2023-05-17,0.0010574763329110745,5.882688256719802e-07,8.383183657642862e-07,0.0010560497457196383,0.6611972407507108,0.600000000049918,0.0029394818270708813
2023-05-18,-0.000515686107638124,0.0,8.365157421410202e-07,-0.000516522623380265,0.6614890485808581,0.6004233994045637,0.0
2023-05-19,-0.0006452139842638991,0.0,8.354167757013062e-07,-0.0006460494010396004,0.6612031639644436,0.6002177393382482,0.0
2023-05-22,0.00013258258068296895,0.0,2.5060319831801223e-06,0.00013007654869978883,0.6609402408268411,0.5999601292361247,0.0
2023-05-23,-0.0008059261195652956,0.0,8.349289203118839e-07,-0.0008067610484856075,0.6609644751629153,0.6000146639801478,0.0
2023-05-24,-0.002263534056055729,0.0,8.355009735696866e-07,-0.0022643695570292986,0.6606841175187114,0.5996925464481242,0.0
2023-05-25,-0.0006194712759371876,0.0,8.363728092167322e-07,-0.0006203076487464043,0.6598400977243752,0.5987848826515538,0.0
2023-05-26,0.002735936076465407,0.0,8.350469107812359e-07,0.002735101029554626,0.6594951127484308,0.5985366882614005,0.0
2023-05-30,0.0026968578318372297,0.0,3.3302579382010104e-06,0.002693527573899029,0.6604097760540781,0.5996325686819096,0.0
2023-05-31,-0.0001979608424619529,0.0,8.319594739236385e-07,-0.00019879280193587655,0.6614444354069883,0.6007113938105626,0.0
2023-06-01,0.0026286587777714274,1.2663853076550292e-07,8.329404989390859e-07,0.0026276991987417226,0.6608046565600526,0.6000000001374993,0.0006328344437502853
2023-06-02,0.0004119181972931648,0.0,8.320522764266516e-07,0.00041108614501673816,0.6617890983771804,0.6010492821980349,0.0
2023-06-05,-7.418341439343434e-05,0.0,2.488099365829219e-06,-7.667151375926356e-05,0.6617578008645135,0.6012140496293359,0.0
2023-06-06,0.000809497695942997,0.0,8.296338300178755e-07,0.0008086680621129791,0.6617492296438553,0.6011859600525503,0.0
2023-06-07,-0.003105665712526292,0.0,8.285558028068863e-07,-0.003106494268329099,0.6619936102064242,0.6015090366015216,0.0
2023-06-08,0.0032175116523483695,0.0,8.305255019282967e-07,0.0032166811268464412,0.66089646194281,0.6002681003020444,0.0
2023-06-09,-0.0006176110987149362,0.0,8.291859939256273e-07,-0.0006184402847088618,0.6620811929994257,0.6015506154428549,0.0
2023-06-12,0.001640591657411524,0.0,2.4845120165870913e-06,0.0016381071453949367,0.6617613345728286,0.6013048755025427,0.0
2023-06-13,-0.000763775543463257,0.0,8.275282070452764e-07,-0.0007646030716703023,0.6623689522910587,0.6019593931767536,0.0
2023-06-14,0.000971239720248152,0.0,8.266344003334235e-07,0.0009704130858478185,0.6619999566121815,0.6016556453878416,0.0
2023-06-15,0.003957726863319873,5.249893825453125e-07,8.253248085586522e-07,0.003956376549128769,0.6602487109346197,0.5999999999098383,0.0026204978400783813
2023-06-16,-0.0015761668103947016,0.0,8.237943685612813e-07,-0.0015769906047632628,0.6617146479354636,0.60157765903049,0.0
2023-06-20,5.4934825361438536e-05,0.0,3.2959184018506458e-06,5.163890695958789e-05,0.6610996942700889,0.6009491834363144,0.0
2023-06-21,-0.0002911087204909147,0.0,8.242413361103942e-07,-0.0002919329618270251,0.6611427022045303,0.6009730846684715,0.0
2023-06-22,-0.0014323140144064386,0.0,8.244820295944005e-07,-0.001433138496436033,0.6610445741847095,0.6008573860243184,0.0
2023-06-23,1.0975371378209746e-05,0.0,8.247507218341821e-07,1.0150620656375564e-05,0.6604921667679089,0.6002853640740136,0.0
2023-06-26,0.0002745121487909189,0.0,2.4763601641089518e-06,0.00027203578862680997,0.6605483434534707,0.6002902461268197,0.0
2023-06-27,0.0007581261810206266,0.0,8.258386910117442e-07,0.0007573003423296149,0.6606876520436181,0.6004014275997608,0.0
2023-06-28,0.00153605273423645,0.0,8.23995701138818e-07,0.0015352287385353113,0.6608563261344409,0.6007046399513073,0.0
2023-06-29,-0.0023245712996615513,0.0,8.236446068162888e-07,-0.0023253949442683676,0.661443589025903,0.601317532728314,0.0
2023-06-30,0.0033889197243708517,7.78387423472418e-08,8.235321114559489e-07,0.0033880183535170486,0.6601178442441558,0.6000000001078715,0.0003891032588731604
2023-07-03,-0.0005193115754354731,0.0,2.4631658094285495e-06,-0.0005217747412449016,0.6612885645084171,0.6013515298123225,0.0
2023-07-05,-0.0022831862181494525,0.0,1.6410583229866024e-06,-0.0022848272764724393,0.6610445097623934,0.6011458809733824,0.0
2023-07-06,-0.004591256714092851,0.0,8.222044837673111e-07,-0.004592078918576619,0.6602550533737352,0.6002341260587215,0.0
2023-07-07,-0.000500415254378692,0.0,8.2548618477829e-07,-0.0005012407405634703,0.6586512182749904,0.5983907267861752,0.0
2023-07-10,0.002126441803462919,0.0,2.480463705168086e-06,0.002123961339757751,0.6585480989640713,0.5981901488049812,0.0
2023-07-11,0.002141228188767353,0.0,8.26294201658637e-07,0.0021404018945656946,0.6593637205149024,0.5990442437938218,0.0
2023-07-12,0.004962621750444239,0.0,8.244273347105236e-07,0.004961797323109529,0.660084637233876,0.5999014418000078,0.0
2023-07-13,0.003942247561088911,0.0,8.227906041636752e-07,0.003941424770484747,0.6619413826497701,0.6018776685458217,0.0
2023-07-14,-0.0027348253528119313,0.0,8.218828678024519e-07,-0.002735647235679734,0.6634389461932917,0.6034414968437127,0.0
2023-07-17,0.0010740858757884702,6.174065340971303e-07,2.4660320610991057e-06,0.0010710024371932741,0.6600067802101984,0.600000000056787,0.0030843154401496153
2023-07-18,0.0016574950665472735,0.0,8.214347469863987e-07,0.001656673631800287,0.6603957593737504,0.6004310228437433,0.0
2023-07-19,0.0011194450741397772,0.0,8.200761484551847e-07,0.0011186249979913219,0.6609582623153994,0.6010927034781709,0.0
2023-07-20,-0.002723067094968801,0.0,8.194627285352607e-07,-0.0027238865576973362,0.6613600308911508,0.6015392517080769,0.0
2023-07-21,0.0007286710165151917,0.0,8.206890315494974e-07,0.0007278503274836422,0.6603620463585714,0.6004517470554581,0.0
2023-07-24,0.00021163557146936884,0.0,2.4605798140982305e-06,0.0002091749916552706,0.6606172757708908,0.6007431669611671,0.0
2023-07-25,-0.00033912813462215154,0.0,8.190112939869219e-07,-0.00033994714591613844,0.6606169485666608,0.6008291241056155,0.0
2023-07-26,0.001365589995416055,0.0,8.191884783317416e-07,0.0013647708069377234,0.6604949591681539,0.6006942002499367,0.0
2023-07-27,-0.004676648526452539,0.0,8.188799803340735e-07,-0.004677467406432873,0.6610174750517968,0.6012392364874093,0.0
2023-07-28,0.003641805269766114,0.0,8.215111174621172e-07,0.003640983758648652,0.6593364149487438,0.5993661033740093,0.0
2023-07-31,0.0008988275929583753,1.7099502603697878e-07,2.458927144404376e-06,0.0008961976707879339,0.6598338932902148,0.5999999994430419,0.0008540977812932644
2023-08-01,-0.003396395390728118,0.0,8.191108085496723e-07,-0.0033972145015366676,0.6601558741228883,0.6003607850987622,0.0
2023-08-02,-0.003189566667761762,0.0,8.212121104377914e-07,-0.0031903878798722,0.6589478029425045,0.5989993188805456,0.0
2023-08-03,-0.0031519406640159145,0.0,8.242479964296067e-07,-0.0031527649120123443,0.6578868040684724,0.5977167003291111,0.0
2023-08-04,0.003782069402302036,0.0,8.271613911155446e-07,0.0037812422409109207,0.6568279927503357,0.5964452111989009,0.0
2023-08-07,0.00039028957205092935,0.0,2.47702516651944e-06,0.0003878125468844099,0.6582405045028631,0.5979662254508897,0.0
2023-08-08,0.0007387907832841859,0.0,8.256603893998108e-07,0.0007379651228947861,0.6583977632421697,0.5981245548159837,0.0
2023-08-09,-0.0003158385705262002,0.0,8.254584233559777e-07,-0.0003166640289495562,0.6586801961378219,0.5984217312328357,0.0
2023-08-10,-0.0018936669385259343,0.0,8.252109690969297e-07,-0.0018944921494950312,0.658535752022823,0.5982953512787472,0.0
2023-08-11,-0.0011761800284795026,0.0,8.263697593069335e-07,-0.0011770063982388095,0.6578586996870858,0.5975337072576797,0.0
2023-08-14,-0.0004851340246158953,1.0133389425647708e-06,2.1507290555038657e-06,-0.0004882980926139639,0.6523344070398326,0.6000000000225717,0.005062328409422393
2023-08-15,-0.002984181057086122,0.0,7.166398000053829e-07,-0.0029848976968861276,0.6521224563790868,0.5998077509786939,0.0
2023-08-16,-0.00204232983735642,0.0,7.190519170393486e-07,-0.0020430488892734596,0.6511011505521921,0.5986103606083196,0.0
2023-08-17,-0.0015238876556134754,0.0,7.201676647591988e-07,-0.0015246078232782345,0.6503615831528983,0.5977893436254768,0.0
2023-08-18,0.0007869554786263792,0.0,7.220699489335964e-07,0.0007862334086774456,0.6498870213139618,0.5971759150418093,0.0
2023-08-21,-0.001016492974248645,0.0,2.165309889588682e-06,-0.0010186582841382338,0.6501823087959203,0.5974931014825957,0.0
2023-08-22,0.0004988936085199931,0.0,7.217032045759891e-07,0.0004981719053154171,0.649769167854801,0.597084833920754,0.0
2023-08-23,0.00594850144044973,0.0,7.209873889367281e-07,0.0059477804530607935,0.6499182557291706,0.5972861763367897,0.0
2023-08-24,-0.0033270114686765754,0.0,7.180536787863451e-07,-0.003327729522355362,0.652085902813522,0.5996679842621188,0.0
2023-08-25,0.0012363047871404393,0.0,7.200065707474914e-07,0.0012355847805696919,0.6508925397184221,0.5983320600538552,0.0
2023-08-28,0.0017614060087604495,4.319659662244166e-07,2.0191654776752654e-06,0.0017589548773165498,0.6491330262280546,0.599999999604623,0.0021586439980421984
2023-08-29,0.00442342186143816,0.0,6.722884038217562e-07,0.004422749573034338,0.6497818464669182,0.6007047929879301,0.0
2023-08-30,-0.0001206119627339397,0.0,6.708158660280928e-07,-0.00012128277859996779,0.6514332271349569,0.6024636689149063,0.0
2023-08-31,0.0002370113824675589,0.0,6.708972343157032e-07,0.00023634048523324318,0.6513916177580834,0.6024161196530373,0.0
2023-09-01,-0.0013419271421214662,0.0,6.714000152077781e-07,-0.001342598542136674,0.6515229344665929,0.602510733356425,0.0
2023-09-05,-0.0030747783041788187,0.0,2.6877495032443133e-06,-0.0030774660536820628,0.651028448117539,0.6019770196833302,0.0
2023-09-06,-0.0013836403349389286,0.0,6.731794270580626e-07,-0.0013843135143659867,0.6498931304629699,0.6007510322877314,0.0
2023-09-07,0.0014562206546209146,0.0,6.733625025453481e-07,0.0014555472921183692,0.649353717193617,0.6001982545078064,0.0
2023-09-08,0.0004722668754570823,0.0,6.736323443162372e-07,0.00047159324311276605,0.6499551725786972,0.6007800114436119,0.0
2023-09-11,0.00027635623333836996,0.0,2.0189457481990724e-06,0.0002743372875901709,0.6500965453356397,0.6009688654627956,0.0
2023-09-12,-0.0004939788364712998,1.0110382594049219e-05,3.1255787433066486e-15,-0.0005040892190684746,0.6000000003012812,0.6000000000731139,0.050337760929809384
2023-09-13,0.0007985423852995696,0.0,3.134851186147742e-15,0.0007985423852964347,0.599808378402431,0.599808378173587,0.0
2023-09-14,0.0005783491280916653,0.0,3.130923084689331e-15,0.0005783491280885344,0.600127693387866,0.6001276931593085,0.0
2023-09-15,-0.002263575094363306,0.0,3.1464328991646484e-15,-0.0022635750943664525,0.6003588255139464,0.6003588252842567,0.0
2023-09-18,0.0005753720221851251,0.0,9.42965001934409e-15,0.0005753720221756955,0.5994521553880293,0.5994521551585746,0.0
2023-09-19,-0.0013053467364468993,0.0,3.139510676000094e-15,-0.0013053467364500387,0.5996824868849335,0.5996824866557493,0.0
2023-09-20,-0.0011819326459206706,0.0,3.137621654415893e-15,-0.0011819326459238083,0.5991592507205916,0.5991592504915454,0.0
2023-09-21,-0.004711636193968986,0.0,3.130203769004139e-15,-0.004711636193972116,0.5986849233293648,0.5986849231008601,0.0
2023-09-22,0.0013326719780831536,0.0,3.108064406542071e-15,0.0013326719780800457,0.5967851215112472,0.5967851212843583,0.0
2023-09-25,-0.0020736805603623412,0.0,9.330156213058336e-15,-0.0020736805603716714,0.5973217595189696,0.5973217592919358,0.0
2023-09-26,-0.002784754055438167,2.1813087342065467e-07,3.1117322095497006e-15,-0.0027849721863146995,0.5953943887987475,0.5953943885715912,0.0010906095050471215
2023-09-27,-0.0011881381905300597,0.0,3.0965793696507035e-15,-0.0011881381905331561,0.5942646452499049,0.5942646450238547,0.0
2023-09-28,0.001951526581993627,0.0,3.1030109038466354e-15,0.001951526581990524,0.5937820021331609,0.5937820019066412,0.0
2023-09-29,-0.000793064822213604,0.0,3.1020545387790784e-15,-0.000793064822216706,0.594573203304339,0.5945732030778891,0.0
2023-10-02,-0.0032316429464558606,0.0,9.257243679994382e-15,-0.003231642946465118,0.594251418376223,0.5942514181509633,0.0
2023-10-03,-0.005109723518070585,0.0,3.067974490577197e-15,-0.005109723518073653,0.5929359326522071,0.5929359324282449,0.0
2023-10-04,0.002978425959660262,0.0,3.067727484529998e-15,0.0029784259596571942,0.5908452650794934,0.5908452648555493,0.0
2023-10-05,-3.420444671387873e-05,0.0,3.0444384607570936e-15,-3.420444671692317e-05,0.5920602833205914,0.5920602830983476,0.0
2023-10-06,0.0003886237241940391,0.0,3.0491247943581308e-15,0.00038862372419099,0.5920463294913431,0.592046329268757,0.0
2023-10-09,0.004250916394278119,0.0,9.202912310992956e-15,0.0042509163942689165,0.5922048083788594,0.5922048081549219,0.0
2023-10-10,0.000544772520540189,1.4449066897096725e-06,1.2088064798315297e-15,0.0005433276138492705,0.6000000002132893,0.6000000001250464,0.007218120528329925
2023-10-11,0.002220949457611268,0.0,1.2103944152709324e-15,0.0022209494576100578,0.6002186573631002,0.6002186572747414,0.0
2023-10-12,-0.0038276112885333433,0.0,1.2105935816277182e-15,-0.0038276112885345537,0.6011045839212954,0.6011045838329222,0.0
2023-10-13,0.0010614882239559135,0.0,1.2074664174178148e-15,0.001061488223954706,0.5995719008080174,0.5995719007198723,0.0
2023-10-16,-0.00027231867602259426,0.0,3.6439627437124185e-15,-0.0002723186760262382,0.5999964998136259,0.5999964997249562,0.0
2023-10-17,-0.0024324819529614496,0.0,1.2147806477692344e-15,-0.0024324819529626643,0.5998875417187138,0.599887541630035,0.0
2023-10-18,-0.0033054803643810856,0.0,1.2164268331527728e-15,-0.003305480364382302,0.5989119021590733,0.5989119020702739,0.0
2023-10-19,-0.0026903508935273777,0.0,1.2173917889116395e-15,-0.002690350893528595,0.5975817164242229,0.5975817163353532,0.0
2023-10-20,0.00044093300530201855,0.0,1.2168018616008556e-15,0.00044093300530080175,0.5964961494791511,0.5964961493903245,0.0
2023-10-23,0.0016137275865555061,0.0,3.626729041357698e-15,0.0016137275865518795,0.5966739892286604,0.5966739891404101,0.0
2023-10-24,0.0024716119549192403,8.826809304900334e-07,2.9622990305806997e-15,0.0024707292739857877,0.5999999998888879,0.5999999996726397,0.004410911566561329
2023-10-25,-0.003997526065541201,0.0,2.964346165733717e-15,-0.003997526065544166,0.6009867363217837,0.6009867361053863,0.0
2023-10-26,0.0011032018602071525,0.0,2.9619001138146744e-15,0.0011032018602041907,0.5993852684892889,0.5993852682730699,0.0
2023-10-27,-0.0004040099689465134,0.0,2.959731842993275e-15,-0.0004040099689494731,0.5998267403737954,0.5998267401577349,0.0
2023-10-30,0.0007478521220527698,0.0,8.869122826719334e-15,0.0007478521220439007,0.5996650010429678,0.5996650008271527,0.0
2023-10-31,0.0003527947189789167,0.0,2.9523680538613493e-15,0.0003527947189759643,0.5999641686881856,0.5999641684726627,0.0
2023-11-01,0.0055405143686855715,0.0,2.9568208208096817e-15,0.005540514368682615,0.6001052494447321,0.6001052492288841,0.0
2023-11-02,0.005398293947391117,0.0,2.947870302357033e-15,0.005398293947388169,0.6023086640066456,0.6023086637914513,0.0
2023-11-03,0.003908138693698865,0.0,2.970114861195661e-15,0.003908138693695895,0.6044439916153587,0.6044439913985401,0.0
2023-11-06,-0.0018570966101341077,0.0,8.935089899451435e-15,-0.0018570966101430428,0.6059838613342737,0.6059838611168532,0.0
2023-11-07,0.0017544938157877162,1.5018449811614385e-06,1.6471347168501284e-15,0.0017529919708049076,0.6000000001690398,0.6000000000487989,0.007491908285401993
2023-11-08,0.0010983532473682663,0.0,1.632972301675564e-15,0.0010983532473666333,0.6007014691317638,0.6007014690125569,0.0
2023-11-09,-0.004185970150688284,0.0,1.628306929384685e-15,-0.004185970150689912,0.601139558792402,0.6011395586735356,0.0
2023-11-10,0.0027964616313921956,0.0,1.6217636309463975e-15,0.0027964616313905736,0.599462922540942,0.5994629224225536,0.0
2023-11-13,-0.0006854529699423741,0.0,4.8646139440727745e-15,-0.0006854529699472387,0.6005798855660784,0.6005798854477062,0.0
2023-11-14,0.007027720653817331,0.0,1.6319263368204065e-15,0.0070277206538157,0.6003059140684881,0.6003059139493573,0.0
2023-11-15,-0.0018208199107591597,0.0,1.6425483723730468e-15,-0.0018208199107608023,0.6030952497808206,0.6030952496609145,0.0
2023-11-16,0.002366442508555964,0.0,1.6449528511862024e-15,0.002366442508554319,0.6023712394164173,0.6023712392963358,0.0
2023-11-17,0.0009908534678001026,0.0,1.6319430913305256e-15,0.0009908534677984706,0.6033099835334366,0.6033099834143049,0.0
2023-11-20,0.0020147856494312165,0.0,4.908945016331054e-15,0.0020147856494263077,0.6037026561313273,0.6037026560118767,0.0
2023-11-21,-0.00012230756401936853,1.269766657898465e-06,1.1129939666899213e-15,-0.00012357733067837998,0.6000000001089661,0.6000000000277176,0.006337832808907776
2023-11-22,0.001405321574763602,0.0,1.114490964382586e-15,0.0014053215747624873,0.5999518329911028,0.5999518329097449,0.0
2023-11-24,-0.0012233184425078268,0.0,2.2272526915175415e-15,-0.001223318442510054,0.6005132403533185,0.6005132402720238,0.0
2023-11-27,0.0016585214327333527,0.0,3.344910791953598e-15,0.0016585214327300077,0.6000239422653298,0.6000239421839371,0.0
2023-11-28,0.0018664107292027635,0.0,1.1124727614562585e-15,0.001866410729201651,0.6006862127398411,0.6006862126586305,0.0
2023-11-29,0.0024396994305949018,0.0,1.1147749050782454e-15,0.0024396994305937872,0.6014301078631831,0.6014301077818044,0.0
2023-11-30,-0.0012009778851985971,0.0,1.1143893892149474e-15,-0.0012009778851997115,0.6024001320348333,0.602400131953483,0.0
2023-12-01,0.004619926746756679,0.0,1.1168281979028478e-15,0.004619926746755562,0.6019220492194415,0.6019220491379129,0.0
2023-12-04,-0.0022803584004818427,0.0,3.3570092182056683e-15,-0.0022803584004852,0.6037526827990455,0.6037526827173585,0.0
2023-12-05,0.002049255960437634,0.0,1.11611277859921e-15,0.002049255960436518,0.6028470316910913,0.6028470316096151,0.0
2023-12-06,0.0007049685493441516,1.0121417719816094e-06,2.834153441435817e-16,0.0007039564075718866,0.6000000001306967,0.6000000001100074,0.005057753931162279
2023-12-07,0.0007172782588949646,0.0,2.8384990669888664e-16,0.0007172782588946808,0.6002823960410416,0.6002823960203204,0.0
2023-12-08,-0.0009389917053920421,0.0,2.8522449965278746e-16,-0.0009389917053923274,0.6005688992856256,0.6005688992648044,0.0
2023-12-11,2.2359691638656407e-08,0.0,8.524158008288727e-16,2.2359690786240605e-08,0.6001934842835078,0.6001934842627659,0.0
2023-12-12,0.00136987944193985,0.0,2.8393509519884766e-16,0.0013698794419395662,0.6001934932230437,0.6001934932023164,0.0
2023-12-13,0.007503441268642272,0.0,2.8409854393682335e-16,0.007503441268641988,0.6007404306990672,0.600740430678328,0.0
2023-12-14,0.0038869930821331107,0.0,2.859705461715483e-16,0.003886993082132825,0.6037139398770748,0.6037139398561989,0.0
2023-12-15,-0.0007745428558985424,0.0,2.859869239630503e-16,-0.0007745428558988284,0.6052483368609394,0.6052483368400623,0.0
2023-12-18,-7.178135820819405e-05,0.0,8.57041073591368e-16,-7.178135820905108e-05,0.6049423477787049,0.6049423477578503,0.0
2023-12-19,0.0013371740321534362,0.0,2.8530193833248863e-16,0.0013371740321531508,0.6049139879681238,0.6049139879472966,0.0
2023-12-20,-0.0005209095877610622,1.5557668996247663e-06,1.3198325479230516e-16,-0.0005224653546608189,0.6000000000708261,0.6000000000611913,0.007771242636430947
2023-12-21,0.0013516886755576775,0.0,1.3225076573653102e-16,0.0013516886755575452,0.5997924612640766,0.5997924612544224,0.0
2023-12-22,-0.00036788378369921154,0.0,1.3255167030033892e-16,-0.0003678837836993441,0.6003326870450236,0.6003326870353473,0.0
2023-12-26,0.0011738297205434172,0.0,5.301563133799523e-16,0.001173829720542887,0.6001856018114362,0.6001856018017608,0.0
2023-12-27,0.002406694253825514,0.0,1.3242823458249062e-16,0.0024066942538253817,0.6006543655858843,0.6006543655762171,0.0
2023-12-28,-0.0011098653520464272,0.0,1.3273545665760036e-16,-0.00110986535204656,0.6016131609023861,0.6016131608926963,0.0
2023-12-29,-0.0015374962014844185,0.0,1.3280569527113247e-16,-0.0015374962014845512,0.6011705138743552,0.6011705138646605,0.0
2024-01-02,-0.0025748379387201116,0.0,5.321431205421565e-16,-0.0025748379387206437,0.6005563708117729,0.6005563708020615,0.0
2024-01-03,-0.0013119366986929805,0.0,1.3287851067885728e-16,-0.0013119366986931134,0.5995252131370213,0.5995252131273212,0.0
2024-01-04,-0.0021636621892467383,0.0,1.3271805771443137e-16,-0.002163662189246871,0.5989991253733664,0.5989991253636779,0.0
2024-01-05,-0.0005373880766281364,1.8128640549865397e-05,1.3056729621585254e-17,-0.0005555167171780148,0.6000000000972777,0.6000000000963245,0.0902954332529475
2024-01-08,0.002951482643843306,0.0,3.9198081880249174e-17,0.002951482643843267,0.5997958086192309,0.599795808618277,0.0
2024-01-09,-0.0003004521051354294,0.0,1.3078425869914166e-17,-0.00030045210513544244,0.600973528324818,0.6009735283238632,0.0
2024-01-10,0.0011689582204854232,0.0,1.3043698955618436e-17,0.0011689582204854102,0.6008536039498648,0.6008536039489126,0.0
2024-01-11,0.00216050480586774,0.0,1.291466543553235e-17,0.002160504805867727,0.6013196446286139,0.6013196446276711,0.0
2024-01-12,0.0009878621907608686,0.0,1.2921296807330829e-17,0.0009878621907608556,0.6021791385117361,0.6021791385107929,0.0
2024-01-16,-0.0031260600280299043,0.0,5.18448640160841e-17,-0.0031260600280299563,0.6025717428605082,0.602571742859562,0.0
2024-01-17,-0.0017921919455458838,0.0,1.2788482298002643e-17,-0.0017921919455458966,0.6013254623240706,0.6013254623231371,0.0
2024-01-18,0.0010787446511076443,0.0,1.2732045836289905e-17,0.0010787446511076315,0.6006096782062169,0.6006096782052874,0.0
2024-01-19,0.0015297325976899156,0.0,1.2720359299405527e-17,0.0015297325976899028,0.6010400541138482,0.6010400541129196,0.0
2024-01-22,0.0005461161647621434,1.808905328657616e-05,0.0,0.0005280271114755672,0.6000000001775716,0.6000000001775716,0.09015700456550121
2024-01-23,-0.0006649241137472914,0.0,0.0,-0.0006649241137472914,0.6002291790626898,0.6002291790626898,0.0
2024-01-24,-0.0004725306251605485,0.0,0.0,-0.0004725306251605485,0.5999631849379683,0.5999631849379683,0.0
2024-01-25,0.0026579184527286033,0.0,0.0,0.0026579184527286033,0.5997740659271354,0.5997740659271354,0.0
2024-01-26,-0.0003128943310832933,0.0,0.0,-0.0003128943310832933,0.6008350139093488,0.6008350139093488,0.0
2024-01-29,0.00193401098948604,0.0,0.0,0.00193401098948604,0.600710078356408,0.600710078356408,0.0
2024-01-30,2.298906914867028e-05,0.0,0.0,2.298906914867028e-05,0.6014808188323071,0.6014808188323071,0.0
2024-01-31,-0.0012481122238938624,0.0,0.0,-0.0012481122238938624,0.6014899802067085,0.6014899802067085,0.0
2024-02-01,0.003207792594900797,0.0,0.0,0.003207792594900797,0.6009919734112914,0.6009919734112914,0.0
2024-02-02,-0.0015135382916782703,0.0,0.0,-0.0015135382916782703,0.602267815766629,0.602267815766629,0.0
2024-02-05,-0.00253553143821297,5.182727387309467e-07,0.0,-0.002536049710951701,0.6000000000174331,0.6000000000174331,0.002587501104854881
2024-02-06,0.002060524501886089,0.0,0.0,0.002060524501886089,0.5989835205634098,0.5989835205634098,0.0
2024-02-07,0.0006019457520984932,0.0,0.0,0.0006019457520984932,0.5998081257258072,0.5998081257258072,0.0
2024-02-08,-0.00034980283676192507,0.0,0.0,-0.00034980283676192507,0.6000488746067847,0.6000488746067847,0.0
2024-02-09,0.0006315750904288632,0.0,0.0,0.0006315750904288632,0.5999089216126018,0.5999089216126018,0.0
2024-02-12,-0.00012266367917387452,0.0,0.0,-0.00012266367917387452,0.6001614496811762,0.6001614496811762,0.0
2024-02-13,-0.004451532102342751,0.0,0.0,-0.004451532102342751,0.6001123979966586,0.6001123979966586,0.0
2024-02-14,0.0025380050802813704,0.0,0.0,0.0025380050802813704,0.5983243258383981,0.5983243258383981,0.0
2024-02-15,0.0021008767562678684,0.0,0.0,0.0021008767562678684,0.5993411999084897,0.5993411999084897,0.0
2024-02-16,-0.0016849242877928759,0.0,0.0,-0.0016849242877928759,0.6001811699951652,0.6001811699951652,0.0
2024-02-20,-0.00011472367071918342,3.2591238201241533e-07,0.0,-0.00011504958310119583,0.5982655791367335,0.5982655791367335,0.0016292891739982229
2024-02-21,-0.0004170446289170781,0.0,0.0,-0.0004170446289170781,0.5982196803908463,0.5982196803908463,0.0
2024-02-22,0.003056968411280077,0.0,0.0,0.003056968411280077,0.5980520501572599,0.5980520501572599,0.0
2024-02-23,0.0009654518046482842,0.0,0.0,0.0009654518046482842,0.5992770475645304,0.5992770475645304,0.0
2024-02-26,-0.0011514615284099472,0.0,0.0,-0.0011514615284099472,0.5996635531096473,0.5996635531096473,0.0
2024-02-27,0.00011491026619950497,0.0,0.0,0.00011491026619950497,0.5992020496891987,0.5992020496891987,0.0
2024-02-28,0.00037702999380831003,0.0,0.0,0.00037702999380831003,0.599248100196685,0.599248100196685,0.0
2024-02-29,0.0012080179927589484,0.0,0.0,0.0012080179927589484,0.5993991387369267,0.5993991387369267,0.0
2024-03-01,0.0025594767579376187,0.0,0.0,0.0025594767579376187,0.5998824878907725,0.5998824878907725,0.0
2024-03-04,-0.0004340498087403769,0.0,0.0,-0.0004340498087403769,0.6009039649167531,0.6009039649167531,0.0
2024-03-05,-0.00025475115693229675,6.414295439821104e-07,0.0,-0.00025539258647627885,0.6000000000128651,0.6000000000128651,0.0032063172053998397
2024-03-06,0.0012360956351346105,0.0,0.0,0.0012360956351346105,0.5998984584748659,0.5998984584748659,0.0
2024-03-07,0.0015467540250148095,0.0,0.0,0.0015467540250148095,0.6003924116705665,0.6003924116705665,0.0
2024-03-08,-0.00030351306163456696,0.0,0.0,-0.00030351306163456696,0.601009551752336,0.601009551752336,0.0
2024-03-11,-0.0004361378155450817,0.0,0.0,-0.0004361378155450817,0.600888416173595,0.600888416173595,0.0
2024-03-12,0.0007064947222487483,0.0,0.0,0.0007064947222487483,0.6007142725686547,0.6007142725686547,0.0
2024-03-13,-0.00023287190961921388,0.0,0.0,-0.00023287190961921388,0.6009961666710588,0.6009961666710588,0.0
2024-03-14,-0.0019006332582152032,0.0,0.0,-0.0019006332582152032,0.6009032282436967,0.6009032282436967,0.0
2024-03-15,-0.0010970399972172382,0.0,0.0,-0.0010970399972172382,0.6001432472008048,0.6001432472008048,0.0
2024-03-18,0.0007596836773210341,0.0,0.0,0.0007596836773210341,0.5997041065950176,0.5997041065950176,0.0
2024-03-19,0.001669426425185035,1.656569143955339e-07,3.762926541519854e-18,0.0016692607682706358,0.5993795767222782,0.5993795767220035,0.0008282019374770451
2024-03-20,0.002205926589098453,0.0,3.769836893646855e-18,0.0022059265890984493,0.6000473676175959,0.6000473676173207,0.0
2024-03-21,0.0007997111451120373,0.0,3.772812457975323e-18,0.0007997111451120335,0.6009276918331551,0.6009276918328796,0.0
2024-03-22,0.0004611246466391435,0.0,3.784816808843974e-18,0.0004611246466391397,0.6012465793877712,0.6012465793874948,0.0
2024-03-25,-0.0009070256591594967,0.0,1.1315439891622956e-17,-0.000907025659159508,0.6014303696677185,0.6014303696674431,0.0
2024-03-26,-0.00026521156737006896,0.0,3.7677244521901365e-18,-0.00026521156737007275,0.6010685285869001,0.601068528586625,0.0
2024-03-27,0.002403482132143816,0.0,3.7161198668232556e-18,0.002403482132143812,0.6009626992789328,0.6009626992786615,0.0
2024-03-28,-0.0006869786675213382,0.0,3.662228388848324e-18,-0.0006869786675213419,0.6019194786990306,0.6019194786987633,0.0
2024-04-01,-0.00200160031709175,0.0,1.5139113972375887e-17,-0.0020016003170917653,0.6016458178738009,0.6016458178735247,0.0
2024-04-02,-0.0007410945727694024,0.0,3.779214459772286e-18,-0.0007410945727694062,0.6008468728479243,0.6008468728476483,0.0
2024-04-03,0.0004641002716250656,2.37985898480923e-07,1.0547214893370445e-16,0.0004638622857264792,0.5999999996484664,0.5999999996407669,0.001189717996181259
2024-04-04,-0.00085862223481243,0.0,1.0518542154439378e-16,-0.0008586222348125352,0.6001856964110768,0.600185696403398,0.0
2024-04-05,0.00043679241965805475,0.0,1.0533918600835407e-16,0.0004367924196579494,0.5998421119509667,0.5998421119432769,0.0
2024-04-08,0.00019819234912040097,0.0,3.16236507795161e-16,0.00019819234912008473,0.6000168215713039,0.6000168215636088,0.0
2024-04-09,0.0013967879195311485,0.0,1.052895881735838e-16,0.0013967879195310431,0.6000960794687292,0.6000960794610432,0.0
2024-04-10,-0.004893861484284903,0.0,1.0502118932981537e-16,-0.004893861484285008,0.6006538813030278,0.6006538812953613,0.0
2024-04-11,0.00042643205458722425,0.0,1.0615906089033197e-16,0.0004264320545871181,0.5986899253856627,0.5986899253779129,0.0
2024-04-12,-0.0012371644698842936,0.0,1.0592539121066992e-16,-0.0012371644698843994,0.598860983920451,0.5988609839127185,0.0
2024-04-15,-0.0034562527039639504,0.0,3.196218578545983e-16,-0.00345625270396427,0.5983640942480601,0.5983640942402826,0.0
2024-04-16,-0.0012550781496765235,0.0,1.0688631538560857e-16,-0.0012550781496766304,0.5969711246077084,0.5969711245999056,0.0
2024-04-17,0.0007889608427859304,5.196059287328004e-07,0.0,0.0007884412368571976,0.5957712804890278,0.5957712804890278,0.0025974829532739744
2024-04-18,-0.0003603896056385428,0.0,0.0,-0.0003603896056385428,0.5960902591905787,0.5960902591905787,0.0
2024-04-19,-0.0002326082690224726,0.0,0.0,-0.0002326082690224726,0.5959446418393952,0.5959446418393952,0.0
2024-04-22,0.0020581123436936607,0.0,0.0,0.0020581123436936607,0.595850633354793,0.595850633354793,0.0
2024-04-23,0.0019073145161727495,0.0,0.0,0.0019073145161727495,0.5966807097644768,0.5966807097644768,0.0
2024-04-24,-0.0012091089336194773,0.0,0.0,-0.0012091089336194773,0.5974485020799668,0.5974485020799668,0.0
2024-04-25,-0.0010685704133350565,0.0,0.0,-0.0010685704133350565,0.5969611842472448,0.5969611842472448,0.0
2024-04-26,0.00196802539584589,0.0,0.0,0.00196802539584589,0.5965300481940751,0.5965300481940751,0.0
2024-04-29,0.0014773576451347784,0.0,0.0,0.0014773576451347784,0.5973225276859243,0.5973225276859243,0.0
2024-04-30,-0.003829741080916897,0.0,0.0,-0.003829741080916897,0.5979165487466156,0.5979165487466156,0.0
2024-05-01,0.0010639644255231561,1.0090958722358312e-06,0.0,0.0010629553296509203,0.6000000000415143,0.6000000000415143,0.005038653072704015
2024-05-02,0.0029244810084737096,0.0,0.0,0.0029244810084737096,0.600425738727997,0.600425738727997,0.0
2024-05-03,0.0031600862401283806,0.0,0.0,0.0031600862401283806,0.6015908786370259,0.6015908786370259,0.0
2024-05-06,0.0015087056587212272,0.0,0.0,0.0015087056587212272,0.6028459197811362,0.6028459197811362,0.0
2024-05-07,0.00022772705432747389,0.0,0.0,0.00022772705432747389,0.6034442057519169,0.6034442057519169,0.0
2024-05-08,-0.0007262146699178616,0.0,0.0,-0.0007262146699178616,0.6035344916742704,0.6035344916742704,0.0
2024-05-09,0.0013640026192900043,0.0,0.0,0.0013640026192900043,0.6032463633630013,0.6032463633630013,0.0
2024-05-10,-0.000568217432275353,0.0,0.0,-0.000568217432275353,0.6037867992066807,0.6037867992066807,0.0
2024-05-13,0.00016178473712859131,0.0,0.0,0.00016178473712859131,0.6035615359605889,0.6035615359605889,0.0
2024-05-14,0.0011737836933230893,0.0,0.0,0.0011737836933230893,0.6036256632784599,0.6036256632784599,0.0
2024-05-15,0.003617509859522875,1.3159985918923363e-06,0.0,0.0036161938609309825,0.6000000001351946,0.6000000001351946,0.0065684956666376
2024-05-16,-0.0009220695201457487,0.0,0.0,-0.0009220695201457487,0.6014425770399231,0.6014425770399231,0.0
2024-05-17,-0.00022710955832302607,0.0,0.0,-0.00022710955832302607,0.6010747402170611,0.6010747402170611,0.0
2024-05-20,0.0001230627870727764,0.0,0.0,0.0001230627870727764,0.600984119896767,0.600984119896767,0.0
2024-05-21,0.0004978924177349045,0.0,0.0,0.0004978924177349045,0.6010332178609264,0.6010332178609264,0.0
2024-05-22,-0.0009159371310642047,0.0,0.0,-0.0009159371310642047,0.6012317615432875,0.6012317615432875,0.0
2024-05-23,-0.002110111759435621,0.0,0.0,-0.002110111759435621,0.6008661800573386,0.6008661800573386,0.0
2024-05-24,0.001580965609787677,0.0,0.0,0.001580965609787677,0.6000221821604018,0.6000221821604018,0.0
2024-05-28,-0.0013733902909769627,0.0,0.0,-0.0013733902909769627,0.6006535351876604,0.6006535351876604,0.0
2024-05-29,-0.0017175068870515188,0.0,0.0,-0.0017175068870515188,0.6001043223465679,0.6001043223465679,0.0
2024-05-30,0.0008967925120412449,2.094276038205393e-07,0.0,0.0008965830844374243,0.5983692942963135,0.5983692942963135,0.0010470228160542466
2024-05-31,0.0022819588306430116,0.0,0.0,0.0022819588306430116,0.5987292762670962,0.5987292762670962,0.0
2024-06-03,0.0014842911720378757,0.0,0.0,0.0014842911720378757,0.5996428747444839,0.5996428747444839,0.0
2024-06-04,0.0006330556456155498,0.0,0.0,0.0006330556456155498,0.6002362405635161,0.6002362405635161,0.0
2024-06-05,0.0021812566811453067,0.0,0.0,0.0021812566811453067,0.6004891531605924,0.6004891531605924,0.0
2024-06-06,-0.0004221922587173001,0.0,0.0,-0.0004221922587173001,0.6013586921766625,0.6013586921766625,0.0
2024-06-07,-0.0022321414756219793,0.0,0.0,-0.0022321414756219793,0.6011903178161433,0.6011903178161433,0.0
2024-06-10,0.00023103226942991742,0.0,0.0,0.00023103226942991742,0.600298126686837,0.600298126686837,0.0
2024-06-11,0.0011850010700241494,0.0,0.0,0.0011850010700241494,0.6003904493882007,0.6003904493882007,0.0
2024-06-12,0.002089215523517291,0.0,0.0,0.002089215523517291,0.6008634266547007,0.6008634266547007,0.0
2024-06-13,0.001068814883249001,6.956291289716664e-07,0.0,0.0010681192541200295,0.6000000000405431,0.6000000000405431,0.003477370401573282
2024-06-14,-0.00023451238128078134,0.0,0.0,-0.00023451238128078134,0.6004274867644758,0.6004274867644758,0.0
2024-06-17,0.0002267773634773164,0.0,0.0,0.0002267773634773164,0.6003337600828355,0.6003337600828355,0.0
2024-06-18,0.001760470140250687,0.0,0.0,0.001760470140250687,0.6004243747896304,0.6004243747896304,0.0
2024-06-20,-0.0007870717493166582,0.0,0.0,-0.0007870717493166582,0.6011265795360967,0.6011265795360967,0.0
2024-06-21,5.13027983670791e-05,0.0,0.0,5.13027983670791e-05,0.6008123902457818,0.6008123902457818,0.0
2024-06-24,-0.0002778626298369186,0.0,0.0,-0.0002778626298369186,0.6008328686366371,0.6008328686366371,0.0
2024-06-25,0.0005973913608162374,0.0,0.0,0.0005973913608162374,0.6007219241804536,0.6007219241804536,0.0
2024-06-26,-0.0009053212432598723,0.0,0.0,-0.0009053212432598723,0.6009603070456474,0.6009603070456474,0.0
2024-06-27,0.0006694819091016206,0.0,0.0,0.0006694819091016206,0.6005987205828058,0.6005987205828058,0.0
2024-06-28,-0.0017405129369145534,2.0991327187836058e-07,0.0,-0.0017407228501864318,0.5998512335966207,0.5998512335966207,0.0010493610621907512
2024-07-01,-0.000719554855082545,0.0,0.0,-0.000719554855082545,0.5991536811632806,0.5991536811632806,0.0
2024-07-02,0.00184206437277684,0.0,0.0,0.00184206437277684,0.5988650425571093,0.5988650425571093,0.0
2024-07-03,0.0022114085075804367,0.0,0.0,0.0022114085075804367,0.5996026003419717,0.5996026003419717,0.0
2024-07-05,0.0021810134675092183,0.0,0.0,0.0021810134675092183,0.600486088804087,0.600486088804087,0.0
2024-07-08,5.329974955171861e-05,0.0,0.0,5.329974955171861e-05,0.601355537745013,0.601355537745013,0.0
2024-07-09,-0.00048783783071082193,0.0,0.0,-0.00048783783071082193,0.6013767842625775,0.6013767842625775,0.0
2024-07-10,0.0019124893360349014,0.0,0.0,0.0019124893360349014,0.6011822258647944,0.6011822258647944,0.0
2024-07-11,0.0006486673589888504,0.0,0.0,0.0006486673589888504,0.6019435046672578,0.6019435046672578,0.0
2024-07-12,0.0015095985609388947,0.0,0.0,0.0015095985609388947,0.6022015435414184,0.6022015435414184,0.0
2024-07-15,-0.0002975958577406371,7.659477774232523e-07,0.0,-0.0002983618055180603,0.6000000000663185,0.6000000000663185,0.003828304101856639
2024-07-16,0.0018435612487025627,0.0,0.0,0.0018435612487025627,0.5998813859019722,0.5998813859019722,0.0
2024-07-17,-0.0017318714297817697,0.0,0.0,-0.0017318714297817697,0.6006176716858685,0.6006176716858685,0.0
2024-07-18,-0.001780522788157717,0.0,0.0,-0.001780522788157717,0.5999247928648676,0.5999247928648676,0.0
2024-07-19,-0.001300167501667431,0.0,0.0,-0.001300167501667431,0.5992111792362587,0.5992111792362587,0.0
2024-07-22,0.0016853881969240425,0.0,0.0,0.0016853881969240425,0.5986894082467864,0.5986894082467864,0.0
2024-07-23,-0.00013256129476079968,0.0,0.0,-0.00013256129476079968,0.5993646343633006,0.5993646343633006,0.0
2024-07-24,-0.0034886998112524463,0.0,0.0,-0.0034886998112524463,0.5993115185794077,0.5993115185794077,0.0
2024-07-25,-7.088431936706685e-06,0.0,0.0,-7.088431936706685e-06,0.5979087428866098,0.5979087428866098,0.0
2024-07-26,0.002517752278934866,0.0,0.0,0.002517752278934866,0.597905892669898,0.597905892669898,0.0
2024-07-29,0.00027826727943598017,3.2573623115687065e-07,0.0,0.0002779415432048233,0.5972873385239529,0.5972873385239529,0.0016283849970950698
2024-07-30,-0.00019371187226714605,0.0,0.0,-0.00019371187226714605,0.5973995636467588,0.5973995636467588,0.0
2024-07-31,0.0031944490864869927,0.0,0.0,0.0031944490864869927,0.5973215600522351,0.5973215600522351,0.0
2024-08-01,-0.0012278772587755778,0.0,0.0,-0.0012278772587755778,0.5986037997773554,0.5986037997773554,0.0
2024-08-02,-0.0002033459866750316,0.0,0.0,-0.0002033459866750316,0.5981103285892935,0.5981103285892935,0.0
2024-08-05,-0.004161355958636496,0.0,0.0,-0.004161355958636496,0.5980285893161729,0.5980285893161729,0.0
2024-08-06,0.00014845486937767067,0.0,0.0,0.00014845486937767067,0.5963488532112732,0.5963488532112732,0.0
2024-08-07,-0.0007129079384931361,0.0,0.0,-0.0007129079384931361,0.5964087682948578,0.5964087682948578,0.0
2024-08-08,0.002865160913377211,0.0,0.0,0.002865160913377211,0.596120839635242,0.596120839635242,0.0
2024-08-09,0.0012265262431075607,0.0,0.0,0.0012265262431075607,0.5972747123881361,0.5972747123881361,0.0
2024-08-12,0.0005866159726260151,1.4288579155857623e-07,0.0,0.0005864730868344565,0.5970674641390974,0.5970674641390974,0.0007142404672610377
2024-08-13,0.003091155184160731,0.0,0.0,0.003091155184160731,0.5973037775215424,0.5973037775215424,0.0
2024-08-14,0.0008055012063769509,0.0,0.0,0.0008055012063769509,0.5985447380357717,0.5985447380357717,0.0
2024-08-15,0.0012008708952204422,0.0,0.0,0.0012008708952204422,0.5988678504661381,0.5988678504661381,0.0
2024-08-16,0.001137587955168811,0.0,0.0,0.001137587955168811,0.5993489806144584,0.5993489806144584,0.0
2024-08-19,0.0014847722357324736,0.0,0.0,0.0014847722357324736,0.599804238492459,0.599804238492459,0.0
2024-08-20,0.0005182146570959362,0.0,0.0,0.0005182146570959362,0.6003975571050003,0.6003975571050003,0.0
2024-08-21,0.001205217662319822,0.0,0.0,0.001205217662319822,0.6006045296916919,0.6006045296916919,0.0
2024-08-22,-0.002152424907624315,0.0,0.0,-0.002152424907624315,0.6010853087233773,0.6010853087233773,0.0
2024-08-23,0.0034070655616654177,0.0,0.0,0.0034070655616654177,0.6002248226742514,0.6002248226742514,0.0
2024-08-26,-0.0006912439983555776,9.727641897421894e-07,0.0,-0.0006922167625453198,0.6000000000415266,0.6000000000415266,0.004862372012727906
2024-08-27,0.00013413580020483234,0.0,0.0,0.00013413580020483234,0.5997238949761725,0.5997238949761725,0.0
2024-08-28,-0.0008446455440382366,0.0,0.0,-0.0008446455440382366,0.5997775791308556,0.5997775791308556,0.0
2024-08-29,-0.00010890339295925766,0.0,0.0,-0.00010890339295925766,0.5994392472759505,0.5994392472759505,0.0
2024-08-30,0.0007077564830801448,0.0,0.0,0.0007077564830801448,0.5993956200997452,0.5993956200997452,0.0
2024-09-03,-0.0022680266912343534,0.0,0.0,-0.0022680266912343534,0.5996789499182541,0.5996789499182541,0.0
2024-09-04,0.001232335335102586,0.0,0.0,0.001232335335102586,0.5987689471811085,0.5987689471811085,0.0
2024-09-05,0.0007346246021802636,0.0,0.0,0.0007346246021802636,0.599262789805322,0.599262789805322,0.0
2024-09-06,-0.0016506680014412196,0.0,0.0,-0.0016506680014412196,0.5995569651105238,0.5995569651105238,0.0
2024-09-09,0.0017921792337815957,0.0,0.0,0.0017921792337815957,0.5988948737133483,0.5988948737133483,0.0
2024-09-10,0.0007490933250727271,6.547872400463245e-07,0.0,0.0007484385378326808,0.6000000002250649,0.6000000002250649,0.0032721296631537523
2024-09-11,0.001323426657538705,0.0,0.0,0.001323426657538705,0.6002998060410432,0.6002998060410432,0.0
2024-09-12,0.001089554235656013,0.0,0.0,0.001089554235656013,0.6008280807998536,0.6008280807998536,0.0
2024-09-13,0.0017456320030800247,0.0,0.0,0.0017456320030800247,0.6012625269025816,0.6012625269025816,0.0
2024-09-16,0.0014457592178480645,0.0,0.0,0.0014457592178480645,0.6019573628685487,0.6019573628685487,0.0
2024-09-17,-4.115913131382273e-05,0.0,0.0,-4.115913131382273e-05,0.6025320058848402,0.6025320058848402,0.0
2024-09-18,-0.0009073600448622917,0.0,0.0,-0.0009073600448622917,0.6025156457741097,0.6025156457741097,0.0
2024-09-19,0.0026822567903407387,0.0,0.0,0.0026822567903407387,0.6021546568056604,0.6021546568056604,0.0
2024-09-20,-0.00019954316852978214,0.0,0.0,-0.00019954316852978214,0.6032189255369176,0.6032189255369176,0.0
2024-09-23,-0.00022836408792753846,0.0,0.0,-0.00022836408792753846,0.6031397347821326,0.6031397347821326,0.0
2024-09-24,0.0007517711261431832,1.0140456482514158e-06,4.1661267580788837e-16,0.0007507570804945151,0.5999999999439422,0.5999999999135295,0.005068092631400872
2024-09-25,-0.0011650327286491786,0.0,4.2155791780902494e-16,-0.0011650327286496002,0.6003010907761407,0.6003010907453669,0.0
2024-09-26,0.00046468576914377525,0.0,4.195597242037005e-16,0.00046468576914335567,0.5998348853204941,0.5998348852898663,0.0
2024-09-27,0.0008058248407691789,0.0,4.2296041532076406e-16,0.000805824840768756,0.6000207499861913,0.6000207499553153,0.0
2024-09-30,0.00016849096321043368,0.0,1.2707920431846537e-15,0.00016849096320916288,0.6003428036828475,0.6003428036519248,0.0
2024-10-01,-0.00011300744386364758,0.0,4.2214759002692713e-16,-0.00011300744386406972,0.6004101309646707,0.6004101309338538,0.0
2024-10-02,-0.00031339355081663213,0.0,4.234929112941014e-16,-0.0003133935508170556,0.60036496923146,0.600364969200545,0.0
2024-10-03,-0.0014647993376168276,0.0,4.26089985754897e-16,-0.0014647993376172537,0.6002396869276507,0.6002396868965463,0.0
2024-10-04,-0.0006482315526118943,0.0,4.2548408463351033e-16,-0.0006482315526123197,0.5996532592869478,0.5996532592558874,0.0
2024-10-07,-0.002073472725885417,0.0,1.2825674063102444e-15,-0.0020734727258866995,0.59939357356128,0.5993935735300708,0.0
2024-10-08,0.0007367366331229656,3.794692060711359e-05,0.0,0.000698789712515852,0.6000000001175861,0.6000000001175861,0.18893928150836717
2024-10-09,-0.0007097752461669047,0.0,0.0,-0.0007097752461669047,0.6003172412382857,0.6003172412382857,0.0
2024-10-10,0.00011424016981424043,0.0,0.0,0.00011424016981424043,0.6000333548142405,0.6000333548142405,0.0
2024-10-11,0.000502199500461199,0.0,0.0,0.000502199500461199,0.6000790418524118,0.6000790418524118,0.0
2024-10-14,-5.461740680630015e-05,0.0,0.0,-5.461740680630015e-05,0.6002797811466442,0.6002797811466442,0.0
2024-10-15,0.000933635813342507,0.0,0.0,0.000933635813342507,0.6002579482723872,0.6002579482723872,0.0
2024-10-16,0.0005999181227611819,0.0,0.0,0.0005999181227611819,0.6006308136475113,0.6006308136475113,0.0
2024-10-17,-0.0014441526433099595,0.0,0.0,-0.0014441526433099595,0.6008702588125826,0.6008702588125826,0.0
2024-10-18,0.0006788458523438527,0.0,0.0,0.0006788458523438527,0.600293020922198,0.600293020922198,0.0
2024-10-21,-0.0026603604910330455,0.0,0.0,-0.0026603604910330455,0.6005641762744117,0.6005641762744117,0.0
2024-10-22,-0.0004954978375681157,4.727380053733435e-07,1.4358738980873403e-17,-0.0004959705755735033,0.5999999998334475,0.5999999998323994,0.002361989818986693
2024-10-23,-0.0015726555758488895,0.0,1.4520524081111233e-17,-0.001572655575848904,0.5998019861321827,0.5998019861311228,0.0
2024-10-24,0.001104032188389004,0.0,1.4591864640634375e-17,0.0011040321883889895,0.5991716211472249,0.5991716211461597,0.0
2024-10-25,-0.00027528652419093775,0.0,1.4640944247610327e-17,-0.0002752865241909524,0.5996136605537696,0.5996136605527009,0.0
2024-10-28,0.00020520947128355228,0.0,4.3588132954146003e-17,0.0002052094712835087,0.5995034092393403,0.5995034092382796,0.0
2024-10-29,0.0003073409021954326,0.0,1.4440762575665293e-17,0.00030734090219541817,0.5995855780711525,0.5995855780700983,0.0
2024-10-30,-0.00018429727038336111,0.0,1.450239790385175e-17,-0.00018429727038337562,0.5997086039899481,0.5997086039888895,0.0
2024-10-31,-0.0009020674239373497,0.0,1.4449220844414772e-17,-0.0009020674239373642,0.5996348177797043,0.5996348177786496,0.0
2024-11-01,-0.0008496064227339113,0.0,1.444610021238458e-17,-0.0008496064227339257,0.5992733353095827,0.5992733353085282,0.0
2024-11-04,0.0015212467528855666,0.0,4.352615824573297e-17,0.001521246752885523,0.5989325858585828,0.5989325858575235,0.0
2024-11-05,0.0009112439657389141,2.2835353726510376e-07,0.0,0.000911015612201649,0.6000000002688127,0.6000000002688127,0.001141054144633328
2024-11-06,-0.001973965914971622,0.0,0.0,-0.001973965914971622,0.600364302981527,0.600364302981527,0.0
2024-11-07,0.002880527254200655,0.0,0.0,0.002880527254200655,0.5995738754602211,0.5995738754602211,0.0
2024-11-08,0.0015477903868004357,0.0,0.0,0.0015477903868004357,0.6007240008576987,0.6007240008576987,0.0
2024-11-11,-0.0007746068935939042,0.0,0.0,-0.0007746068935939042,0.6013410413614912,0.6013410413614912,0.0
2024-11-12,-0.0021848980724089775,0.0,0.0,-0.0021848980724089775,0.6010319979968162,0.6010319979968162,0.0
2024-11-13,-0.00019497569425134037,0.0,0.0,-0.00019497569425134037,0.6001583848225461,0.6001583848225461,0.0
2024-11-14,-0.0005602312459684196,0.0,0.0,-0.0005602312459684196,0.6000804102228846,0.6000804102228846,0.0
2024-11-15,0.0003067693044542445,0.0,0.0,0.0003067693044542445,0.5998562371840757,0.5998562371840757,0.0
2024-11-18,0.0006899354684700807,0.0,0.0,0.0006899354684700807,0.5999789513629332,0.5999789513629332,0.0
2024-11-19,0.0008840261039642733,2.6459602932141424e-07,0.0,0.0008837615079349519,0.600000000427838,0.600000000427838,0.0013225320861044026
2024-11-20,-0.00018042753690474791,0.0,0.0,-0.00018042753690474791,0.6003534572551245,0.6003534572551245,0.0
2024-11-21,-0.00012509516348878328,0.0,0.0,-0.00012509516348878328,0.6002813370013047,0.6002813370013047,0.0
2024-11-22,5.194779329358702e-05,0.0,0.0,5.194779329358702e-05,0.6002313278739074,0.6002313278739074,0.0
2024-11-25,0.002647221342800195,0.0,0.0,0.002647221342800195,0.6002520938955033,0.6002520938955033,0.0
2024-11-26,-0.0005058899446463069,0.0,0.0,-0.0005058899446463069,0.6013075211347694,0.6013075211347694,0.0
2024-11-27,0.0012573594360011993,0.0,0.0,0.0012573594360011993,0.601105724531833,0.601105724531833,0.0
2024-11-29,0.0012807846588691802,0.0,0.0,0.0012807846588691802,0.6016066481719942,0.6016066481719942,0.0
2024-12-02,-6.836391190226491e-06,0.0,0.0,-6.836391190226491e-06,0.6021162515729926,0.6021162515729926,0.0
2024-12-03,-6.805556255356333e-05,0.0,0.0,-6.805556255356333e-05,0.6021135314654444,0.6021135314654444,0.0
2024-12-04,0.0012358401747663967,6.356210463400979e-07,4.2210969029148004e-16,0.0012352045537196343,0.599999999886093,0.5999999998552787,0.0031767509191771987
2024-12-05,-0.00015982051317855583,0.0,4.2031128370857512e-16,-0.00015982051317897615,0.6004941070053113,0.6004941069746283,0.0
2024-12-06,0.0008809234009464006,0.0,4.214073631858577e-16,0.0008809234009459791,0.6004302475625013,0.6004302475317385,0.0
2024-12-09,-0.0007423982182935232,0.0,1.2581513918987396e-15,-0.0007423982182947814,0.6007819281039948,0.6007819280733796,0.0
2024-12-10,-0.00034332394125096056,0.0,4.211817127776063e-16,-0.0003433239412513817,0.6004853291242636,0.6004853290935175,0.0
2024-12-11,-0.0005277849338649368,0.0,4.210507658066843e-16,-0.0005277849338653579,0.6003481190653529,0.6003481190346162,0.0
2024-12-12,-0.0014693417851130734,0.0,4.242439901649096e-16,-0.0014693417851134975,0.6001370774394315,0.6001370774084615,0.0
2024-12-13,-0.0014855840426097361,0.0,4.2289193487598757e-16,-0.001485584042610159,0.5995486775783496,0.5995486775474784,0.0
2024-12-16,0.000456769096148795,0.0,1.2611611639931878e-15,0.0004567690961475339,0.598952888388777,0.5989528883580888,0.0
2024-12-17,-0.0005575164787908728,0.0,4.1769234648250345e-16,-0.0005575164787912906,0.5991359906798107,0.5991359906493192,0.0
2024-12-18,-0.004008705490999192,1.6938967194646234e-07,8.383025503414397e-16,-0.004008874880671976,0.5981760326483081,0.598176032587112,0.000846872860659235
2024-12-19,-0.0013423505035438457,0.0,8.294402327436969e-16,-0.001342350503544675,0.5965588569729807,0.5965588569124315,0.0
2024-12-20,0.0019614074479066892,0.0,8.308732804829236e-16,0.0019614074479058583,0.5960165696117994,0.5960165695511455,0.0
2024-12-23,-0.000828956687485537,0.0,2.5045195280885616e-15,-0.0008289566874880415,0.5968073945913982,0.5968073945304548,0.0
2024-12-24,0.0010966441681342226,0.0,8.348553812578136e-16,0.0010966441681333878,0.5964728880933536,0.5964728880324092,0.0
2024-12-26,0.0002494380059069956,0.0,1.6758789725323442e-15,0.0002494380059053197,0.5969149289860357,0.596914928924866,0.0
2024-12-27,-0.0009394483103939736,0.0,8.362454438111427e-16,-0.0009394483103948099,0.5970154486488287,0.5970154485877828,0.0
2024-12-30,0.001201445675267366,0.0,2.5164260283027942e-15,0.0012014456752648497,0.5966365094993332,0.5966365094381003,0.0
2024-12-31,-0.00030527375743358667,0.0,8.475013025959078e-16,-0.0003052737574344342,0.5971205472761727,0.5971205472143053,0.0
