,long_gross_return,short_gross_return,long_transaction_cost,short_transaction_cost,short_borrow_cost,long_net_return,short_net_return,long_turnover,short_turnover,long_gross_exposure,short_gross_exposure
2021-01-04,-0.0018862060891055303,-0.00026880053201848013,0.0,0.0,1.8073095406965664e-05,-0.0018862060891055303,-0.0002868736274254458,0.0,0.0,0.7657665361323287,0.16491699558856168
2021-01-05,4.734759931708395e-05,0.0002708961137181127,0.0,0.0,4.535494240417203e-06,4.734759931708395e-05,0.0002663606194776955,0.0,0.0,0.7655439180035506,0.1655455397752279
2021-01-06,-0.0021095850324452945,-7.719260125569767e-05,0.0,0.0,4.5266523810269045e-06,-0.0021095850324452945,-8.171925363672457e-05,0.0,0.0,0.7653511686509976,0.165222811907482
2021-01-07,0.0006330650990283024,-0.0002101560497684497,0.0,0.0,4.538712947950872e-06,0.0006330650990283024,-0.00021469476271640056,0.0,0.0,0.7649177511651809,0.16566302260020685
2021-01-08,-0.00046743733459395537,6.405179771118078e-05,0.0,0.0,4.542570171334228e-06,-0.00046743733459395537,5.9509227539846545e-05,0.0,0.0,0.7652306664529291,0.1658038112536993
2021-01-11,-0.002164052734212205,-0.00013613613661192877,0.0,0.0,1.3628005229059968e-05,-0.002164052734212205,-0.00014976414184098875,0.0,0.0,0.765075324847354,0.16580739695356295
2021-01-12,8.084460274365158e-05,2.102179990181658e-05,1.3054275743728838e-07,4.0454951724481714e-07,4.501911162630267e-06,8.071405998621429e-05,1.6115339221941495e-05,0.0006481579337676726,0.002008629083310688,0.7643197574999595,0.16431975743600474
2021-01-13,0.001986642071812064,-5.015020178604046e-06,0.0,0.0,4.500899403521791e-06,0.001986642071812064,-9.515919582125836e-06,0.0,0.0,0.7643265928179218,0.16428282822854537
2021-01-14,-0.0011369032355380267,8.70649069504254e-05,0.0,0.0,4.492155243722663e-06,-0.0011369032355380267,8.257275170670274e-05,0.0,0.0,0.7648011265811157,0.16396366639587717
2021-01-15,0.00015143842929248662,-0.00014595817925005785,0.0,0.0,4.494508601234336e-06,0.00015143842929248662,-0.00015045268785129218,0.0,0.0,0.7644702276105289,0.16404956394505327
2021-01-19,0.0012083781003448643,3.7462249888860026e-05,0.0,0.0,1.7994012084398058e-05,0.0012083781003448643,1.9468237804461968e-05,0.0,0.0,0.7646209123213015,0.16419536027013226
2021-01-20,0.0013283307045484382,0.00020173365012763258,0.0,0.0,4.491961219953831e-06,0.0013283307045484382,0.00019724168890767875,0.0,0.0,0.7648901228851748,0.16395658452831482
2021-01-21,-0.0001672394541507598,7.214620140904145e-05,0.0,0.0,4.479600316059368e-06,-0.0001672394541507598,6.766660109298208e-05,0.0,0.0,0.7650513124279061,0.1635054115361669
2021-01-22,-0.0003568319699336747,-3.06033185127331e-05,0.0,0.0,4.478069601968045e-06,-0.0003568319699336747,-3.508138811470114e-05,0.0,0.0,0.7649602422475513,0.16344954047183363
2021-01-25,0.0019843177173440975,-2.8450471663550244e-05,0.0,0.0,1.3441992243470756e-05,0.0019843177173440975,-4.1892463907021004e-05,0.0,0.0,0.764903186053846,0.16354423896222753
2021-01-26,-0.00028699035186952336,2.13262346709446e-05,0.0,0.0,4.4727555527958005e-06,-0.00028699035186952336,1.68534791181488e-05,0.0,0.0,0.7654007699865681,0.1632555776770467
2021-01-27,-0.0022483922653637302,-0.00023503169498880107,5.876510723434365e-07,9.53015130312808e-16,4.473379697096441e-06,-0.0022489799164360736,-0.00023950507468685053,0.0029372979051822024,4.763522909456697e-12,0.763278358958139,0.1632783589440201
2021-01-28,0.0005978059054595083,0.00013566219011517552,0.0,0.0,4.490994694509182e-06,0.0005978059054595083,0.00013117119542066632,0.0,0.0,0.7629285028213459,0.16392130634958513
2021-01-29,-0.0018764804874255292,-0.00021850319549296247,0.0,0.0,4.484009182163324e-06,-0.0018764804874255292,-0.0002229872046751258,0.0,0.0,0.7629701209799551,0.16366633514896134
2021-02-01,0.0018548278677138898,-5.636801875643445e-05,0.0,0.0,1.3498326012603725e-05,0.0018548278677138898,-6.986634476903817e-05,0.0,0.0,0.7626948937809529,0.16422963315334532
2021-02-02,0.0005841005270848034,1.517633026919504e-06,0.0,0.0,4.492966561046893e-06,0.0005841005270848034,-2.9753335341273887e-06,0.0,0.0,0.7631874613952826,0.1639932794782116
2021-02-03,-0.0007474594350975367,4.939999756303302e-05,0.0,0.0,4.490315546568752e-06,-0.0007474594350975367,4.4909682016464266e-05,0.0,0.0,0.7633279728064276,0.16389651744975944
2021-02-04,0.0011918823907984043,-6.288973469450467e-05,0.0,0.0,4.49211805841073e-06,0.0011918823907984043,-6.73818527529154e-05,0.0,0.0,0.763116640778881,0.16396230913199167
2021-02-05,3.293852706960827e-05,9.683271915312923e-05,0.0,0.0,4.488793414231239e-06,3.293852706960827e-05,9.2343925738898e-05,0.0,0.0,0.7634500232078115,0.16384095961944023
2021-02-08,0.0011470535696001297,-5.3601175927547965e-05,0.0,0.0,1.3456735496234932e-05,0.0011470535696001297,-6.70579114237829e-05,0.0,0.0,0.7633873226986504,0.16372361520419165
2021-02-09,-0.00036511163078224967,0.00020692613351533005,0.0,0.0,4.482206260812127e-06,-0.00036511163078224967,0.00020244392725451792,0.0,0.0,0.7637095732450382,0.16360052851964263
2021-02-10,0.0008337320378483141,0.00011898159129067744,6.407649847531249e-08,5.2730623867436985e-08,4.470053998787425e-06,0.0008336679613498388,0.00011445880666802258,0.0003198496431870562,0.00026321462049816446,0.7631569707664126,0.163156970955741
2021-02-11,-0.0002462073109480397,-5.6056575574259966e-05,0.0,0.0,4.462563153583141e-06,-0.0002462073109480397,-6.0519138727843104e-05,0.0,0.0,0.7632670289030127,0.16288355510578462
2021-02-12,-0.0010125464402871574,1.6384626761670542e-05,0.0,0.0,4.4654686275124715e-06,-0.0010125464402871574,1.191915813415807e-05,0.0,0.0,0.7632549320675754,0.16298960490420522
2021-02-16,-0.003358068197188946,-4.469396930279596e-05,0.0,0.0,1.7877968117161854e-05,-0.003358068197188946,-6.257193741995781e-05,0.0,0.0,0.7630058701173705,0.16313645906910193
2021-02-17,0.0007872055089505992,-4.697973172818493e-06,0.0,0.0,4.48606172438088e-06,0.0007872055089505992,-9.184034897199373e-06,0.0,0.0,0.762255202659212,0.1637412529399021
2021-02-18,-0.001272307300332391,5.3191642910771996e-05,0.0,0.0,4.4827027969368395e-06,-0.001272307300332391,4.8708940113835156e-05,0.0,0.0,0.7624492063127764,0.16361865208819465
2021-02-19,-0.002272687137672543,0.00011379095539798477,0.0,0.0,4.486735453795612e-06,-0.002272687137672543,0.00010930421994418916,0.0,0.0,0.7621094148427523,0.16376584406353983
2021-02-22,-0.002534888810149152,3.5158547733335255e-05,0.0,0.0,1.348001611671886e-05,-0.002534888810149152,2.1678531616616395e-05,0.0,0.0,0.7614841094195198,0.1640068627534128
2021-02-23,0.00029047067194171855,-8.476098918545746e-05,0.0,0.0,4.503694188215037e-06,0.00029047067194171855,-8.92646833736725e-05,0.0,0.0,0.7608614253641348,0.16438483786984887
2021-02-24,0.0006251353217860209,5.176398767226984e-05,0.0,0.0,4.505109951995331e-06,0.0006251353217860209,4.7258877720274514e-05,0.0,0.0,0.7609987785245443,0.1644365132478296
2021-02-25,-0.008131520921306782,-0.00027307104492943425,9.511737629575249e-07,2.705509128699637e-15,4.5006655394685545e-06,-0.00813247209506974,-0.0002775717104716083,0.0047537359606855305,1.3521478974643214e-11,0.7642742919697717,0.16427429219060224
2021-02-26,0.0037965837003488645,-0.00014916322438501405,0.0,0.0,4.54638221151535e-06,0.0037965837003488645,-0.0001537096065965294,0.0,0.0,0.7625558995680057,0.1659429507203103
2021-03-01,0.001942280947957037,6.411451311528293e-05,0.0,0.0,1.3601856773922742e-05,0.001942280947957037,5.051265634136019e-05,0.0,0.0,0.7635708906520547,0.16548925741606002
2021-03-02,6.225224207984219e-07,7.575333243359917e-05,0.0,0.0,4.523181927953983e-06,6.225224207984219e-07,7.123015050564519e-05,0.0,0.0,0.763990695827623,0.1650961403703204
2021-03-03,-0.0031901656584391986,-6.850257492548178e-05,0.0,0.0,4.520781663942408e-06,-0.0031901656584391986,-7.302335658942419e-05,0.0,0.0,0.7639364274757837,0.16500853073389787
2021-03-04,-0.0033508430661637976,-0.00011855037473255318,0.0,0.0,4.537465052933889e-06,-0.0033508430661637976,-0.00012308783978548708,0.0,0.0,0.763236847915327,0.16561747443208694
2021-03-05,0.0012231106457770177,-0.00013895488383413928,0.0,0.0,4.556542120904081e-06,0.0012231106457770177,-0.00014351142595504337,0.0,0.0,0.7625349987481826,0.16631378741299896
2021-03-08,-0.003766824981978956,-0.0001697683040016846,0.0,0.0,1.3666293192599885e-05,-0.003766824981978956,-0.00018343459719428448,0.0,0.0,0.7629344459613244,0.16627323384329862
2021-03-09,0.004223151735343771,0.0002466361673985655,0.0,0.0,4.578167199445634e-06,0.004223151735343771,0.00024205800019911987,0.0,0.0,0.7621784235982032,0.16710310277976564
2021-03-10,0.002691012617079402,9.218924762361536e-05,0.0,0.0,4.551088479588067e-06,0.002691012617079402,8.763815914402729e-05,0.0,0.0,0.762994644220009,0.16611472950496445
2021-03-11,0.0017448935708920372,8.787128531285033e-05,1.2006605668723744e-06,3.2737034896826324e-16,4.535958901033987e-06,0.0017436929103251649,8.333532641148897e-05,0.005999428334031769,1.635795329264641e-12,0.7655624998852633,0.16556249988774052
2021-03-12,-0.004097957614419581,-0.00011847990168729162,0.0,0.0,4.525283647556333e-06,-0.004097957614419581,-0.00012300518533484795,0.0,0.0,0.7659080578077962,0.16517285313580615
2021-03-15,0.002116538907307242,-4.6538915346910946e-05,0.0,0.0,1.3643176356652205e-05,0.002116538907307242,-6.0182091703563153e-05,0.0,0.0,0.7650393026301285,0.16599197900593515
2021-03-16,0.00039478044552294586,0.00013527450152261693,0.0,0.0,4.5396653192741795e-06,0.00039478044552294586,0.00013073483620334276,0.0,0.0,0.7655815327346963,0.16569778415350755
2021-03-17,0.0007423584463741281,6.776038754847621e-05,0.0,0.0,4.533576704708329e-06,0.0007423584463741281,6.322681084376788e-05,0.0,0.0,0.7655739923479483,0.16547554972185402
2021-03-18,-0.004682337554719081,-0.00013656021616179098,0.0,0.0,4.528072507278921e-06,-0.004682337554719081,-0.0001410882886690699,0.0,0.0,0.7656995145539389,0.1652746465156806
2021-03-19,0.0005053268095051652,-3.654628717388078e-05,0.0,0.0,4.55377869691595e-06,0.0005053268095051652,-4.110006587079673e-05,0.0,0.0,0.7647056781296964,0.1662129224374322
2021-03-22,0.002028277365510405,5.042012676449004e-05,0.0,0.0,1.3657999486546902e-05,0.002028277365510405,3.676212727794314e-05,0.0,0.0,0.7648559383575881,0.16617232708632063
2021-03-23,9.280153401887436e-05,-0.00010849978088005356,0.0,0.0,4.5419059071089115e-06,9.280153401887436e-05,-0.00011304168678716248,0.0,0.0,0.7653038330837983,0.16577956560947527
2021-03-24,0.000662376970369347,-4.655910747027576e-05,0.0,0.0,4.5449704947424926e-06,0.000662376970369347,-5.1104077965018255e-05,0.0,0.0,0.7654121266761919,0.16589142305810098
2021-03-25,7.597912439387217e-05,-5.719015191229084e-06,3.002866328581022e-05,2.001910885680929e-05,7.2831948147926314e-06,4.595046110806195e-05,-3.3021318862831004e-05,0.150000000004486,0.10000000000100497,0.7190836189148025,0.26583661073993103
2021-03-26,0.0011024928924915896,-5.6569627155100686e-05,0.0,0.0,7.283257333870256e-06,0.0011024928924915896,-6.385288448897094e-05,0.0,0.0,0.7191503000426717,0.26583889268626437
2021-03-29,-0.0013863801713020322,-3.7356441161912936e-05,0.0,0.0,2.1831746234922927e-05,-0.0013863801713020322,-5.918818739683586e-05,0.0,0.0,0.719505485751684,0.2656195791915623
2021-03-30,-0.00012079170927439044,-8.498892853554677e-05,0.0,0.0,7.288808680316608e-06,-0.00012079170927439044,-9.227773721586337e-05,0.0,0.0,0.719158698640019,0.2660415168315562
2021-03-31,0.0008082536225112457,-0.000170575280852877,0.0,0.0,7.292690993745565e-06,0.0008082536225112457,-0.00017786797184662256,0.0,0.0,0.7191911445898429,0.2661832212717131
2021-04-01,0.0031065421381304067,0.0001756664703589376,0.0,0.0,7.292767033419888e-06,0.0031065421381304067,0.00016837370332551773,0.0,0.0,0.7195458068607136,0.2661859967198259
2021-04-05,-8.598892067861564e-05,0.0001221511129620564,0.0,0.0,2.9056658901105207e-05,-8.598892067861564e-05,9.309445406095119e-05,0.0,0.0,0.720293448573613,0.265142012472585
2021-04-06,0.0017107482842593014,-4.461619582849359e-05,0.0,0.0,7.260766527822778e-06,0.0017107482842593014,-5.187696235631637e-05,0.0,0.0,0.7202023422311497,0.2650179782655314
2021-04-07,-0.0003903272741722658,-0.00012549397768168215,0.0,0.0,7.249962135081557e-06,-0.0003903272741722658,-0.00013274393981676372,0.0,0.0,0.7207175129020624,0.26462361793047684
2021-04-08,0.001991040945475292,0.00011440641482853288,0.0,0.0,7.257196356759405e-06,0.001991040945475292,0.00010714921847177348,0.0,0.0,0.7207041652305244,0.26488766702171834
2021-04-09,-0.0004263793822066339,-2.424945305392586e-05,8.513020355362806e-06,5.8119197063756256e-06,6.490628781011016e-06,-0.00043489240256199674,-3.65520015413125e-05,0.04191002036834186,0.02861236824365483,0.7630920494768937,0.23690795050690208
2021-04-12,6.869996865731785e-05,2.4780166933762654e-05,0.0,0.0,1.9483064630558368e-05,6.869996865731785e-05,5.297102303204286e-06,0.0,0.0,0.7630253941469463,0.23704395300512682
2021-04-13,0.0020757202325364017,0.0001872376367486603,0.0,0.0,6.493195490722186e-06,0.0020757202325364017,0.0001807444412579381,0.0,0.0,0.7630376315658354,0.23700163541135982
2021-04-14,-0.0005314046227700116,3.488845042028734e-05,0.0,0.0,6.473458561892917e-06,-0.0005314046227700116,2.8414991858394424e-05,0.0,0.0,0.7633907874541813,0.23628123750909147
2021-04-15,0.0044962170150243605,3.341100697326514e-06,0.0,0.0,6.475759954045355e-06,0.0044962170150243605,-3.1346592567188415e-06,0.0,0.0,0.7632432862902783,0.23636523832265544
2021-04-16,-0.0012538650480483351,0.0001094985091949598,0.0,0.0,6.446702850210789e-06,-0.0012538650480483351,0.00010305180634474901,0.0,0.0,0.7643054161256908,0.23530465403269385
2021-04-19,-0.0011662942826465347,0.000359759100050172,0.0,0.0,1.935338080006073e-05,-0.0011662942826465347,0.0003404057192501113,0.0,0.0,0.7639306926344697,0.23546613306740555
2021-04-20,-0.00042877581567534845,-0.0001379706082052812,0.0,0.0,6.446594688479639e-06,-0.00042877581567534845,-0.00014441720289376086,0.0,0.0,0.763394877450465,0.23530070612950682
2021-04-21,0.0017769278202412182,0.000120487951915371,0.0,0.0,6.454074135378525e-06,0.0017769278202412182,0.00011403387777999247,0.0,0.0,0.763403679294111,0.23557370594131613
2021-04-22,-0.00042296353957057675,-0.00021195747509562205,0.0,0.0,6.438597953481031e-06,-0.00042296353957057675,-0.00021839607304910308,0.0,0.0,0.7637364108141186,0.23500882530205763
2021-04-23,0.0012729922274634764,0.0005449687736528604,4.30659191841415e-08,8.354056747301255e-06,5.349776172332863e-06,0.0012729491615442923,0.0005312649407332263,0.00020674444561281075,0.040104910415444305,0.7635965754380688,0.19526683029014952
2021-04-26,-0.0004103790646321136,1.0903098188415044e-05,0.0,0.0,1.5975712956389867e-05,-0.0004103790646321136,-5.072614767974823e-06,0.0,0.0,0.763492064515756,0.19437117430274337
2021-04-27,-0.0015489019681074426,-4.977202951227574e-05,0.0,0.0,5.327152111402197e-06,-0.0015489019681074426,-5.509918162367793e-05,0.0,0.0,0.7633988407815787,0.19444105206618018
2021-04-28,0.0009373202465060864,0.00036132699742144527,0.0,0.0,5.337076405339475e-06,0.0009373202465060864,0.0003559899210161058,0.0,0.0,0.7630739102428304,0.19480328879489084
2021-04-29,0.0002475580488856161,-3.8876558904261154e-05,0.0,0.0,5.320296242322681e-06,0.0002475580488856161,-4.4196855146583836e-05,0.0,0.0,0.7630244032705193,0.19419081284477785
2021-04-30,-8.317269617587252e-05,-0.0007884453371249513,0.0,0.0,5.320279415152647e-06,-8.317269617587252e-05,-0.0007937656165401039,0.0,0.0,0.763116772981489,0.1941901986530716
2021-05-03,0.0006097231268219676,0.0004280079470846862,0.0,0.0,1.6039707806096916e-05,0.0006097231268219676,0.0004119682392785893,0.0,0.0,0.7637033209870352,0.19514977830751246
2021-05-04,-6.360869736371096e-05,-0.0004166638465182736,0.0,0.0,5.329398023626113e-06,-6.360869736371096e-05,-0.0004219932445418997,0.0,0.0,0.7635329490920365,0.1945230278623531
2021-05-05,0.0011437475969270018,2.7986599144910317e-05,0.0,0.0,5.3434082408941e-06,0.0011437475969270018,2.2643190904016218e-05,0.0,0.0,0.7638402627095503,0.19503440079263468
2021-05-06,0.0009739500065185138,0.0004661256959889923,0.0,0.0,5.3364171369645644e-06,0.0009739500065185138,0.00046078927885202775,0.0,0.0,0.7640927795273883,0.19477922549920662
2021-05-07,0.0015545986225322479,0.0007091678026602994,2.623158103130828e-07,1.6074914038418456e-07,5.338034478018318e-06,0.0015543363067219349,0.0007036690190418968,0.0013112562180061954,0.0008035478670398701,0.7646848673180321,0.1948382584476686
2021-05-10,-0.0020306119602043603,2.3427832216585775e-14,0.0,0.0,1.5919868521545625e-05,-0.0020306119602043603,-1.591986849811779e-05,0.0,0.0,0.7645131910834811,0.19369173367880513
2021-05-11,-0.0019243373683067578,7.755455068309714e-05,0.0,0.0,5.317505284328239e-06,-0.0019243373683067578,7.22370453987689e-05,0.0,0.0,0.7640462240393733,0.19408894287798073
2021-05-12,-0.004370351068395249,-0.0006884655016769029,0.0,0.0,5.325243387114582e-06,-0.004370351068395249,-0.0006937907450640174,0.0,0.0,0.7635360320024903,0.19437138362968223
2021-05-13,0.0024863902787327897,0.00015619650923602224,0.0,0.0,5.37130651356191e-06,0.0024863902787327897,0.00015082520272246034,0.0,0.0,0.7630297719069231,0.1960526877450097
2021-05-14,0.0033480585483760816,0.0003894857144824484,0.0,0.0,5.352910379022084e-06,0.0033480585483760816,0.00038413280410342634,0.0,0.0,0.763502641200151,0.1953812288343061
2021-05-17,-0.00044099065007421445,0.0001055444113102588,0.0,0.0,1.5967126242103517e-05,-0.00044099065007421445,8.957728506815529e-05,0.0,0.0,0.7639993081373962,0.19426670261225945
2021-05-18,-0.0013675987038668845,0.0004269826953579443,0.0,0.0,5.321353781166004e-06,-0.0013675987038668845,0.0004216613415767783,0.0,0.0,0.7638267364110458,0.19422941301255914
2021-05-19,-0.0022077518026754708,-0.0004165060298821418,0.0,0.0,5.314682982330513e-06,-0.0022077518026754708,-0.0004218207128644723,0.0,0.0,0.7631810591852544,0.19398592885506372
2021-05-20,0.003235479150107493,0.00046747036681766765,0.0,0.0,5.340136382296997e-06,0.003235479150107493,0.00046213023043537065,0.0,0.0,0.7629796176149765,0.19491497795384038
2021-05-21,0.00018082381134317191,-0.00032136977317539974,1.210700923062457e-08,7.736917772270397e-09,5.306643406243612e-06,0.00018081170433394128,-0.0003266841534994156,6.052956255510333e-05,3.8681084598146676e-05,0.7633318404142676,0.19369248432789185
2021-05-24,0.0016908375230367393,0.00024377920072177127,0.0,0.0,1.594867064433828e-05,0.0016908375230367393,0.000227830530077433,0.0,0.0,0.7636240559368923,0.19404215950611575
2021-05-25,0.001408079126973406,0.00011622460278097129,0.0,0.0,5.2993769207020435e-06,0.001408079126973406,0.00011092522586026925,0.0,0.0,0.7638493201719221,0.19342725760562457
2021-05-26,-8.929266413929892e-05,-0.00034816209223423534,0.0,0.0,5.288159947031393e-06,-8.929266413929892e-05,-0.00035345025218126675,0.0,0.0,0.7640967330354285,0.19301783806664585
2021-05-27,-0.000634673262021253,6.657116396966858e-05,0.0,0.0,5.300045191954781e-06,-0.000634673262021253,6.12711187777138e-05,0.0,0.0,0.7643458490815892,0.1934516495063495
2021-05-28,0.00041471919932447205,-7.744993649707634e-05,0.0,0.0,5.301261078913305e-06,0.00041471919932447205,-8.275119757598963e-05,0.0,0.0,0.7641493406892772,0.19349602938033564
2021-06-01,0.0006373439069010675,0.00016568544924761304,0.0,0.0,2.1206492103119308e-05,0.0006373439069010675,0.00014447895714449373,0.0,0.0,0.7643103333145354,0.19350924044096368
2021-06-02,0.0006461010854233011,1.4058022521217416e-14,0.0,0.0,5.292945552552046e-06,0.0006461010854233011,-5.292945538494023e-06,0.0,0.0,0.7643500908442792,0.19319251266814969
2021-06-03,-0.001975591431360779,-0.0005798394385449266,0.0,0.0,5.289555962034814e-06,-0.001975591431360779,-0.0005851289945069613,0.0,0.0,0.7645062900760287,0.1930687926142707
2021-06-04,0.0034615728749897152,0.0003379406120323224,0.0,0.0,5.319062606312196e-06,0.0034615728749897152,0.0003326215494260102,0.0,0.0,0.7644883395510942,0.19414578513039515
2021-06-07,-0.0006452753902878238,0.00017628703028869176,4.099926114662459e-07,1.0256336934442932e-07,1.591134567174642e-05,-0.0006456853828992901,0.0001602731212476009,0.002049734361406927,0.0005127596363629943,0.7669482339212885,0.1935880390062481
2021-06-08,0.0013222991099821428,-0.00011586872145117937,0.0,0.0,5.301525534430267e-06,0.0013222991099821428,-0.00012117024698560964,0.0,0.0,0.766675112031084,0.19350568200670473
2021-06-09,0.0011931383027995793,-7.718159643121308e-05,0.0,0.0,5.29833603561125e-06,0.0011931383027995793,-8.247993246682433e-05,0.0,0.0,0.7670760539525504,0.1933892652998106
2021-06-10,0.0020493496990128712,7.709596911506765e-05,0.0,0.0,5.29457014125234e-06,0.0020493496990128712,7.18013989738153e-05,0.0,0.0,0.767416854302584,0.1932518101557104
2021-06-11,-0.00011810867421147601,-0.0004724349209143566,0.0,0.0,5.281255581844243e-06,-0.00011810867421147601,-0.00047771617649620084,0.0,0.0,0.7678375046355638,0.19276582873731488
2021-06-14,-0.0011698801781003963,8.79084673562945e-05,0.0,0.0,1.589206590079792e-05,-0.0011698801781003963,7.201640145549658e-05,0.0,0.0,0.7681770949642767,0.19335346845970805
2021-06-15,0.00021817432232631642,-7.70462081184938e-05,0.0,0.0,5.300766368489951e-06,0.00021817432232631642,-8.234697448698376e-05,0.0,0.0,0.7678502097173139,0.19347797244988318
2021-06-16,-0.0035645482345574887,-0.0007812977914931776,0.0,0.0,5.302157045577567e-06,-0.0035645482345574887,-0.0007865999485387552,0.0,0.0,0.7679640735162985,0.19352873216358119
2021-06-17,0.0017897118982307947,-0.0007240154406987255,0.0,0.0,5.34682730242486e-06,0.0017897118982307947,-0.0007293622680011504,0.0,0.0,0.7677400761190366,0.19515919653850738
2021-06-18,0.00012039659191690928,-0.0003201554110807005,0.0,0.0,5.3609788299760235e-06,0.00012039659191690928,-0.00032551638991067653,0.0,0.0,0.7687146816887865,0.19567572729412486
2021-06-21,0.00014473211679667488,0.0004748225816856911,1.7172764102576075e-06,2.0318343306355807e-08,1.610423217943944e-05,0.00014301484038641729,0.00045869803116294533,0.008559086170673899,0.00010126875916169312,0.7604337277614013,0.1959348248498465
2021-06-22,0.0013926280326363196,0.00015451108827359113,0.0,0.0,5.3518482792958445e-06,0.0013926280326363196,0.00014915923999429527,0.0,0.0,0.7601210852372746,0.19534246219429835
2021-06-23,-0.0007000352247967751,-0.0001542732317596536,0.0,0.0,5.339382906186738e-06,-0.0007000352247967751,-0.00015961261466584034,0.0,0.0,0.7603414285325457,0.19488747607581594
2021-06-24,0.0008776436523682302,6.622803924342213e-05,0.0,0.0,5.34820714478758e-06,0.0008776436523682302,6.087983209863455e-05,0.0,0.0,0.7602949792440102,0.19520956078474666
2021-06-25,-0.00013095923955178132,-3.856743036508857e-05,0.0,0.0,5.341379667701402e-06,-0.00013095923955178132,-4.390881003278997e-05,0.0,0.0,0.7604589143462924,0.19496035787110116
2021-06-28,0.0013282162677489718,-2.760333761164201e-05,0.0,0.0,1.6030112083322272e-05,0.0013282162677489718,-4.3633449694964284e-05,0.0,0.0,0.7604609354273042,0.1950330303470876
2021-06-29,0.0003565238567029498,-0.00023114812550711756,0.0,0.0,5.337270783921406e-06,0.0003565238567029498,-0.00023648539629103898,0.0,0.0,0.760811825895735,0.1948103836131313
2021-06-30,0.0006851442081162922,-0.000269631923817128,0.0,0.0,5.342962248315439e-06,0.0006851442081162922,-0.00027497488606544344,0.0,0.0,0.7610769912421541,0.1950181220635135
2021-07-01,0.0005228942937366877,-0.00028047233082505543,0.0,0.0,5.348155774882022e-06,0.0005228942937366877,-0.0002858204865999374,0.0,0.0,0.7614498120970671,0.1952076857831938
2021-07-02,0.002058264468525091,0.000395882769936669,0.0,0.0,5.3545705199105475e-06,0.002058264468525091,0.00039052819941675845,0.0,0.0,0.7617921054361212,0.19544182397673496
2021-07-06,0.0011294346923566843,-0.0003346881688425792,2.837837375362547e-07,1.3263794269162368e-07,2.139533832117712e-05,0.001129150908619148,-0.000356216145106448,0.0014184727664794663,0.0006629812939365358,0.7618222997912532,0.1952324621807412
2021-07-07,0.0011360783873354426,-0.00015348579701523953,0.0,0.0,5.353865930070143e-06,0.0011360783873354426,-0.00015883966294530968,0.0,0.0,0.7623624780219491,0.19541610644756022
2021-07-08,-0.0007161396281871232,0.0003724456469188144,0.0,0.0,5.352840017848422e-06,-0.0007161396281871232,0.000367092806900966,0.0,0.0,0.762753164479804,0.1953786606514674
2021-07-09,7.033794970128352e-05,0.00023007575292691628,0.0,0.0,5.3445015087848796e-06,7.033794970128352e-05,0.00022473125141813142,0.0,0.0,0.7623031043270386,0.19507430507064805
2021-07-12,0.00045279242366228737,-0.00011500818317441338,0.0,0.0,1.600987017089628e-05,0.00045279242366228737,-0.00013101805334530967,0.0,0.0,0.7621485557112718,0.19478675374590473
2021-07-13,-0.001689439526139994,-0.0005748389842176095,0.0,0.0,5.338056649609681e-06,-0.001689439526139994,-0.0005801770408672192,0.0,0.0,0.7623560414997232,0.19483906771075335
2021-07-14,0.001928395044899976,0.00047182148683691793,0.0,0.0,5.365984389945639e-06,0.001928395044899976,0.00046645550244697227,0.0,0.0,0.7623969507235814,0.19585843023301583
2021-07-15,0.0009418891215877204,-0.0002791070278101271,0.0,0.0,5.3402686286196855e-06,0.0009418891215877204,-0.00028444729643874677,0.0,0.0,0.7624992739648747,0.19491980494461852
2021-07-16,-0.001058224705456598,-0.00011486494414799761,0.0,0.0,5.344401763255331e-06,-0.001058224705456598,-0.00012020934591125294,0.0,0.0,0.7629395746999933,0.19507066435881956
2021-07-19,-0.00016650258122163802,-0.00014247783969171187,0.0,0.0,1.6061573749504495e-05,-0.00016650258122163802,-0.00015853941344121637,0.0,0.0,0.7627802361985834,0.19541581395230476
2021-07-20,0.0016681270957348312,-0.00011505482663513884,5.153660600491265e-07,2.7970202206523222e-08,5.363333134532015e-06,0.001667611729674782,-0.00012044612997187738,0.0025755642460117134,0.0001397822991098252,0.7627668190688752,0.19576165941041854
2021-07-21,-0.0007594775585863526,0.000229745713473965,0.0,0.0,5.3581953061090135e-06,-0.0007594775585863526,0.00022438751816785597,0.0,0.0,0.7632540657302791,0.195574128672979
2021-07-22,0.0014235568468155416,-0.00012581661186547726,0.0,0.0,5.35476618505453e-06,0.0014235568468155416,-0.0001311713780505318,0.0,0.0,0.7629028098670596,0.19544896575449033
2021-07-23,0.0012604849818568665,-2.7390972382945902e-05,0.0,0.0,5.351297276677179e-06,0.0012604849818568665,-3.274226965962308e-05,0.0,0.0,0.7633398374002897,0.195322350598717
2021-07-26,2.1359416991456823e-05,0.00029485593219158055,0.0,0.0,1.6036454502684986e-05,2.1359416991456823e-05,0.0002788194776888956,0.0,0.0,0.7636627410172863,0.19511019644933392
2021-07-27,-6.79259799951956e-06,0.00016367595313194247,0.0,0.0,5.33580489349559e-06,-6.79259799951956e-06,0.00015834014823844689,0.0,0.0,0.763454927378039,0.19475687861258903
2021-07-28,0.000821875985832143,0.0002673862050480952,0.0,0.0,5.330512794651497e-06,0.000821875985832143,0.0002620556922534437,0.0,0.0,0.763332453616676,0.19456371700477962
2021-07-29,-0.00012235661266708122,0.00033257843130135107,0.0,0.0,5.31742342150576e-06,-0.00012235661266708122,0.0003272610078798453,0.0,0.0,0.7633269353565394,0.19408595488496022
2021-07-30,0.00011331762493085087,-0.00025621018055149025,0.0,0.0,5.307224210094859e-06,0.00011331762493085087,-0.0002615174047615851,0.0,0.0,0.7630482268084398,0.19371368366846237
2021-08-02,0.0005492877164762839,0.0001144671408829082,0.0,0.0,1.594509406071799e-05,0.0005492877164762839,9.852204682219021e-05,0.0,0.0,0.7632746615701658,0.19399864440540218
2021-08-03,0.0011319478030839005,-3.813101198616648e-05,2.95610613319499e-07,1.1508933874945646e-07,5.324215187839116e-06,0.001131652192470581,-4.357031651275505e-05,0.001477408796299738,0.0005751958616079619,0.7634388082068012,0.1943338543561277
2021-08-04,-0.0007624318504110495,-0.000152358269674866,0.0,0.0,5.319471852186979e-06,-0.0007624318504110495,-0.00015767774152705298,0.0,0.0,0.7637397446357983,0.1941607226048247
2021-08-05,-0.000435962553329248,9.418338847072245e-15,0.0,0.0,5.32854890031044e-06,-0.000435962553329248,-5.328548890892101e-06,0.0,0.0,0.7636799820620538,0.19449203486133104
2021-08-06,-0.0022349884008583186,-0.0005448558664872224,0.0,0.0,5.330901379655837e-06,-0.0022349884008583186,-0.0005501867678668782,0.0,0.0,0.7635809810014651,0.19457790035743805
2021-08-09,-0.0014894565402232228,-0.00019124002578048839,0.0,0.0,1.6082278776429993e-05,-0.0014894565402232228,-0.00020732230455691839,0.0,0.0,0.7634723969626339,0.19566772511323158
2021-08-10,-0.0004404047757337782,-6.56765113060727e-05,0.0,0.0,5.37511943384796e-06,-0.0004404047757337782,-7.105163073992067e-05,0.0,0.0,0.763278054477934,0.19619185933545052
2021-08-11,0.000802877975163399,0.00019165461599660293,0.0,0.0,5.3796702571398285e-06,0.000802877975163399,0.00018627494573946311,0.0,0.0,0.7632280075562651,0.19635796438560377
2021-08-12,0.0004107590428931645,-0.00011487574765506126,0.0,0.0,5.369108576311758e-06,0.0004107590428931645,-0.00012024485623137302,0.0,0.0,0.7632758889564122,0.19597246303537916
2021-08-13,0.0023026486845402422,0.00044844536151285633,0.0,0.0,5.370695593807188e-06,0.0023026486845402422,0.00044307466591904913,0.0,0.0,0.76346485062918,0.19603038917396237
2021-08-16,0.000618498776420131,-5.4495372070293784e-05,0.0,0.0,1.6031210988211023e-05,0.000618498776420131,-7.05265830585048e-05,0.0,0.0,0.7636706709205132,0.19504640035656742
2021-08-17,-0.0013617871222519524,-0.0003847756718107793,8.904697521523779e-08,6.368148184839678e-06,4.4882687248703945e-06,-0.0013618761692271676,-0.0003956320887204894,0.00043588704943225975,0.03117223595667034,0.7638218084682186,0.1638218084577694
2021-08-18,-0.0013234936398498285,-3.686892680066802e-15,0.0,0.0,4.5067311412952644e-06,-0.0013234936398498285,-4.5067311449821575e-06,0.0,0.0,0.7638024103896667,0.16449568665727712
2021-08-19,0.0006177859203414332,-0.00033067503307964775,0.0,0.0,4.512724040495339e-06,0.0006177859203414332,-0.0003351877571201431,0.0,0.0,0.7634928355186376,0.16471442747807988
2021-08-20,0.00040879650486435535,7.716221977145499e-05,0.0,0.0,4.520506143709684e-06,0.00040879650486435535,7.26417136277453e-05,0.0,0.0,0.7638947461868121,0.16499847424540345
2021-08-23,0.001845223387971904,0.00040757037620236896,0.0,0.0,1.3548653491274057e-05,0.001845223387971904,0.0003940217227110949,0.0,0.0,0.763935754822832,0.16484195081050101
2021-08-24,-0.0002200037061284,5.130374040595523e-05,0.0,0.0,4.494986143004598e-06,-0.0002200037061284,4.680875426295063e-05,0.0,0.0,0.7640700381137386,0.16406699421966783
2021-08-25,-0.0004934596306355113,5.132398110593613e-05,0.0,0.0,4.494358961359646e-06,-0.0004934596306355113,4.682962214457648e-05,0.0,0.0,0.7639823522943416,0.16404410208962708
2021-08-26,-0.0007091051627356238,-0.00019064060389193337,0.0,0.0,4.494960409096672e-06,-0.0007091051627356238,-0.00019513556430103004,0.0,0.0,0.7638300420818871,0.16406605493202853
2021-08-27,0.003371913788591417,0.0002826323592176601,0.0,0.0,4.504256371396318e-06,0.003371913788591417,0.0002781281028462638,0.0,0.0,0.7638116064815152,0.1644053575559656
2021-08-30,0.0010648194356734392,1.225344977300955e-15,0.0,0.0,1.344048073952662e-05,0.0010648194356734392,-1.3440480738301276e-05,0.0,0.0,0.7643934521482247,0.16352584899757389
2021-08-31,-0.0007684265342634393,1.0937346539329381e-05,3.3404109980225774e-07,5.93791278624397e-08,4.483587791094322e-06,-0.0007687605753632415,6.3943796203726194e-06,0.0016699624916926132,0.00029685244234435327,0.7636509543725101,0.1636509543749428
2021-09-01,0.000500746130820285,0.00012795383603431257,0.0,0.0,4.486708652771498e-06,0.000500746130820285,0.00012346712738154107,0.0,0.0,0.7634645674160921,0.16376486582615968
2021-09-02,0.0009410332917995891,0.00013161886474112922,0.0,0.0,4.480406339183564e-06,0.0009410332917995891,0.00012713845840194566,0.0,0.0,0.7634887337568137,0.16353483138020006
2021-09-03,-0.001090538533497345,0.0001495634490341982,0.0,0.0,4.472023453769731e-06,-0.001090538533497345,0.00014509142558042845,0.0,0.0,0.7636140960431644,0.16322885606259516
2021-09-07,-0.00213818034957726,-0.0003068817877015471,0.0,0.0,1.7888616040416317e-05,-0.00213818034957726,-0.0003247704037419634,0.0,0.0,0.7632451654439674,0.16323362136879888
2021-09-08,0.0014121851485587608,-0.00010253704300716937,0.0,0.0,4.491624379965343e-06,0.0014121851485587608,-0.00010702866738713471,0.0,0.0,0.7629861824873195,0.16394428986873502
2021-09-09,0.0013145658407951958,0.00015361075035107637,0.0,0.0,4.488575320849101e-06,0.0013145658407951958,0.00014912217503022728,0.0,0.0,0.7634020085566713,0.1638329992109922
2021-09-10,-0.00205127958206323,-0.00011319927623045299,0.0,0.0,4.477812686374696e-06,-0.00205127958206323,-0.00011767708891682768,0.0,0.0,0.7635989038330288,0.1634401630526764
2021-09-13,0.0010103146822781541,-8.400597170874074e-15,0.0,0.0,1.3471962211535118e-05,0.0010103146822781541,-1.3471962219935715e-05,0.0,0.0,0.7632029784423697,0.16390887357367728
2021-09-14,0.00039176946056808794,1.094709562954943e-05,0.0,0.0,4.486182052591954e-06,0.00039176946056808794,6.460913576957476e-06,0.0,0.0,0.7634522513058218,0.16374564491960633
2021-09-15,0.0006050969983103487,0.00012792497358561766,6.233376571986939e-08,7.67107968635965e-09,4.483045728573856e-06,0.0006050346645446288,0.00012343425677735744,0.00031162948853779237,3.835055706302217e-05,0.7632408483611476,0.16363116909294573
2021-09-16,-0.0011602835179328414,-0.0002921561296111332,0.0,0.0,4.476280103838211e-06,-0.0011602835179328414,-0.0002966324097149714,0.0,0.0,0.7632899123803303,0.1633842237900947
2021-09-17,-0.002035156678818951,-0.00021949672337675673,0.0,0.0,4.490827138948852e-06,-0.002035156678818951,-0.0002239875505157056,0.0,0.0,0.7632416077173241,0.1639151905716331
2021-09-20,-0.001189297218117094,-3.6634095981243476e-05,0.0,0.0,1.3521068286820077e-05,-0.001189297218117094,-5.015516426806355e-05,0.0,0.0,0.7629300199905531,0.1645063308229776
2021-09-21,0.00015607982493361322,6.237418749950072e-05,0.0,0.0,4.513620854256851e-06,0.00015607982493361322,5.786056664524387e-05,0.0,0.0,0.7626860357965162,0.16474716118037505
2021-09-22,0.0012121578416336078,-0.00017981256423539151,0.0,0.0,4.510946898661657e-06,0.0012121578416336078,-0.00018432351113405318,0.0,0.0,0.7626789477887109,0.1646495618011505
2021-09-23,-0.0018008336958484736,0.00024564490106186113,0.0,0.0,4.511236466571203e-06,-0.0018008336958484736,0.00024113366459528992,0.0,0.0,0.7631067583063211,0.1646601310298489
2021-09-24,-0.0011652412054527464,-0.00016892578434472293,0.0,0.0,4.511543123232141e-06,-0.0011652412054527464,-0.00017343732746795507,0.0,0.0,0.7624951883796185,0.16467132399797316
2021-09-27,-0.0009769035520857936,-7.720620186132021e-05,0.0,0.0,1.3566675097454527e-05,-0.0009769035520857936,-9.077287695877474e-05,0.0,0.0,0.7623504894088992,0.16506121368569673
2021-09-28,-0.004545030602037909,-0.00023188896433130876,0.0,0.0,4.529175965313162e-06,-0.004545030602037909,-0.00023641814029662193,0.0,0.0,0.7621873553306158,0.16531492273393042
2021-09-29,0.0004558946109712414,-0.00047691601810918605,2.3586480694244516e-07,2.364678685815753e-07,4.524932128849101e-06,0.000455658746164299,-0.00048167741810661673,0.0011791307324845457,0.0011821455464430114,0.7602604434809599,0.16516002270299218
2021-09-30,-0.0012167886884491973,0.00010355133512029456,0.0,0.0,4.5381163968878315e-06,-0.0012167886884491973,9.901321872340673e-05,0.0,0.0,0.7607361314357696,0.16564124848640585
2021-10-01,0.0027775406977179613,0.00012958544826603195,0.0,0.0,4.540354470859211e-06,0.0027775406977179613,0.00012504509379517273,0.0,0.0,0.7603692648595136,0.1657229381863612
2021-10-04,-0.002272359171995367,0.00022855893522348924,0.0,0.0,1.3571021499634881e-05,-0.002272359171995367,0.00021498791372385437,0.0,0.0,0.7609381173894764,0.16511409491222437
2021-10-05,0.000314881825326883,-0.0001403930113836194,0.0,0.0,4.526725098687502e-06,0.000314881825326883,-0.00014491973648230692,0.0,0.0,0.7602298332260409,0.16522546610209385
2021-10-06,3.25991148638746e-05,-0.0001812389880904116,0.0,0.0,4.529801588021075e-06,3.25991148638746e-05,-0.00018576878967843267,0.0,0.0,0.7604154732491444,0.16533775796276923
2021-10-07,-0.00015670537228273536,2.5878881184651707e-05,0.0,0.0,4.535461734948654e-06,-0.00015670537228273536,2.1343419449703055e-05,0.0,0.0,0.7605645677915323,0.1655443533256259
2021-10-08,-0.0013802434247058525,5.181060930227752e-05,0.0,0.0,4.535366640590524e-06,-0.0013802434247058525,4.727524266168699e-05,0.0,0.0,0.7605108066471881,0.16554088238155412
2021-10-11,-0.0018210443655915115,-0.00018153327067738017,0.0,0.0,1.3619996537551658e-05,-0.0018210443655915115,-0.00019515326721493182,0.0,0.0,0.760143810735971,0.16570995787354517
2021-10-12,0.001758235804633906,-7.796536336091214e-05,0.0,0.0,4.554154435507993e-06,0.001758235804633906,-8.251951779642013e-05,0.0,0.0,0.7598547837867271,0.16622663689604175
2021-10-13,0.0022347054895391918,0.0003632029075614114,2.4984580503662386e-07,4.209741937151617e-08,4.542903481352077e-06,0.002234455643734155,0.0003586179066606878,0.001248783719700717,0.00021041206573333053,0.759799030090089,0.16581597706935083
2021-10-14,0.003248118297874037,1.0890378882694242e-05,0.0,0.0,4.521228837846651e-06,0.003248118297874037,6.369150044847591e-06,0.0,0.0,0.7600628367410371,0.16502485258140276
2021-10-15,-0.0006809229132389529,6.651532268763477e-05,0.0,0.0,4.506264888784374e-06,-0.0006809229132389529,6.20090577988504e-05,0.0,0.0,0.7608348276424094,0.16447866844062964
2021-10-18,-0.0005729636777851249,-1.4946225886171424e-05,0.0,0.0,1.3521696418792124e-05,-0.0005729636777851249,-2.8467922304963546e-05,0.0,0.0,0.7606246658736691,0.16451397309530416
2021-10-19,-0.0004451756132326059,0.00015494118438088658,0.0,0.0,4.5103542948386105e-06,-0.0004451756132326059,0.00015043083008604797,0.0,0.0,0.7605090963986139,0.16462793176160928
2021-10-20,0.00033462174883230926,0.0001033188624459688,0.0,0.0,4.507437874681889e-06,0.00033462174883230926,9.881142457128691e-05,0.0,0.0,0.7602880117105218,0.16452148242588893
2021-10-21,-0.001092499321346933,-0.00015491971860572673,0.0,0.0,4.502655620601865e-06,-0.001092499321346933,-0.0001594223742263286,0.0,0.0,0.7602930972095139,0.16434693015196808
2021-10-22,0.0009422473615950196,0.00012925587135542775,0.0,0.0,4.512549354893813e-06,0.0009422473615950196,0.00012474332200053392,0.0,0.0,0.7601522489806047,0.1647080514536242
2021-10-25,0.0012032843250932186,-0.00011415645579402032,0.0,0.0,1.3512606469219296e-05,0.0012032843250932186,-0.0001276690622632396,0.0,0.0,0.7602832811643037,0.16440337870883479
2021-10-26,0.0011267372033938808,-0.00010722124591686805,0.0,0.0,4.502486787028957e-06,0.0011267372033938808,-0.00011172373270389701,0.0,0.0,0.7606683789710235,0.16434076772655692
2021-10-27,0.0018366788356944475,1.997974080030981e-05,1.9914151312626684e-05,3.055183518622344e-05,5.08757115891703e-06,0.0018167646843818208,-1.5659665544830663e-05,0.09865135261183754,0.15134864743062598,0.6628734923325408,0.1856963473004716
2021-10-28,-0.00029891698632807996,-3.1859534195217725e-05,0.0,0.0,5.0778779772482545e-06,-0.00029891698632807996,-3.693741217246598e-05,0.0,0.0,0.6635151107721495,0.18534254616956128
2021-10-29,-0.0006017137654064503,-9.94010506873208e-06,0.0,0.0,5.080457135074017e-06,-0.0006017137654064503,-1.5020562203806098e-05,0.0,0.0,0.6634390126963726,0.18543668543020161
2021-11-01,-0.0008631556613178835,3.889674293473873e-05,0.0,0.0,1.5251594582088773e-05,-0.0008631556613178835,2.3645148352649956e-05,0.0,0.0,0.6632463457200336,0.18556106741541342
2021-11-02,0.0017621339402491083,-6.795492132391976e-05,0.0,0.0,5.087069845121435e-06,0.0017621339402491083,-7.30419911690412e-05,0.0,0.0,0.6629397349356569,0.18567804934693236
2021-11-03,-1.7482190326567714e-05,1.9963488217038498e-05,0.0,0.0,5.0803504447531045e-06,-1.7482190326567714e-05,1.4883137772285394e-05,0.0,0.0,0.6635810195182752,0.18543279123348833
2021-11-04,0.003137185531384886,-9.067464435971305e-05,0.0,0.0,5.079816702581023e-06,0.003137185531384886,-9.575446106229408e-05,0.0,0.0,0.6635652619689376,0.18541330964420735
2021-11-05,0.003154930495373902,-3.9753452208095775e-05,0.0,0.0,5.0668903416976385e-06,0.003154930495373902,-4.4820342549793416e-05,0.0,0.0,0.6646808664612185,0.1849414974719638
2021-11-08,-0.0005061825814542289,8.818730873121505e-05,0.0,0.0,1.5156799117304672e-05,-0.0005061825814542289,7.303050961391037e-05,0.0,0.0,0.6657651938677475,0.1844077225938735
2021-11-09,0.0013927565767916838,-2.7789476211157704e-05,0.0,0.0,5.052038582763862e-06,0.0013927565767916838,-3.284151479392157e-05,0.0,0.0,0.6655472944758031,0.18439940827088097
2021-11-10,-0.0047948148801022,0.00019780770141870373,4.97131315275256e-08,3.1663164206714345e-06,5.4794520548173476e-06,-0.004794864593233727,0.00018916193294321495,0.00024843510484083564,0.015823266967063265,0.6657858659029492,0.2000000000008332
2021-11-11,-0.0007890823192016824,5.9132290943856805e-05,0.0,0.0,5.499361087729035e-06,-0.0007890823192016824,5.363292985612777e-05,0.0,0.0,0.6640494654122608,0.20072667970210978
2021-11-12,0.0009550610418126604,-8.188065168806721e-05,0.0,0.0,5.5017873110816944e-06,0.0009550610418126604,-8.738243899914891e-05,0.0,0.0,0.6637485365489426,0.20081523685448185
2021-11-15,-0.0014614329687376543,1.1665013643077906e-05,0.0,0.0,1.6497777081654444e-05,-0.0014614329687376543,-4.8327634385765375e-06,0.0,0.0,0.6641273485009185,0.20072295449346242
2021-11-16,-0.00031581902538460556,1.1036325058876633e-05,0.0,0.0,5.507014183987859e-06,-0.00031581902538460556,5.529310874888774e-06,0.0,0.0,0.6636389866368221,0.20100601771555687
2021-11-17,0.0007001390843075832,-3.5160537380714846e-05,0.0,0.0,5.508421025305095e-06,0.0007001390843075832,-4.066895840601994e-05,0.0,0.0,0.6635290538521263,0.20105736742363597
2021-11-18,0.0009557743602778789,7.074902905387374e-07,0.0,0.0,5.505753447779697e-06,0.0009557743602778789,-4.79826315724096e-06,0.0,0.0,0.6637914423104012,0.20096000084395896
2021-11-19,0.00027229399298761445,2.3375170831738816e-05,0.0,0.0,5.500503217402182e-06,0.00027229399298761445,1.7874667614336635e-05,0.0,0.0,0.6641156585536712,0.20076836743517962
2021-11-22,-0.003958416157596852,0.00011688316435166381,0.0,0.0,1.6494802130647723e-05,-0.003958416157596852,0.0001003883622210161,0.0,0.0,0.664195223908159,0.20068675925621393
2021-11-23,-0.0020680039332594082,1.1061471491049716e-05,0.0,0.0,5.516347319695518e-06,-0.0020680039332594082,5.545124171354198e-06,0.0,0.0,0.6627938849814256,0.2013466771688864
2021-11-24,0.0014623813233912192,1.2369165918879335e-05,0.0,3.503745045168269e-07,5.479452054816889e-06,0.0014623813233912192,6.539339359545619e-06,0.0,0.0017517203093813105,0.6620914173242484,0.20000000000081647
2021-11-26,-0.001195417158618366,-0.0001871545174763015,0.0,0.0,1.0942153192198672e-05,-0.001195417158618366,-0.00019809667066850018,0.0,0.0,0.6625805204304429,0.19969429575762576
2021-11-29,0.0021099150101658286,-5.769804665518385e-05,0.0,0.0,1.645153779681115e-05,0.0021099150101658286,-7.414958445199499e-05,0.0,0.0,0.6623080386829772,0.20016037652786894
2021-11-30,-0.0011201421013335953,9.24863224454778e-05,0.0,0.0,5.47428234594143e-06,-0.0011201421013335953,8.701204009953636e-05,0.0,0.0,0.6630681025750267,0.1998113056268622
2021-12-01,-0.0004428619573825251,-2.2616539837812857e-05,0.0,0.0,5.477407348282744e-06,-0.0004428619573825251,-2.8093947186095602e-05,0.0,0.0,0.6626325460765972,0.19992536821232015
2021-12-02,0.002793655106839549,0.00012839553342232699,0.0,0.0,5.4806081042585046e-06,0.002793655106839549,0.0001229149253180685,0.0,0.0,0.6625016932034155,0.20004219580543542
2021-12-03,0.0010068643030280498,-4.7294971482716414e-05,0.0,0.0,5.461162555361609e-06,0.0010068643030280498,-5.275613403807802e-05,0.0,0.0,0.6633606106327697,0.19933243327069872
2021-12-06,3.540857101941419e-05,8.13872582489744e-05,0.0,0.0,1.6371754499306426e-05,3.540857101941419e-05,6.501550374966797e-05,0.0,0.0,0.6637342007128598,0.19918967974156152
2021-12-07,0.002684726579607231,0.00012788727435477588,0.0,0.0,5.454473951371658e-06,0.002684726579607231,0.0001224328004034042,0.0,0.0,0.6637029575284479,0.19908829922506552
2021-12-08,-0.0010649084669032169,-4.5663535001211335e-05,0.0,0.0,5.435711282516685e-06,-0.0010649084669032169,-5.1099246283728024e-05,0.0,0.0,0.6645222642008779,0.19840346181185903
2021-12-09,-0.0013457890156421627,4.5781761150694665e-05,5.994271208591145e-15,1.2254061681141767e-07,5.459822473841358e-06,-0.001345789015648157,4.019939806004189e-05,2.9970068093909674e-11,0.0006126767545726469,0.6641986065318889,0.19928352029520957
2021-12-10,0.001382376080260558,-5.7433518791490714e-05,0.0,0.0,5.465704145600617e-06,0.001382376080260558,-6.289922293709134e-05,0.0,0.0,0.663719362625082,0.1994982013144225
2021-12-13,0.0006778066536560141,-5.801610825178768e-05,0.0,0.0,1.6380219679205605e-05,0.0006778066536560141,-7.439632793099328e-05,0.0,0.0,0.664225308782356,0.1992926727636682
2021-12-14,-0.0019387857388407234,5.798112184969509e-05,0.0,0.0,5.458369072559724e-06,-0.0019387857388407234,5.252275277713536e-05,0.0,0.0,0.664502147978455,0.19923047114842993
2021-12-15,0.0015122238992595239,-3.490766495428049e-05,0.0,0.0,5.46709292369677e-06,0.0015122238992595239,-4.037475787797726e-05,0.0,0.0,0.6638154928333214,0.19954889171493212
2021-12-16,-0.00026852191446583284,-6.793736901483473e-05,0.0,0.0,5.460012982658622e-06,-0.00026852191446583284,-7.339738199749336e-05,0.0,0.0,0.66434989391165,0.19929047386703969
2021-12-17,-0.0007640554745225096,3.546528849556358e-05,0.0,0.0,5.463742439410789e-06,-0.0007640554745225096,3.000154605615279e-05,0.0,0.0,0.6643085118962062,0.1994265990384938
2021-12-20,-0.0021576561902334123,-1.2215094769344018e-05,0.0,0.0,1.640035110517053e-05,-0.0021576561902334123,-2.861544587451455e-05,0.0,0.0,0.6640318916403696,0.19953760511290816
2021-12-21,0.0023456016133600794,6.913758071639943e-05,0.0,0.0,5.4790971565590435e-06,0.0023456016133600794,6.365848355984038e-05,0.0,0.0,0.663324442865109,0.19998704621440508
2021-12-22,0.0019605880373400335,1.167652417408289e-05,0.0,0.0,5.464038685891498e-06,0.0019605880373400335,6.212485488191392e-06,0.0,0.0,0.6640701268203643,0.19943741203503967
2021-12-23,0.00037960934639174904,1.1646209771833347e-05,5.4653141748827605e-08,1.93170021291263e-07,5.479452054779988e-06,0.0003795546932500002,5.973587695762095e-06,0.0002732303704829492,0.0009657252043473452,0.6644501062811592,0.19999999999946957
2021-12-27,0.0023521093665772102,2.4100473103035897e-05,0.0,0.0,2.190808573552623e-05,0.0023521093665772102,2.1923873675096665e-06,0.0,0.0,0.6645735037470891,0.19991128233667685
2021-12-28,-0.00037935748904365787,1.0912227191463337e-05,0.0,0.0,5.463498423027221e-06,-0.00037935748904365787,5.4487287684361154e-06,0.0,0.0,0.665359156883612,0.19941769244049357
2021-12-29,-0.0011436612794482651,1.1721451786381577e-05,0.0,0.0,5.465242960118509e-06,-0.0011436612794482651,6.256208826263068e-06,0.0,0.0,0.6652285341710797,0.19948136804432556
2021-12-30,0.001368873594948781,-6.930447915101026e-05,0.0,0.0,5.471144732213655e-06,0.001368873594948781,-7.477562388322392e-05,0.0,0.0,0.6648410664918172,0.1996967827257984
2021-12-31,-0.000813305777808276,1.1616918955971694e-05,0.0,0.0,5.465969984400389e-06,-0.000813305777808276,6.150948971571305e-06,0.0,0.0,0.665348913407874,0.1995079044306142
2022-01-03,-0.0029365745696709523,0.0001275976501729955,0.0,0.0,1.6410200710690324e-05,-0.0029365745696709523,0.00011118744946230519,0.0,0.0,0.6650724240486627,0.19965744198006563
2022-01-04,-0.0006717032696297037,-6.943616560493938e-05,0.0,0.0,5.4820600193020514e-06,-0.0006717032696297037,-7.491822562424143e-05,0.0,0.0,0.6640119402626747,0.2000951907045249
2022-01-05,-0.005316733275995795,0.00012880144857964321,0.0,0.0,5.488059883479805e-06,-0.005316733275995795,0.00012331338869616342,0.0,0.0,0.6638358711237468,0.20031418574701285
2022-01-06,-0.0009494574238079074,8.243393822718173e-05,0.0,0.0,5.513163248325183e-06,-0.0009494574238079074,7.692077497885655e-05,0.0,0.0,0.6619569582794157,0.2012304585638692
2022-01-07,-0.0017365549574823046,2.344055268696571e-05,0.0,2.647578508353317e-07,5.479452054820545e-06,-0.0017365549574823046,1.769634278130983e-05,0.0,0.0013236869198078594,0.6615847578030977,0.2000000000009499
2022-01-10,-0.0005187405141675789,6.966205853564322e-05,0.0,0.0,1.646473008684134e-05,-0.0005187405141675789,5.319732844880189e-05,0.0,0.0,0.6609843414751424,0.20032088272323628
2022-01-11,0.0025976869548780144,-2.429359146672496e-05,0.0,0.0,5.488890128127833e-06,0.0025976869548780144,-2.978248159485279e-05,0.0,0.0,0.660773219430586,0.2003444896766659
2022-01-12,-0.0004983009225531583,2.423136761916804e-05,0.0,0.0,5.4754951574679345e-06,-0.0004983009225531583,1.8755872461700107e-05,0.0,0.0,0.6616717964195928,0.1998555732475796
2022-01-13,-0.0013672146219897428,-5.7838212647143476e-05,0.0,0.0,5.477457972240149e-06,-0.0013672146219897428,-6.331567061938362e-05,0.0,0.0,0.6614907100927464,0.19992721598676544
2022-01-14,-0.0029135134984141497,0.00012916214583658353,0.0,0.0,5.486891745660258e-06,-0.0029135134984141497,0.00012367525409092328,0.0,0.0,0.661069174951034,0.2002715487165994
2022-01-18,-0.005286819218085953,0.00017500094369449356,0.0,0.0,2.199477408886127e-05,-0.005286819218085953,0.0001530061696056323,0.0,0.0,0.6599969461741935,0.2007023135608591
2022-01-19,-0.00015484545791648693,-6.941749260070436e-05,0.0,0.0,5.522249170662033e-06,-0.00015484545791648693,-7.493974177136639e-05,0.0,0.0,0.6580886309567696,0.2015620947291642
2022-01-20,-0.0006352322375078605,2.368996139802119e-05,0.0,0.0,5.525420679668618e-06,-0.0006352322375078605,1.816454071835257e-05,0.0,0.0,0.6580850036928384,0.20167785480790454
2022-01-21,0.0003726302097321688,-7.188032301557902e-05,0.0,0.0,5.528182902721529e-06,0.0003726302097321688,-7.740850591830054e-05,0.0,0.0,0.6578557129649497,0.20177867594933582
2022-01-24,-0.0006832853800755308,-6.96777603707519e-05,1.8242388560926324e-08,3.5823151740097735e-07,1.6438356164462785e-05,-0.0006833036224640917,-8.647434805261566e-05,9.120306208459938e-05,0.0017909831935145754,0.6579428741711488,0.20000000000096385
2022-01-25,-0.0020193101169526037,6.892789878236124e-05,0.0,0.0,5.485583716057159e-06,-0.0020193101169526037,6.344231506630408e-05,0.0,0.0,0.6577659225079765,0.2002238056360863
2022-01-26,-0.0031683167370892052,0.00016572655258223265,0.0,0.0,5.494441682049341e-06,-0.0031683167370892052,0.0001602321109001833,0.0,0.0,0.6570316794977726,0.20054712139480096
2022-01-27,0.0005858478715890375,7.167316516195328e-05,0.0,0.0,5.506465141691306e-06,0.0005858478715890375,6.616670002026197e-05,0.0,0.0,0.6558361734714016,0.20098597767173268
2022-01-28,0.00313113582479915,-1.3398206841379109e-05,0.0,0.0,5.500914816713027e-06,0.00313113582479915,-1.8899121658092136e-05,0.0,0.0,0.6559943034982172,0.20078339081002547
2022-01-31,0.0017357073839185757,-2.1927671111463926e-05,0.0,0.0,1.6452641158940726e-05,0.0017357073839185757,-3.838031227040465e-05,0.0,0.0,0.6570804494313796,0.20017380076711216
2022-02-01,0.0008405795447182935,1.9153616804498086e-05,0.0,0.0,5.4755207281962145e-06,0.0008405795447182935,1.3678096076301873e-05,0.0,0.0,0.6576998250971423,0.1998565065791618
2022-02-02,0.0019494800380217192,-3.441267620309468e-05,0.0,0.0,5.470322906431e-06,0.0019494800380217192,-3.988299910952568e-05,0.0,0.0,0.6579783216331284,0.1996667860847315
2022-02-03,-0.0054651215610475945,8.20533413821516e-05,0.0,0.0,5.460837719937687e-06,-0.0054651215610475945,7.659250366221392e-05,0.0,0.0,0.6586700073754457,0.19932057677772558
2022-02-04,-0.0029165071035477316,0.00022227224762503707,0.0,0.0,5.4881628079497904e-06,-0.0029165071035477316,0.00021678408481708728,0.0,0.0,0.6567437686952692,0.20031794249016738
2022-02-07,-0.00014641621151354977,-2.3613372050451705e-05,0.0,1.2747226510754333e-07,1.6438356164463998e-05,-0.00014641621151354977,-4.0179200480023244e-05,0.0,0.0006373354745638493,0.6555971924231214,0.2000000000009786
2022-02-08,-0.0006869076460335792,9.536063037956206e-05,0.0,0.0,5.481121748692227e-06,-0.0006869076460335792,8.987950863086983e-05,0.0,0.0,0.6555731031448809,0.2000609438272663
2022-02-09,0.0027815030542858673,2.272103036873894e-05,0.0,0.0,5.481781906723248e-06,0.0027815030542858673,1.7239248462015694e-05,0.0,0.0,0.6552774145531401,0.20008503959539853
2022-02-10,-0.007470565196420128,0.0005066831237633669,0.0,0.0,5.465861873893101e-06,-0.007470565196420128,0.0005012172618894738,0.0,0.0,0.6562223204392056,0.1995039583970982
2022-02-11,-0.0003183025365504897,-0.00030850722251205286,0.0,0.0,5.490243562104551e-06,-0.0003183025365504897,-0.0003139974660741574,0.0,0.0,0.6533048641483568,0.2003938900168161
2022-02-14,-0.0020731768789970474,0.00022469281001046275,0.0,0.0,1.650652451982555e-05,-0.0020731768789970474,0.0002081862854906372,0.0,0.0,0.6533997062477814,0.2008293816578775
2022-02-15,0.0007707455932383081,-5.7702603899550115e-05,0.0,0.0,5.5062880479588824e-06,0.0007707455932383081,-6.3208891947509e-05,0.0,0.0,0.6525435168896375,0.20097951375049922
2022-02-16,0.0014262896957867501,-0.00013077208763772612,0.0,0.0,5.50397467712936e-06,0.0014262896957867501,-0.00013627606231485549,0.0,0.0,0.6528523454879192,0.20089507571522164
2022-02-17,-0.001631186858721591,-4.8338938398866124e-05,0.0,0.0,5.500461803334249e-06,-0.001631186858721591,-5.383940020220037e-05,0.0,0.0,0.6534356942295525,0.20076685582170012
2022-02-18,0.0004446313635169559,-2.2919002864367965e-05,0.0,0.0,5.511072459620222e-06,0.0004446313635169559,-2.8430075323988187e-05,0.0,0.0,0.6529046688824719,0.20115414477613808
2022-02-22,-0.002078751986628613,9.470024759879268e-05,0.0,2.1869076339321035e-07,2.1917808219284762e-05,-0.002078751986628613,7.25637486161147e-05,0.0,0.0010933684590288956,0.6530774885539627,0.20000000000097345
2022-02-23,-0.004466514686951226,7.026162470404018e-05,0.0,0.0,5.487867222162594e-06,-0.004466514686951226,6.477375748187758e-05,0.0,0.0,0.6523073879766617,0.20030715360893467
2022-02-24,0.002062207986358554,-8.338981999706363e-05,0.0,0.0,5.51019670450696e-06,0.002062207986358554,-8.890001670157059e-05,0.0,0.0,0.6507051085992464,0.20112217971450405
2022-02-25,0.003638962664018536,-5.579145359571917e-15,0.0,0.0,5.5016249567364285e-06,0.003638962664018536,-5.501624962315574e-06,0.0,0.0,0.6514817424711009,0.20080931092087964
2022-02-28,0.002891423424681566,-0.00017774409509386128,0.0,0.0,1.644512215956046e-05,0.002891423424681566,-0.00019418921725342173,0.0,0.0,0.6527489671945337,0.2000823196079856
2022-03-01,-0.0006484807800431475,-0.00025449613818618347,0.0,0.0,5.471818312227032e-06,-0.0006484807800431475,-0.0002599679564984105,0.0,0.0,0.6538767319304114,0.19972136839628665
2022-03-02,-0.002047864155950181,0.00033126192761362156,0.0,0.0,5.483772535394901e-06,-0.002047864155950181,0.00032577815507822666,0.0,0.0,0.6538222151156129,0.20015769754191387
2022-03-03,-0.0006274095580133298,-1.0970402843731304e-05,0.0,0.0,5.484141028637437e-06,-0.0006274095580133298,-1.645454387236874e-05,0.0,0.0,0.6528986986686276,0.20017114754526644
2022-03-04,-0.0014966633549190565,-0.00010676710762985893,0.0,0.0,5.487975097776958e-06,-0.0014966633549190565,-0.00011225508272763589,0.0,0.0,0.6526915337588061,0.20031109106885897
2022-03-07,-0.005204366334050114,0.0001306883173274839,0.0,0.0,1.6499246614124923e-05,-0.005204366334050114,0.00011418907071335898,0.0,0.0,0.6522442782490113,0.20074083380518654
2022-03-08,-0.0008817208319130422,0.0001303389814563137,2.0854121678214763e-05,3.287342591417669e-07,5.479452054816585e-06,-0.0009025749535912569,0.00012453079514235536,0.10381638073472073,0.001636511071250716,0.5465339295429562,0.20000000000080537
2022-03-09,0.0024809128956645027,5.9214275226937736e-05,0.0,0.0,5.480144918559121e-06,0.0024809128956645027,5.3734130308378614e-05,0.0,0.0,0.5460770807938178,0.20002528952740792
2022-03-10,-0.0027472966676563575,8.280906482349194e-05,0.0,0.0,5.464671596039973e-06,-0.0027472966676563575,7.734439322745197e-05,0.0,0.0,0.5471711080677203,0.19946051325545902
2022-03-11,-0.0018114302989584725,4.65302680941536e-05,0.0,0.0,5.477026253239904e-06,-0.0018114302989584725,4.105324184091369e-05,0.0,0.0,0.5458812883875622,0.1999114582432565
2022-03-14,-0.005473684794559008,0.0002502663072356376,0.0,0.0,1.645638836653006e-05,-0.005473684794559008,0.00023380991886910756,0.0,0.0,0.5450347751498604,0.20021939179278236
2022-03-15,0.0029986255498282086,-1.3830097664962943e-05,0.0,0.0,5.507464603088688e-06,0.0029986255498282086,-1.9337562268051632e-05,0.0,0.0,0.5424032153358331,0.2010224580127371
2022-03-16,0.005096758051243683,7.331496705530246e-05,0.0,0.0,5.491482801130727e-06,0.005096758051243683,6.782348425417173e-05,0.0,0.0,0.5437817584249315,0.20043912224127153
2022-03-17,0.004365662329833755,3.5500784050229616e-05,0.0,0.0,5.4612690028438605e-06,0.004365662329833755,3.0039515047385758e-05,0.0,0.0,0.546058353585941,0.1993363186038009
2022-03-18,0.0010460810863337298,3.450424826793381e-05,0.0,0.0,5.436399586929529e-06,0.0010460810863337298,2.9067848681004282e-05,0.0,0.0,0.5480151049081072,0.1984285849229278
2022-03-21,-0.005935482902949041,0.00032977474394803937,0.0,0.0,1.628884985560266e-05,-0.005935482902949041,0.0003134858940924367,0.0,0.0,0.5484714974480737,0.198181006576499
2022-03-22,0.0002527907626978813,7.175570653089678e-05,6.057867353198722e-17,2.06086522043911e-07,5.479452054817999e-06,0.0002527907626978207,6.607016795403487e-05,3.0281332996651145e-13,0.0010301603247945268,0.5456033952007087,0.20000000000085696
2022-03-23,0.0006510674312438982,-0.0001056136308139212,0.0,0.0,5.475740145451243e-06,0.0006510674312438982,-0.00011108937095937245,0.0,0.0,0.5456821892327075,0.19986451530897034
2022-03-24,0.0008355997050194854,2.393663632100469e-05,0.0,0.0,5.4756769241788685e-06,0.0008355997050194854,1.846095939682582e-05,0.0,0.0,0.5460384079036108,0.1998622077325287
2022-03-25,-0.0027149227681778788,0.0002965858962613375,0.0,0.0,5.470349115922965e-06,-0.0027149227681778788,0.0002911155471454145,0.0,0.0,0.5464073425905754,0.1996677427311882
2022-03-28,0.0026702326349600583,9.581293584532299e-05,0.0,0.0,1.6426485057888e-05,0.0026702326349600583,7.938645078743498e-05,0.0,0.0,0.5450134273030545,0.19985556820430395
2022-03-29,0.004011066405489946,-4.77856184804468e-05,0.0,0.0,5.457862963184067e-06,0.004011066405489946,-5.3243481443630864e-05,0.0,0.0,0.5461818678498853,0.19921199815621843
2022-03-30,0.00020987392098715236,-9.312057818310648e-05,0.0,0.0,5.437650898830575e-06,0.00020987392098715236,-9.855822908193705e-05,0.0,0.0,0.5480239524932708,0.198474257807316
2022-03-31,-0.0022061022939707012,8.138014397631095e-15,0.0,0.0,5.439596635084801e-06,-0.0022061022939707012,-5.439596626946786e-06,0.0,0.0,0.5481728061790544,0.19854527718059523
2022-04-01,-0.00021102682844793732,0.0002075283966348513,0.0,0.0,5.45165319449722e-06,-0.00021102682844793732,0.00020207674344035407,0.0,0.0,0.5471768083182434,0.19898534159914852
2022-04-04,0.0020476479292508283,-4.8772584266855756e-05,0.0,0.0,1.6338048681925687e-05,0.0020476479292508283,-6.511063294878145e-05,0.0,0.0,0.5469706769238503,0.1987795922967625
2022-04-05,-0.007130259512758563,0.000189401866786307,0.0,0.0,5.436574251276683e-06,-0.007130259512758563,0.00018396529253503032,0.0,0.0,0.5479320291694342,0.19843496017159895
2022-04-06,-0.0031778559616411958,-8.287232112748619e-05,0.0,0.0,5.4693770613051294e-06,-0.0031778559616411958,-8.834169818879131e-05,0.0,0.0,0.5445846146176171,0.19963226273763723
2022-04-07,-0.0007109231073761849,-7.212443622859211e-05,0.0,0.0,5.489577581306085e-06,-0.0007109231073761849,-7.761401380989819e-05,0.0,0.0,0.5431808948235123,0.20036958171767208
2022-04-08,-0.002540758655920265,0.00013133040187544235,0.0,0.0,5.495887304410936e-06,-0.002540758655920265,0.00012583451457103142,0.0,0.0,0.542898066994982,0.20059988661099917
2022-04-11,-0.00466058626675436,-3.516292246830195e-05,0.0,0.0,1.6516754342424868e-05,-0.00466058626675436,-5.167967681072681e-05,0.0,0.0,0.5416653891638872,0.20095384449950254
2022-04-12,0.001189958780470107,-0.00025450931863417795,0.0,0.0,5.53261932215766e-06,0.001189958780470107,-0.0002600419379563356,0.0,0.0,0.5395472932319723,0.2019406052587546
2022-04-13,0.0022744094121347064,-4.843140458401643e-05,0.0,0.0,5.534445606019418e-06,0.0022744094121347064,-5.396585019003585e-05,0.0,0.0,0.540234878500012,0.20200726461970875
2022-04-14,-0.004359138253047414,0.00019226905942778012,0.0,0.0,5.523507856357241e-06,-0.004359138253047414,0.00018674555157142288,0.0,0.0,0.5413073455017939,0.20160803675703928
2022-04-18,-0.001112663762709886,-1.1107991970489905e-05,0.0,0.0,2.2165443779424113e-05,-0.001112663762709886,-3.327343574991402e-05,0.0,0.0,0.5391979528518762,0.20225967448724502
2022-04-19,-0.0007152290616732846,0.0002419425306461638,0.0,0.0,5.548022959290124e-06,-0.0007152290616732846,0.00023639450768687367,0.0,0.0,0.5387026084470932,0.2025028380140895
2022-04-20,0.003077561159084292,-8.217753370613675e-05,0.0,4.7161425671363056e-07,5.4794520548216225e-06,0.003077561159084292,-8.8128600017672e-05,0.0,0.002357791385238256,0.538245109742479,0.20000000000098922
2022-04-21,-0.003793723535961032,0.00016818008449030799,0.0,0.0,5.46536515356399e-06,-0.003793723535961032,0.000162714719336744,0.0,0.0,0.5397092465076238,0.1994858281050856
2022-04-22,-0.004367207078333595,3.510030067636036e-05,0.0,0.0,5.480657796797381e-06,-0.004367207078333595,2.961964287956298e-05,0.0,0.0,0.537868528340251,0.20004400958310442
2022-04-25,0.0037510006436240802,-0.00016847154388720305,0.0,0.0,1.6510705060995227e-05,0.0037510006436240802,-0.00018498224894819828,0.0,0.0,0.5358255112671856,0.2008802449087753
2022-04-26,-0.0029610977395835903,-0.00017002142077309285,0.0,0.0,5.488611522750354e-06,-0.0029610977395835903,-0.0001755100322958432,0.0,0.0,0.5376592092804487,0.20033432058038791
2022-04-27,-0.001945294632352062,4.8375322894006295e-05,0.0,0.0,5.510554090655539e-06,-0.001945294632352062,4.2864768803350756e-05,0.0,0.0,0.5363805268701308,0.20113522430892714
2022-04-28,0.0035347999981594014,5.075821321826786e-05,0.0,0.0,5.519729637845124e-06,0.0035347999981594014,4.523848358042274e-05,0.0,0.0,0.535453895719549,0.20147013178134704
2022-04-29,-0.008064408195739189,0.0002152932608383345,0.0,0.0,5.498653610343753e-06,-0.008064408195739189,0.00020979460722799073,0.0,0.0,0.5370659788462058,0.20070085677754698
2022-05-02,-0.0024955008030997086,-3.7393902089792863e-06,0.0,0.0,1.6608720576854747e-05,-0.0024955008030997086,-2.0348110785834034e-05,0.0,0.0,0.5331895686818879,0.20207276701839944
2022-05-03,0.002261596590588288,5.999587289623718e-05,0.0,0.0,5.550306373593474e-06,0.002261596590588288,5.444556652264371e-05,0.0,0.0,0.5320325814710336,0.2025861826361618
2022-05-04,0.007168086579984232,-0.0002875701295107158,0.0,4.117026684541664e-07,5.479452054821251e-06,0.007168086579984232,-0.00029346128423399123,0.0,0.0020582114264336288,0.5330595895799026,0.20000000000097565
2022-05-05,-0.009292813906625003,0.00016794329035811983,0.0,0.0,5.449864909342288e-06,-0.009292813906625003,0.00016249342544877754,0.0,0.0,0.5365391704068471,0.19892006919099353
2022-05-06,-0.0036543488203679892,1.2083671674136943e-05,0.0,0.0,5.49543884110911e-06,-0.0036543488203679892,6.5882328330278325e-06,0.0,0.0,0.5321046424149928,0.20058351770048252
2022-05-09,-0.003931264444675922,-0.0002440891071997579,0.0,0.0,1.6545678016998013e-05,-0.003931264444675922,-0.0002606347852167559,0.0,0.0,0.53038501113446,0.20130574920680916
2022-05-10,0.0013699137280759883,6.096993446957848e-05,0.0,0.0,5.545158122529463e-06,0.0013699137280759883,5.5424776347049015e-05,0.0,0.0,0.5286698775423212,0.20239827147232536
2022-05-11,0.0005649120040635922,-1.2172345033454339e-05,0.0,0.0,5.5355976129431934e-06,0.0005649120040635922,-1.7707942646397532e-05,0.0,0.0,0.5292853804378312,0.20204931287242656
2022-05-12,-0.0001658178405860568,-0.00015712298086049796,0.0,0.0,5.532903474595491e-06,-0.0001658178405860568,-0.00016265588433509346,0.0,0.0,0.5295605147774424,0.2019509768227354
2022-05-13,0.0014984841616504673,2.552671303373358e-05,0.0,0.0,5.539027638838117e-06,0.0014984841616504673,1.9987685394895465e-05,0.0,0.0,0.5295686463227154,0.2021745088175913
2022-05-16,-0.00042334847341784625,-4.9822567813171514e-05,0.0,0.0,1.658979369583617e-05,-0.00042334847341784625,-6.641236150900768e-05,0.0,0.0,0.5302619426528878,0.20184248996600668
2022-05-17,0.0002792012592851014,0.0002189364042133415,0.0,0.0,5.5340065734832025e-06,0.0002792012592851014,0.00021340239763985828,0.0,0.0,0.5300982155240984,0.20199123993213688
2022-05-18,-0.0031234315988261786,-4.3480727912428376e-07,1.7487794347952197e-15,2.0419978351050275e-05,8.219178082213056e-06,-0.003123431598827927,-2.9073963712387613e-05,8.707334365175594e-12,0.10167295869022061,0.5301162795739328,0.30000000000077653
2022-05-19,0.0007923056389374767,-0.0004636365882896365,0.0,0.0,8.245182979949706e-06,0.0007923056389374767,-0.0004718817712695862,0.0,0.0,0.5286594498313898,0.30094917876816424
2022-05-20,0.0013818039847085031,-0.0005989730468732346,0.0,0.0,8.255240176245813e-06,0.0013818039847085031,-0.0006072282870494805,0.0,0.0,0.5292821608332652,0.30131626643297216
2022-05-23,0.0007639129519001514,-0.00024813253299740915,0.0,0.0,2.479574500863524e-05,0.0007639129519001514,-0.0002729282780060444,0.0,0.0,0.5302532435419213,0.30168156427172876
2022-05-24,0.0030864382573804403,-0.0008492276336667656,0.0,0.0,8.267987032883617e-06,0.0030864382573804403,-0.0008574956206996492,0.0,0.0,0.5307565631557435,0.301781526700252
2022-05-25,0.004096966800678051,-0.0008270759136468402,0.0,0.0,8.272813915732932e-06,0.004096966800678051,-0.0008353487275625731,0.0,0.0,0.5326557423183976,0.30195770792425203
2022-05-26,0.003647727106564396,-0.0005591898897686598,0.0,0.0,8.268504825030485e-06,0.003647727106564396,-0.0005674583945936903,0.0,0.0,0.5350077182758906,0.30180042611361274
2022-05-27,0.00394872258526891,-0.00038120437665236165,0.0,0.0,8.258387044757741e-06,0.00394872258526891,-0.0003894627636971194,0.0,0.0,0.5370013369659123,0.30143112713365755
2022-05-31,-0.003987524205566528,0.0003357502531498435,0.0,0.0,3.29580178523892e-05,-0.003987524205566528,0.0003027922352974543,0.0,0.0,0.5390315063680045,0.30074191290305147
2022-06-01,-0.0025866340048754937,0.00018258066541934593,0.0,0.0,8.260744455217062e-06,-0.0025866340048754937,0.00017431992096412886,0.0,0.0,0.5370227671212118,0.30151717261542277
2022-06-02,0.0034384409176780096,-5.5143311432477514e-05,5.059762241445941e-16,5.873843450879946e-07,8.207388759246564e-06,0.0034384409176775035,-6.393808453681208e-05,2.5279917048592893e-12,0.0029347283154599613,0.5357284784677904,0.2995696897124996
2022-06-03,-0.002597636836731587,2.075602384957899e-05,0.0,0.0,8.18129174273763e-06,-0.002597636836731587,1.257473210684136e-05,0.0,0.0,0.5373536180788628,0.2986171486099235
2022-06-06,-0.0034873831817611623,0.0003712630898560944,0.0,0.0,2.4605776714589658e-05,-0.0034873831817611623,0.00034665731314150475,0.0,0.0,0.5361419414576934,0.2993702833608408
2022-06-07,0.0025673326058075355,2.6717817783927953e-05,0.0,0.0,8.217563093010209e-06,0.0025673326058075355,1.8500254690917745e-05,0.0,0.0,0.5343327509693523,0.29994105289487266
2022-06-08,-0.0036515739380820708,0.00036694880077533355,0.0,0.0,8.195638546536033e-06,-0.0036515739380820708,0.0003587531622287975,0.0,0.0,0.535515330436417,0.29914080694856515
2022-06-09,-0.00415081337110676,0.0004517568169351512,0.0,0.0,8.212627866396788e-06,-0.00415081337110676,0.0004435441890687544,0.0,0.0,0.5336208743999882,0.2997609171234828
2022-06-10,-0.007552037595737729,0.0008002831008415063,0.0,0.0,8.23076462735026e-06,-0.007552037595737729,0.000792052336214156,0.0,0.0,0.5314402531012979,0.3004229088982845
2022-06-13,-0.013607211304720373,0.0017783451239281045,0.0,0.0,2.4794125109091168e-05,-0.013607211304720373,0.0017535509988190134,0.0,0.0,0.5274537953874593,0.30166185549394253
2022-06-14,-0.0020957451566161315,0.00034167957231804436,0.0,0.0,8.314544370040655e-06,-0.0020957451566161315,0.0003333650279480037,0.0,0.0,0.5200106132476399,0.3034808695064839
2022-06-15,0.009223767853632613,-0.0006067868015101019,0.0,0.0,8.319846017161782e-06,0.009223767853632613,-0.0006151066475272637,0.0,0.0,0.518829242438069,0.30367437962640503
2022-06-16,-0.00564013421090784,-5.1673155830856395e-05,0.0,4.635199787778476e-07,8.201830102321626e-06,-0.00564013421090784,-6.033850591195587e-05,0.0,0.0023172717391869296,0.5235459803212971,0.29936679873473937
2022-06-17,0.0011543271416350474,-0.00021137588313493817,0.0,0.0,8.250276280061822e-06,0.0011543271416350474,-0.000219626159415,0.0,0.0,0.520875080294479,0.3011350842222565
2022-06-21,-1.382022752733781e-05,0.00019484701324196617,0.0,0.0,3.299343060859418e-05,-1.382022752733781e-05,0.000161853582633372,0.0,0.0,0.521541921689642,0.3010650543034219
2022-06-22,0.002188475900894287,-0.000616879061771962,0.0,0.0,8.241799316608199e-06,0.002188475900894287,-0.0006251208610885702,0.0,0.0,0.5214509093344827,0.3008256750561993
2022-06-23,0.0034233499028677892,-0.0003410265015996157,0.0,0.0,8.245808985785926e-06,0.0034233499028677892,-0.00034927231058540166,0.0,0.0,0.5228220287817597,0.3009720279811863
2022-06-24,0.0031956147956089965,-4.821041517405002e-05,0.0,0.0,8.22985297100463e-06,0.0031956147956089965,-5.644026814505465e-05,0.0,0.0,0.5246326173115696,0.30038963344166897
2022-06-27,-0.00398257511785187,0.00031604520823724406,0.0,0.0,2.4616246718231565e-05,-0.00398257511785187,0.0002914289615190125,0.0,0.0,0.5261764723282945,0.2994976684051507
2022-06-28,-0.003583107702810841,0.00014416239486429925,0.0,0.0,8.227124318220309e-06,-0.003583107702810841,0.00013593527054607895,0.0,0.0,0.5241285322275989,0.30029003761504125
2022-06-29,0.0011143406119346838,-0.000493174855300066,0.0,0.0,8.251619418547649e-06,0.0011143406119346838,-0.0005014264747186136,0.0,0.0,0.5223460413988008,0.30118410877698926
2022-06-30,0.0004614983510784909,-0.0006039033291508774,0.0,0.0,8.2600683457554e-06,0.0004614983510784909,-0.0006121633974966328,0.0,0.0,0.5231397422669604,0.3014924946200721
2022-07-01,0.0064442312762826165,-0.000685165247069601,0.0,4.285179450863053e-07,8.219178082219071e-06,0.0064442312762826165,-0.0006938129430969063,0.0,0.0021419201746550043,0.5236801409107776,0.30000000000099614
2022-07-05,-0.0005686045770793915,-0.00023147151140793178,0.0,0.0,3.276339570000415e-05,-0.0005686045770793915,-0.00026423490710793593,0.0,0.0,0.5270933648385919,0.29896598576253786
2022-07-06,-0.0027890243437045407,9.860998846504958e-05,0.0,0.0,8.204023244732494e-06,-0.0027890243437045407,9.040596522031708e-05,0.0,0.0,0.5269636363846244,0.29944684843273606
2022-07-07,0.0023023948173783717,0.0002509361973286602,0.0,0.0,8.22351372649093e-06,0.0023023948173783717,0.00024271268360216927,0.0,0.0,0.5255929869350654,0.30015825101691895
2022-07-08,-0.001130229786532708,0.0003186603003502527,0.0,0.0,8.19577962198825e-06,-0.001130229786532708,0.0003104645207282645,0.0,0.0,0.5265552420562059,0.29914595620257106
2022-07-11,-0.0010879110479666046,-0.0002345797833168627,0.0,0.0,2.4581298503102933e-05,-0.0010879110479666046,-0.0002591610818199657,0.0,0.0,0.5258560908277454,0.29907246512108565
2022-07-12,-0.0002649279013918112,-0.0002816485053656513,0.0,0.0,8.211254162712705e-06,-0.0002649279013918112,-0.000289859759528364,0.0,0.0,0.5254760338999159,0.2997107769390137
2022-07-13,0.000675668756168966,-4.190070773794258e-06,0.0,0.0,8.223532874688032e-06,0.000675668756168966,-1.241360364848229e-05,0.0,0.0,0.5255026483836285,0.3001589499261132
2022-07-14,-0.0030488971275830588,-3.108005002944339e-05,0.0,0.0,8.218196909702799e-06,-0.0030488971275830588,-3.929824693914619e-05,0.0,0.0,0.5258295579761221,0.29996418720415213
2022-07-15,0.005090745307023396,-0.00021240010404525046,0.0,0.0,8.244509072706322e-06,0.005090745307023396,-0.00022064461311795678,0.0,0.0,0.5244001108452502,0.3009245811537807
2022-07-18,-0.0025573673362507946,0.00024670964683410615,2.0009290951089848e-05,2.019018562920494e-05,1.6438356164462277e-05,-0.0025773766272018843,0.00021008110504043892,0.10000000000178404,0.10090405341657266,0.6269246799046952,0.20000000000095772
2022-07-19,0.004354132736744304,0.00016522344599729727,0.0,0.0,5.48567911000748e-06,0.004354132736744304,0.00015973776688728977,0.0,0.0,0.6258488818239359,0.20022728751527302
2022-07-20,0.0013131472389576633,-0.000155112470662456,0.0,0.0,5.456522404719064e-06,0.0013131472389576633,-0.00016056899306717508,0.0,0.0,0.6273711424658738,0.19916306777224585
2022-07-21,0.005226759716322536,-0.0003703699203026438,0.0,0.0,5.454485340303778e-06,0.005226759716322536,-0.00037582440564294753,0.0,0.0,0.6279605160747256,0.19908871492108793
2022-07-22,0.0024643504072150513,-0.0007138531703922293,0.0,0.0,5.438251853463626e-06,0.0024643504072150513,-0.0007192914222456929,0.0,0.0,0.6301305532399981,0.19849619265142232
2022-07-25,-0.0011229359733102562,0.00042492569156883577,0.0,0.0,1.6344905599336187e-05,-0.0011229359733102562,0.0004085807859694996,0.0,0.0,0.6314929112684595,0.19886301812525692
2022-07-26,-0.0023983056160362167,-0.00015489356978773506,0.0,0.0,5.4405465493258655e-06,-0.0023983056160362167,-0.00016033411633706093,0.0,0.0,0.6308206052668031,0.19857994905039408
2022-07-27,0.005790043640514429,-0.00018415007128366593,0.0,0.0,5.4587572018381054e-06,0.005790043640514429,-0.00018960882848550404,0.0,0.0,0.6300343305215985,0.19924463786709087
2022-07-28,0.005679763279223424,-0.0007945653348026773,0.0,0.0,5.433373157094799e-06,0.005679763279223424,-0.0007999987079597722,0.0,0.0,0.6322833126866777,0.19831812023396017
2022-07-29,0.0025694497803915605,-7.044431672300427e-05,0.0,0.0,5.428651528976229e-06,0.0025694497803915605,-7.58729682519805e-05,0.0,0.0,0.6348650838223325,0.19814578080763234
2022-08-01,0.0008822546081303915,-0.00010366674145138672,3.761983820796508e-07,5.068621179582758e-16,1.6251220863089306e-05,0.0008818784097483119,-0.00011991796231498289,0.0018809061748572553,2.5341950760093823e-12,0.6377299014183654,0.19772318716758652
2022-08-02,-0.005633546250901867,0.0004815342023530366,0.0,0.0,5.415787190096494e-06,-0.005633546250901867,0.0004761184151629401,0.0,0.0,0.6381259293078811,0.19767623243852206
2022-08-03,0.005577871393704713,-0.0002378425958258163,0.0,0.0,5.430602412269681e-06,0.005577871393704713,-0.00024327319823808598,0.0,0.0,0.6357713278001406,0.19821698804784332
2022-08-04,0.0009626899598032807,-0.00014892919471048085,0.0,0.0,5.408267712591565e-06,0.0009626899598032807,-0.0001543374624230724,0.0,0.0,0.6379460135412033,0.19740177150959215
2022-08-05,-0.004211103123983542,0.0010880639798112883,0.0,0.0,5.407976413262008e-06,-0.004211103123983542,0.0010826560033980264,0.0,0.0,0.6383926572022477,0.1973911390840633
2022-08-08,0.0027463843335302192,-0.00015938047410254057,0.0,0.0,1.618513365842715e-05,0.0027463843335302192,-0.00017556560776096772,0.0,0.0,0.6361717838636903,0.19691912617753032
2022-08-09,-0.0034162574093976965,0.0001041646855125483,0.0,0.0,5.38556582766201e-06,-0.0034162574093976965,9.87791196848863e-05,0.0,0.0,0.6372798372580424,0.19657315270966336
2022-08-10,0.005468984591970974,-0.00029689987143251067,0.0,0.0,5.400628468356244e-06,0.005468984591970974,-0.00030230049990086693,0.0,0.0,0.6359734078219289,0.1971229390950029
2022-08-11,-0.002655250120852764,0.00033635925856463546,0.0,0.0,5.380960985883376e-06,-0.002655250120852764,0.0003309782975787521,0.0,0.0,0.6381452972581267,0.19640507598474322
2022-08-12,0.004734883691749868,-0.00026131630646486617,0.0,0.0,5.384260147881819e-06,0.004734883691749868,-0.00026670056661274796,0.0,0.0,0.6369705398152219,0.19652549539768638
2022-08-15,0.00011804143372728239,-6.456084913294938e-05,8.527890599731506e-08,1.5526807848464505e-16,1.610231042445708e-05,0.00011795615482128507,-8.066315955756174e-05,0.0004263852245713004,7.763234499691407e-13,0.6392773057988022,0.19591144349756118
2022-08-16,-0.0014290628680012768,0.00027374213394034503,0.0,0.0,5.369005372247648e-06,-0.0014290628680012768,0.0002683731285680974,0.0,0.0,0.6393715031540903,0.19596869608703912
2022-08-17,-0.004252905466447617,0.0005472955731941642,0.0,0.0,5.36773586369711e-06,-0.004252905466447617,0.0005419278373304671,0.0,0.0,0.6386837539660603,0.19592235902494454
2022-08-18,0.001235517578358833,-3.29423632109627e-05,0.0,0.0,5.372679357335007e-06,0.001235517578358833,-3.831504256829771e-05,0.0,0.0,0.6367939767015086,0.19610279654272778
2022-08-19,-0.005371119134157197,0.0003542653704811853,0.0,0.0,5.3671563146840144e-06,-0.005371119134157197,0.0003488982141665013,0.0,0.0,0.6372665571416829,0.19590120548596654
2022-08-22,-0.004645555500980063,0.0003606126218383359,0.0,0.0,1.6153477575378325e-05,-0.004645555500980063,0.00034445914426295757,0.0,0.0,0.63508497505522,0.19653397716710294
2022-08-23,0.0009274826054768951,7.186050618257576e-05,0.0,0.0,5.397829311252332e-06,0.0009274826054768951,6.646267687132342e-05,0.0,0.0,0.6331627133940283,0.19702076986071013
2022-08-24,-0.00021111392656637711,0.00029181951151453295,0.0,0.0,5.390502665567102e-06,-0.00021111392656637711,0.0002864290088489659,0.0,0.0,0.6334605708535513,0.19675334729319924
2022-08-25,0.004737699921954488,-0.0001702827346969702,0.0,0.0,5.382102256982779e-06,0.004737699921954488,-0.000175664836953953,0.0,0.0,0.6332017672837805,0.1964467323798714
2022-08-26,-0.006585672616551433,0.00026203109046068275,0.0,0.0,5.3623045160467725e-06,-0.006585672616551433,0.00025666878594463597,0.0,0.0,0.6350423815805026,0.1957241148357072
2022-08-29,-0.002918924204880526,0.00041314658787487875,2.9181256147001614e-07,0.0,1.6167702195310873e-05,-0.002919216017441996,0.00039697888567956786,0.0014590013485141773,0.0,0.6310005465165789,0.1967070433762823
2022-08-30,-0.0017562482480637067,0.00017758636733105867,0.0,0.0,5.3915136564450035e-06,-0.0017562482480637067,0.00017219485367461366,0.0,0.0,0.6296697988591303,0.19679024846024265
2022-08-31,-0.003915731669024679,-7.133259076274542e-05,0.0,0.0,5.3951945527628186e-06,-0.003915731669024679,-7.672778531550823e-05,0.0,0.0,0.6289097772785291,0.19692460117584287
2022-09-01,-0.00158507096853042,0.0005299272222378187,0.0,0.0,5.41878314230548e-06,-0.00158507096853042,0.0005245084390955132,0.0,0.0,0.627499311166965,0.19778558469415
2022-09-02,0.00045738404920937336,-0.0006377111333371112,0.0,0.0,5.410002233925026e-06,0.00045738404920937336,-0.0006431211355710362,0.0,0.0,0.6265787661595629,0.19746508153826345
2022-09-06,-0.004340704535841899,0.000740415327643284,0.0,0.0,2.171392816905028e-05,-0.004340704535841899,0.0007187013994742337,0.0,0.0,0.6271526357120333,0.19813959454258379
2022-09-07,0.0062149914050766515,-0.0004360724633084419,0.0,0.0,5.427856403738382e-06,0.0062149914050766515,-0.0004415003197121803,0.0,0.0,0.6250759582574683,0.1981167587364509
2022-09-08,-1.866291181922515e-05,0.0002698096468559952,0.0,0.0,5.4085772221374395e-06,-1.866291181922515e-05,0.00026440106963385775,0.0,0.0,0.6276671191455812,0.19741306860801655
2022-09-09,0.0024326061780636345,-0.00014794447940335857,0.0,0.0,5.399858225805227e-06,0.0024326061780636345,-0.0001533443376291638,0.0,0.0,0.6274942569510196,0.1970948252418908
2022-09-12,0.0004931944327415977,-8.081424123979296e-05,0.0,0.0,1.617486773882943e-05,0.0004931944327415977,-9.69891089786224e-05,0.0,0.0,0.628494359917595,0.19679422415575806
2022-09-13,-0.008542629239722058,0.0006531426643825842,1.0376492081728106e-07,0.0,5.391700447989271e-06,-0.008542733004642875,0.0006477509639345949,0.0005188122617521551,0.0,0.6282196325694875,0.1967970663516084
2022-09-14,0.001089776875483974,0.00026275704793169205,0.0,0.0,5.416569850105974e-06,0.001089776875483974,0.0002573404780815861,0.0,0.0,0.624608274438939,0.19770479952886805
2022-09-15,-0.002749107739879158,0.0003520854725216224,0.0,0.0,5.4020937726083e-06,-0.002749107739879158,0.0003466833787490141,0.0,0.0,0.6248562965538506,0.19717642270020294
2022-09-16,-0.0012757123697034584,-2.9913772375810746e-05,0.0,0.0,5.405433740980747e-06,-0.0012757123697034584,-3.531920611679149e-05,0.0,0.0,0.6236053535069679,0.1972983315457973
2022-09-19,0.0007642860026257994,0.00020341153746959457,0.0,0.0,1.6240051108961698e-05,0.0007642860026257994,0.00018717148636063287,0.0,0.0,0.6231466060141142,0.19758728849236729
2022-09-20,-0.004203760971790988,0.0006199884097958889,0.0,0.0,5.402637071317333e-06,-0.004203760971790988,0.0006145857727245716,0.0,0.0,0.623317831597847,0.1971962531030827
2022-09-21,-0.0010836789222163858,-0.00013071544348633346,0.0,0.0,5.405050761630649e-06,-0.0010836789222163858,-0.0001361204942479641,0.0,0.0,0.6213441837604935,0.1972843527995187
2022-09-22,-0.005266009500465065,0.0006634407143861766,0.0,0.0,5.415237510212645e-06,-0.005266009500465065,0.000658025476875964,0.0,0.0,0.6210180222594434,0.19765616912276154
2022-09-23,-0.0040697267035884445,0.00038755820437097016,0.0,0.0,5.422045752486885e-06,-0.0040697267035884445,0.0003821361586184833,0.0,0.0,0.6186025233033118,0.19790466996577133
2022-09-26,-0.00814914032717772,0.0009906232464853427,0.0,0.0,1.629437012367557e-05,-0.00814914032717772,0.0009743288763616672,0.0,0.0,0.6168073294759667,0.19824816983805277
2022-09-27,-0.003944879221386606,-3.8201999458945736e-05,6.205026874793405e-07,1.330418485851939e-07,5.425148460017016e-06,-0.003945499724074085,-4.376018976754794e-05,0.003102196533063581,0.0006651412955356456,0.6099545592470973,0.19801791879062108
2022-09-28,0.010252768961265332,-0.0005487471549349839,0.0,0.0,5.447928292088291e-06,0.010252768961265332,-0.0005541950832270722,0.0,0.0,0.6084368929327899,0.1988493826612226
2022-09-29,-0.0058483325230292765,0.0002584842837060353,0.0,0.0,5.410488438875937e-06,-0.0058483325230292765,0.00025307379526715934,0.0,0.0,0.6127468909040836,0.19748282801897168
2022-09-30,-0.002878462174725494,8.643508883489992e-05,0.0,0.0,5.433810251915546e-06,-0.002878462174725494,8.100127858298438e-05,0.0,0.0,0.6103134198702534,0.1983340741949174
2022-10-03,0.008159458736585232,-0.0006738816848275795,0.0,0.0,1.6340037116745403e-05,0.008159458736585232,-0.0006902217219443249,0.0,0.0,0.6091390002289839,0.19880378492040243
2022-10-04,0.006935503735207282,-0.000723199297684057,0.0,0.0,5.424623750321816e-06,0.006935503735207282,-0.0007286239214343789,0.0,0.0,0.6127218939158519,0.19799876688674628
2022-10-05,-0.0038555302743847777,0.0002966590795142847,0.0,0.0,5.410852915970985e-06,-0.0038555302743847777,0.0002912482265983137,0.0,0.0,0.6158349839207468,0.19749613143294095
2022-10-06,-0.002353364928318917,0.00010368782481340277,0.0,0.0,5.422050988959026e-06,-0.002353364928318917,9.826577382444374e-05,0.0,0.0,0.6141685234889489,0.19790486109700442
2022-10-07,-0.005684124373553382,-9.449601332464236e-07,0.0,0.0,5.4314587045677125e-06,-0.005684124373553382,-6.376418837814136e-06,0.0,0.0,0.6131979808086893,0.1982482427167215
2022-10-10,-0.003745407080388923,0.00024790600407611466,0.0,0.0,1.638770804728786e-05,-0.003745407080388923,0.0002315182960288268,0.0,0.0,0.6109906994947547,0.19938378124200232
2022-10-11,0.00030353291651081914,-0.00027053839201786665,1.0472805251728176e-07,1.0068564911589431e-07,5.461225457119711e-06,0.00030342818845830187,-0.00027610030312410225,0.0005235639257301222,0.0005033548552533657,0.6088630452599926,0.19933472918486944
2022-10-12,-2.2223782954311364e-05,-0.00012763384203676124,0.0,0.0,5.46848802564621e-06,-2.2223782954311364e-05,-0.00013310233006240746,0.0,0.0,0.6091499313970271,0.19959981293608667
2022-10-13,0.0017385968545191087,0.0006330269451840124,0.0,0.0,5.472834917411163e-06,0.0017385968545191087,0.0006275541102666012,0.0,0.0,0.6092223357514479,0.19975847448550743
2022-10-14,-0.003850561842917671,3.0070417808980604e-05,0.0,0.0,5.4426136678523726e-06,-0.003850561842917671,2.462780414112823e-05,0.0,0.0,0.6095187193002398,0.19865539887661163
2022-10-17,0.0043313553204948,-0.00014981748618482691,0.0,0.0,1.6388069133896537e-05,0.0043313553204948,-0.00016620555531872346,0.0,0.0,0.6079943035586894,0.19938817446240786
2022-10-18,0.00288410540882135,-0.00019312919954525567,0.0,0.0,5.444118730111131e-06,0.00288410540882135,-0.0001985733182753668,0.0,0.0,0.6097858096572826,0.1987103336490563
2022-10-19,-0.005122083732958916,0.0006051422161885955,0.0,0.0,5.434814572117987e-06,-0.005122083732958916,0.0005997074016164775,0.0,0.0,0.6110289771397418,0.19837073188230656
2022-10-20,-0.003347049670181229,0.0006300091270268468,0.0,0.0,5.4428499491031725e-06,-0.003347049670181229,0.0006245662770777436,0.0,0.0,0.6086594806358576,0.1986640231422658
2022-10-21,0.004353767178041956,3.888904598103315e-05,0.0,0.0,5.440400825975585e-06,0.004353767178041956,3.344864515505757e-05,0.0,0.0,0.60696488277924,0.19857463014810883
2022-10-24,0.0010687874054824107,0.000581118007163267,0.0,0.0,1.6246728214883587e-05,0.0010687874054824107,0.0005648712789483834,0.0,0.0,0.608648378161847,0.19766852661441697
2022-10-25,0.006031011962644769,-0.00017553149864503608,6.444421060704879e-08,9.936730141359469e-08,5.404457820300939e-06,0.006030947518434162,-0.0001810353237667506,0.0003221651136063111,0.0004967502533914474,0.6090448855213993,0.1972627104409843
2022-10-26,0.0008221391667576296,-0.00020024206780130065,0.0,0.0,5.3778072025210016e-06,0.0008221391667576296,-0.00020561987500382166,0.0,0.0,0.6114986838762136,0.19628996289201656
2022-10-27,0.0021551224102992965,-0.00018015864998223205,0.0,0.0,5.379976427313734e-06,0.0021551224102992965,-0.00018553862640954577,0.0,0.0,0.6119435480401403,0.19636913959695126
2022-10-28,0.0025085989869294213,4.253448574224254e-05,0.0,0.0,5.374327093245726e-06,0.0025085989869294213,3.7160158648996816e-05,0.0,0.0,0.6128915292331787,0.19616293890346903
2022-10-31,-0.004228221235196856,0.00044036837636291355,0.0,0.0,1.6078553170825387e-05,-0.004228221235196856,0.0004242898231920882,0.0,0.0,0.6138374459282376,0.19562239691170885
2022-11-01,0.0022925930761234638,-0.0002820907304187462,0.0,0.0,5.367871852941842e-06,0.0022925930761234638,-0.000287458602271688,0.0,0.0,0.6119369910354078,0.19592732263237722
2022-11-02,-0.004256886153344953,-9.365524058186271e-05,0.0,0.0,5.36484313418883e-06,-0.004256886153344953,-9.902008371605154e-05,0.0,0.0,0.6130004358052124,0.19581677439789227
2022-11-03,-0.003438477637278041,0.0003853904705573559,0.0,0.0,5.390891248001559e-06,-0.003438477637278041,0.00037999957930935434,0.0,0.0,0.6114067802593807,0.19676753055205692
2022-11-04,0.00343591983770168,-0.00034108930294785554,0.0,0.0,5.3968387177732965e-06,0.00343591983770168,-0.00034648614166562884,0.0,0.0,0.6098334648934945,0.19698461319872532
2022-11-07,0.00024610633531758517,0.00021035437863000398,0.0,0.0,1.6168599075746172e-05,0.00024610633531758517,0.0001941857795542578,0.0,0.0,0.6113805650125446,0.1967179554215784
2022-11-08,0.0019143085735202328,-0.00029969145686542997,7.901145599164727e-08,1.46371748044269e-07,5.4014468992990505e-06,0.0019142295620642412,-0.0003052392755127733,0.00039496805751063535,0.0007316934522203048,0.6117524635160572,0.19715281182441532
2022-11-09,-0.003992991029530375,-0.0004469914254058787,0.0,0.0,5.400967519867232e-06,-0.003992991029530375,-0.00045239239292574595,0.0,0.0,0.6126809743530884,0.19713531447515398
2022-11-10,0.01716780851042877,-0.0019548471778059787,0.0,0.0,5.437385121972036e-06,0.01716780851042877,-0.001960284562927951,0.0,0.0,0.6114059170516112,0.1984645569519793
2022-11-11,0.0011247938905408668,-6.978111550757253e-05,0.0,0.0,5.408689799251506e-06,0.0011247938905408668,-7.518980530682403e-05,0.0,0.0,0.6191578674652778,0.19741717767267994
2022-11-14,-0.0034351892201788677,0.0005944257963604861,0.0,0.0,1.6214785726566022e-05,-0.0034351892201788677,0.0005782110106339201,0.0,0.0,0.6196322927699845,0.19727989300655327
2022-11-15,0.005492258915137467,-0.0008446343489941154,0.0,0.0,5.404082282589502e-06,0.005492258915137467,-0.0008500384312767049,0.0,0.0,0.6179626092587718,0.19724900331451684
2022-11-16,0.0007147127733949601,-0.0005576503358384764,0.0,0.0,5.40214500150247e-06,0.0007147127733949601,-0.0005630524808399789,0.0,0.0,0.620574026715339,0.19717829255484015
2022-11-17,-0.003025438991307225,9.34308082421222e-06,0.0,0.0,5.416601609510553e-06,-0.003025438991307225,3.9264792147016675e-06,0.0,0.0,0.6211945289447405,0.19770595874713515
2022-11-18,-0.00017201023854406417,3.483416460257939e-05,0.0,0.0,5.43276078939381e-06,-0.00017201023854406417,2.940140381318558e-05,0.0,0.0,0.6200425562953094,0.19829576881287406
2022-11-21,-1.8743336761455754e-05,-6.986192680622992e-05,0.0,0.0,1.6297743488366918e-05,-1.8743336761455754e-05,-8.615967029459683e-05,0.0,0.0,0.6199589576813014,0.1982892124417975
2022-11-22,0.004300490791504756,-0.00030982125627837585,2.0937577363323331e-07,1.2958383402651106e-07,5.452813993525067e-06,0.0043002814157311236,-0.0003154036541059274,0.0010467279245249268,0.0006478257502711532,0.621051982682424,0.19902771076366496
2022-11-23,0.0034445552471410934,-0.0004337349000901075,0.0,0.0,5.439626002433082e-06,0.0034445552471410934,-0.0004391745260925406,0.0,0.0,0.6228704110246625,0.19854634908880747
2022-11-25,0.00014327300134580289,0.00011889980483718044,0.0,0.0,1.0870348764154647e-05,0.00014327300134580289,0.00010802945607302579,0.0,0.0,0.6244382914691374,0.1983838649458223
2022-11-28,-0.003504644103214056,-9.942362222083727e-05,0.0,0.0,1.6291656426237687e-05,-0.003504644103214056,-0.00011571527864707496,0.0,0.0,0.6244246450227166,0.19821515318589186
2022-11-29,-0.00047801314251824526,-0.0001887447895479646,0.0,0.0,5.45301796167159e-06,-0.00047801314251824526,-0.00019419780750963618,0.0,0.0,0.623176122440933,0.199035155601013
2022-11-30,0.008176701700217524,-0.0007185173201362339,0.0,0.0,5.461860574281749e-06,0.008176701700217524,-0.0007239791807105157,0.0,0.0,0.6231169753523947,0.19935791096128386
2022-12-01,0.004949783647110994,-0.0005798821647563215,0.0,0.0,5.440995748767499e-06,0.004949783647110994,-0.000585323160505089,0.0,0.0,0.6266236250509404,0.19859634483001368
2022-12-02,0.0008614037679181656,0.0001734416185133518,0.0,0.0,5.4331700752531094e-06,0.0008614037679181656,0.00016800844843809867,0.0,0.0,0.6288289097685312,0.19831070774673848
2022-12-05,-0.006279106546479838,0.00034496625934737267,0.0,0.0,1.6268507749645704e-05,-0.006279106546479838,0.00032869775159772695,0.0,0.0,0.6290427692251984,0.19793351095402276
2022-12-06,-0.0012354296276121542,-0.0001850192452557281,0.0,0.0,5.445789459651275e-06,-0.0012354296276121542,-0.00019046503471537937,0.0,0.0,0.6264915434688949,0.19877131527727152
2022-12-07,0.0037022219299267206,-0.000649752363965407,1.3365949155812825e-07,7.196634856252105e-08,5.468499322183449e-06,0.0037020882704351626,-0.000655292829636153,0.000668228987648713,0.00035979487639898445,0.6268171652548269,0.19960022525969584
2022-12-08,-0.00014120631605621817,0.00035041636255590954,0.0,0.0,5.469635895104601e-06,-0.00014120631605621817,0.00034494672666080493,0.0,0.0,0.6286041588993518,0.19964171017131793
2022-12-09,-0.0033685965320309867,0.0002546698731247498,0.0,0.0,5.458923243552298e-06,-0.0033685965320309867,0.0002492109498811975,0.0,0.0,0.628334935365567,0.1992506983896589
2022-12-12,0.0016692527711156793,0.0001833390339887585,0.0,0.0,1.6407017774956353e-05,0.0016692527711156793,0.00016693201621380214,0.0,0.0,0.6269219501258919,0.19961871626196898
2022-12-13,0.004228299487251071,-0.0008467371415645886,0.0,0.0,5.453968443865681e-06,0.004228299487251071,-0.0008521911100084543,0.0,0.0,0.6274391087505442,0.19906984820109738
2022-12-14,-0.001114719069418685,-2.8710574431171966e-06,0.0,0.0,5.458737432541595e-06,-0.001114719069418685,-8.329794875658791e-06,0.0,0.0,0.629542006196848,0.19924391628776822
2022-12-15,-0.0025872996919474077,6.873014936584561e-05,0.0,0.0,5.4649535014728764e-06,-0.0025872996919474077,6.326519586437273e-05,0.0,0.0,0.6291338351665022,0.19947080280376
2022-12-16,-0.0030137280461493493,1.4030448966915768e-05,0.0,0.0,5.476894353962837e-06,-0.0030137280461493493,8.553554612952932e-06,0.0,0.0,0.6281319622152787,0.19990664391964352
2022-12-19,-0.003512923755645412,0.0004715031378826147,0.0,0.0,1.6479052301924625e-05,-0.003512923755645412,0.00045502408558069005,0.0,0.0,0.6270024860463256,0.20049513634008292
2022-12-20,-0.0022062256196667307,0.00031134418702445367,0.0,0.0,5.496908534580581e-06,-0.0022062256196667307,0.0003058472784898731,0.0,0.0,0.6254019787952964,0.2006371615121912
2022-12-21,0.0043417639443542695,-0.0002401243787579258,1.552304346573554e-07,1.8609579984334072e-07,5.47334112632403e-06,0.004341608713919612,-0.0002457838156840932,0.0007759911013986015,0.0009302859004733516,0.6236063247038008,0.1997769511108271
2022-12-22,-0.002693594664905505,-2.3539547964037785e-05,0.0,0.0,5.45756663910277e-06,-0.002693594664905505,-2.8997114603140556e-05,0.0,0.0,0.6253866145811305,0.19920118232725115
2022-12-23,-0.0005843717117095823,0.00010577483672534501,0.0,0.0,5.473112609624362e-06,-0.0005843717117095823,0.00010030172411572065,0.0,0.0,0.6243929871301684,0.1997686102512892
2022-12-27,-0.004065634891850039,0.00047514657038827586,0.0,0.0,2.1891455672244316e-05,-0.004065634891850039,0.00045325511471603155,0.0,0.0,0.6241107286911536,0.19975953300922938
2022-12-28,-0.0031599249193830204,-1.8965743618362334e-05,0.0,0.0,5.479640747225102e-06,-0.0031599249193830204,-2.4445384365587434e-05,0.0,0.0,0.6222930526381045,0.2000068872737162
2022-12-29,0.0047786101397865955,-0.00030241850582867863,0.0,0.0,5.497666964059555e-06,0.0047786101397865955,-0.00030791617279273816,0.0,0.0,0.6211109750630445,0.20066484418817374
2022-12-30,-0.001721337604871813,0.00023665936913873457,0.0,0.0,5.4814465326315736e-06,-0.001721337604871813,0.000231177922606103,0.0,0.0,0.6231038784526224,0.2000727984410524
2023-01-03,0.0017790108590331269,-0.0004560074749416726,0.0,0.0,2.193253383484664e-05,0.0017790108590331269,-0.0004779400087765193,0.0,0.0,0.622309881943699,0.20013437124297556
2023-01-04,0.004077358799717496,-0.0004204189553210938,0.0,0.0,5.488485905166258e-06,0.004077358799717496,-0.00042590744122626006,0.0,0.0,0.6232779640121485,0.20032973553856842
2023-01-05,-0.002015596930922255,0.0001727203738578034,0.0,0.0,5.479994300077759e-06,-0.002015596930922255,0.00016724037955772564,0.0,0.0,0.625072899523744,0.2000197919528382
2023-01-06,0.00804573766910217,-0.0007671115253690801,3.237364746163652e-08,7.562238773106538e-08,5.4750447329874585e-06,0.008045705295454708,-0.0007726621924897986,0.00016182523786197056,0.000378011495206762,0.6240492419704683,0.19983913275404222
2023-01-09,0.0009340983265510516,-0.00033131712483144675,0.0,0.0,1.636913106552384e-05,0.0009340983265510516,-0.0003476862558969706,0.0,0.0,0.6275309202084514,0.19915776129720675
2023-01-10,-0.0012797790100285806,1.9911081067375177e-05,0.0,0.0,5.462251073381138e-06,-0.0012797790100285806,1.444882999399404e-05,0.0,0.0,0.6280966950514867,0.19937216417841153
2023-01-11,0.004329975268077632,-0.00041280508983114526,0.0,0.0,5.468625180795357e-06,0.004329975268077632,-0.00041827371501194064,0.0,0.0,0.6276110512459223,0.1996048190990305
2023-01-12,0.004404604752826924,-0.0006010114635303506,0.0,0.0,5.458582563393119e-06,0.004404604752826924,-0.0006064700460937437,0.0,0.0,0.6294786937301142,0.19923826356384883
2023-01-13,-0.0013259362850143446,0.00030888362595893283,0.0,0.0,5.454332341917207e-06,-0.0013259362850143446,0.0003034292936170156,0.0,0.0,0.6314848340180814,0.19908313047997805
2023-01-17,-0.001247372744563515,-6.990282437839313e-05,0.0,0.0,2.1805775665360442e-05,-0.001247372744563515,-9.170860004375357e-05,0.0,0.0,0.6308038991301282,0.198977702946414
2023-01-18,0.002611522315625472,-0.0008234761133850384,0.0,0.0,5.460671345341068e-06,0.002611522315625472,-0.0008289367847303795,0.0,0.0,0.6304006841813796,0.19931450410494897
2023-01-19,-0.0011515530621049202,2.4267315114338326e-05,0.0,0.0,5.473475396703005e-06,-0.0011515530621049202,1.879383971763532e-05,0.0,0.0,0.631885815984254,0.19978185197965964
2023-01-20,-1.8416529532311362e-05,0.00030813039336788925,0.0,0.0,5.4790169457295574e-06,-1.8416529532311362e-05,0.0003026513764221597,0.0,0.0,0.6314495432156988,0.19998411851912884
2023-01-23,0.00032349018860827056,0.00031938413267718193,2.247843317915475e-07,7.222912768478011e-08,1.6377382079000345e-05,0.00032326540427647904,0.0003029345214704968,0.001123781965201824,0.00036110075113993275,0.6323754849202298,0.19925814862783753
2023-01-24,0.0018341255146037828,-0.0002307560135114973,0.0,0.0,5.4469662196141794e-06,0.0018341255146037828,-0.00023620297973111148,0.0,0.0,0.632303027000281,0.19881426701591753
2023-01-25,0.00028973909020642286,-0.00020838561867234096,0.0,0.0,5.444588271883392e-06,0.00028973909020642286,-0.00021383020694422435,0.0,0.0,0.633125467063662,0.19872747192374382
2023-01-26,0.0008811531829408759,-3.189545194822117e-05,0.0,0.0,5.449883772324445e-06,0.0008811531829408759,-3.734533572054562e-05,0.0,0.0,0.6333671279624895,0.19892075768984224
2023-01-27,-0.0008444975311277144,0.00021233864351932923,0.0,0.0,5.446162106000749e-06,-0.0008444975311277144,0.00020689248141332847,0.0,0.0,0.6337135486801645,0.19878491686902733
2023-01-30,-0.0037514445601180336,0.00017072376306519443,0.0,0.0,1.6331446839728237e-05,-0.0037514445601180336,0.0001543923162254662,0.0,0.0,0.6332728291027195,0.1986992698833602
2023-01-31,0.003518479093732909,-0.00039550852309385174,0.0,0.0,5.458773744216633e-06,0.003518479093732909,-0.00040096729683806835,0.0,0.0,0.6317939804978292,0.19924524166390709
2023-02-01,0.005689673943047236,-0.0006298543871304234,0.0,0.0,5.452611015001263e-06,0.005689673943047236,-0.0006353069981454247,0.0,0.0,0.6333380208401707,0.19902030204754612
2023-02-02,0.0021069219151281693,-0.00010424969599424623,0.0,0.0,5.442359617029596e-06,0.0021069219151281693,-0.00010969205561127583,0.0,0.0,0.6358140572292545,0.19864612602158024
2023-02-03,-0.005900427661508447,0.0009225735492956724,0.0,0.0,5.434362102825044e-06,-0.005900427661508447,0.0009171391871928474,0.0,0.0,0.6366494438650505,0.19835421675311407
2023-02-06,-0.004122797543095626,0.0006298032828417201,4.696269909585662e-08,7.682885323157712e-18,1.6308528447367273e-05,-0.004122844505794722,0.0006134947543943451,0.00023480915572762212,3.8413716652030416e-14,0.6341427716006248,0.1984204294429685
2023-02-07,0.001313145609017866,3.4886321984253575e-05,0.0,0.0,5.438005126600156e-06,0.001313145609017866,2.9448316857653417e-05,0.0,0.0,0.6322387208553888,0.1984871871209057
2023-02-08,-0.0005495624396425278,-2.7155184728447728e-05,0.0,0.0,5.42975937500091e-06,-0.0005495624396425278,-3.2584944103448636e-05,0.0,0.0,0.6327024040598289,0.1981862171875332
2023-02-09,-0.0034841636836595593,0.00010067607280227394,0.0,0.0,5.433666547429437e-06,-0.0034841636836595593,9.524240625484451e-05,0.0,0.0,0.6325210621016533,0.19832882898117446
2023-02-10,-0.0025477735229629127,0.00025335057173551457,0.0,0.0,5.449375804471862e-06,-0.0025477735229629127,0.0002479011959310427,0.0,0.0,0.6311759038683985,0.19890221686322296
2023-02-13,0.002184243123364498,-0.00021088785501424803,0.0,0.0,1.6364941354507123e-05,0.002184243123364498,-0.00022725279636875515,0.0,0.0,0.630077227524913,0.19910678647983665
2023-02-14,-0.0008580769070294333,0.0003840288963121606,0.0,0.0,5.450092422802163e-06,-0.0008580769070294333,0.0003785788038893584,0.0,0.0,0.6310265577786273,0.19892837343227893
2023-02-15,-0.0006728927222298593,0.00032290220639132316,0.0,0.0,5.442180598451075e-06,-0.0006728927222298593,0.0003174600257928721,0.0,0.0,0.6304707904196893,0.19863959184346422
2023-02-16,-0.003664435930550815,0.0005092642120601387,0.0,0.0,5.4352658338507086e-06,-0.003664435930550815,0.000503828946226288,0.0,0.0,0.6300218280546189,0.19838720293555087
2023-02-17,0.0009559073173603003,0.000241208745596246,0.0,0.0,5.43850235822234e-06,0.0009559073173603003,0.00023577024323802366,0.0,0.0,0.6283433384681845,0.19850533607511542
2023-02-21,-0.007021912928596904,0.00019560281193547666,2.2391470398589731e-07,1.9898760422909863e-05,1.0874885033888129e-05,-0.00702213684330089,0.00016482916647867868,0.0011117080382507252,0.0987948157025345,0.6274385088485867,0.09923332593422918
2023-02-22,0.0012157463330206566,-4.9265056082027955e-05,0.0,0.0,2.732097107794216e-06,0.0012157463330206566,-5.199715318982217e-05,0.0,0.0,0.6247003584839349,0.09972154443448888
2023-02-23,0.004072752508735453,-6.141635971602657e-05,0.0,0.0,2.7302694864824962e-06,0.004072752508735453,-6.414662920250907e-05,0.0,0.0,0.6251885421637731,0.0996548362566111
2023-02-24,-0.003802802474930855,0.00020812008537703414,0.0,0.0,2.721044531367804e-06,-0.003802802474930855,0.00020539904084566633,0.0,0.0,0.6267489053256291,0.09931812539492484
2023-02-27,0.0018417364572736613,-8.600213864371681e-05,0.0,0.0,8.175438183056341e-06,0.0018417364572736613,-9.417757682677314e-05,0.0,0.0,0.6251951821459234,0.09946783122718549
2023-02-28,-0.00033573018532911643,2.451396060369192e-05,0.0,0.0,2.7227441283147e-06,-0.00033573018532911643,2.179121647537722e-05,0.0,0.0,0.625943046274027,0.09938016068348654
2023-03-01,-0.0026751191870335923,0.0001819950227815707,0.0,0.0,2.7229273459589482e-06,-0.0026751191870335923,0.00017927209543561174,0.0,0.0,0.6258037802821846,0.09938684812750162
2023-03-02,0.0003087903863954498,-3.697063235866667e-05,0.0,0.0,2.7247417196475725e-06,0.0003087903863954498,-3.969537407831424e-05,0.0,0.0,0.6246877862897189,0.09945307276713639
2023-03-03,0.006274901597241999,-6.165452457791934e-05,0.0,0.0,2.725021324038039e-06,0.006274901597241999,-6.437954590195737e-05,0.0,0.0,0.6248284384597711,0.09946327832738842
2023-03-06,-0.0011425900652564647,4.900857472018277e-05,0.0,0.0,8.129642145470954e-06,-0.0011425900652564647,4.0878932574711814e-05,0.0,0.0,0.6272080506278109,0.09891064610322994
2023-03-07,-0.0031749999942596117,0.00020839135963667332,5.452689492973816e-08,0.0,2.71152533212467e-06,-0.0031750545211545415,0.00020567983430454866,0.00027262910741178425,0.0,0.626483335478802,0.09897067462255045
2023-03-08,-0.0013075496124294646,4.924070741975742e-05,0.0,0.0,2.71387449001981e-06,-0.0013075496124294646,4.652683292973761e-05,0.0,0.0,0.6251646836713487,0.09905641888572306
2023-03-09,-0.0014029660929614615,-0.000320127372542251,0.0,0.0,2.715950304744829e-06,-0.0014029660929614615,-0.0003228433228469958,0.0,0.0,0.6246448254128614,0.09913218612318625
2023-03-10,0.0037046640527872033,-0.0005427242958521446,0.0,0.0,2.729431396094375e-06,0.0037046640527872033,-0.000545453727248239,0.0,0.0,0.6243193154730144,0.09962424595744468
2023-03-13,0.001008130359035128,-0.0009959318041917594,0.0,0.0,8.20697410731328e-06,0.001008130359035128,-0.0010041387782990727,0.0,0.0,0.6260461680075682,0.0998515183056449
2023-03-14,0.0002716317978756385,0.0003811302114956678,0.0,0.0,2.7629328101562815e-06,0.0002716317978756385,0.0003783672786855115,0.0,0.0,0.6270517954387359,0.10084704757070427
2023-03-15,0.0026810646157052398,-0.0005897767688364462,0.0,0.0,2.7507029321878446e-06,0.0026810646157052398,-0.0005925274717686341,0.0,0.0,0.6269159324594312,0.10040065702485632
2023-03-16,-0.0001816542788798864,0.0004046164924739758,0.0,0.0,2.7610945512988908e-06,-0.0001816542788798864,0.00040185539792267686,0.0,0.0,0.6282848009314209,0.1007799511224095
2023-03-17,-0.00030240363699762595,-0.0005025740702711591,0.0,0.0,2.7494037461618334e-06,-0.00030240363699762595,-0.000505323474017321,0.0,0.0,0.6279648680858688,0.10035323673490693
2023-03-20,3.793072989944911e-05,0.0001226573926847691,0.0,0.0,8.296219777949596e-06,3.793072989944911e-05,0.00011436117290681949,0.0,0.0,0.6281698542704874,0.10093734063172008
2023-03-21,0.0022520072900039977,0.00037724955951353627,5.601364928863379e-08,1.5991763340058095e-07,2.7397260273972532e-06,0.002251951276354709,0.00037434991585273843,0.00027997863095320793,0.0007993323169154243,0.6278321499782153,0.09999999999999974
2023-03-22,0.002281580112230889,-0.00046119412083627946,0.0,0.0,2.722240998247845e-06,0.002281580112230889,-0.00046391636183452733,0.0,0.0,0.6284337010898241,0.09936179643604634
2023-03-23,0.00108678441712165,-0.0002908420552145853,0.0,0.0,2.7299143871899417e-06,0.00108678441712165,-0.00029357196960177524,0.0,0.0,0.6295709329389486,0.09964187513243287
2023-03-24,-3.5875260571479376e-05,-4.83915564890035e-05,0.0,0.0,2.735712661339461e-06,-3.5875260571479376e-05,-5.112726915034296e-05,0.0,0.0,0.6301578682910389,0.09985351213889032
2023-03-27,-0.0032713909130091777,0.0004237514062729836,0.0,0.0,8.211829822191134e-06,-0.0032713909130091777,0.00041553957645079246,0.0,0.0,0.6301768200079806,0.09991059616999212
2023-03-28,-0.0004188882869060859,0.0001093022713988196,0.0,0.0,2.7334733734148353e-06,-0.0004188882869060859,0.00010656879802540476,0.0,0.0,0.6287009054159989,0.09977177812964148
2023-03-29,0.0032809207987188507,3.641741383644685e-05,0.0,0.0,2.7313318388006427e-06,0.0032809207987188507,3.3686081997646204e-05,0.0,0.0,0.6284783031515057,0.09969361211622346
2023-03-30,0.0020178428901537065,-1.2092042761999656e-05,0.0,0.0,2.7213140152756383e-06,0.0020178428901537065,-1.4813356777275294e-05,0.0,0.0,0.6296721084469713,0.0993279615575608
2023-03-31,0.004491659938987671,-0.00012084616855457026,0.0,0.0,2.7162046659538326e-06,0.004491659938987671,-0.0001235623732205241,0.0,0.0,0.6304271870627945,0.09914147030731488
2023-04-03,0.0016768441641526678,-0.00012053943695983681,0.0,0.0,8.12306422260318e-06,0.0016768441641526678,-0.00012866250118244,0.0,0.0,0.6321575212719327,0.09883061470833868
2023-04-04,0.00027932863928448035,-0.00022867818952645256,2.3792136865605422e-07,9.994616725277934e-17,2.706799906534388e-06,0.0002790907179158243,-0.0002313849894330869,0.0011895605357930689,4.99711383383783e-13,0.6340441520978958,0.09879819658850517
2023-04-05,-3.8034354415264005e-05,-0.00013238522525875542,0.0,0.0,2.7129356398407997e-06,-3.8034354415264005e-05,-0.0001350981608985962,0.0,0.0,0.6342932213169857,0.0990221508541892
2023-04-06,0.0008459736129516706,3.6109421445221186e-05,0.0,0.0,2.717033039077889e-06,0.0008459736129516706,3.3392388406143295e-05,0.0,0.0,0.6343650161734474,0.09917170592634295
2023-04-10,-0.0023371895424555106,0.00034878918325665704,0.0,0.0,1.0854629767066364e-05,-0.0023371895424555106,0.00033793455348959066,0.0,0.0,0.6346528976055817,0.09904849662448056
2023-04-11,0.00043758170212477253,1.2043044411607584e-05,0.0,0.0,2.7095185922955045e-06,0.00043758170212477253,9.33352581931208e-06,0.0,0.0,0.6335824008389246,0.09889742861878591
2023-04-12,-1.8680605823541582e-05,-0.00010842228700121077,0.0,0.0,2.7079784090853043e-06,-1.8680605823541582e-05,-0.00011113026541029608,0.0,0.0,0.6337367559343141,0.09884121193161362
2023-04-13,0.0015957362551162833,-6.0237795319288515e-05,0.0,0.0,2.7113008390258675e-06,0.0015957362551162833,-6.294909615831438e-05,0.0,0.0,0.633800349504048,0.09896248062444415
2023-04-14,-0.0016752601957345948,0.0002286032120170647,0.0,0.0,2.7087991769878778e-06,-0.0016752601957345948,0.00022589441284007682,0.0,0.0,0.6344236493361228,0.09887116996005753
2023-04-17,-0.0019774825761051554,0.00014453189495721718,0.0,0.0,8.119376171868294e-06,-0.0019774825761051554,0.0001364125187853489,0.0,0.0,0.6336668041240416,0.09878574342439758
2023-04-18,0.0006316573011702875,2.410004227424848e-05,0.0,0.0,2.707483613022685e-06,0.0006316573011702875,2.1392558661225795e-05,0.0,0.0,0.632854450928182,0.09882315187532799
2023-04-19,-0.0015064023334807972,2.793224804085161e-05,8.279325774055831e-08,1.3268743569105042e-05,8.948053638229618e-07,-0.0015064851267385377,1.3768699107923607e-05,0.0004122844318664165,0.06607417745430474,0.6326603957877858,0.0326603957795381
2023-04-20,0.0005175977374356923,-7.991191339386909e-05,0.0,0.0,8.953766401730524e-07,0.0005175977374356923,-8.080729003404214e-05,0.0,0.0,0.6320975358299031,0.03268124736631641
2023-04-21,0.00026920508191326313,1.9979613466127143e-05,0.0,0.0,8.97174130573405e-07,0.00026920508191326313,1.9082439335553737e-05,0.0,0.0,0.6323389339614647,0.032746855765929284
2023-04-24,0.0017496628626260107,-3.593706253555872e-05,0.0,0.0,2.68910499629554e-06,0.0017496628626260107,-3.862616753185426e-05,0.0,0.0,0.6324258185717677,0.03271744412159574
2023-04-25,0.0007282235563969908,-0.00012754954338901225,0.0,0.0,8.958201280429966e-07,0.0007282235563969908,-0.00012844536351705525,0.0,0.0,0.6330922373848491,0.03269743467356938
2023-04-26,-0.001987260285666561,3.982457886788878e-05,0.0,0.0,8.987755700938162e-07,-0.001987260285666561,3.8925803297794965e-05,0.0,0.0,0.633440537120595,0.03280530830842429
2023-04-27,0.000885998917213968,6.387131722522294e-05,0.0,0.0,8.994368896480871e-07,0.000885998917213968,6.297188033557485e-05,0.0,0.0,0.6326859607086877,0.03282944647215518
2023-04-28,0.0033437399423772002,-3.589700099914489e-05,0.0,0.0,8.968359194482762e-07,0.0033437399423772002,-3.679383691859317e-05,0.0,0.0,0.6329712883575629,0.03273451105986208
2023-05-01,-0.0045497750551580975,7.131000006537965e-05,0.0,0.0,2.684580433972199e-06,-0.0045497750551580975,6.862541963140745e-05,0.0,0.0,0.6342177045319252,0.03266239527999509
2023-05-02,0.002096934322268193,-0.00010804007271913165,0.0,0.0,8.96925704318473e-07,0.002096934322268193,-0.00010893699842345012,0.0,0.0,0.6325022667790138,0.03273778820762426
2023-05-03,0.0007465461030577837,-7.98790645001412e-05,1.204784601485632e-07,7.709351714478368e-16,8.981002852414289e-07,0.0007464256245976351,-8.077716478615357e-05,0.0006019787871793802,3.852029806239443e-12,0.6327806605152057,0.032780660411312154
2023-05-04,-0.00156872029392037,-5.188409995323269e-05,0.0,0.0,8.996898755819914e-07,-0.00156872029392037,-5.278378982881468e-05,0.0,0.0,0.6331057807304228,0.032838680458742685
2023-05-05,0.001370592548295767,7.995902433794403e-05,0.0,0.0,9.025748866370624e-07,0.001370592548295767,7.905644945130697e-05,0.0,0.0,0.6325627635408112,0.03294398336225278
2023-05-08,-0.0020644142676874092,5.188969747452249e-05,0.0,0.0,2.6972426302324716e-06,-0.0020644142676874092,4.919245484429002e-05,0.0,0.0,0.6330157055060618,0.03281645200116173
2023-05-09,-0.0009274410517007696,7.99941579014529e-06,0.0,0.0,8.994718765425574e-07,-0.0009274410517007696,7.099943913602733e-06,0.0,0.0,0.6322253655857355,0.032830723493803345
2023-05-10,0.003085703607750347,-8.007475301016187e-05,0.0,0.0,9.000810960991972e-07,0.003085703607750347,-8.097483410626106e-05,0.0,0.0,0.6318794691846921,0.032852960007620696
2023-05-11,0.0008734992192397638,-1.9948390683396525e-05,0.0,0.0,8.995719552110047e-07,0.0008734992192397638,-2.084796263860753e-05,0.0,0.0,0.6330629902102285,0.03283437636520167
2023-05-12,-0.002348831147226095,5.582510629269418e-05,0.0,0.0,8.993516531454239e-07,-0.002348831147226095,5.492575463954875e-05,0.0,0.0,0.6333964231733231,0.03282633533980797
2023-05-15,-0.0008724521292123082,-4.002339043047067e-06,0.0,0.0,2.6996593576942642e-06,-0.0008724521292123082,-6.701998400741331e-06,0.0,0.0,0.6324984837086793,0.03284585551861355
2023-05-16,-0.0025541996202909922,4.001720387500541e-05,0.0,0.0,9.007880372102396e-07,-0.0025541996202909922,3.911641583779517e-05,0.0,0.0,0.6321818168331377,0.032878763358173746
2023-05-17,0.0010239247523042823,3.355158060679238e-05,1.233892423065024e-07,4.648795833654778e-07,8.383183657642862e-07,0.0010238013630619758,3.224838265766261e-05,0.0006165555942926199,0.0023229262327782614,0.6305986204003143,0.030598620350396444
2023-05-18,-0.0005715485584456257,5.586245080750184e-05,0.0,0.0,8.365157421410202e-07,-0.0005715485584456257,5.5025935065360816e-05,0.0,0.0,0.6309562239927109,0.030532824588147236
2023-05-19,-0.000667568584287675,2.2354600023775836e-05,0.0,0.0,8.354167757013062e-07,-0.000667568584287675,2.151918324807453e-05,0.0,0.0,0.630710451651346,0.030492712313097674
2023-05-22,0.00012139644724985704,1.1186133433111888e-05,0.0,0.0,2.5060319831801223e-06,0.00012139644724985704,8.680101449931767e-06,0.0,0.0,0.6304501850314828,0.030490055795358153
2023-05-23,-0.00080964898756834,3.7228680030439835e-06,0.0,0.0,8.349289203118839e-07,-0.00080964898756834,2.8879390827320995e-06,0.0,0.0,0.6304895695715316,0.03047490559138376
2023-05-24,-0.0023008378400929527,3.730378403722404e-05,0.0,0.0,8.355009735696866e-07,-0.0023008378400929527,3.6468283063654355e-05,0.0,0.0,0.6301883319834177,0.030495785535293564
2023-05-25,-0.0006867730573152232,6.730178137803556e-05,0.0,0.0,8.363728092167322e-07,-0.0006867730573152232,6.646540856881883e-05,0.0,0.0,0.6293124901879645,0.030527607536410727
2023-05-26,0.002728443420263056,7.492656202351048e-06,0.0,0.0,8.350469107812359e-07,0.002728443420263056,6.657609291569812e-06,0.0,0.0,0.6290159005049154,0.03047921224351511
2023-05-30,0.002756568005059179,-5.971017322194853e-05,0.0,0.0,3.3302579382010104e-06,0.002756568005059179,-6.304043116014954e-05,0.0,0.0,0.6300211723679939,0.03038860368608422
2023-05-31,-0.0001681971881092389,-2.9763654352713842e-05,0.0,0.0,8.319594739236385e-07,-0.0001681971881092389,-3.059561382663748e-05,0.0,0.0,0.6310779146087755,0.030366520798212802
2023-06-01,0.002676041639220404,-4.738286144897692e-05,1.266385297048175e-07,1.060685404331321e-15,8.329404989390859e-07,0.0026759150006906993,-4.821580194897669e-05,0.0006328344384498585,5.300426764165422e-12,0.6304023283487759,0.030402328211276638
2023-06-02,0.0003263300739592804,8.558812333388463e-05,0.0,0.0,8.320522764266516e-07,0.0003263300739592804,8.475607105745797e-05,0.0,0.0,0.6314191902876076,0.030369908089572784
2023-06-05,-6.674597510870203e-05,-7.43743928473231e-06,0.0,0.0,2.488099365829219e-06,-6.674597510870203e-05,-9.92553865056153e-06,0.0,0.0,0.6314859252469248,0.030271875617588834
2023-06-06,0.0007946056742042892,1.4892021738707703e-05,0.0,0.0,8.296338300178755e-07,0.0007946056742042892,1.4062387908689828e-05,0.0,0.0,0.6314675948482029,0.030281634795652455
2023-06-07,-0.003127942523562422,2.227681103613083e-05,0.0,0.0,8.285558028068863e-07,-0.003127942523562422,2.1448255233323946e-05,0.0,0.0,0.6317513234039729,0.03024228680245135
2023-06-08,0.003265973393462602,-4.846174111423255e-05,0.0,0.0,8.305255019282967e-07,0.003265973393462602,-4.929226661616085e-05,0.0,0.0,0.6305822811224273,0.030314180820382827
2023-06-09,-0.0006733646967373448,5.575359802240873e-05,0.0,0.0,8.291859939256273e-07,-0.0006733646967373448,5.492441202848311e-05,0.0,0.0,0.6318159042211405,0.030265288778285392
2023-06-12,0.0016666203446388237,-2.6028687227300056e-05,0.0,0.0,2.4845120165870913e-06,0.0016666203446388237,-2.8513199243887146e-05,0.0,0.0,0.6315331050376857,0.030228229535142943
2023-06-13,-0.0008194692113058643,5.56936678426076e-05,0.0,0.0,8.275282070452764e-07,-0.0008194692113058643,5.486613963556232e-05,0.0,0.0,0.6321641727339061,0.03020477955715259
2023-06-14,0.0009526726805386163,1.856703970953571e-05,0.0,0.0,8.266344003334235e-07,0.0009526726805386163,1.7740405309202287e-05,0.0,0.0,0.6318278010000115,0.03017215561216996
2023-06-15,0.004020828089735261,-6.310122641538714e-05,5.249893807995779e-07,1.745734622345631e-15,8.253248085586522e-07,0.004020303100354461,-6.392655122569151e-05,0.0026204978313645027,8.713878716988961e-12,0.630124355422229,0.030124355512390802
2023-06-16,-0.0016168342412226121,4.0667430827910594e-05,0.0,0.0,8.237943685612813e-07,-0.0016168342412226121,3.984363645934931e-05,0.0,0.0,0.6316461534829769,0.03006849445248676
2023-06-20,6.604172314455789e-05,-1.110689778311925e-05,0.0,0.0,3.2959184018506458e-06,6.604172314455789e-05,-1.4402816184969896e-05,0.0,0.0,0.6310244388532015,0.030075255416887138
2023-06-21,-0.00029110872037654075,-1.1437391581180818e-13,0.0,0.0,8.242413361103942e-07,-0.00029110872037654075,-8.2424145048431e-07,0.0,0.0,0.6310578934365009,0.030084808768029384
2023-06-22,-0.0014656490909983738,3.333507659193572e-05,0.0,0.0,8.244820295944005e-07,-0.0014656490909983738,3.251059456234132e-05,0.0,0.0,0.630950980104514,0.030093594080195615
2023-06-23,3.6928516299855465e-05,-2.5953144921645878e-05,0.0,0.0,8.247507218341821e-07,3.6928516299855465e-05,-2.677789564348006e-05,0.0,0.0,0.6303887654209614,0.030103401346947646
2023-06-26,0.00029677571269895654,-2.2263563908037768e-05,0.0,0.0,2.4763601641089518e-06,0.00029677571269895654,-2.4739924072146718e-05,0.0,0.0,0.6304192947901451,0.03012904866332558
2023-06-27,0.0007136334969279118,4.4492684092714666e-05,0.0,0.0,8.258386910117442e-07,0.0007136334969279118,4.366684540170292e-05,0.0,0.0,0.6305445398216892,0.030143112221928663
2023-06-28,0.0015693914162455552,-3.333868200910543e-05,0.0,0.0,8.23995701138818e-07,0.0015693914162455552,-3.416267771024425e-05,0.0,0.0,0.6307804830428743,0.03007584309156686
2023-06-29,-0.002398576235498559,7.400493583700731e-05,0.0,0.0,8.236446068162888e-07,-0.002398576235498559,7.318129123019102e-05,0.0,0.0,0.6313805608771086,0.030063028148794538
2023-06-30,0.0034000488910789516,-1.112916670810019e-05,7.783874029743699e-08,2.049804813672032e-15,8.235321114559489e-07,0.003399971052338654,-1.1952698821605943e-05,0.00038910324862651837,1.0246642083393598e-11,0.6300589221760137,0.030058922068142133
2023-07-03,-0.0005541413247459936,3.48297493105203e-05,0.0,0.0,2.4631658094285495e-06,-0.0005541413247459936,3.2366583501091745e-05,0.0,0.0,0.6313200471603698,0.029968517348047355
2023-07-05,-0.0022906056810923473,7.4194629428951236e-06,0.0,0.0,1.6410583229866024e-06,-0.0022906056810923473,5.778404619908521e-06,0.0,0.0,0.6310951953678879,0.029949314394505492
2023-07-06,-0.004609835093486545,1.8578379393694643e-05,0.0,0.0,8.222044837673111e-07,-0.004609835093486545,1.7756174909927332e-05,0.0,0.0,0.6302445897162282,0.030010463657506852
2023-07-07,-0.00046681285105954975,-3.360240331914227e-05,0.0,0.0,8.2548618477829e-07,-0.00046681285105954975,-3.442788950392056e-05,0.0,0.0,0.6285209725305827,0.030130245744407584
2023-07-10,0.0021712632027531178,-4.482139929019852e-05,0.0,0.0,2.480463705168086e-06,0.0021712632027531178,-4.73018629953666e-05,0.0,0.0,0.628369123884526,0.030178975079545044
2023-07-11,0.0021374956579250514,3.7325308423025645e-06,0.0,0.0,8.26294201658637e-07,0.0021374956579250514,2.9062366406439273e-06,0.0,0.0,0.6292039821543621,0.03015973836054025
2023-07-12,0.0050518930734127655,-8.927132296852721e-05,0.0,0.0,8.244273347105236e-07,0.0050518930734127655,-9.009575030323774e-05,0.0,0.0,0.6299930395169417,0.03009159771693411
2023-07-13,0.0040273529004204245,-8.510533933151401e-05,0.0,0.0,8.227906041636752e-07,0.0040273529004204245,-8.592812993567769e-05,0.0,0.0,0.6319095255977959,0.030031857051974146
2023-07-14,-0.0028122386409119315,7.741328809999881e-05,0.0,0.0,8.218828678024519e-07,-0.0028122386409119315,7.659140523219636e-05,0.0,0.0,0.6334402215185022,0.029998724674789493
2023-07-17,0.0010851752535708825,-1.1089377782412051e-05,6.174065338747123e-07,2.2241801468760944e-16,2.4660320610991057e-06,0.0010845578470370077,-1.3555409843733575e-05,0.003084315439038504,1.1111112030448567e-12,0.6300033901334926,0.030003390076705785
2023-07-18,0.0016574950665472733,0.0,0.0,0.0,8.214347469863987e-07,0.0016574950665472733,-8.214347469863987e-07,0.0,0.0,0.630413391108747,0.02998236826500355
2023-07-19,0.0011305137565593025,-1.10686824195251e-05,0.0,0.0,8.200761484551847e-07,0.0011305137565593025,-1.1888758567980285e-05,0.0,0.0,0.6310254828967853,0.02993277941861424
2023-07-20,-0.0027599014644188436,3.6834369450042824e-05,0.0,0.0,8.194627285352607e-07,-0.0027599014644188436,3.6014906721507567e-05,0.0,0.0,0.6314496412996139,0.029910389591537013
2023-07-21,0.0007323654646728167,-3.694448157625009e-06,0.0,0.0,8.206890315494974e-07,0.0007323654646728167,-4.515137189174506e-06,0.0,0.0,0.6304068967070149,0.029955149651556656
2023-07-24,0.0001747464559715771,3.688911549779174e-05,0.0,0.0,2.4605798140982305e-06,0.0001747464559715771,3.442853568369351e-05,0.0,0.0,0.6306802213660291,0.029937054404861805
2023-07-25,-0.0003428254546951678,3.697320073016033e-06,0.0,0.0,8.190112939869219e-07,-0.0003428254546951678,2.878308779029111e-06,0.0,0.0,0.6307230363361381,0.02989391223052265
2023-07-26,0.001395121615942589,-2.9531620526533886e-05,0.0,0.0,8.191884783317416e-07,0.001395121615942589,-3.0350809004865627e-05,0.0,0.0,0.6305945797090453,0.02990037945910857
2023-07-27,-0.004720866610151164,4.421808369862576e-05,0.0,0.0,8.188799803340735e-07,-0.004720866610151164,4.339920371829168e-05,0.0,0.0,0.6311283557696029,0.029889119282193684
2023-07-28,0.0036825234370766687,-4.0718167310554095e-05,0.0,0.0,8.215111174621172e-07,0.0036825234370766687,-4.1539678428016215e-05,0.0,0.0,0.6293512591613764,0.02998515578736728
2023-07-31,0.0009062192911888277,-7.3916982304524965e-06,1.7099500872899563e-07,1.7307983156845094e-14,2.458927144404376e-06,0.0009060482961800987,-9.850625392164855e-06,0.0008540976948421533,8.64511112137597e-11,0.6299169463666285,0.029916946923586575
2023-08-01,-0.0034215268015119877,2.513141078386987e-05,0.0,0.0,8.191108085496723e-07,-0.0034215268015119877,2.4312299975320195e-05,0.0,0.0,0.6302583296108253,0.02989754451206304
2023-08-02,-0.0031747398139108565,-1.4826853850905885e-05,0.0,0.0,8.212121104377914e-07,-0.0031747398139108565,-1.5648065961343677e-05,0.0,0.0,0.628973560911525,0.02997424203097938
2023-08-03,-0.0031407881154617164,-1.1152548554197969e-05,0.0,0.0,8.242479964296067e-07,-0.0031407881154617164,-1.1976796550627575e-05,0.0,0.0,0.6278017521987919,0.030085051869680638
2023-08-04,0.003841773977567067,-5.970457526503081e-05,0.0,0.0,8.271613911155446e-07,0.003841773977567067,-6.0531736656146355e-05,0.0,0.0,0.6266366019746183,0.03019139077571738
2023-08-07,0.0004014416123918279,-1.1152040340898571e-05,0.0,0.0,2.47702516651944e-06,0.0004014416123918279,-1.3629065507418012e-05,0.0,0.0,0.6281033649768765,0.030137139525986522
2023-08-08,0.0007536533454138097,-1.4862562129623878e-05,0.0,0.0,8.256603893998108e-07,0.0007536533454138097,-1.5688222519023687e-05,0.0,0.0,0.6282611590290766,0.030136604213093093
2023-08-09,-0.00033440863498403856,1.857006445783804e-05,0.0,0.0,8.254584233559777e-07,-0.00033440863498403856,1.7744606034482063e-05,0.0,0.0,0.6285509636853288,0.030129232452493188
2023-08-10,-0.0019085137081487147,1.4846769622780266e-05,0.0,0.0,8.252109690969297e-07,-0.0019085137081487147,1.4021558653683337e-05,0.0,0.0,0.6284155516507852,0.03012020037203792
2023-08-11,-0.0012059522245904545,2.9772196110951797e-05,0.0,0.0,8.263697593069335e-07,-0.0012059522245904545,2.8945826351644865e-05,0.0,0.0,0.6276962034723828,0.03016249621470307
2023-08-14,-0.0005077574184811191,2.262339386522374e-05,2.124430155133968e-07,8.00895927051374e-07,2.1507290555038657e-06,-0.0005079698614966324,1.96717688826685e-05,0.0010612996971130315,0.004001028712309362,0.6261672035312021,0.026167203508630364
2023-08-15,-0.0029744786043519743,-9.702452734147448e-06,0.0,0.0,7.166398000053829e-07,-0.0029744786043519743,-1.041909253415283e-05,0.0,0.0,0.6259651036788904,0.026157352700196475
2023-08-16,-0.0020553088733684523,1.2979036012031863e-05,0.0,0.0,7.190519170393486e-07,-0.0020553088733684523,1.2259984094992515e-05,0.0,0.0,0.624855755580256,0.02624539497193622
2023-08-17,-0.001494636165746047,-2.9251489867428456e-05,0.0,0.0,7.201676647591988e-07,-0.001494636165746047,-2.9971657532187655e-05,0.0,0.0,0.6240754633891875,0.026286119763710755
2023-08-18,0.0007967190067456418,-9.763528119262614e-06,0.0,0.0,7.220699489335964e-07,0.0007967190067456418,-1.048559806819621e-05,0.0,0.0,0.6235314681778856,0.026355553136076272
2023-08-21,-0.0010457633304904606,2.927035624181592e-05,0.0,0.0,2.165309889588682e-06,-0.0010457633304904606,2.7105046352227238e-05,0.0,0.0,0.6238377051392581,0.026344603656662302
2023-08-22,0.0004858762493227888,1.3017359197204428e-05,0.0,0.0,7.217032045759891e-07,0.0004858762493227888,1.229565599262844e-05,0.0,0.0,0.6234270008877776,0.026342166967023593
2023-08-23,0.005997306155635828,-4.8804715186098266e-05,0.0,0.0,7.209873889367281e-07,0.005997306155635828,-4.952570257503499e-05,0.0,0.0,0.6236022160329802,0.026316039696190577
2023-08-24,-0.0033431844420392016,1.6172973362625815e-05,0.0,0.0,7.180536787863451e-07,-0.0033431844420392016,1.545491968383947e-05,0.0,0.0,0.6258769435378203,0.02620895927570159
2023-08-25,0.0012200805928198062,1.6224194320633294e-05,0.0,0.0,7.200065707474914e-07,0.0012200805928198062,1.55041877498858e-05,0.0,0.0,0.6246122998861386,0.026280239832283434
2023-08-28,0.0017765815978294161,-1.5175589068966496e-05,9.876479751071583e-08,3.332011687137008e-07,2.0191654776752654e-06,0.0017764828330319054,-1.752795571535546e-05,0.0004935528584064382,0.0016650911396357603,0.6245665129163388,0.024566513311715724
2023-08-29,0.004477964278324156,-5.4542416885997546e-05,0.0,0.0,6.722884038217562e-07,0.004477964278324156,-5.52147052898193e-05,0.0,0.0,0.6252433197274241,0.024538526739494096
2023-08-30,-0.00012061196248291406,-2.51025604579617e-13,0.0,0.0,6.708158660280928e-07,-0.00012061196248291406,-6.708161170536974e-07,0.0,0.0,0.6269484480249315,0.024484779110025383
2023-08-31,0.0002611546687246589,-2.4143286257100115e-05,0.0,0.0,6.708972343157032e-07,0.0002611546687246589,-2.4814183491415818e-05,0.0,0.0,0.6269038687055605,0.024487749052523166
2023-09-01,-0.0013552416682537593,1.331452613229299e-05,0.0,0.0,6.714000152077781e-07,-0.0013552416682537593,1.264312611708521e-05,0.0,0.0,0.627016833911509,0.024506100555083902
2023-09-05,-0.0031050600031343905,3.0281698955571827e-05,0.0,0.0,2.6877495032443133e-06,-0.0031050600031343905,2.7593949452327514e-05,0.0,0.0,0.6265027339004345,0.024525714217104352
2023-09-06,-0.0014109813653034491,2.7341030364520168e-05,0.0,0.0,6.731794270580626e-07,-0.0014109813653034491,2.6667850937462106e-05,0.0,0.0,0.6253220813753507,0.02457104908761928
2023-09-07,0.0015018582655731993,-4.5637610952284854e-05,0.0,0.0,6.733625025453481e-07,0.0015018582655731993,-4.63109734548302e-05,0.0,0.0,0.6247759858507116,0.024577731342905206
2023-09-08,0.00046011038527538295,1.2156490181699303e-05,0.0,0.0,6.736323443162372e-07,0.00046011038527538295,1.1482857837383066e-05,0.0,0.0,0.6253675920111547,0.02458758056754266
2023-09-11,0.0002824316140743978,-6.075380736027803e-06,0.0,0.0,2.0189457481990724e-06,0.0002824316140743978,-8.094326484226875e-06,0.0,0.0,0.6255327053992177,0.024563839936422048
2023-09-12,-0.0004939788361905345,-2.8076523264919014e-13,5.176847437880367e-06,4.93353515616885e-06,3.1255787433066486e-15,-0.0004991556836284149,-4.933535440059662e-06,0.02577458432201143,0.024563176607797967,0.6000000001871976,1.1408362413069264e-10
2023-09-13,0.0007985423852474502,5.2119323461687e-14,0.0,0.0,3.134851186147742e-15,0.0007985423852474502,4.898447227553926e-14,0.0,0.0,0.5998083782880089,1.1442206829439258e-10
2023-09-14,0.0005783491287241941,-6.32528618768555e-13,0.0,0.0,3.130923084689331e-15,0.0005783491287241941,-6.356595418532443e-13,0.0,0.0,0.6001276932735873,1.1427869259116059e-10
2023-09-15,-0.002263575094740393,3.770863555005384e-13,0.0,0.0,3.1464328991646484e-15,-0.002263575094740393,3.7393992260137376e-13,0.0,0.0,0.6003588253991015,1.1484480081950967e-10
2023-09-18,0.0005753720221157893,6.933578355329709e-14,0.0,0.0,9.42965001934409e-15,0.0005753720221157893,5.9906133533953e-14,0.0,0.0,0.5994521552733019,1.147274085686864e-10
2023-09-19,-0.0013053467366653411,2.1844176064177564e-13,0.0,0.0,3.139510676000094e-15,-0.0013053467366653411,2.1530224996577554e-13,0.0,0.0,0.5996824867703415,1.1459213967400344e-10
2023-09-20,-0.0011819326463264623,4.057915033678099e-13,0.0,0.0,3.137621654415893e-15,-0.0011819326463264623,4.0265388171339404e-13,0.0,0.0,0.5991592506060686,1.1452319038618009e-10
2023-09-21,-0.004711636195311581,1.3425952392791769e-12,0.0,0.0,3.130203769004139e-15,-0.004711636195311581,1.3394650355101727e-12,0.0,0.0,0.5986849232151124,1.1425243756865105e-10
2023-09-22,0.0013326719783069844,-2.2383054588192197e-13,0.0,0.0,3.108064406542071e-15,0.0013326719783069844,-2.2693861028846404e-13,0.0,0.0,0.5967851213978028,1.1344435083878556e-10
2023-09-25,-0.0020736805605365417,1.741999022546404e-13,0.0,0.0,9.330156213058336e-15,-0.0020736805605365417,1.6486974604158205e-13,0.0,0.0,0.5973217594054527,1.1351690059220976e-10
2023-09-26,-0.0027847540563060175,8.678505470409434e-13,2.1813087342065467e-07,0.0,3.1117322095497006e-15,-0.0027849721871794383,8.647388148313937e-13,0.0010906095050471215,0.0,0.5953943886851694,1.1357822564856403e-10
2023-09-27,-0.001188138190429877,-1.0018258789321126e-13,0.0,0.0,3.0965793696507035e-15,-0.001188138190429877,-1.0327916726286197e-13,0.0,0.0,0.5942646451368797,1.130251469922507e-10
2023-09-28,0.0019515265821796809,-1.860542540634293e-13,0.0,0.0,3.1030109038466354e-15,0.0019515265821796809,-1.8915726496727593e-13,0.0,0.0,0.593782002019901,1.1325989799040216e-10
2023-09-29,-0.0007930648228981193,6.845152896497804e-13,0.0,0.0,3.1020545387790784e-15,-0.0007930648228981193,6.814132351110013e-13,0.0,0.0,0.5945732031911141,1.1322499066543637e-10
2023-10-02,-0.0032316429474664723,1.0106120319985573e-12,0.0,0.0,9.257243679994382e-15,-0.0032316429474664723,1.001354788318563e-12,0.0,0.0,0.5942514182635932,1.1262979810659833e-10
2023-10-03,-0.005109723518651747,5.811619542509189e-13,0.0,0.0,3.067974490577197e-15,-0.005109723518651747,5.780939797603417e-13,0.0,0.0,0.5929359325402261,1.1198106890606767e-10
2023-10-04,0.0029784259591411817,5.190807068514436e-13,0.0,0.0,3.067727484529998e-15,0.0029784259591411817,5.160129793669136e-13,0.0,0.0,0.5908452649675214,1.1197205318534494e-10
2023-10-05,-3.4204446546634264e-05,-1.6724445906836379e-13,0.0,0.0,3.0444384607570936e-15,-3.4204446546634264e-05,-1.7028889752912088e-13,0.0,0.0,0.5920602832094695,1.1112200381763389e-10
2023-10-06,0.0003886237249132641,-7.192251753535432e-13,0.0,0.0,3.0491247943581308e-15,0.0003886237249132641,-7.222743001479013e-13,0.0,0.0,0.59204632938005,1.1129305499407176e-10
2023-10-09,0.004250916395261656,-9.835371573953748e-13,0.0,0.0,9.202912310992956e-15,0.004250916395261656,-9.927400697063677e-13,0.0,0.0,0.5922048082668906,1.1196876645041428e-10
2023-10-10,0.0005447725206221526,-8.196352943369447e-14,1.444906675991938e-06,1.3717734521614391e-14,1.2088064798315297e-15,0.0005433276139461606,-9.689007043514039e-14,0.007218120459802135,6.852778927374225e-11,0.6000000001691678,4.412143651385083e-11
2023-10-11,0.0022209494577166747,-1.054059233080047e-13,0.0,0.0,1.2103944152709324e-15,0.0022209494577166747,-1.0661631772327563e-13,0.0,0.0,0.6002186573189209,4.417939615738903e-11
2023-10-12,-0.003827611288816177,2.828339849404339e-13,0.0,0.0,1.2105935816277182e-15,-0.003827611288816177,2.8162339135880614e-13,0.0,0.0,0.6011045838771087,4.418666572941171e-11
2023-10-13,0.0010614882242653302,-3.0941676583277204e-13,0.0,0.0,1.2074664174178148e-15,0.0010614882242653302,-3.1062423225018986e-13,0.0,0.0,0.5995719007639447,4.4072524235750254e-11
2023-10-16,-0.0002723186760300554,7.460877128716945e-15,0.0,0.0,3.6439627437124185e-15,-0.0002723186760300554,3.8169143850045264e-15,0.0,0.0,0.5999964997692909,4.4334880048501086e-11
2023-10-17,-0.002432481953009365,4.79154091349967e-14,0.0,0.0,1.2147806477692344e-15,-0.002432481953009365,4.670062848722747e-14,0.0,0.0,0.5998875416743743,4.433949364357706e-11
2023-10-18,-0.003305480364492743,1.116574746726517e-13,0.0,0.0,1.2164268331527728e-15,-0.003305480364492743,1.1044104783949892e-13,0.0,0.0,0.5989119021146735,4.439957941007621e-11
2023-10-19,-0.002690350893668397,1.410196219531957e-13,0.0,0.0,1.2173917889116395e-15,-0.002690350893668397,1.3980223016428407e-13,0.0,0.0,0.5975817163797882,4.443480029527484e-11
2023-10-20,0.0004409330050334101,2.686083533958895e-13,0.0,0.0,1.2168018616008556e-15,0.0004409330050334101,2.6739155153428864e-13,0.0,0.0,0.5964961494347377,4.441326794843122e-11
2023-10-23,0.0016137275864210041,1.3450197695236633e-13,0.0,0.0,3.626729041357698e-15,0.0016137275864210041,1.3087524791100863e-13,0.0,0.0,0.5966739891845352,4.412520333651866e-11
2023-10-24,0.0024716119552612905,-3.4204996810668075e-13,8.826809175499908e-07,1.2940042636773956e-14,2.9622990305806997e-15,0.0024707292743437405,-3.579523097740354e-13,0.004410911501897664,6.466366471365326e-11,0.5999999997807638,1.0812391461619556e-10
2023-10-25,-0.003997526066062652,5.214508562057438e-13,0.0,0.0,2.964346165733717e-15,-0.003997526066062652,5.1848651004001e-13,0.0,0.0,0.600986736213585,1.0819863504928067e-10
2023-10-26,0.0011032018602471895,-4.00372461526036e-14,0.0,0.0,2.9619001138146744e-15,0.0011032018602471895,-4.299914626641827e-14,0.0,0.0,0.5993852683811793,1.0810935415423561e-10
2023-10-27,-0.00040400996911266044,1.6614698162958563e-13,0.0,0.0,2.959731842993275e-15,-0.00040400996911266044,1.6318724978659236e-13,0.0,0.0,0.5998267402657652,1.0803021226925452e-10
2023-10-30,0.0007478521219871317,6.563747541338566e-14,0.0,0.0,8.869122826719334e-15,0.0007478521219871317,5.6768352586666327e-14,0.0,0.0,0.5996650009350604,1.0790766105841856e-10
2023-10-31,0.0003527947191795177,-2.0060099673883553e-13,0.0,0.0,2.9523680538613493e-15,0.0003527947191795177,-2.035533647926969e-13,0.0,0.0,0.5999641685804242,1.0776143396593926e-10
2023-11-01,0.005540514368955021,-2.6945027498192126e-13,0.0,0.0,2.9568208208096817e-15,0.005540514368955021,-2.724070958027309e-13,0.0,0.0,0.6001052493368081,1.0792395995955337e-10
2023-11-02,0.0053982939487882695,-1.3971510849656818e-12,0.0,0.0,2.947870302357033e-15,0.0053982939487882695,-1.4000989552680387e-12,0.0,0.0,0.6023086638990484,1.0759726603603172e-10
2023-11-03,0.003908138694424789,-7.259227849244977e-13,0.0,0.0,2.970114861195661e-15,0.003908138694424789,-7.288928997856934e-13,0.0,0.0,0.6044439915069495,1.0840919243364163e-10
2023-11-06,-0.001857096610444291,3.101831894700143e-13,0.0,0.0,8.935089899451435e-15,-0.001857096610444291,3.0124809957056287e-13,0.0,0.0,0.6059838612255634,1.0871026044332578e-10
2023-11-07,0.0017544938153752725,4.124437162030805e-13,1.5018449713515427e-06,9.809895867226691e-15,1.6471347168501284e-15,0.001752991970403921,4.0098668561900365e-13,0.007491908236465625,4.8936368965170984e-11,0.6000000001089194,6.012041716502968e-11
2023-11-08,0.001098353247263259,1.0500743718571169e-13,0.0,0.0,1.632972301675564e-15,0.001098353247263259,1.0337446488403612e-13,0.0,0.0,0.6007014690721605,5.960348901115808e-11
2023-11-09,-0.0041859701511749,4.866162694949767e-13,0.0,0.0,1.628306929384685e-15,-0.0041859701511749,4.84987962565592e-13,0.0,0.0,0.6011395587329688,5.9433202922541e-11
2023-11-10,0.002796461631549471,-1.5727554933644312e-13,0.0,0.0,1.6217636309463975e-15,0.002796461631549471,-1.588973129673895e-13,0.0,0.0,0.5994629224817476,5.919437252954351e-11
2023-11-13,-0.0006854529696040283,-3.3834575486048893e-13,0.0,0.0,4.8646139440727745e-15,-0.0006854529696040283,-3.4321036880456173e-13,0.0,0.0,0.6005798855068925,5.91861363195521e-11
2023-11-14,0.00702772065462637,-8.090373436030928e-13,0.0,0.0,1.6319263368204065e-15,0.00702772065462637,-8.106692699399131e-13,0.0,0.0,0.6003059140089227,5.956531129394486e-11
2023-11-15,-0.00182081991078072,2.155996930495847e-14,0.0,0.0,1.6425483723730468e-15,-0.00182081991078072,1.9917420932585426e-14,0.0,0.0,0.6030952497208675,5.99530155916162e-11
2023-11-16,0.002366442508222067,3.338969028775871e-13,0.0,0.0,1.6449528511862024e-15,0.002366442508222067,3.322519500264009e-13,0.0,0.0,0.6023712393563765,6.004077906829637e-11
2023-11-17,0.0009908534680188566,-2.1875408164104427e-13,0.0,0.0,1.6319430913305256e-15,0.0009908534680188566,-2.203860247323748e-13,0.0,0.0,0.6033099834738708,5.956592283356419e-11
2023-11-20,0.002014785649680686,-2.4946916627361746e-13,0.0,0.0,4.908945016331054e-15,0.002014785649680686,-2.543781112899485e-13,0.0,0.0,0.6037026560716019,5.97254976986945e-11
2023-11-21,-0.00012230756396975509,-4.961342340907998e-14,1.269766653988106e-06,3.910359124560817e-15,1.1129939666899213e-15,-0.00012357733062374319,-5.4636776500330726e-14,0.006337832789389857,1.9517918666466658e-11,0.6000000000683419,4.0624279784182135e-11
2023-11-22,0.0014053215747891659,-2.5564034472772895e-14,0.0,0.0,1.114490964382586e-15,0.0014053215747891659,-2.667852543715548e-14,0.0,0.0,0.5999518329504238,4.06789201999644e-11
2023-11-24,-0.0012233184425085588,7.316593272521942e-16,0.0,0.0,2.2272526915175415e-15,-0.0012233184425085588,-1.4955933642653473e-15,0.0,0.0,0.6005132403126712,4.0647361620195135e-11
2023-11-27,0.0016585214327095384,2.3814155267590516e-14,0.0,0.0,3.344910791953598e-15,0.0016585214327095384,2.0469244475636918e-14,0.0,0.0,0.6000239422246335,4.0696414635435445e-11
2023-11-28,0.001866410729362735,-1.5997115848964832e-13,0.0,0.0,1.1124727614562585e-15,0.001866410729362735,-1.6108363125110456e-13,0.0,0.0,0.6006862126992358,4.060525579315343e-11
2023-11-29,0.002439699430680065,-8.51639642685727e-14,0.0,0.0,1.1147749050782454e-15,0.002439699430680065,-8.627873917365095e-14,0.0,0.0,0.6014301078224937,4.0689284035355965e-11
2023-11-30,-0.001200977885158538,-4.0059579303788986e-14,0.0,0.0,1.1143893892149474e-15,-0.001200977885158538,-4.117396869300393e-14,0.0,0.0,0.6024001319941582,4.067521270634557e-11
2023-12-01,0.004619926747024757,-2.6807742760991915e-13,0.0,0.0,1.1168281979028478e-15,0.004619926747024757,-2.69194255807822e-13,0.0,0.0,0.6019220491786771,4.076422922345395e-11
2023-12-04,-0.0022803584006802356,1.9839324196018326e-13,0.0,0.0,3.3570092182056683e-15,-0.0022803584006802356,1.950362327419776e-13,0.0,0.0,0.6037526827582022,4.084361215483563e-11
2023-12-05,0.002049255960349423,8.821058175215882e-14,0.0,0.0,1.11611277859921e-15,0.002049255960349423,8.709446897355961e-14,0.0,0.0,0.6028470316503531,4.073811641887116e-11
2023-12-06,0.0007049685493673067,-2.3154888830870675e-14,1.0121417659053635e-06,6.076246010250456e-15,2.834153441435817e-16,0.0007039564076014014,-2.9514550185264716e-14,0.005057753900798788,3.036349056603481e-11,0.6000000001203522,1.0344660061240735e-11
2023-12-07,0.0007172782589526046,-5.764000745381353e-14,0.0,0.0,2.8384990669888664e-16,0.0007172782589526046,-5.792385736051241e-14,0.0,0.0,0.6002823960306811,1.0360521594509363e-11
2023-12-08,-0.0009389917054414158,4.937366553482746e-14,0.0,0.0,2.8522449965278746e-16,-0.0009389917054414158,4.908844103517467e-14,0.0,0.0,0.600568899275215,1.0410694237326741e-11
2023-12-11,2.235968421097581e-08,7.427703599096126e-15,0.0,0.0,8.524158008288727e-16,2.235968421097581e-08,6.575287798267254e-15,0.0,0.0,0.6001934842731368,1.0371058910084617e-11
2023-12-12,0.001369879441960021,-2.017097648719246e-14,0.0,0.0,2.8393509519884766e-16,0.001369879441960021,-2.045491158239131e-14,0.0,0.0,0.60019349321268,1.036363097475794e-11
2023-12-13,0.00750344126878892,-1.4664843828568917e-13,0.0,0.0,2.8409854393682335e-16,0.00750344126878892,-1.46932536829626e-13,0.0,0.0,0.6007404306886976,1.0369596853694053e-11
2023-12-14,0.003886993082174283,-4.11722550082264e-14,0.0,0.0,2.859705461715483e-16,0.003886993082174283,-4.145822555439795e-14,0.0,0.0,0.6037139398666369,1.0437924935261513e-11
2023-12-15,-0.0007745428559178084,1.9266078952295604e-14,0.0,0.0,2.859869239630503e-16,-0.0007745428559178084,1.8980092028332555e-14,0.0,0.0,0.6052483368505007,1.0438522724651335e-11
2023-12-18,-7.178135822275372e-05,1.455980955558627e-14,0.0,0.0,8.57041073591368e-16,-7.178135822275372e-05,1.3702768481994901e-14,0.0,0.0,0.6049423477682776,1.0427333062028311e-11
2023-12-19,0.0013371740321528468,5.892221403331314e-16,0.0,0.0,2.8530193833248863e-16,0.0013371740321528468,3.0392020200064274e-16,0.0,0.0,0.6049139879577102,1.0413520749135836e-11
2023-12-20,-0.0005209095877538205,-7.242129286542659e-15,1.5557668985073484e-06,1.117418043528524e-15,1.3198325479230516e-16,-0.0005224653546523279,-8.491530584863488e-15,0.00777124263084931,5.5816374192564045e-12,0.6000000000660084,4.8173887999191375e-12
2023-12-21,0.0013516886755752,-1.7522670174987786e-14,0.0,0.0,1.3225076573653102e-16,0.0013516886755752,-1.7654920940724316e-14,0.0,0.0,0.5997924612592496,4.827152949383382e-12
2023-12-22,-0.0003678837837014508,2.23930905378518e-15,0.0,0.0,1.3255167030033892e-16,-0.0003678837837014508,2.106757383484841e-15,0.0,0.0,0.6003326870401854,4.83813596596237e-12
2023-12-26,0.0011738297205450452,-1.628061880948662e-15,0.0,0.0,5.301563133799523e-16,0.0011738297205450452,-2.1582181943286144e-15,0.0,0.0,0.6001856018065984,4.837676359592065e-12
2023-12-27,0.0024066942538483885,-2.2873664361315477e-14,0.0,0.0,1.3242823458249062e-16,0.0024066942538483885,-2.300609259589797e-14,0.0,0.0,0.600654365581051,4.833630562260908e-12
2023-12-28,-0.0011098653520492433,2.8162606564373854e-15,0.0,0.0,1.3273545665760036e-16,-0.0011098653520492433,2.6835251997797853e-15,0.0,0.0,0.6016131608975414,4.8448441680024125e-12
2023-12-29,-0.001537496201483486,-9.323143092148854e-16,0.0,0.0,1.3280569527113247e-16,-0.001537496201483486,-1.065120004486018e-15,0.0,0.0,0.6011705138695078,4.847407877396335e-12
2024-01-02,-0.002574837938738341,1.8228468183473723e-14,0.0,0.0,5.321431205421565e-16,-0.002574837938738341,1.7696325062931567e-14,0.0,0.0,0.6005563708069172,4.855805974947178e-12
2024-01-03,-0.0013119366987051919,1.2211828904606596e-14,0.0,0.0,1.3287851067885728e-16,-0.0013119366987051919,1.2078950393927739e-14,0.0,0.0,0.5995252131321713,4.8500656397782905e-12
2024-01-04,-0.0021636621892696596,2.2921569737476248e-14,0.0,0.0,1.3271805771443137e-16,-0.0021636621892696596,2.2788851679761816e-14,0.0,0.0,0.5989991253685223,4.8442091065767445e-12
2024-01-05,-0.0005373880766280619,-7.44335463527845e-17,1.812864054899101e-05,8.74388988423949e-16,1.3056729621585254e-17,-0.0005555167171770529,-9.618792643983187e-16,0.09029543324859231,4.355171162679e-12,0.600000000096801,4.765706311878617e-13
2024-01-08,0.002951482643845167,-1.8614753063489463e-15,0.0,0.0,3.9198081880249174e-17,0.002951482643845167,-1.9006733882291954e-15,0.0,0.0,0.5997958086187539,4.769099962096983e-13
2024-01-09,-0.00030045210513684,1.4105761203579577e-15,0.0,0.0,1.3078425869914166e-17,-0.00030045210513684,1.3974976944880436e-15,0.0,0.0,0.6009735283243406,4.77362544251867e-13
2024-01-10,0.0011689582204812644,4.1586937752547025e-15,0.0,0.0,1.3043698955618436e-17,0.0011689582204812644,4.145650076299084e-15,0.0,0.0,0.6008536039493886,4.760950118800729e-13
2024-01-11,0.002160504805869001,-1.2609981911797578e-15,0.0,0.0,1.291466543553235e-17,0.002160504805869001,-1.27391285661529e-15,0.0,0.0,0.6013196446281425,4.713852883969307e-13
2024-01-12,0.0009878621907627929,-1.9243928553301205e-15,0.0,0.0,1.2921296807330829e-17,0.0009878621907627929,-1.9373141521374513e-15,0.0,0.0,0.6021791385112646,4.716273334675753e-13
2024-01-16,-0.0031260600280376685,7.763961331250781e-15,0.0,0.0,5.18448640160841e-17,-0.0031260600280376685,7.712116467234697e-15,0.0,0.0,0.6025717428600351,4.730843841467674e-13
2024-01-17,-0.0017921919455487767,2.892797707446274e-15,0.0,0.0,1.2788482298002643e-17,-0.0017921919455487767,2.8800092251482713e-15,0.0,0.0,0.6013254623236038,4.667796038770964e-13
2024-01-18,0.0010787446511077183,-7.429511745584096e-17,0.0,0.0,1.2732045836289905e-17,0.0010787446511077183,-8.702716329213086e-17,0.0,0.0,0.6006096782057524,4.647196730245815e-13
2024-01-19,0.0015297325976900643,-1.484584322678134e-16,0.0,0.0,1.2720359299405527e-17,0.0015297325976900643,-1.6117879156721893e-16,0.0,0.0,0.6010400541133839,4.642931144283017e-13
2024-01-22,0.0005461161647621434,0.0,1.8089053286483118e-05,9.304297846697975e-17,0.0,0.0005280271114756603,-9.304297846697975e-17,0.09015700456503747,4.637321866181018e-13,0.6000000001775715,0.0
2024-01-23,-0.0006649241137472914,0.0,0.0,0.0,0.0,-0.0006649241137472914,0.0,0.0,0.0,0.6002291790626896,0.0
2024-01-24,-0.0004725306251605486,0.0,0.0,0.0,0.0,-0.0004725306251605486,0.0,0.0,0.0,0.5999631849379682,0.0
2024-01-25,0.0026579184527286033,0.0,0.0,0.0,0.0,0.0026579184527286033,0.0,0.0,0.0,0.5997740659271353,0.0
2024-01-26,-0.00031289433108329346,0.0,0.0,0.0,0.0,-0.00031289433108329346,0.0,0.0,0.0,0.6008350139093489,0.0
2024-01-29,0.0019340109894860399,0.0,0.0,0.0,0.0,0.0019340109894860399,0.0,0.0,0.0,0.6007100783564078,0.0
2024-01-30,2.2989069148670286e-05,0.0,0.0,0.0,0.0,2.2989069148670286e-05,0.0,0.0,0.0,0.6014808188323072,0.0
2024-01-31,-0.0012481122238938627,0.0,0.0,0.0,0.0,-0.0012481122238938627,0.0,0.0,0.0,0.6014899802067085,0.0
2024-02-01,0.0032077925949007984,0.0,0.0,0.0,0.0,0.0032077925949007984,0.0,0.0,0.0,0.6009919734112916,0.0
2024-02-02,-0.0015135382916782708,0.0,0.0,0.0,0.0,-0.0015135382916782708,0.0,0.0,0.0,0.602267815766629,0.0
2024-02-05,-0.00253553143821297,0.0,5.182727387309467e-07,0.0,0.0,-0.002536049710951701,0.0,0.002587501104854881,0.0,0.6000000000174328,0.0
2024-02-06,0.002060524501886089,0.0,0.0,0.0,0.0,0.002060524501886089,0.0,0.0,0.0,0.5989835205634096,0.0
2024-02-07,0.0006019457520984929,0.0,0.0,0.0,0.0,0.0006019457520984929,0.0,0.0,0.0,0.5998081257258072,0.0
2024-02-08,-0.0003498028367619252,0.0,0.0,0.0,0.0,-0.0003498028367619252,0.0,0.0,0.0,0.6000488746067847,0.0
2024-02-09,0.000631575090428863,0.0,0.0,0.0,0.0,0.000631575090428863,0.0,0.0,0.0,0.5999089216126017,0.0
2024-02-12,-0.00012266367917387454,0.0,0.0,0.0,0.0,-0.00012266367917387454,0.0,0.0,0.0,0.6001614496811765,0.0
2024-02-13,-0.004451532102342752,0.0,0.0,0.0,0.0,-0.004451532102342752,0.0,0.0,0.0,0.6001123979966586,0.0
2024-02-14,0.002538005080281371,0.0,0.0,0.0,0.0,0.002538005080281371,0.0,0.0,0.0,0.5983243258383981,0.0
2024-02-15,0.0021008767562678676,0.0,0.0,0.0,0.0,0.0021008767562678676,0.0,0.0,0.0,0.5993411999084896,0.0
2024-02-16,-0.001684924287792876,0.0,0.0,0.0,0.0,-0.001684924287792876,0.0,0.0,0.0,0.6001811699951654,0.0
2024-02-20,-0.00011472367071918335,0.0,3.2591238201241533e-07,0.0,0.0,-0.00011504958310119576,0.0,0.0016292891739982229,0.0,0.5982655791367336,0.0
2024-02-21,-0.000417044628917078,0.0,0.0,0.0,0.0,-0.000417044628917078,0.0,0.0,0.0,0.5982196803908463,0.0
2024-02-22,0.003056968411280077,0.0,0.0,0.0,0.0,0.003056968411280077,0.0,0.0,0.0,0.5980520501572599,0.0
2024-02-23,0.0009654518046482844,0.0,0.0,0.0,0.0,0.0009654518046482844,0.0,0.0,0.0,0.5992770475645303,0.0
2024-02-26,-0.0011514615284099468,0.0,0.0,0.0,0.0,-0.0011514615284099468,0.0,0.0,0.0,0.5996635531096473,0.0
2024-02-27,0.00011491026619950493,0.0,0.0,0.0,0.0,0.00011491026619950493,0.0,0.0,0.0,0.5992020496891985,0.0
2024-02-28,0.0003770299938083099,0.0,0.0,0.0,0.0,0.0003770299938083099,0.0,0.0,0.0,0.5992481001966853,0.0
2024-02-29,0.0012080179927589482,0.0,0.0,0.0,0.0,0.0012080179927589482,0.0,0.0,0.0,0.5993991387369267,0.0
2024-03-01,0.0025594767579376187,0.0,0.0,0.0,0.0,0.0025594767579376187,0.0,0.0,0.0,0.5998824878907725,0.0
2024-03-04,-0.0004340498087403769,0.0,0.0,0.0,0.0,-0.0004340498087403769,0.0,0.0,0.0,0.600903964916753,0.0
2024-03-05,-0.0002547511569322963,0.0,6.414295439821104e-07,0.0,0.0,-0.0002553925864762784,0.0,0.00320631720539984,0.0,0.6000000000128651,0.0
2024-03-06,0.0012360956351346103,0.0,0.0,0.0,0.0,0.0012360956351346103,0.0,0.0,0.0,0.5998984584748659,0.0
2024-03-07,0.0015467540250148092,0.0,0.0,0.0,0.0,0.0015467540250148092,0.0,0.0,0.0,0.6003924116705663,0.0
2024-03-08,-0.00030351306163456664,0.0,0.0,0.0,0.0,-0.00030351306163456664,0.0,0.0,0.0,0.6010095517523362,0.0
2024-03-11,-0.0004361378155450817,0.0,0.0,0.0,0.0,-0.0004361378155450817,0.0,0.0,0.0,0.6008884161735949,0.0
2024-03-12,0.0007064947222487476,0.0,0.0,0.0,0.0,0.0007064947222487476,0.0,0.0,0.0,0.6007142725686546,0.0
2024-03-13,-0.0002328719096192139,0.0,0.0,0.0,0.0,-0.0002328719096192139,0.0,0.0,0.0,0.6009961666710589,0.0
2024-03-14,-0.001900633258215203,0.0,0.0,0.0,0.0,-0.001900633258215203,0.0,0.0,0.0,0.6009032282436967,0.0
2024-03-15,-0.001097039997217238,0.0,0.0,0.0,0.0,-0.001097039997217238,0.0,0.0,0.0,0.6001432472008046,0.0
2024-03-18,0.0007596836773210343,0.0,0.0,0.0,0.0,0.0007596836773210343,0.0,0.0,0.0,0.5997041065950177,0.0
2024-03-19,0.001669426425185517,-4.819165429066227e-16,1.656569143680618e-07,2.747210453049897e-17,3.762926541519854e-18,0.0016692607682711488,-5.131515739786415e-16,0.000828201937339698,1.3734681876547467e-13,0.5993795767221408,1.3734681876547467e-13
2024-03-20,0.0022059265890988656,-4.1238107504967074e-16,0.0,0.0,3.769836893646855e-18,0.0022059265890988656,-4.1615091194331757e-16,0.0,0.0,0.6000473676174584,1.3759904661811023e-13
2024-03-21,0.0007997111451125857,-5.486355534305254e-16,0.0,0.0,3.772812457975323e-18,0.0007997111451125857,-5.524083658885008e-16,0.0,0.0,0.6009276918330175,1.3770765471609929e-13
2024-03-22,0.00046112464663873235,4.111445980297597e-16,0.0,0.0,3.784816808843974e-18,0.00046112464663873235,4.0735978122091575e-16,0.0,0.0,0.6012465793876332,1.3814581352280504e-13
2024-03-25,-0.0009070256591597707,2.739787736887094e-16,0.0,0.0,1.1315439891622956e-17,-0.0009070256591597707,2.626633337970864e-16,0.0,0.0,0.6014303696675808,1.3767118534807927e-13
2024-03-26,-0.0002652115673719884,1.9195402319572996e-15,0.0,0.0,3.7677244521901365e-18,-0.0002652115673719884,1.9157725075051094e-15,0.0,0.0,0.6010685285867626,1.3752194250494e-13
2024-03-27,0.00240348213214217,1.6457622779654196e-15,0.0,0.0,3.7161198668232556e-18,0.00240348213214217,1.6420461580985964e-15,0.0,0.0,0.6009626992787972,1.3563837513904883e-13
2024-03-28,-0.00068697866751696,-4.3781765388253564e-15,0.0,0.0,3.662228388848324e-18,-0.00068697866751696,-4.3818387672142044e-15,0.0,0.0,0.601919478698897,1.3367133619296382e-13
2024-04-01,-0.0020016003170922293,4.79190621669395e-16,0.0,0.0,1.5139113972375887e-17,-0.0020016003170922293,4.640515076970191e-16,0.0,0.0,0.6016458178736628,1.3814441499792995e-13
2024-04-02,-0.000741094572771666,2.2635816142361047e-15,0.0,0.0,3.779214459772286e-18,-0.000741094572771666,2.2598023997763324e-15,0.0,0.0,0.6008468728477862,1.3794132778168844e-13
2024-04-03,0.0004641002716163809,8.68465813255167e-15,2.3798589773799992e-07,7.429230590526546e-16,1.0547214893370445e-16,0.0004638622857186429,7.83626292456531e-15,0.001189717992467304,3.713955065299075e-12,0.5999999996446166,3.849733436080212e-12
2024-04-04,-0.0008586222348101183,-2.3111032279607143e-15,0.0,0.0,1.0518542154439378e-16,-0.0008586222348101183,-2.416288649505108e-15,0.0,0.0,0.6001856964072374,3.839267886370373e-12
2024-04-05,0.0004367924196623995,-4.344467000861746e-15,0.0,0.0,1.0533918600835407e-16,0.0004367924196623995,-4.4498061868701e-15,0.0,0.0,0.5998421119471218,3.844880289304923e-12
2024-04-08,0.00019819234911668844,3.712542773792826e-15,0.0,0.0,3.16236507795161e-16,0.00019819234911668844,3.3963062659976653e-15,0.0,0.0,0.6000168215674563,3.847544178174459e-12
2024-04-09,0.0013967879195267065,4.442287805447782e-15,0.0,0.0,1.052895881735838e-16,0.0013967879195267065,4.336998217274198e-15,0.0,0.0,0.6000960794648859,3.8430699683358086e-12
2024-04-10,-0.0048938614842623344,-2.2569549474439904e-14,0.0,0.0,1.0502118932981537e-16,-0.0048938614842623344,-2.267457066376972e-14,0.0,0.0,0.6006538812991944,3.833273410538261e-12
2024-04-11,0.00042643205458034407,6.880238957113368e-15,0.0,0.0,1.0615906089033197e-16,0.00042643205458034407,6.774079896223036e-15,0.0,0.0,0.5986899253817878,3.8748057224971176e-12
2024-04-12,-0.0012371644698666489,-1.7644822897738027e-14,0.0,0.0,1.0592539121066992e-16,-0.0012371644698666489,-1.7750748288948697e-14,0.0,0.0,0.5988609839165847,3.866276779189452e-12
2024-04-15,-0.0034562527039648174,8.661455776429827e-16,0.0,0.0,3.196218578545983e-16,-0.0034562527039648174,5.465237197883844e-16,0.0,0.0,0.5983640942441714,3.888732603897613e-12
2024-04-16,-0.0012550781496814402,4.917043677344857e-15,0.0,0.0,1.0688631538560857e-16,-0.0012550781496814402,4.810157361959248e-15,0.0,0.0,0.596971124603807,3.9013505115747125e-12
2024-04-17,0.0007889608427859304,0.0,5.196059279523702e-07,7.804302104001175e-16,0.0,0.000788441236857978,-7.804302104001175e-16,0.0025974829493726455,3.901329941862078e-12,0.5957712804890276,0.0
2024-04-18,-0.0003603896056385428,0.0,0.0,0.0,0.0,-0.0003603896056385428,0.0,0.0,0.0,0.5960902591905786,0.0
2024-04-19,-0.00023260826902247236,0.0,0.0,0.0,0.0,-0.00023260826902247236,0.0,0.0,0.0,0.5959446418393951,0.0
2024-04-22,0.00205811234369366,0.0,0.0,0.0,0.0,0.00205811234369366,0.0,0.0,0.0,0.5958506333547929,0.0
2024-04-23,0.0019073145161727502,0.0,0.0,0.0,0.0,0.0019073145161727502,0.0,0.0,0.0,0.5966807097644766,0.0
2024-04-24,-0.001209108933619477,0.0,0.0,0.0,0.0,-0.001209108933619477,0.0,0.0,0.0,0.5974485020799666,0.0
2024-04-25,-0.0010685704133350567,0.0,0.0,0.0,0.0,-0.0010685704133350567,0.0,0.0,0.0,0.5969611842472445,0.0
2024-04-26,0.00196802539584589,0.0,0.0,0.0,0.0,0.00196802539584589,0.0,0.0,0.0,0.5965300481940748,0.0
2024-04-29,0.0014773576451347784,0.0,0.0,0.0,0.0,0.0014773576451347784,0.0,0.0,0.0,0.5973225276859242,0.0
2024-04-30,-0.0038297410809168962,0.0,0.0,0.0,0.0,-0.0038297410809168962,0.0,0.0,0.0,0.5979165487466157,0.0
2024-05-01,0.0010639644255231561,0.0,1.0090958722358312e-06,0.0,0.0,0.0010629553296509203,0.0,0.005038653072704015,0.0,0.6000000000415141,0.0
2024-05-02,0.002924481008473709,0.0,0.0,0.0,0.0,0.002924481008473709,0.0,0.0,0.0,0.600425738727997,0.0
2024-05-03,0.00316008624012838,0.0,0.0,0.0,0.0,0.00316008624012838,0.0,0.0,0.0,0.6015908786370257,0.0
2024-05-06,0.0015087056587212275,0.0,0.0,0.0,0.0,0.0015087056587212275,0.0,0.0,0.0,0.6028459197811362,0.0
2024-05-07,0.00022772705432747389,0.0,0.0,0.0,0.0,0.00022772705432747389,0.0,0.0,0.0,0.6034442057519168,0.0
2024-05-08,-0.0007262146699178615,0.0,0.0,0.0,0.0,-0.0007262146699178615,0.0,0.0,0.0,0.6035344916742705,0.0
2024-05-09,0.001364002619290004,0.0,0.0,0.0,0.0,0.001364002619290004,0.0,0.0,0.0,0.6032463633630013,0.0
2024-05-10,-0.000568217432275353,0.0,0.0,0.0,0.0,-0.000568217432275353,0.0,0.0,0.0,0.6037867992066805,0.0
2024-05-13,0.00016178473712859131,0.0,0.0,0.0,0.0,0.00016178473712859131,0.0,0.0,0.0,0.603561535960589,0.0
2024-05-14,0.0011737836933230896,0.0,0.0,0.0,0.0,0.0011737836933230896,0.0,0.0,0.0,0.6036256632784601,0.0
2024-05-15,0.0036175098595228757,0.0,1.3159985918923363e-06,0.0,0.0,0.0036161938609309834,0.0,0.0065684956666376,0.0,0.6000000001351946,0.0
2024-05-16,-0.0009220695201457487,0.0,0.0,0.0,0.0,-0.0009220695201457487,0.0,0.0,0.0,0.6014425770399231,0.0
2024-05-17,-0.00022710955832302616,0.0,0.0,0.0,0.0,-0.00022710955832302616,0.0,0.0,0.0,0.6010747402170612,0.0
2024-05-20,0.0001230627870727764,0.0,0.0,0.0,0.0,0.0001230627870727764,0.0,0.0,0.0,0.6009841198967673,0.0
2024-05-21,0.0004978924177349045,0.0,0.0,0.0,0.0,0.0004978924177349045,0.0,0.0,0.0,0.6010332178609264,0.0
2024-05-22,-0.0009159371310642044,0.0,0.0,0.0,0.0,-0.0009159371310642044,0.0,0.0,0.0,0.6012317615432875,0.0
2024-05-23,-0.0021101117594356207,0.0,0.0,0.0,0.0,-0.0021101117594356207,0.0,0.0,0.0,0.6008661800573385,0.0
2024-05-24,0.0015809656097876773,0.0,0.0,0.0,0.0,0.0015809656097876773,0.0,0.0,0.0,0.6000221821604018,0.0
2024-05-28,-0.0013733902909769627,0.0,0.0,0.0,0.0,-0.0013733902909769627,0.0,0.0,0.0,0.6006535351876604,0.0
2024-05-29,-0.0017175068870515188,0.0,0.0,0.0,0.0,-0.0017175068870515188,0.0,0.0,0.0,0.600104322346568,0.0
2024-05-30,0.0008967925120412447,0.0,2.094276038205393e-07,0.0,0.0,0.0008965830844374241,0.0,0.0010470228160542466,0.0,0.5983692942963135,0.0
2024-05-31,0.002281958830643012,0.0,0.0,0.0,0.0,0.002281958830643012,0.0,0.0,0.0,0.5987292762670963,0.0
2024-06-03,0.0014842911720378761,0.0,0.0,0.0,0.0,0.0014842911720378761,0.0,0.0,0.0,0.599642874744484,0.0
2024-06-04,0.00063305564561555,0.0,0.0,0.0,0.0,0.00063305564561555,0.0,0.0,0.0,0.600236240563516,0.0
2024-06-05,0.0021812566811453067,0.0,0.0,0.0,0.0,0.0021812566811453067,0.0,0.0,0.0,0.6004891531605925,0.0
2024-06-06,-0.0004221922587172999,0.0,0.0,0.0,0.0,-0.0004221922587172999,0.0,0.0,0.0,0.6013586921766626,0.0
2024-06-07,-0.002232141475621979,0.0,0.0,0.0,0.0,-0.002232141475621979,0.0,0.0,0.0,0.6011903178161432,0.0
2024-06-10,0.00023103226942991744,0.0,0.0,0.0,0.0,0.00023103226942991744,0.0,0.0,0.0,0.6002981266868368,0.0
2024-06-11,0.001185001070024149,0.0,0.0,0.0,0.0,0.001185001070024149,0.0,0.0,0.0,0.6003904493882007,0.0
2024-06-12,0.0020892155235172905,0.0,0.0,0.0,0.0,0.0020892155235172905,0.0,0.0,0.0,0.6008634266547009,0.0
2024-06-13,0.0010688148832490012,0.0,6.956291289716664e-07,0.0,0.0,0.0010681192541200297,0.0,0.003477370401573282,0.0,0.6000000000405432,0.0
2024-06-14,-0.00023451238128078131,0.0,0.0,0.0,0.0,-0.00023451238128078131,0.0,0.0,0.0,0.6004274867644757,0.0
2024-06-17,0.00022677736347731633,0.0,0.0,0.0,0.0,0.00022677736347731633,0.0,0.0,0.0,0.6003337600828356,0.0
2024-06-18,0.001760470140250687,0.0,0.0,0.0,0.0,0.001760470140250687,0.0,0.0,0.0,0.6004243747896303,0.0
2024-06-20,-0.0007870717493166582,0.0,0.0,0.0,0.0,-0.0007870717493166582,0.0,0.0,0.0,0.6011265795360968,0.0
2024-06-21,5.130279836707916e-05,0.0,0.0,0.0,0.0,5.130279836707916e-05,0.0,0.0,0.0,0.6008123902457819,0.0
2024-06-24,-0.00027786262983691854,0.0,0.0,0.0,0.0,-0.00027786262983691854,0.0,0.0,0.0,0.6008328686366372,0.0
2024-06-25,0.0005973913608162375,0.0,0.0,0.0,0.0,0.0005973913608162375,0.0,0.0,0.0,0.6007219241804534,0.0
2024-06-26,-0.0009053212432598723,0.0,0.0,0.0,0.0,-0.0009053212432598723,0.0,0.0,0.0,0.6009603070456475,0.0
2024-06-27,0.0006694819091016206,0.0,0.0,0.0,0.0,0.0006694819091016206,0.0,0.0,0.0,0.600598720582806,0.0
2024-06-28,-0.0017405129369145538,0.0,2.0991327187836058e-07,0.0,0.0,-0.0017407228501864322,0.0,0.0010493610621907512,0.0,0.5998512335966208,0.0
2024-07-01,-0.000719554855082545,0.0,0.0,0.0,0.0,-0.000719554855082545,0.0,0.0,0.0,0.5991536811632806,0.0
2024-07-02,0.0018420643727768398,0.0,0.0,0.0,0.0,0.0018420643727768398,0.0,0.0,0.0,0.5988650425571095,0.0
2024-07-03,0.0022114085075804362,0.0,0.0,0.0,0.0,0.0022114085075804362,0.0,0.0,0.0,0.5996026003419719,0.0
2024-07-05,0.002181013467509218,0.0,0.0,0.0,0.0,0.002181013467509218,0.0,0.0,0.0,0.600486088804087,0.0
2024-07-08,5.3299749551718625e-05,0.0,0.0,0.0,0.0,5.3299749551718625e-05,0.0,0.0,0.0,0.6013555377450132,0.0
2024-07-09,-0.00048783783071082177,0.0,0.0,0.0,0.0,-0.00048783783071082177,0.0,0.0,0.0,0.6013767842625775,0.0
2024-07-10,0.0019124893360349007,0.0,0.0,0.0,0.0,0.0019124893360349007,0.0,0.0,0.0,0.6011822258647945,0.0
2024-07-11,0.0006486673589888503,0.0,0.0,0.0,0.0,0.0006486673589888503,0.0,0.0,0.0,0.6019435046672578,0.0
2024-07-12,0.0015095985609388945,0.0,0.0,0.0,0.0,0.0015095985609388945,0.0,0.0,0.0,0.6022015435414186,0.0
2024-07-15,-0.00029759585774063703,0.0,7.659477774232523e-07,0.0,0.0,-0.00029836180551806027,0.0,0.003828304101856639,0.0,0.6000000000663185,0.0
2024-07-16,0.0018435612487025623,0.0,0.0,0.0,0.0,0.0018435612487025623,0.0,0.0,0.0,0.5998813859019722,0.0
2024-07-17,-0.0017318714297817695,0.0,0.0,0.0,0.0,-0.0017318714297817695,0.0,0.0,0.0,0.6006176716858688,0.0
2024-07-18,-0.0017805227881577167,0.0,0.0,0.0,0.0,-0.0017805227881577167,0.0,0.0,0.0,0.5999247928648676,0.0
2024-07-19,-0.001300167501667431,0.0,0.0,0.0,0.0,-0.001300167501667431,0.0,0.0,0.0,0.5992111792362586,0.0
2024-07-22,0.0016853881969240423,0.0,0.0,0.0,0.0,0.0016853881969240423,0.0,0.0,0.0,0.5986894082467864,0.0
2024-07-23,-0.00013256129476079973,0.0,0.0,0.0,0.0,-0.00013256129476079973,0.0,0.0,0.0,0.5993646343633005,0.0
2024-07-24,-0.003488699811252446,0.0,0.0,0.0,0.0,-0.003488699811252446,0.0,0.0,0.0,0.5993115185794077,0.0
2024-07-25,-7.088431936706687e-06,0.0,0.0,0.0,0.0,-7.088431936706687e-06,0.0,0.0,0.0,0.5979087428866099,0.0
2024-07-26,0.0025177522789348664,0.0,0.0,0.0,0.0,0.0025177522789348664,0.0,0.0,0.0,0.597905892669898,0.0
2024-07-29,0.00027826727943598006,0.0,3.2573623115687065e-07,0.0,0.0,0.0002779415432048232,0.0,0.0016283849970950698,0.0,0.597287338523953,0.0
2024-07-30,-0.00019371187226714605,0.0,0.0,0.0,0.0,-0.00019371187226714605,0.0,0.0,0.0,0.5973995636467588,0.0
2024-07-31,0.0031944490864869927,0.0,0.0,0.0,0.0,0.0031944490864869927,0.0,0.0,0.0,0.5973215600522352,0.0
2024-08-01,-0.0012278772587755774,0.0,0.0,0.0,0.0,-0.0012278772587755774,0.0,0.0,0.0,0.5986037997773554,0.0
2024-08-02,-0.0002033459866750316,0.0,0.0,0.0,0.0,-0.0002033459866750316,0.0,0.0,0.0,0.5981103285892934,0.0
2024-08-05,-0.004161355958636493,0.0,0.0,0.0,0.0,-0.004161355958636493,0.0,0.0,0.0,0.5980285893161729,0.0
2024-08-06,0.00014845486937767089,0.0,0.0,0.0,0.0,0.00014845486937767089,0.0,0.0,0.0,0.5963488532112732,0.0
2024-08-07,-0.0007129079384931362,0.0,0.0,0.0,0.0,-0.0007129079384931362,0.0,0.0,0.0,0.5964087682948581,0.0
2024-08-08,0.0028651609133772122,0.0,0.0,0.0,0.0,0.0028651609133772122,0.0,0.0,0.0,0.5961208396352418,0.0
2024-08-09,0.001226526243107561,0.0,0.0,0.0,0.0,0.001226526243107561,0.0,0.0,0.0,0.5972747123881362,0.0
2024-08-12,0.0005866159726260152,0.0,1.4288579155857623e-07,0.0,0.0,0.0005864730868344566,0.0,0.0007142404672610375,0.0,0.5970674641390975,0.0
2024-08-13,0.003091155184160731,0.0,0.0,0.0,0.0,0.003091155184160731,0.0,0.0,0.0,0.5973037775215424,0.0
2024-08-14,0.0008055012063769509,0.0,0.0,0.0,0.0,0.0008055012063769509,0.0,0.0,0.0,0.5985447380357718,0.0
2024-08-15,0.0012008708952204424,0.0,0.0,0.0,0.0,0.0012008708952204424,0.0,0.0,0.0,0.5988678504661378,0.0
2024-08-16,0.0011375879551688108,0.0,0.0,0.0,0.0,0.0011375879551688108,0.0,0.0,0.0,0.5993489806144582,0.0
2024-08-19,0.0014847722357324733,0.0,0.0,0.0,0.0,0.0014847722357324733,0.0,0.0,0.0,0.5998042384924592,0.0
2024-08-20,0.0005182146570959362,0.0,0.0,0.0,0.0,0.0005182146570959362,0.0,0.0,0.0,0.6003975571050004,0.0
2024-08-21,0.001205217662319822,0.0,0.0,0.0,0.0,0.001205217662319822,0.0,0.0,0.0,0.600604529691692,0.0
2024-08-22,-0.002152424907624315,0.0,0.0,0.0,0.0,-0.002152424907624315,0.0,0.0,0.0,0.6010853087233772,0.0
2024-08-23,0.0034070655616654172,0.0,0.0,0.0,0.0,0.0034070655616654172,0.0,0.0,0.0,0.6002248226742514,0.0
2024-08-26,-0.0006912439983555778,0.0,9.727641897421894e-07,0.0,0.0,-0.00069221676254532,0.0,0.004862372012727906,0.0,0.6000000000415266,0.0
2024-08-27,0.0001341358002048324,0.0,0.0,0.0,0.0,0.0001341358002048324,0.0,0.0,0.0,0.5997238949761727,0.0
2024-08-28,-0.0008446455440382365,0.0,0.0,0.0,0.0,-0.0008446455440382365,0.0,0.0,0.0,0.5997775791308556,0.0
2024-08-29,-0.00010890339295925767,0.0,0.0,0.0,0.0,-0.00010890339295925767,0.0,0.0,0.0,0.5994392472759503,0.0
2024-08-30,0.000707756483080145,0.0,0.0,0.0,0.0,0.000707756483080145,0.0,0.0,0.0,0.5993956200997452,0.0
2024-09-03,-0.0022680266912343534,0.0,0.0,0.0,0.0,-0.0022680266912343534,0.0,0.0,0.0,0.5996789499182542,0.0
2024-09-04,0.0012323353351025863,0.0,0.0,0.0,0.0,0.0012323353351025863,0.0,0.0,0.0,0.5987689471811084,0.0
2024-09-05,0.0007346246021802635,0.0,0.0,0.0,0.0,0.0007346246021802635,0.0,0.0,0.0,0.599262789805322,0.0
2024-09-06,-0.0016506680014412199,0.0,0.0,0.0,0.0,-0.0016506680014412199,0.0,0.0,0.0,0.5995569651105238,0.0
2024-09-09,0.001792179233781596,0.0,0.0,0.0,0.0,0.001792179233781596,0.0,0.0,0.0,0.5988948737133483,0.0
2024-09-10,0.0007490933250727274,0.0,6.547872400463245e-07,0.0,0.0,0.000748438537832681,0.0,0.0032721296631537523,0.0,0.6000000002250648,0.0
2024-09-11,0.0013234266575387049,0.0,0.0,0.0,0.0,0.0013234266575387049,0.0,0.0,0.0,0.6002998060410429,0.0
2024-09-12,0.0010895542356560135,0.0,0.0,0.0,0.0,0.0010895542356560135,0.0,0.0,0.0,0.6008280807998537,0.0
2024-09-13,0.0017456320030800247,0.0,0.0,0.0,0.0,0.0017456320030800247,0.0,0.0,0.0,0.6012625269025816,0.0
2024-09-16,0.0014457592178480645,0.0,0.0,0.0,0.0,0.0014457592178480645,0.0,0.0,0.0,0.6019573628685487,0.0
2024-09-17,-4.115913131382272e-05,0.0,0.0,0.0,0.0,-4.115913131382272e-05,0.0,0.0,0.0,0.6025320058848402,0.0
2024-09-18,-0.0009073600448622918,0.0,0.0,0.0,0.0,-0.0009073600448622918,0.0,0.0,0.0,0.6025156457741099,0.0
2024-09-19,0.002682256790340739,0.0,0.0,0.0,0.0,0.002682256790340739,0.0,0.0,0.0,0.6021546568056603,0.0
2024-09-20,-0.00019954316852978217,0.0,0.0,0.0,0.0,-0.00019954316852978217,0.0,0.0,0.0,0.6032189255369175,0.0
2024-09-23,-0.00022836408792753843,0.0,0.0,0.0,0.0,-0.00022836408792753843,0.0,0.0,0.0,0.6031397347821326,0.0
2024-09-24,0.0007517711263352364,-1.920531301361099e-13,1.0140456452088616e-06,3.042554075009019e-15,4.1661267580788837e-16,0.0007507570806900275,-1.955122968869268e-13,0.0050680926161945075,1.5206362666987925e-11,0.5999999999287359,1.5206362666987925e-11
2024-09-25,-0.0011650327287399539,9.077529617103857e-14,0.0,0.0,4.2155791780902494e-16,-0.0011650327287399539,9.035373825322955e-14,0.0,0.0,0.6003010907607538,1.538686400002941e-11
2024-09-26,0.0004646857692750743,-1.3129907030855125e-13,0.0,0.0,4.195597242037005e-16,0.0004646857692750743,-1.3171863003275494e-13,0.0,0.0,0.5998348853051801,1.5313929933435067e-11
2024-09-27,0.0008058248408048859,-3.5707135054901e-14,0.0,0.0,4.2296041532076406e-16,0.0008058248408048859,-3.613009547022176e-14,0.0,0.0,0.6000207499707533,1.5438055159207884e-11
2024-09-30,0.00016849096316011358,5.031998212392238e-14,0.0,0.0,1.2707920431846537e-15,0.00016849096316011358,4.904919008073772e-14,0.0,0.0,0.6003428036673862,1.5461303192079953e-11
2024-10-01,-0.00011300744381629004,-4.735741467576435e-14,0.0,0.0,4.2214759002692713e-16,-0.00011300744381629004,-4.777956226579128e-14,0.0,0.0,0.6004101309492621,1.5408387035982836e-11
2024-10-02,-0.0003133935507267129,-8.991923216251678e-14,0.0,0.0,4.234929112941014e-16,-0.0003133935507267129,-9.034272507381088e-14,0.0,0.0,0.6003649692160025,1.54574912622347e-11
2024-10-03,-0.001464799337661692,4.48639723254433e-14,0.0,0.0,4.26089985754897e-16,-0.001464799337661692,4.4437882339688404e-14,0.0,0.0,0.6002396869120985,1.5552284480053743e-11
2024-10-04,-0.0006482315525476087,-6.428564627452475e-14,0.0,0.0,4.2548408463351033e-16,-0.0006482315525476087,-6.471113035915827e-14,0.0,0.0,0.5996532592714175,1.5530169089123125e-11
2024-10-07,-0.002073472725912903,2.7485728202961343e-14,0.0,0.0,1.2825674063102444e-15,-0.002073472725912903,2.62031607966511e-14,0.0,0.0,0.5993935735456755,1.5604570110107974e-11
2024-10-08,0.0007367366331229654,0.0,3.794692060397856e-05,3.135031322624744e-15,0.0,0.0006987897125189869,-3.135031322624744e-15,0.18893928149275774,1.560945015105932e-11,0.600000000117586,0.0
2024-10-09,-0.0007097752461669047,0.0,0.0,0.0,0.0,-0.0007097752461669047,0.0,0.0,0.0,0.6003172412382859,0.0
2024-10-10,0.00011424016981424049,0.0,0.0,0.0,0.0,0.00011424016981424049,0.0,0.0,0.0,0.6000333548142406,0.0
2024-10-11,0.000502199500461199,0.0,0.0,0.0,0.0,0.000502199500461199,0.0,0.0,0.0,0.6000790418524117,0.0
2024-10-14,-5.4617406806300156e-05,0.0,0.0,0.0,0.0,-5.4617406806300156e-05,0.0,0.0,0.0,0.600279781146644,0.0
2024-10-15,0.000933635813342507,0.0,0.0,0.0,0.0,0.000933635813342507,0.0,0.0,0.0,0.6002579482723871,0.0
2024-10-16,0.0005999181227611821,0.0,0.0,0.0,0.0,0.0005999181227611821,0.0,0.0,0.0,0.6006308136475113,0.0
2024-10-17,-0.0014441526433099593,0.0,0.0,0.0,0.0,-0.0014441526433099593,0.0,0.0,0.0,0.6008702588125825,0.0
2024-10-18,0.0006788458523438526,0.0,0.0,0.0,0.0,0.0006788458523438526,0.0,0.0,0.0,0.600293020922198,0.0
2024-10-21,-0.002660360491033045,0.0,0.0,0.0,0.0,-0.002660360491033045,0.0,0.0,0.0,0.6005641762744117,0.0
2024-10-22,-0.0004954978375624733,-5.642292185636782e-15,4.727380052684493e-07,1.048942452414303e-16,1.4358738980873403e-17,-0.0004959705755677418,-5.761545169859086e-15,0.002361989818462599,5.240939728018792e-13,0.5999999998329233,5.240939728018792e-13
2024-10-23,-0.001572655575847123,-1.766329251541525e-15,0.0,0.0,1.4520524081111233e-17,-0.001572655575847123,-1.7808497756226363e-15,0.0,0.0,0.5998019861316528,5.2999912896056e-13
2024-10-24,0.0011040321883913858,-2.381394345320824e-15,0.0,0.0,1.4591864640634375e-17,0.0011040321883913858,-2.3959862099614582e-15,0.0,0.0,0.5991716211466924,5.326030593831547e-13
2024-10-25,-0.00027528652419515594,4.218171340673012e-15,0.0,0.0,1.4640944247610327e-17,-0.00027528652419515594,4.203530396425402e-15,0.0,0.0,0.5996136605532353,5.343944650377769e-13
2024-10-28,0.0002052094712804261,3.1262868479224373e-15,0.0,0.0,4.3588132954146003e-17,0.0002052094712804261,3.0826987149682914e-15,0.0,0.0,0.5995034092388098,5.303222842754431e-13
2024-10-29,0.0003073409021978449,-2.4123765508410963e-15,0.0,0.0,1.4440762575665293e-17,0.0003073409021978449,-2.4268173134167616e-15,0.0,0.0,0.5995855780706256,5.270878340117831e-13
2024-10-30,-0.0001842972703853993,2.0381604160185377e-15,0.0,0.0,1.450239790385175e-17,-0.0001842972703853993,2.0236580181146857e-15,0.0,0.0,0.5997086039894188,5.293375234905888e-13
2024-10-31,-0.0009020674239379394,5.895475778673512e-16,0.0,0.0,1.4449220844414772e-17,-0.0009020674239379394,5.750983570229364e-16,0.0,0.0,0.5996348177791772,5.273965608211392e-13
2024-11-01,-0.0008496064227320756,-1.8356763105501514e-15,0.0,0.0,1.444610021238458e-17,-0.0008496064227320756,-1.850122410762536e-15,0.0,0.0,0.5992733353090554,5.272826577520371e-13
2024-11-04,0.0015212467528852552,3.113971944989997e-16,0.0,0.0,4.352615824573297e-17,0.0015212467528852552,2.6787103625326674e-16,0.0,0.0,0.5989325858580531,5.295682586564178e-13
2024-11-05,0.0009112439657389141,0.0,2.2835353715934706e-07,1.0575668290534567e-16,0.0,0.0009110156122017548,-1.0575668290534567e-16,0.001141054144104875,5.284529541214088e-13,0.6000000002688127,0.0
2024-11-06,-0.0019739659149716226,0.0,0.0,0.0,0.0,-0.0019739659149716226,0.0,0.0,0.0,0.6003643029815271,0.0
2024-11-07,0.002880527254200655,0.0,0.0,0.0,0.0,0.002880527254200655,0.0,0.0,0.0,0.5995738754602212,0.0
2024-11-08,0.0015477903868004355,0.0,0.0,0.0,0.0,0.0015477903868004355,0.0,0.0,0.0,0.6007240008576986,0.0
2024-11-11,-0.0007746068935939043,0.0,0.0,0.0,0.0,-0.0007746068935939043,0.0,0.0,0.0,0.6013410413614911,0.0
2024-11-12,-0.002184898072408978,0.0,0.0,0.0,0.0,-0.002184898072408978,0.0,0.0,0.0,0.6010319979968162,0.0
2024-11-13,-0.00019497569425134032,0.0,0.0,0.0,0.0,-0.00019497569425134032,0.0,0.0,0.0,0.6001583848225464,0.0
2024-11-14,-0.0005602312459684198,0.0,0.0,0.0,0.0,-0.0005602312459684198,0.0,0.0,0.0,0.6000804102228844,0.0
2024-11-15,0.0003067693044542445,0.0,0.0,0.0,0.0,0.0003067693044542445,0.0,0.0,0.0,0.5998562371840757,0.0
2024-11-18,0.0006899354684700806,0.0,0.0,0.0,0.0,0.0006899354684700806,0.0,0.0,0.0,0.5999789513629333,0.0
2024-11-19,0.0008840261039642734,0.0,2.6459602932141424e-07,0.0,0.0,0.000883761507934952,0.0,0.0013225320861044026,0.0,0.600000000427838,0.0
2024-11-20,-0.00018042753690474794,0.0,0.0,0.0,0.0,-0.00018042753690474794,0.0,0.0,0.0,0.6003534572551243,0.0
2024-11-21,-0.00012509516348878326,0.0,0.0,0.0,0.0,-0.00012509516348878326,0.0,0.0,0.0,0.6002813370013048,0.0
2024-11-22,5.194779329358701e-05,0.0,0.0,0.0,0.0,5.194779329358701e-05,0.0,0.0,0.0,0.6002313278739076,0.0
2024-11-25,0.0026472213428001944,0.0,0.0,0.0,0.0,0.0026472213428001944,0.0,0.0,0.0,0.600252093895503,0.0
2024-11-26,-0.0005058899446463066,0.0,0.0,0.0,0.0,-0.0005058899446463066,0.0,0.0,0.0,0.6013075211347695,0.0
2024-11-27,0.0012573594360011991,0.0,0.0,0.0,0.0,0.0012573594360011991,0.0,0.0,0.0,0.6011057245318329,0.0
2024-11-29,0.00128078465886918,0.0,0.0,0.0,0.0,0.00128078465886918,0.0,0.0,0.0,0.6016066481719939,0.0
2024-12-02,-6.836391190226506e-06,0.0,0.0,0.0,0.0,-6.836391190226506e-06,0.0,0.0,0.0,0.6021162515729926,0.0
2024-12-03,-6.805556255356334e-05,0.0,0.0,0.0,0.0,-6.805556255356334e-05,0.0,0.0,0.0,0.6021135314654444,0.0
2024-12-04,0.0012358401747197046,4.6692120252023443e-14,6.356210432573836e-07,3.082714401960193e-15,4.2210969029148004e-16,0.0012352045536764473,4.318729615977177e-14,0.0031767509037701944,1.540700369563902e-11,0.599999999870686,1.540700369563902e-11
2024-12-05,-0.00015982051314100722,-3.754864267278939e-14,0.0,0.0,4.2031128370857512e-16,-0.00015982051314100722,-3.796895395649796e-14,0.0,0.0,0.6004941069899699,1.534136185536299e-11
2024-12-06,0.000880923400886025,6.037541231195807e-14,0.0,0.0,4.214073631858577e-16,0.000880923400886025,5.995400494877221e-14,0.0,0.0,0.6004302475471198,1.5381368756283806e-11
2024-12-09,-0.0007423982182393124,-5.421092875819451e-14,0.0,0.0,1.2581513918987396e-15,-0.0007423982182393124,-5.546908015009325e-14,0.0,0.0,0.6007819280886872,1.5307508601434664e-11
2024-12-10,-0.00034332394126101643,1.005588794465727e-14,0.0,0.0,4.211817127776063e-16,-0.00034332394126101643,9.634706231879664e-15,0.0,0.0,0.6004853291088906,1.537313251638263e-11
2024-12-11,-0.0005277849337565568,-1.0837998917556343e-13,0.0,0.0,4.210507658066843e-16,-0.0005277849337565568,-1.088010399413701e-13,0.0,0.0,0.6003481190499846,1.536835295194398e-11
2024-12-12,-0.0014693417851851037,7.203012489893007e-14,0.0,0.0,4.242439901649096e-16,-0.0014693417851851037,7.160588090876517e-14,0.0,0.0,0.6001370774239464,1.5484905641019198e-11
2024-12-13,-0.0014855840427239592,1.1422311867781463e-13,0.0,0.0,4.2289193487598757e-16,-0.0014855840427239592,1.1380022674293865e-13,0.0,0.0,0.599548677562914,1.5435555622973543e-11
2024-12-16,0.00045676909605740204,9.139305176075228e-14,0.0,0.0,1.2611611639931878e-15,0.00045676909605740204,9.013189059675909e-14,0.0,0.0,0.598952888373433,1.5344127495250452e-11
2024-12-17,-0.0005575164787885541,-2.318663421042004e-15,0.0,0.0,4.1769234648250345e-16,-0.0005575164787885541,-2.7363557675245073e-15,0.0,0.0,0.599135990664565,1.5245770646611373e-11
2024-12-18,-0.004008705491444034,4.4484154948098414e-13,1.6938966887789922e-07,3.068563134161663e-15,8.383025503414397e-16,-0.004008874881112913,4.4093468379648107e-13,0.000846872845317787,1.5341447974244266e-11,0.5981760326177101,3.0598043087462554e-11
2024-12-19,-0.0013423505035322486,-1.1596946906782891e-14,0.0,0.0,8.294402327436969e-16,-0.0013423505035322486,-1.2426387139526588e-14,0.0,0.0,0.5965588569427059,3.0274568495144934e-11
2024-12-20,0.0019614074481112357,-2.0454685039658536e-13,0.0,0.0,8.308732804829236e-16,0.0019614074481112357,-2.053777236770683e-13,0.0,0.0,0.5960165695814724,3.032687473762671e-11
2024-12-23,-0.00082895668751023,2.4692994225972795e-14,0.0,0.0,2.5045195280885616e-15,-0.00082895668751023,2.2188474697884232e-14,0.0,0.0,0.5968073945609267,3.047165425841083e-11
2024-12-24,0.0010966441682803334,-1.4611046576157031e-13,0.0,0.0,8.348553812578136e-16,0.0010966441682803334,-1.4694532114282812e-13,0.0,0.0,0.5964728880628813,3.0472221415910194e-11
2024-12-26,0.0002494380058527767,5.4218963656339025e-14,0.0,0.0,1.6758789725323442e-15,0.0002494380058527767,5.254308468380668e-14,0.0,0.0,0.5969149289554508,3.058479124871528e-11
2024-12-27,-0.0009394483103291782,-6.479534371425505e-14,0.0,0.0,8.362454438111427e-16,-0.0009394483103291782,-6.563158915806618e-14,0.0,0.0,0.5970154486183057,3.052295869910671e-11
2024-12-30,0.001201445675621812,-3.544461443463045e-13,0.0,0.0,2.5164260283027942e-15,0.001201445675621812,-3.569625703746073e-13,0.0,0.0,0.5966365094687168,3.0616516677683994e-11
2024-12-31,-0.0003052737575414279,1.0784124892445742e-13,0.0,0.0,8.475013025959078e-16,-0.0003052737575414279,1.0699374762186152e-13,0.0,0.0,0.597120547245239,3.0933797544750634e-11
