,growth,rates,real_assets,fx
2007-01-03,0.25,0.25,0.25,0.25
2007-01-04,0.25,0.25,0.25,0.25
2007-01-05,0.25,0.25,0.25,0.25
2007-01-08,0.25,0.25,0.25,0.25
2007-01-09,0.25,0.25,0.25,0.25
2007-01-10,0.25,0.25,0.25,0.25
2007-01-11,0.25,0.25,0.25,0.25
2007-01-12,0.25,0.25,0.25,0.25
2007-01-16,0.25,0.25,0.25,0.25
2007-01-17,0.25,0.25,0.25,0.25
2007-01-18,0.25,0.25,0.25,0.25
2007-01-19,0.25,0.25,0.25,0.25
2007-01-22,0.25,0.25,0.25,0.25
2007-01-23,0.25,0.25,0.25,0.25
2007-01-24,0.25,0.25,0.25,0.25
2007-01-25,0.25,0.25,0.25,0.25
2007-01-26,0.25,0.25,0.25,0.25
2007-01-29,0.25,0.25,0.25,0.25
2007-01-30,0.25,0.25,0.25,0.25
2007-01-31,0.25,0.25,0.25,0.25
2007-02-01,0.25,0.25,0.25,0.25
2007-02-02,0.25,0.25,0.25,0.25
2007-02-05,0.25,0.25,0.25,0.25
2007-02-06,0.25,0.25,0.25,0.25
2007-02-07,0.25,0.25,0.25,0.25
2007-02-08,0.25,0.25,0.25,0.25
2007-02-09,0.25,0.25,0.25,0.25
2007-02-12,0.25,0.25,0.25,0.25
2007-02-13,0.25,0.25,0.25,0.25
2007-02-14,0.25,0.25,0.25,0.25
2007-02-15,0.25,0.25,0.25,0.25
2007-02-16,0.25,0.25,0.25,0.25
2007-02-20,0.25,0.25,0.25,0.25
2007-02-21,0.25,0.25,0.25,0.25
2007-02-22,0.25,0.25,0.25,0.25
2007-02-23,0.25,0.25,0.25,0.25
2007-02-26,0.25,0.25,0.25,0.25
2007-02-27,0.25,0.25,0.25,0.25
2007-02-28,0.25,0.25,0.25,0.25
2007-03-01,0.25,0.25,0.25,0.25
2007-03-02,0.25,0.25,0.25,0.25
2007-03-05,0.25,0.25,0.25,0.25
2007-03-06,0.25,0.25,0.25,0.25
2007-03-07,0.25,0.25,0.25,0.25
2007-03-08,0.25,0.25,0.25,0.25
2007-03-09,0.25,0.25,0.25,0.25
2007-03-12,0.25,0.25,0.25,0.25
2007-03-13,0.25,0.25,0.25,0.25
2007-03-14,0.25,0.25,0.25,0.25
2007-03-15,0.25,0.25,0.25,0.25
2007-03-16,0.25,0.25,0.25,0.25
2007-03-19,0.25,0.25,0.25,0.25
2007-03-20,0.25,0.25,0.25,0.25
2007-03-21,0.25,0.25,0.25,0.25
2007-03-22,0.25,0.25,0.25,0.25
2007-03-23,0.25,0.25,0.25,0.25
2007-03-26,0.25,0.25,0.25,0.25
2007-03-27,0.25,0.25,0.25,0.25
2007-03-28,0.25,0.25,0.25,0.25
2007-03-29,0.25,0.25,0.25,0.25
2007-03-30,0.23563352279280844,0.13434149764597397,0.3425144487250019,0.2875105308362156
2007-04-02,0.23563352279280844,0.13434149764597397,0.3425144487250019,0.2875105308362156
2007-04-03,0.23563352279280844,0.13434149764597397,0.3425144487250019,0.2875105308362156
2007-04-04,0.23563352279280844,0.13434149764597397,0.3425144487250019,0.2875105308362156
2007-04-05,0.23563352279280844,0.13434149764597397,0.3425144487250019,0.2875105308362156
2007-04-09,0.23563352279280844,0.13434149764597397,0.3425144487250019,0.2875105308362156
2007-04-10,0.23563352279280844,0.13434149764597397,0.3425144487250019,0.2875105308362156
2007-04-11,0.23563352279280844,0.13434149764597397,0.3425144487250019,0.2875105308362156
2007-04-12,0.23563352279280844,0.13434149764597397,0.3425144487250019,0.2875105308362156
2007-04-13,0.23563352279280844,0.13434149764597397,0.3425144487250019,0.2875105308362156
2007-04-16,0.22875803876846382,0.1995938229477779,0.3148170233739858,0.2568311149097724
2007-04-17,0.22875803876846382,0.1995938229477779,0.3148170233739858,0.2568311149097724
2007-04-18,0.22875803876846382,0.1995938229477779,0.3148170233739858,0.2568311149097724
2007-04-19,0.22875803876846382,0.1995938229477779,0.3148170233739858,0.2568311149097724
2007-04-20,0.22875803876846382,0.1995938229477779,0.3148170233739858,0.2568311149097724
2007-04-23,0.22875803876846382,0.1995938229477779,0.3148170233739858,0.2568311149097724
2007-04-24,0.22875803876846382,0.1995938229477779,0.3148170233739858,0.2568311149097724
2007-04-25,0.22875803876846382,0.1995938229477779,0.3148170233739858,0.2568311149097724
2007-04-26,0.22875803876846382,0.1995938229477779,0.3148170233739858,0.2568311149097724
2007-04-27,0.22875803876846382,0.1995938229477779,0.3148170233739858,0.2568311149097724
2007-04-30,0.23577331213941963,0.23142476774067622,0.2852646216183382,0.24753729850156586
2007-05-01,0.23577331213941963,0.23142476774067622,0.2852646216183382,0.24753729850156586
2007-05-02,0.23577331213941963,0.23142476774067622,0.2852646216183382,0.24753729850156586
2007-05-03,0.23577331213941963,0.23142476774067622,0.2852646216183382,0.24753729850156586
2007-05-04,0.23577331213941963,0.23142476774067622,0.2852646216183382,0.24753729850156586
2007-05-07,0.23577331213941963,0.23142476774067622,0.2852646216183382,0.24753729850156586
2007-05-08,0.23577331213941963,0.23142476774067622,0.2852646216183382,0.24753729850156586
2007-05-09,0.23577331213941963,0.23142476774067622,0.2852646216183382,0.24753729850156586
2007-05-10,0.23577331213941963,0.23142476774067622,0.2852646216183382,0.24753729850156586
2007-05-11,0.23577331213941963,0.23142476774067622,0.2852646216183382,0.24753729850156586
2007-05-14,0.5040586758125585,-0.01753765673792846,0.5354931020048187,-0.022014121079448806
2007-05-15,0.5040586758125585,-0.01753765673792846,0.5354931020048187,-0.022014121079448806
2007-05-16,0.5040586758125585,-0.01753765673792846,0.5354931020048187,-0.022014121079448806
2007-05-17,0.5040586758125585,-0.01753765673792846,0.5354931020048187,-0.022014121079448806
2007-05-18,0.5040586758125585,-0.01753765673792846,0.5354931020048187,-0.022014121079448806
2007-05-21,0.5040586758125585,-0.01753765673792846,0.5354931020048187,-0.022014121079448806
2007-05-22,0.5040586758125585,-0.01753765673792846,0.5354931020048187,-0.022014121079448806
2007-05-23,0.5040586758125585,-0.01753765673792846,0.5354931020048187,-0.022014121079448806
2007-05-24,0.5040586758125585,-0.01753765673792846,0.5354931020048187,-0.022014121079448806
2007-05-25,0.5040586758125585,-0.01753765673792846,0.5354931020048187,-0.022014121079448806
2007-05-29,0.22285515234266573,0.22395322104403345,0.3411265629883834,0.2120650636249175
2007-05-30,0.22285515234266573,0.22395322104403345,0.3411265629883834,0.2120650636249175
2007-05-31,0.22285515234266573,0.22395322104403345,0.3411265629883834,0.2120650636249175
2007-06-01,0.22285515234266573,0.22395322104403345,0.3411265629883834,0.2120650636249175
2007-06-04,0.22285515234266573,0.22395322104403345,0.3411265629883834,0.2120650636249175
2007-06-05,0.22285515234266573,0.22395322104403345,0.3411265629883834,0.2120650636249175
2007-06-06,0.22285515234266573,0.22395322104403345,0.3411265629883834,0.2120650636249175
2007-06-07,0.22285515234266573,0.22395322104403345,0.3411265629883834,0.2120650636249175
2007-06-08,0.22285515234266573,0.22395322104403345,0.3411265629883834,0.2120650636249175
2007-06-11,0.22285515234266573,0.22395322104403345,0.3411265629883834,0.2120650636249175
2007-06-12,0.25213942341423895,0.27159144506086386,0.2895030754423242,0.1867660560825731
2007-06-13,0.25213942341423895,0.27159144506086386,0.2895030754423242,0.1867660560825731
2007-06-14,0.25213942341423895,0.27159144506086386,0.2895030754423242,0.1867660560825731
2007-06-15,0.25213942341423895,0.27159144506086386,0.2895030754423242,0.1867660560825731
2007-06-18,0.25213942341423895,0.27159144506086386,0.2895030754423242,0.1867660560825731
2007-06-19,0.25213942341423895,0.27159144506086386,0.2895030754423242,0.1867660560825731
2007-06-20,0.25213942341423895,0.27159144506086386,0.2895030754423242,0.1867660560825731
2007-06-21,0.25213942341423895,0.27159144506086386,0.2895030754423242,0.1867660560825731
2007-06-22,0.25213942341423895,0.27159144506086386,0.2895030754423242,0.1867660560825731
2007-06-25,0.25213942341423895,0.27159144506086386,0.2895030754423242,0.1867660560825731
2007-06-26,0.25027714944345003,0.2511033542456603,0.2503241253564273,0.24829537095446233
2007-06-27,0.25027714944345003,0.2511033542456603,0.2503241253564273,0.24829537095446233
2007-06-28,0.25027714944345003,0.2511033542456603,0.2503241253564273,0.24829537095446233
2007-06-29,0.25027714944345003,0.2511033542456603,0.2503241253564273,0.24829537095446233
2007-07-02,0.25027714944345003,0.2511033542456603,0.2503241253564273,0.24829537095446233
2007-07-03,0.25027714944345003,0.2511033542456603,0.2503241253564273,0.24829537095446233
2007-07-05,0.25027714944345003,0.2511033542456603,0.2503241253564273,0.24829537095446233
2007-07-06,0.25027714944345003,0.2511033542456603,0.2503241253564273,0.24829537095446233
2007-07-09,0.25027714944345003,0.2511033542456603,0.2503241253564273,0.24829537095446233
2007-07-10,0.25027714944345003,0.2511033542456603,0.2503241253564273,0.24829537095446233
2007-07-11,0.25169292690451855,0.25577897430909086,0.2517498193846538,0.24077827940173677
2007-07-12,0.25169292690451855,0.25577897430909086,0.2517498193846538,0.24077827940173677
2007-07-13,0.25169292690451855,0.25577897430909086,0.2517498193846538,0.24077827940173677
2007-07-16,0.25169292690451855,0.25577897430909086,0.2517498193846538,0.24077827940173677
2007-07-17,0.25169292690451855,0.25577897430909086,0.2517498193846538,0.24077827940173677
2007-07-18,0.25169292690451855,0.25577897430909086,0.2517498193846538,0.24077827940173677
2007-07-19,0.25169292690451855,0.25577897430909086,0.2517498193846538,0.24077827940173677
2007-07-20,0.25169292690451855,0.25577897430909086,0.2517498193846538,0.24077827940173677
2007-07-23,0.25169292690451855,0.25577897430909086,0.2517498193846538,0.24077827940173677
2007-07-24,0.25169292690451855,0.25577897430909086,0.2517498193846538,0.24077827940173677
2007-07-25,0.2526253778402842,0.2583266109147538,0.25255177358522474,0.23649623765973732
2007-07-26,0.2526253778402842,0.2583266109147538,0.25255177358522474,0.23649623765973732
2007-07-27,0.2526253778402842,0.2583266109147538,0.25255177358522474,0.23649623765973732
2007-07-30,0.2526253778402842,0.2583266109147538,0.25255177358522474,0.23649623765973732
2007-07-31,0.2526253778402842,0.2583266109147538,0.25255177358522474,0.23649623765973732
2007-08-01,0.2526253778402842,0.2583266109147538,0.25255177358522474,0.23649623765973732
2007-08-02,0.2526253778402842,0.2583266109147538,0.25255177358522474,0.23649623765973732
2007-08-03,0.2526253778402842,0.2583266109147538,0.25255177358522474,0.23649623765973732
2007-08-06,0.2526253778402842,0.2583266109147538,0.25255177358522474,0.23649623765973732
2007-08-07,0.2526253778402842,0.2583266109147538,0.25255177358522474,0.23649623765973732
2007-08-08,0.25313043328139173,0.2615924693341081,0.2529093008148216,0.2323677965696785
2007-08-09,0.25313043328139173,0.2615924693341081,0.2529093008148216,0.2323677965696785
2007-08-10,0.25313043328139173,0.2615924693341081,0.2529093008148216,0.2323677965696785
2007-08-13,0.25313043328139173,0.2615924693341081,0.2529093008148216,0.2323677965696785
2007-08-14,0.25313043328139173,0.2615924693341081,0.2529093008148216,0.2323677965696785
2007-08-15,0.25313043328139173,0.2615924693341081,0.2529093008148216,0.2323677965696785
2007-08-16,0.25313043328139173,0.2615924693341081,0.2529093008148216,0.2323677965696785
2007-08-17,0.25313043328139173,0.2615924693341081,0.2529093008148216,0.2323677965696785
2007-08-20,0.25313043328139173,0.2615924693341081,0.2529093008148216,0.2323677965696785
2007-08-21,0.25313043328139173,0.2615924693341081,0.2529093008148216,0.2323677965696785
2007-08-22,0.2521964580488982,0.2580914682852737,0.25206456243548236,0.23764751123034586
2007-08-23,0.2521964580488982,0.2580914682852737,0.25206456243548236,0.23764751123034586
2007-08-24,0.2521964580488982,0.2580914682852737,0.25206456243548236,0.23764751123034586
2007-08-27,0.2521964580488982,0.2580914682852737,0.25206456243548236,0.23764751123034586
2007-08-28,0.2521964580488982,0.2580914682852737,0.25206456243548236,0.23764751123034586
2007-08-29,0.2521964580488982,0.2580914682852737,0.25206456243548236,0.23764751123034586
2007-08-30,0.2521964580488982,0.2580914682852737,0.25206456243548236,0.23764751123034586
2007-08-31,0.2521964580488982,0.2580914682852737,0.25206456243548236,0.23764751123034586
2007-09-04,0.2521964580488982,0.2580914682852737,0.25206456243548236,0.23764751123034586
2007-09-05,0.2521964580488982,0.2580914682852737,0.25206456243548236,0.23764751123034586
2007-09-06,0.25657376248577957,0.24235215600472595,0.24925750290687598,0.2518165786026186
2007-09-07,0.25657376248577957,0.24235215600472595,0.24925750290687598,0.2518165786026186
2007-09-10,0.25657376248577957,0.24235215600472595,0.24925750290687598,0.2518165786026186
2007-09-11,0.25657376248577957,0.24235215600472595,0.24925750290687598,0.2518165786026186
2007-09-12,0.25657376248577957,0.24235215600472595,0.24925750290687598,0.2518165786026186
2007-09-13,0.25657376248577957,0.24235215600472595,0.24925750290687598,0.2518165786026186
2007-09-14,0.25657376248577957,0.24235215600472595,0.24925750290687598,0.2518165786026186
2007-09-17,0.25657376248577957,0.24235215600472595,0.24925750290687598,0.2518165786026186
2007-09-18,0.25657376248577957,0.24235215600472595,0.24925750290687598,0.2518165786026186
2007-09-19,0.25657376248577957,0.24235215600472595,0.24925750290687598,0.2518165786026186
2007-09-20,0.24394944733717225,0.2550627628286045,0.31338671270506,0.18760107712916316
2007-09-21,0.24394944733717225,0.2550627628286045,0.31338671270506,0.18760107712916316
2007-09-24,0.24394944733717225,0.2550627628286045,0.31338671270506,0.18760107712916316
2007-09-25,0.24394944733717225,0.2550627628286045,0.31338671270506,0.18760107712916316
2007-09-26,0.24394944733717225,0.2550627628286045,0.31338671270506,0.18760107712916316
2007-09-27,0.24394944733717225,0.2550627628286045,0.31338671270506,0.18760107712916316
2007-09-28,0.24394944733717225,0.2550627628286045,0.31338671270506,0.18760107712916316
2007-10-01,0.24394944733717225,0.2550627628286045,0.31338671270506,0.18760107712916316
2007-10-02,0.24394944733717225,0.2550627628286045,0.31338671270506,0.18760107712916316
2007-10-03,0.24394944733717225,0.2550627628286045,0.31338671270506,0.18760107712916316
2007-10-04,0.49800207166996135,-0.021719633037938595,0.5301991617453572,-0.006481600377379904
2007-10-05,0.49800207166996135,-0.021719633037938595,0.5301991617453572,-0.006481600377379904
2007-10-08,0.49800207166996135,-0.021719633037938595,0.5301991617453572,-0.006481600377379904
2007-10-09,0.49800207166996135,-0.021719633037938595,0.5301991617453572,-0.006481600377379904
2007-10-10,0.49800207166996135,-0.021719633037938595,0.5301991617453572,-0.006481600377379904
2007-10-11,0.49800207166996135,-0.021719633037938595,0.5301991617453572,-0.006481600377379904
2007-10-12,0.49800207166996135,-0.021719633037938595,0.5301991617453572,-0.006481600377379904
2007-10-15,0.49800207166996135,-0.021719633037938595,0.5301991617453572,-0.006481600377379904
2007-10-16,0.49800207166996135,-0.021719633037938595,0.5301991617453572,-0.006481600377379904
2007-10-17,0.49800207166996135,-0.021719633037938595,0.5301991617453572,-0.006481600377379904
2007-10-18,0.264814658018702,0.24650538598674943,0.3046085077637938,0.18407144823075483
2007-10-19,0.264814658018702,0.24650538598674943,0.3046085077637938,0.18407144823075483
2007-10-22,0.264814658018702,0.24650538598674943,0.3046085077637938,0.18407144823075483
2007-10-23,0.264814658018702,0.24650538598674943,0.3046085077637938,0.18407144823075483
2007-10-24,0.264814658018702,0.24650538598674943,0.3046085077637938,0.18407144823075483
2007-10-25,0.264814658018702,0.24650538598674943,0.3046085077637938,0.18407144823075483
2007-10-26,0.264814658018702,0.24650538598674943,0.3046085077637938,0.18407144823075483
2007-10-29,0.264814658018702,0.24650538598674943,0.3046085077637938,0.18407144823075483
2007-10-30,0.264814658018702,0.24650538598674943,0.3046085077637938,0.18407144823075483
2007-10-31,0.264814658018702,0.24650538598674943,0.3046085077637938,0.18407144823075483
2007-11-01,0.2302219215895418,0.22992914614379997,0.3759821551882231,0.1638667770784352
2007-11-02,0.2302219215895418,0.22992914614379997,0.3759821551882231,0.1638667770784352
2007-11-05,0.2302219215895418,0.22992914614379997,0.3759821551882231,0.1638667770784352
2007-11-06,0.2302219215895418,0.22992914614379997,0.3759821551882231,0.1638667770784352
2007-11-07,0.2302219215895418,0.22992914614379997,0.3759821551882231,0.1638667770784352
2007-11-08,0.2302219215895418,0.22992914614379997,0.3759821551882231,0.1638667770784352
2007-11-09,0.2302219215895418,0.22992914614379997,0.3759821551882231,0.1638667770784352
2007-11-12,0.2302219215895418,0.22992914614379997,0.3759821551882231,0.1638667770784352
2007-11-13,0.2302219215895418,0.22992914614379997,0.3759821551882231,0.1638667770784352
2007-11-14,0.2302219215895418,0.22992914614379997,0.3759821551882231,0.1638667770784352
2007-11-15,0.48606675903597835,-0.019805498680534064,0.5316085225438676,0.0021302171006881403
2007-11-16,0.48606675903597835,-0.019805498680534064,0.5316085225438676,0.0021302171006881403
2007-11-19,0.48606675903597835,-0.019805498680534064,0.5316085225438676,0.0021302171006881403
2007-11-20,0.48606675903597835,-0.019805498680534064,0.5316085225438676,0.0021302171006881403
2007-11-21,0.48606675903597835,-0.019805498680534064,0.5316085225438676,0.0021302171006881403
2007-11-23,0.48606675903597835,-0.019805498680534064,0.5316085225438676,0.0021302171006881403
2007-11-26,0.48606675903597835,-0.019805498680534064,0.5316085225438676,0.0021302171006881403
2007-11-27,0.48606675903597835,-0.019805498680534064,0.5316085225438676,0.0021302171006881403
2007-11-28,0.48606675903597835,-0.019805498680534064,0.5316085225438676,0.0021302171006881403
2007-11-29,0.48606675903597835,-0.019805498680534064,0.5316085225438676,0.0021302171006881403
2007-11-30,0.48488729718802503,-0.02505270298729333,0.5412040388327046,-0.0010386330334363392
2007-12-03,0.48488729718802503,-0.02505270298729333,0.5412040388327046,-0.0010386330334363392
2007-12-04,0.48488729718802503,-0.02505270298729333,0.5412040388327046,-0.0010386330334363392
2007-12-05,0.48488729718802503,-0.02505270298729333,0.5412040388327046,-0.0010386330334363392
2007-12-06,0.48488729718802503,-0.02505270298729333,0.5412040388327046,-0.0010386330334363392
2007-12-07,0.48488729718802503,-0.02505270298729333,0.5412040388327046,-0.0010386330334363392
2007-12-10,0.48488729718802503,-0.02505270298729333,0.5412040388327046,-0.0010386330334363392
2007-12-11,0.48488729718802503,-0.02505270298729333,0.5412040388327046,-0.0010386330334363392
2007-12-12,0.48488729718802503,-0.02505270298729333,0.5412040388327046,-0.0010386330334363392
2007-12-13,0.48488729718802503,-0.02505270298729333,0.5412040388327046,-0.0010386330334363392
2007-12-14,0.4774292460757503,-0.02697756509771764,0.5369812484289928,0.012567070592974471
2007-12-17,0.4774292460757503,-0.02697756509771764,0.5369812484289928,0.012567070592974471
2007-12-18,0.4774292460757503,-0.02697756509771764,0.5369812484289928,0.012567070592974471
2007-12-19,0.4774292460757503,-0.02697756509771764,0.5369812484289928,0.012567070592974471
2007-12-20,0.4774292460757503,-0.02697756509771764,0.5369812484289928,0.012567070592974471
2007-12-21,0.4774292460757503,-0.02697756509771764,0.5369812484289928,0.012567070592974471
2007-12-24,0.4774292460757503,-0.02697756509771764,0.5369812484289928,0.012567070592974471
2007-12-26,0.4774292460757503,-0.02697756509771764,0.5369812484289928,0.012567070592974471
2007-12-27,0.4774292460757503,-0.02697756509771764,0.5369812484289928,0.012567070592974471
2007-12-28,0.4774292460757503,-0.02697756509771764,0.5369812484289928,0.012567070592974471
2007-12-31,0.4761547434974049,-0.02692722083544612,0.5366656552456387,0.014106822092402563
2008-01-02,0.4761547434974049,-0.02692722083544612,0.5366656552456387,0.014106822092402563
2008-01-03,0.4761547434974049,-0.02692722083544612,0.5366656552456387,0.014106822092402563
2008-01-04,0.4761547434974049,-0.02692722083544612,0.5366656552456387,0.014106822092402563
2008-01-07,0.4761547434974049,-0.02692722083544612,0.5366656552456387,0.014106822092402563
2008-01-08,0.4761547434974049,-0.02692722083544612,0.5366656552456387,0.014106822092402563
2008-01-09,0.4761547434974049,-0.02692722083544612,0.5366656552456387,0.014106822092402563
2008-01-10,0.4761547434974049,-0.02692722083544612,0.5366656552456387,0.014106822092402563
2008-01-11,0.4761547434974049,-0.02692722083544612,0.5366656552456387,0.014106822092402563
2008-01-14,0.4761547434974049,-0.02692722083544612,0.5366656552456387,0.014106822092402563
2008-01-15,0.1976333838051865,0.2020792000615356,0.4192694213514551,0.18101799478182268
2008-01-16,0.1976333838051865,0.2020792000615356,0.4192694213514551,0.18101799478182268
2008-01-17,0.1976333838051865,0.2020792000615356,0.4192694213514551,0.18101799478182268
2008-01-18,0.1976333838051865,0.2020792000615356,0.4192694213514551,0.18101799478182268
2008-01-22,0.1976333838051865,0.2020792000615356,0.4192694213514551,0.18101799478182268
2008-01-23,0.1976333838051865,0.2020792000615356,0.4192694213514551,0.18101799478182268
2008-01-24,0.1976333838051865,0.2020792000615356,0.4192694213514551,0.18101799478182268
2008-01-25,0.1976333838051865,0.2020792000615356,0.4192694213514551,0.18101799478182268
2008-01-28,0.1976333838051865,0.2020792000615356,0.4192694213514551,0.18101799478182268
2008-01-29,0.1976333838051865,0.2020792000615356,0.4192694213514551,0.18101799478182268
2008-01-30,0.2092695039543943,0.22208749236208675,0.39362081429499607,0.17502218938852296
2008-01-31,0.2092695039543943,0.22208749236208675,0.39362081429499607,0.17502218938852296
2008-02-01,0.2092695039543943,0.22208749236208675,0.39362081429499607,0.17502218938852296
2008-02-04,0.2092695039543943,0.22208749236208675,0.39362081429499607,0.17502218938852296
2008-02-05,0.2092695039543943,0.22208749236208675,0.39362081429499607,0.17502218938852296
2008-02-06,0.2092695039543943,0.22208749236208675,0.39362081429499607,0.17502218938852296
2008-02-07,0.2092695039543943,0.22208749236208675,0.39362081429499607,0.17502218938852296
2008-02-08,0.2092695039543943,0.22208749236208675,0.39362081429499607,0.17502218938852296
2008-02-11,0.2092695039543943,0.22208749236208675,0.39362081429499607,0.17502218938852296
2008-02-12,0.2092695039543943,0.22208749236208675,0.39362081429499607,0.17502218938852296
2008-02-13,0.23275329568999958,0.2368158095099451,0.3296421230499525,0.20078877175010287
2008-02-14,0.23275329568999958,0.2368158095099451,0.3296421230499525,0.20078877175010287
2008-02-15,0.23275329568999958,0.2368158095099451,0.3296421230499525,0.20078877175010287
2008-02-19,0.23275329568999958,0.2368158095099451,0.3296421230499525,0.20078877175010287
2008-02-20,0.23275329568999958,0.2368158095099451,0.3296421230499525,0.20078877175010287
2008-02-21,0.23275329568999958,0.2368158095099451,0.3296421230499525,0.20078877175010287
2008-02-22,0.23275329568999958,0.2368158095099451,0.3296421230499525,0.20078877175010287
2008-02-25,0.23275329568999958,0.2368158095099451,0.3296421230499525,0.20078877175010287
2008-02-26,0.23275329568999958,0.2368158095099451,0.3296421230499525,0.20078877175010287
2008-02-27,0.23275329568999958,0.2368158095099451,0.3296421230499525,0.20078877175010287
2008-02-28,0.2380067704729145,0.2418752801216673,0.2989462963480919,0.22117165305732633
2008-02-29,0.2380067704729145,0.2418752801216673,0.2989462963480919,0.22117165305732633
2008-03-03,0.2380067704729145,0.2418752801216673,0.2989462963480919,0.22117165305732633
2008-03-04,0.2380067704729145,0.2418752801216673,0.2989462963480919,0.22117165305732633
2008-03-05,0.2380067704729145,0.2418752801216673,0.2989462963480919,0.22117165305732633
2008-03-06,0.2380067704729145,0.2418752801216673,0.2989462963480919,0.22117165305732633
2008-03-07,0.2380067704729145,0.2418752801216673,0.2989462963480919,0.22117165305732633
2008-03-10,0.2380067704729145,0.2418752801216673,0.2989462963480919,0.22117165305732633
2008-03-11,0.2380067704729145,0.2418752801216673,0.2989462963480919,0.22117165305732633
2008-03-12,0.2380067704729145,0.2418752801216673,0.2989462963480919,0.22117165305732633
2008-03-13,0.2409444233020124,0.2526749653077354,0.28989803064679726,0.21648258074345494
2008-03-14,0.2409444233020124,0.2526749653077354,0.28989803064679726,0.21648258074345494
2008-03-17,0.2409444233020124,0.2526749653077354,0.28989803064679726,0.21648258074345494
2008-03-18,0.2409444233020124,0.2526749653077354,0.28989803064679726,0.21648258074345494
2008-03-19,0.2409444233020124,0.2526749653077354,0.28989803064679726,0.21648258074345494
2008-03-20,0.2409444233020124,0.2526749653077354,0.28989803064679726,0.21648258074345494
2008-03-24,0.2409444233020124,0.2526749653077354,0.28989803064679726,0.21648258074345494
2008-03-25,0.2409444233020124,0.2526749653077354,0.28989803064679726,0.21648258074345494
2008-03-26,0.2409444233020124,0.2526749653077354,0.28989803064679726,0.21648258074345494
2008-03-27,0.2409444233020124,0.2526749653077354,0.28989803064679726,0.21648258074345494
2008-03-28,0.48883849062671253,-0.03065094230803978,0.5402523064403933,0.0015601452409338063
2008-03-31,0.48883849062671253,-0.03065094230803978,0.5402523064403933,0.0015601452409338063
2008-04-01,0.48883849062671253,-0.03065094230803978,0.5402523064403933,0.0015601452409338063
2008-04-02,0.48883849062671253,-0.03065094230803978,0.5402523064403933,0.0015601452409338063
2008-04-03,0.48883849062671253,-0.03065094230803978,0.5402523064403933,0.0015601452409338063
2008-04-04,0.48883849062671253,-0.03065094230803978,0.5402523064403933,0.0015601452409338063
2008-04-07,0.48883849062671253,-0.03065094230803978,0.5402523064403933,0.0015601452409338063
2008-04-08,0.48883849062671253,-0.03065094230803978,0.5402523064403933,0.0015601452409338063
2008-04-09,0.48883849062671253,-0.03065094230803978,0.5402523064403933,0.0015601452409338063
2008-04-10,0.48883849062671253,-0.03065094230803978,0.5402523064403933,0.0015601452409338063
2008-04-11,0.48492880867020544,-0.03279748979742359,0.5503600242762824,-0.0024913431490642787
2008-04-14,0.48492880867020544,-0.03279748979742359,0.5503600242762824,-0.0024913431490642787
2008-04-15,0.48492880867020544,-0.03279748979742359,0.5503600242762824,-0.0024913431490642787
2008-04-16,0.48492880867020544,-0.03279748979742359,0.5503600242762824,-0.0024913431490642787
2008-04-17,0.48492880867020544,-0.03279748979742359,0.5503600242762824,-0.0024913431490642787
2008-04-18,0.48492880867020544,-0.03279748979742359,0.5503600242762824,-0.0024913431490642787
2008-04-21,0.48492880867020544,-0.03279748979742359,0.5503600242762824,-0.0024913431490642787
2008-04-22,0.48492880867020544,-0.03279748979742359,0.5503600242762824,-0.0024913431490642787
2008-04-23,0.48492880867020544,-0.03279748979742359,0.5503600242762824,-0.0024913431490642787
2008-04-24,0.48492880867020544,-0.03279748979742359,0.5503600242762824,-0.0024913431490642787
2008-04-25,0.20802844833213738,0.21653135476693164,0.4126466844495409,0.16279351245139004
2008-04-28,0.20802844833213738,0.21653135476693164,0.4126466844495409,0.16279351245139004
2008-04-29,0.20802844833213738,0.21653135476693164,0.4126466844495409,0.16279351245139004
2008-04-30,0.20802844833213738,0.21653135476693164,0.4126466844495409,0.16279351245139004
2008-05-01,0.20802844833213738,0.21653135476693164,0.4126466844495409,0.16279351245139004
2008-05-02,0.20802844833213738,0.21653135476693164,0.4126466844495409,0.16279351245139004
2008-05-05,0.20802844833213738,0.21653135476693164,0.4126466844495409,0.16279351245139004
2008-05-06,0.20802844833213738,0.21653135476693164,0.4126466844495409,0.16279351245139004
2008-05-07,0.20802844833213738,0.21653135476693164,0.4126466844495409,0.16279351245139004
2008-05-08,0.20802844833213738,0.21653135476693164,0.4126466844495409,0.16279351245139004
2008-05-09,0.47514587814098824,-0.03075306660433433,0.5489399649973212,0.006667223466024812
2008-05-12,0.47514587814098824,-0.03075306660433433,0.5489399649973212,0.006667223466024812
2008-05-13,0.47514587814098824,-0.03075306660433433,0.5489399649973212,0.006667223466024812
2008-05-14,0.47514587814098824,-0.03075306660433433,0.5489399649973212,0.006667223466024812
2008-05-15,0.47514587814098824,-0.03075306660433433,0.5489399649973212,0.006667223466024812
2008-05-16,0.47514587814098824,-0.03075306660433433,0.5489399649973212,0.006667223466024812
2008-05-19,0.47514587814098824,-0.03075306660433433,0.5489399649973212,0.006667223466024812
2008-05-20,0.47514587814098824,-0.03075306660433433,0.5489399649973212,0.006667223466024812
2008-05-21,0.47514587814098824,-0.03075306660433433,0.5489399649973212,0.006667223466024812
2008-05-22,0.47514587814098824,-0.03075306660433433,0.5489399649973212,0.006667223466024812
2008-05-23,0.20078768277564685,0.17276677478320246,0.4684540348656712,0.15799150757547933
2008-05-27,0.20078768277564685,0.17276677478320246,0.4684540348656712,0.15799150757547933
2008-05-28,0.20078768277564685,0.17276677478320246,0.4684540348656712,0.15799150757547933
2008-05-29,0.20078768277564685,0.17276677478320246,0.4684540348656712,0.15799150757547933
2008-05-30,0.20078768277564685,0.17276677478320246,0.4684540348656712,0.15799150757547933
2008-06-02,0.20078768277564685,0.17276677478320246,0.4684540348656712,0.15799150757547933
2008-06-03,0.20078768277564685,0.17276677478320246,0.4684540348656712,0.15799150757547933
2008-06-04,0.20078768277564685,0.17276677478320246,0.4684540348656712,0.15799150757547933
2008-06-05,0.20078768277564685,0.17276677478320246,0.4684540348656712,0.15799150757547933
2008-06-06,0.20078768277564685,0.17276677478320246,0.4684540348656712,0.15799150757547933
2008-06-09,0.22606331008658717,0.13619824315559695,0.489034543902208,0.14870390285560786
2008-06-10,0.22606331008658717,0.13619824315559695,0.489034543902208,0.14870390285560786
2008-06-11,0.22606331008658717,0.13619824315559695,0.489034543902208,0.14870390285560786
2008-06-12,0.22606331008658717,0.13619824315559695,0.489034543902208,0.14870390285560786
2008-06-13,0.22606331008658717,0.13619824315559695,0.489034543902208,0.14870390285560786
2008-06-16,0.22606331008658717,0.13619824315559695,0.489034543902208,0.14870390285560786
2008-06-17,0.22606331008658717,0.13619824315559695,0.489034543902208,0.14870390285560786
2008-06-18,0.22606331008658717,0.13619824315559695,0.489034543902208,0.14870390285560786
2008-06-19,0.22606331008658717,0.13619824315559695,0.489034543902208,0.14870390285560786
2008-06-20,0.22606331008658717,0.13619824315559695,0.489034543902208,0.14870390285560786
2008-06-23,0.24844463756768037,0.20470192468714946,0.3898243064236013,0.1570291313215688
2008-06-24,0.24844463756768037,0.20470192468714946,0.3898243064236013,0.1570291313215688
2008-06-25,0.24844463756768037,0.20470192468714946,0.3898243064236013,0.1570291313215688
2008-06-26,0.24844463756768037,0.20470192468714946,0.3898243064236013,0.1570291313215688
2008-06-27,0.24844463756768037,0.20470192468714946,0.3898243064236013,0.1570291313215688
2008-06-30,0.24844463756768037,0.20470192468714946,0.3898243064236013,0.1570291313215688
2008-07-01,0.24844463756768037,0.20470192468714946,0.3898243064236013,0.1570291313215688
2008-07-02,0.24844463756768037,0.20470192468714946,0.3898243064236013,0.1570291313215688
2008-07-03,0.24844463756768037,0.20470192468714946,0.3898243064236013,0.1570291313215688
2008-07-07,0.24844463756768037,0.20470192468714946,0.3898243064236013,0.1570291313215688
2008-07-08,0.25074343715610536,0.2026129121699601,0.3809444032528785,0.16569924742105607
2008-07-09,0.25074343715610536,0.2026129121699601,0.3809444032528785,0.16569924742105607
2008-07-10,0.25074343715610536,0.2026129121699601,0.3809444032528785,0.16569924742105607
2008-07-11,0.25074343715610536,0.2026129121699601,0.3809444032528785,0.16569924742105607
2008-07-14,0.25074343715610536,0.2026129121699601,0.3809444032528785,0.16569924742105607
2008-07-15,0.25074343715610536,0.2026129121699601,0.3809444032528785,0.16569924742105607
2008-07-16,0.25074343715610536,0.2026129121699601,0.3809444032528785,0.16569924742105607
2008-07-17,0.25074343715610536,0.2026129121699601,0.3809444032528785,0.16569924742105607
2008-07-18,0.25074343715610536,0.2026129121699601,0.3809444032528785,0.16569924742105607
2008-07-21,0.25074343715610536,0.2026129121699601,0.3809444032528785,0.16569924742105607
2008-07-22,0.25801121933160853,0.2082944613339208,0.3888858436579246,0.1448084756765461
2008-07-23,0.25801121933160853,0.2082944613339208,0.3888858436579246,0.1448084756765461
2008-07-24,0.25801121933160853,0.2082944613339208,0.3888858436579246,0.1448084756765461
2008-07-25,0.25801121933160853,0.2082944613339208,0.3888858436579246,0.1448084756765461
2008-07-28,0.25801121933160853,0.2082944613339208,0.3888858436579246,0.1448084756765461
2008-07-29,0.25801121933160853,0.2082944613339208,0.3888858436579246,0.1448084756765461
2008-07-30,0.25801121933160853,0.2082944613339208,0.3888858436579246,0.1448084756765461
2008-07-31,0.25801121933160853,0.2082944613339208,0.3888858436579246,0.1448084756765461
2008-08-01,0.25801121933160853,0.2082944613339208,0.3888858436579246,0.1448084756765461
2008-08-04,0.25801121933160853,0.2082944613339208,0.3888858436579246,0.1448084756765461
2008-08-05,0.26052129050580486,0.20974355186500268,0.4177770819756438,0.11195807565354869
2008-08-06,0.26052129050580486,0.20974355186500268,0.4177770819756438,0.11195807565354869
2008-08-07,0.26052129050580486,0.20974355186500268,0.4177770819756438,0.11195807565354869
2008-08-08,0.26052129050580486,0.20974355186500268,0.4177770819756438,0.11195807565354869
2008-08-11,0.26052129050580486,0.20974355186500268,0.4177770819756438,0.11195807565354869
2008-08-12,0.26052129050580486,0.20974355186500268,0.4177770819756438,0.11195807565354869
2008-08-13,0.26052129050580486,0.20974355186500268,0.4177770819756438,0.11195807565354869
2008-08-14,0.26052129050580486,0.20974355186500268,0.4177770819756438,0.11195807565354869
2008-08-15,0.26052129050580486,0.20974355186500268,0.4177770819756438,0.11195807565354869
2008-08-18,0.26052129050580486,0.20974355186500268,0.4177770819756438,0.11195807565354869
2008-08-19,0.2664385346537473,0.17955093330104194,0.4614090622927317,0.09260146975247907
2008-08-20,0.2664385346537473,0.17955093330104194,0.4614090622927317,0.09260146975247907
2008-08-21,0.2664385346537473,0.17955093330104194,0.4614090622927317,0.09260146975247907
2008-08-22,0.2664385346537473,0.17955093330104194,0.4614090622927317,0.09260146975247907
2008-08-25,0.2664385346537473,0.17955093330104194,0.4614090622927317,0.09260146975247907
2008-08-26,0.2664385346537473,0.17955093330104194,0.4614090622927317,0.09260146975247907
2008-08-27,0.2664385346537473,0.17955093330104194,0.4614090622927317,0.09260146975247907
2008-08-28,0.2664385346537473,0.17955093330104194,0.4614090622927317,0.09260146975247907
2008-08-29,0.2664385346537473,0.17955093330104194,0.4614090622927317,0.09260146975247907
2008-09-02,0.2664385346537473,0.17955093330104194,0.4614090622927317,0.09260146975247907
2008-09-03,0.26642103973767467,0.13758764386395525,0.48056904400673006,0.11542227239163998
2008-09-04,0.26642103973767467,0.13758764386395525,0.48056904400673006,0.11542227239163998
2008-09-05,0.26642103973767467,0.13758764386395525,0.48056904400673006,0.11542227239163998
2008-09-08,0.26642103973767467,0.13758764386395525,0.48056904400673006,0.11542227239163998
2008-09-09,0.26642103973767467,0.13758764386395525,0.48056904400673006,0.11542227239163998
2008-09-10,0.26642103973767467,0.13758764386395525,0.48056904400673006,0.11542227239163998
2008-09-11,0.26642103973767467,0.13758764386395525,0.48056904400673006,0.11542227239163998
2008-09-12,0.26642103973767467,0.13758764386395525,0.48056904400673006,0.11542227239163998
2008-09-15,0.26642103973767467,0.13758764386395525,0.48056904400673006,0.11542227239163998
2008-09-16,0.26642103973767467,0.13758764386395525,0.48056904400673006,0.11542227239163998
2008-09-17,0.4528050177244359,-0.023145398045635337,0.536683781392239,0.03365659892896048
2008-09-18,0.4528050177244359,-0.023145398045635337,0.536683781392239,0.03365659892896048
2008-09-19,0.4528050177244359,-0.023145398045635337,0.536683781392239,0.03365659892896048
2008-09-22,0.4528050177244359,-0.023145398045635337,0.536683781392239,0.03365659892896048
2008-09-23,0.4528050177244359,-0.023145398045635337,0.536683781392239,0.03365659892896048
2008-09-24,0.4528050177244359,-0.023145398045635337,0.536683781392239,0.03365659892896048
2008-09-25,0.4528050177244359,-0.023145398045635337,0.536683781392239,0.03365659892896048
2008-09-26,0.4528050177244359,-0.023145398045635337,0.536683781392239,0.03365659892896048
2008-09-29,0.4528050177244359,-0.023145398045635337,0.536683781392239,0.03365659892896048
2008-09-30,0.4528050177244359,-0.023145398045635337,0.536683781392239,0.03365659892896048
2008-10-01,0.46197812669425464,-0.030730154956784578,0.5382936195546515,0.030458408707878377
2008-10-02,0.46197812669425464,-0.030730154956784578,0.5382936195546515,0.030458408707878377
2008-10-03,0.46197812669425464,-0.030730154956784578,0.5382936195546515,0.030458408707878377
2008-10-06,0.46197812669425464,-0.030730154956784578,0.5382936195546515,0.030458408707878377
2008-10-07,0.46197812669425464,-0.030730154956784578,0.5382936195546515,0.030458408707878377
2008-10-08,0.46197812669425464,-0.030730154956784578,0.5382936195546515,0.030458408707878377
2008-10-09,0.46197812669425464,-0.030730154956784578,0.5382936195546515,0.030458408707878377
2008-10-10,0.46197812669425464,-0.030730154956784578,0.5382936195546515,0.030458408707878377
2008-10-13,0.46197812669425464,-0.030730154956784578,0.5382936195546515,0.030458408707878377
2008-10-14,0.46197812669425464,-0.030730154956784578,0.5382936195546515,0.030458408707878377
2008-10-15,0.46805384166556013,-0.01782839299152857,0.5097360141584505,0.040038537167517915
2008-10-16,0.46805384166556013,-0.01782839299152857,0.5097360141584505,0.040038537167517915
2008-10-17,0.46805384166556013,-0.01782839299152857,0.5097360141584505,0.040038537167517915
2008-10-20,0.46805384166556013,-0.01782839299152857,0.5097360141584505,0.040038537167517915
2008-10-21,0.46805384166556013,-0.01782839299152857,0.5097360141584505,0.040038537167517915
2008-10-22,0.46805384166556013,-0.01782839299152857,0.5097360141584505,0.040038537167517915
2008-10-23,0.46805384166556013,-0.01782839299152857,0.5097360141584505,0.040038537167517915
2008-10-24,0.46805384166556013,-0.01782839299152857,0.5097360141584505,0.040038537167517915
2008-10-27,0.46805384166556013,-0.01782839299152857,0.5097360141584505,0.040038537167517915
2008-10-28,0.46805384166556013,-0.01782839299152857,0.5097360141584505,0.040038537167517915
2008-10-29,0.479208975135374,-0.014837656626395286,0.5164859437207943,0.01914273777022689
2008-10-30,0.479208975135374,-0.014837656626395286,0.5164859437207943,0.01914273777022689
2008-10-31,0.479208975135374,-0.014837656626395286,0.5164859437207943,0.01914273777022689
2008-11-03,0.479208975135374,-0.014837656626395286,0.5164859437207943,0.01914273777022689
2008-11-04,0.479208975135374,-0.014837656626395286,0.5164859437207943,0.01914273777022689
2008-11-05,0.479208975135374,-0.014837656626395286,0.5164859437207943,0.01914273777022689
2008-11-06,0.479208975135374,-0.014837656626395286,0.5164859437207943,0.01914273777022689
2008-11-07,0.479208975135374,-0.014837656626395286,0.5164859437207943,0.01914273777022689
2008-11-10,0.479208975135374,-0.014837656626395286,0.5164859437207943,0.01914273777022689
2008-11-11,0.479208975135374,-0.014837656626395286,0.5164859437207943,0.01914273777022689
2008-11-12,0.47342558014982394,-0.0100586646501197,0.5099090472991962,0.02672403720109959
2008-11-13,0.47342558014982394,-0.0100586646501197,0.5099090472991962,0.02672403720109959
2008-11-14,0.47342558014982394,-0.0100586646501197,0.5099090472991962,0.02672403720109959
2008-11-17,0.47342558014982394,-0.0100586646501197,0.5099090472991962,0.02672403720109959
2008-11-18,0.47342558014982394,-0.0100586646501197,0.5099090472991962,0.02672403720109959
2008-11-19,0.47342558014982394,-0.0100586646501197,0.5099090472991962,0.02672403720109959
2008-11-20,0.47342558014982394,-0.0100586646501197,0.5099090472991962,0.02672403720109959
2008-11-21,0.47342558014982394,-0.0100586646501197,0.5099090472991962,0.02672403720109959
2008-11-24,0.47342558014982394,-0.0100586646501197,0.5099090472991962,0.02672403720109959
2008-11-25,0.47342558014982394,-0.0100586646501197,0.5099090472991962,0.02672403720109959
2008-11-26,0.48690292992595524,-0.016098316993906125,0.5144052896664949,0.014790097401456134
2008-11-28,0.48690292992595524,-0.016098316993906125,0.5144052896664949,0.014790097401456134
2008-12-01,0.48690292992595524,-0.016098316993906125,0.5144052896664949,0.014790097401456134
2008-12-02,0.48690292992595524,-0.016098316993906125,0.5144052896664949,0.014790097401456134
2008-12-03,0.48690292992595524,-0.016098316993906125,0.5144052896664949,0.014790097401456134
2008-12-04,0.48690292992595524,-0.016098316993906125,0.5144052896664949,0.014790097401456134
2008-12-05,0.48690292992595524,-0.016098316993906125,0.5144052896664949,0.014790097401456134
2008-12-08,0.48690292992595524,-0.016098316993906125,0.5144052896664949,0.014790097401456134
2008-12-09,0.48690292992595524,-0.016098316993906125,0.5144052896664949,0.014790097401456134
2008-12-10,0.48690292992595524,-0.016098316993906125,0.5144052896664949,0.014790097401456134
2008-12-11,0.4901765333731633,-0.017105245106493337,0.5118285404358357,0.015100171297494174
2008-12-12,0.4901765333731633,-0.017105245106493337,0.5118285404358357,0.015100171297494174
2008-12-15,0.4901765333731633,-0.017105245106493337,0.5118285404358357,0.015100171297494174
2008-12-16,0.4901765333731633,-0.017105245106493337,0.5118285404358357,0.015100171297494174
2008-12-17,0.4901765333731633,-0.017105245106493337,0.5118285404358357,0.015100171297494174
2008-12-18,0.4901765333731633,-0.017105245106493337,0.5118285404358357,0.015100171297494174
2008-12-19,0.4901765333731633,-0.017105245106493337,0.5118285404358357,0.015100171297494174
2008-12-22,0.4901765333731633,-0.017105245106493337,0.5118285404358357,0.015100171297494174
2008-12-23,0.4901765333731633,-0.017105245106493337,0.5118285404358357,0.015100171297494174
2008-12-24,0.4901765333731633,-0.017105245106493337,0.5118285404358357,0.015100171297494174
2008-12-26,0.48342925898783345,-0.011244891882124549,0.49929474696075754,0.02852088593353367
2008-12-29,0.48342925898783345,-0.011244891882124549,0.49929474696075754,0.02852088593353367
2008-12-30,0.48342925898783345,-0.011244891882124549,0.49929474696075754,0.02852088593353367
2008-12-31,0.48342925898783345,-0.011244891882124549,0.49929474696075754,0.02852088593353367
2009-01-02,0.48342925898783345,-0.011244891882124549,0.49929474696075754,0.02852088593353367
2009-01-05,0.48342925898783345,-0.011244891882124549,0.49929474696075754,0.02852088593353367
2009-01-06,0.48342925898783345,-0.011244891882124549,0.49929474696075754,0.02852088593353367
2009-01-07,0.48342925898783345,-0.011244891882124549,0.49929474696075754,0.02852088593353367
2009-01-08,0.48342925898783345,-0.011244891882124549,0.49929474696075754,0.02852088593353367
2009-01-09,0.48342925898783345,-0.011244891882124549,0.49929474696075754,0.02852088593353367
2009-01-12,0.4914786871342378,-0.014755814808155365,0.5045879423990961,0.018689185274821406
2009-01-13,0.4914786871342378,-0.014755814808155365,0.5045879423990961,0.018689185274821406
2009-01-14,0.4914786871342378,-0.014755814808155365,0.5045879423990961,0.018689185274821406
2009-01-15,0.4914786871342378,-0.014755814808155365,0.5045879423990961,0.018689185274821406
2009-01-16,0.4914786871342378,-0.014755814808155365,0.5045879423990961,0.018689185274821406
2009-01-20,0.4914786871342378,-0.014755814808155365,0.5045879423990961,0.018689185274821406
2009-01-21,0.4914786871342378,-0.014755814808155365,0.5045879423990961,0.018689185274821406
2009-01-22,0.4914786871342378,-0.014755814808155365,0.5045879423990961,0.018689185274821406
2009-01-23,0.4914786871342378,-0.014755814808155365,0.5045879423990961,0.018689185274821406
2009-01-26,0.4914786871342378,-0.014755814808155365,0.5045879423990961,0.018689185274821406
2009-01-27,0.4845930408133424,-0.018132022908003535,0.49069027153227845,0.04284871056238264
2009-01-28,0.4845930408133424,-0.018132022908003535,0.49069027153227845,0.04284871056238264
2009-01-29,0.4845930408133424,-0.018132022908003535,0.49069027153227845,0.04284871056238264
2009-01-30,0.4845930408133424,-0.018132022908003535,0.49069027153227845,0.04284871056238264
2009-02-02,0.4845930408133424,-0.018132022908003535,0.49069027153227845,0.04284871056238264
2009-02-03,0.4845930408133424,-0.018132022908003535,0.49069027153227845,0.04284871056238264
2009-02-04,0.4845930408133424,-0.018132022908003535,0.49069027153227845,0.04284871056238264
2009-02-05,0.4845930408133424,-0.018132022908003535,0.49069027153227845,0.04284871056238264
2009-02-06,0.4845930408133424,-0.018132022908003535,0.49069027153227845,0.04284871056238264
2009-02-09,0.4845930408133424,-0.018132022908003535,0.49069027153227845,0.04284871056238264
2009-02-10,0.4981313063444828,-0.025386581436718694,0.492492761792803,0.03476251329943295
2009-02-11,0.4981313063444828,-0.025386581436718694,0.492492761792803,0.03476251329943295
2009-02-12,0.4981313063444828,-0.025386581436718694,0.492492761792803,0.03476251329943295
2009-02-13,0.4981313063444828,-0.025386581436718694,0.492492761792803,0.03476251329943295
2009-02-17,0.4981313063444828,-0.025386581436718694,0.492492761792803,0.03476251329943295
2009-02-18,0.4981313063444828,-0.025386581436718694,0.492492761792803,0.03476251329943295
2009-02-19,0.4981313063444828,-0.025386581436718694,0.492492761792803,0.03476251329943295
2009-02-20,0.4981313063444828,-0.025386581436718694,0.492492761792803,0.03476251329943295
2009-02-23,0.4981313063444828,-0.025386581436718694,0.492492761792803,0.03476251329943295
2009-02-24,0.4981313063444828,-0.025386581436718694,0.492492761792803,0.03476251329943295
2009-02-25,0.47829713184962086,-0.020221370030649565,0.4767400613787114,0.06518417680231721
2009-02-26,0.47829713184962086,-0.020221370030649565,0.4767400613787114,0.06518417680231721
2009-02-27,0.47829713184962086,-0.020221370030649565,0.4767400613787114,0.06518417680231721
2009-03-02,0.47829713184962086,-0.020221370030649565,0.4767400613787114,0.06518417680231721
2009-03-03,0.47829713184962086,-0.020221370030649565,0.4767400613787114,0.06518417680231721
2009-03-04,0.47829713184962086,-0.020221370030649565,0.4767400613787114,0.06518417680231721
2009-03-05,0.47829713184962086,-0.020221370030649565,0.4767400613787114,0.06518417680231721
2009-03-06,0.47829713184962086,-0.020221370030649565,0.4767400613787114,0.06518417680231721
2009-03-09,0.47829713184962086,-0.020221370030649565,0.4767400613787114,0.06518417680231721
2009-03-10,0.47829713184962086,-0.020221370030649565,0.4767400613787114,0.06518417680231721
2009-03-11,0.36400751116179847,0.13258896786524732,0.21947253412927323,0.283930986843681
2009-03-12,0.36400751116179847,0.13258896786524732,0.21947253412927323,0.283930986843681
2009-03-13,0.36400751116179847,0.13258896786524732,0.21947253412927323,0.283930986843681
2009-03-16,0.36400751116179847,0.13258896786524732,0.21947253412927323,0.283930986843681
2009-03-17,0.36400751116179847,0.13258896786524732,0.21947253412927323,0.283930986843681
2009-03-18,0.36400751116179847,0.13258896786524732,0.21947253412927323,0.283930986843681
2009-03-19,0.36400751116179847,0.13258896786524732,0.21947253412927323,0.283930986843681
2009-03-20,0.36400751116179847,0.13258896786524732,0.21947253412927323,0.283930986843681
2009-03-23,0.36400751116179847,0.13258896786524732,0.21947253412927323,0.283930986843681
2009-03-24,0.36400751116179847,0.13258896786524732,0.21947253412927323,0.283930986843681
2009-03-25,0.3794385336423447,0.17003489480106468,0.21095133651267456,0.23957523504391612
2009-03-26,0.3794385336423447,0.17003489480106468,0.21095133651267456,0.23957523504391612
2009-03-27,0.3794385336423447,0.17003489480106468,0.21095133651267456,0.23957523504391612
2009-03-30,0.3794385336423447,0.17003489480106468,0.21095133651267456,0.23957523504391612
2009-03-31,0.3794385336423447,0.17003489480106468,0.21095133651267456,0.23957523504391612
2009-04-01,0.3794385336423447,0.17003489480106468,0.21095133651267456,0.23957523504391612
2009-04-02,0.3794385336423447,0.17003489480106468,0.21095133651267456,0.23957523504391612
2009-04-03,0.3794385336423447,0.17003489480106468,0.21095133651267456,0.23957523504391612
2009-04-06,0.3794385336423447,0.17003489480106468,0.21095133651267456,0.23957523504391612
2009-04-07,0.3794385336423447,0.17003489480106468,0.21095133651267456,0.23957523504391612
2009-04-08,0.3957292672306614,0.15559266100078453,0.21698533802955108,0.23169273373900295
2009-04-09,0.3957292672306614,0.15559266100078453,0.21698533802955108,0.23169273373900295
2009-04-13,0.3957292672306614,0.15559266100078453,0.21698533802955108,0.23169273373900295
2009-04-14,0.3957292672306614,0.15559266100078453,0.21698533802955108,0.23169273373900295
2009-04-15,0.3957292672306614,0.15559266100078453,0.21698533802955108,0.23169273373900295
2009-04-16,0.3957292672306614,0.15559266100078453,0.21698533802955108,0.23169273373900295
2009-04-17,0.3957292672306614,0.15559266100078453,0.21698533802955108,0.23169273373900295
2009-04-20,0.3957292672306614,0.15559266100078453,0.21698533802955108,0.23169273373900295
2009-04-21,0.3957292672306614,0.15559266100078453,0.21698533802955108,0.23169273373900295
2009-04-22,0.3957292672306614,0.15559266100078453,0.21698533802955108,0.23169273373900295
2009-04-23,0.37537123584976473,0.19853267737720795,0.21820272028197402,0.20789336649105328
2009-04-24,0.37537123584976473,0.19853267737720795,0.21820272028197402,0.20789336649105328
2009-04-27,0.37537123584976473,0.19853267737720795,0.21820272028197402,0.20789336649105328
2009-04-28,0.37537123584976473,0.19853267737720795,0.21820272028197402,0.20789336649105328
2009-04-29,0.37537123584976473,0.19853267737720795,0.21820272028197402,0.20789336649105328
2009-04-30,0.37537123584976473,0.19853267737720795,0.21820272028197402,0.20789336649105328
2009-05-01,0.37537123584976473,0.19853267737720795,0.21820272028197402,0.20789336649105328
2009-05-04,0.37537123584976473,0.19853267737720795,0.21820272028197402,0.20789336649105328
2009-05-05,0.37537123584976473,0.19853267737720795,0.21820272028197402,0.20789336649105328
2009-05-06,0.37537123584976473,0.19853267737720795,0.21820272028197402,0.20789336649105328
2009-05-07,0.3653429693595288,0.16537566202082185,0.2503560554392435,0.21892531318040573
2009-05-08,0.3653429693595288,0.16537566202082185,0.2503560554392435,0.21892531318040573
2009-05-11,0.3653429693595288,0.16537566202082185,0.2503560554392435,0.21892531318040573
2009-05-12,0.3653429693595288,0.16537566202082185,0.2503560554392435,0.21892531318040573
2009-05-13,0.3653429693595288,0.16537566202082185,0.2503560554392435,0.21892531318040573
2009-05-14,0.3653429693595288,0.16537566202082185,0.2503560554392435,0.21892531318040573
2009-05-15,0.3653429693595288,0.16537566202082185,0.2503560554392435,0.21892531318040573
2009-05-18,0.3653429693595288,0.16537566202082185,0.2503560554392435,0.21892531318040573
2009-05-19,0.3653429693595288,0.16537566202082185,0.2503560554392435,0.21892531318040573
2009-05-20,0.3653429693595288,0.16537566202082185,0.2503560554392435,0.21892531318040573
2009-05-21,0.3403755550523976,0.179771831618121,0.2601533970853933,0.21969921624408817
2009-05-22,0.3403755550523976,0.179771831618121,0.2601533970853933,0.21969921624408817
2009-05-26,0.3403755550523976,0.179771831618121,0.2601533970853933,0.21969921624408817
2009-05-27,0.3403755550523976,0.179771831618121,0.2601533970853933,0.21969921624408817
2009-05-28,0.3403755550523976,0.179771831618121,0.2601533970853933,0.21969921624408817
2009-05-29,0.3403755550523976,0.179771831618121,0.2601533970853933,0.21969921624408817
2009-06-01,0.3403755550523976,0.179771831618121,0.2601533970853933,0.21969921624408817
2009-06-02,0.3403755550523976,0.179771831618121,0.2601533970853933,0.21969921624408817
2009-06-03,0.3403755550523976,0.179771831618121,0.2601533970853933,0.21969921624408817
2009-06-04,0.3403755550523976,0.179771831618121,0.2601533970853933,0.21969921624408817
2009-06-05,0.2922943218515544,0.23967485941711106,0.26047501754042374,0.20755580119091077
2009-06-08,0.2922943218515544,0.23967485941711106,0.26047501754042374,0.20755580119091077
2009-06-09,0.2922943218515544,0.23967485941711106,0.26047501754042374,0.20755580119091077
2009-06-10,0.2922943218515544,0.23967485941711106,0.26047501754042374,0.20755580119091077
2009-06-11,0.2922943218515544,0.23967485941711106,0.26047501754042374,0.20755580119091077
2009-06-12,0.2922943218515544,0.23967485941711106,0.26047501754042374,0.20755580119091077
2009-06-15,0.2922943218515544,0.23967485941711106,0.26047501754042374,0.20755580119091077
2009-06-16,0.2922943218515544,0.23967485941711106,0.26047501754042374,0.20755580119091077
2009-06-17,0.2922943218515544,0.23967485941711106,0.26047501754042374,0.20755580119091077
2009-06-18,0.2922943218515544,0.23967485941711106,0.26047501754042374,0.20755580119091077
2009-06-19,0.28836332320357233,0.17789921455589802,0.3147386428473942,0.21899881939313537
2009-06-22,0.28836332320357233,0.17789921455589802,0.3147386428473942,0.21899881939313537
2009-06-23,0.28836332320357233,0.17789921455589802,0.3147386428473942,0.21899881939313537
2009-06-24,0.28836332320357233,0.17789921455589802,0.3147386428473942,0.21899881939313537
2009-06-25,0.28836332320357233,0.17789921455589802,0.3147386428473942,0.21899881939313537
2009-06-26,0.28836332320357233,0.17789921455589802,0.3147386428473942,0.21899881939313537
2009-06-29,0.28836332320357233,0.17789921455589802,0.3147386428473942,0.21899881939313537
2009-06-30,0.28836332320357233,0.17789921455589802,0.3147386428473942,0.21899881939313537
2009-07-01,0.28836332320357233,0.17789921455589802,0.3147386428473942,0.21899881939313537
2009-07-02,0.28836332320357233,0.17789921455589802,0.3147386428473942,0.21899881939313537
2009-07-06,0.2636172217407693,0.2052615761282734,0.3073734713357439,0.22374773079521343
2009-07-07,0.2636172217407693,0.2052615761282734,0.3073734713357439,0.22374773079521343
2009-07-08,0.2636172217407693,0.2052615761282734,0.3073734713357439,0.22374773079521343
2009-07-09,0.2636172217407693,0.2052615761282734,0.3073734713357439,0.22374773079521343
2009-07-10,0.2636172217407693,0.2052615761282734,0.3073734713357439,0.22374773079521343
2009-07-13,0.2636172217407693,0.2052615761282734,0.3073734713357439,0.22374773079521343
2009-07-14,0.2636172217407693,0.2052615761282734,0.3073734713357439,0.22374773079521343
2009-07-15,0.2636172217407693,0.2052615761282734,0.3073734713357439,0.22374773079521343
2009-07-16,0.2636172217407693,0.2052615761282734,0.3073734713357439,0.22374773079521343
2009-07-17,0.2636172217407693,0.2052615761282734,0.3073734713357439,0.22374773079521343
2009-07-20,0.24661721111707693,0.2164955264395523,0.30640111992370855,0.23048614251966218
2009-07-21,0.24661721111707693,0.2164955264395523,0.30640111992370855,0.23048614251966218
2009-07-22,0.24661721111707693,0.2164955264395523,0.30640111992370855,0.23048614251966218
2009-07-23,0.24661721111707693,0.2164955264395523,0.30640111992370855,0.23048614251966218
2009-07-24,0.24661721111707693,0.2164955264395523,0.30640111992370855,0.23048614251966218
2009-07-27,0.24661721111707693,0.2164955264395523,0.30640111992370855,0.23048614251966218
2009-07-28,0.24661721111707693,0.2164955264395523,0.30640111992370855,0.23048614251966218
2009-07-29,0.24661721111707693,0.2164955264395523,0.30640111992370855,0.23048614251966218
2009-07-30,0.24661721111707693,0.2164955264395523,0.30640111992370855,0.23048614251966218
2009-07-31,0.24661721111707693,0.2164955264395523,0.30640111992370855,0.23048614251966218
2009-08-03,0.23506342162343546,0.24075602004986793,0.2974581238755483,0.22672243445114817
2009-08-04,0.23506342162343546,0.24075602004986793,0.2974581238755483,0.22672243445114817
2009-08-05,0.23506342162343546,0.24075602004986793,0.2974581238755483,0.22672243445114817
2009-08-06,0.23506342162343546,0.24075602004986793,0.2974581238755483,0.22672243445114817
2009-08-07,0.23506342162343546,0.24075602004986793,0.2974581238755483,0.22672243445114817
2009-08-10,0.23506342162343546,0.24075602004986793,0.2974581238755483,0.22672243445114817
2009-08-11,0.23506342162343546,0.24075602004986793,0.2974581238755483,0.22672243445114817
2009-08-12,0.23506342162343546,0.24075602004986793,0.2974581238755483,0.22672243445114817
2009-08-13,0.23506342162343546,0.24075602004986793,0.2974581238755483,0.22672243445114817
2009-08-14,0.23506342162343546,0.24075602004986793,0.2974581238755483,0.22672243445114817
2009-08-17,0.2290972437013549,0.24015860186613178,0.309500797034519,0.2212433573979944
2009-08-18,0.2290972437013549,0.24015860186613178,0.309500797034519,0.2212433573979944
2009-08-19,0.2290972437013549,0.24015860186613178,0.309500797034519,0.2212433573979944
2009-08-20,0.2290972437013549,0.24015860186613178,0.309500797034519,0.2212433573979944
2009-08-21,0.2290972437013549,0.24015860186613178,0.309500797034519,0.2212433573979944
2009-08-24,0.2290972437013549,0.24015860186613178,0.309500797034519,0.2212433573979944
2009-08-25,0.2290972437013549,0.24015860186613178,0.309500797034519,0.2212433573979944
2009-08-26,0.2290972437013549,0.24015860186613178,0.309500797034519,0.2212433573979944
2009-08-27,0.2290972437013549,0.24015860186613178,0.309500797034519,0.2212433573979944
2009-08-28,0.2290972437013549,0.24015860186613178,0.309500797034519,0.2212433573979944
2009-08-31,0.22511997754839388,0.2171298046529702,0.32484378229489674,0.23290643550373924
2009-09-01,0.22511997754839388,0.2171298046529702,0.32484378229489674,0.23290643550373924
2009-09-02,0.22511997754839388,0.2171298046529702,0.32484378229489674,0.23290643550373924
2009-09-03,0.22511997754839388,0.2171298046529702,0.32484378229489674,0.23290643550373924
2009-09-04,0.22511997754839388,0.2171298046529702,0.32484378229489674,0.23290643550373924
2009-09-08,0.22511997754839388,0.2171298046529702,0.32484378229489674,0.23290643550373924
2009-09-09,0.22511997754839388,0.2171298046529702,0.32484378229489674,0.23290643550373924
2009-09-10,0.22511997754839388,0.2171298046529702,0.32484378229489674,0.23290643550373924
2009-09-11,0.22511997754839388,0.2171298046529702,0.32484378229489674,0.23290643550373924
2009-09-14,0.22511997754839388,0.2171298046529702,0.32484378229489674,0.23290643550373924
2009-09-15,0.2124676601230036,0.20809080168947067,0.362426672469753,0.21701486571777281
2009-09-16,0.2124676601230036,0.20809080168947067,0.362426672469753,0.21701486571777281
2009-09-17,0.2124676601230036,0.20809080168947067,0.362426672469753,0.21701486571777281
2009-09-18,0.2124676601230036,0.20809080168947067,0.362426672469753,0.21701486571777281
2009-09-21,0.2124676601230036,0.20809080168947067,0.362426672469753,0.21701486571777281
2009-09-22,0.2124676601230036,0.20809080168947067,0.362426672469753,0.21701486571777281
2009-09-23,0.2124676601230036,0.20809080168947067,0.362426672469753,0.21701486571777281
2009-09-24,0.2124676601230036,0.20809080168947067,0.362426672469753,0.21701486571777281
2009-09-25,0.2124676601230036,0.20809080168947067,0.362426672469753,0.21701486571777281
2009-09-28,0.2124676601230036,0.20809080168947067,0.362426672469753,0.21701486571777281
2009-09-29,0.20780097259190625,0.18715551695147795,0.3704824631555659,0.23456104730104996
2009-09-30,0.20780097259190625,0.18715551695147795,0.3704824631555659,0.23456104730104996
2009-10-01,0.20780097259190625,0.18715551695147795,0.3704824631555659,0.23456104730104996
2009-10-02,0.20780097259190625,0.18715551695147795,0.3704824631555659,0.23456104730104996
2009-10-05,0.20780097259190625,0.18715551695147795,0.3704824631555659,0.23456104730104996
2009-10-06,0.20780097259190625,0.18715551695147795,0.3704824631555659,0.23456104730104996
2009-10-07,0.20780097259190625,0.18715551695147795,0.3704824631555659,0.23456104730104996
2009-10-08,0.20780097259190625,0.18715551695147795,0.3704824631555659,0.23456104730104996
2009-10-09,0.20780097259190625,0.18715551695147795,0.3704824631555659,0.23456104730104996
2009-10-12,0.20780097259190625,0.18715551695147795,0.3704824631555659,0.23456104730104996
2009-10-13,0.2120373447245113,0.1759774846520492,0.37944792487104845,0.23253724575239115
2009-10-14,0.2120373447245113,0.1759774846520492,0.37944792487104845,0.23253724575239115
2009-10-15,0.2120373447245113,0.1759774846520492,0.37944792487104845,0.23253724575239115
2009-10-16,0.2120373447245113,0.1759774846520492,0.37944792487104845,0.23253724575239115
2009-10-19,0.2120373447245113,0.1759774846520492,0.37944792487104845,0.23253724575239115
2009-10-20,0.2120373447245113,0.1759774846520492,0.37944792487104845,0.23253724575239115
2009-10-21,0.2120373447245113,0.1759774846520492,0.37944792487104845,0.23253724575239115
2009-10-22,0.2120373447245113,0.1759774846520492,0.37944792487104845,0.23253724575239115
2009-10-23,0.2120373447245113,0.1759774846520492,0.37944792487104845,0.23253724575239115
2009-10-26,0.2120373447245113,0.1759774846520492,0.37944792487104845,0.23253724575239115
2009-10-27,0.21662238396082587,0.16435330802980067,0.37329064976670034,0.2457336582426732
2009-10-28,0.21662238396082587,0.16435330802980067,0.37329064976670034,0.2457336582426732
2009-10-29,0.21662238396082587,0.16435330802980067,0.37329064976670034,0.2457336582426732
2009-10-30,0.21662238396082587,0.16435330802980067,0.37329064976670034,0.2457336582426732
2009-11-02,0.21662238396082587,0.16435330802980067,0.37329064976670034,0.2457336582426732
2009-11-03,0.21662238396082587,0.16435330802980067,0.37329064976670034,0.2457336582426732
2009-11-04,0.21662238396082587,0.16435330802980067,0.37329064976670034,0.2457336582426732
2009-11-05,0.21662238396082587,0.16435330802980067,0.37329064976670034,0.2457336582426732
2009-11-06,0.21662238396082587,0.16435330802980067,0.37329064976670034,0.2457336582426732
2009-11-09,0.21662238396082587,0.16435330802980067,0.37329064976670034,0.2457336582426732
2009-11-10,0.26043983659659564,0.14617172465611622,0.3839091074063164,0.20947933134097155
2009-11-11,0.26043983659659564,0.14617172465611622,0.3839091074063164,0.20947933134097155
2009-11-12,0.26043983659659564,0.14617172465611622,0.3839091074063164,0.20947933134097155
2009-11-13,0.26043983659659564,0.14617172465611622,0.3839091074063164,0.20947933134097155
2009-11-16,0.26043983659659564,0.14617172465611622,0.3839091074063164,0.20947933134097155
2009-11-17,0.26043983659659564,0.14617172465611622,0.3839091074063164,0.20947933134097155
2009-11-18,0.26043983659659564,0.14617172465611622,0.3839091074063164,0.20947933134097155
2009-11-19,0.26043983659659564,0.14617172465611622,0.3839091074063164,0.20947933134097155
2009-11-20,0.26043983659659564,0.14617172465611622,0.3839091074063164,0.20947933134097155
2009-11-23,0.26043983659659564,0.14617172465611622,0.3839091074063164,0.20947933134097155
2009-11-24,0.24886808135773095,0.16814389859559234,0.384432680497369,0.19855533954930782
2009-11-25,0.24886808135773095,0.16814389859559234,0.384432680497369,0.19855533954930782
2009-11-27,0.24886808135773095,0.16814389859559234,0.384432680497369,0.19855533954930782
2009-11-30,0.24886808135773095,0.16814389859559234,0.384432680497369,0.19855533954930782
2009-12-01,0.24886808135773095,0.16814389859559234,0.384432680497369,0.19855533954930782
2009-12-02,0.24886808135773095,0.16814389859559234,0.384432680497369,0.19855533954930782
2009-12-03,0.24886808135773095,0.16814389859559234,0.384432680497369,0.19855533954930782
2009-12-04,0.24886808135773095,0.16814389859559234,0.384432680497369,0.19855533954930782
2009-12-07,0.24886808135773095,0.16814389859559234,0.384432680497369,0.19855533954930782
2009-12-08,0.24886808135773095,0.16814389859559234,0.384432680497369,0.19855533954930782
2009-12-09,0.22955283206176558,0.16756849171580013,0.3656866759084775,0.23719200031395685
2009-12-10,0.22955283206176558,0.16756849171580013,0.3656866759084775,0.23719200031395685
2009-12-11,0.22955283206176558,0.16756849171580013,0.3656866759084775,0.23719200031395685
2009-12-14,0.22955283206176558,0.16756849171580013,0.3656866759084775,0.23719200031395685
2009-12-15,0.22955283206176558,0.16756849171580013,0.3656866759084775,0.23719200031395685
2009-12-16,0.22955283206176558,0.16756849171580013,0.3656866759084775,0.23719200031395685
2009-12-17,0.22955283206176558,0.16756849171580013,0.3656866759084775,0.23719200031395685
2009-12-18,0.22955283206176558,0.16756849171580013,0.3656866759084775,0.23719200031395685
2009-12-21,0.22955283206176558,0.16756849171580013,0.3656866759084775,0.23719200031395685
2009-12-22,0.22955283206176558,0.16756849171580013,0.3656866759084775,0.23719200031395685
2009-12-23,0.22440834327699982,0.1877670636848814,0.34862465783011326,0.23919993520800548
2009-12-24,0.22440834327699982,0.1877670636848814,0.34862465783011326,0.23919993520800548
2009-12-28,0.22440834327699982,0.1877670636848814,0.34862465783011326,0.23919993520800548
2009-12-29,0.22440834327699982,0.1877670636848814,0.34862465783011326,0.23919993520800548
2009-12-30,0.22440834327699982,0.1877670636848814,0.34862465783011326,0.23919993520800548
2009-12-31,0.22440834327699982,0.1877670636848814,0.34862465783011326,0.23919993520800548
2010-01-04,0.22440834327699982,0.1877670636848814,0.34862465783011326,0.23919993520800548
2010-01-05,0.22440834327699982,0.1877670636848814,0.34862465783011326,0.23919993520800548
2010-01-06,0.22440834327699982,0.1877670636848814,0.34862465783011326,0.23919993520800548
2010-01-07,0.22440834327699982,0.1877670636848814,0.34862465783011326,0.23919993520800548
2010-01-08,0.22444923917587575,0.18338989723514434,0.3587356515744277,0.23342521201455224
2010-01-11,0.22444923917587575,0.18338989723514434,0.3587356515744277,0.23342521201455224
2010-01-12,0.22444923917587575,0.18338989723514434,0.3587356515744277,0.23342521201455224
2010-01-13,0.22444923917587575,0.18338989723514434,0.3587356515744277,0.23342521201455224
2010-01-14,0.22444923917587575,0.18338989723514434,0.3587356515744277,0.23342521201455224
2010-01-15,0.22444923917587575,0.18338989723514434,0.3587356515744277,0.23342521201455224
2010-01-19,0.22444923917587575,0.18338989723514434,0.3587356515744277,0.23342521201455224
2010-01-20,0.22444923917587575,0.18338989723514434,0.3587356515744277,0.23342521201455224
2010-01-21,0.22444923917587575,0.18338989723514434,0.3587356515744277,0.23342521201455224
2010-01-22,0.22444923917587575,0.18338989723514434,0.3587356515744277,0.23342521201455224
2010-01-25,0.23948175827122573,0.14763889686037368,0.36886579823104015,0.2440135466373604
2010-01-26,0.23948175827122573,0.14763889686037368,0.36886579823104015,0.2440135466373604
2010-01-27,0.23948175827122573,0.14763889686037368,0.36886579823104015,0.2440135466373604
2010-01-28,0.23948175827122573,0.14763889686037368,0.36886579823104015,0.2440135466373604
2010-01-29,0.23948175827122573,0.14763889686037368,0.36886579823104015,0.2440135466373604
2010-02-01,0.23948175827122573,0.14763889686037368,0.36886579823104015,0.2440135466373604
2010-02-02,0.23948175827122573,0.14763889686037368,0.36886579823104015,0.2440135466373604
2010-02-03,0.23948175827122573,0.14763889686037368,0.36886579823104015,0.2440135466373604
2010-02-04,0.23948175827122573,0.14763889686037368,0.36886579823104015,0.2440135466373604
2010-02-05,0.23948175827122573,0.14763889686037368,0.36886579823104015,0.2440135466373604
2010-02-08,0.21250854358012672,0.15623163987308092,0.38486958674503335,0.24639022980175898
2010-02-09,0.21250854358012672,0.15623163987308092,0.38486958674503335,0.24639022980175898
2010-02-10,0.21250854358012672,0.15623163987308092,0.38486958674503335,0.24639022980175898
2010-02-11,0.21250854358012672,0.15623163987308092,0.38486958674503335,0.24639022980175898
2010-02-12,0.21250854358012672,0.15623163987308092,0.38486958674503335,0.24639022980175898
2010-02-16,0.21250854358012672,0.15623163987308092,0.38486958674503335,0.24639022980175898
2010-02-17,0.21250854358012672,0.15623163987308092,0.38486958674503335,0.24639022980175898
2010-02-18,0.21250854358012672,0.15623163987308092,0.38486958674503335,0.24639022980175898
2010-02-19,0.21250854358012672,0.15623163987308092,0.38486958674503335,0.24639022980175898
2010-02-22,0.21250854358012672,0.15623163987308092,0.38486958674503335,0.24639022980175898
2010-02-23,0.21114102791460881,0.1289216620169329,0.37694617993624413,0.28299113013221416
2010-02-24,0.21114102791460881,0.1289216620169329,0.37694617993624413,0.28299113013221416
2010-02-25,0.21114102791460881,0.1289216620169329,0.37694617993624413,0.28299113013221416
2010-02-26,0.21114102791460881,0.1289216620169329,0.37694617993624413,0.28299113013221416
2010-03-01,0.21114102791460881,0.1289216620169329,0.37694617993624413,0.28299113013221416
2010-03-02,0.21114102791460881,0.1289216620169329,0.37694617993624413,0.28299113013221416
2010-03-03,0.21114102791460881,0.1289216620169329,0.37694617993624413,0.28299113013221416
2010-03-04,0.21114102791460881,0.1289216620169329,0.37694617993624413,0.28299113013221416
2010-03-05,0.21114102791460881,0.1289216620169329,0.37694617993624413,0.28299113013221416
2010-03-08,0.21114102791460881,0.1289216620169329,0.37694617993624413,0.28299113013221416
2010-03-09,0.4811888351136891,-0.021877076591592194,0.4865177957714826,0.0541704457064205
2010-03-10,0.4811888351136891,-0.021877076591592194,0.4865177957714826,0.0541704457064205
2010-03-11,0.4811888351136891,-0.021877076591592194,0.4865177957714826,0.0541704457064205
2010-03-12,0.4811888351136891,-0.021877076591592194,0.4865177957714826,0.0541704457064205
2010-03-15,0.4811888351136891,-0.021877076591592194,0.4865177957714826,0.0541704457064205
2010-03-16,0.4811888351136891,-0.021877076591592194,0.4865177957714826,0.0541704457064205
2010-03-17,0.4811888351136891,-0.021877076591592194,0.4865177957714826,0.0541704457064205
2010-03-18,0.4811888351136891,-0.021877076591592194,0.4865177957714826,0.0541704457064205
2010-03-19,0.4811888351136891,-0.021877076591592194,0.4865177957714826,0.0541704457064205
2010-03-22,0.4811888351136891,-0.021877076591592194,0.4865177957714826,0.0541704457064205
2010-03-23,0.2643353529441607,0.07938834803798987,0.395593095164344,0.26068320385350546
2010-03-24,0.2643353529441607,0.07938834803798987,0.395593095164344,0.26068320385350546
2010-03-25,0.2643353529441607,0.07938834803798987,0.395593095164344,0.26068320385350546
2010-03-26,0.2643353529441607,0.07938834803798987,0.395593095164344,0.26068320385350546
2010-03-29,0.2643353529441607,0.07938834803798987,0.395593095164344,0.26068320385350546
2010-03-30,0.2643353529441607,0.07938834803798987,0.395593095164344,0.26068320385350546
2010-03-31,0.2643353529441607,0.07938834803798987,0.395593095164344,0.26068320385350546
2010-04-01,0.2643353529441607,0.07938834803798987,0.395593095164344,0.26068320385350546
2010-04-05,0.2643353529441607,0.07938834803798987,0.395593095164344,0.26068320385350546
2010-04-06,0.2643353529441607,0.07938834803798987,0.395593095164344,0.26068320385350546
2010-04-07,0.22692340285630666,0.14759767212903765,0.32700614262226707,0.29847278239238856
2010-04-08,0.22692340285630666,0.14759767212903765,0.32700614262226707,0.29847278239238856
2010-04-09,0.22692340285630666,0.14759767212903765,0.32700614262226707,0.29847278239238856
2010-04-12,0.22692340285630666,0.14759767212903765,0.32700614262226707,0.29847278239238856
2010-04-13,0.22692340285630666,0.14759767212903765,0.32700614262226707,0.29847278239238856
2010-04-14,0.22692340285630666,0.14759767212903765,0.32700614262226707,0.29847278239238856
2010-04-15,0.22692340285630666,0.14759767212903765,0.32700614262226707,0.29847278239238856
2010-04-16,0.22692340285630666,0.14759767212903765,0.32700614262226707,0.29847278239238856
2010-04-19,0.22692340285630666,0.14759767212903765,0.32700614262226707,0.29847278239238856
2010-04-20,0.22692340285630666,0.14759767212903765,0.32700614262226707,0.29847278239238856
2010-04-21,0.22321369692224252,0.1534058212849825,0.3384120001653967,0.28496848162737826
2010-04-22,0.22321369692224252,0.1534058212849825,0.3384120001653967,0.28496848162737826
2010-04-23,0.22321369692224252,0.1534058212849825,0.3384120001653967,0.28496848162737826
2010-04-26,0.22321369692224252,0.1534058212849825,0.3384120001653967,0.28496848162737826
2010-04-27,0.22321369692224252,0.1534058212849825,0.3384120001653967,0.28496848162737826
2010-04-28,0.22321369692224252,0.1534058212849825,0.3384120001653967,0.28496848162737826
2010-04-29,0.22321369692224252,0.1534058212849825,0.3384120001653967,0.28496848162737826
2010-04-30,0.22321369692224252,0.1534058212849825,0.3384120001653967,0.28496848162737826
2010-05-03,0.22321369692224252,0.1534058212849825,0.3384120001653967,0.28496848162737826
2010-05-04,0.22321369692224252,0.1534058212849825,0.3384120001653967,0.28496848162737826
2010-05-05,0.2375111142371997,0.16077053527668145,0.294747172536316,0.3069711779498028
2010-05-06,0.2375111142371997,0.16077053527668145,0.294747172536316,0.3069711779498028
2010-05-07,0.2375111142371997,0.16077053527668145,0.294747172536316,0.3069711779498028
2010-05-10,0.2375111142371997,0.16077053527668145,0.294747172536316,0.3069711779498028
2010-05-11,0.2375111142371997,0.16077053527668145,0.294747172536316,0.3069711779498028
2010-05-12,0.2375111142371997,0.16077053527668145,0.294747172536316,0.3069711779498028
2010-05-13,0.2375111142371997,0.16077053527668145,0.294747172536316,0.3069711779498028
2010-05-14,0.2375111142371997,0.16077053527668145,0.294747172536316,0.3069711779498028
2010-05-17,0.2375111142371997,0.16077053527668145,0.294747172536316,0.3069711779498028
2010-05-18,0.2375111142371997,0.16077053527668145,0.294747172536316,0.3069711779498028
2010-05-19,0.46976848349916367,-0.028394812203718738,0.49949384528343327,0.05913248342112167
2010-05-20,0.46976848349916367,-0.028394812203718738,0.49949384528343327,0.05913248342112167
2010-05-21,0.46976848349916367,-0.028394812203718738,0.49949384528343327,0.05913248342112167
2010-05-24,0.46976848349916367,-0.028394812203718738,0.49949384528343327,0.05913248342112167
2010-05-25,0.46976848349916367,-0.028394812203718738,0.49949384528343327,0.05913248342112167
2010-05-26,0.46976848349916367,-0.028394812203718738,0.49949384528343327,0.05913248342112167
2010-05-27,0.46976848349916367,-0.028394812203718738,0.49949384528343327,0.05913248342112167
2010-05-28,0.46976848349916367,-0.028394812203718738,0.49949384528343327,0.05913248342112167
2010-06-01,0.46976848349916367,-0.028394812203718738,0.49949384528343327,0.05913248342112167
2010-06-02,0.46976848349916367,-0.028394812203718738,0.49949384528343327,0.05913248342112167
2010-06-03,0.49578975085988514,-0.03271582784924653,0.5140480187177766,0.022878058271584744
2010-06-04,0.49578975085988514,-0.03271582784924653,0.5140480187177766,0.022878058271584744
2010-06-07,0.49578975085988514,-0.03271582784924653,0.5140480187177766,0.022878058271584744
2010-06-08,0.49578975085988514,-0.03271582784924653,0.5140480187177766,0.022878058271584744
2010-06-09,0.49578975085988514,-0.03271582784924653,0.5140480187177766,0.022878058271584744
2010-06-10,0.49578975085988514,-0.03271582784924653,0.5140480187177766,0.022878058271584744
2010-06-11,0.49578975085988514,-0.03271582784924653,0.5140480187177766,0.022878058271584744
2010-06-14,0.49578975085988514,-0.03271582784924653,0.5140480187177766,0.022878058271584744
2010-06-15,0.49578975085988514,-0.03271582784924653,0.5140480187177766,0.022878058271584744
2010-06-16,0.49578975085988514,-0.03271582784924653,0.5140480187177766,0.022878058271584744
2010-06-17,0.5027419046374795,-0.04232222122615926,0.5174809683394186,0.022099348249261214
2010-06-18,0.5027419046374795,-0.04232222122615926,0.5174809683394186,0.022099348249261214
2010-06-21,0.5027419046374795,-0.04232222122615926,0.5174809683394186,0.022099348249261214
2010-06-22,0.5027419046374795,-0.04232222122615926,0.5174809683394186,0.022099348249261214
2010-06-23,0.5027419046374795,-0.04232222122615926,0.5174809683394186,0.022099348249261214
2010-06-24,0.5027419046374795,-0.04232222122615926,0.5174809683394186,0.022099348249261214
2010-06-25,0.5027419046374795,-0.04232222122615926,0.5174809683394186,0.022099348249261214
2010-06-28,0.5027419046374795,-0.04232222122615926,0.5174809683394186,0.022099348249261214
2010-06-29,0.5027419046374795,-0.04232222122615926,0.5174809683394186,0.022099348249261214
2010-06-30,0.5027419046374795,-0.04232222122615926,0.5174809683394186,0.022099348249261214
2010-07-01,0.5355307068869869,-0.032240994958457884,0.5024787362642609,-0.005768448192789843
2010-07-02,0.5355307068869869,-0.032240994958457884,0.5024787362642609,-0.005768448192789843
2010-07-06,0.5355307068869869,-0.032240994958457884,0.5024787362642609,-0.005768448192789843
2010-07-07,0.5355307068869869,-0.032240994958457884,0.5024787362642609,-0.005768448192789843
2010-07-08,0.5355307068869869,-0.032240994958457884,0.5024787362642609,-0.005768448192789843
2010-07-09,0.5355307068869869,-0.032240994958457884,0.5024787362642609,-0.005768448192789843
2010-07-12,0.5355307068869869,-0.032240994958457884,0.5024787362642609,-0.005768448192789843
2010-07-13,0.5355307068869869,-0.032240994958457884,0.5024787362642609,-0.005768448192789843
2010-07-14,0.5355307068869869,-0.032240994958457884,0.5024787362642609,-0.005768448192789843
2010-07-15,0.5355307068869869,-0.032240994958457884,0.5024787362642609,-0.005768448192789843
2010-07-16,0.5087983375715678,-0.04416424821611101,0.5212161252703765,0.014149785374166725
2010-07-19,0.5087983375715678,-0.04416424821611101,0.5212161252703765,0.014149785374166725
2010-07-20,0.5087983375715678,-0.04416424821611101,0.5212161252703765,0.014149785374166725
2010-07-21,0.5087983375715678,-0.04416424821611101,0.5212161252703765,0.014149785374166725
2010-07-22,0.5087983375715678,-0.04416424821611101,0.5212161252703765,0.014149785374166725
2010-07-23,0.5087983375715678,-0.04416424821611101,0.5212161252703765,0.014149785374166725
2010-07-26,0.5087983375715678,-0.04416424821611101,0.5212161252703765,0.014149785374166725
2010-07-27,0.5087983375715678,-0.04416424821611101,0.5212161252703765,0.014149785374166725
2010-07-28,0.5087983375715678,-0.04416424821611101,0.5212161252703765,0.014149785374166725
2010-07-29,0.5087983375715678,-0.04416424821611101,0.5212161252703765,0.014149785374166725
2010-07-30,0.5031993827945649,-0.04118385292237819,0.5211430236948105,0.016841446433002824
2010-08-02,0.5031993827945649,-0.04118385292237819,0.5211430236948105,0.016841446433002824
2010-08-03,0.5031993827945649,-0.04118385292237819,0.5211430236948105,0.016841446433002824
2010-08-04,0.5031993827945649,-0.04118385292237819,0.5211430236948105,0.016841446433002824
2010-08-05,0.5031993827945649,-0.04118385292237819,0.5211430236948105,0.016841446433002824
2010-08-06,0.5031993827945649,-0.04118385292237819,0.5211430236948105,0.016841446433002824
2010-08-09,0.5031993827945649,-0.04118385292237819,0.5211430236948105,0.016841446433002824
2010-08-10,0.5031993827945649,-0.04118385292237819,0.5211430236948105,0.016841446433002824
2010-08-11,0.5031993827945649,-0.04118385292237819,0.5211430236948105,0.016841446433002824
2010-08-12,0.5031993827945649,-0.04118385292237819,0.5211430236948105,0.016841446433002824
2010-08-13,0.4917790577117341,-0.035382743097802836,0.5023670443202177,0.041236641065851024
2010-08-16,0.4917790577117341,-0.035382743097802836,0.5023670443202177,0.041236641065851024
2010-08-17,0.4917790577117341,-0.035382743097802836,0.5023670443202177,0.041236641065851024
2010-08-18,0.4917790577117341,-0.035382743097802836,0.5023670443202177,0.041236641065851024
2010-08-19,0.4917790577117341,-0.035382743097802836,0.5023670443202177,0.041236641065851024
2010-08-20,0.4917790577117341,-0.035382743097802836,0.5023670443202177,0.041236641065851024
2010-08-23,0.4917790577117341,-0.035382743097802836,0.5023670443202177,0.041236641065851024
2010-08-24,0.4917790577117341,-0.035382743097802836,0.5023670443202177,0.041236641065851024
2010-08-25,0.4917790577117341,-0.035382743097802836,0.5023670443202177,0.041236641065851024
2010-08-26,0.4917790577117341,-0.035382743097802836,0.5023670443202177,0.041236641065851024
2010-08-27,0.46804295456835965,-0.03208326232223366,0.48478102301555803,0.07925928473831595
2010-08-30,0.46804295456835965,-0.03208326232223366,0.48478102301555803,0.07925928473831595
2010-08-31,0.46804295456835965,-0.03208326232223366,0.48478102301555803,0.07925928473831595
2010-09-01,0.46804295456835965,-0.03208326232223366,0.48478102301555803,0.07925928473831595
2010-09-02,0.46804295456835965,-0.03208326232223366,0.48478102301555803,0.07925928473831595
2010-09-03,0.46804295456835965,-0.03208326232223366,0.48478102301555803,0.07925928473831595
2010-09-07,0.46804295456835965,-0.03208326232223366,0.48478102301555803,0.07925928473831595
2010-09-08,0.46804295456835965,-0.03208326232223366,0.48478102301555803,0.07925928473831595
2010-09-09,0.46804295456835965,-0.03208326232223366,0.48478102301555803,0.07925928473831595
2010-09-10,0.46804295456835965,-0.03208326232223366,0.48478102301555803,0.07925928473831595
2010-09-13,0.4709187365413372,-0.032470413677568914,0.49286001420747627,0.06869166292875548
2010-09-14,0.4709187365413372,-0.032470413677568914,0.49286001420747627,0.06869166292875548
2010-09-15,0.4709187365413372,-0.032470413677568914,0.49286001420747627,0.06869166292875548
2010-09-16,0.4709187365413372,-0.032470413677568914,0.49286001420747627,0.06869166292875548
2010-09-17,0.4709187365413372,-0.032470413677568914,0.49286001420747627,0.06869166292875548
2010-09-20,0.4709187365413372,-0.032470413677568914,0.49286001420747627,0.06869166292875548
2010-09-21,0.4709187365413372,-0.032470413677568914,0.49286001420747627,0.06869166292875548
2010-09-22,0.4709187365413372,-0.032470413677568914,0.49286001420747627,0.06869166292875548
2010-09-23,0.4709187365413372,-0.032470413677568914,0.49286001420747627,0.06869166292875548
2010-09-24,0.4709187365413372,-0.032470413677568914,0.49286001420747627,0.06869166292875548
2010-09-27,0.2435666569606334,0.2215739410441914,0.2545929710090317,0.28026643098614334
2010-09-28,0.2435666569606334,0.2215739410441914,0.2545929710090317,0.28026643098614334
2010-09-29,0.2435666569606334,0.2215739410441914,0.2545929710090317,0.28026643098614334
2010-09-30,0.2435666569606334,0.2215739410441914,0.2545929710090317,0.28026643098614334
2010-10-01,0.2435666569606334,0.2215739410441914,0.2545929710090317,0.28026643098614334
2010-10-04,0.2435666569606334,0.2215739410441914,0.2545929710090317,0.28026643098614334
2010-10-05,0.2435666569606334,0.2215739410441914,0.2545929710090317,0.28026643098614334
2010-10-06,0.2435666569606334,0.2215739410441914,0.2545929710090317,0.28026643098614334
2010-10-07,0.2435666569606334,0.2215739410441914,0.2545929710090317,0.28026643098614334
2010-10-08,0.2435666569606334,0.2215739410441914,0.2545929710090317,0.28026643098614334
2010-10-11,0.24208951074997928,0.24257804796620477,0.27117918502461125,0.24415325625920475
2010-10-12,0.24208951074997928,0.24257804796620477,0.27117918502461125,0.24415325625920475
2010-10-13,0.24208951074997928,0.24257804796620477,0.27117918502461125,0.24415325625920475
2010-10-14,0.24208951074997928,0.24257804796620477,0.27117918502461125,0.24415325625920475
2010-10-15,0.24208951074997928,0.24257804796620477,0.27117918502461125,0.24415325625920475
2010-10-18,0.24208951074997928,0.24257804796620477,0.27117918502461125,0.24415325625920475
2010-10-19,0.24208951074997928,0.24257804796620477,0.27117918502461125,0.24415325625920475
2010-10-20,0.24208951074997928,0.24257804796620477,0.27117918502461125,0.24415325625920475
2010-10-21,0.24208951074997928,0.24257804796620477,0.27117918502461125,0.24415325625920475
2010-10-22,0.24208951074997928,0.24257804796620477,0.27117918502461125,0.24415325625920475
2010-10-25,0.2334207976032499,0.22698643613330408,0.29551470016443354,0.24407806609901236
2010-10-26,0.2334207976032499,0.22698643613330408,0.29551470016443354,0.24407806609901236
2010-10-27,0.2334207976032499,0.22698643613330408,0.29551470016443354,0.24407806609901236
2010-10-28,0.2334207976032499,0.22698643613330408,0.29551470016443354,0.24407806609901236
2010-10-29,0.2334207976032499,0.22698643613330408,0.29551470016443354,0.24407806609901236
2010-11-01,0.2334207976032499,0.22698643613330408,0.29551470016443354,0.24407806609901236
2010-11-02,0.2334207976032499,0.22698643613330408,0.29551470016443354,0.24407806609901236
2010-11-03,0.2334207976032499,0.22698643613330408,0.29551470016443354,0.24407806609901236
2010-11-04,0.2334207976032499,0.22698643613330408,0.29551470016443354,0.24407806609901236
2010-11-05,0.2334207976032499,0.22698643613330408,0.29551470016443354,0.24407806609901236
2010-11-08,0.2376797971732859,0.24115370474525188,0.29018185486914055,0.23098464321232182
2010-11-09,0.2376797971732859,0.24115370474525188,0.29018185486914055,0.23098464321232182
2010-11-10,0.2376797971732859,0.24115370474525188,0.29018185486914055,0.23098464321232182
2010-11-11,0.2376797971732859,0.24115370474525188,0.29018185486914055,0.23098464321232182
2010-11-12,0.2376797971732859,0.24115370474525188,0.29018185486914055,0.23098464321232182
2010-11-15,0.2376797971732859,0.24115370474525188,0.29018185486914055,0.23098464321232182
2010-11-16,0.2376797971732859,0.24115370474525188,0.29018185486914055,0.23098464321232182
2010-11-17,0.2376797971732859,0.24115370474525188,0.29018185486914055,0.23098464321232182
2010-11-18,0.2376797971732859,0.24115370474525188,0.29018185486914055,0.23098464321232182
2010-11-19,0.2376797971732859,0.24115370474525188,0.29018185486914055,0.23098464321232182
2010-11-22,0.23404886965998034,0.23541809540892944,0.3120325863492652,0.21850044858182496
2010-11-23,0.23404886965998034,0.23541809540892944,0.3120325863492652,0.21850044858182496
2010-11-24,0.23404886965998034,0.23541809540892944,0.3120325863492652,0.21850044858182496
2010-11-26,0.23404886965998034,0.23541809540892944,0.3120325863492652,0.21850044858182496
2010-11-29,0.23404886965998034,0.23541809540892944,0.3120325863492652,0.21850044858182496
2010-11-30,0.23404886965998034,0.23541809540892944,0.3120325863492652,0.21850044858182496
2010-12-01,0.23404886965998034,0.23541809540892944,0.3120325863492652,0.21850044858182496
2010-12-02,0.23404886965998034,0.23541809540892944,0.3120325863492652,0.21850044858182496
2010-12-03,0.23404886965998034,0.23541809540892944,0.3120325863492652,0.21850044858182496
2010-12-06,0.23404886965998034,0.23541809540892944,0.3120325863492652,0.21850044858182496
2010-12-07,0.23398064421147857,0.23311239897562594,0.3140391675704445,0.218867789242451
2010-12-08,0.23398064421147857,0.23311239897562594,0.3140391675704445,0.218867789242451
2010-12-09,0.23398064421147857,0.23311239897562594,0.3140391675704445,0.218867789242451
2010-12-10,0.23398064421147857,0.23311239897562594,0.3140391675704445,0.218867789242451
2010-12-13,0.23398064421147857,0.23311239897562594,0.3140391675704445,0.218867789242451
2010-12-14,0.23398064421147857,0.23311239897562594,0.3140391675704445,0.218867789242451
2010-12-15,0.23398064421147857,0.23311239897562594,0.3140391675704445,0.218867789242451
2010-12-16,0.23398064421147857,0.23311239897562594,0.3140391675704445,0.218867789242451
2010-12-17,0.23398064421147857,0.23311239897562594,0.3140391675704445,0.218867789242451
2010-12-20,0.23398064421147857,0.23311239897562594,0.3140391675704445,0.218867789242451
2010-12-21,0.2344641936856473,0.23151022847717415,0.3208684601962517,0.21315711764092687
2010-12-22,0.2344641936856473,0.23151022847717415,0.3208684601962517,0.21315711764092687
2010-12-23,0.2344641936856473,0.23151022847717415,0.3208684601962517,0.21315711764092687
2010-12-27,0.2344641936856473,0.23151022847717415,0.3208684601962517,0.21315711764092687
2010-12-28,0.2344641936856473,0.23151022847717415,0.3208684601962517,0.21315711764092687
2010-12-29,0.2344641936856473,0.23151022847717415,0.3208684601962517,0.21315711764092687
2010-12-30,0.2344641936856473,0.23151022847717415,0.3208684601962517,0.21315711764092687
2010-12-31,0.2344641936856473,0.23151022847717415,0.3208684601962517,0.21315711764092687
2011-01-03,0.2344641936856473,0.23151022847717415,0.3208684601962517,0.21315711764092687
2011-01-04,0.2344641936856473,0.23151022847717415,0.3208684601962517,0.21315711764092687
2011-01-05,0.24062765263702432,0.24137058378454143,0.28520915869173047,0.23279260488670384
2011-01-06,0.24062765263702432,0.24137058378454143,0.28520915869173047,0.23279260488670384
2011-01-07,0.24062765263702432,0.24137058378454143,0.28520915869173047,0.23279260488670384
2011-01-10,0.24062765263702432,0.24137058378454143,0.28520915869173047,0.23279260488670384
2011-01-11,0.24062765263702432,0.24137058378454143,0.28520915869173047,0.23279260488670384
2011-01-12,0.24062765263702432,0.24137058378454143,0.28520915869173047,0.23279260488670384
2011-01-13,0.24062765263702432,0.24137058378454143,0.28520915869173047,0.23279260488670384
2011-01-14,0.24062765263702432,0.24137058378454143,0.28520915869173047,0.23279260488670384
2011-01-18,0.24062765263702432,0.24137058378454143,0.28520915869173047,0.23279260488670384
2011-01-19,0.24062765263702432,0.24137058378454143,0.28520915869173047,0.23279260488670384
2011-01-20,0.24973679751109598,0.2511006183629444,0.256540311118047,0.24262227300791261
2011-01-21,0.24973679751109598,0.2511006183629444,0.256540311118047,0.24262227300791261
2011-01-24,0.24973679751109598,0.2511006183629444,0.256540311118047,0.24262227300791261
2011-01-25,0.24973679751109598,0.2511006183629444,0.256540311118047,0.24262227300791261
2011-01-26,0.24973679751109598,0.2511006183629444,0.256540311118047,0.24262227300791261
2011-01-27,0.24973679751109598,0.2511006183629444,0.256540311118047,0.24262227300791261
2011-01-28,0.24973679751109598,0.2511006183629444,0.256540311118047,0.24262227300791261
2011-01-31,0.24973679751109598,0.2511006183629444,0.256540311118047,0.24262227300791261
2011-02-01,0.24973679751109598,0.2511006183629444,0.256540311118047,0.24262227300791261
2011-02-02,0.24973679751109598,0.2511006183629444,0.256540311118047,0.24262227300791261
2011-02-03,0.2468236427977204,0.24757346186482526,0.2606592352082201,0.24494366012923416
2011-02-04,0.2468236427977204,0.24757346186482526,0.2606592352082201,0.24494366012923416
2011-02-07,0.2468236427977204,0.24757346186482526,0.2606592352082201,0.24494366012923416
2011-02-08,0.2468236427977204,0.24757346186482526,0.2606592352082201,0.24494366012923416
2011-02-09,0.2468236427977204,0.24757346186482526,0.2606592352082201,0.24494366012923416
2011-02-10,0.2468236427977204,0.24757346186482526,0.2606592352082201,0.24494366012923416
2011-02-11,0.2468236427977204,0.24757346186482526,0.2606592352082201,0.24494366012923416
2011-02-14,0.2468236427977204,0.24757346186482526,0.2606592352082201,0.24494366012923416
2011-02-15,0.2468236427977204,0.24757346186482526,0.2606592352082201,0.24494366012923416
2011-02-16,0.2468236427977204,0.24757346186482526,0.2606592352082201,0.24494366012923416
2011-02-17,0.25000002481773415,0.24999992942102647,0.2499999465806167,0.2500000991806226
2011-02-18,0.25000002481773415,0.24999992942102647,0.2499999465806167,0.2500000991806226
2011-02-22,0.25000002481773415,0.24999992942102647,0.2499999465806167,0.2500000991806226
2011-02-23,0.25000002481773415,0.24999992942102647,0.2499999465806167,0.2500000991806226
2011-02-24,0.25000002481773415,0.24999992942102647,0.2499999465806167,0.2500000991806226
2011-02-25,0.25000002481773415,0.24999992942102647,0.2499999465806167,0.2500000991806226
2011-02-28,0.25000002481773415,0.24999992942102647,0.2499999465806167,0.2500000991806226
2011-03-01,0.25000002481773415,0.24999992942102647,0.2499999465806167,0.2500000991806226
2011-03-02,0.25000002481773415,0.24999992942102647,0.2499999465806167,0.2500000991806226
2011-03-03,0.25000002481773415,0.24999992942102647,0.2499999465806167,0.2500000991806226
2011-03-04,0.24999986031133967,0.25000001889844725,0.2500000105038631,0.25000011028635
2011-03-07,0.24999986031133967,0.25000001889844725,0.2500000105038631,0.25000011028635
2011-03-08,0.24999986031133967,0.25000001889844725,0.2500000105038631,0.25000011028635
2011-03-09,0.24999986031133967,0.25000001889844725,0.2500000105038631,0.25000011028635
2011-03-10,0.24999986031133967,0.25000001889844725,0.2500000105038631,0.25000011028635
2011-03-11,0.24999986031133967,0.25000001889844725,0.2500000105038631,0.25000011028635
2011-03-14,0.24999986031133967,0.25000001889844725,0.2500000105038631,0.25000011028635
2011-03-15,0.24999986031133967,0.25000001889844725,0.2500000105038631,0.25000011028635
2011-03-16,0.24999986031133967,0.25000001889844725,0.2500000105038631,0.25000011028635
2011-03-17,0.24999986031133967,0.25000001889844725,0.2500000105038631,0.25000011028635
2011-03-18,0.23872875479144695,0.23458025953561898,0.29056209576804654,0.2361288899048876
2011-03-21,0.23872875479144695,0.23458025953561898,0.29056209576804654,0.2361288899048876
2011-03-22,0.23872875479144695,0.23458025953561898,0.29056209576804654,0.2361288899048876
2011-03-23,0.23872875479144695,0.23458025953561898,0.29056209576804654,0.2361288899048876
2011-03-24,0.23872875479144695,0.23458025953561898,0.29056209576804654,0.2361288899048876
2011-03-25,0.23872875479144695,0.23458025953561898,0.29056209576804654,0.2361288899048876
2011-03-28,0.23872875479144695,0.23458025953561898,0.29056209576804654,0.2361288899048876
2011-03-29,0.23872875479144695,0.23458025953561898,0.29056209576804654,0.2361288899048876
2011-03-30,0.23872875479144695,0.23458025953561898,0.29056209576804654,0.2361288899048876
2011-03-31,0.23872875479144695,0.23458025953561898,0.29056209576804654,0.2361288899048876
2011-04-01,0.22225053035973005,0.1881643965929666,0.3379215705632482,0.25166350248405506
2011-04-04,0.22225053035973005,0.1881643965929666,0.3379215705632482,0.25166350248405506
2011-04-05,0.22225053035973005,0.1881643965929666,0.3379215705632482,0.25166350248405506
2011-04-06,0.22225053035973005,0.1881643965929666,0.3379215705632482,0.25166350248405506
2011-04-07,0.22225053035973005,0.1881643965929666,0.3379215705632482,0.25166350248405506
2011-04-08,0.22225053035973005,0.1881643965929666,0.3379215705632482,0.25166350248405506
2011-04-11,0.22225053035973005,0.1881643965929666,0.3379215705632482,0.25166350248405506
2011-04-12,0.22225053035973005,0.1881643965929666,0.3379215705632482,0.25166350248405506
2011-04-13,0.22225053035973005,0.1881643965929666,0.3379215705632482,0.25166350248405506
2011-04-14,0.22225053035973005,0.1881643965929666,0.3379215705632482,0.25166350248405506
2011-04-15,0.21609931950577133,0.18019602597333845,0.38124035959469454,0.22246429492619554
2011-04-18,0.21609931950577133,0.18019602597333845,0.38124035959469454,0.22246429492619554
2011-04-19,0.21609931950577133,0.18019602597333845,0.38124035959469454,0.22246429492619554
2011-04-20,0.21609931950577133,0.18019602597333845,0.38124035959469454,0.22246429492619554
2011-04-21,0.21609931950577133,0.18019602597333845,0.38124035959469454,0.22246429492619554
2011-04-25,0.21609931950577133,0.18019602597333845,0.38124035959469454,0.22246429492619554
2011-04-26,0.21609931950577133,0.18019602597333845,0.38124035959469454,0.22246429492619554
2011-04-27,0.21609931950577133,0.18019602597333845,0.38124035959469454,0.22246429492619554
2011-04-28,0.21609931950577133,0.18019602597333845,0.38124035959469454,0.22246429492619554
2011-04-29,0.21609931950577133,0.18019602597333845,0.38124035959469454,0.22246429492619554
2011-05-02,0.2145854059601968,0.1932674817132676,0.3825767109469349,0.2095704013796007
2011-05-03,0.2145854059601968,0.1932674817132676,0.3825767109469349,0.2095704013796007
2011-05-04,0.2145854059601968,0.1932674817132676,0.3825767109469349,0.2095704013796007
2011-05-05,0.2145854059601968,0.1932674817132676,0.3825767109469349,0.2095704013796007
2011-05-06,0.2145854059601968,0.1932674817132676,0.3825767109469349,0.2095704013796007
2011-05-09,0.2145854059601968,0.1932674817132676,0.3825767109469349,0.2095704013796007
2011-05-10,0.2145854059601968,0.1932674817132676,0.3825767109469349,0.2095704013796007
2011-05-11,0.2145854059601968,0.1932674817132676,0.3825767109469349,0.2095704013796007
2011-05-12,0.2145854059601968,0.1932674817132676,0.3825767109469349,0.2095704013796007
2011-05-13,0.2145854059601968,0.1932674817132676,0.3825767109469349,0.2095704013796007
2011-05-16,0.47679175215216607,-0.025594524975536305,0.4784398302006325,0.07036294262273783
2011-05-17,0.47679175215216607,-0.025594524975536305,0.4784398302006325,0.07036294262273783
2011-05-18,0.47679175215216607,-0.025594524975536305,0.4784398302006325,0.07036294262273783
2011-05-19,0.47679175215216607,-0.025594524975536305,0.4784398302006325,0.07036294262273783
2011-05-20,0.47679175215216607,-0.025594524975536305,0.4784398302006325,0.07036294262273783
2011-05-23,0.47679175215216607,-0.025594524975536305,0.4784398302006325,0.07036294262273783
2011-05-24,0.47679175215216607,-0.025594524975536305,0.4784398302006325,0.07036294262273783
2011-05-25,0.47679175215216607,-0.025594524975536305,0.4784398302006325,0.07036294262273783
2011-05-26,0.47679175215216607,-0.025594524975536305,0.4784398302006325,0.07036294262273783
2011-05-27,0.47679175215216607,-0.025594524975536305,0.4784398302006325,0.07036294262273783
2011-05-31,0.47784443501526974,-0.024129151895610816,0.4633517371111683,0.08293297976917265
2011-06-01,0.47784443501526974,-0.024129151895610816,0.4633517371111683,0.08293297976917265
2011-06-02,0.47784443501526974,-0.024129151895610816,0.4633517371111683,0.08293297976917265
2011-06-03,0.47784443501526974,-0.024129151895610816,0.4633517371111683,0.08293297976917265
2011-06-06,0.47784443501526974,-0.024129151895610816,0.4633517371111683,0.08293297976917265
2011-06-07,0.47784443501526974,-0.024129151895610816,0.4633517371111683,0.08293297976917265
2011-06-08,0.47784443501526974,-0.024129151895610816,0.4633517371111683,0.08293297976917265
2011-06-09,0.47784443501526974,-0.024129151895610816,0.4633517371111683,0.08293297976917265
2011-06-10,0.47784443501526974,-0.024129151895610816,0.4633517371111683,0.08293297976917265
2011-06-13,0.47784443501526974,-0.024129151895610816,0.4633517371111683,0.08293297976917265
2011-06-14,0.2155214399531982,0.06960606136799745,0.5177279954858719,0.19714450319293242
2011-06-15,0.2155214399531982,0.06960606136799745,0.5177279954858719,0.19714450319293242
2011-06-16,0.2155214399531982,0.06960606136799745,0.5177279954858719,0.19714450319293242
2011-06-17,0.2155214399531982,0.06960606136799745,0.5177279954858719,0.19714450319293242
2011-06-20,0.2155214399531982,0.06960606136799745,0.5177279954858719,0.19714450319293242
2011-06-21,0.2155214399531982,0.06960606136799745,0.5177279954858719,0.19714450319293242
2011-06-22,0.2155214399531982,0.06960606136799745,0.5177279954858719,0.19714450319293242
2011-06-23,0.2155214399531982,0.06960606136799745,0.5177279954858719,0.19714450319293242
2011-06-24,0.2155214399531982,0.06960606136799745,0.5177279954858719,0.19714450319293242
2011-06-27,0.2155214399531982,0.06960606136799745,0.5177279954858719,0.19714450319293242
2011-06-28,0.4737065471974545,-0.024770905480112987,0.45537473258076644,0.09568962570189207
2011-06-29,0.4737065471974545,-0.024770905480112987,0.45537473258076644,0.09568962570189207
2011-06-30,0.4737065471974545,-0.024770905480112987,0.45537473258076644,0.09568962570189207
2011-07-01,0.4737065471974545,-0.024770905480112987,0.45537473258076644,0.09568962570189207
2011-07-05,0.4737065471974545,-0.024770905480112987,0.45537473258076644,0.09568962570189207
2011-07-06,0.4737065471974545,-0.024770905480112987,0.45537473258076644,0.09568962570189207
2011-07-07,0.4737065471974545,-0.024770905480112987,0.45537473258076644,0.09568962570189207
2011-07-08,0.4737065471974545,-0.024770905480112987,0.45537473258076644,0.09568962570189207
2011-07-11,0.4737065471974545,-0.024770905480112987,0.45537473258076644,0.09568962570189207
2011-07-12,0.4737065471974545,-0.024770905480112987,0.45537473258076644,0.09568962570189207
2011-07-13,0.4744314652516658,-0.02835258416605041,0.4617489136075049,0.09217220530687972
2011-07-14,0.4744314652516658,-0.02835258416605041,0.4617489136075049,0.09217220530687972
2011-07-15,0.4744314652516658,-0.02835258416605041,0.4617489136075049,0.09217220530687972
2011-07-18,0.4744314652516658,-0.02835258416605041,0.4617489136075049,0.09217220530687972
2011-07-19,0.4744314652516658,-0.02835258416605041,0.4617489136075049,0.09217220530687972
2011-07-20,0.4744314652516658,-0.02835258416605041,0.4617489136075049,0.09217220530687972
2011-07-21,0.4744314652516658,-0.02835258416605041,0.4617489136075049,0.09217220530687972
2011-07-22,0.4744314652516658,-0.02835258416605041,0.4617489136075049,0.09217220530687972
2011-07-25,0.4744314652516658,-0.02835258416605041,0.4617489136075049,0.09217220530687972
2011-07-26,0.4744314652516658,-0.02835258416605041,0.4617489136075049,0.09217220530687972
2011-07-27,0.4717950564759307,-0.022250758294651226,0.4561138853252702,0.09434181649345036
2011-07-28,0.4717950564759307,-0.022250758294651226,0.4561138853252702,0.09434181649345036
2011-07-29,0.4717950564759307,-0.022250758294651226,0.4561138853252702,0.09434181649345036
2011-08-01,0.4717950564759307,-0.022250758294651226,0.4561138853252702,0.09434181649345036
2011-08-02,0.4717950564759307,-0.022250758294651226,0.4561138853252702,0.09434181649345036
2011-08-03,0.4717950564759307,-0.022250758294651226,0.4561138853252702,0.09434181649345036
2011-08-04,0.4717950564759307,-0.022250758294651226,0.4561138853252702,0.09434181649345036
2011-08-05,0.4717950564759307,-0.022250758294651226,0.4561138853252702,0.09434181649345036
2011-08-08,0.4717950564759307,-0.022250758294651226,0.4561138853252702,0.09434181649345036
2011-08-09,0.4717950564759307,-0.022250758294651226,0.4561138853252702,0.09434181649345036
2011-08-10,0.4648286071246715,-0.03224809433365631,0.4708706900005379,0.0965487972084469
2011-08-11,0.4648286071246715,-0.03224809433365631,0.4708706900005379,0.0965487972084469
2011-08-12,0.4648286071246715,-0.03224809433365631,0.4708706900005379,0.0965487972084469
2011-08-15,0.4648286071246715,-0.03224809433365631,0.4708706900005379,0.0965487972084469
2011-08-16,0.4648286071246715,-0.03224809433365631,0.4708706900005379,0.0965487972084469
2011-08-17,0.4648286071246715,-0.03224809433365631,0.4708706900005379,0.0965487972084469
2011-08-18,0.4648286071246715,-0.03224809433365631,0.4708706900005379,0.0965487972084469
2011-08-19,0.4648286071246715,-0.03224809433365631,0.4708706900005379,0.0965487972084469
2011-08-22,0.4648286071246715,-0.03224809433365631,0.4708706900005379,0.0965487972084469
2011-08-23,0.4648286071246715,-0.03224809433365631,0.4708706900005379,0.0965487972084469
2011-08-24,0.468035478940538,-0.04222756815929498,0.4818025296884644,0.09238955953029285
2011-08-25,0.468035478940538,-0.04222756815929498,0.4818025296884644,0.09238955953029285
2011-08-26,0.468035478940538,-0.04222756815929498,0.4818025296884644,0.09238955953029285
2011-08-29,0.468035478940538,-0.04222756815929498,0.4818025296884644,0.09238955953029285
2011-08-30,0.468035478940538,-0.04222756815929498,0.4818025296884644,0.09238955953029285
2011-08-31,0.468035478940538,-0.04222756815929498,0.4818025296884644,0.09238955953029285
2011-09-01,0.468035478940538,-0.04222756815929498,0.4818025296884644,0.09238955953029285
2011-09-02,0.468035478940538,-0.04222756815929498,0.4818025296884644,0.09238955953029285
2011-09-06,0.468035478940538,-0.04222756815929498,0.4818025296884644,0.09238955953029285
2011-09-07,0.468035478940538,-0.04222756815929498,0.4818025296884644,0.09238955953029285
2011-09-08,0.4536345899516703,-0.03775313004691004,0.47803240748100634,0.10608613261423334
2011-09-09,0.4536345899516703,-0.03775313004691004,0.47803240748100634,0.10608613261423334
2011-09-12,0.4536345899516703,-0.03775313004691004,0.47803240748100634,0.10608613261423334
2011-09-13,0.4536345899516703,-0.03775313004691004,0.47803240748100634,0.10608613261423334
2011-09-14,0.4536345899516703,-0.03775313004691004,0.47803240748100634,0.10608613261423334
2011-09-15,0.4536345899516703,-0.03775313004691004,0.47803240748100634,0.10608613261423334
2011-09-16,0.4536345899516703,-0.03775313004691004,0.47803240748100634,0.10608613261423334
2011-09-19,0.4536345899516703,-0.03775313004691004,0.47803240748100634,0.10608613261423334
2011-09-20,0.4536345899516703,-0.03775313004691004,0.47803240748100634,0.10608613261423334
2011-09-21,0.4536345899516703,-0.03775313004691004,0.47803240748100634,0.10608613261423334
2011-09-22,0.45656238483626876,-0.038655791123467155,0.4792640500287914,0.10282935625840704
2011-09-23,0.45656238483626876,-0.038655791123467155,0.4792640500287914,0.10282935625840704
2011-09-26,0.45656238483626876,-0.038655791123467155,0.4792640500287914,0.10282935625840704
2011-09-27,0.45656238483626876,-0.038655791123467155,0.4792640500287914,0.10282935625840704
2011-09-28,0.45656238483626876,-0.038655791123467155,0.4792640500287914,0.10282935625840704
2011-09-29,0.45656238483626876,-0.038655791123467155,0.4792640500287914,0.10282935625840704
2011-09-30,0.45656238483626876,-0.038655791123467155,0.4792640500287914,0.10282935625840704
2011-10-03,0.45656238483626876,-0.038655791123467155,0.4792640500287914,0.10282935625840704
2011-10-04,0.45656238483626876,-0.038655791123467155,0.4792640500287914,0.10282935625840704
2011-10-05,0.45656238483626876,-0.038655791123467155,0.4792640500287914,0.10282935625840704
2011-10-06,0.4693625716501625,-0.03691483863825354,0.4852766609555898,0.08227560603250127
2011-10-07,0.4693625716501625,-0.03691483863825354,0.4852766609555898,0.08227560603250127
2011-10-10,0.4693625716501625,-0.03691483863825354,0.4852766609555898,0.08227560603250127
2011-10-11,0.4693625716501625,-0.03691483863825354,0.4852766609555898,0.08227560603250127
2011-10-12,0.4693625716501625,-0.03691483863825354,0.4852766609555898,0.08227560603250127
2011-10-13,0.4693625716501625,-0.03691483863825354,0.4852766609555898,0.08227560603250127
2011-10-14,0.4693625716501625,-0.03691483863825354,0.4852766609555898,0.08227560603250127
2011-10-17,0.4693625716501625,-0.03691483863825354,0.4852766609555898,0.08227560603250127
2011-10-18,0.4693625716501625,-0.03691483863825354,0.4852766609555898,0.08227560603250127
2011-10-19,0.4693625716501625,-0.03691483863825354,0.4852766609555898,0.08227560603250127
2011-10-20,0.4785642087328174,-0.042412348299652236,0.491499509206382,0.07234863036045285
2011-10-21,0.4785642087328174,-0.042412348299652236,0.491499509206382,0.07234863036045285
2011-10-24,0.4785642087328174,-0.042412348299652236,0.491499509206382,0.07234863036045285
2011-10-25,0.4785642087328174,-0.042412348299652236,0.491499509206382,0.07234863036045285
2011-10-26,0.4785642087328174,-0.042412348299652236,0.491499509206382,0.07234863036045285
2011-10-27,0.4785642087328174,-0.042412348299652236,0.491499509206382,0.07234863036045285
2011-10-28,0.4785642087328174,-0.042412348299652236,0.491499509206382,0.07234863036045285
2011-10-31,0.4785642087328174,-0.042412348299652236,0.491499509206382,0.07234863036045285
2011-11-01,0.4785642087328174,-0.042412348299652236,0.491499509206382,0.07234863036045285
2011-11-02,0.4785642087328174,-0.042412348299652236,0.491499509206382,0.07234863036045285
2011-11-03,0.47448817023507317,-0.04817080919144295,0.4893498132981267,0.08433282565824317
2011-11-04,0.47448817023507317,-0.04817080919144295,0.4893498132981267,0.08433282565824317
2011-11-07,0.47448817023507317,-0.04817080919144295,0.4893498132981267,0.08433282565824317
2011-11-08,0.47448817023507317,-0.04817080919144295,0.4893498132981267,0.08433282565824317
2011-11-09,0.47448817023507317,-0.04817080919144295,0.4893498132981267,0.08433282565824317
2011-11-10,0.47448817023507317,-0.04817080919144295,0.4893498132981267,0.08433282565824317
2011-11-11,0.47448817023507317,-0.04817080919144295,0.4893498132981267,0.08433282565824317
2011-11-14,0.47448817023507317,-0.04817080919144295,0.4893498132981267,0.08433282565824317
2011-11-15,0.47448817023507317,-0.04817080919144295,0.4893498132981267,0.08433282565824317
2011-11-16,0.47448817023507317,-0.04817080919144295,0.4893498132981267,0.08433282565824317
2011-11-17,0.4705477191489692,-0.04440989259844516,0.481495558892159,0.09236661455731687
2011-11-18,0.4705477191489692,-0.04440989259844516,0.481495558892159,0.09236661455731687
2011-11-21,0.4705477191489692,-0.04440989259844516,0.481495558892159,0.09236661455731687
2011-11-22,0.4705477191489692,-0.04440989259844516,0.481495558892159,0.09236661455731687
2011-11-23,0.4705477191489692,-0.04440989259844516,0.481495558892159,0.09236661455731687
2011-11-25,0.4705477191489692,-0.04440989259844516,0.481495558892159,0.09236661455731687
2011-11-28,0.4705477191489692,-0.04440989259844516,0.481495558892159,0.09236661455731687
2011-11-29,0.4705477191489692,-0.04440989259844516,0.481495558892159,0.09236661455731687
2011-11-30,0.4705477191489692,-0.04440989259844516,0.481495558892159,0.09236661455731687
2011-12-01,0.4705477191489692,-0.04440989259844516,0.481495558892159,0.09236661455731687
2011-12-02,0.47866795558891884,-0.043615899575976974,0.482481848002515,0.08246609598454314
2011-12-05,0.47866795558891884,-0.043615899575976974,0.482481848002515,0.08246609598454314
2011-12-06,0.47866795558891884,-0.043615899575976974,0.482481848002515,0.08246609598454314
2011-12-07,0.47866795558891884,-0.043615899575976974,0.482481848002515,0.08246609598454314
2011-12-08,0.47866795558891884,-0.043615899575976974,0.482481848002515,0.08246609598454314
2011-12-09,0.47866795558891884,-0.043615899575976974,0.482481848002515,0.08246609598454314
2011-12-12,0.47866795558891884,-0.043615899575976974,0.482481848002515,0.08246609598454314
2011-12-13,0.47866795558891884,-0.043615899575976974,0.482481848002515,0.08246609598454314
2011-12-14,0.47866795558891884,-0.043615899575976974,0.482481848002515,0.08246609598454314
2011-12-15,0.47866795558891884,-0.043615899575976974,0.482481848002515,0.08246609598454314
2011-12-16,0.4808697105791146,-0.04344929494474891,0.48239782614424165,0.08018175822139266
2011-12-19,0.4808697105791146,-0.04344929494474891,0.48239782614424165,0.08018175822139266
2011-12-20,0.4808697105791146,-0.04344929494474891,0.48239782614424165,0.08018175822139266
2011-12-21,0.4808697105791146,-0.04344929494474891,0.48239782614424165,0.08018175822139266
2011-12-22,0.4808697105791146,-0.04344929494474891,0.48239782614424165,0.08018175822139266
2011-12-23,0.4808697105791146,-0.04344929494474891,0.48239782614424165,0.08018175822139266
2011-12-27,0.4808697105791146,-0.04344929494474891,0.48239782614424165,0.08018175822139266
2011-12-28,0.4808697105791146,-0.04344929494474891,0.48239782614424165,0.08018175822139266
2011-12-29,0.4808697105791146,-0.04344929494474891,0.48239782614424165,0.08018175822139266
2011-12-30,0.4808697105791146,-0.04344929494474891,0.48239782614424165,0.08018175822139266
2012-01-03,0.46790303601573763,-0.0473227877006178,0.4739202580228097,0.10549949366207041
2012-01-04,0.46790303601573763,-0.0473227877006178,0.4739202580228097,0.10549949366207041
2012-01-05,0.46790303601573763,-0.0473227877006178,0.4739202580228097,0.10549949366207041
2012-01-06,0.46790303601573763,-0.0473227877006178,0.4739202580228097,0.10549949366207041
2012-01-09,0.46790303601573763,-0.0473227877006178,0.4739202580228097,0.10549949366207041
2012-01-10,0.46790303601573763,-0.0473227877006178,0.4739202580228097,0.10549949366207041
2012-01-11,0.46790303601573763,-0.0473227877006178,0.4739202580228097,0.10549949366207041
2012-01-12,0.46790303601573763,-0.0473227877006178,0.4739202580228097,0.10549949366207041
2012-01-13,0.46790303601573763,-0.0473227877006178,0.4739202580228097,0.10549949366207041
2012-01-17,0.46790303601573763,-0.0473227877006178,0.4739202580228097,0.10549949366207041
2012-01-18,0.46063967872351186,-0.0461471028876711,0.4674766025938315,0.11803082157032782
2012-01-19,0.46063967872351186,-0.0461471028876711,0.4674766025938315,0.11803082157032782
2012-01-20,0.46063967872351186,-0.0461471028876711,0.4674766025938315,0.11803082157032782
2012-01-23,0.46063967872351186,-0.0461471028876711,0.4674766025938315,0.11803082157032782
2012-01-24,0.46063967872351186,-0.0461471028876711,0.4674766025938315,0.11803082157032782
2012-01-25,0.46063967872351186,-0.0461471028876711,0.4674766025938315,0.11803082157032782
2012-01-26,0.46063967872351186,-0.0461471028876711,0.4674766025938315,0.11803082157032782
2012-01-27,0.46063967872351186,-0.0461471028876711,0.4674766025938315,0.11803082157032782
2012-01-30,0.46063967872351186,-0.0461471028876711,0.4674766025938315,0.11803082157032782
2012-01-31,0.46063967872351186,-0.0461471028876711,0.4674766025938315,0.11803082157032782
2012-02-01,0.4672671097468983,-0.035898635743744224,0.467530774970096,0.10110075102675002
2012-02-02,0.4672671097468983,-0.035898635743744224,0.467530774970096,0.10110075102675002
2012-02-03,0.4672671097468983,-0.035898635743744224,0.467530774970096,0.10110075102675002
2012-02-06,0.4672671097468983,-0.035898635743744224,0.467530774970096,0.10110075102675002
2012-02-07,0.4672671097468983,-0.035898635743744224,0.467530774970096,0.10110075102675002
2012-02-08,0.4672671097468983,-0.035898635743744224,0.467530774970096,0.10110075102675002
2012-02-09,0.4672671097468983,-0.035898635743744224,0.467530774970096,0.10110075102675002
2012-02-10,0.4672671097468983,-0.035898635743744224,0.467530774970096,0.10110075102675002
2012-02-13,0.4672671097468983,-0.035898635743744224,0.467530774970096,0.10110075102675002
2012-02-14,0.4672671097468983,-0.035898635743744224,0.467530774970096,0.10110075102675002
2012-02-15,0.46886762200978505,-0.03451708857751959,0.4695407126128489,0.09610875395488569
2012-02-16,0.46886762200978505,-0.03451708857751959,0.4695407126128489,0.09610875395488569
2012-02-17,0.46886762200978505,-0.03451708857751959,0.4695407126128489,0.09610875395488569
2012-02-21,0.46886762200978505,-0.03451708857751959,0.4695407126128489,0.09610875395488569
2012-02-22,0.46886762200978505,-0.03451708857751959,0.4695407126128489,0.09610875395488569
2012-02-23,0.46886762200978505,-0.03451708857751959,0.4695407126128489,0.09610875395488569
2012-02-24,0.46886762200978505,-0.03451708857751959,0.4695407126128489,0.09610875395488569
2012-02-27,0.46886762200978505,-0.03451708857751959,0.4695407126128489,0.09610875395488569
2012-02-28,0.46886762200978505,-0.03451708857751959,0.4695407126128489,0.09610875395488569
2012-02-29,0.46886762200978505,-0.03451708857751959,0.4695407126128489,0.09610875395488569
2012-03-01,0.4642202406980784,-0.04268144723423887,0.46010038341626464,0.11836082311989587
2012-03-02,0.4642202406980784,-0.04268144723423887,0.46010038341626464,0.11836082311989587
2012-03-05,0.4642202406980784,-0.04268144723423887,0.46010038341626464,0.11836082311989587
2012-03-06,0.4642202406980784,-0.04268144723423887,0.46010038341626464,0.11836082311989587
2012-03-07,0.4642202406980784,-0.04268144723423887,0.46010038341626464,0.11836082311989587
2012-03-08,0.4642202406980784,-0.04268144723423887,0.46010038341626464,0.11836082311989587
2012-03-09,0.4642202406980784,-0.04268144723423887,0.46010038341626464,0.11836082311989587
2012-03-12,0.4642202406980784,-0.04268144723423887,0.46010038341626464,0.11836082311989587
2012-03-13,0.4642202406980784,-0.04268144723423887,0.46010038341626464,0.11836082311989587
2012-03-14,0.4642202406980784,-0.04268144723423887,0.46010038341626464,0.11836082311989587
2012-03-15,0.2199559519076413,0.20751836192549722,0.33025059673019475,0.24227508943666662
2012-03-16,0.2199559519076413,0.20751836192549722,0.33025059673019475,0.24227508943666662
2012-03-19,0.2199559519076413,0.20751836192549722,0.33025059673019475,0.24227508943666662
2012-03-20,0.2199559519076413,0.20751836192549722,0.33025059673019475,0.24227508943666662
2012-03-21,0.2199559519076413,0.20751836192549722,0.33025059673019475,0.24227508943666662
2012-03-22,0.2199559519076413,0.20751836192549722,0.33025059673019475,0.24227508943666662
2012-03-23,0.2199559519076413,0.20751836192549722,0.33025059673019475,0.24227508943666662
2012-03-26,0.2199559519076413,0.20751836192549722,0.33025059673019475,0.24227508943666662
2012-03-27,0.2199559519076413,0.20751836192549722,0.33025059673019475,0.24227508943666662
2012-03-28,0.2199559519076413,0.20751836192549722,0.33025059673019475,0.24227508943666662
2012-03-29,0.2227618052312964,0.23208325920547251,0.34214644768645974,0.20300848787677128
2012-03-30,0.2227618052312964,0.23208325920547251,0.34214644768645974,0.20300848787677128
2012-04-02,0.2227618052312964,0.23208325920547251,0.34214644768645974,0.20300848787677128
2012-04-03,0.2227618052312964,0.23208325920547251,0.34214644768645974,0.20300848787677128
2012-04-04,0.2227618052312964,0.23208325920547251,0.34214644768645974,0.20300848787677128
2012-04-05,0.2227618052312964,0.23208325920547251,0.34214644768645974,0.20300848787677128
2012-04-09,0.2227618052312964,0.23208325920547251,0.34214644768645974,0.20300848787677128
2012-04-10,0.2227618052312964,0.23208325920547251,0.34214644768645974,0.20300848787677128
2012-04-11,0.2227618052312964,0.23208325920547251,0.34214644768645974,0.20300848787677128
2012-04-12,0.2227618052312964,0.23208325920547251,0.34214644768645974,0.20300848787677128
2012-04-13,0.23633570004228727,0.24804554430623743,0.3011262630044214,0.21449249264705392
2012-04-16,0.23633570004228727,0.24804554430623743,0.3011262630044214,0.21449249264705392
2012-04-17,0.23633570004228727,0.24804554430623743,0.3011262630044214,0.21449249264705392
2012-04-18,0.23633570004228727,0.24804554430623743,0.3011262630044214,0.21449249264705392
2012-04-19,0.23633570004228727,0.24804554430623743,0.3011262630044214,0.21449249264705392
2012-04-20,0.23633570004228727,0.24804554430623743,0.3011262630044214,0.21449249264705392
2012-04-23,0.23633570004228727,0.24804554430623743,0.3011262630044214,0.21449249264705392
2012-04-24,0.23633570004228727,0.24804554430623743,0.3011262630044214,0.21449249264705392
2012-04-25,0.23633570004228727,0.24804554430623743,0.3011262630044214,0.21449249264705392
2012-04-26,0.23633570004228727,0.24804554430623743,0.3011262630044214,0.21449249264705392
2012-04-27,0.24650237951882625,0.2544831220695028,0.2762734959742778,0.2227410024373932
2012-04-30,0.24650237951882625,0.2544831220695028,0.2762734959742778,0.2227410024373932
2012-05-01,0.24650237951882625,0.2544831220695028,0.2762734959742778,0.2227410024373932
2012-05-02,0.24650237951882625,0.2544831220695028,0.2762734959742778,0.2227410024373932
2012-05-03,0.24650237951882625,0.2544831220695028,0.2762734959742778,0.2227410024373932
2012-05-04,0.24650237951882625,0.2544831220695028,0.2762734959742778,0.2227410024373932
2012-05-07,0.24650237951882625,0.2544831220695028,0.2762734959742778,0.2227410024373932
2012-05-08,0.24650237951882625,0.2544831220695028,0.2762734959742778,0.2227410024373932
2012-05-09,0.24650237951882625,0.2544831220695028,0.2762734959742778,0.2227410024373932
2012-05-10,0.24650237951882625,0.2544831220695028,0.2762734959742778,0.2227410024373932
2012-05-11,0.22856557193709462,0.2414892766083701,0.3056441558297137,0.22430099562482153
2012-05-14,0.22856557193709462,0.2414892766083701,0.3056441558297137,0.22430099562482153
2012-05-15,0.22856557193709462,0.2414892766083701,0.3056441558297137,0.22430099562482153
2012-05-16,0.22856557193709462,0.2414892766083701,0.3056441558297137,0.22430099562482153
2012-05-17,0.22856557193709462,0.2414892766083701,0.3056441558297137,0.22430099562482153
2012-05-18,0.22856557193709462,0.2414892766083701,0.3056441558297137,0.22430099562482153
2012-05-21,0.22856557193709462,0.2414892766083701,0.3056441558297137,0.22430099562482153
2012-05-22,0.22856557193709462,0.2414892766083701,0.3056441558297137,0.22430099562482153
2012-05-23,0.22856557193709462,0.2414892766083701,0.3056441558297137,0.22430099562482153
2012-05-24,0.22856557193709462,0.2414892766083701,0.3056441558297137,0.22430099562482153
2012-05-25,0.22987680189513932,0.2404806437182047,0.3068781397105146,0.22276441467614141
2012-05-29,0.22987680189513932,0.2404806437182047,0.3068781397105146,0.22276441467614141
2012-05-30,0.22987680189513932,0.2404806437182047,0.3068781397105146,0.22276441467614141
2012-05-31,0.22987680189513932,0.2404806437182047,0.3068781397105146,0.22276441467614141
2012-06-01,0.22987680189513932,0.2404806437182047,0.3068781397105146,0.22276441467614141
2012-06-04,0.22987680189513932,0.2404806437182047,0.3068781397105146,0.22276441467614141
2012-06-05,0.22987680189513932,0.2404806437182047,0.3068781397105146,0.22276441467614141
2012-06-06,0.22987680189513932,0.2404806437182047,0.3068781397105146,0.22276441467614141
2012-06-07,0.22987680189513932,0.2404806437182047,0.3068781397105146,0.22276441467614141
2012-06-08,0.22987680189513932,0.2404806437182047,0.3068781397105146,0.22276441467614141
2012-06-11,0.4778429991655997,-0.03437996122921989,0.4962156192068699,0.06032134285675023
2012-06-12,0.4778429991655997,-0.03437996122921989,0.4962156192068699,0.06032134285675023
2012-06-13,0.4778429991655997,-0.03437996122921989,0.4962156192068699,0.06032134285675023
2012-06-14,0.4778429991655997,-0.03437996122921989,0.4962156192068699,0.06032134285675023
2012-06-15,0.4778429991655997,-0.03437996122921989,0.4962156192068699,0.06032134285675023
2012-06-18,0.4778429991655997,-0.03437996122921989,0.4962156192068699,0.06032134285675023
2012-06-19,0.4778429991655997,-0.03437996122921989,0.4962156192068699,0.06032134285675023
2012-06-20,0.4778429991655997,-0.03437996122921989,0.4962156192068699,0.06032134285675023
2012-06-21,0.4778429991655997,-0.03437996122921989,0.4962156192068699,0.06032134285675023
2012-06-22,0.4778429991655997,-0.03437996122921989,0.4962156192068699,0.06032134285675023
2012-06-25,0.479621240966075,-0.03495832388269655,0.4847422640851088,0.07059481883151271
2012-06-26,0.479621240966075,-0.03495832388269655,0.4847422640851088,0.07059481883151271
2012-06-27,0.479621240966075,-0.03495832388269655,0.4847422640851088,0.07059481883151271
2012-06-28,0.479621240966075,-0.03495832388269655,0.4847422640851088,0.07059481883151271
2012-06-29,0.479621240966075,-0.03495832388269655,0.4847422640851088,0.07059481883151271
2012-07-02,0.479621240966075,-0.03495832388269655,0.4847422640851088,0.07059481883151271
2012-07-03,0.479621240966075,-0.03495832388269655,0.4847422640851088,0.07059481883151271
2012-07-05,0.479621240966075,-0.03495832388269655,0.4847422640851088,0.07059481883151271
2012-07-06,0.479621240966075,-0.03495832388269655,0.4847422640851088,0.07059481883151271
2012-07-09,0.479621240966075,-0.03495832388269655,0.4847422640851088,0.07059481883151271
2012-07-10,0.47976797954992917,-0.03349838874002552,0.48651676128440247,0.06721364790569395
2012-07-11,0.47976797954992917,-0.03349838874002552,0.48651676128440247,0.06721364790569395
2012-07-12,0.47976797954992917,-0.03349838874002552,0.48651676128440247,0.06721364790569395
2012-07-13,0.47976797954992917,-0.03349838874002552,0.48651676128440247,0.06721364790569395
2012-07-16,0.47976797954992917,-0.03349838874002552,0.48651676128440247,0.06721364790569395
2012-07-17,0.47976797954992917,-0.03349838874002552,0.48651676128440247,0.06721364790569395
2012-07-18,0.47976797954992917,-0.03349838874002552,0.48651676128440247,0.06721364790569395
2012-07-19,0.47976797954992917,-0.03349838874002552,0.48651676128440247,0.06721364790569395
2012-07-20,0.47976797954992917,-0.03349838874002552,0.48651676128440247,0.06721364790569395
2012-07-23,0.47976797954992917,-0.03349838874002552,0.48651676128440247,0.06721364790569395
2012-07-24,0.47747320035933416,-0.030381331651262534,0.4833093653422707,0.06959876594965764
2012-07-25,0.47747320035933416,-0.030381331651262534,0.4833093653422707,0.06959876594965764
2012-07-26,0.47747320035933416,-0.030381331651262534,0.4833093653422707,0.06959876594965764
2012-07-27,0.47747320035933416,-0.030381331651262534,0.4833093653422707,0.06959876594965764
2012-07-30,0.47747320035933416,-0.030381331651262534,0.4833093653422707,0.06959876594965764
2012-07-31,0.47747320035933416,-0.030381331651262534,0.4833093653422707,0.06959876594965764
2012-08-01,0.47747320035933416,-0.030381331651262534,0.4833093653422707,0.06959876594965764
2012-08-02,0.47747320035933416,-0.030381331651262534,0.4833093653422707,0.06959876594965764
2012-08-03,0.47747320035933416,-0.030381331651262534,0.4833093653422707,0.06959876594965764
2012-08-06,0.47747320035933416,-0.030381331651262534,0.4833093653422707,0.06959876594965764
2012-08-07,0.47791916863269507,-0.03266322797998022,0.4814966333832743,0.07324742596401085
2012-08-08,0.47791916863269507,-0.03266322797998022,0.4814966333832743,0.07324742596401085
2012-08-09,0.47791916863269507,-0.03266322797998022,0.4814966333832743,0.07324742596401085
2012-08-10,0.47791916863269507,-0.03266322797998022,0.4814966333832743,0.07324742596401085
2012-08-13,0.47791916863269507,-0.03266322797998022,0.4814966333832743,0.07324742596401085
2012-08-14,0.47791916863269507,-0.03266322797998022,0.4814966333832743,0.07324742596401085
2012-08-15,0.47791916863269507,-0.03266322797998022,0.4814966333832743,0.07324742596401085
2012-08-16,0.47791916863269507,-0.03266322797998022,0.4814966333832743,0.07324742596401085
2012-08-17,0.47791916863269507,-0.03266322797998022,0.4814966333832743,0.07324742596401085
2012-08-20,0.47791916863269507,-0.03266322797998022,0.4814966333832743,0.07324742596401085
2012-08-21,0.48179156780670457,-0.0322835258607827,0.47977938137946435,0.07071257667461385
2012-08-22,0.48179156780670457,-0.0322835258607827,0.47977938137946435,0.07071257667461385
2012-08-23,0.48179156780670457,-0.0322835258607827,0.47977938137946435,0.07071257667461385
2012-08-24,0.48179156780670457,-0.0322835258607827,0.47977938137946435,0.07071257667461385
2012-08-27,0.48179156780670457,-0.0322835258607827,0.47977938137946435,0.07071257667461385
2012-08-28,0.48179156780670457,-0.0322835258607827,0.47977938137946435,0.07071257667461385
2012-08-29,0.48179156780670457,-0.0322835258607827,0.47977938137946435,0.07071257667461385
2012-08-30,0.48179156780670457,-0.0322835258607827,0.47977938137946435,0.07071257667461385
2012-08-31,0.48179156780670457,-0.0322835258607827,0.47977938137946435,0.07071257667461385
2012-09-04,0.48179156780670457,-0.0322835258607827,0.47977938137946435,0.07071257667461385
2012-09-05,0.21604212518963298,0.13496351902362422,0.40933422033861394,0.23966013544812895
2012-09-06,0.21604212518963298,0.13496351902362422,0.40933422033861394,0.23966013544812895
2012-09-07,0.21604212518963298,0.13496351902362422,0.40933422033861394,0.23966013544812895
2012-09-10,0.21604212518963298,0.13496351902362422,0.40933422033861394,0.23966013544812895
2012-09-11,0.21604212518963298,0.13496351902362422,0.40933422033861394,0.23966013544812895
2012-09-12,0.21604212518963298,0.13496351902362422,0.40933422033861394,0.23966013544812895
2012-09-13,0.21604212518963298,0.13496351902362422,0.40933422033861394,0.23966013544812895
2012-09-14,0.21604212518963298,0.13496351902362422,0.40933422033861394,0.23966013544812895
2012-09-17,0.21604212518963298,0.13496351902362422,0.40933422033861394,0.23966013544812895
2012-09-18,0.21604212518963298,0.13496351902362422,0.40933422033861394,0.23966013544812895
2012-09-19,0.20036463119505335,0.1705517933142989,0.41187251696441407,0.21721105852623362
2012-09-20,0.20036463119505335,0.1705517933142989,0.41187251696441407,0.21721105852623362
2012-09-21,0.20036463119505335,0.1705517933142989,0.41187251696441407,0.21721105852623362
2012-09-24,0.20036463119505335,0.1705517933142989,0.41187251696441407,0.21721105852623362
2012-09-25,0.20036463119505335,0.1705517933142989,0.41187251696441407,0.21721105852623362
2012-09-26,0.20036463119505335,0.1705517933142989,0.41187251696441407,0.21721105852623362
2012-09-27,0.20036463119505335,0.1705517933142989,0.41187251696441407,0.21721105852623362
2012-09-28,0.20036463119505335,0.1705517933142989,0.41187251696441407,0.21721105852623362
2012-10-01,0.20036463119505335,0.1705517933142989,0.41187251696441407,0.21721105852623362
2012-10-02,0.20036463119505335,0.1705517933142989,0.41187251696441407,0.21721105852623362
2012-10-03,0.21967611426494557,0.19995140650159038,0.3338809768222061,0.24649150241125797
2012-10-04,0.21967611426494557,0.19995140650159038,0.3338809768222061,0.24649150241125797
2012-10-05,0.21967611426494557,0.19995140650159038,0.3338809768222061,0.24649150241125797
2012-10-08,0.21967611426494557,0.19995140650159038,0.3338809768222061,0.24649150241125797
2012-10-09,0.21967611426494557,0.19995140650159038,0.3338809768222061,0.24649150241125797
2012-10-10,0.21967611426494557,0.19995140650159038,0.3338809768222061,0.24649150241125797
2012-10-11,0.21967611426494557,0.19995140650159038,0.3338809768222061,0.24649150241125797
2012-10-12,0.21967611426494557,0.19995140650159038,0.3338809768222061,0.24649150241125797
2012-10-15,0.21967611426494557,0.19995140650159038,0.3338809768222061,0.24649150241125797
2012-10-16,0.21967611426494557,0.19995140650159038,0.3338809768222061,0.24649150241125797
2012-10-17,0.22487035814681255,0.21361855432760068,0.3290703499374845,0.2324407375881023
2012-10-18,0.22487035814681255,0.21361855432760068,0.3290703499374845,0.2324407375881023
2012-10-19,0.22487035814681255,0.21361855432760068,0.3290703499374845,0.2324407375881023
2012-10-22,0.22487035814681255,0.21361855432760068,0.3290703499374845,0.2324407375881023
2012-10-23,0.22487035814681255,0.21361855432760068,0.3290703499374845,0.2324407375881023
2012-10-24,0.22487035814681255,0.21361855432760068,0.3290703499374845,0.2324407375881023
2012-10-25,0.22487035814681255,0.21361855432760068,0.3290703499374845,0.2324407375881023
2012-10-26,0.22487035814681255,0.21361855432760068,0.3290703499374845,0.2324407375881023
2012-10-31,0.22487035814681255,0.21361855432760068,0.3290703499374845,0.2324407375881023
2012-11-01,0.22487035814681255,0.21361855432760068,0.3290703499374845,0.2324407375881023
2012-11-02,0.23942085513465397,0.24300590626436946,0.2879240727374972,0.22964916586347936
2012-11-05,0.23942085513465397,0.24300590626436946,0.2879240727374972,0.22964916586347936
2012-11-06,0.23942085513465397,0.24300590626436946,0.2879240727374972,0.22964916586347936
2012-11-07,0.23942085513465397,0.24300590626436946,0.2879240727374972,0.22964916586347936
2012-11-08,0.23942085513465397,0.24300590626436946,0.2879240727374972,0.22964916586347936
2012-11-09,0.23942085513465397,0.24300590626436946,0.2879240727374972,0.22964916586347936
2012-11-12,0.23942085513465397,0.24300590626436946,0.2879240727374972,0.22964916586347936
2012-11-13,0.23942085513465397,0.24300590626436946,0.2879240727374972,0.22964916586347936
2012-11-14,0.23942085513465397,0.24300590626436946,0.2879240727374972,0.22964916586347936
2012-11-15,0.23942085513465397,0.24300590626436946,0.2879240727374972,0.22964916586347936
2012-11-16,0.22888148361817687,0.2104503323587335,0.30760108858458834,0.25306709543850137
2012-11-19,0.22888148361817687,0.2104503323587335,0.30760108858458834,0.25306709543850137
2012-11-20,0.22888148361817687,0.2104503323587335,0.30760108858458834,0.25306709543850137
2012-11-21,0.22888148361817687,0.2104503323587335,0.30760108858458834,0.25306709543850137
2012-11-23,0.22888148361817687,0.2104503323587335,0.30760108858458834,0.25306709543850137
2012-11-26,0.22888148361817687,0.2104503323587335,0.30760108858458834,0.25306709543850137
2012-11-27,0.22888148361817687,0.2104503323587335,0.30760108858458834,0.25306709543850137
2012-11-28,0.22888148361817687,0.2104503323587335,0.30760108858458834,0.25306709543850137
2012-11-29,0.22888148361817687,0.2104503323587335,0.30760108858458834,0.25306709543850137
2012-11-30,0.22888148361817687,0.2104503323587335,0.30760108858458834,0.25306709543850137
2012-12-03,0.4622312320473621,-0.03343734204939555,0.46751190776514906,0.10369420223688441
2012-12-04,0.4622312320473621,-0.03343734204939555,0.46751190776514906,0.10369420223688441
2012-12-05,0.4622312320473621,-0.03343734204939555,0.46751190776514906,0.10369420223688441
2012-12-06,0.4622312320473621,-0.03343734204939555,0.46751190776514906,0.10369420223688441
2012-12-07,0.4622312320473621,-0.03343734204939555,0.46751190776514906,0.10369420223688441
2012-12-10,0.4622312320473621,-0.03343734204939555,0.46751190776514906,0.10369420223688441
2012-12-11,0.4622312320473621,-0.03343734204939555,0.46751190776514906,0.10369420223688441
2012-12-12,0.4622312320473621,-0.03343734204939555,0.46751190776514906,0.10369420223688441
2012-12-13,0.4622312320473621,-0.03343734204939555,0.46751190776514906,0.10369420223688441
2012-12-14,0.4622312320473621,-0.03343734204939555,0.46751190776514906,0.10369420223688441
2012-12-17,0.22718876700375806,0.21381485398300823,0.31594408745251273,0.24305229156072095
2012-12-18,0.22718876700375806,0.21381485398300823,0.31594408745251273,0.24305229156072095
2012-12-19,0.22718876700375806,0.21381485398300823,0.31594408745251273,0.24305229156072095
2012-12-20,0.22718876700375806,0.21381485398300823,0.31594408745251273,0.24305229156072095
2012-12-21,0.22718876700375806,0.21381485398300823,0.31594408745251273,0.24305229156072095
2012-12-24,0.22718876700375806,0.21381485398300823,0.31594408745251273,0.24305229156072095
2012-12-26,0.22718876700375806,0.21381485398300823,0.31594408745251273,0.24305229156072095
2012-12-27,0.22718876700375806,0.21381485398300823,0.31594408745251273,0.24305229156072095
2012-12-28,0.22718876700375806,0.21381485398300823,0.31594408745251273,0.24305229156072095
2012-12-31,0.22718876700375806,0.21381485398300823,0.31594408745251273,0.24305229156072095
2013-01-02,0.23255570787249477,0.22989333157210903,0.3086517824130787,0.22889917814231747
2013-01-03,0.23255570787249477,0.22989333157210903,0.3086517824130787,0.22889917814231747
2013-01-04,0.23255570787249477,0.22989333157210903,0.3086517824130787,0.22889917814231747
2013-01-07,0.23255570787249477,0.22989333157210903,0.3086517824130787,0.22889917814231747
2013-01-08,0.23255570787249477,0.22989333157210903,0.3086517824130787,0.22889917814231747
2013-01-09,0.23255570787249477,0.22989333157210903,0.3086517824130787,0.22889917814231747
2013-01-10,0.23255570787249477,0.22989333157210903,0.3086517824130787,0.22889917814231747
2013-01-11,0.23255570787249477,0.22989333157210903,0.3086517824130787,0.22889917814231747
2013-01-14,0.23255570787249477,0.22989333157210903,0.3086517824130787,0.22889917814231747
2013-01-15,0.23255570787249477,0.22989333157210903,0.3086517824130787,0.22889917814231747
2013-01-16,0.2456568930405022,0.2464378348843538,0.26478644124816914,0.24311883082697483
2013-01-17,0.2456568930405022,0.2464378348843538,0.26478644124816914,0.24311883082697483
2013-01-18,0.2456568930405022,0.2464378348843538,0.26478644124816914,0.24311883082697483
2013-01-22,0.2456568930405022,0.2464378348843538,0.26478644124816914,0.24311883082697483
2013-01-23,0.2456568930405022,0.2464378348843538,0.26478644124816914,0.24311883082697483
2013-01-24,0.2456568930405022,0.2464378348843538,0.26478644124816914,0.24311883082697483
2013-01-25,0.2456568930405022,0.2464378348843538,0.26478644124816914,0.24311883082697483
2013-01-28,0.2456568930405022,0.2464378348843538,0.26478644124816914,0.24311883082697483
2013-01-29,0.2456568930405022,0.2464378348843538,0.26478644124816914,0.24311883082697483
2013-01-30,0.2456568930405022,0.2464378348843538,0.26478644124816914,0.24311883082697483
2013-01-31,0.24398123448428258,0.2394576211854965,0.2706830846440531,0.24587805968616783
2013-02-01,0.24398123448428258,0.2394576211854965,0.2706830846440531,0.24587805968616783
2013-02-04,0.24398123448428258,0.2394576211854965,0.2706830846440531,0.24587805968616783
2013-02-05,0.24398123448428258,0.2394576211854965,0.2706830846440531,0.24587805968616783
2013-02-06,0.24398123448428258,0.2394576211854965,0.2706830846440531,0.24587805968616783
2013-02-07,0.24398123448428258,0.2394576211854965,0.2706830846440531,0.24587805968616783
2013-02-08,0.24398123448428258,0.2394576211854965,0.2706830846440531,0.24587805968616783
2013-02-11,0.24398123448428258,0.2394576211854965,0.2706830846440531,0.24587805968616783
2013-02-12,0.24398123448428258,0.2394576211854965,0.2706830846440531,0.24587805968616783
2013-02-13,0.24398123448428258,0.2394576211854965,0.2706830846440531,0.24587805968616783
2013-02-14,0.2500001993806819,0.25000028391517676,0.24999998305460708,0.24999953364953437
2013-02-15,0.2500001993806819,0.25000028391517676,0.24999998305460708,0.24999953364953437
2013-02-19,0.2500001993806819,0.25000028391517676,0.24999998305460708,0.24999953364953437
2013-02-20,0.2500001993806819,0.25000028391517676,0.24999998305460708,0.24999953364953437
2013-02-21,0.2500001993806819,0.25000028391517676,0.24999998305460708,0.24999953364953437
2013-02-22,0.2500001993806819,0.25000028391517676,0.24999998305460708,0.24999953364953437
2013-02-25,0.2500001993806819,0.25000028391517676,0.24999998305460708,0.24999953364953437
2013-02-26,0.2500001993806819,0.25000028391517676,0.24999998305460708,0.24999953364953437
2013-02-27,0.2500001993806819,0.25000028391517676,0.24999998305460708,0.24999953364953437
2013-02-28,0.2500001993806819,0.25000028391517676,0.24999998305460708,0.24999953364953437
2013-03-01,0.2499999412338891,0.24999993312439364,0.25000001002925565,0.2500001156124617
2013-03-04,0.2499999412338891,0.24999993312439364,0.25000001002925565,0.2500001156124617
2013-03-05,0.2499999412338891,0.24999993312439364,0.25000001002925565,0.2500001156124617
2013-03-06,0.2499999412338891,0.24999993312439364,0.25000001002925565,0.2500001156124617
2013-03-07,0.2499999412338891,0.24999993312439364,0.25000001002925565,0.2500001156124617
2013-03-08,0.2499999412338891,0.24999993312439364,0.25000001002925565,0.2500001156124617
2013-03-11,0.2499999412338891,0.24999993312439364,0.25000001002925565,0.2500001156124617
2013-03-12,0.2499999412338891,0.24999993312439364,0.25000001002925565,0.2500001156124617
2013-03-13,0.2499999412338891,0.24999993312439364,0.25000001002925565,0.2500001156124617
2013-03-14,0.2499999412338891,0.24999993312439364,0.25000001002925565,0.2500001156124617
2013-03-15,0.2476891966370236,0.23191863937355786,0.25427446596739345,0.26611769802202523
2013-03-18,0.2476891966370236,0.23191863937355786,0.25427446596739345,0.26611769802202523
2013-03-19,0.2476891966370236,0.23191863937355786,0.25427446596739345,0.26611769802202523
2013-03-20,0.2476891966370236,0.23191863937355786,0.25427446596739345,0.26611769802202523
2013-03-21,0.2476891966370236,0.23191863937355786,0.25427446596739345,0.26611769802202523
2013-03-22,0.2476891966370236,0.23191863937355786,0.25427446596739345,0.26611769802202523
2013-03-25,0.2476891966370236,0.23191863937355786,0.25427446596739345,0.26611769802202523
2013-03-26,0.2476891966370236,0.23191863937355786,0.25427446596739345,0.26611769802202523
2013-03-27,0.2476891966370236,0.23191863937355786,0.25427446596739345,0.26611769802202523
2013-03-28,0.2476891966370236,0.23191863937355786,0.25427446596739345,0.26611769802202523
2013-04-01,0.24989527199622708,0.2482039151316758,0.25037859886717423,0.251522214004923
2013-04-02,0.24989527199622708,0.2482039151316758,0.25037859886717423,0.251522214004923
2013-04-03,0.24989527199622708,0.2482039151316758,0.25037859886717423,0.251522214004923
2013-04-04,0.24989527199622708,0.2482039151316758,0.25037859886717423,0.251522214004923
2013-04-05,0.24989527199622708,0.2482039151316758,0.25037859886717423,0.251522214004923
2013-04-08,0.24989527199622708,0.2482039151316758,0.25037859886717423,0.251522214004923
2013-04-09,0.24989527199622708,0.2482039151316758,0.25037859886717423,0.251522214004923
2013-04-10,0.24989527199622708,0.2482039151316758,0.25037859886717423,0.251522214004923
2013-04-11,0.24989527199622708,0.2482039151316758,0.25037859886717423,0.251522214004923
2013-04-12,0.24989527199622708,0.2482039151316758,0.25037859886717423,0.251522214004923
2013-04-15,0.2500002880007173,0.24999974606299227,0.2500001996842469,0.2499997662520435
2013-04-16,0.2500002880007173,0.24999974606299227,0.2500001996842469,0.2499997662520435
2013-04-17,0.2500002880007173,0.24999974606299227,0.2500001996842469,0.2499997662520435
2013-04-18,0.2500002880007173,0.24999974606299227,0.2500001996842469,0.2499997662520435
2013-04-19,0.2500002880007173,0.24999974606299227,0.2500001996842469,0.2499997662520435
2013-04-22,0.2500002880007173,0.24999974606299227,0.2500001996842469,0.2499997662520435
2013-04-23,0.2500002880007173,0.24999974606299227,0.2500001996842469,0.2499997662520435
2013-04-24,0.2500002880007173,0.24999974606299227,0.2500001996842469,0.2499997662520435
2013-04-25,0.2500002880007173,0.24999974606299227,0.2500001996842469,0.2499997662520435
2013-04-26,0.2500002880007173,0.24999974606299227,0.2500001996842469,0.2499997662520435
2013-04-29,0.20543231725672545,0.1864946538199254,0.34672715224525047,0.2613458766780987
2013-04-30,0.20543231725672545,0.1864946538199254,0.34672715224525047,0.2613458766780987
2013-05-01,0.20543231725672545,0.1864946538199254,0.34672715224525047,0.2613458766780987
2013-05-02,0.20543231725672545,0.1864946538199254,0.34672715224525047,0.2613458766780987
2013-05-03,0.20543231725672545,0.1864946538199254,0.34672715224525047,0.2613458766780987
2013-05-06,0.20543231725672545,0.1864946538199254,0.34672715224525047,0.2613458766780987
2013-05-07,0.20543231725672545,0.1864946538199254,0.34672715224525047,0.2613458766780987
2013-05-08,0.20543231725672545,0.1864946538199254,0.34672715224525047,0.2613458766780987
2013-05-09,0.20543231725672545,0.1864946538199254,0.34672715224525047,0.2613458766780987
2013-05-10,0.20543231725672545,0.1864946538199254,0.34672715224525047,0.2613458766780987
2013-05-13,0.191367848549773,0.16805897481923876,0.3722913996924007,0.2682817769385876
2013-05-14,0.191367848549773,0.16805897481923876,0.3722913996924007,0.2682817769385876
2013-05-15,0.191367848549773,0.16805897481923876,0.3722913996924007,0.2682817769385876
2013-05-16,0.191367848549773,0.16805897481923876,0.3722913996924007,0.2682817769385876
2013-05-17,0.191367848549773,0.16805897481923876,0.3722913996924007,0.2682817769385876
2013-05-20,0.191367848549773,0.16805897481923876,0.3722913996924007,0.2682817769385876
2013-05-21,0.191367848549773,0.16805897481923876,0.3722913996924007,0.2682817769385876
2013-05-22,0.191367848549773,0.16805897481923876,0.3722913996924007,0.2682817769385876
2013-05-23,0.191367848549773,0.16805897481923876,0.3722913996924007,0.2682817769385876
2013-05-24,0.191367848549773,0.16805897481923876,0.3722913996924007,0.2682817769385876
2013-05-28,0.21244932094351338,0.20033675132653064,0.34023318057423885,0.24698074715571722
2013-05-29,0.21244932094351338,0.20033675132653064,0.34023318057423885,0.24698074715571722
2013-05-30,0.21244932094351338,0.20033675132653064,0.34023318057423885,0.24698074715571722
2013-05-31,0.21244932094351338,0.20033675132653064,0.34023318057423885,0.24698074715571722
2013-06-03,0.21244932094351338,0.20033675132653064,0.34023318057423885,0.24698074715571722
2013-06-04,0.21244932094351338,0.20033675132653064,0.34023318057423885,0.24698074715571722
2013-06-05,0.21244932094351338,0.20033675132653064,0.34023318057423885,0.24698074715571722
2013-06-06,0.21244932094351338,0.20033675132653064,0.34023318057423885,0.24698074715571722
2013-06-07,0.21244932094351338,0.20033675132653064,0.34023318057423885,0.24698074715571722
2013-06-10,0.21244932094351338,0.20033675132653064,0.34023318057423885,0.24698074715571722
2013-06-11,0.2378341634359359,0.2359453490833978,0.28006854985873464,0.2461519376219317
2013-06-12,0.2378341634359359,0.2359453490833978,0.28006854985873464,0.2461519376219317
2013-06-13,0.2378341634359359,0.2359453490833978,0.28006854985873464,0.2461519376219317
2013-06-14,0.2378341634359359,0.2359453490833978,0.28006854985873464,0.2461519376219317
2013-06-17,0.2378341634359359,0.2359453490833978,0.28006854985873464,0.2461519376219317
2013-06-18,0.2378341634359359,0.2359453490833978,0.28006854985873464,0.2461519376219317
2013-06-19,0.2378341634359359,0.2359453490833978,0.28006854985873464,0.2461519376219317
2013-06-20,0.2378341634359359,0.2359453490833978,0.28006854985873464,0.2461519376219317
2013-06-21,0.2378341634359359,0.2359453490833978,0.28006854985873464,0.2461519376219317
2013-06-24,0.2378341634359359,0.2359453490833978,0.28006854985873464,0.2461519376219317
2013-06-25,0.25000001011720263,0.24999996582656,0.2500000004049928,0.2500000236512445
2013-06-26,0.25000001011720263,0.24999996582656,0.2500000004049928,0.2500000236512445
2013-06-27,0.25000001011720263,0.24999996582656,0.2500000004049928,0.2500000236512445
2013-06-28,0.25000001011720263,0.24999996582656,0.2500000004049928,0.2500000236512445
2013-07-01,0.25000001011720263,0.24999996582656,0.2500000004049928,0.2500000236512445
2013-07-02,0.25000001011720263,0.24999996582656,0.2500000004049928,0.2500000236512445
2013-07-03,0.25000001011720263,0.24999996582656,0.2500000004049928,0.2500000236512445
2013-07-05,0.25000001011720263,0.24999996582656,0.2500000004049928,0.2500000236512445
2013-07-08,0.25000001011720263,0.24999996582656,0.2500000004049928,0.2500000236512445
2013-07-09,0.25000001011720263,0.24999996582656,0.2500000004049928,0.2500000236512445
2013-07-10,0.24999999224878666,0.25000000496657154,0.24999998984707397,0.2500000129375677
2013-07-11,0.24999999224878666,0.25000000496657154,0.24999998984707397,0.2500000129375677
2013-07-12,0.24999999224878666,0.25000000496657154,0.24999998984707397,0.2500000129375677
2013-07-15,0.24999999224878666,0.25000000496657154,0.24999998984707397,0.2500000129375677
2013-07-16,0.24999999224878666,0.25000000496657154,0.24999998984707397,0.2500000129375677
2013-07-17,0.24999999224878666,0.25000000496657154,0.24999998984707397,0.2500000129375677
2013-07-18,0.24999999224878666,0.25000000496657154,0.24999998984707397,0.2500000129375677
2013-07-19,0.24999999224878666,0.25000000496657154,0.24999998984707397,0.2500000129375677
2013-07-22,0.24999999224878666,0.25000000496657154,0.24999998984707397,0.2500000129375677
2013-07-23,0.24999999224878666,0.25000000496657154,0.24999998984707397,0.2500000129375677
2013-07-24,0.2499996881457133,0.24999984926807925,0.25000018171313354,0.2500002808730739
2013-07-25,0.2499996881457133,0.24999984926807925,0.25000018171313354,0.2500002808730739
2013-07-26,0.2499996881457133,0.24999984926807925,0.25000018171313354,0.2500002808730739
2013-07-29,0.2499996881457133,0.24999984926807925,0.25000018171313354,0.2500002808730739
2013-07-30,0.2499996881457133,0.24999984926807925,0.25000018171313354,0.2500002808730739
2013-07-31,0.2499996881457133,0.24999984926807925,0.25000018171313354,0.2500002808730739
2013-08-01,0.2499996881457133,0.24999984926807925,0.25000018171313354,0.2500002808730739
2013-08-02,0.2499996881457133,0.24999984926807925,0.25000018171313354,0.2500002808730739
2013-08-05,0.2499996881457133,0.24999984926807925,0.25000018171313354,0.2500002808730739
2013-08-06,0.2499996881457133,0.24999984926807925,0.25000018171313354,0.2500002808730739
2013-08-07,0.2500000481831259,0.2500000595781231,0.24999997260901133,0.24999991962973972
2013-08-08,0.2500000481831259,0.2500000595781231,0.24999997260901133,0.24999991962973972
2013-08-09,0.2500000481831259,0.2500000595781231,0.24999997260901133,0.24999991962973972
2013-08-12,0.2500000481831259,0.2500000595781231,0.24999997260901133,0.24999991962973972
2013-08-13,0.2500000481831259,0.2500000595781231,0.24999997260901133,0.24999991962973972
2013-08-14,0.2500000481831259,0.2500000595781231,0.24999997260901133,0.24999991962973972
2013-08-15,0.2500000481831259,0.2500000595781231,0.24999997260901133,0.24999991962973972
2013-08-16,0.2500000481831259,0.2500000595781231,0.24999997260901133,0.24999991962973972
2013-08-19,0.2500000481831259,0.2500000595781231,0.24999997260901133,0.24999991962973972
2013-08-20,0.2500000481831259,0.2500000595781231,0.24999997260901133,0.24999991962973972
2013-08-21,0.25000018517396305,0.2500000355584623,0.2499999856080205,0.24999979365955408
2013-08-22,0.25000018517396305,0.2500000355584623,0.2499999856080205,0.24999979365955408
2013-08-23,0.25000018517396305,0.2500000355584623,0.2499999856080205,0.24999979365955408
2013-08-26,0.25000018517396305,0.2500000355584623,0.2499999856080205,0.24999979365955408
2013-08-27,0.25000018517396305,0.2500000355584623,0.2499999856080205,0.24999979365955408
2013-08-28,0.25000018517396305,0.2500000355584623,0.2499999856080205,0.24999979365955408
2013-08-29,0.25000018517396305,0.2500000355584623,0.2499999856080205,0.24999979365955408
2013-08-30,0.25000018517396305,0.2500000355584623,0.2499999856080205,0.24999979365955408
2013-09-03,0.25000018517396305,0.2500000355584623,0.2499999856080205,0.24999979365955408
2013-09-04,0.25000018517396305,0.2500000355584623,0.2499999856080205,0.24999979365955408
2013-09-05,0.25074563536342265,0.25357796336666516,0.25147594080446545,0.2442004604654467
2013-09-06,0.25074563536342265,0.25357796336666516,0.25147594080446545,0.2442004604654467
2013-09-09,0.25074563536342265,0.25357796336666516,0.25147594080446545,0.2442004604654467
2013-09-10,0.25074563536342265,0.25357796336666516,0.25147594080446545,0.2442004604654467
2013-09-11,0.25074563536342265,0.25357796336666516,0.25147594080446545,0.2442004604654467
2013-09-12,0.25074563536342265,0.25357796336666516,0.25147594080446545,0.2442004604654467
2013-09-13,0.25074563536342265,0.25357796336666516,0.25147594080446545,0.2442004604654467
2013-09-16,0.25074563536342265,0.25357796336666516,0.25147594080446545,0.2442004604654467
2013-09-17,0.25074563536342265,0.25357796336666516,0.25147594080446545,0.2442004604654467
2013-09-18,0.25074563536342265,0.25357796336666516,0.25147594080446545,0.2442004604654467
2013-09-19,0.24999994845293483,0.25000013832002765,0.2500000609639995,0.24999985226303795
2013-09-20,0.24999994845293483,0.25000013832002765,0.2500000609639995,0.24999985226303795
2013-09-23,0.24999994845293483,0.25000013832002765,0.2500000609639995,0.24999985226303795
2013-09-24,0.24999994845293483,0.25000013832002765,0.2500000609639995,0.24999985226303795
2013-09-25,0.24999994845293483,0.25000013832002765,0.2500000609639995,0.24999985226303795
2013-09-26,0.24999994845293483,0.25000013832002765,0.2500000609639995,0.24999985226303795
2013-09-27,0.24999994845293483,0.25000013832002765,0.2500000609639995,0.24999985226303795
2013-09-30,0.24999994845293483,0.25000013832002765,0.2500000609639995,0.24999985226303795
2013-10-01,0.24999994845293483,0.25000013832002765,0.2500000609639995,0.24999985226303795
2013-10-02,0.24999994845293483,0.25000013832002765,0.2500000609639995,0.24999985226303795
2013-10-03,0.25000003923418923,0.24999997659063913,0.2500000292923204,0.24999995488285112
2013-10-04,0.25000003923418923,0.24999997659063913,0.2500000292923204,0.24999995488285112
2013-10-07,0.25000003923418923,0.24999997659063913,0.2500000292923204,0.24999995488285112
2013-10-08,0.25000003923418923,0.24999997659063913,0.2500000292923204,0.24999995488285112
2013-10-09,0.25000003923418923,0.24999997659063913,0.2500000292923204,0.24999995488285112
2013-10-10,0.25000003923418923,0.24999997659063913,0.2500000292923204,0.24999995488285112
2013-10-11,0.25000003923418923,0.24999997659063913,0.2500000292923204,0.24999995488285112
2013-10-14,0.25000003923418923,0.24999997659063913,0.2500000292923204,0.24999995488285112
2013-10-15,0.25000003923418923,0.24999997659063913,0.2500000292923204,0.24999995488285112
2013-10-16,0.25000003923418923,0.24999997659063913,0.2500000292923204,0.24999995488285112
2013-10-17,0.2520648469506104,0.26096469330338185,0.25442913434832726,0.23254132539768055
2013-10-18,0.2520648469506104,0.26096469330338185,0.25442913434832726,0.23254132539768055
2013-10-21,0.2520648469506104,0.26096469330338185,0.25442913434832726,0.23254132539768055
2013-10-22,0.2520648469506104,0.26096469330338185,0.25442913434832726,0.23254132539768055
2013-10-23,0.2520648469506104,0.26096469330338185,0.25442913434832726,0.23254132539768055
2013-10-24,0.2520648469506104,0.26096469330338185,0.25442913434832726,0.23254132539768055
2013-10-25,0.2520648469506104,0.26096469330338185,0.25442913434832726,0.23254132539768055
2013-10-28,0.2520648469506104,0.26096469330338185,0.25442913434832726,0.23254132539768055
2013-10-29,0.2520648469506104,0.26096469330338185,0.25442913434832726,0.23254132539768055
2013-10-30,0.2520648469506104,0.26096469330338185,0.25442913434832726,0.23254132539768055
2013-10-31,0.25163434273748087,0.25858868680720937,0.253875618717407,0.2359013517379028
2013-11-01,0.25163434273748087,0.25858868680720937,0.253875618717407,0.2359013517379028
2013-11-04,0.25163434273748087,0.25858868680720937,0.253875618717407,0.2359013517379028
2013-11-05,0.25163434273748087,0.25858868680720937,0.253875618717407,0.2359013517379028
2013-11-06,0.25163434273748087,0.25858868680720937,0.253875618717407,0.2359013517379028
2013-11-07,0.25163434273748087,0.25858868680720937,0.253875618717407,0.2359013517379028
2013-11-08,0.25163434273748087,0.25858868680720937,0.253875618717407,0.2359013517379028
2013-11-11,0.25163434273748087,0.25858868680720937,0.253875618717407,0.2359013517379028
2013-11-12,0.25163434273748087,0.25858868680720937,0.253875618717407,0.2359013517379028
2013-11-13,0.25163434273748087,0.25858868680720937,0.253875618717407,0.2359013517379028
2013-11-14,0.25238941628274175,0.25925433007712817,0.25385936268065956,0.2344968909594706
2013-11-15,0.25238941628274175,0.25925433007712817,0.25385936268065956,0.2344968909594706
2013-11-18,0.25238941628274175,0.25925433007712817,0.25385936268065956,0.2344968909594706
2013-11-19,0.25238941628274175,0.25925433007712817,0.25385936268065956,0.2344968909594706
2013-11-20,0.25238941628274175,0.25925433007712817,0.25385936268065956,0.2344968909594706
2013-11-21,0.25238941628274175,0.25925433007712817,0.25385936268065956,0.2344968909594706
2013-11-22,0.25238941628274175,0.25925433007712817,0.25385936268065956,0.2344968909594706
2013-11-25,0.25238941628274175,0.25925433007712817,0.25385936268065956,0.2344968909594706
2013-11-26,0.25238941628274175,0.25925433007712817,0.25385936268065956,0.2344968909594706
2013-11-27,0.25238941628274175,0.25925433007712817,0.25385936268065956,0.2344968909594706
2013-11-29,0.2523541845562782,0.25885865475112163,0.25391846226962006,0.23486869842298008
2013-12-02,0.2523541845562782,0.25885865475112163,0.25391846226962006,0.23486869842298008
2013-12-03,0.2523541845562782,0.25885865475112163,0.25391846226962006,0.23486869842298008
2013-12-04,0.2523541845562782,0.25885865475112163,0.25391846226962006,0.23486869842298008
2013-12-05,0.2523541845562782,0.25885865475112163,0.25391846226962006,0.23486869842298008
2013-12-06,0.2523541845562782,0.25885865475112163,0.25391846226962006,0.23486869842298008
2013-12-09,0.2523541845562782,0.25885865475112163,0.25391846226962006,0.23486869842298008
2013-12-10,0.2523541845562782,0.25885865475112163,0.25391846226962006,0.23486869842298008
2013-12-11,0.2523541845562782,0.25885865475112163,0.25391846226962006,0.23486869842298008
2013-12-12,0.2523541845562782,0.25885865475112163,0.25391846226962006,0.23486869842298008
2013-12-13,0.25193303787270627,0.26310140081144184,0.25631054018588334,0.22865502112996855
2013-12-16,0.25193303787270627,0.26310140081144184,0.25631054018588334,0.22865502112996855
2013-12-17,0.25193303787270627,0.26310140081144184,0.25631054018588334,0.22865502112996855
2013-12-18,0.25193303787270627,0.26310140081144184,0.25631054018588334,0.22865502112996855
2013-12-19,0.25193303787270627,0.26310140081144184,0.25631054018588334,0.22865502112996855
2013-12-20,0.25193303787270627,0.26310140081144184,0.25631054018588334,0.22865502112996855
2013-12-23,0.25193303787270627,0.26310140081144184,0.25631054018588334,0.22865502112996855
2013-12-24,0.25193303787270627,0.26310140081144184,0.25631054018588334,0.22865502112996855
2013-12-26,0.25193303787270627,0.26310140081144184,0.25631054018588334,0.22865502112996855
2013-12-27,0.25193303787270627,0.26310140081144184,0.25631054018588334,0.22865502112996855
2013-12-30,0.2546968529983847,0.27360155696710825,0.26432736270674345,0.2073742273277636
2013-12-31,0.2546968529983847,0.27360155696710825,0.26432736270674345,0.2073742273277636
2014-01-02,0.2546968529983847,0.27360155696710825,0.26432736270674345,0.2073742273277636
2014-01-03,0.2546968529983847,0.27360155696710825,0.26432736270674345,0.2073742273277636
2014-01-06,0.2546968529983847,0.27360155696710825,0.26432736270674345,0.2073742273277636
2014-01-07,0.2546968529983847,0.27360155696710825,0.26432736270674345,0.2073742273277636
2014-01-08,0.2546968529983847,0.27360155696710825,0.26432736270674345,0.2073742273277636
2014-01-09,0.2546968529983847,0.27360155696710825,0.26432736270674345,0.2073742273277636
2014-01-10,0.2546968529983847,0.27360155696710825,0.26432736270674345,0.2073742273277636
2014-01-13,0.2546968529983847,0.27360155696710825,0.26432736270674345,0.2073742273277636
2014-01-14,0.2595434579988391,0.27683909122319644,0.26390122572054775,0.19971622505741665
2014-01-15,0.2595434579988391,0.27683909122319644,0.26390122572054775,0.19971622505741665
2014-01-16,0.2595434579988391,0.27683909122319644,0.26390122572054775,0.19971622505741665
2014-01-17,0.2595434579988391,0.27683909122319644,0.26390122572054775,0.19971622505741665
2014-01-21,0.2595434579988391,0.27683909122319644,0.26390122572054775,0.19971622505741665
2014-01-22,0.2595434579988391,0.27683909122319644,0.26390122572054775,0.19971622505741665
2014-01-23,0.2595434579988391,0.27683909122319644,0.26390122572054775,0.19971622505741665
2014-01-24,0.2595434579988391,0.27683909122319644,0.26390122572054775,0.19971622505741665
2014-01-27,0.2595434579988391,0.27683909122319644,0.26390122572054775,0.19971622505741665
2014-01-28,0.2595434579988391,0.27683909122319644,0.26390122572054775,0.19971622505741665
2014-01-29,0.26454211501810476,0.2961970872645904,0.27453938887974694,0.1647214088375579
2014-01-30,0.26454211501810476,0.2961970872645904,0.27453938887974694,0.1647214088375579
2014-01-31,0.26454211501810476,0.2961970872645904,0.27453938887974694,0.1647214088375579
2014-02-03,0.26454211501810476,0.2961970872645904,0.27453938887974694,0.1647214088375579
2014-02-04,0.26454211501810476,0.2961970872645904,0.27453938887974694,0.1647214088375579
2014-02-05,0.26454211501810476,0.2961970872645904,0.27453938887974694,0.1647214088375579
2014-02-06,0.26454211501810476,0.2961970872645904,0.27453938887974694,0.1647214088375579
2014-02-07,0.26454211501810476,0.2961970872645904,0.27453938887974694,0.1647214088375579
2014-02-10,0.26454211501810476,0.2961970872645904,0.27453938887974694,0.1647214088375579
2014-02-11,0.26454211501810476,0.2961970872645904,0.27453938887974694,0.1647214088375579
2014-02-12,0.2676639643261734,0.30725660643133074,0.28313038263407636,0.14194904660841948
2014-02-13,0.2676639643261734,0.30725660643133074,0.28313038263407636,0.14194904660841948
2014-02-14,0.2676639643261734,0.30725660643133074,0.28313038263407636,0.14194904660841948
2014-02-18,0.2676639643261734,0.30725660643133074,0.28313038263407636,0.14194904660841948
2014-02-19,0.2676639643261734,0.30725660643133074,0.28313038263407636,0.14194904660841948
2014-02-20,0.2676639643261734,0.30725660643133074,0.28313038263407636,0.14194904660841948
2014-02-21,0.2676639643261734,0.30725660643133074,0.28313038263407636,0.14194904660841948
2014-02-24,0.2676639643261734,0.30725660643133074,0.28313038263407636,0.14194904660841948
2014-02-25,0.2676639643261734,0.30725660643133074,0.28313038263407636,0.14194904660841948
2014-02-26,0.2676639643261734,0.30725660643133074,0.28313038263407636,0.14194904660841948
2014-02-27,0.2621697217008533,0.29170982851352467,0.2822785954730249,0.16384185431259707
2014-02-28,0.2621697217008533,0.29170982851352467,0.2822785954730249,0.16384185431259707
2014-03-03,0.2621697217008533,0.29170982851352467,0.2822785954730249,0.16384185431259707
2014-03-04,0.2621697217008533,0.29170982851352467,0.2822785954730249,0.16384185431259707
2014-03-05,0.2621697217008533,0.29170982851352467,0.2822785954730249,0.16384185431259707
2014-03-06,0.2621697217008533,0.29170982851352467,0.2822785954730249,0.16384185431259707
2014-03-07,0.2621697217008533,0.29170982851352467,0.2822785954730249,0.16384185431259707
2014-03-10,0.2621697217008533,0.29170982851352467,0.2822785954730249,0.16384185431259707
2014-03-11,0.2621697217008533,0.29170982851352467,0.2822785954730249,0.16384185431259707
2014-03-12,0.2621697217008533,0.29170982851352467,0.2822785954730249,0.16384185431259707
2014-03-13,0.25325280175706355,0.2645142556142497,0.3157531466866385,0.16647979594204834
2014-03-14,0.25325280175706355,0.2645142556142497,0.3157531466866385,0.16647979594204834
2014-03-17,0.25325280175706355,0.2645142556142497,0.3157531466866385,0.16647979594204834
2014-03-18,0.25325280175706355,0.2645142556142497,0.3157531466866385,0.16647979594204834
2014-03-19,0.25325280175706355,0.2645142556142497,0.3157531466866385,0.16647979594204834
2014-03-20,0.25325280175706355,0.2645142556142497,0.3157531466866385,0.16647979594204834
2014-03-21,0.25325280175706355,0.2645142556142497,0.3157531466866385,0.16647979594204834
2014-03-24,0.25325280175706355,0.2645142556142497,0.3157531466866385,0.16647979594204834
2014-03-25,0.25325280175706355,0.2645142556142497,0.3157531466866385,0.16647979594204834
2014-03-26,0.25325280175706355,0.2645142556142497,0.3157531466866385,0.16647979594204834
2014-03-27,0.25410044970040707,0.2674488030519958,0.2866559940568589,0.19179475319073824
2014-03-28,0.25410044970040707,0.2674488030519958,0.2866559940568589,0.19179475319073824
2014-03-31,0.25410044970040707,0.2674488030519958,0.2866559940568589,0.19179475319073824
2014-04-01,0.25410044970040707,0.2674488030519958,0.2866559940568589,0.19179475319073824
2014-04-02,0.25410044970040707,0.2674488030519958,0.2866559940568589,0.19179475319073824
2014-04-03,0.25410044970040707,0.2674488030519958,0.2866559940568589,0.19179475319073824
2014-04-04,0.25410044970040707,0.2674488030519958,0.2866559940568589,0.19179475319073824
2014-04-07,0.25410044970040707,0.2674488030519958,0.2866559940568589,0.19179475319073824
2014-04-08,0.25410044970040707,0.2674488030519958,0.2866559940568589,0.19179475319073824
2014-04-09,0.25410044970040707,0.2674488030519958,0.2866559940568589,0.19179475319073824
2014-04-10,0.24182787155342397,0.23652476191526908,0.2971303630349889,0.22451700349631815
2014-04-11,0.24182787155342397,0.23652476191526908,0.2971303630349889,0.22451700349631815
2014-04-14,0.24182787155342397,0.23652476191526908,0.2971303630349889,0.22451700349631815
2014-04-15,0.24182787155342397,0.23652476191526908,0.2971303630349889,0.22451700349631815
2014-04-16,0.24182787155342397,0.23652476191526908,0.2971303630349889,0.22451700349631815
2014-04-17,0.24182787155342397,0.23652476191526908,0.2971303630349889,0.22451700349631815
2014-04-21,0.24182787155342397,0.23652476191526908,0.2971303630349889,0.22451700349631815
2014-04-22,0.24182787155342397,0.23652476191526908,0.2971303630349889,0.22451700349631815
2014-04-23,0.24182787155342397,0.23652476191526908,0.2971303630349889,0.22451700349631815
2014-04-24,0.24182787155342397,0.23652476191526908,0.2971303630349889,0.22451700349631815
2014-04-25,0.2399598021718776,0.23433791438909465,0.3122101011576406,0.21349218228138708
2014-04-28,0.2399598021718776,0.23433791438909465,0.3122101011576406,0.21349218228138708
2014-04-29,0.2399598021718776,0.23433791438909465,0.3122101011576406,0.21349218228138708
2014-04-30,0.2399598021718776,0.23433791438909465,0.3122101011576406,0.21349218228138708
2014-05-01,0.2399598021718776,0.23433791438909465,0.3122101011576406,0.21349218228138708
2014-05-02,0.2399598021718776,0.23433791438909465,0.3122101011576406,0.21349218228138708
2014-05-05,0.2399598021718776,0.23433791438909465,0.3122101011576406,0.21349218228138708
2014-05-06,0.2399598021718776,0.23433791438909465,0.3122101011576406,0.21349218228138708
2014-05-07,0.2399598021718776,0.23433791438909465,0.3122101011576406,0.21349218228138708
2014-05-08,0.2399598021718776,0.23433791438909465,0.3122101011576406,0.21349218228138708
2014-05-09,0.2433684477888763,0.24023856517620495,0.2855165259389624,0.23087646109595625
2014-05-12,0.2433684477888763,0.24023856517620495,0.2855165259389624,0.23087646109595625
2014-05-13,0.2433684477888763,0.24023856517620495,0.2855165259389624,0.23087646109595625
2014-05-14,0.2433684477888763,0.24023856517620495,0.2855165259389624,0.23087646109595625
2014-05-15,0.2433684477888763,0.24023856517620495,0.2855165259389624,0.23087646109595625
2014-05-16,0.2433684477888763,0.24023856517620495,0.2855165259389624,0.23087646109595625
2014-05-19,0.2433684477888763,0.24023856517620495,0.2855165259389624,0.23087646109595625
2014-05-20,0.2433684477888763,0.24023856517620495,0.2855165259389624,0.23087646109595625
2014-05-21,0.2433684477888763,0.24023856517620495,0.2855165259389624,0.23087646109595625
2014-05-22,0.2433684477888763,0.24023856517620495,0.2855165259389624,0.23087646109595625
2014-05-23,0.24941334804887272,0.24923917382197835,0.252931068401906,0.24841640972724288
2014-05-27,0.24941334804887272,0.24923917382197835,0.252931068401906,0.24841640972724288
2014-05-28,0.24941334804887272,0.24923917382197835,0.252931068401906,0.24841640972724288
2014-05-29,0.24941334804887272,0.24923917382197835,0.252931068401906,0.24841640972724288
2014-05-30,0.24941334804887272,0.24923917382197835,0.252931068401906,0.24841640972724288
2014-06-02,0.24941334804887272,0.24923917382197835,0.252931068401906,0.24841640972724288
2014-06-03,0.24941334804887272,0.24923917382197835,0.252931068401906,0.24841640972724288
2014-06-04,0.24941334804887272,0.24923917382197835,0.252931068401906,0.24841640972724288
2014-06-05,0.24941334804887272,0.24923917382197835,0.252931068401906,0.24841640972724288
2014-06-06,0.24941334804887272,0.24923917382197835,0.252931068401906,0.24841640972724288
2014-06-09,0.2515138042676012,0.25394650500345783,0.25163895655151247,0.2429007341774285
2014-06-10,0.2515138042676012,0.25394650500345783,0.25163895655151247,0.2429007341774285
2014-06-11,0.2515138042676012,0.25394650500345783,0.25163895655151247,0.2429007341774285
2014-06-12,0.2515138042676012,0.25394650500345783,0.25163895655151247,0.2429007341774285
2014-06-13,0.2515138042676012,0.25394650500345783,0.25163895655151247,0.2429007341774285
2014-06-16,0.2515138042676012,0.25394650500345783,0.25163895655151247,0.2429007341774285
2014-06-17,0.2515138042676012,0.25394650500345783,0.25163895655151247,0.2429007341774285
2014-06-18,0.2515138042676012,0.25394650500345783,0.25163895655151247,0.2429007341774285
2014-06-19,0.2515138042676012,0.25394650500345783,0.25163895655151247,0.2429007341774285
2014-06-20,0.2515138042676012,0.25394650500345783,0.25163895655151247,0.2429007341774285
2014-06-23,0.2468240501787965,0.24726670959949518,0.28429708748736127,0.22161215273434698
2014-06-24,0.2468240501787965,0.24726670959949518,0.28429708748736127,0.22161215273434698
2014-06-25,0.2468240501787965,0.24726670959949518,0.28429708748736127,0.22161215273434698
2014-06-26,0.2468240501787965,0.24726670959949518,0.28429708748736127,0.22161215273434698
2014-06-27,0.2468240501787965,0.24726670959949518,0.28429708748736127,0.22161215273434698
2014-06-30,0.2468240501787965,0.24726670959949518,0.28429708748736127,0.22161215273434698
2014-07-01,0.2468240501787965,0.24726670959949518,0.28429708748736127,0.22161215273434698
2014-07-02,0.2468240501787965,0.24726670959949518,0.28429708748736127,0.22161215273434698
2014-07-03,0.2468240501787965,0.24726670959949518,0.28429708748736127,0.22161215273434698
2014-07-07,0.2468240501787965,0.24726670959949518,0.28429708748736127,0.22161215273434698
2014-07-08,0.2731235447837428,0.29832598419510153,0.28004610508429123,0.1485043659368645
2014-07-09,0.2731235447837428,0.29832598419510153,0.28004610508429123,0.1485043659368645
2014-07-10,0.2731235447837428,0.29832598419510153,0.28004610508429123,0.1485043659368645
2014-07-11,0.2731235447837428,0.29832598419510153,0.28004610508429123,0.1485043659368645
2014-07-14,0.2731235447837428,0.29832598419510153,0.28004610508429123,0.1485043659368645
2014-07-15,0.2731235447837428,0.29832598419510153,0.28004610508429123,0.1485043659368645
2014-07-16,0.2731235447837428,0.29832598419510153,0.28004610508429123,0.1485043659368645
2014-07-17,0.2731235447837428,0.29832598419510153,0.28004610508429123,0.1485043659368645
2014-07-18,0.2731235447837428,0.29832598419510153,0.28004610508429123,0.1485043659368645
2014-07-21,0.2731235447837428,0.29832598419510153,0.28004610508429123,0.1485043659368645
2014-07-22,0.27605996285777096,0.3045696989241036,0.28385971919673453,0.13551061902139097
2014-07-23,0.27605996285777096,0.3045696989241036,0.28385971919673453,0.13551061902139097
2014-07-24,0.27605996285777096,0.3045696989241036,0.28385971919673453,0.13551061902139097
2014-07-25,0.27605996285777096,0.3045696989241036,0.28385971919673453,0.13551061902139097
2014-07-28,0.27605996285777096,0.3045696989241036,0.28385971919673453,0.13551061902139097
2014-07-29,0.27605996285777096,0.3045696989241036,0.28385971919673453,0.13551061902139097
2014-07-30,0.27605996285777096,0.3045696989241036,0.28385971919673453,0.13551061902139097
2014-07-31,0.27605996285777096,0.3045696989241036,0.28385971919673453,0.13551061902139097
2014-08-01,0.27605996285777096,0.3045696989241036,0.28385971919673453,0.13551061902139097
2014-08-04,0.27605996285777096,0.3045696989241036,0.28385971919673453,0.13551061902139097
2014-08-05,0.2841054149755391,0.30749570566680057,0.2863979456688849,0.12200093368877543
2014-08-06,0.2841054149755391,0.30749570566680057,0.2863979456688849,0.12200093368877543
2014-08-07,0.2841054149755391,0.30749570566680057,0.2863979456688849,0.12200093368877543
2014-08-08,0.2841054149755391,0.30749570566680057,0.2863979456688849,0.12200093368877543
2014-08-11,0.2841054149755391,0.30749570566680057,0.2863979456688849,0.12200093368877543
2014-08-12,0.2841054149755391,0.30749570566680057,0.2863979456688849,0.12200093368877543
2014-08-13,0.2841054149755391,0.30749570566680057,0.2863979456688849,0.12200093368877543
2014-08-14,0.2841054149755391,0.30749570566680057,0.2863979456688849,0.12200093368877543
2014-08-15,0.2841054149755391,0.30749570566680057,0.2863979456688849,0.12200093368877543
2014-08-18,0.2841054149755391,0.30749570566680057,0.2863979456688849,0.12200093368877543
2014-08-19,0.28793669175385106,0.3129563214459899,0.2938594579965538,0.10524752880360531
2014-08-20,0.28793669175385106,0.3129563214459899,0.2938594579965538,0.10524752880360531
2014-08-21,0.28793669175385106,0.3129563214459899,0.2938594579965538,0.10524752880360531
2014-08-22,0.28793669175385106,0.3129563214459899,0.2938594579965538,0.10524752880360531
2014-08-25,0.28793669175385106,0.3129563214459899,0.2938594579965538,0.10524752880360531
2014-08-26,0.28793669175385106,0.3129563214459899,0.2938594579965538,0.10524752880360531
2014-08-27,0.28793669175385106,0.3129563214459899,0.2938594579965538,0.10524752880360531
2014-08-28,0.28793669175385106,0.3129563214459899,0.2938594579965538,0.10524752880360531
2014-08-29,0.28793669175385106,0.3129563214459899,0.2938594579965538,0.10524752880360531
2014-09-02,0.28793669175385106,0.3129563214459899,0.2938594579965538,0.10524752880360531
2014-09-03,0.268797544872719,0.29168463081835194,0.274076173225953,0.16544165108297615
2014-09-04,0.268797544872719,0.29168463081835194,0.274076173225953,0.16544165108297615
2014-09-05,0.268797544872719,0.29168463081835194,0.274076173225953,0.16544165108297615
2014-09-08,0.268797544872719,0.29168463081835194,0.274076173225953,0.16544165108297615
2014-09-09,0.268797544872719,0.29168463081835194,0.274076173225953,0.16544165108297615
2014-09-10,0.268797544872719,0.29168463081835194,0.274076173225953,0.16544165108297615
2014-09-11,0.268797544872719,0.29168463081835194,0.274076173225953,0.16544165108297615
2014-09-12,0.268797544872719,0.29168463081835194,0.274076173225953,0.16544165108297615
2014-09-15,0.268797544872719,0.29168463081835194,0.274076173225953,0.16544165108297615
2014-09-16,0.268797544872719,0.29168463081835194,0.274076173225953,0.16544165108297615
2014-09-17,0.26270359401534166,0.2774575909143984,0.26229000090801324,0.19754881416224657
2014-09-18,0.26270359401534166,0.2774575909143984,0.26229000090801324,0.19754881416224657
2014-09-19,0.26270359401534166,0.2774575909143984,0.26229000090801324,0.19754881416224657
2014-09-22,0.26270359401534166,0.2774575909143984,0.26229000090801324,0.19754881416224657
2014-09-23,0.26270359401534166,0.2774575909143984,0.26229000090801324,0.19754881416224657
2014-09-24,0.26270359401534166,0.2774575909143984,0.26229000090801324,0.19754881416224657
2014-09-25,0.26270359401534166,0.2774575909143984,0.26229000090801324,0.19754881416224657
2014-09-26,0.26270359401534166,0.2774575909143984,0.26229000090801324,0.19754881416224657
2014-09-29,0.26270359401534166,0.2774575909143984,0.26229000090801324,0.19754881416224657
2014-09-30,0.26270359401534166,0.2774575909143984,0.26229000090801324,0.19754881416224657
2014-10-01,0.26157998073828076,0.27957459550209174,0.2626006723304007,0.1962447514292269
2014-10-02,0.26157998073828076,0.27957459550209174,0.2626006723304007,0.1962447514292269
2014-10-03,0.26157998073828076,0.27957459550209174,0.2626006723304007,0.1962447514292269
2014-10-06,0.26157998073828076,0.27957459550209174,0.2626006723304007,0.1962447514292269
2014-10-07,0.26157998073828076,0.27957459550209174,0.2626006723304007,0.1962447514292269
2014-10-08,0.26157998073828076,0.27957459550209174,0.2626006723304007,0.1962447514292269
2014-10-09,0.26157998073828076,0.27957459550209174,0.2626006723304007,0.1962447514292269
2014-10-10,0.26157998073828076,0.27957459550209174,0.2626006723304007,0.1962447514292269
2014-10-13,0.26157998073828076,0.27957459550209174,0.2626006723304007,0.1962447514292269
2014-10-14,0.26157998073828076,0.27957459550209174,0.2626006723304007,0.1962447514292269
2014-10-15,0.2531242756291687,0.26025515488535134,0.25502182799572115,0.23159874148975876
2014-10-16,0.2531242756291687,0.26025515488535134,0.25502182799572115,0.23159874148975876
2014-10-17,0.2531242756291687,0.26025515488535134,0.25502182799572115,0.23159874148975876
2014-10-20,0.2531242756291687,0.26025515488535134,0.25502182799572115,0.23159874148975876
2014-10-21,0.2531242756291687,0.26025515488535134,0.25502182799572115,0.23159874148975876
2014-10-22,0.2531242756291687,0.26025515488535134,0.25502182799572115,0.23159874148975876
2014-10-23,0.2531242756291687,0.26025515488535134,0.25502182799572115,0.23159874148975876
2014-10-24,0.2531242756291687,0.26025515488535134,0.25502182799572115,0.23159874148975876
2014-10-27,0.2531242756291687,0.26025515488535134,0.25502182799572115,0.23159874148975876
2014-10-28,0.2531242756291687,0.26025515488535134,0.25502182799572115,0.23159874148975876
2014-10-29,0.2499999797133227,0.25000000533101835,0.24999998632134846,0.25000002863431053
2014-10-30,0.2499999797133227,0.25000000533101835,0.24999998632134846,0.25000002863431053
2014-10-31,0.2499999797133227,0.25000000533101835,0.24999998632134846,0.25000002863431053
2014-11-03,0.2499999797133227,0.25000000533101835,0.24999998632134846,0.25000002863431053
2014-11-04,0.2499999797133227,0.25000000533101835,0.24999998632134846,0.25000002863431053
2014-11-05,0.2499999797133227,0.25000000533101835,0.24999998632134846,0.25000002863431053
2014-11-06,0.2499999797133227,0.25000000533101835,0.24999998632134846,0.25000002863431053
2014-11-07,0.2499999797133227,0.25000000533101835,0.24999998632134846,0.25000002863431053
2014-11-10,0.2499999797133227,0.25000000533101835,0.24999998632134846,0.25000002863431053
2014-11-11,0.2499999797133227,0.25000000533101835,0.24999998632134846,0.25000002863431053
2014-11-12,0.24999998846141755,0.2500000204255104,0.24999997909130078,0.25000001202177136
2014-11-13,0.24999998846141755,0.2500000204255104,0.24999997909130078,0.25000001202177136
2014-11-14,0.24999998846141755,0.2500000204255104,0.24999997909130078,0.25000001202177136
2014-11-17,0.24999998846141755,0.2500000204255104,0.24999997909130078,0.25000001202177136
2014-11-18,0.24999998846141755,0.2500000204255104,0.24999997909130078,0.25000001202177136
2014-11-19,0.24999998846141755,0.2500000204255104,0.24999997909130078,0.25000001202177136
2014-11-20,0.24999998846141755,0.2500000204255104,0.24999997909130078,0.25000001202177136
2014-11-21,0.24999998846141755,0.2500000204255104,0.24999997909130078,0.25000001202177136
2014-11-24,0.24999998846141755,0.2500000204255104,0.24999997909130078,0.25000001202177136
2014-11-25,0.24999998846141755,0.2500000204255104,0.24999997909130078,0.25000001202177136
2014-11-26,0.25000015755755595,0.2500000177763876,0.24999982032754534,0.25000000433851116
2014-11-28,0.25000015755755595,0.2500000177763876,0.24999982032754534,0.25000000433851116
2014-12-01,0.25000015755755595,0.2500000177763876,0.24999982032754534,0.25000000433851116
2014-12-02,0.25000015755755595,0.2500000177763876,0.24999982032754534,0.25000000433851116
2014-12-03,0.25000015755755595,0.2500000177763876,0.24999982032754534,0.25000000433851116
2014-12-04,0.25000015755755595,0.2500000177763876,0.24999982032754534,0.25000000433851116
2014-12-05,0.25000015755755595,0.2500000177763876,0.24999982032754534,0.25000000433851116
2014-12-08,0.25000015755755595,0.2500000177763876,0.24999982032754534,0.25000000433851116
2014-12-09,0.25000015755755595,0.2500000177763876,0.24999982032754534,0.25000000433851116
2014-12-10,0.25000015755755595,0.2500000177763876,0.24999982032754534,0.25000000433851116
2014-12-11,0.21395991632920403,0.1785564312948212,0.39711661117776215,0.21036704119821256
2014-12-12,0.21395991632920403,0.1785564312948212,0.39711661117776215,0.21036704119821256
2014-12-15,0.21395991632920403,0.1785564312948212,0.39711661117776215,0.21036704119821256
2014-12-16,0.21395991632920403,0.1785564312948212,0.39711661117776215,0.21036704119821256
2014-12-17,0.21395991632920403,0.1785564312948212,0.39711661117776215,0.21036704119821256
2014-12-18,0.21395991632920403,0.1785564312948212,0.39711661117776215,0.21036704119821256
2014-12-19,0.21395991632920403,0.1785564312948212,0.39711661117776215,0.21036704119821256
2014-12-22,0.21395991632920403,0.1785564312948212,0.39711661117776215,0.21036704119821256
2014-12-23,0.21395991632920403,0.1785564312948212,0.39711661117776215,0.21036704119821256
2014-12-24,0.21395991632920403,0.1785564312948212,0.39711661117776215,0.21036704119821256
2014-12-26,0.2180910736586834,0.2229381370172318,0.35559651159551986,0.20337427772856503
2014-12-29,0.2180910736586834,0.2229381370172318,0.35559651159551986,0.20337427772856503
2014-12-30,0.2180910736586834,0.2229381370172318,0.35559651159551986,0.20337427772856503
2014-12-31,0.2180910736586834,0.2229381370172318,0.35559651159551986,0.20337427772856503
2015-01-02,0.2180910736586834,0.2229381370172318,0.35559651159551986,0.20337427772856503
2015-01-05,0.2180910736586834,0.2229381370172318,0.35559651159551986,0.20337427772856503
2015-01-06,0.2180910736586834,0.2229381370172318,0.35559651159551986,0.20337427772856503
2015-01-07,0.2180910736586834,0.2229381370172318,0.35559651159551986,0.20337427772856503
2015-01-08,0.2180910736586834,0.2229381370172318,0.35559651159551986,0.20337427772856503
2015-01-09,0.2180910736586834,0.2229381370172318,0.35559651159551986,0.20337427772856503
2015-01-12,0.20108981810725945,0.21537095115286864,0.3958839463490969,0.187655284390775
2015-01-13,0.20108981810725945,0.21537095115286864,0.3958839463490969,0.187655284390775
2015-01-14,0.20108981810725945,0.21537095115286864,0.3958839463490969,0.187655284390775
2015-01-15,0.20108981810725945,0.21537095115286864,0.3958839463490969,0.187655284390775
2015-01-16,0.20108981810725945,0.21537095115286864,0.3958839463490969,0.187655284390775
2015-01-20,0.20108981810725945,0.21537095115286864,0.3958839463490969,0.187655284390775
2015-01-21,0.20108981810725945,0.21537095115286864,0.3958839463490969,0.187655284390775
2015-01-22,0.20108981810725945,0.21537095115286864,0.3958839463490969,0.187655284390775
2015-01-23,0.20108981810725945,0.21537095115286864,0.3958839463490969,0.187655284390775
2015-01-26,0.20108981810725945,0.21537095115286864,0.3958839463490969,0.187655284390775
2015-01-27,0.19433664205762494,0.22146692378441876,0.4128971797533468,0.17129925440460958
2015-01-28,0.19433664205762494,0.22146692378441876,0.4128971797533468,0.17129925440460958
2015-01-29,0.19433664205762494,0.22146692378441876,0.4128971797533468,0.17129925440460958
2015-01-30,0.19433664205762494,0.22146692378441876,0.4128971797533468,0.17129925440460958
2015-02-02,0.19433664205762494,0.22146692378441876,0.4128971797533468,0.17129925440460958
2015-02-03,0.19433664205762494,0.22146692378441876,0.4128971797533468,0.17129925440460958
2015-02-04,0.19433664205762494,0.22146692378441876,0.4128971797533468,0.17129925440460958
2015-02-05,0.19433664205762494,0.22146692378441876,0.4128971797533468,0.17129925440460958
2015-02-06,0.19433664205762494,0.22146692378441876,0.4128971797533468,0.17129925440460958
2015-02-09,0.19433664205762494,0.22146692378441876,0.4128971797533468,0.17129925440460958
2015-02-10,0.49189060754007846,-0.03980210380365977,0.5276740243267475,0.02023747193683381
2015-02-11,0.49189060754007846,-0.03980210380365977,0.5276740243267475,0.02023747193683381
2015-02-12,0.49189060754007846,-0.03980210380365977,0.5276740243267475,0.02023747193683381
2015-02-13,0.49189060754007846,-0.03980210380365977,0.5276740243267475,0.02023747193683381
2015-02-17,0.49189060754007846,-0.03980210380365977,0.5276740243267475,0.02023747193683381
2015-02-18,0.49189060754007846,-0.03980210380365977,0.5276740243267475,0.02023747193683381
2015-02-19,0.49189060754007846,-0.03980210380365977,0.5276740243267475,0.02023747193683381
2015-02-20,0.49189060754007846,-0.03980210380365977,0.5276740243267475,0.02023747193683381
2015-02-23,0.49189060754007846,-0.03980210380365977,0.5276740243267475,0.02023747193683381
2015-02-24,0.49189060754007846,-0.03980210380365977,0.5276740243267475,0.02023747193683381
2015-02-25,0.48706210845164577,-0.03976219052798303,0.509425932788288,0.043274149288049284
2015-02-26,0.48706210845164577,-0.03976219052798303,0.509425932788288,0.043274149288049284
2015-02-27,0.48706210845164577,-0.03976219052798303,0.509425932788288,0.043274149288049284
2015-03-02,0.48706210845164577,-0.03976219052798303,0.509425932788288,0.043274149288049284
2015-03-03,0.48706210845164577,-0.03976219052798303,0.509425932788288,0.043274149288049284
2015-03-04,0.48706210845164577,-0.03976219052798303,0.509425932788288,0.043274149288049284
2015-03-05,0.48706210845164577,-0.03976219052798303,0.509425932788288,0.043274149288049284
2015-03-06,0.48706210845164577,-0.03976219052798303,0.509425932788288,0.043274149288049284
2015-03-09,0.48706210845164577,-0.03976219052798303,0.509425932788288,0.043274149288049284
2015-03-10,0.48706210845164577,-0.03976219052798303,0.509425932788288,0.043274149288049284
2015-03-11,0.23571619895935997,0.24164694206205548,0.29999165465099553,0.2226452043275889
2015-03-12,0.23571619895935997,0.24164694206205548,0.29999165465099553,0.2226452043275889
2015-03-13,0.23571619895935997,0.24164694206205548,0.29999165465099553,0.2226452043275889
2015-03-16,0.23571619895935997,0.24164694206205548,0.29999165465099553,0.2226452043275889
2015-03-17,0.23571619895935997,0.24164694206205548,0.29999165465099553,0.2226452043275889
2015-03-18,0.23571619895935997,0.24164694206205548,0.29999165465099553,0.2226452043275889
2015-03-19,0.23571619895935997,0.24164694206205548,0.29999165465099553,0.2226452043275889
2015-03-20,0.23571619895935997,0.24164694206205548,0.29999165465099553,0.2226452043275889
2015-03-23,0.23571619895935997,0.24164694206205548,0.29999165465099553,0.2226452043275889
2015-03-24,0.23571619895935997,0.24164694206205548,0.29999165465099553,0.2226452043275889
2015-03-25,0.245943398546999,0.2460666697759291,0.2656785466206951,0.24231138505637692
2015-03-26,0.245943398546999,0.2460666697759291,0.2656785466206951,0.24231138505637692
2015-03-27,0.245943398546999,0.2460666697759291,0.2656785466206951,0.24231138505637692
2015-03-30,0.245943398546999,0.2460666697759291,0.2656785466206951,0.24231138505637692
2015-03-31,0.245943398546999,0.2460666697759291,0.2656785466206951,0.24231138505637692
2015-04-01,0.245943398546999,0.2460666697759291,0.2656785466206951,0.24231138505637692
2015-04-02,0.245943398546999,0.2460666697759291,0.2656785466206951,0.24231138505637692
2015-04-06,0.245943398546999,0.2460666697759291,0.2656785466206951,0.24231138505637692
2015-04-07,0.245943398546999,0.2460666697759291,0.2656785466206951,0.24231138505637692
2015-04-08,0.245943398546999,0.2460666697759291,0.2656785466206951,0.24231138505637692
2015-04-09,0.24651075681449258,0.24649164353261369,0.2642283658526682,0.2427692338002255
2015-04-10,0.24651075681449258,0.24649164353261369,0.2642283658526682,0.2427692338002255
2015-04-13,0.24651075681449258,0.24649164353261369,0.2642283658526682,0.2427692338002255
2015-04-14,0.24651075681449258,0.24649164353261369,0.2642283658526682,0.2427692338002255
2015-04-15,0.24651075681449258,0.24649164353261369,0.2642283658526682,0.2427692338002255
2015-04-16,0.24651075681449258,0.24649164353261369,0.2642283658526682,0.2427692338002255
2015-04-17,0.24651075681449258,0.24649164353261369,0.2642283658526682,0.2427692338002255
2015-04-20,0.24651075681449258,0.24649164353261369,0.2642283658526682,0.2427692338002255
2015-04-21,0.24651075681449258,0.24649164353261369,0.2642283658526682,0.2427692338002255
2015-04-22,0.24651075681449258,0.24649164353261369,0.2642283658526682,0.2427692338002255
2015-04-23,0.2467007894388945,0.24576779521648087,0.2649098759484211,0.24262153939620357
2015-04-24,0.2467007894388945,0.24576779521648087,0.2649098759484211,0.24262153939620357
2015-04-27,0.2467007894388945,0.24576779521648087,0.2649098759484211,0.24262153939620357
2015-04-28,0.2467007894388945,0.24576779521648087,0.2649098759484211,0.24262153939620357
2015-04-29,0.2467007894388945,0.24576779521648087,0.2649098759484211,0.24262153939620357
2015-04-30,0.2467007894388945,0.24576779521648087,0.2649098759484211,0.24262153939620357
2015-05-01,0.2467007894388945,0.24576779521648087,0.2649098759484211,0.24262153939620357
2015-05-04,0.2467007894388945,0.24576779521648087,0.2649098759484211,0.24262153939620357
2015-05-05,0.2467007894388945,0.24576779521648087,0.2649098759484211,0.24262153939620357
2015-05-06,0.2467007894388945,0.24576779521648087,0.2649098759484211,0.24262153939620357
2015-05-07,0.24999999364528167,0.2500000152452232,0.24999998992487435,0.2500000011846207
2015-05-08,0.24999999364528167,0.2500000152452232,0.24999998992487435,0.2500000011846207
2015-05-11,0.24999999364528167,0.2500000152452232,0.24999998992487435,0.2500000011846207
2015-05-12,0.24999999364528167,0.2500000152452232,0.24999998992487435,0.2500000011846207
2015-05-13,0.24999999364528167,0.2500000152452232,0.24999998992487435,0.2500000011846207
2015-05-14,0.24999999364528167,0.2500000152452232,0.24999998992487435,0.2500000011846207
2015-05-15,0.24999999364528167,0.2500000152452232,0.24999998992487435,0.2500000011846207
2015-05-18,0.24999999364528167,0.2500000152452232,0.24999998992487435,0.2500000011846207
2015-05-19,0.24999999364528167,0.2500000152452232,0.24999998992487435,0.2500000011846207
2015-05-20,0.24999999364528167,0.2500000152452232,0.24999998992487435,0.2500000011846207
2015-05-21,0.2500000354880986,0.2500000067261118,0.24999994483469873,0.2500000129510907
2015-05-22,0.2500000354880986,0.2500000067261118,0.24999994483469873,0.2500000129510907
2015-05-26,0.2500000354880986,0.2500000067261118,0.24999994483469873,0.2500000129510907
2015-05-27,0.2500000354880986,0.2500000067261118,0.24999994483469873,0.2500000129510907
2015-05-28,0.2500000354880986,0.2500000067261118,0.24999994483469873,0.2500000129510907
2015-05-29,0.2500000354880986,0.2500000067261118,0.24999994483469873,0.2500000129510907
2015-06-01,0.2500000354880986,0.2500000067261118,0.24999994483469873,0.2500000129510907
2015-06-02,0.2500000354880986,0.2500000067261118,0.24999994483469873,0.2500000129510907
2015-06-03,0.2500000354880986,0.2500000067261118,0.24999994483469873,0.2500000129510907
2015-06-04,0.2500000354880986,0.2500000067261118,0.24999994483469873,0.2500000129510907
2015-06-05,0.25000017883052167,0.24999977491609376,0.25000011016408336,0.24999993608930118
2015-06-08,0.25000017883052167,0.24999977491609376,0.25000011016408336,0.24999993608930118
2015-06-09,0.25000017883052167,0.24999977491609376,0.25000011016408336,0.24999993608930118
2015-06-10,0.25000017883052167,0.24999977491609376,0.25000011016408336,0.24999993608930118
2015-06-11,0.25000017883052167,0.24999977491609376,0.25000011016408336,0.24999993608930118
2015-06-12,0.25000017883052167,0.24999977491609376,0.25000011016408336,0.24999993608930118
2015-06-15,0.25000017883052167,0.24999977491609376,0.25000011016408336,0.24999993608930118
2015-06-16,0.25000017883052167,0.24999977491609376,0.25000011016408336,0.24999993608930118
2015-06-17,0.25000017883052167,0.24999977491609376,0.25000011016408336,0.24999993608930118
2015-06-18,0.25000017883052167,0.24999977491609376,0.25000011016408336,0.24999993608930118
2015-06-19,0.25000000822880086,0.2499999860335999,0.24999999880641816,0.2500000069311811
2015-06-22,0.25000000822880086,0.2499999860335999,0.24999999880641816,0.2500000069311811
2015-06-23,0.25000000822880086,0.2499999860335999,0.24999999880641816,0.2500000069311811
2015-06-24,0.25000000822880086,0.2499999860335999,0.24999999880641816,0.2500000069311811
2015-06-25,0.25000000822880086,0.2499999860335999,0.24999999880641816,0.2500000069311811
2015-06-26,0.25000000822880086,0.2499999860335999,0.24999999880641816,0.2500000069311811
2015-06-29,0.25000000822880086,0.2499999860335999,0.24999999880641816,0.2500000069311811
2015-06-30,0.25000000822880086,0.2499999860335999,0.24999999880641816,0.2500000069311811
2015-07-01,0.25000000822880086,0.2499999860335999,0.24999999880641816,0.2500000069311811
2015-07-02,0.25000000822880086,0.2499999860335999,0.24999999880641816,0.2500000069311811
2015-07-06,0.24999998470315588,0.24999999807154866,0.24999999220991811,0.2500000250153772
2015-07-07,0.24999998470315588,0.24999999807154866,0.24999999220991811,0.2500000250153772
2015-07-08,0.24999998470315588,0.24999999807154866,0.24999999220991811,0.2500000250153772
2015-07-09,0.24999998470315588,0.24999999807154866,0.24999999220991811,0.2500000250153772
2015-07-10,0.24999998470315588,0.24999999807154866,0.24999999220991811,0.2500000250153772
2015-07-13,0.24999998470315588,0.24999999807154866,0.24999999220991811,0.2500000250153772
2015-07-14,0.24999998470315588,0.24999999807154866,0.24999999220991811,0.2500000250153772
2015-07-15,0.24999998470315588,0.24999999807154866,0.24999999220991811,0.2500000250153772
2015-07-16,0.24999998470315588,0.24999999807154866,0.24999999220991811,0.2500000250153772
2015-07-17,0.24999998470315588,0.24999999807154866,0.24999999220991811,0.2500000250153772
2015-07-20,0.2500000393462986,0.24999999231385261,0.24999999224262465,0.2499999760972243
2015-07-21,0.2500000393462986,0.24999999231385261,0.24999999224262465,0.2499999760972243
2015-07-22,0.2500000393462986,0.24999999231385261,0.24999999224262465,0.2499999760972243
2015-07-23,0.2500000393462986,0.24999999231385261,0.24999999224262465,0.2499999760972243
2015-07-24,0.2500000393462986,0.24999999231385261,0.24999999224262465,0.2499999760972243
2015-07-27,0.2500000393462986,0.24999999231385261,0.24999999224262465,0.2499999760972243
2015-07-28,0.2500000393462986,0.24999999231385261,0.24999999224262465,0.2499999760972243
2015-07-29,0.2500000393462986,0.24999999231385261,0.24999999224262465,0.2499999760972243
2015-07-30,0.2500000393462986,0.24999999231385261,0.24999999224262465,0.2499999760972243
2015-07-31,0.2500000393462986,0.24999999231385261,0.24999999224262465,0.2499999760972243
2015-08-03,0.2500000424012962,0.24999995891741023,0.2500000365714978,0.24999996210979575
2015-08-04,0.2500000424012962,0.24999995891741023,0.2500000365714978,0.24999996210979575
2015-08-05,0.2500000424012962,0.24999995891741023,0.2500000365714978,0.24999996210979575
2015-08-06,0.2500000424012962,0.24999995891741023,0.2500000365714978,0.24999996210979575
2015-08-07,0.2500000424012962,0.24999995891741023,0.2500000365714978,0.24999996210979575
2015-08-10,0.2500000424012962,0.24999995891741023,0.2500000365714978,0.24999996210979575
2015-08-11,0.2500000424012962,0.24999995891741023,0.2500000365714978,0.24999996210979575
2015-08-12,0.2500000424012962,0.24999995891741023,0.2500000365714978,0.24999996210979575
2015-08-13,0.2500000424012962,0.24999995891741023,0.2500000365714978,0.24999996210979575
2015-08-14,0.2500000424012962,0.24999995891741023,0.2500000365714978,0.24999996210979575
2015-08-17,0.4580282586882403,-0.05078547114601322,0.47675382910959496,0.116003383348178
2015-08-18,0.4580282586882403,-0.05078547114601322,0.47675382910959496,0.116003383348178
2015-08-19,0.4580282586882403,-0.05078547114601322,0.47675382910959496,0.116003383348178
2015-08-20,0.4580282586882403,-0.05078547114601322,0.47675382910959496,0.116003383348178
2015-08-21,0.4580282586882403,-0.05078547114601322,0.47675382910959496,0.116003383348178
2015-08-24,0.4580282586882403,-0.05078547114601322,0.47675382910959496,0.116003383348178
2015-08-25,0.4580282586882403,-0.05078547114601322,0.47675382910959496,0.116003383348178
2015-08-26,0.4580282586882403,-0.05078547114601322,0.47675382910959496,0.116003383348178
2015-08-27,0.4580282586882403,-0.05078547114601322,0.47675382910959496,0.116003383348178
2015-08-28,0.4580282586882403,-0.05078547114601322,0.47675382910959496,0.116003383348178
2015-08-31,0.5435368630320762,-0.024619234239903733,0.4974873440200749,-0.016404972812247242
2015-09-01,0.5435368630320762,-0.024619234239903733,0.4974873440200749,-0.016404972812247242
2015-09-02,0.5435368630320762,-0.024619234239903733,0.4974873440200749,-0.016404972812247242
2015-09-03,0.5435368630320762,-0.024619234239903733,0.4974873440200749,-0.016404972812247242
2015-09-04,0.5435368630320762,-0.024619234239903733,0.4974873440200749,-0.016404972812247242
2015-09-08,0.5435368630320762,-0.024619234239903733,0.4974873440200749,-0.016404972812247242
2015-09-09,0.5435368630320762,-0.024619234239903733,0.4974873440200749,-0.016404972812247242
2015-09-10,0.5435368630320762,-0.024619234239903733,0.4974873440200749,-0.016404972812247242
2015-09-11,0.5435368630320762,-0.024619234239903733,0.4974873440200749,-0.016404972812247242
2015-09-14,0.5435368630320762,-0.024619234239903733,0.4974873440200749,-0.016404972812247242
2015-09-15,0.5720529322884027,-0.024196196900437537,0.4698682267506694,-0.01772496213863452
2015-09-16,0.5720529322884027,-0.024196196900437537,0.4698682267506694,-0.01772496213863452
2015-09-17,0.5720529322884027,-0.024196196900437537,0.4698682267506694,-0.01772496213863452
2015-09-18,0.5720529322884027,-0.024196196900437537,0.4698682267506694,-0.01772496213863452
2015-09-21,0.5720529322884027,-0.024196196900437537,0.4698682267506694,-0.01772496213863452
2015-09-22,0.5720529322884027,-0.024196196900437537,0.4698682267506694,-0.01772496213863452
2015-09-23,0.5720529322884027,-0.024196196900437537,0.4698682267506694,-0.01772496213863452
2015-09-24,0.5720529322884027,-0.024196196900437537,0.4698682267506694,-0.01772496213863452
2015-09-25,0.5720529322884027,-0.024196196900437537,0.4698682267506694,-0.01772496213863452
2015-09-28,0.5720529322884027,-0.024196196900437537,0.4698682267506694,-0.01772496213863452
2015-09-29,0.5728509567815709,-0.02389058363626972,0.4676227849783357,-0.01658315812363679
2015-09-30,0.5728509567815709,-0.02389058363626972,0.4676227849783357,-0.01658315812363679
2015-10-01,0.5728509567815709,-0.02389058363626972,0.4676227849783357,-0.01658315812363679
2015-10-02,0.5728509567815709,-0.02389058363626972,0.4676227849783357,-0.01658315812363679
2015-10-05,0.5728509567815709,-0.02389058363626972,0.4676227849783357,-0.01658315812363679
2015-10-06,0.5728509567815709,-0.02389058363626972,0.4676227849783357,-0.01658315812363679
2015-10-07,0.5728509567815709,-0.02389058363626972,0.4676227849783357,-0.01658315812363679
2015-10-08,0.5728509567815709,-0.02389058363626972,0.4676227849783357,-0.01658315812363679
2015-10-09,0.5728509567815709,-0.02389058363626972,0.4676227849783357,-0.01658315812363679
2015-10-12,0.5728509567815709,-0.02389058363626972,0.4676227849783357,-0.01658315812363679
2015-10-13,0.5570287803883546,-0.01761773682828838,0.47842260268470976,-0.01783364624477588
2015-10-14,0.5570287803883546,-0.01761773682828838,0.47842260268470976,-0.01783364624477588
2015-10-15,0.5570287803883546,-0.01761773682828838,0.47842260268470976,-0.01783364624477588
2015-10-16,0.5570287803883546,-0.01761773682828838,0.47842260268470976,-0.01783364624477588
2015-10-19,0.5570287803883546,-0.01761773682828838,0.47842260268470976,-0.01783364624477588
2015-10-20,0.5570287803883546,-0.01761773682828838,0.47842260268470976,-0.01783364624477588
2015-10-21,0.5570287803883546,-0.01761773682828838,0.47842260268470976,-0.01783364624477588
2015-10-22,0.5570287803883546,-0.01761773682828838,0.47842260268470976,-0.01783364624477588
2015-10-23,0.5570287803883546,-0.01761773682828838,0.47842260268470976,-0.01783364624477588
2015-10-26,0.5570287803883546,-0.01761773682828838,0.47842260268470976,-0.01783364624477588
2015-10-27,0.5494324311208459,-0.017507871290177744,0.4906955186787042,-0.02262007850937254
2015-10-28,0.5494324311208459,-0.017507871290177744,0.4906955186787042,-0.02262007850937254
2015-10-29,0.5494324311208459,-0.017507871290177744,0.4906955186787042,-0.02262007850937254
2015-10-30,0.5494324311208459,-0.017507871290177744,0.4906955186787042,-0.02262007850937254
2015-11-02,0.5494324311208459,-0.017507871290177744,0.4906955186787042,-0.02262007850937254
2015-11-03,0.5494324311208459,-0.017507871290177744,0.4906955186787042,-0.02262007850937254
2015-11-04,0.5494324311208459,-0.017507871290177744,0.4906955186787042,-0.02262007850937254
2015-11-05,0.5494324311208459,-0.017507871290177744,0.4906955186787042,-0.02262007850937254
2015-11-06,0.5494324311208459,-0.017507871290177744,0.4906955186787042,-0.02262007850937254
2015-11-09,0.5494324311208459,-0.017507871290177744,0.4906955186787042,-0.02262007850937254
2015-11-10,0.24951501890020664,0.28523939570102075,0.2687761841322203,0.1964694012665523
2015-11-11,0.24951501890020664,0.28523939570102075,0.2687761841322203,0.1964694012665523
2015-11-12,0.24951501890020664,0.28523939570102075,0.2687761841322203,0.1964694012665523
2015-11-13,0.24951501890020664,0.28523939570102075,0.2687761841322203,0.1964694012665523
2015-11-16,0.24951501890020664,0.28523939570102075,0.2687761841322203,0.1964694012665523
2015-11-17,0.24951501890020664,0.28523939570102075,0.2687761841322203,0.1964694012665523
2015-11-18,0.24951501890020664,0.28523939570102075,0.2687761841322203,0.1964694012665523
2015-11-19,0.24951501890020664,0.28523939570102075,0.2687761841322203,0.1964694012665523
2015-11-20,0.24951501890020664,0.28523939570102075,0.2687761841322203,0.1964694012665523
2015-11-23,0.24951501890020664,0.28523939570102075,0.2687761841322203,0.1964694012665523
2015-11-24,0.24999982168374785,0.2500000803582056,0.24999993341888224,0.2500001645391643
2015-11-25,0.24999982168374785,0.2500000803582056,0.24999993341888224,0.2500001645391643
2015-11-27,0.24999982168374785,0.2500000803582056,0.24999993341888224,0.2500001645391643
2015-11-30,0.24999982168374785,0.2500000803582056,0.24999993341888224,0.2500001645391643
2015-12-01,0.24999982168374785,0.2500000803582056,0.24999993341888224,0.2500001645391643
2015-12-02,0.24999982168374785,0.2500000803582056,0.24999993341888224,0.2500001645391643
2015-12-03,0.24999982168374785,0.2500000803582056,0.24999993341888224,0.2500001645391643
2015-12-04,0.24999982168374785,0.2500000803582056,0.24999993341888224,0.2500001645391643
2015-12-07,0.24999982168374785,0.2500000803582056,0.24999993341888224,0.2500001645391643
2015-12-08,0.24999982168374785,0.2500000803582056,0.24999993341888224,0.2500001645391643
2015-12-09,0.25051136829950443,0.2526424159365295,0.2513755496738094,0.2454706660901566
2015-12-10,0.25051136829950443,0.2526424159365295,0.2513755496738094,0.2454706660901566
2015-12-11,0.25051136829950443,0.2526424159365295,0.2513755496738094,0.2454706660901566
2015-12-14,0.25051136829950443,0.2526424159365295,0.2513755496738094,0.2454706660901566
2015-12-15,0.25051136829950443,0.2526424159365295,0.2513755496738094,0.2454706660901566
2015-12-16,0.25051136829950443,0.2526424159365295,0.2513755496738094,0.2454706660901566
2015-12-17,0.25051136829950443,0.2526424159365295,0.2513755496738094,0.2454706660901566
2015-12-18,0.25051136829950443,0.2526424159365295,0.2513755496738094,0.2454706660901566
2015-12-21,0.25051136829950443,0.2526424159365295,0.2513755496738094,0.2454706660901566
2015-12-22,0.25051136829950443,0.2526424159365295,0.2513755496738094,0.2454706660901566
2015-12-23,0.24507116006426052,0.2453874148427617,0.26785011671833936,0.24169130837463845
2015-12-24,0.24507116006426052,0.2453874148427617,0.26785011671833936,0.24169130837463845
2015-12-28,0.24507116006426052,0.2453874148427617,0.26785011671833936,0.24169130837463845
2015-12-29,0.24507116006426052,0.2453874148427617,0.26785011671833936,0.24169130837463845
2015-12-30,0.24507116006426052,0.2453874148427617,0.26785011671833936,0.24169130837463845
2015-12-31,0.24507116006426052,0.2453874148427617,0.26785011671833936,0.24169130837463845
2016-01-04,0.24507116006426052,0.2453874148427617,0.26785011671833936,0.24169130837463845
2016-01-05,0.24507116006426052,0.2453874148427617,0.26785011671833936,0.24169130837463845
2016-01-06,0.24507116006426052,0.2453874148427617,0.26785011671833936,0.24169130837463845
2016-01-07,0.24507116006426052,0.2453874148427617,0.26785011671833936,0.24169130837463845
2016-01-08,0.2449416896515491,0.2462147418544688,0.2672152349117866,0.2416283335821955
2016-01-11,0.2449416896515491,0.2462147418544688,0.2672152349117866,0.2416283335821955
2016-01-12,0.2449416896515491,0.2462147418544688,0.2672152349117866,0.2416283335821955
2016-01-13,0.2449416896515491,0.2462147418544688,0.2672152349117866,0.2416283335821955
2016-01-14,0.2449416896515491,0.2462147418544688,0.2672152349117866,0.2416283335821955
2016-01-15,0.2449416896515491,0.2462147418544688,0.2672152349117866,0.2416283335821955
2016-01-19,0.2449416896515491,0.2462147418544688,0.2672152349117866,0.2416283335821955
2016-01-20,0.2449416896515491,0.2462147418544688,0.2672152349117866,0.2416283335821955
2016-01-21,0.2449416896515491,0.2462147418544688,0.2672152349117866,0.2416283335821955
2016-01-22,0.2449416896515491,0.2462147418544688,0.2672152349117866,0.2416283335821955
2016-01-25,0.22497141339621163,0.23242303996652278,0.33382357823699055,0.20878196840027505
2016-01-26,0.22497141339621163,0.23242303996652278,0.33382357823699055,0.20878196840027505
2016-01-27,0.22497141339621163,0.23242303996652278,0.33382357823699055,0.20878196840027505
2016-01-28,0.22497141339621163,0.23242303996652278,0.33382357823699055,0.20878196840027505
2016-01-29,0.22497141339621163,0.23242303996652278,0.33382357823699055,0.20878196840027505
2016-02-01,0.22497141339621163,0.23242303996652278,0.33382357823699055,0.20878196840027505
2016-02-02,0.22497141339621163,0.23242303996652278,0.33382357823699055,0.20878196840027505
2016-02-03,0.22497141339621163,0.23242303996652278,0.33382357823699055,0.20878196840027505
2016-02-04,0.22497141339621163,0.23242303996652278,0.33382357823699055,0.20878196840027505
2016-02-05,0.22497141339621163,0.23242303996652278,0.33382357823699055,0.20878196840027505
2016-02-08,0.2569710381522804,0.12912412551824842,0.38267539445250337,0.2312294418769677
2016-02-09,0.2569710381522804,0.12912412551824842,0.38267539445250337,0.2312294418769677
2016-02-10,0.2569710381522804,0.12912412551824842,0.38267539445250337,0.2312294418769677
2016-02-11,0.2569710381522804,0.12912412551824842,0.38267539445250337,0.2312294418769677
2016-02-12,0.2569710381522804,0.12912412551824842,0.38267539445250337,0.2312294418769677
2016-02-16,0.2569710381522804,0.12912412551824842,0.38267539445250337,0.2312294418769677
2016-02-17,0.2569710381522804,0.12912412551824842,0.38267539445250337,0.2312294418769677
2016-02-18,0.2569710381522804,0.12912412551824842,0.38267539445250337,0.2312294418769677
2016-02-19,0.2569710381522804,0.12912412551824842,0.38267539445250337,0.2312294418769677
2016-02-22,0.2569710381522804,0.12912412551824842,0.38267539445250337,0.2312294418769677
2016-02-23,0.2089754167399182,0.17043043659680124,0.3766443214548547,0.2439498252084259
2016-02-24,0.2089754167399182,0.17043043659680124,0.3766443214548547,0.2439498252084259
2016-02-25,0.2089754167399182,0.17043043659680124,0.3766443214548547,0.2439498252084259
2016-02-26,0.2089754167399182,0.17043043659680124,0.3766443214548547,0.2439498252084259
2016-02-29,0.2089754167399182,0.17043043659680124,0.3766443214548547,0.2439498252084259
2016-03-01,0.2089754167399182,0.17043043659680124,0.3766443214548547,0.2439498252084259
2016-03-02,0.2089754167399182,0.17043043659680124,0.3766443214548547,0.2439498252084259
2016-03-03,0.2089754167399182,0.17043043659680124,0.3766443214548547,0.2439498252084259
2016-03-04,0.2089754167399182,0.17043043659680124,0.3766443214548547,0.2439498252084259
2016-03-07,0.2089754167399182,0.17043043659680124,0.3766443214548547,0.2439498252084259
2016-03-08,0.4751727826328236,-0.025300224123397202,0.5299619900157243,0.02016545147484925
2016-03-09,0.4751727826328236,-0.025300224123397202,0.5299619900157243,0.02016545147484925
2016-03-10,0.4751727826328236,-0.025300224123397202,0.5299619900157243,0.02016545147484925
2016-03-11,0.4751727826328236,-0.025300224123397202,0.5299619900157243,0.02016545147484925
2016-03-14,0.4751727826328236,-0.025300224123397202,0.5299619900157243,0.02016545147484925
2016-03-15,0.4751727826328236,-0.025300224123397202,0.5299619900157243,0.02016545147484925
2016-03-16,0.4751727826328236,-0.025300224123397202,0.5299619900157243,0.02016545147484925
2016-03-17,0.4751727826328236,-0.025300224123397202,0.5299619900157243,0.02016545147484925
2016-03-18,0.4751727826328236,-0.025300224123397202,0.5299619900157243,0.02016545147484925
2016-03-21,0.4751727826328236,-0.025300224123397202,0.5299619900157243,0.02016545147484925
2016-03-22,0.47389950431026706,-0.021648113991746678,0.5129204900293935,0.03482811965208601
2016-03-23,0.47389950431026706,-0.021648113991746678,0.5129204900293935,0.03482811965208601
2016-03-24,0.47389950431026706,-0.021648113991746678,0.5129204900293935,0.03482811965208601
2016-03-28,0.47389950431026706,-0.021648113991746678,0.5129204900293935,0.03482811965208601
2016-03-29,0.47389950431026706,-0.021648113991746678,0.5129204900293935,0.03482811965208601
2016-03-30,0.47389950431026706,-0.021648113991746678,0.5129204900293935,0.03482811965208601
2016-03-31,0.47389950431026706,-0.021648113991746678,0.5129204900293935,0.03482811965208601
2016-04-01,0.47389950431026706,-0.021648113991746678,0.5129204900293935,0.03482811965208601
2016-04-04,0.47389950431026706,-0.021648113991746678,0.5129204900293935,0.03482811965208601
2016-04-05,0.47389950431026706,-0.021648113991746678,0.5129204900293935,0.03482811965208601
2016-04-06,0.23250486332514644,0.16392602063215267,0.31203403300124605,0.29153508304145487
2016-04-07,0.23250486332514644,0.16392602063215267,0.31203403300124605,0.29153508304145487
2016-04-08,0.23250486332514644,0.16392602063215267,0.31203403300124605,0.29153508304145487
2016-04-11,0.23250486332514644,0.16392602063215267,0.31203403300124605,0.29153508304145487
2016-04-12,0.23250486332514644,0.16392602063215267,0.31203403300124605,0.29153508304145487
2016-04-13,0.23250486332514644,0.16392602063215267,0.31203403300124605,0.29153508304145487
2016-04-14,0.23250486332514644,0.16392602063215267,0.31203403300124605,0.29153508304145487
2016-04-15,0.23250486332514644,0.16392602063215267,0.31203403300124605,0.29153508304145487
2016-04-18,0.23250486332514644,0.16392602063215267,0.31203403300124605,0.29153508304145487
2016-04-19,0.23250486332514644,0.16392602063215267,0.31203403300124605,0.29153508304145487
2016-04-20,0.23229747544120533,0.145978014965595,0.3214752116903318,0.300249297902868
2016-04-21,0.23229747544120533,0.145978014965595,0.3214752116903318,0.300249297902868
2016-04-22,0.23229747544120533,0.145978014965595,0.3214752116903318,0.300249297902868
2016-04-25,0.23229747544120533,0.145978014965595,0.3214752116903318,0.300249297902868
2016-04-26,0.23229747544120533,0.145978014965595,0.3214752116903318,0.300249297902868
2016-04-27,0.23229747544120533,0.145978014965595,0.3214752116903318,0.300249297902868
2016-04-28,0.23229747544120533,0.145978014965595,0.3214752116903318,0.300249297902868
2016-04-29,0.23229747544120533,0.145978014965595,0.3214752116903318,0.300249297902868
2016-05-02,0.23229747544120533,0.145978014965595,0.3214752116903318,0.300249297902868
2016-05-03,0.23229747544120533,0.145978014965595,0.3214752116903318,0.300249297902868
2016-05-04,0.23278389279171302,0.1660270334147223,0.3117479477186677,0.289441126074897
2016-05-05,0.23278389279171302,0.1660270334147223,0.3117479477186677,0.289441126074897
2016-05-06,0.23278389279171302,0.1660270334147223,0.3117479477186677,0.289441126074897
2016-05-09,0.23278389279171302,0.1660270334147223,0.3117479477186677,0.289441126074897
2016-05-10,0.23278389279171302,0.1660270334147223,0.3117479477186677,0.289441126074897
2016-05-11,0.23278389279171302,0.1660270334147223,0.3117479477186677,0.289441126074897
2016-05-12,0.23278389279171302,0.1660270334147223,0.3117479477186677,0.289441126074897
2016-05-13,0.23278389279171302,0.1660270334147223,0.3117479477186677,0.289441126074897
2016-05-16,0.23278389279171302,0.1660270334147223,0.3117479477186677,0.289441126074897
2016-05-17,0.23278389279171302,0.1660270334147223,0.3117479477186677,0.289441126074897
2016-05-18,0.2417599494855318,0.13614110740000354,0.3162027581503072,0.30589618496415744
2016-05-19,0.2417599494855318,0.13614110740000354,0.3162027581503072,0.30589618496415744
2016-05-20,0.2417599494855318,0.13614110740000354,0.3162027581503072,0.30589618496415744
2016-05-23,0.2417599494855318,0.13614110740000354,0.3162027581503072,0.30589618496415744
2016-05-24,0.2417599494855318,0.13614110740000354,0.3162027581503072,0.30589618496415744
2016-05-25,0.2417599494855318,0.13614110740000354,0.3162027581503072,0.30589618496415744
2016-05-26,0.2417599494855318,0.13614110740000354,0.3162027581503072,0.30589618496415744
2016-05-27,0.2417599494855318,0.13614110740000354,0.3162027581503072,0.30589618496415744
2016-05-31,0.2417599494855318,0.13614110740000354,0.3162027581503072,0.30589618496415744
2016-06-01,0.2417599494855318,0.13614110740000354,0.3162027581503072,0.30589618496415744
2016-06-02,0.23586880589127543,0.16839578209430145,0.3267522956578297,0.26898311635659333
2016-06-03,0.23586880589127543,0.16839578209430145,0.3267522956578297,0.26898311635659333
2016-06-06,0.23586880589127543,0.16839578209430145,0.3267522956578297,0.26898311635659333
2016-06-07,0.23586880589127543,0.16839578209430145,0.3267522956578297,0.26898311635659333
2016-06-08,0.23586880589127543,0.16839578209430145,0.3267522956578297,0.26898311635659333
2016-06-09,0.23586880589127543,0.16839578209430145,0.3267522956578297,0.26898311635659333
2016-06-10,0.23586880589127543,0.16839578209430145,0.3267522956578297,0.26898311635659333
2016-06-13,0.23586880589127543,0.16839578209430145,0.3267522956578297,0.26898311635659333
2016-06-14,0.23586880589127543,0.16839578209430145,0.3267522956578297,0.26898311635659333
2016-06-15,0.23586880589127543,0.16839578209430145,0.3267522956578297,0.26898311635659333
2016-06-16,0.2385147433333714,0.19348747509515193,0.30725400102142836,0.2607437805500484
2016-06-17,0.2385147433333714,0.19348747509515193,0.30725400102142836,0.2607437805500484
2016-06-20,0.2385147433333714,0.19348747509515193,0.30725400102142836,0.2607437805500484
2016-06-21,0.2385147433333714,0.19348747509515193,0.30725400102142836,0.2607437805500484
2016-06-22,0.2385147433333714,0.19348747509515193,0.30725400102142836,0.2607437805500484
2016-06-23,0.2385147433333714,0.19348747509515193,0.30725400102142836,0.2607437805500484
2016-06-24,0.2385147433333714,0.19348747509515193,0.30725400102142836,0.2607437805500484
2016-06-27,0.2385147433333714,0.19348747509515193,0.30725400102142836,0.2607437805500484
2016-06-28,0.2385147433333714,0.19348747509515193,0.30725400102142836,0.2607437805500484
2016-06-29,0.2385147433333714,0.19348747509515193,0.30725400102142836,0.2607437805500484
2016-06-30,0.25659522251706696,0.045020811114785425,0.32504410181597293,0.3733398645521747
2016-07-01,0.25659522251706696,0.045020811114785425,0.32504410181597293,0.3733398645521747
2016-07-05,0.25659522251706696,0.045020811114785425,0.32504410181597293,0.3733398645521747
2016-07-06,0.25659522251706696,0.045020811114785425,0.32504410181597293,0.3733398645521747
2016-07-07,0.25659522251706696,0.045020811114785425,0.32504410181597293,0.3733398645521747
2016-07-08,0.25659522251706696,0.045020811114785425,0.32504410181597293,0.3733398645521747
2016-07-11,0.25659522251706696,0.045020811114785425,0.32504410181597293,0.3733398645521747
2016-07-12,0.25659522251706696,0.045020811114785425,0.32504410181597293,0.3733398645521747
2016-07-13,0.25659522251706696,0.045020811114785425,0.32504410181597293,0.3733398645521747
2016-07-14,0.25659522251706696,0.045020811114785425,0.32504410181597293,0.3733398645521747
2016-07-15,0.25693540715882635,0.08944572000716486,0.30429922551713523,0.3493196473168736
2016-07-18,0.25693540715882635,0.08944572000716486,0.30429922551713523,0.3493196473168736
2016-07-19,0.25693540715882635,0.08944572000716486,0.30429922551713523,0.3493196473168736
2016-07-20,0.25693540715882635,0.08944572000716486,0.30429922551713523,0.3493196473168736
2016-07-21,0.25693540715882635,0.08944572000716486,0.30429922551713523,0.3493196473168736
2016-07-22,0.25693540715882635,0.08944572000716486,0.30429922551713523,0.3493196473168736
2016-07-25,0.25693540715882635,0.08944572000716486,0.30429922551713523,0.3493196473168736
2016-07-26,0.25693540715882635,0.08944572000716486,0.30429922551713523,0.3493196473168736
2016-07-27,0.25693540715882635,0.08944572000716486,0.30429922551713523,0.3493196473168736
2016-07-28,0.25693540715882635,0.08944572000716486,0.30429922551713523,0.3493196473168736
2016-07-29,0.24930515327787126,0.09510321377617648,0.307752297443389,0.34783933550256324
2016-08-01,0.24930515327787126,0.09510321377617648,0.307752297443389,0.34783933550256324
2016-08-02,0.24930515327787126,0.09510321377617648,0.307752297443389,0.34783933550256324
2016-08-03,0.24930515327787126,0.09510321377617648,0.307752297443389,0.34783933550256324
2016-08-04,0.24930515327787126,0.09510321377617648,0.307752297443389,0.34783933550256324
2016-08-05,0.24930515327787126,0.09510321377617648,0.307752297443389,0.34783933550256324
2016-08-08,0.24930515327787126,0.09510321377617648,0.307752297443389,0.34783933550256324
2016-08-09,0.24930515327787126,0.09510321377617648,0.307752297443389,0.34783933550256324
2016-08-10,0.24930515327787126,0.09510321377617648,0.307752297443389,0.34783933550256324
2016-08-11,0.24930515327787126,0.09510321377617648,0.307752297443389,0.34783933550256324
2016-08-12,0.2529655761103844,0.13574902086159557,0.2928769002712779,0.31840850275674204
2016-08-15,0.2529655761103844,0.13574902086159557,0.2928769002712779,0.31840850275674204
2016-08-16,0.2529655761103844,0.13574902086159557,0.2928769002712779,0.31840850275674204
2016-08-17,0.2529655761103844,0.13574902086159557,0.2928769002712779,0.31840850275674204
2016-08-18,0.2529655761103844,0.13574902086159557,0.2928769002712779,0.31840850275674204
2016-08-19,0.2529655761103844,0.13574902086159557,0.2928769002712779,0.31840850275674204
2016-08-22,0.2529655761103844,0.13574902086159557,0.2928769002712779,0.31840850275674204
2016-08-23,0.2529655761103844,0.13574902086159557,0.2928769002712779,0.31840850275674204
2016-08-24,0.2529655761103844,0.13574902086159557,0.2928769002712779,0.31840850275674204
2016-08-25,0.2529655761103844,0.13574902086159557,0.2928769002712779,0.31840850275674204
2016-08-26,0.2573182809565738,0.11494855609396912,0.29900876590559766,0.32872439704385936
2016-08-29,0.2573182809565738,0.11494855609396912,0.29900876590559766,0.32872439704385936
2016-08-30,0.2573182809565738,0.11494855609396912,0.29900876590559766,0.32872439704385936
2016-08-31,0.2573182809565738,0.11494855609396912,0.29900876590559766,0.32872439704385936
2016-09-01,0.2573182809565738,0.11494855609396912,0.29900876590559766,0.32872439704385936
2016-09-02,0.2573182809565738,0.11494855609396912,0.29900876590559766,0.32872439704385936
2016-09-06,0.2573182809565738,0.11494855609396912,0.29900876590559766,0.32872439704385936
2016-09-07,0.2573182809565738,0.11494855609396912,0.29900876590559766,0.32872439704385936
2016-09-08,0.2573182809565738,0.11494855609396912,0.29900876590559766,0.32872439704385936
2016-09-09,0.2573182809565738,0.11494855609396912,0.29900876590559766,0.32872439704385936
2016-09-12,0.2620984903009768,0.14470284582521442,0.28174712686865233,0.31145153700515643
2016-09-13,0.2620984903009768,0.14470284582521442,0.28174712686865233,0.31145153700515643
2016-09-14,0.2620984903009768,0.14470284582521442,0.28174712686865233,0.31145153700515643
2016-09-15,0.2620984903009768,0.14470284582521442,0.28174712686865233,0.31145153700515643
2016-09-16,0.2620984903009768,0.14470284582521442,0.28174712686865233,0.31145153700515643
2016-09-19,0.2620984903009768,0.14470284582521442,0.28174712686865233,0.31145153700515643
2016-09-20,0.2620984903009768,0.14470284582521442,0.28174712686865233,0.31145153700515643
2016-09-21,0.2620984903009768,0.14470284582521442,0.28174712686865233,0.31145153700515643
2016-09-22,0.2620984903009768,0.14470284582521442,0.28174712686865233,0.31145153700515643
2016-09-23,0.2620984903009768,0.14470284582521442,0.28174712686865233,0.31145153700515643
2016-09-26,0.2500001029091669,0.25000014566831685,0.24999991252235257,0.24999983890016356
2016-09-27,0.2500001029091669,0.25000014566831685,0.24999991252235257,0.24999983890016356
2016-09-28,0.2500001029091669,0.25000014566831685,0.24999991252235257,0.24999983890016356
2016-09-29,0.2500001029091669,0.25000014566831685,0.24999991252235257,0.24999983890016356
2016-09-30,0.2500001029091669,0.25000014566831685,0.24999991252235257,0.24999983890016356
2016-10-03,0.2500001029091669,0.25000014566831685,0.24999991252235257,0.24999983890016356
2016-10-04,0.2500001029091669,0.25000014566831685,0.24999991252235257,0.24999983890016356
2016-10-05,0.2500001029091669,0.25000014566831685,0.24999991252235257,0.24999983890016356
2016-10-06,0.2500001029091669,0.25000014566831685,0.24999991252235257,0.24999983890016356
2016-10-07,0.2500001029091669,0.25000014566831685,0.24999991252235257,0.24999983890016356
2016-10-10,0.2499998799608927,0.2500000430544354,0.2500001295111177,0.24999994747355408
2016-10-11,0.2499998799608927,0.2500000430544354,0.2500001295111177,0.24999994747355408
2016-10-12,0.2499998799608927,0.2500000430544354,0.2500001295111177,0.24999994747355408
2016-10-13,0.2499998799608927,0.2500000430544354,0.2500001295111177,0.24999994747355408
2016-10-14,0.2499998799608927,0.2500000430544354,0.2500001295111177,0.24999994747355408
2016-10-17,0.2499998799608927,0.2500000430544354,0.2500001295111177,0.24999994747355408
2016-10-18,0.2499998799608927,0.2500000430544354,0.2500001295111177,0.24999994747355408
2016-10-19,0.2499998799608927,0.2500000430544354,0.2500001295111177,0.24999994747355408
2016-10-20,0.2499998799608927,0.2500000430544354,0.2500001295111177,0.24999994747355408
2016-10-21,0.2499998799608927,0.2500000430544354,0.2500001295111177,0.24999994747355408
2016-10-24,0.2505625756587613,0.247658542587538,0.2504040982224539,0.2513747835312468
2016-10-25,0.2505625756587613,0.247658542587538,0.2504040982224539,0.2513747835312468
2016-10-26,0.2505625756587613,0.247658542587538,0.2504040982224539,0.2513747835312468
2016-10-27,0.2505625756587613,0.247658542587538,0.2504040982224539,0.2513747835312468
2016-10-28,0.2505625756587613,0.247658542587538,0.2504040982224539,0.2513747835312468
2016-10-31,0.2505625756587613,0.247658542587538,0.2504040982224539,0.2513747835312468
2016-11-01,0.2505625756587613,0.247658542587538,0.2504040982224539,0.2513747835312468
2016-11-02,0.2505625756587613,0.247658542587538,0.2504040982224539,0.2513747835312468
2016-11-03,0.2505625756587613,0.247658542587538,0.2504040982224539,0.2513747835312468
2016-11-04,0.2505625756587613,0.247658542587538,0.2504040982224539,0.2513747835312468
2016-11-07,0.2518301172774267,0.2420577572460414,0.2511472800459688,0.2549648454305631
2016-11-08,0.2518301172774267,0.2420577572460414,0.2511472800459688,0.2549648454305631
2016-11-09,0.2518301172774267,0.2420577572460414,0.2511472800459688,0.2549648454305631
2016-11-10,0.2518301172774267,0.2420577572460414,0.2511472800459688,0.2549648454305631
2016-11-11,0.2518301172774267,0.2420577572460414,0.2511472800459688,0.2549648454305631
2016-11-14,0.2518301172774267,0.2420577572460414,0.2511472800459688,0.2549648454305631
2016-11-15,0.2518301172774267,0.2420577572460414,0.2511472800459688,0.2549648454305631
2016-11-16,0.2518301172774267,0.2420577572460414,0.2511472800459688,0.2549648454305631
2016-11-17,0.2518301172774267,0.2420577572460414,0.2511472800459688,0.2549648454305631
2016-11-18,0.2518301172774267,0.2420577572460414,0.2511472800459688,0.2549648454305631
2016-11-21,0.2500000708760618,0.2499999176038922,0.2499999639068351,0.250000047613211
2016-11-22,0.2500000708760618,0.2499999176038922,0.2499999639068351,0.250000047613211
2016-11-23,0.2500000708760618,0.2499999176038922,0.2499999639068351,0.250000047613211
2016-11-25,0.2500000708760618,0.2499999176038922,0.2499999639068351,0.250000047613211
2016-11-28,0.2500000708760618,0.2499999176038922,0.2499999639068351,0.250000047613211
2016-11-29,0.2500000708760618,0.2499999176038922,0.2499999639068351,0.250000047613211
2016-11-30,0.2500000708760618,0.2499999176038922,0.2499999639068351,0.250000047613211
2016-12-01,0.2500000708760618,0.2499999176038922,0.2499999639068351,0.250000047613211
2016-12-02,0.2500000708760618,0.2499999176038922,0.2499999639068351,0.250000047613211
2016-12-05,0.2500000708760618,0.2499999176038922,0.2499999639068351,0.250000047613211
2016-12-06,0.25000004389273994,0.24999997411632713,0.25000002947805033,0.24999995251288268
2016-12-07,0.25000004389273994,0.24999997411632713,0.25000002947805033,0.24999995251288268
2016-12-08,0.25000004389273994,0.24999997411632713,0.25000002947805033,0.24999995251288268
2016-12-09,0.25000004389273994,0.24999997411632713,0.25000002947805033,0.24999995251288268
2016-12-12,0.25000004389273994,0.24999997411632713,0.25000002947805033,0.24999995251288268
2016-12-13,0.25000004389273994,0.24999997411632713,0.25000002947805033,0.24999995251288268
2016-12-14,0.25000004389273994,0.24999997411632713,0.25000002947805033,0.24999995251288268
2016-12-15,0.25000004389273994,0.24999997411632713,0.25000002947805033,0.24999995251288268
2016-12-16,0.25000004389273994,0.24999997411632713,0.25000002947805033,0.24999995251288268
2016-12-19,0.25000004389273994,0.24999997411632713,0.25000002947805033,0.24999995251288268
2016-12-20,0.2500001094319842,0.250000077860273,0.24999985203112504,0.24999996067661776
2016-12-21,0.2500001094319842,0.250000077860273,0.24999985203112504,0.24999996067661776
2016-12-22,0.2500001094319842,0.250000077860273,0.24999985203112504,0.24999996067661776
2016-12-23,0.2500001094319842,0.250000077860273,0.24999985203112504,0.24999996067661776
2016-12-27,0.2500001094319842,0.250000077860273,0.24999985203112504,0.24999996067661776
2016-12-28,0.2500001094319842,0.250000077860273,0.24999985203112504,0.24999996067661776
2016-12-29,0.2500001094319842,0.250000077860273,0.24999985203112504,0.24999996067661776
2016-12-30,0.2500001094319842,0.250000077860273,0.24999985203112504,0.24999996067661776
2017-01-03,0.2500001094319842,0.250000077860273,0.24999985203112504,0.24999996067661776
2017-01-04,0.2500001094319842,0.250000077860273,0.24999985203112504,0.24999996067661776
2017-01-05,0.25000001853259135,0.2500000607995712,0.24999993375028906,0.24999998691754835
2017-01-06,0.25000001853259135,0.2500000607995712,0.24999993375028906,0.24999998691754835
2017-01-09,0.25000001853259135,0.2500000607995712,0.24999993375028906,0.24999998691754835
2017-01-10,0.25000001853259135,0.2500000607995712,0.24999993375028906,0.24999998691754835
2017-01-11,0.25000001853259135,0.2500000607995712,0.24999993375028906,0.24999998691754835
2017-01-12,0.25000001853259135,0.2500000607995712,0.24999993375028906,0.24999998691754835
2017-01-13,0.25000001853259135,0.2500000607995712,0.24999993375028906,0.24999998691754835
2017-01-17,0.25000001853259135,0.2500000607995712,0.24999993375028906,0.24999998691754835
2017-01-18,0.25000001853259135,0.2500000607995712,0.24999993375028906,0.24999998691754835
2017-01-19,0.25000001853259135,0.2500000607995712,0.24999993375028906,0.24999998691754835
2017-01-20,0.24999998574135796,0.2500000295511614,0.24999997563273849,0.2500000090747422
2017-01-23,0.24999998574135796,0.2500000295511614,0.24999997563273849,0.2500000090747422
2017-01-24,0.24999998574135796,0.2500000295511614,0.24999997563273849,0.2500000090747422
2017-01-25,0.24999998574135796,0.2500000295511614,0.24999997563273849,0.2500000090747422
2017-01-26,0.24999998574135796,0.2500000295511614,0.24999997563273849,0.2500000090747422
2017-01-27,0.24999998574135796,0.2500000295511614,0.24999997563273849,0.2500000090747422
2017-01-30,0.24999998574135796,0.2500000295511614,0.24999997563273849,0.2500000090747422
2017-01-31,0.24999998574135796,0.2500000295511614,0.24999997563273849,0.2500000090747422
2017-02-01,0.24999998574135796,0.2500000295511614,0.24999997563273849,0.2500000090747422
2017-02-02,0.24999998574135796,0.2500000295511614,0.24999997563273849,0.2500000090747422
2017-02-03,0.2500000792364756,0.2500000196986521,0.250000061042816,0.2499998400220563
2017-02-06,0.2500000792364756,0.2500000196986521,0.250000061042816,0.2499998400220563
2017-02-07,0.2500000792364756,0.2500000196986521,0.250000061042816,0.2499998400220563
2017-02-08,0.2500000792364756,0.2500000196986521,0.250000061042816,0.2499998400220563
2017-02-09,0.2500000792364756,0.2500000196986521,0.250000061042816,0.2499998400220563
2017-02-10,0.2500000792364756,0.2500000196986521,0.250000061042816,0.2499998400220563
2017-02-13,0.2500000792364756,0.2500000196986521,0.250000061042816,0.2499998400220563
2017-02-14,0.2500000792364756,0.2500000196986521,0.250000061042816,0.2499998400220563
2017-02-15,0.2500000792364756,0.2500000196986521,0.250000061042816,0.2499998400220563
2017-02-16,0.2500000792364756,0.2500000196986521,0.250000061042816,0.2499998400220563
2017-02-17,0.2499999969018628,0.25000000742875395,0.24999998882303248,0.2500000068463507
2017-02-21,0.2499999969018628,0.25000000742875395,0.24999998882303248,0.2500000068463507
2017-02-22,0.2499999969018628,0.25000000742875395,0.24999998882303248,0.2500000068463507
2017-02-23,0.2499999969018628,0.25000000742875395,0.24999998882303248,0.2500000068463507
2017-02-24,0.2499999969018628,0.25000000742875395,0.24999998882303248,0.2500000068463507
2017-02-27,0.2499999969018628,0.25000000742875395,0.24999998882303248,0.2500000068463507
2017-02-28,0.2499999969018628,0.25000000742875395,0.24999998882303248,0.2500000068463507
2017-03-01,0.2499999969018628,0.25000000742875395,0.24999998882303248,0.2500000068463507
2017-03-02,0.2499999969018628,0.25000000742875395,0.24999998882303248,0.2500000068463507
2017-03-03,0.2499999969018628,0.25000000742875395,0.24999998882303248,0.2500000068463507
2017-03-06,0.25000005023562194,0.2500000028814121,0.24999996580883363,0.24999998107413227
2017-03-07,0.25000005023562194,0.2500000028814121,0.24999996580883363,0.24999998107413227
2017-03-08,0.25000005023562194,0.2500000028814121,0.24999996580883363,0.24999998107413227
2017-03-09,0.25000005023562194,0.2500000028814121,0.24999996580883363,0.24999998107413227
2017-03-10,0.25000005023562194,0.2500000028814121,0.24999996580883363,0.24999998107413227
2017-03-13,0.25000005023562194,0.2500000028814121,0.24999996580883363,0.24999998107413227
2017-03-14,0.25000005023562194,0.2500000028814121,0.24999996580883363,0.24999998107413227
2017-03-15,0.25000005023562194,0.2500000028814121,0.24999996580883363,0.24999998107413227
2017-03-16,0.25000005023562194,0.2500000028814121,0.24999996580883363,0.24999998107413227
2017-03-17,0.25000005023562194,0.2500000028814121,0.24999996580883363,0.24999998107413227
2017-03-20,0.24999999921239005,0.2500000040046042,0.24999999205482776,0.25000000472817796
2017-03-21,0.24999999921239005,0.2500000040046042,0.24999999205482776,0.25000000472817796
2017-03-22,0.24999999921239005,0.2500000040046042,0.24999999205482776,0.25000000472817796
2017-03-23,0.24999999921239005,0.2500000040046042,0.24999999205482776,0.25000000472817796
2017-03-24,0.24999999921239005,0.2500000040046042,0.24999999205482776,0.25000000472817796
2017-03-27,0.24999999921239005,0.2500000040046042,0.24999999205482776,0.25000000472817796
2017-03-28,0.24999999921239005,0.2500000040046042,0.24999999205482776,0.25000000472817796
2017-03-29,0.24999999921239005,0.2500000040046042,0.24999999205482776,0.25000000472817796
2017-03-30,0.24999999921239005,0.2500000040046042,0.24999999205482776,0.25000000472817796
2017-03-31,0.24999999921239005,0.2500000040046042,0.24999999205482776,0.25000000472817796
2017-04-03,0.2500000863488681,0.2499999814559454,0.2499999626830913,0.24999996951209516
2017-04-04,0.2500000863488681,0.2499999814559454,0.2499999626830913,0.24999996951209516
2017-04-05,0.2500000863488681,0.2499999814559454,0.2499999626830913,0.24999996951209516
2017-04-06,0.2500000863488681,0.2499999814559454,0.2499999626830913,0.24999996951209516
2017-04-07,0.2500000863488681,0.2499999814559454,0.2499999626830913,0.24999996951209516
2017-04-10,0.2500000863488681,0.2499999814559454,0.2499999626830913,0.24999996951209516
2017-04-11,0.2500000863488681,0.2499999814559454,0.2499999626830913,0.24999996951209516
2017-04-12,0.2500000863488681,0.2499999814559454,0.2499999626830913,0.24999996951209516
2017-04-13,0.2500000863488681,0.2499999814559454,0.2499999626830913,0.24999996951209516
2017-04-17,0.2500000863488681,0.2499999814559454,0.2499999626830913,0.24999996951209516
2017-04-18,0.24999999647451893,0.25000003904815316,0.24999998257963624,0.24999998189769174
2017-04-19,0.24999999647451893,0.25000003904815316,0.24999998257963624,0.24999998189769174
2017-04-20,0.24999999647451893,0.25000003904815316,0.24999998257963624,0.24999998189769174
2017-04-21,0.24999999647451893,0.25000003904815316,0.24999998257963624,0.24999998189769174
2017-04-24,0.24999999647451893,0.25000003904815316,0.24999998257963624,0.24999998189769174
2017-04-25,0.24999999647451893,0.25000003904815316,0.24999998257963624,0.24999998189769174
2017-04-26,0.24999999647451893,0.25000003904815316,0.24999998257963624,0.24999998189769174
2017-04-27,0.24999999647451893,0.25000003904815316,0.24999998257963624,0.24999998189769174
2017-04-28,0.24999999647451893,0.25000003904815316,0.24999998257963624,0.24999998189769174
2017-05-01,0.24999999647451893,0.25000003904815316,0.24999998257963624,0.24999998189769174
2017-05-02,0.24999995021764465,0.25000008598905743,0.2499999471809745,0.25000001661232335
2017-05-03,0.24999995021764465,0.25000008598905743,0.2499999471809745,0.25000001661232335
2017-05-04,0.24999995021764465,0.25000008598905743,0.2499999471809745,0.25000001661232335
2017-05-05,0.24999995021764465,0.25000008598905743,0.2499999471809745,0.25000001661232335
2017-05-08,0.24999995021764465,0.25000008598905743,0.2499999471809745,0.25000001661232335
2017-05-09,0.24999995021764465,0.25000008598905743,0.2499999471809745,0.25000001661232335
2017-05-10,0.24999995021764465,0.25000008598905743,0.2499999471809745,0.25000001661232335
2017-05-11,0.24999995021764465,0.25000008598905743,0.2499999471809745,0.25000001661232335
2017-05-12,0.24999995021764465,0.25000008598905743,0.2499999471809745,0.25000001661232335
2017-05-15,0.24999995021764465,0.25000008598905743,0.2499999471809745,0.25000001661232335
2017-05-16,0.2499999561885012,0.25000004406726317,0.24999998353557623,0.25000001620865947
2017-05-17,0.2499999561885012,0.25000004406726317,0.24999998353557623,0.25000001620865947
2017-05-18,0.2499999561885012,0.25000004406726317,0.24999998353557623,0.25000001620865947
2017-05-19,0.2499999561885012,0.25000004406726317,0.24999998353557623,0.25000001620865947
2017-05-22,0.2499999561885012,0.25000004406726317,0.24999998353557623,0.25000001620865947
2017-05-23,0.2499999561885012,0.25000004406726317,0.24999998353557623,0.25000001620865947
2017-05-24,0.2499999561885012,0.25000004406726317,0.24999998353557623,0.25000001620865947
2017-05-25,0.2499999561885012,0.25000004406726317,0.24999998353557623,0.25000001620865947
2017-05-26,0.2499999561885012,0.25000004406726317,0.24999998353557623,0.25000001620865947
2017-05-30,0.2499999561885012,0.25000004406726317,0.24999998353557623,0.25000001620865947
2017-05-31,0.25000013493173984,0.2499999268241068,0.24999986898061746,0.25000006926353574
2017-06-01,0.25000013493173984,0.2499999268241068,0.24999986898061746,0.25000006926353574
2017-06-02,0.25000013493173984,0.2499999268241068,0.24999986898061746,0.25000006926353574
2017-06-05,0.25000013493173984,0.2499999268241068,0.24999986898061746,0.25000006926353574
2017-06-06,0.25000013493173984,0.2499999268241068,0.24999986898061746,0.25000006926353574
2017-06-07,0.25000013493173984,0.2499999268241068,0.24999986898061746,0.25000006926353574
2017-06-08,0.25000013493173984,0.2499999268241068,0.24999986898061746,0.25000006926353574
2017-06-09,0.25000013493173984,0.2499999268241068,0.24999986898061746,0.25000006926353574
2017-06-12,0.25000013493173984,0.2499999268241068,0.24999986898061746,0.25000006926353574
2017-06-13,0.25000013493173984,0.2499999268241068,0.24999986898061746,0.25000006926353574
2017-06-14,0.24999987364453022,0.25000009953581,0.2500001443055039,0.24999988251415586
2017-06-15,0.24999987364453022,0.25000009953581,0.2500001443055039,0.24999988251415586
2017-06-16,0.24999987364453022,0.25000009953581,0.2500001443055039,0.24999988251415586
2017-06-19,0.24999987364453022,0.25000009953581,0.2500001443055039,0.24999988251415586
2017-06-20,0.24999987364453022,0.25000009953581,0.2500001443055039,0.24999988251415586
2017-06-21,0.24999987364453022,0.25000009953581,0.2500001443055039,0.24999988251415586
2017-06-22,0.24999987364453022,0.25000009953581,0.2500001443055039,0.24999988251415586
2017-06-23,0.24999987364453022,0.25000009953581,0.2500001443055039,0.24999988251415586
2017-06-26,0.24999987364453022,0.25000009953581,0.2500001443055039,0.24999988251415586
2017-06-27,0.24999987364453022,0.25000009953581,0.2500001443055039,0.24999988251415586
2017-06-28,0.24999988601463208,0.2499999591575918,0.25000011658062454,0.2500000382471516
2017-06-29,0.24999988601463208,0.2499999591575918,0.25000011658062454,0.2500000382471516
2017-06-30,0.24999988601463208,0.2499999591575918,0.25000011658062454,0.2500000382471516
2017-07-03,0.24999988601463208,0.2499999591575918,0.25000011658062454,0.2500000382471516
2017-07-05,0.24999988601463208,0.2499999591575918,0.25000011658062454,0.2500000382471516
2017-07-06,0.24999988601463208,0.2499999591575918,0.25000011658062454,0.2500000382471516
2017-07-07,0.24999988601463208,0.2499999591575918,0.25000011658062454,0.2500000382471516
2017-07-10,0.24999988601463208,0.2499999591575918,0.25000011658062454,0.2500000382471516
2017-07-11,0.24999988601463208,0.2499999591575918,0.25000011658062454,0.2500000382471516
2017-07-12,0.24999988601463208,0.2499999591575918,0.25000011658062454,0.2500000382471516
2017-07-13,0.25000000740723016,0.2500000073439671,0.24999996943096628,0.2500000158178364
2017-07-14,0.25000000740723016,0.2500000073439671,0.24999996943096628,0.2500000158178364
2017-07-17,0.25000000740723016,0.2500000073439671,0.24999996943096628,0.2500000158178364
2017-07-18,0.25000000740723016,0.2500000073439671,0.24999996943096628,0.2500000158178364
2017-07-19,0.25000000740723016,0.2500000073439671,0.24999996943096628,0.2500000158178364
2017-07-20,0.25000000740723016,0.2500000073439671,0.24999996943096628,0.2500000158178364
2017-07-21,0.25000000740723016,0.2500000073439671,0.24999996943096628,0.2500000158178364
2017-07-24,0.25000000740723016,0.2500000073439671,0.24999996943096628,0.2500000158178364
2017-07-25,0.25000000740723016,0.2500000073439671,0.24999996943096628,0.2500000158178364
2017-07-26,0.25000000740723016,0.2500000073439671,0.24999996943096628,0.2500000158178364
2017-07-27,0.24531694036293447,0.24381287299216342,0.2684511258285723,0.24241906081632972
2017-07-28,0.24531694036293447,0.24381287299216342,0.2684511258285723,0.24241906081632972
2017-07-31,0.24531694036293447,0.24381287299216342,0.2684511258285723,0.24241906081632972
2017-08-01,0.24531694036293447,0.24381287299216342,0.2684511258285723,0.24241906081632972
2017-08-02,0.24531694036293447,0.24381287299216342,0.2684511258285723,0.24241906081632972
2017-08-03,0.24531694036293447,0.24381287299216342,0.2684511258285723,0.24241906081632972
2017-08-04,0.24531694036293447,0.24381287299216342,0.2684511258285723,0.24241906081632972
2017-08-07,0.24531694036293447,0.24381287299216342,0.2684511258285723,0.24241906081632972
2017-08-08,0.24531694036293447,0.24381287299216342,0.2684511258285723,0.24241906081632972
2017-08-09,0.24531694036293447,0.24381287299216342,0.2684511258285723,0.24241906081632972
2017-08-10,0.24999997490969614,0.250000059945861,0.2499999854612581,0.24999997968318483
2017-08-11,0.24999997490969614,0.250000059945861,0.2499999854612581,0.24999997968318483
2017-08-14,0.24999997490969614,0.250000059945861,0.2499999854612581,0.24999997968318483
2017-08-15,0.24999997490969614,0.250000059945861,0.2499999854612581,0.24999997968318483
2017-08-16,0.24999997490969614,0.250000059945861,0.2499999854612581,0.24999997968318483
2017-08-17,0.24999997490969614,0.250000059945861,0.2499999854612581,0.24999997968318483
2017-08-18,0.24999997490969614,0.250000059945861,0.2499999854612581,0.24999997968318483
2017-08-21,0.24999997490969614,0.250000059945861,0.2499999854612581,0.24999997968318483
2017-08-22,0.24999997490969614,0.250000059945861,0.2499999854612581,0.24999997968318483
2017-08-23,0.24999997490969614,0.250000059945861,0.2499999854612581,0.24999997968318483
2017-08-24,0.24999998821494512,0.25000001905748515,0.24999998470047294,0.2500000080270967
2017-08-25,0.24999998821494512,0.25000001905748515,0.24999998470047294,0.2500000080270967
2017-08-28,0.24999998821494512,0.25000001905748515,0.24999998470047294,0.2500000080270967
2017-08-29,0.24999998821494512,0.25000001905748515,0.24999998470047294,0.2500000080270967
2017-08-30,0.24999998821494512,0.25000001905748515,0.24999998470047294,0.2500000080270967
2017-08-31,0.24999998821494512,0.25000001905748515,0.24999998470047294,0.2500000080270967
2017-09-01,0.24999998821494512,0.25000001905748515,0.24999998470047294,0.2500000080270967
2017-09-05,0.24999998821494512,0.25000001905748515,0.24999998470047294,0.2500000080270967
2017-09-06,0.24999998821494512,0.25000001905748515,0.24999998470047294,0.2500000080270967
2017-09-07,0.24999998821494512,0.25000001905748515,0.24999998470047294,0.2500000080270967
2017-09-08,0.2499999944561595,0.25000001094750923,0.24999998338137497,0.25000001121495635
2017-09-11,0.2499999944561595,0.25000001094750923,0.24999998338137497,0.25000001121495635
2017-09-12,0.2499999944561595,0.25000001094750923,0.24999998338137497,0.25000001121495635
2017-09-13,0.2499999944561595,0.25000001094750923,0.24999998338137497,0.25000001121495635
2017-09-14,0.2499999944561595,0.25000001094750923,0.24999998338137497,0.25000001121495635
2017-09-15,0.2499999944561595,0.25000001094750923,0.24999998338137497,0.25000001121495635
2017-09-18,0.2499999944561595,0.25000001094750923,0.24999998338137497,0.25000001121495635
2017-09-19,0.2499999944561595,0.25000001094750923,0.24999998338137497,0.25000001121495635
2017-09-20,0.2499999944561595,0.25000001094750923,0.24999998338137497,0.25000001121495635
2017-09-21,0.2499999944561595,0.25000001094750923,0.24999998338137497,0.25000001121495635
2017-09-22,0.2500000080726831,0.25000005024585714,0.24999997107587946,0.24999997060558046
2017-09-25,0.2500000080726831,0.25000005024585714,0.24999997107587946,0.24999997060558046
2017-09-26,0.2500000080726831,0.25000005024585714,0.24999997107587946,0.24999997060558046
2017-09-27,0.2500000080726831,0.25000005024585714,0.24999997107587946,0.24999997060558046
2017-09-28,0.2500000080726831,0.25000005024585714,0.24999997107587946,0.24999997060558046
2017-09-29,0.2500000080726831,0.25000005024585714,0.24999997107587946,0.24999997060558046
2017-10-02,0.2500000080726831,0.25000005024585714,0.24999997107587946,0.24999997060558046
2017-10-03,0.2500000080726831,0.25000005024585714,0.24999997107587946,0.24999997060558046
2017-10-04,0.2500000080726831,0.25000005024585714,0.24999997107587946,0.24999997060558046
2017-10-05,0.2500000080726831,0.25000005024585714,0.24999997107587946,0.24999997060558046
2017-10-06,0.250000241270335,0.2500000869431781,0.24999972763445272,0.24999994415203416
2017-10-09,0.250000241270335,0.2500000869431781,0.24999972763445272,0.24999994415203416
2017-10-10,0.250000241270335,0.2500000869431781,0.24999972763445272,0.24999994415203416
2017-10-11,0.250000241270335,0.2500000869431781,0.24999972763445272,0.24999994415203416
2017-10-12,0.250000241270335,0.2500000869431781,0.24999972763445272,0.24999994415203416
2017-10-13,0.250000241270335,0.2500000869431781,0.24999972763445272,0.24999994415203416
2017-10-16,0.250000241270335,0.2500000869431781,0.24999972763445272,0.24999994415203416
2017-10-17,0.250000241270335,0.2500000869431781,0.24999972763445272,0.24999994415203416
2017-10-18,0.250000241270335,0.2500000869431781,0.24999972763445272,0.24999994415203416
2017-10-19,0.250000241270335,0.2500000869431781,0.24999972763445272,0.24999994415203416
2017-10-20,0.25000000114168974,0.25000002825600787,0.24999997858620257,0.24999999201609988
2017-10-23,0.25000000114168974,0.25000002825600787,0.24999997858620257,0.24999999201609988
2017-10-24,0.25000000114168974,0.25000002825600787,0.24999997858620257,0.24999999201609988
2017-10-25,0.25000000114168974,0.25000002825600787,0.24999997858620257,0.24999999201609988
2017-10-26,0.25000000114168974,0.25000002825600787,0.24999997858620257,0.24999999201609988
2017-10-27,0.25000000114168974,0.25000002825600787,0.24999997858620257,0.24999999201609988
2017-10-30,0.25000000114168974,0.25000002825600787,0.24999997858620257,0.24999999201609988
2017-10-31,0.25000000114168974,0.25000002825600787,0.24999997858620257,0.24999999201609988
2017-11-01,0.25000000114168974,0.25000002825600787,0.24999997858620257,0.24999999201609988
2017-11-02,0.25000000114168974,0.25000002825600787,0.24999997858620257,0.24999999201609988
2017-11-03,0.2500005248388122,0.25000003402775706,0.2499998164890104,0.24999962464442047
2017-11-06,0.2500005248388122,0.25000003402775706,0.2499998164890104,0.24999962464442047
2017-11-07,0.2500005248388122,0.25000003402775706,0.2499998164890104,0.24999962464442047
2017-11-08,0.2500005248388122,0.25000003402775706,0.2499998164890104,0.24999962464442047
2017-11-09,0.2500005248388122,0.25000003402775706,0.2499998164890104,0.24999962464442047
2017-11-10,0.2500005248388122,0.25000003402775706,0.2499998164890104,0.24999962464442047
2017-11-13,0.2500005248388122,0.25000003402775706,0.2499998164890104,0.24999962464442047
2017-11-14,0.2500005248388122,0.25000003402775706,0.2499998164890104,0.24999962464442047
2017-11-15,0.2500005248388122,0.25000003402775706,0.2499998164890104,0.24999962464442047
2017-11-16,0.2500005248388122,0.25000003402775706,0.2499998164890104,0.24999962464442047
2017-11-17,0.250000027440029,0.24999990171112957,0.25000005133959147,0.25000001950924994
2017-11-20,0.250000027440029,0.24999990171112957,0.25000005133959147,0.25000001950924994
2017-11-21,0.250000027440029,0.24999990171112957,0.25000005133959147,0.25000001950924994
2017-11-22,0.250000027440029,0.24999990171112957,0.25000005133959147,0.25000001950924994
2017-11-24,0.250000027440029,0.24999990171112957,0.25000005133959147,0.25000001950924994
2017-11-27,0.250000027440029,0.24999990171112957,0.25000005133959147,0.25000001950924994
2017-11-28,0.250000027440029,0.24999990171112957,0.25000005133959147,0.25000001950924994
2017-11-29,0.250000027440029,0.24999990171112957,0.25000005133959147,0.25000001950924994
2017-11-30,0.250000027440029,0.24999990171112957,0.25000005133959147,0.25000001950924994
2017-12-01,0.250000027440029,0.24999990171112957,0.25000005133959147,0.25000001950924994
2017-12-04,0.24999964767719068,0.25000002998355236,0.2500004779408606,0.24999984439839631
2017-12-05,0.24999964767719068,0.25000002998355236,0.2500004779408606,0.24999984439839631
2017-12-06,0.24999964767719068,0.25000002998355236,0.2500004779408606,0.24999984439839631
2017-12-07,0.24999964767719068,0.25000002998355236,0.2500004779408606,0.24999984439839631
2017-12-08,0.24999964767719068,0.25000002998355236,0.2500004779408606,0.24999984439839631
2017-12-11,0.24999964767719068,0.25000002998355236,0.2500004779408606,0.24999984439839631
2017-12-12,0.24999964767719068,0.25000002998355236,0.2500004779408606,0.24999984439839631
2017-12-13,0.24999964767719068,0.25000002998355236,0.2500004779408606,0.24999984439839631
2017-12-14,0.24999964767719068,0.25000002998355236,0.2500004779408606,0.24999984439839631
2017-12-15,0.24999964767719068,0.25000002998355236,0.2500004779408606,0.24999984439839631
2017-12-18,0.24208913607507604,0.23944723715582042,0.2807858856225471,0.2376777411465564
2017-12-19,0.24208913607507604,0.23944723715582042,0.2807858856225471,0.2376777411465564
2017-12-20,0.24208913607507604,0.23944723715582042,0.2807858856225471,0.2376777411465564
2017-12-21,0.24208913607507604,0.23944723715582042,0.2807858856225471,0.2376777411465564
2017-12-22,0.24208913607507604,0.23944723715582042,0.2807858856225471,0.2376777411465564
2017-12-26,0.24208913607507604,0.23944723715582042,0.2807858856225471,0.2376777411465564
2017-12-27,0.24208913607507604,0.23944723715582042,0.2807858856225471,0.2376777411465564
2017-12-28,0.24208913607507604,0.23944723715582042,0.2807858856225471,0.2376777411465564
2017-12-29,0.24208913607507604,0.23944723715582042,0.2807858856225471,0.2376777411465564
2018-01-02,0.24208913607507604,0.23944723715582042,0.2807858856225471,0.2376777411465564
2018-01-03,0.23858573035666333,0.23698109100552842,0.2936349622910232,0.2307982163467851
2018-01-04,0.23858573035666333,0.23698109100552842,0.2936349622910232,0.2307982163467851
2018-01-05,0.23858573035666333,0.23698109100552842,0.2936349622910232,0.2307982163467851
2018-01-08,0.23858573035666333,0.23698109100552842,0.2936349622910232,0.2307982163467851
2018-01-09,0.23858573035666333,0.23698109100552842,0.2936349622910232,0.2307982163467851
2018-01-10,0.23858573035666333,0.23698109100552842,0.2936349622910232,0.2307982163467851
2018-01-11,0.23858573035666333,0.23698109100552842,0.2936349622910232,0.2307982163467851
2018-01-12,0.23858573035666333,0.23698109100552842,0.2936349622910232,0.2307982163467851
2018-01-16,0.23858573035666333,0.23698109100552842,0.2936349622910232,0.2307982163467851
2018-01-17,0.23858573035666333,0.23698109100552842,0.2936349622910232,0.2307982163467851
2018-01-18,0.2430339865869674,0.2424121778698596,0.275792507978105,0.23876132756506793
2018-01-19,0.2430339865869674,0.2424121778698596,0.275792507978105,0.23876132756506793
2018-01-22,0.2430339865869674,0.2424121778698596,0.275792507978105,0.23876132756506793
2018-01-23,0.2430339865869674,0.2424121778698596,0.275792507978105,0.23876132756506793
2018-01-24,0.2430339865869674,0.2424121778698596,0.275792507978105,0.23876132756506793
2018-01-25,0.2430339865869674,0.2424121778698596,0.275792507978105,0.23876132756506793
2018-01-26,0.2430339865869674,0.2424121778698596,0.275792507978105,0.23876132756506793
2018-01-29,0.2430339865869674,0.2424121778698596,0.275792507978105,0.23876132756506793
2018-01-30,0.2430339865869674,0.2424121778698596,0.275792507978105,0.23876132756506793
2018-01-31,0.2430339865869674,0.2424121778698596,0.275792507978105,0.23876132756506793
2018-02-01,0.24318650202968853,0.24196093665258858,0.27903705232132364,0.23581550899639936
2018-02-02,0.24318650202968853,0.24196093665258858,0.27903705232132364,0.23581550899639936
2018-02-05,0.24318650202968853,0.24196093665258858,0.27903705232132364,0.23581550899639936
2018-02-06,0.24318650202968853,0.24196093665258858,0.27903705232132364,0.23581550899639936
2018-02-07,0.24318650202968853,0.24196093665258858,0.27903705232132364,0.23581550899639936
2018-02-08,0.24318650202968853,0.24196093665258858,0.27903705232132364,0.23581550899639936
2018-02-09,0.24318650202968853,0.24196093665258858,0.27903705232132364,0.23581550899639936
2018-02-12,0.24318650202968853,0.24196093665258858,0.27903705232132364,0.23581550899639936
2018-02-13,0.24318650202968853,0.24196093665258858,0.27903705232132364,0.23581550899639936
2018-02-14,0.24318650202968853,0.24196093665258858,0.27903705232132364,0.23581550899639936
2018-02-15,0.2561716121433237,0.19491265099193852,0.26753228384313826,0.2813834530215995
2018-02-16,0.2561716121433237,0.19491265099193852,0.26753228384313826,0.2813834530215995
2018-02-20,0.2561716121433237,0.19491265099193852,0.26753228384313826,0.2813834530215995
2018-02-21,0.2561716121433237,0.19491265099193852,0.26753228384313826,0.2813834530215995
2018-02-22,0.2561716121433237,0.19491265099193852,0.26753228384313826,0.2813834530215995
2018-02-23,0.2561716121433237,0.19491265099193852,0.26753228384313826,0.2813834530215995
2018-02-26,0.2561716121433237,0.19491265099193852,0.26753228384313826,0.2813834530215995
2018-02-27,0.2561716121433237,0.19491265099193852,0.26753228384313826,0.2813834530215995
2018-02-28,0.2561716121433237,0.19491265099193852,0.26753228384313826,0.2813834530215995
2018-03-01,0.2561716121433237,0.19491265099193852,0.26753228384313826,0.2813834530215995
2018-03-02,0.2883122983876644,0.1777430932726784,0.25465965621845976,0.2792849521211975
2018-03-05,0.2883122983876644,0.1777430932726784,0.25465965621845976,0.2792849521211975
2018-03-06,0.2883122983876644,0.1777430932726784,0.25465965621845976,0.2792849521211975
2018-03-07,0.2883122983876644,0.1777430932726784,0.25465965621845976,0.2792849521211975
2018-03-08,0.2883122983876644,0.1777430932726784,0.25465965621845976,0.2792849521211975
2018-03-09,0.2883122983876644,0.1777430932726784,0.25465965621845976,0.2792849521211975
2018-03-12,0.2883122983876644,0.1777430932726784,0.25465965621845976,0.2792849521211975
2018-03-13,0.2883122983876644,0.1777430932726784,0.25465965621845976,0.2792849521211975
2018-03-14,0.2883122983876644,0.1777430932726784,0.25465965621845976,0.2792849521211975
2018-03-15,0.2883122983876644,0.1777430932726784,0.25465965621845976,0.2792849521211975
2018-03-16,0.3049000320851609,0.17662607661565033,0.2508189616048006,0.2676549296943881
2018-03-19,0.3049000320851609,0.17662607661565033,0.2508189616048006,0.2676549296943881
2018-03-20,0.3049000320851609,0.17662607661565033,0.2508189616048006,0.2676549296943881
2018-03-21,0.3049000320851609,0.17662607661565033,0.2508189616048006,0.2676549296943881
2018-03-22,0.3049000320851609,0.17662607661565033,0.2508189616048006,0.2676549296943881
2018-03-23,0.3049000320851609,0.17662607661565033,0.2508189616048006,0.2676549296943881
2018-03-26,0.3049000320851609,0.17662607661565033,0.2508189616048006,0.2676549296943881
2018-03-27,0.3049000320851609,0.17662607661565033,0.2508189616048006,0.2676549296943881
2018-03-28,0.3049000320851609,0.17662607661565033,0.2508189616048006,0.2676549296943881
2018-03-29,0.3049000320851609,0.17662607661565033,0.2508189616048006,0.2676549296943881
2018-04-02,0.3246361142368963,0.13755264630143008,0.25853904277566253,0.2792721966860111
2018-04-03,0.3246361142368963,0.13755264630143008,0.25853904277566253,0.2792721966860111
2018-04-04,0.3246361142368963,0.13755264630143008,0.25853904277566253,0.2792721966860111
2018-04-05,0.3246361142368963,0.13755264630143008,0.25853904277566253,0.2792721966860111
2018-04-06,0.3246361142368963,0.13755264630143008,0.25853904277566253,0.2792721966860111
2018-04-09,0.3246361142368963,0.13755264630143008,0.25853904277566253,0.2792721966860111
2018-04-10,0.3246361142368963,0.13755264630143008,0.25853904277566253,0.2792721966860111
2018-04-11,0.3246361142368963,0.13755264630143008,0.25853904277566253,0.2792721966860111
2018-04-12,0.3246361142368963,0.13755264630143008,0.25853904277566253,0.2792721966860111
2018-04-13,0.3246361142368963,0.13755264630143008,0.25853904277566253,0.2792721966860111
2018-04-16,0.3245685569986526,0.14731894751902316,0.25296507043013844,0.27514742505218576
2018-04-17,0.3245685569986526,0.14731894751902316,0.25296507043013844,0.27514742505218576
2018-04-18,0.3245685569986526,0.14731894751902316,0.25296507043013844,0.27514742505218576
2018-04-19,0.3245685569986526,0.14731894751902316,0.25296507043013844,0.27514742505218576
2018-04-20,0.3245685569986526,0.14731894751902316,0.25296507043013844,0.27514742505218576
2018-04-23,0.3245685569986526,0.14731894751902316,0.25296507043013844,0.27514742505218576
2018-04-24,0.3245685569986526,0.14731894751902316,0.25296507043013844,0.27514742505218576
2018-04-25,0.3245685569986526,0.14731894751902316,0.25296507043013844,0.27514742505218576
2018-04-26,0.3245685569986526,0.14731894751902316,0.25296507043013844,0.27514742505218576
2018-04-27,0.3245685569986526,0.14731894751902316,0.25296507043013844,0.27514742505218576
2018-04-30,0.3266312243720852,0.1746887253932122,0.24268453832433654,0.2559955119103661
2018-05-01,0.3266312243720852,0.1746887253932122,0.24268453832433654,0.2559955119103661
2018-05-02,0.3266312243720852,0.1746887253932122,0.24268453832433654,0.2559955119103661
2018-05-03,0.3266312243720852,0.1746887253932122,0.24268453832433654,0.2559955119103661
2018-05-04,0.3266312243720852,0.1746887253932122,0.24268453832433654,0.2559955119103661
2018-05-07,0.3266312243720852,0.1746887253932122,0.24268453832433654,0.2559955119103661
2018-05-08,0.3266312243720852,0.1746887253932122,0.24268453832433654,0.2559955119103661
2018-05-09,0.3266312243720852,0.1746887253932122,0.24268453832433654,0.2559955119103661
2018-05-10,0.3266312243720852,0.1746887253932122,0.24268453832433654,0.2559955119103661
2018-05-11,0.3266312243720852,0.1746887253932122,0.24268453832433654,0.2559955119103661
2018-05-14,0.2520407275342205,0.22458505113057137,0.2541876531560203,0.26918656817918774
2018-05-15,0.2520407275342205,0.22458505113057137,0.2541876531560203,0.26918656817918774
2018-05-16,0.2520407275342205,0.22458505113057137,0.2541876531560203,0.26918656817918774
2018-05-17,0.2520407275342205,0.22458505113057137,0.2541876531560203,0.26918656817918774
2018-05-18,0.2520407275342205,0.22458505113057137,0.2541876531560203,0.26918656817918774
2018-05-21,0.2520407275342205,0.22458505113057137,0.2541876531560203,0.26918656817918774
2018-05-22,0.2520407275342205,0.22458505113057137,0.2541876531560203,0.26918656817918774
2018-05-23,0.2520407275342205,0.22458505113057137,0.2541876531560203,0.26918656817918774
2018-05-24,0.2520407275342205,0.22458505113057137,0.2541876531560203,0.26918656817918774
2018-05-25,0.2520407275342205,0.22458505113057137,0.2541876531560203,0.26918656817918774
2018-05-29,0.2500275760209204,0.24942507970205943,0.25007828300132273,0.2504690612756974
2018-05-30,0.2500275760209204,0.24942507970205943,0.25007828300132273,0.2504690612756974
2018-05-31,0.2500275760209204,0.24942507970205943,0.25007828300132273,0.2504690612756974
2018-06-01,0.2500275760209204,0.24942507970205943,0.25007828300132273,0.2504690612756974
2018-06-04,0.2500275760209204,0.24942507970205943,0.25007828300132273,0.2504690612756974
2018-06-05,0.2500275760209204,0.24942507970205943,0.25007828300132273,0.2504690612756974
2018-06-06,0.2500275760209204,0.24942507970205943,0.25007828300132273,0.2504690612756974
2018-06-07,0.2500275760209204,0.24942507970205943,0.25007828300132273,0.2504690612756974
2018-06-08,0.2500275760209204,0.24942507970205943,0.25007828300132273,0.2504690612756974
2018-06-11,0.2500275760209204,0.24942507970205943,0.25007828300132273,0.2504690612756974
2018-06-12,0.24999997945805466,0.2500000057506954,0.2499999938077429,0.250000020983507
2018-06-13,0.24999997945805466,0.2500000057506954,0.2499999938077429,0.250000020983507
2018-06-14,0.24999997945805466,0.2500000057506954,0.2499999938077429,0.250000020983507
2018-06-15,0.24999997945805466,0.2500000057506954,0.2499999938077429,0.250000020983507
2018-06-18,0.24999997945805466,0.2500000057506954,0.2499999938077429,0.250000020983507
2018-06-19,0.24999997945805466,0.2500000057506954,0.2499999938077429,0.250000020983507
2018-06-20,0.24999997945805466,0.2500000057506954,0.2499999938077429,0.250000020983507
2018-06-21,0.24999997945805466,0.2500000057506954,0.2499999938077429,0.250000020983507
2018-06-22,0.24999997945805466,0.2500000057506954,0.2499999938077429,0.250000020983507
2018-06-25,0.24999997945805466,0.2500000057506954,0.2499999938077429,0.250000020983507
2018-06-26,0.251933061672952,0.25755897627482127,0.25283239703323335,0.23767556501899328
2018-06-27,0.251933061672952,0.25755897627482127,0.25283239703323335,0.23767556501899328
2018-06-28,0.251933061672952,0.25755897627482127,0.25283239703323335,0.23767556501899328
2018-06-29,0.251933061672952,0.25755897627482127,0.25283239703323335,0.23767556501899328
2018-07-02,0.251933061672952,0.25755897627482127,0.25283239703323335,0.23767556501899328
2018-07-03,0.251933061672952,0.25755897627482127,0.25283239703323335,0.23767556501899328
2018-07-05,0.251933061672952,0.25755897627482127,0.25283239703323335,0.23767556501899328
2018-07-06,0.251933061672952,0.25755897627482127,0.25283239703323335,0.23767556501899328
2018-07-09,0.251933061672952,0.25755897627482127,0.25283239703323335,0.23767556501899328
2018-07-10,0.251933061672952,0.25755897627482127,0.25283239703323335,0.23767556501899328
2018-07-11,0.2499998126695142,0.2499999058808088,0.2500001063188735,0.25000017513080347
2018-07-12,0.2499998126695142,0.2499999058808088,0.2500001063188735,0.25000017513080347
2018-07-13,0.2499998126695142,0.2499999058808088,0.2500001063188735,0.25000017513080347
2018-07-16,0.2499998126695142,0.2499999058808088,0.2500001063188735,0.25000017513080347
2018-07-17,0.2499998126695142,0.2499999058808088,0.2500001063188735,0.25000017513080347
2018-07-18,0.2499998126695142,0.2499999058808088,0.2500001063188735,0.25000017513080347
2018-07-19,0.2499998126695142,0.2499999058808088,0.2500001063188735,0.25000017513080347
2018-07-20,0.2499998126695142,0.2499999058808088,0.2500001063188735,0.25000017513080347
2018-07-23,0.2499998126695142,0.2499999058808088,0.2500001063188735,0.25000017513080347
2018-07-24,0.2499998126695142,0.2499999058808088,0.2500001063188735,0.25000017513080347
2018-07-25,0.23084754256883616,0.2196568771474291,0.3183421293412042,0.2311534509425305
2018-07-26,0.23084754256883616,0.2196568771474291,0.3183421293412042,0.2311534509425305
2018-07-27,0.23084754256883616,0.2196568771474291,0.3183421293412042,0.2311534509425305
2018-07-30,0.23084754256883616,0.2196568771474291,0.3183421293412042,0.2311534509425305
2018-07-31,0.23084754256883616,0.2196568771474291,0.3183421293412042,0.2311534509425305
2018-08-01,0.23084754256883616,0.2196568771474291,0.3183421293412042,0.2311534509425305
2018-08-02,0.23084754256883616,0.2196568771474291,0.3183421293412042,0.2311534509425305
2018-08-03,0.23084754256883616,0.2196568771474291,0.3183421293412042,0.2311534509425305
2018-08-06,0.23084754256883616,0.2196568771474291,0.3183421293412042,0.2311534509425305
2018-08-07,0.23084754256883616,0.2196568771474291,0.3183421293412042,0.2311534509425305
2018-08-08,0.22152584212079568,0.20469304418374096,0.3577898167373321,0.21599129695813124
2018-08-09,0.22152584212079568,0.20469304418374096,0.3577898167373321,0.21599129695813124
2018-08-10,0.22152584212079568,0.20469304418374096,0.3577898167373321,0.21599129695813124
2018-08-13,0.22152584212079568,0.20469304418374096,0.3577898167373321,0.21599129695813124
2018-08-14,0.22152584212079568,0.20469304418374096,0.3577898167373321,0.21599129695813124
2018-08-15,0.22152584212079568,0.20469304418374096,0.3577898167373321,0.21599129695813124
2018-08-16,0.22152584212079568,0.20469304418374096,0.3577898167373321,0.21599129695813124
2018-08-17,0.22152584212079568,0.20469304418374096,0.3577898167373321,0.21599129695813124
2018-08-20,0.22152584212079568,0.20469304418374096,0.3577898167373321,0.21599129695813124
2018-08-21,0.22152584212079568,0.20469304418374096,0.3577898167373321,0.21599129695813124
2018-08-22,0.198839321905796,0.14042064738037183,0.4227380707876862,0.23800195992614587
2018-08-23,0.198839321905796,0.14042064738037183,0.4227380707876862,0.23800195992614587
2018-08-24,0.198839321905796,0.14042064738037183,0.4227380707876862,0.23800195992614587
2018-08-27,0.198839321905796,0.14042064738037183,0.4227380707876862,0.23800195992614587
2018-08-28,0.198839321905796,0.14042064738037183,0.4227380707876862,0.23800195992614587
2018-08-29,0.198839321905796,0.14042064738037183,0.4227380707876862,0.23800195992614587
2018-08-30,0.198839321905796,0.14042064738037183,0.4227380707876862,0.23800195992614587
2018-08-31,0.198839321905796,0.14042064738037183,0.4227380707876862,0.23800195992614587
2018-09-04,0.198839321905796,0.14042064738037183,0.4227380707876862,0.23800195992614587
2018-09-05,0.198839321905796,0.14042064738037183,0.4227380707876862,0.23800195992614587
2018-09-06,0.2435067398570315,0.09496904386506759,0.4091678668061424,0.2523563494717585
2018-09-07,0.2435067398570315,0.09496904386506759,0.4091678668061424,0.2523563494717585
2018-09-10,0.2435067398570315,0.09496904386506759,0.4091678668061424,0.2523563494717585
2018-09-11,0.2435067398570315,0.09496904386506759,0.4091678668061424,0.2523563494717585
2018-09-12,0.2435067398570315,0.09496904386506759,0.4091678668061424,0.2523563494717585
2018-09-13,0.2435067398570315,0.09496904386506759,0.4091678668061424,0.2523563494717585
2018-09-14,0.2435067398570315,0.09496904386506759,0.4091678668061424,0.2523563494717585
2018-09-17,0.2435067398570315,0.09496904386506759,0.4091678668061424,0.2523563494717585
2018-09-18,0.2435067398570315,0.09496904386506759,0.4091678668061424,0.2523563494717585
2018-09-19,0.2435067398570315,0.09496904386506759,0.4091678668061424,0.2523563494717585
2018-09-20,0.24160002260012375,0.13533439887358412,0.36120825574883664,0.26185732277745544
2018-09-21,0.24160002260012375,0.13533439887358412,0.36120825574883664,0.26185732277745544
2018-09-24,0.24160002260012375,0.13533439887358412,0.36120825574883664,0.26185732277745544
2018-09-25,0.24160002260012375,0.13533439887358412,0.36120825574883664,0.26185732277745544
2018-09-26,0.24160002260012375,0.13533439887358412,0.36120825574883664,0.26185732277745544
2018-09-27,0.24160002260012375,0.13533439887358412,0.36120825574883664,0.26185732277745544
2018-09-28,0.24160002260012375,0.13533439887358412,0.36120825574883664,0.26185732277745544
2018-10-01,0.24160002260012375,0.13533439887358412,0.36120825574883664,0.26185732277745544
2018-10-02,0.24160002260012375,0.13533439887358412,0.36120825574883664,0.26185732277745544
2018-10-03,0.24160002260012375,0.13533439887358412,0.36120825574883664,0.26185732277745544
2018-10-04,0.24497989921465063,0.18112267926009012,0.30816821615882906,0.2657292053664303
2018-10-05,0.24497989921465063,0.18112267926009012,0.30816821615882906,0.2657292053664303
2018-10-08,0.24497989921465063,0.18112267926009012,0.30816821615882906,0.2657292053664303
2018-10-09,0.24497989921465063,0.18112267926009012,0.30816821615882906,0.2657292053664303
2018-10-10,0.24497989921465063,0.18112267926009012,0.30816821615882906,0.2657292053664303
2018-10-11,0.24497989921465063,0.18112267926009012,0.30816821615882906,0.2657292053664303
2018-10-12,0.24497989921465063,0.18112267926009012,0.30816821615882906,0.2657292053664303
2018-10-15,0.24497989921465063,0.18112267926009012,0.30816821615882906,0.2657292053664303
2018-10-16,0.24497989921465063,0.18112267926009012,0.30816821615882906,0.2657292053664303
2018-10-17,0.24497989921465063,0.18112267926009012,0.30816821615882906,0.2657292053664303
2018-10-18,0.24676769644389088,0.24383877183578093,0.2752003094447972,0.2341932222755309
2018-10-19,0.24676769644389088,0.24383877183578093,0.2752003094447972,0.2341932222755309
2018-10-22,0.24676769644389088,0.24383877183578093,0.2752003094447972,0.2341932222755309
2018-10-23,0.24676769644389088,0.24383877183578093,0.2752003094447972,0.2341932222755309
2018-10-24,0.24676769644389088,0.24383877183578093,0.2752003094447972,0.2341932222755309
2018-10-25,0.24676769644389088,0.24383877183578093,0.2752003094447972,0.2341932222755309
2018-10-26,0.24676769644389088,0.24383877183578093,0.2752003094447972,0.2341932222755309
2018-10-29,0.24676769644389088,0.24383877183578093,0.2752003094447972,0.2341932222755309
2018-10-30,0.24676769644389088,0.24383877183578093,0.2752003094447972,0.2341932222755309
2018-10-31,0.24676769644389088,0.24383877183578093,0.2752003094447972,0.2341932222755309
2018-11-01,0.2461398437830201,0.2167980733242001,0.2706572821835781,0.26640480070920186
2018-11-02,0.2461398437830201,0.2167980733242001,0.2706572821835781,0.26640480070920186
2018-11-05,0.2461398437830201,0.2167980733242001,0.2706572821835781,0.26640480070920186
2018-11-06,0.2461398437830201,0.2167980733242001,0.2706572821835781,0.26640480070920186
2018-11-07,0.2461398437830201,0.2167980733242001,0.2706572821835781,0.26640480070920186
2018-11-08,0.2461398437830201,0.2167980733242001,0.2706572821835781,0.26640480070920186
2018-11-09,0.2461398437830201,0.2167980733242001,0.2706572821835781,0.26640480070920186
2018-11-12,0.2461398437830201,0.2167980733242001,0.2706572821835781,0.26640480070920186
2018-11-13,0.2461398437830201,0.2167980733242001,0.2706572821835781,0.26640480070920186
2018-11-14,0.2461398437830201,0.2167980733242001,0.2706572821835781,0.26640480070920186
2018-11-15,0.25239069263380753,0.20265724713929487,0.25956330941475464,0.28538875081214293
2018-11-16,0.25239069263380753,0.20265724713929487,0.25956330941475464,0.28538875081214293
2018-11-19,0.25239069263380753,0.20265724713929487,0.25956330941475464,0.28538875081214293
2018-11-20,0.25239069263380753,0.20265724713929487,0.25956330941475464,0.28538875081214293
2018-11-21,0.25239069263380753,0.20265724713929487,0.25956330941475464,0.28538875081214293
2018-11-23,0.25239069263380753,0.20265724713929487,0.25956330941475464,0.28538875081214293
2018-11-26,0.25239069263380753,0.20265724713929487,0.25956330941475464,0.28538875081214293
2018-11-27,0.25239069263380753,0.20265724713929487,0.25956330941475464,0.28538875081214293
2018-11-28,0.25239069263380753,0.20265724713929487,0.25956330941475464,0.28538875081214293
2018-11-29,0.25239069263380753,0.20265724713929487,0.25956330941475464,0.28538875081214293
2018-11-30,0.24813285728829865,0.17728826470295883,0.2974339846702497,0.2771448933384928
2018-12-03,0.24813285728829865,0.17728826470295883,0.2974339846702497,0.2771448933384928
2018-12-04,0.24813285728829865,0.17728826470295883,0.2974339846702497,0.2771448933384928
2018-12-06,0.24813285728829865,0.17728826470295883,0.2974339846702497,0.2771448933384928
2018-12-07,0.24813285728829865,0.17728826470295883,0.2974339846702497,0.2771448933384928
2018-12-10,0.24813285728829865,0.17728826470295883,0.2974339846702497,0.2771448933384928
2018-12-11,0.24813285728829865,0.17728826470295883,0.2974339846702497,0.2771448933384928
2018-12-12,0.24813285728829865,0.17728826470295883,0.2974339846702497,0.2771448933384928
2018-12-13,0.24813285728829865,0.17728826470295883,0.2974339846702497,0.2771448933384928
2018-12-14,0.24813285728829865,0.17728826470295883,0.2974339846702497,0.2771448933384928
2018-12-17,0.2531738277324532,0.14081432540508215,0.32271282920793537,0.2832990176545292
2018-12-18,0.2531738277324532,0.14081432540508215,0.32271282920793537,0.2832990176545292
2018-12-19,0.2531738277324532,0.14081432540508215,0.32271282920793537,0.2832990176545292
2018-12-20,0.2531738277324532,0.14081432540508215,0.32271282920793537,0.2832990176545292
2018-12-21,0.2531738277324532,0.14081432540508215,0.32271282920793537,0.2832990176545292
2018-12-24,0.2531738277324532,0.14081432540508215,0.32271282920793537,0.2832990176545292
2018-12-26,0.2531738277324532,0.14081432540508215,0.32271282920793537,0.2832990176545292
2018-12-27,0.2531738277324532,0.14081432540508215,0.32271282920793537,0.2832990176545292
2018-12-28,0.2531738277324532,0.14081432540508215,0.32271282920793537,0.2832990176545292
2018-12-31,0.2531738277324532,0.14081432540508215,0.32271282920793537,0.2832990176545292
2019-01-02,0.2970081790018689,0.1060673530061869,0.3296200062962247,0.26730446169571953
2019-01-03,0.2970081790018689,0.1060673530061869,0.3296200062962247,0.26730446169571953
2019-01-04,0.2970081790018689,0.1060673530061869,0.3296200062962247,0.26730446169571953
2019-01-07,0.2970081790018689,0.1060673530061869,0.3296200062962247,0.26730446169571953
2019-01-08,0.2970081790018689,0.1060673530061869,0.3296200062962247,0.26730446169571953
2019-01-09,0.2970081790018689,0.1060673530061869,0.3296200062962247,0.26730446169571953
2019-01-10,0.2970081790018689,0.1060673530061869,0.3296200062962247,0.26730446169571953
2019-01-11,0.2970081790018689,0.1060673530061869,0.3296200062962247,0.26730446169571953
2019-01-14,0.2970081790018689,0.1060673530061869,0.3296200062962247,0.26730446169571953
2019-01-15,0.2970081790018689,0.1060673530061869,0.3296200062962247,0.26730446169571953
2019-01-16,0.2567347945250859,0.08331402114075463,0.3505634686124324,0.30938771572172713
2019-01-17,0.2567347945250859,0.08331402114075463,0.3505634686124324,0.30938771572172713
2019-01-18,0.2567347945250859,0.08331402114075463,0.3505634686124324,0.30938771572172713
2019-01-22,0.2567347945250859,0.08331402114075463,0.3505634686124324,0.30938771572172713
2019-01-23,0.2567347945250859,0.08331402114075463,0.3505634686124324,0.30938771572172713
2019-01-24,0.2567347945250859,0.08331402114075463,0.3505634686124324,0.30938771572172713
2019-01-25,0.2567347945250859,0.08331402114075463,0.3505634686124324,0.30938771572172713
2019-01-28,0.2567347945250859,0.08331402114075463,0.3505634686124324,0.30938771572172713
2019-01-29,0.2567347945250859,0.08331402114075463,0.3505634686124324,0.30938771572172713
2019-01-30,0.2567347945250859,0.08331402114075463,0.3505634686124324,0.30938771572172713
2019-01-31,0.27586797329606183,0.07596241056233938,0.3549924269826956,0.2931771891589032
2019-02-01,0.27586797329606183,0.07596241056233938,0.3549924269826956,0.2931771891589032
2019-02-04,0.27586797329606183,0.07596241056233938,0.3549924269826956,0.2931771891589032
2019-02-05,0.27586797329606183,0.07596241056233938,0.3549924269826956,0.2931771891589032
2019-02-06,0.27586797329606183,0.07596241056233938,0.3549924269826956,0.2931771891589032
2019-02-07,0.27586797329606183,0.07596241056233938,0.3549924269826956,0.2931771891589032
2019-02-08,0.27586797329606183,0.07596241056233938,0.3549924269826956,0.2931771891589032
2019-02-11,0.27586797329606183,0.07596241056233938,0.3549924269826956,0.2931771891589032
2019-02-12,0.27586797329606183,0.07596241056233938,0.3549924269826956,0.2931771891589032
2019-02-13,0.27586797329606183,0.07596241056233938,0.3549924269826956,0.2931771891589032
2019-02-14,0.26607751232151994,0.10959948927142041,0.3460937328694853,0.2782292655375744
2019-02-15,0.26607751232151994,0.10959948927142041,0.3460937328694853,0.2782292655375744
2019-02-19,0.26607751232151994,0.10959948927142041,0.3460937328694853,0.2782292655375744
2019-02-20,0.26607751232151994,0.10959948927142041,0.3460937328694853,0.2782292655375744
2019-02-21,0.26607751232151994,0.10959948927142041,0.3460937328694853,0.2782292655375744
2019-02-22,0.26607751232151994,0.10959948927142041,0.3460937328694853,0.2782292655375744
2019-02-25,0.26607751232151994,0.10959948927142041,0.3460937328694853,0.2782292655375744
2019-02-26,0.26607751232151994,0.10959948927142041,0.3460937328694853,0.2782292655375744
2019-02-27,0.26607751232151994,0.10959948927142041,0.3460937328694853,0.2782292655375744
2019-02-28,0.26607751232151994,0.10959948927142041,0.3460937328694853,0.2782292655375744
2019-03-01,0.2624040036671372,0.18352070321968927,0.26396804927120493,0.29010724384196857
2019-03-04,0.2624040036671372,0.18352070321968927,0.26396804927120493,0.29010724384196857
2019-03-05,0.2624040036671372,0.18352070321968927,0.26396804927120493,0.29010724384196857
2019-03-06,0.2624040036671372,0.18352070321968927,0.26396804927120493,0.29010724384196857
2019-03-07,0.2624040036671372,0.18352070321968927,0.26396804927120493,0.29010724384196857
2019-03-08,0.2624040036671372,0.18352070321968927,0.26396804927120493,0.29010724384196857
2019-03-11,0.2624040036671372,0.18352070321968927,0.26396804927120493,0.29010724384196857
2019-03-12,0.2624040036671372,0.18352070321968927,0.26396804927120493,0.29010724384196857
2019-03-13,0.2624040036671372,0.18352070321968927,0.26396804927120493,0.29010724384196857
2019-03-14,0.2624040036671372,0.18352070321968927,0.26396804927120493,0.29010724384196857
2019-03-15,0.25015820845299386,0.22475594613047564,0.2534149909293129,0.2716708544872177
2019-03-18,0.25015820845299386,0.22475594613047564,0.2534149909293129,0.2716708544872177
2019-03-19,0.25015820845299386,0.22475594613047564,0.2534149909293129,0.2716708544872177
2019-03-20,0.25015820845299386,0.22475594613047564,0.2534149909293129,0.2716708544872177
2019-03-21,0.25015820845299386,0.22475594613047564,0.2534149909293129,0.2716708544872177
2019-03-22,0.25015820845299386,0.22475594613047564,0.2534149909293129,0.2716708544872177
2019-03-25,0.25015820845299386,0.22475594613047564,0.2534149909293129,0.2716708544872177
2019-03-26,0.25015820845299386,0.22475594613047564,0.2534149909293129,0.2716708544872177
2019-03-27,0.25015820845299386,0.22475594613047564,0.2534149909293129,0.2716708544872177
2019-03-28,0.25015820845299386,0.22475594613047564,0.2534149909293129,0.2716708544872177
2019-03-29,0.24809964573103765,0.23378719506500856,0.2567201205655561,0.2613930386383977
2019-04-01,0.24809964573103765,0.23378719506500856,0.2567201205655561,0.2613930386383977
2019-04-02,0.24809964573103765,0.23378719506500856,0.2567201205655561,0.2613930386383977
2019-04-03,0.24809964573103765,0.23378719506500856,0.2567201205655561,0.2613930386383977
2019-04-04,0.24809964573103765,0.23378719506500856,0.2567201205655561,0.2613930386383977
2019-04-05,0.24809964573103765,0.23378719506500856,0.2567201205655561,0.2613930386383977
2019-04-08,0.24809964573103765,0.23378719506500856,0.2567201205655561,0.2613930386383977
2019-04-09,0.24809964573103765,0.23378719506500856,0.2567201205655561,0.2613930386383977
2019-04-10,0.24809964573103765,0.23378719506500856,0.2567201205655561,0.2613930386383977
2019-04-11,0.24809964573103765,0.23378719506500856,0.2567201205655561,0.2613930386383977
2019-04-12,0.24999990966747754,0.2500001260077216,0.24999998565889217,0.2499999786659087
2019-04-15,0.24999990966747754,0.2500001260077216,0.24999998565889217,0.2499999786659087
2019-04-16,0.24999990966747754,0.2500001260077216,0.24999998565889217,0.2499999786659087
2019-04-17,0.24999990966747754,0.2500001260077216,0.24999998565889217,0.2499999786659087
2019-04-18,0.24999990966747754,0.2500001260077216,0.24999998565889217,0.2499999786659087
2019-04-22,0.24999990966747754,0.2500001260077216,0.24999998565889217,0.2499999786659087
2019-04-23,0.24999990966747754,0.2500001260077216,0.24999998565889217,0.2499999786659087
2019-04-24,0.24999990966747754,0.2500001260077216,0.24999998565889217,0.2499999786659087
2019-04-25,0.24999990966747754,0.2500001260077216,0.24999998565889217,0.2499999786659087
2019-04-26,0.24999990966747754,0.2500001260077216,0.24999998565889217,0.2499999786659087
2019-04-29,0.2499999881573833,0.2500000265355451,0.24999995957991472,0.25000002572715696
2019-04-30,0.2499999881573833,0.2500000265355451,0.24999995957991472,0.25000002572715696
2019-05-01,0.2499999881573833,0.2500000265355451,0.24999995957991472,0.25000002572715696
2019-05-02,0.2499999881573833,0.2500000265355451,0.24999995957991472,0.25000002572715696
2019-05-03,0.2499999881573833,0.2500000265355451,0.24999995957991472,0.25000002572715696
2019-05-06,0.2499999881573833,0.2500000265355451,0.24999995957991472,0.25000002572715696
2019-05-07,0.2499999881573833,0.2500000265355451,0.24999995957991472,0.25000002572715696
2019-05-08,0.2499999881573833,0.2500000265355451,0.24999995957991472,0.25000002572715696
2019-05-09,0.2499999881573833,0.2500000265355451,0.24999995957991472,0.25000002572715696
2019-05-10,0.2499999881573833,0.2500000265355451,0.24999995957991472,0.25000002572715696
2019-05-13,0.2499999792660299,0.2500000151084835,0.24999998681233562,0.25000001881315087
2019-05-14,0.2499999792660299,0.2500000151084835,0.24999998681233562,0.25000001881315087
2019-05-15,0.2499999792660299,0.2500000151084835,0.24999998681233562,0.25000001881315087
2019-05-16,0.2499999792660299,0.2500000151084835,0.24999998681233562,0.25000001881315087
2019-05-17,0.2499999792660299,0.2500000151084835,0.24999998681233562,0.25000001881315087
2019-05-20,0.2499999792660299,0.2500000151084835,0.24999998681233562,0.25000001881315087
2019-05-21,0.2499999792660299,0.2500000151084835,0.24999998681233562,0.25000001881315087
2019-05-22,0.2499999792660299,0.2500000151084835,0.24999998681233562,0.25000001881315087
2019-05-23,0.2499999792660299,0.2500000151084835,0.24999998681233562,0.25000001881315087
2019-05-24,0.2499999792660299,0.2500000151084835,0.24999998681233562,0.25000001881315087
2019-05-28,0.24826667885965845,0.24877549278439767,0.25519437369833775,0.2477634546576061
2019-05-29,0.24826667885965845,0.24877549278439767,0.25519437369833775,0.2477634546576061
2019-05-30,0.24826667885965845,0.24877549278439767,0.25519437369833775,0.2477634546576061
2019-05-31,0.24826667885965845,0.24877549278439767,0.25519437369833775,0.2477634546576061
2019-06-03,0.24826667885965845,0.24877549278439767,0.25519437369833775,0.2477634546576061
2019-06-04,0.24826667885965845,0.24877549278439767,0.25519437369833775,0.2477634546576061
2019-06-05,0.24826667885965845,0.24877549278439767,0.25519437369833775,0.2477634546576061
2019-06-06,0.24826667885965845,0.24877549278439767,0.25519437369833775,0.2477634546576061
2019-06-07,0.24826667885965845,0.24877549278439767,0.25519437369833775,0.2477634546576061
2019-06-10,0.24826667885965845,0.24877549278439767,0.25519437369833775,0.2477634546576061
2019-06-11,0.25485161185034577,0.2644175056056316,0.2552548651364196,0.22547601740760298
2019-06-12,0.25485161185034577,0.2644175056056316,0.2552548651364196,0.22547601740760298
2019-06-13,0.25485161185034577,0.2644175056056316,0.2552548651364196,0.22547601740760298
2019-06-14,0.25485161185034577,0.2644175056056316,0.2552548651364196,0.22547601740760298
2019-06-17,0.25485161185034577,0.2644175056056316,0.2552548651364196,0.22547601740760298
2019-06-18,0.25485161185034577,0.2644175056056316,0.2552548651364196,0.22547601740760298
2019-06-19,0.25485161185034577,0.2644175056056316,0.2552548651364196,0.22547601740760298
2019-06-20,0.25485161185034577,0.2644175056056316,0.2552548651364196,0.22547601740760298
2019-06-21,0.25485161185034577,0.2644175056056316,0.2552548651364196,0.22547601740760298
2019-06-24,0.25485161185034577,0.2644175056056316,0.2552548651364196,0.22547601740760298
2019-06-25,0.26089183676321914,0.2718063213380512,0.2578213395971517,0.20948050230157778
2019-06-26,0.26089183676321914,0.2718063213380512,0.2578213395971517,0.20948050230157778
2019-06-27,0.26089183676321914,0.2718063213380512,0.2578213395971517,0.20948050230157778
2019-06-28,0.26089183676321914,0.2718063213380512,0.2578213395971517,0.20948050230157778
2019-07-01,0.26089183676321914,0.2718063213380512,0.2578213395971517,0.20948050230157778
2019-07-02,0.26089183676321914,0.2718063213380512,0.2578213395971517,0.20948050230157778
2019-07-03,0.26089183676321914,0.2718063213380512,0.2578213395971517,0.20948050230157778
2019-07-05,0.26089183676321914,0.2718063213380512,0.2578213395971517,0.20948050230157778
2019-07-08,0.26089183676321914,0.2718063213380512,0.2578213395971517,0.20948050230157778
2019-07-09,0.26089183676321914,0.2718063213380512,0.2578213395971517,0.20948050230157778
2019-07-10,0.26168046630977937,0.27564385606040376,0.2577080885324459,0.20496758909737098
2019-07-11,0.26168046630977937,0.27564385606040376,0.2577080885324459,0.20496758909737098
2019-07-12,0.26168046630977937,0.27564385606040376,0.2577080885324459,0.20496758909737098
2019-07-15,0.26168046630977937,0.27564385606040376,0.2577080885324459,0.20496758909737098
2019-07-16,0.26168046630977937,0.27564385606040376,0.2577080885324459,0.20496758909737098
2019-07-17,0.26168046630977937,0.27564385606040376,0.2577080885324459,0.20496758909737098
2019-07-18,0.26168046630977937,0.27564385606040376,0.2577080885324459,0.20496758909737098
2019-07-19,0.26168046630977937,0.27564385606040376,0.2577080885324459,0.20496758909737098
2019-07-22,0.26168046630977937,0.27564385606040376,0.2577080885324459,0.20496758909737098
2019-07-23,0.26168046630977937,0.27564385606040376,0.2577080885324459,0.20496758909737098
2019-07-24,0.25079631660925483,0.25205181842371815,0.2505299386760776,0.24662192629094953
2019-07-25,0.25079631660925483,0.25205181842371815,0.2505299386760776,0.24662192629094953
2019-07-26,0.25079631660925483,0.25205181842371815,0.2505299386760776,0.24662192629094953
2019-07-29,0.25079631660925483,0.25205181842371815,0.2505299386760776,0.24662192629094953
2019-07-30,0.25079631660925483,0.25205181842371815,0.2505299386760776,0.24662192629094953
2019-07-31,0.25079631660925483,0.25205181842371815,0.2505299386760776,0.24662192629094953
2019-08-01,0.25079631660925483,0.25205181842371815,0.2505299386760776,0.24662192629094953
2019-08-02,0.25079631660925483,0.25205181842371815,0.2505299386760776,0.24662192629094953
2019-08-05,0.25079631660925483,0.25205181842371815,0.2505299386760776,0.24662192629094953
2019-08-06,0.25079631660925483,0.25205181842371815,0.2505299386760776,0.24662192629094953
2019-08-07,0.24999998793797987,0.24999999720560562,0.25000000956278096,0.25000000529363353
2019-08-08,0.24999998793797987,0.24999999720560562,0.25000000956278096,0.25000000529363353
2019-08-09,0.24999998793797987,0.24999999720560562,0.25000000956278096,0.25000000529363353
2019-08-12,0.24999998793797987,0.24999999720560562,0.25000000956278096,0.25000000529363353
2019-08-13,0.24999998793797987,0.24999999720560562,0.25000000956278096,0.25000000529363353
2019-08-14,0.24999998793797987,0.24999999720560562,0.25000000956278096,0.25000000529363353
2019-08-15,0.24999998793797987,0.24999999720560562,0.25000000956278096,0.25000000529363353
2019-08-16,0.24999998793797987,0.24999999720560562,0.25000000956278096,0.25000000529363353
2019-08-19,0.24999998793797987,0.24999999720560562,0.25000000956278096,0.25000000529363353
2019-08-20,0.24999998793797987,0.24999999720560562,0.25000000956278096,0.25000000529363353
2019-08-21,0.25340181084935076,0.2588744995458698,0.25231803889918775,0.23540565070559166
2019-08-22,0.25340181084935076,0.2588744995458698,0.25231803889918775,0.23540565070559166
2019-08-23,0.25340181084935076,0.2588744995458698,0.25231803889918775,0.23540565070559166
2019-08-26,0.25340181084935076,0.2588744995458698,0.25231803889918775,0.23540565070559166
2019-08-27,0.25340181084935076,0.2588744995458698,0.25231803889918775,0.23540565070559166
2019-08-28,0.25340181084935076,0.2588744995458698,0.25231803889918775,0.23540565070559166
2019-08-29,0.25340181084935076,0.2588744995458698,0.25231803889918775,0.23540565070559166
2019-08-30,0.25340181084935076,0.2588744995458698,0.25231803889918775,0.23540565070559166
2019-09-03,0.25340181084935076,0.2588744995458698,0.25231803889918775,0.23540565070559166
2019-09-04,0.25340181084935076,0.2588744995458698,0.25231803889918775,0.23540565070559166
2019-09-05,0.25202099676664225,0.2567141578412984,0.2518722937369734,0.23939255165508594
2019-09-06,0.25202099676664225,0.2567141578412984,0.2518722937369734,0.23939255165508594
2019-09-09,0.25202099676664225,0.2567141578412984,0.2518722937369734,0.23939255165508594
2019-09-10,0.25202099676664225,0.2567141578412984,0.2518722937369734,0.23939255165508594
2019-09-11,0.25202099676664225,0.2567141578412984,0.2518722937369734,0.23939255165508594
2019-09-12,0.25202099676664225,0.2567141578412984,0.2518722937369734,0.23939255165508594
2019-09-13,0.25202099676664225,0.2567141578412984,0.2518722937369734,0.23939255165508594
2019-09-16,0.25202099676664225,0.2567141578412984,0.2518722937369734,0.23939255165508594
2019-09-17,0.25202099676664225,0.2567141578412984,0.2518722937369734,0.23939255165508594
2019-09-18,0.25202099676664225,0.2567141578412984,0.2518722937369734,0.23939255165508594
2019-09-19,0.26961836830652336,0.2948234664188345,0.26604178915188925,0.16951637612275275
2019-09-20,0.26961836830652336,0.2948234664188345,0.26604178915188925,0.16951637612275275
2019-09-23,0.26961836830652336,0.2948234664188345,0.26604178915188925,0.16951637612275275
2019-09-24,0.26961836830652336,0.2948234664188345,0.26604178915188925,0.16951637612275275
2019-09-25,0.26961836830652336,0.2948234664188345,0.26604178915188925,0.16951637612275275
2019-09-26,0.26961836830652336,0.2948234664188345,0.26604178915188925,0.16951637612275275
2019-09-27,0.26961836830652336,0.2948234664188345,0.26604178915188925,0.16951637612275275
2019-09-30,0.26961836830652336,0.2948234664188345,0.26604178915188925,0.16951637612275275
2019-10-01,0.26961836830652336,0.2948234664188345,0.26604178915188925,0.16951637612275275
2019-10-02,0.26961836830652336,0.2948234664188345,0.26604178915188925,0.16951637612275275
2019-10-03,0.2665368952424837,0.2913256790280451,0.2650175166370273,0.17711990909244396
2019-10-04,0.2665368952424837,0.2913256790280451,0.2650175166370273,0.17711990909244396
2019-10-07,0.2665368952424837,0.2913256790280451,0.2650175166370273,0.17711990909244396
2019-10-08,0.2665368952424837,0.2913256790280451,0.2650175166370273,0.17711990909244396
2019-10-09,0.2665368952424837,0.2913256790280451,0.2650175166370273,0.17711990909244396
2019-10-10,0.2665368952424837,0.2913256790280451,0.2650175166370273,0.17711990909244396
2019-10-11,0.2665368952424837,0.2913256790280451,0.2650175166370273,0.17711990909244396
2019-10-14,0.2665368952424837,0.2913256790280451,0.2650175166370273,0.17711990909244396
2019-10-15,0.2665368952424837,0.2913256790280451,0.2650175166370273,0.17711990909244396
2019-10-16,0.2665368952424837,0.2913256790280451,0.2650175166370273,0.17711990909244396
2019-10-17,0.2771714718421375,0.30038088991342055,0.269619163765157,0.15282847447928508
2019-10-18,0.2771714718421375,0.30038088991342055,0.269619163765157,0.15282847447928508
2019-10-21,0.2771714718421375,0.30038088991342055,0.269619163765157,0.15282847447928508
2019-10-22,0.2771714718421375,0.30038088991342055,0.269619163765157,0.15282847447928508
2019-10-23,0.2771714718421375,0.30038088991342055,0.269619163765157,0.15282847447928508
2019-10-24,0.2771714718421375,0.30038088991342055,0.269619163765157,0.15282847447928508
2019-10-25,0.2771714718421375,0.30038088991342055,0.269619163765157,0.15282847447928508
2019-10-28,0.2771714718421375,0.30038088991342055,0.269619163765157,0.15282847447928508
2019-10-29,0.2771714718421375,0.30038088991342055,0.269619163765157,0.15282847447928508
2019-10-30,0.2771714718421375,0.30038088991342055,0.269619163765157,0.15282847447928508
2019-10-31,0.2819543817910642,0.3044052458022567,0.27337812455150173,0.14026224785517732
2019-11-01,0.2819543817910642,0.3044052458022567,0.27337812455150173,0.14026224785517732
2019-11-04,0.2819543817910642,0.3044052458022567,0.27337812455150173,0.14026224785517732
2019-11-05,0.2819543817910642,0.3044052458022567,0.27337812455150173,0.14026224785517732
2019-11-06,0.2819543817910642,0.3044052458022567,0.27337812455150173,0.14026224785517732
2019-11-07,0.2819543817910642,0.3044052458022567,0.27337812455150173,0.14026224785517732
2019-11-08,0.2819543817910642,0.3044052458022567,0.27337812455150173,0.14026224785517732
2019-11-11,0.2819543817910642,0.3044052458022567,0.27337812455150173,0.14026224785517732
2019-11-12,0.2819543817910642,0.3044052458022567,0.27337812455150173,0.14026224785517732
2019-11-13,0.2819543817910642,0.3044052458022567,0.27337812455150173,0.14026224785517732
2019-11-14,0.27702145544982104,0.2927473958810074,0.26645480095866186,0.16377634771050967
2019-11-15,0.27702145544982104,0.2927473958810074,0.26645480095866186,0.16377634771050967
2019-11-18,0.27702145544982104,0.2927473958810074,0.26645480095866186,0.16377634771050967
2019-11-19,0.27702145544982104,0.2927473958810074,0.26645480095866186,0.16377634771050967
2019-11-20,0.27702145544982104,0.2927473958810074,0.26645480095866186,0.16377634771050967
2019-11-21,0.27702145544982104,0.2927473958810074,0.26645480095866186,0.16377634771050967
2019-11-22,0.27702145544982104,0.2927473958810074,0.26645480095866186,0.16377634771050967
2019-11-25,0.27702145544982104,0.2927473958810074,0.26645480095866186,0.16377634771050967
2019-11-26,0.27702145544982104,0.2927473958810074,0.26645480095866186,0.16377634771050967
2019-11-27,0.27702145544982104,0.2927473958810074,0.26645480095866186,0.16377634771050967
2019-11-29,0.28194811826775706,0.2872140688235622,0.2653338557778365,0.16550395713084418
2019-12-02,0.28194811826775706,0.2872140688235622,0.2653338557778365,0.16550395713084418
2019-12-03,0.28194811826775706,0.2872140688235622,0.2653338557778365,0.16550395713084418
2019-12-04,0.28194811826775706,0.2872140688235622,0.2653338557778365,0.16550395713084418
2019-12-05,0.28194811826775706,0.2872140688235622,0.2653338557778365,0.16550395713084418
2019-12-06,0.28194811826775706,0.2872140688235622,0.2653338557778365,0.16550395713084418
2019-12-09,0.28194811826775706,0.2872140688235622,0.2653338557778365,0.16550395713084418
2019-12-10,0.28194811826775706,0.2872140688235622,0.2653338557778365,0.16550395713084418
2019-12-11,0.28194811826775706,0.2872140688235622,0.2653338557778365,0.16550395713084418
2019-12-12,0.28194811826775706,0.2872140688235622,0.2653338557778365,0.16550395713084418
2019-12-13,0.27016210879778796,0.2804975120740806,0.2621758675164713,0.18716451161166014
2019-12-16,0.27016210879778796,0.2804975120740806,0.2621758675164713,0.18716451161166014
2019-12-17,0.27016210879778796,0.2804975120740806,0.2621758675164713,0.18716451161166014
2019-12-18,0.27016210879778796,0.2804975120740806,0.2621758675164713,0.18716451161166014
2019-12-19,0.27016210879778796,0.2804975120740806,0.2621758675164713,0.18716451161166014
2019-12-20,0.27016210879778796,0.2804975120740806,0.2621758675164713,0.18716451161166014
2019-12-23,0.27016210879778796,0.2804975120740806,0.2621758675164713,0.18716451161166014
2019-12-24,0.27016210879778796,0.2804975120740806,0.2621758675164713,0.18716451161166014
2019-12-26,0.27016210879778796,0.2804975120740806,0.2621758675164713,0.18716451161166014
2019-12-27,0.27016210879778796,0.2804975120740806,0.2621758675164713,0.18716451161166014
2019-12-30,0.26977115802357676,0.2748165523516785,0.25740080189331427,0.19801148773143049
2019-12-31,0.26977115802357676,0.2748165523516785,0.25740080189331427,0.19801148773143049
2020-01-02,0.26977115802357676,0.2748165523516785,0.25740080189331427,0.19801148773143049
2020-01-03,0.26977115802357676,0.2748165523516785,0.25740080189331427,0.19801148773143049
2020-01-06,0.26977115802357676,0.2748165523516785,0.25740080189331427,0.19801148773143049
2020-01-07,0.26977115802357676,0.2748165523516785,0.25740080189331427,0.19801148773143049
2020-01-08,0.26977115802357676,0.2748165523516785,0.25740080189331427,0.19801148773143049
2020-01-09,0.26977115802357676,0.2748165523516785,0.25740080189331427,0.19801148773143049
2020-01-10,0.26977115802357676,0.2748165523516785,0.25740080189331427,0.19801148773143049
2020-01-13,0.26977115802357676,0.2748165523516785,0.25740080189331427,0.19801148773143049
2020-01-14,0.27651640408241723,0.3020740539752444,0.268574538480082,0.1528350034622564
2020-01-15,0.27651640408241723,0.3020740539752444,0.268574538480082,0.1528350034622564
2020-01-16,0.27651640408241723,0.3020740539752444,0.268574538480082,0.1528350034622564
2020-01-17,0.27651640408241723,0.3020740539752444,0.268574538480082,0.1528350034622564
2020-01-21,0.27651640408241723,0.3020740539752444,0.268574538480082,0.1528350034622564
2020-01-22,0.27651640408241723,0.3020740539752444,0.268574538480082,0.1528350034622564
2020-01-23,0.27651640408241723,0.3020740539752444,0.268574538480082,0.1528350034622564
2020-01-24,0.27651640408241723,0.3020740539752444,0.268574538480082,0.1528350034622564
2020-01-27,0.27651640408241723,0.3020740539752444,0.268574538480082,0.1528350034622564
2020-01-28,0.27651640408241723,0.3020740539752444,0.268574538480082,0.1528350034622564
2020-01-29,0.2775235168008569,0.3042078667915016,0.2679122005578656,0.15035641584977588
2020-01-30,0.2775235168008569,0.3042078667915016,0.2679122005578656,0.15035641584977588
2020-01-31,0.2775235168008569,0.3042078667915016,0.2679122005578656,0.15035641584977588
2020-02-03,0.2775235168008569,0.3042078667915016,0.2679122005578656,0.15035641584977588
2020-02-04,0.2775235168008569,0.3042078667915016,0.2679122005578656,0.15035641584977588
2020-02-05,0.2775235168008569,0.3042078667915016,0.2679122005578656,0.15035641584977588
2020-02-06,0.2775235168008569,0.3042078667915016,0.2679122005578656,0.15035641584977588
2020-02-07,0.2775235168008569,0.3042078667915016,0.2679122005578656,0.15035641584977588
2020-02-10,0.2775235168008569,0.3042078667915016,0.2679122005578656,0.15035641584977588
2020-02-11,0.2775235168008569,0.3042078667915016,0.2679122005578656,0.15035641584977588
2020-02-12,0.2636770107519073,0.2857002392678976,0.2656101866175906,0.18501256336260452
2020-02-13,0.2636770107519073,0.2857002392678976,0.2656101866175906,0.18501256336260452
2020-02-14,0.2636770107519073,0.2857002392678976,0.2656101866175906,0.18501256336260452
2020-02-18,0.2636770107519073,0.2857002392678976,0.2656101866175906,0.18501256336260452
2020-02-19,0.2636770107519073,0.2857002392678976,0.2656101866175906,0.18501256336260452
2020-02-20,0.2636770107519073,0.2857002392678976,0.2656101866175906,0.18501256336260452
2020-02-21,0.2636770107519073,0.2857002392678976,0.2656101866175906,0.18501256336260452
2020-02-24,0.2636770107519073,0.2857002392678976,0.2656101866175906,0.18501256336260452
2020-02-25,0.2636770107519073,0.2857002392678976,0.2656101866175906,0.18501256336260452
2020-02-26,0.2636770107519073,0.2857002392678976,0.2656101866175906,0.18501256336260452
2020-02-27,0.539228537808081,-0.02930530255065868,0.501876131687064,-0.011799366944486286
2020-02-28,0.539228537808081,-0.02930530255065868,0.501876131687064,-0.011799366944486286
2020-03-02,0.539228537808081,-0.02930530255065868,0.501876131687064,-0.011799366944486286
2020-03-03,0.539228537808081,-0.02930530255065868,0.501876131687064,-0.011799366944486286
2020-03-04,0.539228537808081,-0.02930530255065868,0.501876131687064,-0.011799366944486286
2020-03-05,0.539228537808081,-0.02930530255065868,0.501876131687064,-0.011799366944486286
2020-03-06,0.539228537808081,-0.02930530255065868,0.501876131687064,-0.011799366944486286
2020-03-09,0.539228537808081,-0.02930530255065868,0.501876131687064,-0.011799366944486286
2020-03-10,0.539228537808081,-0.02930530255065868,0.501876131687064,-0.011799366944486286
2020-03-11,0.539228537808081,-0.02930530255065868,0.501876131687064,-0.011799366944486286
2020-03-12,0.31781577919605253,0.3612437531604866,0.25680029099740204,0.0641401766460587
2020-03-13,0.31781577919605253,0.3612437531604866,0.25680029099740204,0.0641401766460587
2020-03-16,0.31781577919605253,0.3612437531604866,0.25680029099740204,0.0641401766460587
2020-03-17,0.31781577919605253,0.3612437531604866,0.25680029099740204,0.0641401766460587
2020-03-18,0.31781577919605253,0.3612437531604866,0.25680029099740204,0.0641401766460587
2020-03-19,0.31781577919605253,0.3612437531604866,0.25680029099740204,0.0641401766460587
2020-03-20,0.31781577919605253,0.3612437531604866,0.25680029099740204,0.0641401766460587
2020-03-23,0.31781577919605253,0.3612437531604866,0.25680029099740204,0.0641401766460587
2020-03-24,0.31781577919605253,0.3612437531604866,0.25680029099740204,0.0641401766460587
2020-03-25,0.31781577919605253,0.3612437531604866,0.25680029099740204,0.0641401766460587
2020-03-26,0.3787703426129622,0.28089005753296575,0.21484075771064307,0.125498842143429
2020-03-27,0.3787703426129622,0.28089005753296575,0.21484075771064307,0.125498842143429
2020-03-30,0.3787703426129622,0.28089005753296575,0.21484075771064307,0.125498842143429
2020-03-31,0.3787703426129622,0.28089005753296575,0.21484075771064307,0.125498842143429
2020-04-01,0.3787703426129622,0.28089005753296575,0.21484075771064307,0.125498842143429
2020-04-02,0.3787703426129622,0.28089005753296575,0.21484075771064307,0.125498842143429
2020-04-03,0.3787703426129622,0.28089005753296575,0.21484075771064307,0.125498842143429
2020-04-06,0.3787703426129622,0.28089005753296575,0.21484075771064307,0.125498842143429
2020-04-07,0.3787703426129622,0.28089005753296575,0.21484075771064307,0.125498842143429
2020-04-08,0.3787703426129622,0.28089005753296575,0.21484075771064307,0.125498842143429
2020-04-09,0.4117235877266105,0.24624763777837297,0.20140264343655867,0.14062613105845792
2020-04-13,0.4117235877266105,0.24624763777837297,0.20140264343655867,0.14062613105845792
2020-04-14,0.4117235877266105,0.24624763777837297,0.20140264343655867,0.14062613105845792
2020-04-15,0.4117235877266105,0.24624763777837297,0.20140264343655867,0.14062613105845792
2020-04-16,0.4117235877266105,0.24624763777837297,0.20140264343655867,0.14062613105845792
2020-04-17,0.4117235877266105,0.24624763777837297,0.20140264343655867,0.14062613105845792
2020-04-20,0.4117235877266105,0.24624763777837297,0.20140264343655867,0.14062613105845792
2020-04-21,0.4117235877266105,0.24624763777837297,0.20140264343655867,0.14062613105845792
2020-04-22,0.4117235877266105,0.24624763777837297,0.20140264343655867,0.14062613105845792
2020-04-23,0.4117235877266105,0.24624763777837297,0.20140264343655867,0.14062613105845792
2020-04-24,0.4214548455765484,0.22325148447345278,0.2102349880048576,0.1450586819451412
2020-04-27,0.4214548455765484,0.22325148447345278,0.2102349880048576,0.1450586819451412
2020-04-28,0.4214548455765484,0.22325148447345278,0.2102349880048576,0.1450586819451412
2020-04-29,0.4214548455765484,0.22325148447345278,0.2102349880048576,0.1450586819451412
2020-04-30,0.4214548455765484,0.22325148447345278,0.2102349880048576,0.1450586819451412
2020-05-01,0.4214548455765484,0.22325148447345278,0.2102349880048576,0.1450586819451412
2020-05-04,0.4214548455765484,0.22325148447345278,0.2102349880048576,0.1450586819451412
2020-05-05,0.4214548455765484,0.22325148447345278,0.2102349880048576,0.1450586819451412
2020-05-06,0.4214548455765484,0.22325148447345278,0.2102349880048576,0.1450586819451412
2020-05-07,0.4214548455765484,0.22325148447345278,0.2102349880048576,0.1450586819451412
2020-05-08,0.42391166327216995,0.22352798967716264,0.21533226783623316,0.13722807921443417
2020-05-11,0.42391166327216995,0.22352798967716264,0.21533226783623316,0.13722807921443417
2020-05-12,0.42391166327216995,0.22352798967716264,0.21533226783623316,0.13722807921443417
2020-05-13,0.42391166327216995,0.22352798967716264,0.21533226783623316,0.13722807921443417
2020-05-14,0.42391166327216995,0.22352798967716264,0.21533226783623316,0.13722807921443417
2020-05-15,0.42391166327216995,0.22352798967716264,0.21533226783623316,0.13722807921443417
2020-05-18,0.42391166327216995,0.22352798967716264,0.21533226783623316,0.13722807921443417
2020-05-19,0.42391166327216995,0.22352798967716264,0.21533226783623316,0.13722807921443417
2020-05-20,0.42391166327216995,0.22352798967716264,0.21533226783623316,0.13722807921443417
2020-05-21,0.42391166327216995,0.22352798967716264,0.21533226783623316,0.13722807921443417
2020-05-22,0.4292034807392857,0.21239930422203102,0.2209489710679488,0.1374482439707345
2020-05-26,0.4292034807392857,0.21239930422203102,0.2209489710679488,0.1374482439707345
2020-05-27,0.4292034807392857,0.21239930422203102,0.2209489710679488,0.1374482439707345
2020-05-28,0.4292034807392857,0.21239930422203102,0.2209489710679488,0.1374482439707345
2020-05-29,0.4292034807392857,0.21239930422203102,0.2209489710679488,0.1374482439707345
2020-06-01,0.4292034807392857,0.21239930422203102,0.2209489710679488,0.1374482439707345
2020-06-02,0.4292034807392857,0.21239930422203102,0.2209489710679488,0.1374482439707345
2020-06-03,0.4292034807392857,0.21239930422203102,0.2209489710679488,0.1374482439707345
2020-06-04,0.4292034807392857,0.21239930422203102,0.2209489710679488,0.1374482439707345
2020-06-05,0.4292034807392857,0.21239930422203102,0.2209489710679488,0.1374482439707345
2020-06-08,0.44958568632546814,0.15718672067581205,0.24088960216724956,0.15233799083147034
2020-06-09,0.44958568632546814,0.15718672067581205,0.24088960216724956,0.15233799083147034
2020-06-10,0.44958568632546814,0.15718672067581205,0.24088960216724956,0.15233799083147034
2020-06-11,0.44958568632546814,0.15718672067581205,0.24088960216724956,0.15233799083147034
2020-06-12,0.44958568632546814,0.15718672067581205,0.24088960216724956,0.15233799083147034
2020-06-15,0.44958568632546814,0.15718672067581205,0.24088960216724956,0.15233799083147034
2020-06-16,0.44958568632546814,0.15718672067581205,0.24088960216724956,0.15233799083147034
2020-06-17,0.44958568632546814,0.15718672067581205,0.24088960216724956,0.15233799083147034
2020-06-18,0.44958568632546814,0.15718672067581205,0.24088960216724956,0.15233799083147034
2020-06-19,0.44958568632546814,0.15718672067581205,0.24088960216724956,0.15233799083147034
2020-06-22,0.4905223539622207,-0.01921082379908774,0.4832661440056417,0.045422325831225324
2020-06-23,0.4905223539622207,-0.01921082379908774,0.4832661440056417,0.045422325831225324
2020-06-24,0.4905223539622207,-0.01921082379908774,0.4832661440056417,0.045422325831225324
2020-06-25,0.4905223539622207,-0.01921082379908774,0.4832661440056417,0.045422325831225324
2020-06-26,0.4905223539622207,-0.01921082379908774,0.4832661440056417,0.045422325831225324
2020-06-29,0.4905223539622207,-0.01921082379908774,0.4832661440056417,0.045422325831225324
2020-06-30,0.4905223539622207,-0.01921082379908774,0.4832661440056417,0.045422325831225324
2020-07-01,0.4905223539622207,-0.01921082379908774,0.4832661440056417,0.045422325831225324
2020-07-02,0.4905223539622207,-0.01921082379908774,0.4832661440056417,0.045422325831225324
2020-07-06,0.4905223539622207,-0.01921082379908774,0.4832661440056417,0.045422325831225324
2020-07-07,0.48010348408596365,-0.02126831473370644,0.4816381767622417,0.05952665388550116
2020-07-08,0.48010348408596365,-0.02126831473370644,0.4816381767622417,0.05952665388550116
2020-07-09,0.48010348408596365,-0.02126831473370644,0.4816381767622417,0.05952665388550116
2020-07-10,0.48010348408596365,-0.02126831473370644,0.4816381767622417,0.05952665388550116
2020-07-13,0.48010348408596365,-0.02126831473370644,0.4816381767622417,0.05952665388550116
2020-07-14,0.48010348408596365,-0.02126831473370644,0.4816381767622417,0.05952665388550116
2020-07-15,0.48010348408596365,-0.02126831473370644,0.4816381767622417,0.05952665388550116
2020-07-16,0.48010348408596365,-0.02126831473370644,0.4816381767622417,0.05952665388550116
2020-07-17,0.48010348408596365,-0.02126831473370644,0.4816381767622417,0.05952665388550116
2020-07-20,0.48010348408596365,-0.02126831473370644,0.4816381767622417,0.05952665388550116
2020-07-21,0.4765613458542832,-0.01941216692203931,0.4853077483231214,0.057543072744634646
2020-07-22,0.4765613458542832,-0.01941216692203931,0.4853077483231214,0.057543072744634646
2020-07-23,0.4765613458542832,-0.01941216692203931,0.4853077483231214,0.057543072744634646
2020-07-24,0.4765613458542832,-0.01941216692203931,0.4853077483231214,0.057543072744634646
2020-07-27,0.4765613458542832,-0.01941216692203931,0.4853077483231214,0.057543072744634646
2020-07-28,0.4765613458542832,-0.01941216692203931,0.4853077483231214,0.057543072744634646
2020-07-29,0.4765613458542832,-0.01941216692203931,0.4853077483231214,0.057543072744634646
2020-07-30,0.4765613458542832,-0.01941216692203931,0.4853077483231214,0.057543072744634646
2020-07-31,0.4765613458542832,-0.01941216692203931,0.4853077483231214,0.057543072744634646
2020-08-03,0.4765613458542832,-0.01941216692203931,0.4853077483231214,0.057543072744634646
2020-08-04,0.47523967694359553,-0.025318643808185905,0.48553737490674304,0.06454159195784727
2020-08-05,0.47523967694359553,-0.025318643808185905,0.48553737490674304,0.06454159195784727
2020-08-06,0.47523967694359553,-0.025318643808185905,0.48553737490674304,0.06454159195784727
2020-08-07,0.47523967694359553,-0.025318643808185905,0.48553737490674304,0.06454159195784727
2020-08-10,0.47523967694359553,-0.025318643808185905,0.48553737490674304,0.06454159195784727
2020-08-11,0.47523967694359553,-0.025318643808185905,0.48553737490674304,0.06454159195784727
2020-08-12,0.47523967694359553,-0.025318643808185905,0.48553737490674304,0.06454159195784727
2020-08-13,0.47523967694359553,-0.025318643808185905,0.48553737490674304,0.06454159195784727
2020-08-14,0.47523967694359553,-0.025318643808185905,0.48553737490674304,0.06454159195784727
2020-08-17,0.47523967694359553,-0.025318643808185905,0.48553737490674304,0.06454159195784727
2020-08-18,0.4663849948169008,-0.01842504465346078,0.4798537152136466,0.07218633462291321
2020-08-19,0.4663849948169008,-0.01842504465346078,0.4798537152136466,0.07218633462291321
2020-08-20,0.4663849948169008,-0.01842504465346078,0.4798537152136466,0.07218633462291321
2020-08-21,0.4663849948169008,-0.01842504465346078,0.4798537152136466,0.07218633462291321
2020-08-24,0.4663849948169008,-0.01842504465346078,0.4798537152136466,0.07218633462291321
2020-08-25,0.4663849948169008,-0.01842504465346078,0.4798537152136466,0.07218633462291321
2020-08-26,0.4663849948169008,-0.01842504465346078,0.4798537152136466,0.07218633462291321
2020-08-27,0.4663849948169008,-0.01842504465346078,0.4798537152136466,0.07218633462291321
2020-08-28,0.4663849948169008,-0.01842504465346078,0.4798537152136466,0.07218633462291321
2020-08-31,0.4663849948169008,-0.01842504465346078,0.4798537152136466,0.07218633462291321
2020-09-01,0.3357653077512159,0.043066747912986716,0.34999774369769704,0.2711702006381004
2020-09-02,0.3357653077512159,0.043066747912986716,0.34999774369769704,0.2711702006381004
2020-09-03,0.3357653077512159,0.043066747912986716,0.34999774369769704,0.2711702006381004
2020-09-04,0.3357653077512159,0.043066747912986716,0.34999774369769704,0.2711702006381004
2020-09-08,0.3357653077512159,0.043066747912986716,0.34999774369769704,0.2711702006381004
2020-09-09,0.3357653077512159,0.043066747912986716,0.34999774369769704,0.2711702006381004
2020-09-10,0.3357653077512159,0.043066747912986716,0.34999774369769704,0.2711702006381004
2020-09-11,0.3357653077512159,0.043066747912986716,0.34999774369769704,0.2711702006381004
2020-09-14,0.3357653077512159,0.043066747912986716,0.34999774369769704,0.2711702006381004
2020-09-15,0.3357653077512159,0.043066747912986716,0.34999774369769704,0.2711702006381004
2020-09-16,0.3029543065312771,0.05257002969350305,0.35942575694794016,0.2850499068272798
2020-09-17,0.3029543065312771,0.05257002969350305,0.35942575694794016,0.2850499068272798
2020-09-18,0.3029543065312771,0.05257002969350305,0.35942575694794016,0.2850499068272798
2020-09-21,0.3029543065312771,0.05257002969350305,0.35942575694794016,0.2850499068272798
2020-09-22,0.3029543065312771,0.05257002969350305,0.35942575694794016,0.2850499068272798
2020-09-23,0.3029543065312771,0.05257002969350305,0.35942575694794016,0.2850499068272798
2020-09-24,0.3029543065312771,0.05257002969350305,0.35942575694794016,0.2850499068272798
2020-09-25,0.3029543065312771,0.05257002969350305,0.35942575694794016,0.2850499068272798
2020-09-28,0.3029543065312771,0.05257002969350305,0.35942575694794016,0.2850499068272798
2020-09-29,0.3029543065312771,0.05257002969350305,0.35942575694794016,0.2850499068272798
2020-09-30,0.27597644127619775,0.07990330291916208,0.3562081784774298,0.28791207732721036
2020-10-01,0.27597644127619775,0.07990330291916208,0.3562081784774298,0.28791207732721036
2020-10-02,0.27597644127619775,0.07990330291916208,0.3562081784774298,0.28791207732721036
2020-10-05,0.27597644127619775,0.07990330291916208,0.3562081784774298,0.28791207732721036
2020-10-06,0.27597644127619775,0.07990330291916208,0.3562081784774298,0.28791207732721036
2020-10-07,0.27597644127619775,0.07990330291916208,0.3562081784774298,0.28791207732721036
2020-10-08,0.27597644127619775,0.07990330291916208,0.3562081784774298,0.28791207732721036
2020-10-09,0.27597644127619775,0.07990330291916208,0.3562081784774298,0.28791207732721036
2020-10-12,0.27597644127619775,0.07990330291916208,0.3562081784774298,0.28791207732721036
2020-10-13,0.27597644127619775,0.07990330291916208,0.3562081784774298,0.28791207732721036
2020-10-14,0.2786319175222984,0.07503935566702348,0.3623538916017057,0.2839748352089725
2020-10-15,0.2786319175222984,0.07503935566702348,0.3623538916017057,0.2839748352089725
2020-10-16,0.2786319175222984,0.07503935566702348,0.3623538916017057,0.2839748352089725
2020-10-19,0.2786319175222984,0.07503935566702348,0.3623538916017057,0.2839748352089725
2020-10-20,0.2786319175222984,0.07503935566702348,0.3623538916017057,0.2839748352089725
2020-10-21,0.2786319175222984,0.07503935566702348,0.3623538916017057,0.2839748352089725
2020-10-22,0.2786319175222984,0.07503935566702348,0.3623538916017057,0.2839748352089725
2020-10-23,0.2786319175222984,0.07503935566702348,0.3623538916017057,0.2839748352089725
2020-10-26,0.2786319175222984,0.07503935566702348,0.3623538916017057,0.2839748352089725
2020-10-27,0.2786319175222984,0.07503935566702348,0.3623538916017057,0.2839748352089725
2020-10-28,0.28165301572529594,0.07783349933293889,0.3465255731384259,0.2939879118033392
2020-10-29,0.28165301572529594,0.07783349933293889,0.3465255731384259,0.2939879118033392
2020-10-30,0.28165301572529594,0.07783349933293889,0.3465255731384259,0.2939879118033392
2020-11-02,0.28165301572529594,0.07783349933293889,0.3465255731384259,0.2939879118033392
2020-11-03,0.28165301572529594,0.07783349933293889,0.3465255731384259,0.2939879118033392
2020-11-04,0.28165301572529594,0.07783349933293889,0.3465255731384259,0.2939879118033392
2020-11-05,0.28165301572529594,0.07783349933293889,0.3465255731384259,0.2939879118033392
2020-11-06,0.28165301572529594,0.07783349933293889,0.3465255731384259,0.2939879118033392
2020-11-09,0.28165301572529594,0.07783349933293889,0.3465255731384259,0.2939879118033392
2020-11-10,0.28165301572529594,0.07783349933293889,0.3465255731384259,0.2939879118033392
2020-11-11,0.3194332010673623,0.10386366872518685,0.29418244942908,0.2825206807783709
2020-11-12,0.3194332010673623,0.10386366872518685,0.29418244942908,0.2825206807783709
2020-11-13,0.3194332010673623,0.10386366872518685,0.29418244942908,0.2825206807783709
2020-11-16,0.3194332010673623,0.10386366872518685,0.29418244942908,0.2825206807783709
2020-11-17,0.3194332010673623,0.10386366872518685,0.29418244942908,0.2825206807783709
2020-11-18,0.3194332010673623,0.10386366872518685,0.29418244942908,0.2825206807783709
2020-11-19,0.3194332010673623,0.10386366872518685,0.29418244942908,0.2825206807783709
2020-11-20,0.3194332010673623,0.10386366872518685,0.29418244942908,0.2825206807783709
2020-11-23,0.3194332010673623,0.10386366872518685,0.29418244942908,0.2825206807783709
2020-11-24,0.3194332010673623,0.10386366872518685,0.29418244942908,0.2825206807783709
2020-11-25,0.3598339525687503,0.07367784801811397,0.3202068368866984,0.2462813625264373
2020-11-27,0.3598339525687503,0.07367784801811397,0.3202068368866984,0.2462813625264373
2020-11-30,0.3598339525687503,0.07367784801811397,0.3202068368866984,0.2462813625264373
2020-12-01,0.3598339525687503,0.07367784801811397,0.3202068368866984,0.2462813625264373
2020-12-02,0.3598339525687503,0.07367784801811397,0.3202068368866984,0.2462813625264373
2020-12-03,0.3598339525687503,0.07367784801811397,0.3202068368866984,0.2462813625264373
2020-12-04,0.3598339525687503,0.07367784801811397,0.3202068368866984,0.2462813625264373
2020-12-07,0.3598339525687503,0.07367784801811397,0.3202068368866984,0.2462813625264373
2020-12-08,0.3598339525687503,0.07367784801811397,0.3202068368866984,0.2462813625264373
2020-12-09,0.3598339525687503,0.07367784801811397,0.3202068368866984,0.2462813625264373
2020-12-10,0.33393004028973855,0.1188896805864091,0.30626292617427386,0.2409173529495784
2020-12-11,0.33393004028973855,0.1188896805864091,0.30626292617427386,0.2409173529495784
2020-12-14,0.33393004028973855,0.1188896805864091,0.30626292617427386,0.2409173529495784
2020-12-15,0.33393004028973855,0.1188896805864091,0.30626292617427386,0.2409173529495784
2020-12-16,0.33393004028973855,0.1188896805864091,0.30626292617427386,0.2409173529495784
2020-12-17,0.33393004028973855,0.1188896805864091,0.30626292617427386,0.2409173529495784
2020-12-18,0.33393004028973855,0.1188896805864091,0.30626292617427386,0.2409173529495784
2020-12-21,0.33393004028973855,0.1188896805864091,0.30626292617427386,0.2409173529495784
2020-12-22,0.33393004028973855,0.1188896805864091,0.30626292617427386,0.2409173529495784
2020-12-23,0.33393004028973855,0.1188896805864091,0.30626292617427386,0.2409173529495784
2020-12-24,0.3095738140193783,0.14469352054804813,0.2895078190005013,0.2562248464320722
2020-12-28,0.3095738140193783,0.14469352054804813,0.2895078190005013,0.2562248464320722
2020-12-29,0.3095738140193783,0.14469352054804813,0.2895078190005013,0.2562248464320722
2020-12-30,0.3095738140193783,0.14469352054804813,0.2895078190005013,0.2562248464320722
2020-12-31,0.3095738140193783,0.14469352054804813,0.2895078190005013,0.2562248464320722
2021-01-04,0.3095738140193783,0.14469352054804813,0.2895078190005013,0.2562248464320722
2021-01-05,0.3095738140193783,0.14469352054804813,0.2895078190005013,0.2562248464320722
2021-01-06,0.3095738140193783,0.14469352054804813,0.2895078190005013,0.2562248464320722
2021-01-07,0.3095738140193783,0.14469352054804813,0.2895078190005013,0.2562248464320722
2021-01-08,0.3095738140193783,0.14469352054804813,0.2895078190005013,0.2562248464320722
2021-01-11,0.25755059677601966,0.19744129477717476,0.2772526858309557,0.26775542261584984
2021-01-12,0.25755059677601966,0.19744129477717476,0.2772526858309557,0.26775542261584984
2021-01-13,0.25755059677601966,0.19744129477717476,0.2772526858309557,0.26775542261584984
2021-01-14,0.25755059677601966,0.19744129477717476,0.2772526858309557,0.26775542261584984
2021-01-15,0.25755059677601966,0.19744129477717476,0.2772526858309557,0.26775542261584984
2021-01-19,0.25755059677601966,0.19744129477717476,0.2772526858309557,0.26775542261584984
2021-01-20,0.25755059677601966,0.19744129477717476,0.2772526858309557,0.26775542261584984
2021-01-21,0.25755059677601966,0.19744129477717476,0.2772526858309557,0.26775542261584984
2021-01-22,0.25755059677601966,0.19744129477717476,0.2772526858309557,0.26775542261584984
2021-01-25,0.25755059677601966,0.19744129477717476,0.2772526858309557,0.26775542261584984
2021-01-26,0.2545943403090412,0.1774077870330035,0.3175365782903772,0.250461294367578
2021-01-27,0.2545943403090412,0.1774077870330035,0.3175365782903772,0.250461294367578
2021-01-28,0.2545943403090412,0.1774077870330035,0.3175365782903772,0.250461294367578
2021-01-29,0.2545943403090412,0.1774077870330035,0.3175365782903772,0.250461294367578
2021-02-01,0.2545943403090412,0.1774077870330035,0.3175365782903772,0.250461294367578
2021-02-02,0.2545943403090412,0.1774077870330035,0.3175365782903772,0.250461294367578
2021-02-03,0.2545943403090412,0.1774077870330035,0.3175365782903772,0.250461294367578
2021-02-04,0.2545943403090412,0.1774077870330035,0.3175365782903772,0.250461294367578
2021-02-05,0.2545943403090412,0.1774077870330035,0.3175365782903772,0.250461294367578
2021-02-08,0.2545943403090412,0.1774077870330035,0.3175365782903772,0.250461294367578
2021-02-09,0.29351865919942416,0.09513019273059618,0.3550047516553281,0.2563463964146515
2021-02-10,0.29351865919942416,0.09513019273059618,0.3550047516553281,0.2563463964146515
2021-02-11,0.29351865919942416,0.09513019273059618,0.3550047516553281,0.2563463964146515
2021-02-12,0.29351865919942416,0.09513019273059618,0.3550047516553281,0.2563463964146515
2021-02-16,0.29351865919942416,0.09513019273059618,0.3550047516553281,0.2563463964146515
2021-02-17,0.29351865919942416,0.09513019273059618,0.3550047516553281,0.2563463964146515
2021-02-18,0.29351865919942416,0.09513019273059618,0.3550047516553281,0.2563463964146515
2021-02-19,0.29351865919942416,0.09513019273059618,0.3550047516553281,0.2563463964146515
2021-02-22,0.29351865919942416,0.09513019273059618,0.3550047516553281,0.2563463964146515
2021-02-23,0.29351865919942416,0.09513019273059618,0.3550047516553281,0.2563463964146515
2021-02-24,0.2574373506977562,0.14474032580672525,0.3473539078234208,0.25046841567209777
2021-02-25,0.2574373506977562,0.14474032580672525,0.3473539078234208,0.25046841567209777
2021-02-26,0.2574373506977562,0.14474032580672525,0.3473539078234208,0.25046841567209777
2021-03-01,0.2574373506977562,0.14474032580672525,0.3473539078234208,0.25046841567209777
2021-03-02,0.2574373506977562,0.14474032580672525,0.3473539078234208,0.25046841567209777
2021-03-03,0.2574373506977562,0.14474032580672525,0.3473539078234208,0.25046841567209777
2021-03-04,0.2574373506977562,0.14474032580672525,0.3473539078234208,0.25046841567209777
2021-03-05,0.2574373506977562,0.14474032580672525,0.3473539078234208,0.25046841567209777
2021-03-08,0.2574373506977562,0.14474032580672525,0.3473539078234208,0.25046841567209777
2021-03-09,0.2574373506977562,0.14474032580672525,0.3473539078234208,0.25046841567209777
2021-03-10,0.2533019591767599,0.25251209197168184,0.2900479368722049,0.2041380119793534
2021-03-11,0.2533019591767599,0.25251209197168184,0.2900479368722049,0.2041380119793534
2021-03-12,0.2533019591767599,0.25251209197168184,0.2900479368722049,0.2041380119793534
2021-03-15,0.2533019591767599,0.25251209197168184,0.2900479368722049,0.2041380119793534
2021-03-16,0.2533019591767599,0.25251209197168184,0.2900479368722049,0.2041380119793534
2021-03-17,0.2533019591767599,0.25251209197168184,0.2900479368722049,0.2041380119793534
2021-03-18,0.2533019591767599,0.25251209197168184,0.2900479368722049,0.2041380119793534
2021-03-19,0.2533019591767599,0.25251209197168184,0.2900479368722049,0.2041380119793534
2021-03-22,0.2533019591767599,0.25251209197168184,0.2900479368722049,0.2041380119793534
2021-03-23,0.2533019591767599,0.25251209197168184,0.2900479368722049,0.2041380119793534
2021-03-24,0.26177141809496535,0.26854989614234115,0.3018468649075624,0.16783182085513107
2021-03-25,0.26177141809496535,0.26854989614234115,0.3018468649075624,0.16783182085513107
2021-03-26,0.26177141809496535,0.26854989614234115,0.3018468649075624,0.16783182085513107
2021-03-29,0.26177141809496535,0.26854989614234115,0.3018468649075624,0.16783182085513107
2021-03-30,0.26177141809496535,0.26854989614234115,0.3018468649075624,0.16783182085513107
2021-03-31,0.26177141809496535,0.26854989614234115,0.3018468649075624,0.16783182085513107
2021-04-01,0.26177141809496535,0.26854989614234115,0.3018468649075624,0.16783182085513107
2021-04-05,0.26177141809496535,0.26854989614234115,0.3018468649075624,0.16783182085513107
2021-04-06,0.26177141809496535,0.26854989614234115,0.3018468649075624,0.16783182085513107
2021-04-07,0.26177141809496535,0.26854989614234115,0.3018468649075624,0.16783182085513107
2021-04-08,0.2713228104896014,0.2781809747033353,0.2979941057021134,0.15250210910494993
2021-04-09,0.2713228104896014,0.2781809747033353,0.2979941057021134,0.15250210910494993
2021-04-12,0.2713228104896014,0.2781809747033353,0.2979941057021134,0.15250210910494993
2021-04-13,0.2713228104896014,0.2781809747033353,0.2979941057021134,0.15250210910494993
2021-04-14,0.2713228104896014,0.2781809747033353,0.2979941057021134,0.15250210910494993
2021-04-15,0.2713228104896014,0.2781809747033353,0.2979941057021134,0.15250210910494993
2021-04-16,0.2713228104896014,0.2781809747033353,0.2979941057021134,0.15250210910494993
2021-04-19,0.2713228104896014,0.2781809747033353,0.2979941057021134,0.15250210910494993
2021-04-20,0.2713228104896014,0.2781809747033353,0.2979941057021134,0.15250210910494993
2021-04-21,0.2713228104896014,0.2781809747033353,0.2979941057021134,0.15250210910494993
2021-04-22,0.28299313919251945,0.29902842531455837,0.2824190135640318,0.1355594219288904
2021-04-23,0.28299313919251945,0.29902842531455837,0.2824190135640318,0.1355594219288904
2021-04-26,0.28299313919251945,0.29902842531455837,0.2824190135640318,0.1355594219288904
2021-04-27,0.28299313919251945,0.29902842531455837,0.2824190135640318,0.1355594219288904
2021-04-28,0.28299313919251945,0.29902842531455837,0.2824190135640318,0.1355594219288904
2021-04-29,0.28299313919251945,0.29902842531455837,0.2824190135640318,0.1355594219288904
2021-04-30,0.28299313919251945,0.29902842531455837,0.2824190135640318,0.1355594219288904
2021-05-03,0.28299313919251945,0.29902842531455837,0.2824190135640318,0.1355594219288904
2021-05-04,0.28299313919251945,0.29902842531455837,0.2824190135640318,0.1355594219288904
2021-05-05,0.28299313919251945,0.29902842531455837,0.2824190135640318,0.1355594219288904
2021-05-06,0.28102479305242367,0.2931495766700908,0.2775188666597225,0.14830676361776302
2021-05-07,0.28102479305242367,0.2931495766700908,0.2775188666597225,0.14830676361776302
2021-05-10,0.28102479305242367,0.2931495766700908,0.2775188666597225,0.14830676361776302
2021-05-11,0.28102479305242367,0.2931495766700908,0.2775188666597225,0.14830676361776302
2021-05-12,0.28102479305242367,0.2931495766700908,0.2775188666597225,0.14830676361776302
2021-05-13,0.28102479305242367,0.2931495766700908,0.2775188666597225,0.14830676361776302
2021-05-14,0.28102479305242367,0.2931495766700908,0.2775188666597225,0.14830676361776302
2021-05-17,0.28102479305242367,0.2931495766700908,0.2775188666597225,0.14830676361776302
2021-05-18,0.28102479305242367,0.2931495766700908,0.2775188666597225,0.14830676361776302
2021-05-19,0.28102479305242367,0.2931495766700908,0.2775188666597225,0.14830676361776302
2021-05-20,0.2772910887178789,0.28833680584331295,0.27913107448863517,0.15524103095017294
2021-05-21,0.2772910887178789,0.28833680584331295,0.27913107448863517,0.15524103095017294
2021-05-24,0.2772910887178789,0.28833680584331295,0.27913107448863517,0.15524103095017294
2021-05-25,0.2772910887178789,0.28833680584331295,0.27913107448863517,0.15524103095017294
2021-05-26,0.2772910887178789,0.28833680584331295,0.27913107448863517,0.15524103095017294
2021-05-27,0.2772910887178789,0.28833680584331295,0.27913107448863517,0.15524103095017294
2021-05-28,0.2772910887178789,0.28833680584331295,0.27913107448863517,0.15524103095017294
2021-06-01,0.2772910887178789,0.28833680584331295,0.27913107448863517,0.15524103095017294
2021-06-02,0.2772910887178789,0.28833680584331295,0.27913107448863517,0.15524103095017294
2021-06-03,0.2772910887178789,0.28833680584331295,0.27913107448863517,0.15524103095017294
2021-06-04,0.2616239424246803,0.24314011497572993,0.3288545807555487,0.1663813618440411
2021-06-07,0.2616239424246803,0.24314011497572993,0.3288545807555487,0.1663813618440411
2021-06-08,0.2616239424246803,0.24314011497572993,0.3288545807555487,0.1663813618440411
2021-06-09,0.2616239424246803,0.24314011497572993,0.3288545807555487,0.1663813618440411
2021-06-10,0.2616239424246803,0.24314011497572993,0.3288545807555487,0.1663813618440411
2021-06-11,0.2616239424246803,0.24314011497572993,0.3288545807555487,0.1663813618440411
2021-06-14,0.2616239424246803,0.24314011497572993,0.3288545807555487,0.1663813618440411
2021-06-15,0.2616239424246803,0.24314011497572993,0.3288545807555487,0.1663813618440411
2021-06-16,0.2616239424246803,0.24314011497572993,0.3288545807555487,0.1663813618440411
2021-06-17,0.2616239424246803,0.24314011497572993,0.3288545807555487,0.1663813618440411
2021-06-18,0.2530604247059831,0.23034904585325489,0.32026456539838427,0.19632596404237768
2021-06-21,0.2530604247059831,0.23034904585325489,0.32026456539838427,0.19632596404237768
2021-06-22,0.2530604247059831,0.23034904585325489,0.32026456539838427,0.19632596404237768
2021-06-23,0.2530604247059831,0.23034904585325489,0.32026456539838427,0.19632596404237768
2021-06-24,0.2530604247059831,0.23034904585325489,0.32026456539838427,0.19632596404237768
2021-06-25,0.2530604247059831,0.23034904585325489,0.32026456539838427,0.19632596404237768
2021-06-28,0.2530604247059831,0.23034904585325489,0.32026456539838427,0.19632596404237768
2021-06-29,0.2530604247059831,0.23034904585325489,0.32026456539838427,0.19632596404237768
2021-06-30,0.2530604247059831,0.23034904585325489,0.32026456539838427,0.19632596404237768
2021-07-01,0.2530604247059831,0.23034904585325489,0.32026456539838427,0.19632596404237768
2021-07-02,0.2526361136639802,0.2278585605792607,0.32119140058302537,0.19831392517373372
2021-07-06,0.2526361136639802,0.2278585605792607,0.32119140058302537,0.19831392517373372
2021-07-07,0.2526361136639802,0.2278585605792607,0.32119140058302537,0.19831392517373372
2021-07-08,0.2526361136639802,0.2278585605792607,0.32119140058302537,0.19831392517373372
2021-07-09,0.2526361136639802,0.2278585605792607,0.32119140058302537,0.19831392517373372
2021-07-12,0.2526361136639802,0.2278585605792607,0.32119140058302537,0.19831392517373372
2021-07-13,0.2526361136639802,0.2278585605792607,0.32119140058302537,0.19831392517373372
2021-07-14,0.2526361136639802,0.2278585605792607,0.32119140058302537,0.19831392517373372
2021-07-15,0.2526361136639802,0.2278585605792607,0.32119140058302537,0.19831392517373372
2021-07-16,0.2526361136639802,0.2278585605792607,0.32119140058302537,0.19831392517373372
2021-07-19,0.24599911899707264,0.22814397364294928,0.31536852573837676,0.21048838162160127
2021-07-20,0.24599911899707264,0.22814397364294928,0.31536852573837676,0.21048838162160127
2021-07-21,0.24599911899707264,0.22814397364294928,0.31536852573837676,0.21048838162160127
2021-07-22,0.24599911899707264,0.22814397364294928,0.31536852573837676,0.21048838162160127
2021-07-23,0.24599911899707264,0.22814397364294928,0.31536852573837676,0.21048838162160127
2021-07-26,0.24599911899707264,0.22814397364294928,0.31536852573837676,0.21048838162160127
2021-07-27,0.24599911899707264,0.22814397364294928,0.31536852573837676,0.21048838162160127
2021-07-28,0.24599911899707264,0.22814397364294928,0.31536852573837676,0.21048838162160127
2021-07-29,0.24599911899707264,0.22814397364294928,0.31536852573837676,0.21048838162160127
2021-07-30,0.24599911899707264,0.22814397364294928,0.31536852573837676,0.21048838162160127
2021-08-02,0.23584631584599028,0.21803576339734054,0.34367692763126517,0.20244099312540412
2021-08-03,0.23584631584599028,0.21803576339734054,0.34367692763126517,0.20244099312540412
2021-08-04,0.23584631584599028,0.21803576339734054,0.34367692763126517,0.20244099312540412
2021-08-05,0.23584631584599028,0.21803576339734054,0.34367692763126517,0.20244099312540412
2021-08-06,0.23584631584599028,0.21803576339734054,0.34367692763126517,0.20244099312540412
2021-08-09,0.23584631584599028,0.21803576339734054,0.34367692763126517,0.20244099312540412
2021-08-10,0.23584631584599028,0.21803576339734054,0.34367692763126517,0.20244099312540412
2021-08-11,0.23584631584599028,0.21803576339734054,0.34367692763126517,0.20244099312540412
2021-08-12,0.23584631584599028,0.21803576339734054,0.34367692763126517,0.20244099312540412
2021-08-13,0.23584631584599028,0.21803576339734054,0.34367692763126517,0.20244099312540412
2021-08-16,0.22381738527306394,0.23093559234735753,0.34133079559608015,0.2039162267834984
2021-08-17,0.22381738527306394,0.23093559234735753,0.34133079559608015,0.2039162267834984
2021-08-18,0.22381738527306394,0.23093559234735753,0.34133079559608015,0.2039162267834984
2021-08-19,0.22381738527306394,0.23093559234735753,0.34133079559608015,0.2039162267834984
2021-08-20,0.22381738527306394,0.23093559234735753,0.34133079559608015,0.2039162267834984
2021-08-23,0.22381738527306394,0.23093559234735753,0.34133079559608015,0.2039162267834984
2021-08-24,0.22381738527306394,0.23093559234735753,0.34133079559608015,0.2039162267834984
2021-08-25,0.22381738527306394,0.23093559234735753,0.34133079559608015,0.2039162267834984
2021-08-26,0.22381738527306394,0.23093559234735753,0.34133079559608015,0.2039162267834984
2021-08-27,0.22381738527306394,0.23093559234735753,0.34133079559608015,0.2039162267834984
2021-08-30,0.22374832729839902,0.22613751612913185,0.35508368672076884,0.1950304698517003
2021-08-31,0.22374832729839902,0.22613751612913185,0.35508368672076884,0.1950304698517003
2021-09-01,0.22374832729839902,0.22613751612913185,0.35508368672076884,0.1950304698517003
2021-09-02,0.22374832729839902,0.22613751612913185,0.35508368672076884,0.1950304698517003
2021-09-03,0.22374832729839902,0.22613751612913185,0.35508368672076884,0.1950304698517003
2021-09-07,0.22374832729839902,0.22613751612913185,0.35508368672076884,0.1950304698517003
2021-09-08,0.22374832729839902,0.22613751612913185,0.35508368672076884,0.1950304698517003
2021-09-09,0.22374832729839902,0.22613751612913185,0.35508368672076884,0.1950304698517003
2021-09-10,0.22374832729839902,0.22613751612913185,0.35508368672076884,0.1950304698517003
2021-09-13,0.22374832729839902,0.22613751612913185,0.35508368672076884,0.1950304698517003
2021-09-14,0.22713108546020777,0.23410499509819027,0.3391118665649646,0.19965205287663734
2021-09-15,0.22713108546020777,0.23410499509819027,0.3391118665649646,0.19965205287663734
2021-09-16,0.22713108546020777,0.23410499509819027,0.3391118665649646,0.19965205287663734
2021-09-17,0.22713108546020777,0.23410499509819027,0.3391118665649646,0.19965205287663734
2021-09-20,0.22713108546020777,0.23410499509819027,0.3391118665649646,0.19965205287663734
2021-09-21,0.22713108546020777,0.23410499509819027,0.3391118665649646,0.19965205287663734
2021-09-22,0.22713108546020777,0.23410499509819027,0.3391118665649646,0.19965205287663734
2021-09-23,0.22713108546020777,0.23410499509819027,0.3391118665649646,0.19965205287663734
2021-09-24,0.22713108546020777,0.23410499509819027,0.3391118665649646,0.19965205287663734
2021-09-27,0.22713108546020777,0.23410499509819027,0.3391118665649646,0.19965205287663734
2021-09-28,0.22115862845046466,0.23662322158540902,0.34662069613324115,0.19559745383088528
2021-09-29,0.22115862845046466,0.23662322158540902,0.34662069613324115,0.19559745383088528
2021-09-30,0.22115862845046466,0.23662322158540902,0.34662069613324115,0.19559745383088528
2021-10-01,0.22115862845046466,0.23662322158540902,0.34662069613324115,0.19559745383088528
2021-10-04,0.22115862845046466,0.23662322158540902,0.34662069613324115,0.19559745383088528
2021-10-05,0.22115862845046466,0.23662322158540902,0.34662069613324115,0.19559745383088528
2021-10-06,0.22115862845046466,0.23662322158540902,0.34662069613324115,0.19559745383088528
2021-10-07,0.22115862845046466,0.23662322158540902,0.34662069613324115,0.19559745383088528
2021-10-08,0.22115862845046466,0.23662322158540902,0.34662069613324115,0.19559745383088528
2021-10-11,0.22115862845046466,0.23662322158540902,0.34662069613324115,0.19559745383088528
2021-10-12,0.22927360143450223,0.2312523069377687,0.3410628653894398,0.1984112262382892
2021-10-13,0.22927360143450223,0.2312523069377687,0.3410628653894398,0.1984112262382892
2021-10-14,0.22927360143450223,0.2312523069377687,0.3410628653894398,0.1984112262382892
2021-10-15,0.22927360143450223,0.2312523069377687,0.3410628653894398,0.1984112262382892
2021-10-18,0.22927360143450223,0.2312523069377687,0.3410628653894398,0.1984112262382892
2021-10-19,0.22927360143450223,0.2312523069377687,0.3410628653894398,0.1984112262382892
2021-10-20,0.22927360143450223,0.2312523069377687,0.3410628653894398,0.1984112262382892
2021-10-21,0.22927360143450223,0.2312523069377687,0.3410628653894398,0.1984112262382892
2021-10-22,0.22927360143450223,0.2312523069377687,0.3410628653894398,0.1984112262382892
2021-10-25,0.22927360143450223,0.2312523069377687,0.3410628653894398,0.1984112262382892
2021-10-26,0.23712688792622175,0.23372329095385613,0.33398676576233566,0.1951630553575864
2021-10-27,0.23712688792622175,0.23372329095385613,0.33398676576233566,0.1951630553575864
2021-10-28,0.23712688792622175,0.23372329095385613,0.33398676576233566,0.1951630553575864
2021-10-29,0.23712688792622175,0.23372329095385613,0.33398676576233566,0.1951630553575864
2021-11-01,0.23712688792622175,0.23372329095385613,0.33398676576233566,0.1951630553575864
2021-11-02,0.23712688792622175,0.23372329095385613,0.33398676576233566,0.1951630553575864
2021-11-03,0.23712688792622175,0.23372329095385613,0.33398676576233566,0.1951630553575864
2021-11-04,0.23712688792622175,0.23372329095385613,0.33398676576233566,0.1951630553575864
2021-11-05,0.23712688792622175,0.23372329095385613,0.33398676576233566,0.1951630553575864
2021-11-08,0.23712688792622175,0.23372329095385613,0.33398676576233566,0.1951630553575864
2021-11-09,0.23779367135608231,0.23321748778037746,0.3401767579314053,0.188812082932135
2021-11-10,0.23779367135608231,0.23321748778037746,0.3401767579314053,0.188812082932135
2021-11-11,0.23779367135608231,0.23321748778037746,0.3401767579314053,0.188812082932135
2021-11-12,0.23779367135608231,0.23321748778037746,0.3401767579314053,0.188812082932135
2021-11-15,0.23779367135608231,0.23321748778037746,0.3401767579314053,0.188812082932135
2021-11-16,0.23779367135608231,0.23321748778037746,0.3401767579314053,0.188812082932135
2021-11-17,0.23779367135608231,0.23321748778037746,0.3401767579314053,0.188812082932135
2021-11-18,0.23779367135608231,0.23321748778037746,0.3401767579314053,0.188812082932135
2021-11-19,0.23779367135608231,0.23321748778037746,0.3401767579314053,0.188812082932135
2021-11-22,0.23779367135608231,0.23321748778037746,0.3401767579314053,0.188812082932135
2021-11-23,0.25575111250861154,0.26233202150773777,0.2672978856197129,0.21461898036393792
2021-11-24,0.25575111250861154,0.26233202150773777,0.2672978856197129,0.21461898036393792
2021-11-26,0.25575111250861154,0.26233202150773777,0.2672978856197129,0.21461898036393792
2021-11-29,0.25575111250861154,0.26233202150773777,0.2672978856197129,0.21461898036393792
2021-11-30,0.25575111250861154,0.26233202150773777,0.2672978856197129,0.21461898036393792
2021-12-01,0.25575111250861154,0.26233202150773777,0.2672978856197129,0.21461898036393792
2021-12-02,0.25575111250861154,0.26233202150773777,0.2672978856197129,0.21461898036393792
2021-12-03,0.25575111250861154,0.26233202150773777,0.2672978856197129,0.21461898036393792
2021-12-06,0.25575111250861154,0.26233202150773777,0.2672978856197129,0.21461898036393792
2021-12-07,0.25575111250861154,0.26233202150773777,0.2672978856197129,0.21461898036393792
2021-12-08,0.2420192042412056,0.26423679160085317,0.29792459483235517,0.19581940932558614
2021-12-09,0.2420192042412056,0.26423679160085317,0.29792459483235517,0.19581940932558614
2021-12-10,0.2420192042412056,0.26423679160085317,0.29792459483235517,0.19581940932558614
2021-12-13,0.2420192042412056,0.26423679160085317,0.29792459483235517,0.19581940932558614
2021-12-14,0.2420192042412056,0.26423679160085317,0.29792459483235517,0.19581940932558614
2021-12-15,0.2420192042412056,0.26423679160085317,0.29792459483235517,0.19581940932558614
2021-12-16,0.2420192042412056,0.26423679160085317,0.29792459483235517,0.19581940932558614
2021-12-17,0.2420192042412056,0.26423679160085317,0.29792459483235517,0.19581940932558614
2021-12-20,0.2420192042412056,0.26423679160085317,0.29792459483235517,0.19581940932558614
2021-12-21,0.2420192042412056,0.26423679160085317,0.29792459483235517,0.19581940932558614
2021-12-22,0.24939534417145365,0.26560793332733695,0.2781474843134615,0.20684923818774803
2021-12-23,0.24939534417145365,0.26560793332733695,0.2781474843134615,0.20684923818774803
2021-12-27,0.24939534417145365,0.26560793332733695,0.2781474843134615,0.20684923818774803
2021-12-28,0.24939534417145365,0.26560793332733695,0.2781474843134615,0.20684923818774803
2021-12-29,0.24939534417145365,0.26560793332733695,0.2781474843134615,0.20684923818774803
2021-12-30,0.24939534417145365,0.26560793332733695,0.2781474843134615,0.20684923818774803
2021-12-31,0.24939534417145365,0.26560793332733695,0.2781474843134615,0.20684923818774803
2022-01-03,0.24939534417145365,0.26560793332733695,0.2781474843134615,0.20684923818774803
2022-01-04,0.24939534417145365,0.26560793332733695,0.2781474843134615,0.20684923818774803
2022-01-05,0.24939534417145365,0.26560793332733695,0.2781474843134615,0.20684923818774803
2022-01-06,0.27026325905987253,0.29705584687873693,0.28146156012040485,0.15121933394098555
2022-01-07,0.27026325905987253,0.29705584687873693,0.28146156012040485,0.15121933394098555
2022-01-10,0.27026325905987253,0.29705584687873693,0.28146156012040485,0.15121933394098555
2022-01-11,0.27026325905987253,0.29705584687873693,0.28146156012040485,0.15121933394098555
2022-01-12,0.27026325905987253,0.29705584687873693,0.28146156012040485,0.15121933394098555
2022-01-13,0.27026325905987253,0.29705584687873693,0.28146156012040485,0.15121933394098555
2022-01-14,0.27026325905987253,0.29705584687873693,0.28146156012040485,0.15121933394098555
2022-01-18,0.27026325905987253,0.29705584687873693,0.28146156012040485,0.15121933394098555
2022-01-19,0.27026325905987253,0.29705584687873693,0.28146156012040485,0.15121933394098555
2022-01-20,0.27026325905987253,0.29705584687873693,0.28146156012040485,0.15121933394098555
2022-01-21,0.2681931797041595,0.28825352346982763,0.2670504175323954,0.1765028792936175
2022-01-24,0.2681931797041595,0.28825352346982763,0.2670504175323954,0.1765028792936175
2022-01-25,0.2681931797041595,0.28825352346982763,0.2670504175323954,0.1765028792936175
2022-01-26,0.2681931797041595,0.28825352346982763,0.2670504175323954,0.1765028792936175
2022-01-27,0.2681931797041595,0.28825352346982763,0.2670504175323954,0.1765028792936175
2022-01-28,0.2681931797041595,0.28825352346982763,0.2670504175323954,0.1765028792936175
2022-01-31,0.2681931797041595,0.28825352346982763,0.2670504175323954,0.1765028792936175
2022-02-01,0.2681931797041595,0.28825352346982763,0.2670504175323954,0.1765028792936175
2022-02-02,0.2681931797041595,0.28825352346982763,0.2670504175323954,0.1765028792936175
2022-02-03,0.2681931797041595,0.28825352346982763,0.2670504175323954,0.1765028792936175
2022-02-04,0.267918305672033,0.29034585605814617,0.2676112432282544,0.17412459504156644
2022-02-07,0.267918305672033,0.29034585605814617,0.2676112432282544,0.17412459504156644
2022-02-08,0.267918305672033,0.29034585605814617,0.2676112432282544,0.17412459504156644
2022-02-09,0.267918305672033,0.29034585605814617,0.2676112432282544,0.17412459504156644
2022-02-10,0.267918305672033,0.29034585605814617,0.2676112432282544,0.17412459504156644
2022-02-11,0.267918305672033,0.29034585605814617,0.2676112432282544,0.17412459504156644
2022-02-14,0.267918305672033,0.29034585605814617,0.2676112432282544,0.17412459504156644
2022-02-15,0.267918305672033,0.29034585605814617,0.2676112432282544,0.17412459504156644
2022-02-16,0.267918305672033,0.29034585605814617,0.2676112432282544,0.17412459504156644
2022-02-17,0.267918305672033,0.29034585605814617,0.2676112432282544,0.17412459504156644
2022-02-18,0.2837190861496972,0.31100916607284557,0.28159469241628415,0.12367705536117315
2022-02-22,0.2837190861496972,0.31100916607284557,0.28159469241628415,0.12367705536117315
2022-02-23,0.2837190861496972,0.31100916607284557,0.28159469241628415,0.12367705536117315
2022-02-24,0.2837190861496972,0.31100916607284557,0.28159469241628415,0.12367705536117315
2022-02-25,0.2837190861496972,0.31100916607284557,0.28159469241628415,0.12367705536117315
2022-02-28,0.2837190861496972,0.31100916607284557,0.28159469241628415,0.12367705536117315
2022-03-01,0.2837190861496972,0.31100916607284557,0.28159469241628415,0.12367705536117315
2022-03-02,0.2837190861496972,0.31100916607284557,0.28159469241628415,0.12367705536117315
2022-03-03,0.2837190861496972,0.31100916607284557,0.28159469241628415,0.12367705536117315
2022-03-04,0.2837190861496972,0.31100916607284557,0.28159469241628415,0.12367705536117315
2022-03-07,0.30443649374082904,0.30918281175896684,0.2869122031477225,0.09946849135248181
2022-03-08,0.30443649374082904,0.30918281175896684,0.2869122031477225,0.09946849135248181
2022-03-09,0.30443649374082904,0.30918281175896684,0.2869122031477225,0.09946849135248181
2022-03-10,0.30443649374082904,0.30918281175896684,0.2869122031477225,0.09946849135248181
2022-03-11,0.30443649374082904,0.30918281175896684,0.2869122031477225,0.09946849135248181
2022-03-14,0.30443649374082904,0.30918281175896684,0.2869122031477225,0.09946849135248181
2022-03-15,0.30443649374082904,0.30918281175896684,0.2869122031477225,0.09946849135248181
2022-03-16,0.30443649374082904,0.30918281175896684,0.2869122031477225,0.09946849135248181
2022-03-17,0.30443649374082904,0.30918281175896684,0.2869122031477225,0.09946849135248181
2022-03-18,0.30443649374082904,0.30918281175896684,0.2869122031477225,0.09946849135248181
2022-03-21,0.30637099265077467,0.3099459003837809,0.2811709603332286,0.10251214663221579
2022-03-22,0.30637099265077467,0.3099459003837809,0.2811709603332286,0.10251214663221579
2022-03-23,0.30637099265077467,0.3099459003837809,0.2811709603332286,0.10251214663221579
2022-03-24,0.30637099265077467,0.3099459003837809,0.2811709603332286,0.10251214663221579
2022-03-25,0.30637099265077467,0.3099459003837809,0.2811709603332286,0.10251214663221579
2022-03-28,0.30637099265077467,0.3099459003837809,0.2811709603332286,0.10251214663221579
2022-03-29,0.30637099265077467,0.3099459003837809,0.2811709603332286,0.10251214663221579
2022-03-30,0.30637099265077467,0.3099459003837809,0.2811709603332286,0.10251214663221579
2022-03-31,0.30637099265077467,0.3099459003837809,0.2811709603332286,0.10251214663221579
2022-04-01,0.30637099265077467,0.3099459003837809,0.2811709603332286,0.10251214663221579
2022-04-04,0.2954161122247582,0.29887413344640296,0.27725138457691567,0.12845836975192315
2022-04-05,0.2954161122247582,0.29887413344640296,0.27725138457691567,0.12845836975192315
2022-04-06,0.2954161122247582,0.29887413344640296,0.27725138457691567,0.12845836975192315
2022-04-07,0.2954161122247582,0.29887413344640296,0.27725138457691567,0.12845836975192315
2022-04-08,0.2954161122247582,0.29887413344640296,0.27725138457691567,0.12845836975192315
2022-04-11,0.2954161122247582,0.29887413344640296,0.27725138457691567,0.12845836975192315
2022-04-12,0.2954161122247582,0.29887413344640296,0.27725138457691567,0.12845836975192315
2022-04-13,0.2954161122247582,0.29887413344640296,0.27725138457691567,0.12845836975192315
2022-04-14,0.2954161122247582,0.29887413344640296,0.27725138457691567,0.12845836975192315
2022-04-18,0.2954161122247582,0.29887413344640296,0.27725138457691567,0.12845836975192315
2022-04-19,0.29992176033916595,0.3034553880061447,0.27979891244070476,0.11682393921398457
2022-04-20,0.29992176033916595,0.3034553880061447,0.27979891244070476,0.11682393921398457
2022-04-21,0.29992176033916595,0.3034553880061447,0.27979891244070476,0.11682393921398457
2022-04-22,0.29992176033916595,0.3034553880061447,0.27979891244070476,0.11682393921398457
2022-04-25,0.29992176033916595,0.3034553880061447,0.27979891244070476,0.11682393921398457
2022-04-26,0.29992176033916595,0.3034553880061447,0.27979891244070476,0.11682393921398457
2022-04-27,0.29992176033916595,0.3034553880061447,0.27979891244070476,0.11682393921398457
2022-04-28,0.29992176033916595,0.3034553880061447,0.27979891244070476,0.11682393921398457
2022-04-29,0.29992176033916595,0.3034553880061447,0.27979891244070476,0.11682393921398457
2022-05-02,0.29992176033916595,0.3034553880061447,0.27979891244070476,0.11682393921398457
2022-05-03,0.29651634234051194,0.30897128046631445,0.2830719266273052,0.11144045056586842
2022-05-04,0.29651634234051194,0.30897128046631445,0.2830719266273052,0.11144045056586842
2022-05-05,0.29651634234051194,0.30897128046631445,0.2830719266273052,0.11144045056586842
2022-05-06,0.29651634234051194,0.30897128046631445,0.2830719266273052,0.11144045056586842
2022-05-09,0.29651634234051194,0.30897128046631445,0.2830719266273052,0.11144045056586842
2022-05-10,0.29651634234051194,0.30897128046631445,0.2830719266273052,0.11144045056586842
2022-05-11,0.29651634234051194,0.30897128046631445,0.2830719266273052,0.11144045056586842
2022-05-12,0.29651634234051194,0.30897128046631445,0.2830719266273052,0.11144045056586842
2022-05-13,0.29651634234051194,0.30897128046631445,0.2830719266273052,0.11144045056586842
2022-05-16,0.29651634234051194,0.30897128046631445,0.2830719266273052,0.11144045056586842
2022-05-17,0.28933146522648107,0.30366597918047594,0.2756087333546321,0.1313938222384108
2022-05-18,0.28933146522648107,0.30366597918047594,0.2756087333546321,0.1313938222384108
2022-05-19,0.28933146522648107,0.30366597918047594,0.2756087333546321,0.1313938222384108
2022-05-20,0.28933146522648107,0.30366597918047594,0.2756087333546321,0.1313938222384108
2022-05-23,0.28933146522648107,0.30366597918047594,0.2756087333546321,0.1313938222384108
2022-05-24,0.28933146522648107,0.30366597918047594,0.2756087333546321,0.1313938222384108
2022-05-25,0.28933146522648107,0.30366597918047594,0.2756087333546321,0.1313938222384108
2022-05-26,0.28933146522648107,0.30366597918047594,0.2756087333546321,0.1313938222384108
2022-05-27,0.28933146522648107,0.30366597918047594,0.2756087333546321,0.1313938222384108
2022-05-31,0.28933146522648107,0.30366597918047594,0.2756087333546321,0.1313938222384108
2022-06-01,0.2751237801376379,0.28965563697345764,0.2670668067599391,0.1681537761289653
2022-06-02,0.2751237801376379,0.28965563697345764,0.2670668067599391,0.1681537761289653
2022-06-03,0.2751237801376379,0.28965563697345764,0.2670668067599391,0.1681537761289653
2022-06-06,0.2751237801376379,0.28965563697345764,0.2670668067599391,0.1681537761289653
2022-06-07,0.2751237801376379,0.28965563697345764,0.2670668067599391,0.1681537761289653
2022-06-08,0.2751237801376379,0.28965563697345764,0.2670668067599391,0.1681537761289653
2022-06-09,0.2751237801376379,0.28965563697345764,0.2670668067599391,0.1681537761289653
2022-06-10,0.2751237801376379,0.28965563697345764,0.2670668067599391,0.1681537761289653
2022-06-13,0.2751237801376379,0.28965563697345764,0.2670668067599391,0.1681537761289653
2022-06-14,0.2751237801376379,0.28965563697345764,0.2670668067599391,0.1681537761289653
2022-06-15,0.2686652156080501,0.28562650650053434,0.2687133580170109,0.17699491987440466
2022-06-16,0.2686652156080501,0.28562650650053434,0.2687133580170109,0.17699491987440466
2022-06-17,0.2686652156080501,0.28562650650053434,0.2687133580170109,0.17699491987440466
2022-06-21,0.2686652156080501,0.28562650650053434,0.2687133580170109,0.17699491987440466
2022-06-22,0.2686652156080501,0.28562650650053434,0.2687133580170109,0.17699491987440466
2022-06-23,0.2686652156080501,0.28562650650053434,0.2687133580170109,0.17699491987440466
2022-06-24,0.2686652156080501,0.28562650650053434,0.2687133580170109,0.17699491987440466
2022-06-27,0.2686652156080501,0.28562650650053434,0.2687133580170109,0.17699491987440466
2022-06-28,0.2686652156080501,0.28562650650053434,0.2687133580170109,0.17699491987440466
2022-06-29,0.2686652156080501,0.28562650650053434,0.2687133580170109,0.17699491987440466
2022-06-30,0.2621854102981741,0.27913785097524035,0.2641427358747983,0.1945340028517871
2022-07-01,0.2621854102981741,0.27913785097524035,0.2641427358747983,0.1945340028517871
2022-07-05,0.2621854102981741,0.27913785097524035,0.2641427358747983,0.1945340028517871
2022-07-06,0.2621854102981741,0.27913785097524035,0.2641427358747983,0.1945340028517871
2022-07-07,0.2621854102981741,0.27913785097524035,0.2641427358747983,0.1945340028517871
2022-07-08,0.2621854102981741,0.27913785097524035,0.2641427358747983,0.1945340028517871
2022-07-11,0.2621854102981741,0.27913785097524035,0.2641427358747983,0.1945340028517871
2022-07-12,0.2621854102981741,0.27913785097524035,0.2641427358747983,0.1945340028517871
2022-07-13,0.2621854102981741,0.27913785097524035,0.2641427358747983,0.1945340028517871
2022-07-14,0.2621854102981741,0.27913785097524035,0.2641427358747983,0.1945340028517871
2022-07-15,0.2619781714732961,0.27670529240848757,0.26274586838068414,0.1985706677375323
2022-07-18,0.2619781714732961,0.27670529240848757,0.26274586838068414,0.1985706677375323
2022-07-19,0.2619781714732961,0.27670529240848757,0.26274586838068414,0.1985706677375323
2022-07-20,0.2619781714732961,0.27670529240848757,0.26274586838068414,0.1985706677375323
2022-07-21,0.2619781714732961,0.27670529240848757,0.26274586838068414,0.1985706677375323
2022-07-22,0.2619781714732961,0.27670529240848757,0.26274586838068414,0.1985706677375323
2022-07-25,0.2619781714732961,0.27670529240848757,0.26274586838068414,0.1985706677375323
2022-07-26,0.2619781714732961,0.27670529240848757,0.26274586838068414,0.1985706677375323
2022-07-27,0.2619781714732961,0.27670529240848757,0.26274586838068414,0.1985706677375323
2022-07-28,0.2619781714732961,0.27670529240848757,0.26274586838068414,0.1985706677375323
2022-07-29,0.25940224125975014,0.2696731703464145,0.25910689552371396,0.21181769287012153
2022-08-01,0.25940224125975014,0.2696731703464145,0.25910689552371396,0.21181769287012153
2022-08-02,0.25940224125975014,0.2696731703464145,0.25910689552371396,0.21181769287012153
2022-08-03,0.25940224125975014,0.2696731703464145,0.25910689552371396,0.21181769287012153
2022-08-04,0.25940224125975014,0.2696731703464145,0.25910689552371396,0.21181769287012153
2022-08-05,0.25940224125975014,0.2696731703464145,0.25910689552371396,0.21181769287012153
2022-08-08,0.25940224125975014,0.2696731703464145,0.25910689552371396,0.21181769287012153
2022-08-09,0.25940224125975014,0.2696731703464145,0.25910689552371396,0.21181769287012153
2022-08-10,0.25940224125975014,0.2696731703464145,0.25910689552371396,0.21181769287012153
2022-08-11,0.25940224125975014,0.2696731703464145,0.25910689552371396,0.21181769287012153
2022-08-12,0.2538465686990179,0.25818151206527534,0.25389156047710115,0.23408035875860553
2022-08-15,0.2538465686990179,0.25818151206527534,0.25389156047710115,0.23408035875860553
2022-08-16,0.2538465686990179,0.25818151206527534,0.25389156047710115,0.23408035875860553
2022-08-17,0.2538465686990179,0.25818151206527534,0.25389156047710115,0.23408035875860553
2022-08-18,0.2538465686990179,0.25818151206527534,0.25389156047710115,0.23408035875860553
2022-08-19,0.2538465686990179,0.25818151206527534,0.25389156047710115,0.23408035875860553
2022-08-22,0.2538465686990179,0.25818151206527534,0.25389156047710115,0.23408035875860553
2022-08-23,0.2538465686990179,0.25818151206527534,0.25389156047710115,0.23408035875860553
2022-08-24,0.2538465686990179,0.25818151206527534,0.25389156047710115,0.23408035875860553
2022-08-25,0.2538465686990179,0.25818151206527534,0.25389156047710115,0.23408035875860553
2022-08-26,0.25485130689577057,0.2612274541284904,0.2552153132214774,0.2287059257542617
2022-08-29,0.25485130689577057,0.2612274541284904,0.2552153132214774,0.2287059257542617
2022-08-30,0.25485130689577057,0.2612274541284904,0.2552153132214774,0.2287059257542617
2022-08-31,0.25485130689577057,0.2612274541284904,0.2552153132214774,0.2287059257542617
2022-09-01,0.25485130689577057,0.2612274541284904,0.2552153132214774,0.2287059257542617
2022-09-02,0.25485130689577057,0.2612274541284904,0.2552153132214774,0.2287059257542617
2022-09-06,0.25485130689577057,0.2612274541284904,0.2552153132214774,0.2287059257542617
2022-09-07,0.25485130689577057,0.2612274541284904,0.2552153132214774,0.2287059257542617
2022-09-08,0.25485130689577057,0.2612274541284904,0.2552153132214774,0.2287059257542617
2022-09-09,0.25485130689577057,0.2612274541284904,0.2552153132214774,0.2287059257542617
2022-09-12,0.25045278713472363,0.251005743704329,0.25043807250074884,0.2481033966601986
2022-09-13,0.25045278713472363,0.251005743704329,0.25043807250074884,0.2481033966601986
2022-09-14,0.25045278713472363,0.251005743704329,0.25043807250074884,0.2481033966601986
2022-09-15,0.25045278713472363,0.251005743704329,0.25043807250074884,0.2481033966601986
2022-09-16,0.25045278713472363,0.251005743704329,0.25043807250074884,0.2481033966601986
2022-09-19,0.25045278713472363,0.251005743704329,0.25043807250074884,0.2481033966601986
2022-09-20,0.25045278713472363,0.251005743704329,0.25043807250074884,0.2481033966601986
2022-09-21,0.25045278713472363,0.251005743704329,0.25043807250074884,0.2481033966601986
2022-09-22,0.25045278713472363,0.251005743704329,0.25043807250074884,0.2481033966601986
2022-09-23,0.25045278713472363,0.251005743704329,0.25043807250074884,0.2481033966601986
2022-09-26,0.2499999930813922,0.25000001770793334,0.2499999750476922,0.2500000141629822
2022-09-27,0.2499999930813922,0.25000001770793334,0.2499999750476922,0.2500000141629822
2022-09-28,0.2499999930813922,0.25000001770793334,0.2499999750476922,0.2500000141629822
2022-09-29,0.2499999930813922,0.25000001770793334,0.2499999750476922,0.2500000141629822
2022-09-30,0.2499999930813922,0.25000001770793334,0.2499999750476922,0.2500000141629822
2022-10-03,0.2499999930813922,0.25000001770793334,0.2499999750476922,0.2500000141629822
2022-10-04,0.2499999930813922,0.25000001770793334,0.2499999750476922,0.2500000141629822
2022-10-05,0.2499999930813922,0.25000001770793334,0.2499999750476922,0.2500000141629822
2022-10-06,0.2499999930813922,0.25000001770793334,0.2499999750476922,0.2500000141629822
2022-10-07,0.2499999930813922,0.25000001770793334,0.2499999750476922,0.2500000141629822
2022-10-10,0.25485384263904526,0.25984284913045563,0.25529970485099296,0.23000360337950623
2022-10-11,0.25485384263904526,0.25984284913045563,0.25529970485099296,0.23000360337950623
2022-10-12,0.25485384263904526,0.25984284913045563,0.25529970485099296,0.23000360337950623
2022-10-13,0.25485384263904526,0.25984284913045563,0.25529970485099296,0.23000360337950623
2022-10-14,0.25485384263904526,0.25984284913045563,0.25529970485099296,0.23000360337950623
2022-10-17,0.25485384263904526,0.25984284913045563,0.25529970485099296,0.23000360337950623
2022-10-18,0.25485384263904526,0.25984284913045563,0.25529970485099296,0.23000360337950623
2022-10-19,0.25485384263904526,0.25984284913045563,0.25529970485099296,0.23000360337950623
2022-10-20,0.25485384263904526,0.25984284913045563,0.25529970485099296,0.23000360337950623
2022-10-21,0.25485384263904526,0.25984284913045563,0.25529970485099296,0.23000360337950623
2022-10-24,0.2522563557476572,0.2545850147912507,0.2523932612801687,0.24076536818092345
2022-10-25,0.2522563557476572,0.2545850147912507,0.2523932612801687,0.24076536818092345
2022-10-26,0.2522563557476572,0.2545850147912507,0.2523932612801687,0.24076536818092345
2022-10-27,0.2522563557476572,0.2545850147912507,0.2523932612801687,0.24076536818092345
2022-10-28,0.2522563557476572,0.2545850147912507,0.2523932612801687,0.24076536818092345
2022-10-31,0.2522563557476572,0.2545850147912507,0.2523932612801687,0.24076536818092345
2022-11-01,0.2522563557476572,0.2545850147912507,0.2523932612801687,0.24076536818092345
2022-11-02,0.2522563557476572,0.2545850147912507,0.2523932612801687,0.24076536818092345
2022-11-03,0.2522563557476572,0.2545850147912507,0.2523932612801687,0.24076536818092345
2022-11-04,0.2522563557476572,0.2545850147912507,0.2523932612801687,0.24076536818092345
2022-11-07,0.2499998877570615,0.2499999471392225,0.2500000387554784,0.2500001263482377
2022-11-08,0.2499998877570615,0.2499999471392225,0.2500000387554784,0.2500001263482377
2022-11-09,0.2499998877570615,0.2499999471392225,0.2500000387554784,0.2500001263482377
2022-11-10,0.2499998877570615,0.2499999471392225,0.2500000387554784,0.2500001263482377
2022-11-11,0.2499998877570615,0.2499999471392225,0.2500000387554784,0.2500001263482377
2022-11-14,0.2499998877570615,0.2499999471392225,0.2500000387554784,0.2500001263482377
2022-11-15,0.2499998877570615,0.2499999471392225,0.2500000387554784,0.2500001263482377
2022-11-16,0.2499998877570615,0.2499999471392225,0.2500000387554784,0.2500001263482377
2022-11-17,0.2499998877570615,0.2499999471392225,0.2500000387554784,0.2500001263482377
2022-11-18,0.2499998877570615,0.2499999471392225,0.2500000387554784,0.2500001263482377
2022-11-21,0.24999992410120217,0.2499999711063881,0.2500001741376039,0.24999993065480589
2022-11-22,0.24999992410120217,0.2499999711063881,0.2500001741376039,0.24999993065480589
2022-11-23,0.24999992410120217,0.2499999711063881,0.2500001741376039,0.24999993065480589
2022-11-25,0.24999992410120217,0.2499999711063881,0.2500001741376039,0.24999993065480589
2022-11-28,0.24999992410120217,0.2499999711063881,0.2500001741376039,0.24999993065480589
2022-11-29,0.24999992410120217,0.2499999711063881,0.2500001741376039,0.24999993065480589
2022-11-30,0.24999992410120217,0.2499999711063881,0.2500001741376039,0.24999993065480589
2022-12-01,0.24999992410120217,0.2499999711063881,0.2500001741376039,0.24999993065480589
2022-12-02,0.24999992410120217,0.2499999711063881,0.2500001741376039,0.24999993065480589
2022-12-05,0.24999992410120217,0.2499999711063881,0.2500001741376039,0.24999993065480589
2022-12-06,0.24999992888538097,0.24999989396811317,0.250000356716406,0.24999982043009983
2022-12-07,0.24999992888538097,0.24999989396811317,0.250000356716406,0.24999982043009983
2022-12-08,0.24999992888538097,0.24999989396811317,0.250000356716406,0.24999982043009983
2022-12-09,0.24999992888538097,0.24999989396811317,0.250000356716406,0.24999982043009983
2022-12-12,0.24999992888538097,0.24999989396811317,0.250000356716406,0.24999982043009983
2022-12-13,0.24999992888538097,0.24999989396811317,0.250000356716406,0.24999982043009983
2022-12-14,0.24999992888538097,0.24999989396811317,0.250000356716406,0.24999982043009983
2022-12-15,0.24999992888538097,0.24999989396811317,0.250000356716406,0.24999982043009983
2022-12-16,0.24999992888538097,0.24999989396811317,0.250000356716406,0.24999982043009983
2022-12-19,0.24999992888538097,0.24999989396811317,0.250000356716406,0.24999982043009983
2022-12-20,0.2500000117479513,0.2499997928477225,0.2500002309886861,0.24999996441563999
2022-12-21,0.2500000117479513,0.2499997928477225,0.2500002309886861,0.24999996441563999
2022-12-22,0.2500000117479513,0.2499997928477225,0.2500002309886861,0.24999996441563999
2022-12-23,0.2500000117479513,0.2499997928477225,0.2500002309886861,0.24999996441563999
2022-12-27,0.2500000117479513,0.2499997928477225,0.2500002309886861,0.24999996441563999
2022-12-28,0.2500000117479513,0.2499997928477225,0.2500002309886861,0.24999996441563999
2022-12-29,0.2500000117479513,0.2499997928477225,0.2500002309886861,0.24999996441563999
2022-12-30,0.2500000117479513,0.2499997928477225,0.2500002309886861,0.24999996441563999
2023-01-03,0.2500000117479513,0.2499997928477225,0.2500002309886861,0.24999996441563999
2023-01-04,0.2500000117479513,0.2499997928477225,0.2500002309886861,0.24999996441563999
2023-01-05,0.24999997854697542,0.25000006121957924,0.25000005613145365,0.24999990410199177
2023-01-06,0.24999997854697542,0.25000006121957924,0.25000005613145365,0.24999990410199177
2023-01-09,0.24999997854697542,0.25000006121957924,0.25000005613145365,0.24999990410199177
2023-01-10,0.24999997854697542,0.25000006121957924,0.25000005613145365,0.24999990410199177
2023-01-11,0.24999997854697542,0.25000006121957924,0.25000005613145365,0.24999990410199177
2023-01-12,0.24999997854697542,0.25000006121957924,0.25000005613145365,0.24999990410199177
2023-01-13,0.24999997854697542,0.25000006121957924,0.25000005613145365,0.24999990410199177
2023-01-17,0.24999997854697542,0.25000006121957924,0.25000005613145365,0.24999990410199177
2023-01-18,0.24999997854697542,0.25000006121957924,0.25000005613145365,0.24999990410199177
2023-01-19,0.24999997854697542,0.25000006121957924,0.25000005613145365,0.24999990410199177
2023-01-20,0.2499998505360357,0.24999974467013625,0.2500003928398805,0.25000001195394755
2023-01-23,0.2499998505360357,0.24999974467013625,0.2500003928398805,0.25000001195394755
2023-01-24,0.2499998505360357,0.24999974467013625,0.2500003928398805,0.25000001195394755
2023-01-25,0.2499998505360357,0.24999974467013625,0.2500003928398805,0.25000001195394755
2023-01-26,0.2499998505360357,0.24999974467013625,0.2500003928398805,0.25000001195394755
2023-01-27,0.2499998505360357,0.24999974467013625,0.2500003928398805,0.25000001195394755
2023-01-30,0.2499998505360357,0.24999974467013625,0.2500003928398805,0.25000001195394755
2023-01-31,0.2499998505360357,0.24999974467013625,0.2500003928398805,0.25000001195394755
2023-02-01,0.2499998505360357,0.24999974467013625,0.2500003928398805,0.25000001195394755
2023-02-02,0.2499998505360357,0.24999974467013625,0.2500003928398805,0.25000001195394755
2023-02-03,0.24999988141445526,0.25000010593928124,0.2499999594032343,0.2500000532430292
2023-02-06,0.24999988141445526,0.25000010593928124,0.2499999594032343,0.2500000532430292
2023-02-07,0.24999988141445526,0.25000010593928124,0.2499999594032343,0.2500000532430292
2023-02-08,0.24999988141445526,0.25000010593928124,0.2499999594032343,0.2500000532430292
2023-02-09,0.24999988141445526,0.25000010593928124,0.2499999594032343,0.2500000532430292
2023-02-10,0.24999988141445526,0.25000010593928124,0.2499999594032343,0.2500000532430292
2023-02-13,0.24999988141445526,0.25000010593928124,0.2499999594032343,0.2500000532430292
2023-02-14,0.24999988141445526,0.25000010593928124,0.2499999594032343,0.2500000532430292
2023-02-15,0.24999988141445526,0.25000010593928124,0.2499999594032343,0.2500000532430292
2023-02-16,0.24999988141445526,0.25000010593928124,0.2499999594032343,0.2500000532430292
2023-02-17,0.24999998944977275,0.25000001968490476,0.24999999554400515,0.2499999953213173
2023-02-21,0.24999998944977275,0.25000001968490476,0.24999999554400515,0.2499999953213173
2023-02-22,0.24999998944977275,0.25000001968490476,0.24999999554400515,0.2499999953213173
2023-02-23,0.24999998944977275,0.25000001968490476,0.24999999554400515,0.2499999953213173
2023-02-24,0.24999998944977275,0.25000001968490476,0.24999999554400515,0.2499999953213173
2023-02-27,0.24999998944977275,0.25000001968490476,0.24999999554400515,0.2499999953213173
2023-02-28,0.24999998944977275,0.25000001968490476,0.24999999554400515,0.2499999953213173
2023-03-01,0.24999998944977275,0.25000001968490476,0.24999999554400515,0.2499999953213173
2023-03-02,0.24999998944977275,0.25000001968490476,0.24999999554400515,0.2499999953213173
2023-03-03,0.24999998944977275,0.25000001968490476,0.24999999554400515,0.2499999953213173
2023-03-06,0.2499999853344349,0.250000022372554,0.24999999431225126,0.24999999798075986
2023-03-07,0.2499999853344349,0.250000022372554,0.24999999431225126,0.24999999798075986
2023-03-08,0.2499999853344349,0.250000022372554,0.24999999431225126,0.24999999798075986
2023-03-09,0.2499999853344349,0.250000022372554,0.24999999431225126,0.24999999798075986
2023-03-10,0.2499999853344349,0.250000022372554,0.24999999431225126,0.24999999798075986
2023-03-13,0.2499999853344349,0.250000022372554,0.24999999431225126,0.24999999798075986
2023-03-14,0.2499999853344349,0.250000022372554,0.24999999431225126,0.24999999798075986
2023-03-15,0.2499999853344349,0.250000022372554,0.24999999431225126,0.24999999798075986
2023-03-16,0.2499999853344349,0.250000022372554,0.24999999431225126,0.24999999798075986
2023-03-17,0.2499999853344349,0.250000022372554,0.24999999431225126,0.24999999798075986
2023-03-20,0.25000001221020196,0.24999982482990762,0.25000002863642234,0.25000013432346807
2023-03-21,0.25000001221020196,0.24999982482990762,0.25000002863642234,0.25000013432346807
2023-03-22,0.25000001221020196,0.24999982482990762,0.25000002863642234,0.25000013432346807
2023-03-23,0.25000001221020196,0.24999982482990762,0.25000002863642234,0.25000013432346807
2023-03-24,0.25000001221020196,0.24999982482990762,0.25000002863642234,0.25000013432346807
2023-03-27,0.25000001221020196,0.24999982482990762,0.25000002863642234,0.25000013432346807
2023-03-28,0.25000001221020196,0.24999982482990762,0.25000002863642234,0.25000013432346807
2023-03-29,0.25000001221020196,0.24999982482990762,0.25000002863642234,0.25000013432346807
2023-03-30,0.25000001221020196,0.24999982482990762,0.25000002863642234,0.25000013432346807
2023-03-31,0.25000001221020196,0.24999982482990762,0.25000002863642234,0.25000013432346807
2023-04-03,0.24999999258568312,0.25000000019211854,0.24999999167258088,0.25000001554961737
2023-04-04,0.24999999258568312,0.25000000019211854,0.24999999167258088,0.25000001554961737
2023-04-05,0.24999999258568312,0.25000000019211854,0.24999999167258088,0.25000001554961737
2023-04-06,0.24999999258568312,0.25000000019211854,0.24999999167258088,0.25000001554961737
2023-04-10,0.24999999258568312,0.25000000019211854,0.24999999167258088,0.25000001554961737
2023-04-11,0.24999999258568312,0.25000000019211854,0.24999999167258088,0.25000001554961737
2023-04-12,0.24999999258568312,0.25000000019211854,0.24999999167258088,0.25000001554961737
2023-04-13,0.24999999258568312,0.25000000019211854,0.24999999167258088,0.25000001554961737
2023-04-14,0.24999999258568312,0.25000000019211854,0.24999999167258088,0.25000001554961737
2023-04-17,0.24999999258568312,0.25000000019211854,0.24999999167258088,0.25000001554961737
2023-04-18,0.24999999484967148,0.24999997594017775,0.24999995838278233,0.2500000708273684
2023-04-19,0.24999999484967148,0.24999997594017775,0.24999995838278233,0.2500000708273684
2023-04-20,0.24999999484967148,0.24999997594017775,0.24999995838278233,0.2500000708273684
2023-04-21,0.24999999484967148,0.24999997594017775,0.24999995838278233,0.2500000708273684
2023-04-24,0.24999999484967148,0.24999997594017775,0.24999995838278233,0.2500000708273684
2023-04-25,0.24999999484967148,0.24999997594017775,0.24999995838278233,0.2500000708273684
2023-04-26,0.24999999484967148,0.24999997594017775,0.24999995838278233,0.2500000708273684
2023-04-27,0.24999999484967148,0.24999997594017775,0.24999995838278233,0.2500000708273684
2023-04-28,0.24999999484967148,0.24999997594017775,0.24999995838278233,0.2500000708273684
2023-05-01,0.24999999484967148,0.24999997594017775,0.24999995838278233,0.2500000708273684
2023-05-02,0.25137927101913765,0.25271316121932186,0.2511785287351796,0.24472903902636095
2023-05-03,0.25137927101913765,0.25271316121932186,0.2511785287351796,0.24472903902636095
2023-05-04,0.25137927101913765,0.25271316121932186,0.2511785287351796,0.24472903902636095
2023-05-05,0.25137927101913765,0.25271316121932186,0.2511785287351796,0.24472903902636095
2023-05-08,0.25137927101913765,0.25271316121932186,0.2511785287351796,0.24472903902636095
2023-05-09,0.25137927101913765,0.25271316121932186,0.2511785287351796,0.24472903902636095
2023-05-10,0.25137927101913765,0.25271316121932186,0.2511785287351796,0.24472903902636095
2023-05-11,0.25137927101913765,0.25271316121932186,0.2511785287351796,0.24472903902636095
2023-05-12,0.25137927101913765,0.25271316121932186,0.2511785287351796,0.24472903902636095
2023-05-15,0.25137927101913765,0.25271316121932186,0.2511785287351796,0.24472903902636095
2023-05-16,0.25403793755045206,0.2583849165935586,0.25362628395733283,0.2339508618986565
2023-05-17,0.25403793755045206,0.2583849165935586,0.25362628395733283,0.2339508618986565
2023-05-18,0.25403793755045206,0.2583849165935586,0.25362628395733283,0.2339508618986565
2023-05-19,0.25403793755045206,0.2583849165935586,0.25362628395733283,0.2339508618986565
2023-05-22,0.25403793755045206,0.2583849165935586,0.25362628395733283,0.2339508618986565
2023-05-23,0.25403793755045206,0.2583849165935586,0.25362628395733283,0.2339508618986565
2023-05-24,0.25403793755045206,0.2583849165935586,0.25362628395733283,0.2339508618986565
2023-05-25,0.25403793755045206,0.2583849165935586,0.25362628395733283,0.2339508618986565
2023-05-26,0.25403793755045206,0.2583849165935586,0.25362628395733283,0.2339508618986565
2023-05-30,0.25403793755045206,0.2583849165935586,0.25362628395733283,0.2339508618986565
2023-05-31,0.2500000627440601,0.24999991181322517,0.25000006154966736,0.2499999638930474
2023-06-01,0.2500000627440601,0.24999991181322517,0.25000006154966736,0.2499999638930474
2023-06-02,0.2500000627440601,0.24999991181322517,0.25000006154966736,0.2499999638930474
2023-06-05,0.2500000627440601,0.24999991181322517,0.25000006154966736,0.2499999638930474
2023-06-06,0.2500000627440601,0.24999991181322517,0.25000006154966736,0.2499999638930474
2023-06-07,0.2500000627440601,0.24999991181322517,0.25000006154966736,0.2499999638930474
2023-06-08,0.2500000627440601,0.24999991181322517,0.25000006154966736,0.2499999638930474
2023-06-09,0.2500000627440601,0.24999991181322517,0.25000006154966736,0.2499999638930474
2023-06-12,0.2500000627440601,0.24999991181322517,0.25000006154966736,0.2499999638930474
2023-06-13,0.2500000627440601,0.24999991181322517,0.25000006154966736,0.2499999638930474
2023-06-14,0.25720090424698616,0.26645215254070564,0.2559404391774587,0.2204065040348495
2023-06-15,0.25720090424698616,0.26645215254070564,0.2559404391774587,0.2204065040348495
2023-06-16,0.25720090424698616,0.26645215254070564,0.2559404391774587,0.2204065040348495
2023-06-20,0.25720090424698616,0.26645215254070564,0.2559404391774587,0.2204065040348495
2023-06-21,0.25720090424698616,0.26645215254070564,0.2559404391774587,0.2204065040348495
2023-06-22,0.25720090424698616,0.26645215254070564,0.2559404391774587,0.2204065040348495
2023-06-23,0.25720090424698616,0.26645215254070564,0.2559404391774587,0.2204065040348495
2023-06-26,0.25720090424698616,0.26645215254070564,0.2559404391774587,0.2204065040348495
2023-06-27,0.25720090424698616,0.26645215254070564,0.2559404391774587,0.2204065040348495
2023-06-28,0.25720090424698616,0.26645215254070564,0.2559404391774587,0.2204065040348495
2023-06-29,0.2563067704766324,0.26163725033538177,0.25372003627870243,0.22833594290928336
2023-06-30,0.2563067704766324,0.26163725033538177,0.25372003627870243,0.22833594290928336
2023-07-03,0.2563067704766324,0.26163725033538177,0.25372003627870243,0.22833594290928336
2023-07-05,0.2563067704766324,0.26163725033538177,0.25372003627870243,0.22833594290928336
2023-07-06,0.2563067704766324,0.26163725033538177,0.25372003627870243,0.22833594290928336
2023-07-07,0.2563067704766324,0.26163725033538177,0.25372003627870243,0.22833594290928336
2023-07-10,0.2563067704766324,0.26163725033538177,0.25372003627870243,0.22833594290928336
2023-07-11,0.2563067704766324,0.26163725033538177,0.25372003627870243,0.22833594290928336
2023-07-12,0.2563067704766324,0.26163725033538177,0.25372003627870243,0.22833594290928336
2023-07-13,0.2563067704766324,0.26163725033538177,0.25372003627870243,0.22833594290928336
2023-07-14,0.26108367764507445,0.2700288335141914,0.2586681118797247,0.21021937696100937
2023-07-17,0.26108367764507445,0.2700288335141914,0.2586681118797247,0.21021937696100937
2023-07-18,0.26108367764507445,0.2700288335141914,0.2586681118797247,0.21021937696100937
2023-07-19,0.26108367764507445,0.2700288335141914,0.2586681118797247,0.21021937696100937
2023-07-20,0.26108367764507445,0.2700288335141914,0.2586681118797247,0.21021937696100937
2023-07-21,0.26108367764507445,0.2700288335141914,0.2586681118797247,0.21021937696100937
2023-07-24,0.26108367764507445,0.2700288335141914,0.2586681118797247,0.21021937696100937
2023-07-25,0.26108367764507445,0.2700288335141914,0.2586681118797247,0.21021937696100937
2023-07-26,0.26108367764507445,0.2700288335141914,0.2586681118797247,0.21021937696100937
2023-07-27,0.26108367764507445,0.2700288335141914,0.2586681118797247,0.21021937696100937
2023-07-28,0.2592616777652485,0.26776212792701215,0.25644345135102325,0.2165327429567162
2023-07-31,0.2592616777652485,0.26776212792701215,0.25644345135102325,0.2165327429567162
2023-08-01,0.2592616777652485,0.26776212792701215,0.25644345135102325,0.2165327429567162
2023-08-02,0.2592616777652485,0.26776212792701215,0.25644345135102325,0.2165327429567162
2023-08-03,0.2592616777652485,0.26776212792701215,0.25644345135102325,0.2165327429567162
2023-08-04,0.2592616777652485,0.26776212792701215,0.25644345135102325,0.2165327429567162
2023-08-07,0.2592616777652485,0.26776212792701215,0.25644345135102325,0.2165327429567162
2023-08-08,0.2592616777652485,0.26776212792701215,0.25644345135102325,0.2165327429567162
2023-08-09,0.2592616777652485,0.26776212792701215,0.25644345135102325,0.2165327429567162
2023-08-10,0.2592616777652485,0.26776212792701215,0.25644345135102325,0.2165327429567162
2023-08-11,0.267063095113581,0.278979477107182,0.2620102745229561,0.1919471532562808
2023-08-14,0.267063095113581,0.278979477107182,0.2620102745229561,0.1919471532562808
2023-08-15,0.267063095113581,0.278979477107182,0.2620102745229561,0.1919471532562808
2023-08-16,0.267063095113581,0.278979477107182,0.2620102745229561,0.1919471532562808
2023-08-17,0.267063095113581,0.278979477107182,0.2620102745229561,0.1919471532562808
2023-08-18,0.267063095113581,0.278979477107182,0.2620102745229561,0.1919471532562808
2023-08-21,0.267063095113581,0.278979477107182,0.2620102745229561,0.1919471532562808
2023-08-22,0.267063095113581,0.278979477107182,0.2620102745229561,0.1919471532562808
2023-08-23,0.267063095113581,0.278979477107182,0.2620102745229561,0.1919471532562808
2023-08-24,0.267063095113581,0.278979477107182,0.2620102745229561,0.1919471532562808
2023-08-25,0.27113736511919045,0.28289100374431153,0.26594167709064664,0.18002995404585137
2023-08-28,0.27113736511919045,0.28289100374431153,0.26594167709064664,0.18002995404585137
2023-08-29,0.27113736511919045,0.28289100374431153,0.26594167709064664,0.18002995404585137
2023-08-30,0.27113736511919045,0.28289100374431153,0.26594167709064664,0.18002995404585137
2023-08-31,0.27113736511919045,0.28289100374431153,0.26594167709064664,0.18002995404585137
2023-09-01,0.27113736511919045,0.28289100374431153,0.26594167709064664,0.18002995404585137
2023-09-05,0.27113736511919045,0.28289100374431153,0.26594167709064664,0.18002995404585137
2023-09-06,0.27113736511919045,0.28289100374431153,0.26594167709064664,0.18002995404585137
2023-09-07,0.27113736511919045,0.28289100374431153,0.26594167709064664,0.18002995404585137
2023-09-08,0.27113736511919045,0.28289100374431153,0.26594167709064664,0.18002995404585137
2023-09-11,0.27175837571445016,0.28234433315380236,0.265907251949081,0.17999003918266637
2023-09-12,0.27175837571445016,0.28234433315380236,0.265907251949081,0.17999003918266637
2023-09-13,0.27175837571445016,0.28234433315380236,0.265907251949081,0.17999003918266637
2023-09-14,0.27175837571445016,0.28234433315380236,0.265907251949081,0.17999003918266637
2023-09-15,0.27175837571445016,0.28234433315380236,0.265907251949081,0.17999003918266637
2023-09-18,0.27175837571445016,0.28234433315380236,0.265907251949081,0.17999003918266637
2023-09-19,0.27175837571445016,0.28234433315380236,0.265907251949081,0.17999003918266637
2023-09-20,0.27175837571445016,0.28234433315380236,0.265907251949081,0.17999003918266637
2023-09-21,0.27175837571445016,0.28234433315380236,0.265907251949081,0.17999003918266637
2023-09-22,0.27175837571445016,0.28234433315380236,0.265907251949081,0.17999003918266637
2023-09-25,0.27602860755197023,0.29048198749586945,0.2723754303183799,0.1611139746337804
2023-09-26,0.27602860755197023,0.29048198749586945,0.2723754303183799,0.1611139746337804
2023-09-27,0.27602860755197023,0.29048198749586945,0.2723754303183799,0.1611139746337804
2023-09-28,0.27602860755197023,0.29048198749586945,0.2723754303183799,0.1611139746337804
2023-09-29,0.27602860755197023,0.29048198749586945,0.2723754303183799,0.1611139746337804
2023-10-02,0.27602860755197023,0.29048198749586945,0.2723754303183799,0.1611139746337804
2023-10-03,0.27602860755197023,0.29048198749586945,0.2723754303183799,0.1611139746337804
2023-10-04,0.27602860755197023,0.29048198749586945,0.2723754303183799,0.1611139746337804
2023-10-05,0.27602860755197023,0.29048198749586945,0.2723754303183799,0.1611139746337804
2023-10-06,0.27602860755197023,0.29048198749586945,0.2723754303183799,0.1611139746337804
2023-10-09,0.2884703952849057,0.306817282490723,0.284224884754842,0.12048743746952933
2023-10-10,0.2884703952849057,0.306817282490723,0.284224884754842,0.12048743746952933
2023-10-11,0.2884703952849057,0.306817282490723,0.284224884754842,0.12048743746952933
2023-10-12,0.2884703952849057,0.306817282490723,0.284224884754842,0.12048743746952933
2023-10-13,0.2884703952849057,0.306817282490723,0.284224884754842,0.12048743746952933
2023-10-16,0.2884703952849057,0.306817282490723,0.284224884754842,0.12048743746952933
2023-10-17,0.2884703952849057,0.306817282490723,0.284224884754842,0.12048743746952933
2023-10-18,0.2884703952849057,0.306817282490723,0.284224884754842,0.12048743746952933
2023-10-19,0.2884703952849057,0.306817282490723,0.284224884754842,0.12048743746952933
2023-10-20,0.2884703952849057,0.306817282490723,0.284224884754842,0.12048743746952933
2023-10-23,0.28899295636783345,0.3010891451318905,0.2883054018876502,0.12161249661262584
2023-10-24,0.28899295636783345,0.3010891451318905,0.2883054018876502,0.12161249661262584
2023-10-25,0.28899295636783345,0.3010891451318905,0.2883054018876502,0.12161249661262584
2023-10-26,0.28899295636783345,0.3010891451318905,0.2883054018876502,0.12161249661262584
2023-10-27,0.28899295636783345,0.3010891451318905,0.2883054018876502,0.12161249661262584
2023-10-30,0.28899295636783345,0.3010891451318905,0.2883054018876502,0.12161249661262584
2023-10-31,0.28899295636783345,0.3010891451318905,0.2883054018876502,0.12161249661262584
2023-11-01,0.28899295636783345,0.3010891451318905,0.2883054018876502,0.12161249661262584
2023-11-02,0.28899295636783345,0.3010891451318905,0.2883054018876502,0.12161249661262584
2023-11-03,0.28899295636783345,0.3010891451318905,0.2883054018876502,0.12161249661262584
2023-11-06,0.2826131715187055,0.2943209886595949,0.28086368372859083,0.14220215609310866
2023-11-07,0.2826131715187055,0.2943209886595949,0.28086368372859083,0.14220215609310866
2023-11-08,0.2826131715187055,0.2943209886595949,0.28086368372859083,0.14220215609310866
2023-11-09,0.2826131715187055,0.2943209886595949,0.28086368372859083,0.14220215609310866
2023-11-10,0.2826131715187055,0.2943209886595949,0.28086368372859083,0.14220215609310866
2023-11-13,0.2826131715187055,0.2943209886595949,0.28086368372859083,0.14220215609310866
2023-11-14,0.2826131715187055,0.2943209886595949,0.28086368372859083,0.14220215609310866
2023-11-15,0.2826131715187055,0.2943209886595949,0.28086368372859083,0.14220215609310866
2023-11-16,0.2826131715187055,0.2943209886595949,0.28086368372859083,0.14220215609310866
2023-11-17,0.2826131715187055,0.2943209886595949,0.28086368372859083,0.14220215609310866
2023-11-20,0.26919998434742515,0.27793678928949905,0.26860475220475283,0.1842584741583229
2023-11-21,0.26919998434742515,0.27793678928949905,0.26860475220475283,0.1842584741583229
2023-11-22,0.26919998434742515,0.27793678928949905,0.26860475220475283,0.1842584741583229
2023-11-24,0.26919998434742515,0.27793678928949905,0.26860475220475283,0.1842584741583229
2023-11-27,0.26919998434742515,0.27793678928949905,0.26860475220475283,0.1842584741583229
2023-11-28,0.26919998434742515,0.27793678928949905,0.26860475220475283,0.1842584741583229
2023-11-29,0.26919998434742515,0.27793678928949905,0.26860475220475283,0.1842584741583229
2023-11-30,0.26919998434742515,0.27793678928949905,0.26860475220475283,0.1842584741583229
2023-12-01,0.26919998434742515,0.27793678928949905,0.26860475220475283,0.1842584741583229
2023-12-04,0.26919998434742515,0.27793678928949905,0.26860475220475283,0.1842584741583229
2023-12-05,0.2669322593661847,0.27368482207001116,0.26600023636544623,0.19338268219835783
2023-12-06,0.2669322593661847,0.27368482207001116,0.26600023636544623,0.19338268219835783
2023-12-07,0.2669322593661847,0.27368482207001116,0.26600023636544623,0.19338268219835783
2023-12-08,0.2669322593661847,0.27368482207001116,0.26600023636544623,0.19338268219835783
2023-12-11,0.2669322593661847,0.27368482207001116,0.26600023636544623,0.19338268219835783
2023-12-12,0.2669322593661847,0.27368482207001116,0.26600023636544623,0.19338268219835783
2023-12-13,0.2669322593661847,0.27368482207001116,0.26600023636544623,0.19338268219835783
2023-12-14,0.2669322593661847,0.27368482207001116,0.26600023636544623,0.19338268219835783
2023-12-15,0.2669322593661847,0.27368482207001116,0.26600023636544623,0.19338268219835783
2023-12-18,0.2669322593661847,0.27368482207001116,0.26600023636544623,0.19338268219835783
2023-12-19,0.25726269566015986,0.25983848868932136,0.25681023409117143,0.2260885815593473
2023-12-20,0.25726269566015986,0.25983848868932136,0.25681023409117143,0.2260885815593473
2023-12-21,0.25726269566015986,0.25983848868932136,0.25681023409117143,0.2260885815593473
2023-12-22,0.25726269566015986,0.25983848868932136,0.25681023409117143,0.2260885815593473
2023-12-26,0.25726269566015986,0.25983848868932136,0.25681023409117143,0.2260885815593473
2023-12-27,0.25726269566015986,0.25983848868932136,0.25681023409117143,0.2260885815593473
2023-12-28,0.25726269566015986,0.25983848868932136,0.25681023409117143,0.2260885815593473
2023-12-29,0.25726269566015986,0.25983848868932136,0.25681023409117143,0.2260885815593473
2024-01-02,0.25726269566015986,0.25983848868932136,0.25681023409117143,0.2260885815593473
2024-01-03,0.25726269566015986,0.25983848868932136,0.25681023409117143,0.2260885815593473
2024-01-04,0.25321529331793663,0.25446168918754325,0.2528327940238419,0.23949022347067836
2024-01-05,0.25321529331793663,0.25446168918754325,0.2528327940238419,0.23949022347067836
2024-01-08,0.25321529331793663,0.25446168918754325,0.2528327940238419,0.23949022347067836
2024-01-09,0.25321529331793663,0.25446168918754325,0.2528327940238419,0.23949022347067836
2024-01-10,0.25321529331793663,0.25446168918754325,0.2528327940238419,0.23949022347067836
2024-01-11,0.25321529331793663,0.25446168918754325,0.2528327940238419,0.23949022347067836
2024-01-12,0.25321529331793663,0.25446168918754325,0.2528327940238419,0.23949022347067836
2024-01-16,0.25321529331793663,0.25446168918754325,0.2528327940238419,0.23949022347067836
2024-01-17,0.25321529331793663,0.25446168918754325,0.2528327940238419,0.23949022347067836
2024-01-18,0.25321529331793663,0.25446168918754325,0.2528327940238419,0.23949022347067836
2024-01-19,0.2500000286310833,0.24999998805764415,0.24999991356656467,0.25000006974470795
2024-01-22,0.2500000286310833,0.24999998805764415,0.24999991356656467,0.25000006974470795
2024-01-23,0.2500000286310833,0.24999998805764415,0.24999991356656467,0.25000006974470795
2024-01-24,0.2500000286310833,0.24999998805764415,0.24999991356656467,0.25000006974470795
2024-01-25,0.2500000286310833,0.24999998805764415,0.24999991356656467,0.25000006974470795
2024-01-26,0.2500000286310833,0.24999998805764415,0.24999991356656467,0.25000006974470795
2024-01-29,0.2500000286310833,0.24999998805764415,0.24999991356656467,0.25000006974470795
2024-01-30,0.2500000286310833,0.24999998805764415,0.24999991356656467,0.25000006974470795
2024-01-31,0.2500000286310833,0.24999998805764415,0.24999991356656467,0.25000006974470795
2024-02-01,0.2500000286310833,0.24999998805764415,0.24999991356656467,0.25000006974470795
2024-02-02,0.24999975575234665,0.2500000392880288,0.2500000552578685,0.25000014970175616
2024-02-05,0.24999975575234665,0.2500000392880288,0.2500000552578685,0.25000014970175616
2024-02-06,0.24999975575234665,0.2500000392880288,0.2500000552578685,0.25000014970175616
2024-02-07,0.24999975575234665,0.2500000392880288,0.2500000552578685,0.25000014970175616
2024-02-08,0.24999975575234665,0.2500000392880288,0.2500000552578685,0.25000014970175616
2024-02-09,0.24999975575234665,0.2500000392880288,0.2500000552578685,0.25000014970175616
2024-02-12,0.24999975575234665,0.2500000392880288,0.2500000552578685,0.25000014970175616
2024-02-13,0.24999975575234665,0.2500000392880288,0.2500000552578685,0.25000014970175616
2024-02-14,0.24999975575234665,0.2500000392880288,0.2500000552578685,0.25000014970175616
2024-02-15,0.24999975575234665,0.2500000392880288,0.2500000552578685,0.25000014970175616
2024-02-16,0.24999988396498948,0.2500000643773304,0.250000147598736,0.24999990405894398
2024-02-20,0.24999988396498948,0.2500000643773304,0.250000147598736,0.24999990405894398
2024-02-21,0.24999988396498948,0.2500000643773304,0.250000147598736,0.24999990405894398
2024-02-22,0.24999988396498948,0.2500000643773304,0.250000147598736,0.24999990405894398
2024-02-23,0.24999988396498948,0.2500000643773304,0.250000147598736,0.24999990405894398
2024-02-26,0.24999988396498948,0.2500000643773304,0.250000147598736,0.24999990405894398
2024-02-27,0.24999988396498948,0.2500000643773304,0.250000147598736,0.24999990405894398
2024-02-28,0.24999988396498948,0.2500000643773304,0.250000147598736,0.24999990405894398
2024-02-29,0.24999988396498948,0.2500000643773304,0.250000147598736,0.24999990405894398
2024-03-01,0.24999988396498948,0.2500000643773304,0.250000147598736,0.24999990405894398
2024-03-04,0.2505657340582798,0.25092416054465255,0.2504946477427392,0.24801545765432828
2024-03-05,0.2505657340582798,0.25092416054465255,0.2504946477427392,0.24801545765432828
2024-03-06,0.2505657340582798,0.25092416054465255,0.2504946477427392,0.24801545765432828
2024-03-07,0.2505657340582798,0.25092416054465255,0.2504946477427392,0.24801545765432828
2024-03-08,0.2505657340582798,0.25092416054465255,0.2504946477427392,0.24801545765432828
2024-03-11,0.2505657340582798,0.25092416054465255,0.2504946477427392,0.24801545765432828
2024-03-12,0.2505657340582798,0.25092416054465255,0.2504946477427392,0.24801545765432828
2024-03-13,0.2505657340582798,0.25092416054465255,0.2504946477427392,0.24801545765432828
2024-03-14,0.2505657340582798,0.25092416054465255,0.2504946477427392,0.24801545765432828
2024-03-15,0.2505657340582798,0.25092416054465255,0.2504946477427392,0.24801545765432828
2024-03-18,0.2533654980278358,0.25608066351810677,0.25316191615874467,0.2373919222953127
2024-03-19,0.2533654980278358,0.25608066351810677,0.25316191615874467,0.2373919222953127
2024-03-20,0.2533654980278358,0.25608066351810677,0.25316191615874467,0.2373919222953127
2024-03-21,0.2533654980278358,0.25608066351810677,0.25316191615874467,0.2373919222953127
2024-03-22,0.2533654980278358,0.25608066351810677,0.25316191615874467,0.2373919222953127
2024-03-25,0.2533654980278358,0.25608066351810677,0.25316191615874467,0.2373919222953127
2024-03-26,0.2533654980278358,0.25608066351810677,0.25316191615874467,0.2373919222953127
2024-03-27,0.2533654980278358,0.25608066351810677,0.25316191615874467,0.2373919222953127
2024-03-28,0.2533654980278358,0.25608066351810677,0.25316191615874467,0.2373919222953127
2024-04-01,0.2533654980278358,0.25608066351810677,0.25316191615874467,0.2373919222953127
2024-04-02,0.25569564370622483,0.2599780556853984,0.2554870698785989,0.2288392307297778
2024-04-03,0.25569564370622483,0.2599780556853984,0.2554870698785989,0.2288392307297778
2024-04-04,0.25569564370622483,0.2599780556853984,0.2554870698785989,0.2288392307297778
2024-04-05,0.25569564370622483,0.2599780556853984,0.2554870698785989,0.2288392307297778
2024-04-08,0.25569564370622483,0.2599780556853984,0.2554870698785989,0.2288392307297778
2024-04-09,0.25569564370622483,0.2599780556853984,0.2554870698785989,0.2288392307297778
2024-04-10,0.25569564370622483,0.2599780556853984,0.2554870698785989,0.2288392307297778
2024-04-11,0.25569564370622483,0.2599780556853984,0.2554870698785989,0.2288392307297778
2024-04-12,0.25569564370622483,0.2599780556853984,0.2554870698785989,0.2288392307297778
2024-04-15,0.25569564370622483,0.2599780556853984,0.2554870698785989,0.2288392307297778
2024-04-16,0.25453752607110763,0.25832224917825186,0.2546610664243774,0.23247915832626306
2024-04-17,0.25453752607110763,0.25832224917825186,0.2546610664243774,0.23247915832626306
2024-04-18,0.25453752607110763,0.25832224917825186,0.2546610664243774,0.23247915832626306
2024-04-19,0.25453752607110763,0.25832224917825186,0.2546610664243774,0.23247915832626306
2024-04-22,0.25453752607110763,0.25832224917825186,0.2546610664243774,0.23247915832626306
2024-04-23,0.25453752607110763,0.25832224917825186,0.2546610664243774,0.23247915832626306
2024-04-24,0.25453752607110763,0.25832224917825186,0.2546610664243774,0.23247915832626306
2024-04-25,0.25453752607110763,0.25832224917825186,0.2546610664243774,0.23247915832626306
2024-04-26,0.25453752607110763,0.25832224917825186,0.2546610664243774,0.23247915832626306
2024-04-29,0.25453752607110763,0.25832224917825186,0.2546610664243774,0.23247915832626306
2024-04-30,0.25388448448179207,0.2574645810243397,0.25426892053665795,0.23438201395721034
2024-05-01,0.25388448448179207,0.2574645810243397,0.25426892053665795,0.23438201395721034
2024-05-02,0.25388448448179207,0.2574645810243397,0.25426892053665795,0.23438201395721034
2024-05-03,0.25388448448179207,0.2574645810243397,0.25426892053665795,0.23438201395721034
2024-05-06,0.25388448448179207,0.2574645810243397,0.25426892053665795,0.23438201395721034
2024-05-07,0.25388448448179207,0.2574645810243397,0.25426892053665795,0.23438201395721034
2024-05-08,0.25388448448179207,0.2574645810243397,0.25426892053665795,0.23438201395721034
2024-05-09,0.25388448448179207,0.2574645810243397,0.25426892053665795,0.23438201395721034
2024-05-10,0.25388448448179207,0.2574645810243397,0.25426892053665795,0.23438201395721034
2024-05-13,0.25388448448179207,0.2574645810243397,0.25426892053665795,0.23438201395721034
2024-05-14,0.252236628323745,0.25469474422300853,0.2523654159620019,0.24070321149124452
2024-05-15,0.252236628323745,0.25469474422300853,0.2523654159620019,0.24070321149124452
2024-05-16,0.252236628323745,0.25469474422300853,0.2523654159620019,0.24070321149124452
2024-05-17,0.252236628323745,0.25469474422300853,0.2523654159620019,0.24070321149124452
2024-05-20,0.252236628323745,0.25469474422300853,0.2523654159620019,0.24070321149124452
2024-05-21,0.252236628323745,0.25469474422300853,0.2523654159620019,0.24070321149124452
2024-05-22,0.252236628323745,0.25469474422300853,0.2523654159620019,0.24070321149124452
2024-05-23,0.252236628323745,0.25469474422300853,0.2523654159620019,0.24070321149124452
2024-05-24,0.252236628323745,0.25469474422300853,0.2523654159620019,0.24070321149124452
2024-05-28,0.252236628323745,0.25469474422300853,0.2523654159620019,0.24070321149124452
2024-05-29,0.2523217589976476,0.25486572102011007,0.2523208706819598,0.24049164930028263
2024-05-30,0.2523217589976476,0.25486572102011007,0.2523208706819598,0.24049164930028263
2024-05-31,0.2523217589976476,0.25486572102011007,0.2523208706819598,0.24049164930028263
2024-06-03,0.2523217589976476,0.25486572102011007,0.2523208706819598,0.24049164930028263
2024-06-04,0.2523217589976476,0.25486572102011007,0.2523208706819598,0.24049164930028263
2024-06-05,0.2523217589976476,0.25486572102011007,0.2523208706819598,0.24049164930028263
2024-06-06,0.2523217589976476,0.25486572102011007,0.2523208706819598,0.24049164930028263
2024-06-07,0.2523217589976476,0.25486572102011007,0.2523208706819598,0.24049164930028263
2024-06-10,0.2523217589976476,0.25486572102011007,0.2523208706819598,0.24049164930028263
2024-06-11,0.2523217589976476,0.25486572102011007,0.2523208706819598,0.24049164930028263
2024-06-12,0.2606765212321046,0.26966550314087673,0.2589436034121695,0.21071437221484918
2024-06-13,0.2606765212321046,0.26966550314087673,0.2589436034121695,0.21071437221484918
2024-06-14,0.2606765212321046,0.26966550314087673,0.2589436034121695,0.21071437221484918
2024-06-17,0.2606765212321046,0.26966550314087673,0.2589436034121695,0.21071437221484918
2024-06-18,0.2606765212321046,0.26966550314087673,0.2589436034121695,0.21071437221484918
2024-06-20,0.2606765212321046,0.26966550314087673,0.2589436034121695,0.21071437221484918
2024-06-21,0.2606765212321046,0.26966550314087673,0.2589436034121695,0.21071437221484918
2024-06-24,0.2606765212321046,0.26966550314087673,0.2589436034121695,0.21071437221484918
2024-06-25,0.2606765212321046,0.26966550314087673,0.2589436034121695,0.21071437221484918
2024-06-26,0.2606765212321046,0.26966550314087673,0.2589436034121695,0.21071437221484918
2024-06-27,0.26190493959283184,0.2695642022577877,0.2585254026091712,0.2100054555402092
2024-06-28,0.26190493959283184,0.2695642022577877,0.2585254026091712,0.2100054555402092
2024-07-01,0.26190493959283184,0.2695642022577877,0.2585254026091712,0.2100054555402092
2024-07-02,0.26190493959283184,0.2695642022577877,0.2585254026091712,0.2100054555402092
2024-07-03,0.26190493959283184,0.2695642022577877,0.2585254026091712,0.2100054555402092
2024-07-05,0.26190493959283184,0.2695642022577877,0.2585254026091712,0.2100054555402092
2024-07-08,0.26190493959283184,0.2695642022577877,0.2585254026091712,0.2100054555402092
2024-07-09,0.26190493959283184,0.2695642022577877,0.2585254026091712,0.2100054555402092
2024-07-10,0.26190493959283184,0.2695642022577877,0.2585254026091712,0.2100054555402092
2024-07-11,0.26190493959283184,0.2695642022577877,0.2585254026091712,0.2100054555402092
2024-07-12,0.2618221908046326,0.26870247430849514,0.2576724014042299,0.21180293348264245
2024-07-15,0.2618221908046326,0.26870247430849514,0.2576724014042299,0.21180293348264245
2024-07-16,0.2618221908046326,0.26870247430849514,0.2576724014042299,0.21180293348264245
2024-07-17,0.2618221908046326,0.26870247430849514,0.2576724014042299,0.21180293348264245
2024-07-18,0.2618221908046326,0.26870247430849514,0.2576724014042299,0.21180293348264245
2024-07-19,0.2618221908046326,0.26870247430849514,0.2576724014042299,0.21180293348264245
2024-07-22,0.2618221908046326,0.26870247430849514,0.2576724014042299,0.21180293348264245
2024-07-23,0.2618221908046326,0.26870247430849514,0.2576724014042299,0.21180293348264245
2024-07-24,0.2618221908046326,0.26870247430849514,0.2576724014042299,0.21180293348264245
2024-07-25,0.2618221908046326,0.26870247430849514,0.2576724014042299,0.21180293348264245
2024-07-26,0.26643830147396147,0.2782607799628874,0.261942459609105,0.19335845895404624
2024-07-29,0.26643830147396147,0.2782607799628874,0.261942459609105,0.19335845895404624
2024-07-30,0.26643830147396147,0.2782607799628874,0.261942459609105,0.19335845895404624
2024-07-31,0.26643830147396147,0.2782607799628874,0.261942459609105,0.19335845895404624
2024-08-01,0.26643830147396147,0.2782607799628874,0.261942459609105,0.19335845895404624
2024-08-02,0.26643830147396147,0.2782607799628874,0.261942459609105,0.19335845895404624
2024-08-05,0.26643830147396147,0.2782607799628874,0.261942459609105,0.19335845895404624
2024-08-06,0.26643830147396147,0.2782607799628874,0.261942459609105,0.19335845895404624
2024-08-07,0.26643830147396147,0.2782607799628874,0.261942459609105,0.19335845895404624
2024-08-08,0.26643830147396147,0.2782607799628874,0.261942459609105,0.19335845895404624
2024-08-09,0.2608780360132378,0.27805570720410394,0.26143609326722556,0.1996301635154328
2024-08-12,0.2608780360132378,0.27805570720410394,0.26143609326722556,0.1996301635154328
2024-08-13,0.2608780360132378,0.27805570720410394,0.26143609326722556,0.1996301635154328
2024-08-14,0.2608780360132378,0.27805570720410394,0.26143609326722556,0.1996301635154328
2024-08-15,0.2608780360132378,0.27805570720410394,0.26143609326722556,0.1996301635154328
2024-08-16,0.2608780360132378,0.27805570720410394,0.26143609326722556,0.1996301635154328
2024-08-19,0.2608780360132378,0.27805570720410394,0.26143609326722556,0.1996301635154328
2024-08-20,0.2608780360132378,0.27805570720410394,0.26143609326722556,0.1996301635154328
2024-08-21,0.2608780360132378,0.27805570720410394,0.26143609326722556,0.1996301635154328
2024-08-22,0.2608780360132378,0.27805570720410394,0.26143609326722556,0.1996301635154328
2024-08-23,0.2592859626821736,0.27461101364802193,0.2590396664588378,0.2070633572109667
2024-08-26,0.2592859626821736,0.27461101364802193,0.2590396664588378,0.2070633572109667
2024-08-27,0.2592859626821736,0.27461101364802193,0.2590396664588378,0.2070633572109667
2024-08-28,0.2592859626821736,0.27461101364802193,0.2590396664588378,0.2070633572109667
2024-08-29,0.2592859626821736,0.27461101364802193,0.2590396664588378,0.2070633572109667
2024-08-30,0.2592859626821736,0.27461101364802193,0.2590396664588378,0.2070633572109667
2024-09-03,0.2592859626821736,0.27461101364802193,0.2590396664588378,0.2070633572109667
2024-09-04,0.2592859626821736,0.27461101364802193,0.2590396664588378,0.2070633572109667
2024-09-05,0.2592859626821736,0.27461101364802193,0.2590396664588378,0.2070633572109667
2024-09-06,0.2592859626821736,0.27461101364802193,0.2590396664588378,0.2070633572109667
2024-09-09,0.25116015634089195,0.25368102620700383,0.2512419606142661,0.243916856837838
2024-09-10,0.25116015634089195,0.25368102620700383,0.2512419606142661,0.243916856837838
2024-09-11,0.25116015634089195,0.25368102620700383,0.2512419606142661,0.243916856837838
2024-09-12,0.25116015634089195,0.25368102620700383,0.2512419606142661,0.243916856837838
2024-09-13,0.25116015634089195,0.25368102620700383,0.2512419606142661,0.243916856837838
2024-09-16,0.25116015634089195,0.25368102620700383,0.2512419606142661,0.243916856837838
2024-09-17,0.25116015634089195,0.25368102620700383,0.2512419606142661,0.243916856837838
2024-09-18,0.25116015634089195,0.25368102620700383,0.2512419606142661,0.243916856837838
2024-09-19,0.25116015634089195,0.25368102620700383,0.2512419606142661,0.243916856837838
2024-09-20,0.25116015634089195,0.25368102620700383,0.2512419606142661,0.243916856837838
2024-09-23,0.2510076584070764,0.25365333717974814,0.2511408006506133,0.2441982037625622
2024-09-24,0.2510076584070764,0.25365333717974814,0.2511408006506133,0.2441982037625622
2024-09-25,0.2510076584070764,0.25365333717974814,0.2511408006506133,0.2441982037625622
2024-09-26,0.2510076584070764,0.25365333717974814,0.2511408006506133,0.2441982037625622
2024-09-27,0.2510076584070764,0.25365333717974814,0.2511408006506133,0.2441982037625622
2024-09-30,0.2510076584070764,0.25365333717974814,0.2511408006506133,0.2441982037625622
2024-10-01,0.2510076584070764,0.25365333717974814,0.2511408006506133,0.2441982037625622
2024-10-02,0.2510076584070764,0.25365333717974814,0.2511408006506133,0.2441982037625622
2024-10-03,0.2510076584070764,0.25365333717974814,0.2511408006506133,0.2441982037625622
2024-10-04,0.2510076584070764,0.25365333717974814,0.2511408006506133,0.2441982037625622
2024-10-07,0.2499999736665269,0.25000005425528843,0.24999990033766492,0.2500000717405197
2024-10-08,0.2499999736665269,0.25000005425528843,0.24999990033766492,0.2500000717405197
2024-10-09,0.2499999736665269,0.25000005425528843,0.24999990033766492,0.2500000717405197
2024-10-10,0.2499999736665269,0.25000005425528843,0.24999990033766492,0.2500000717405197
2024-10-11,0.2499999736665269,0.25000005425528843,0.24999990033766492,0.2500000717405197
2024-10-14,0.2499999736665269,0.25000005425528843,0.24999990033766492,0.2500000717405197
2024-10-15,0.2499999736665269,0.25000005425528843,0.24999990033766492,0.2500000717405197
2024-10-16,0.2499999736665269,0.25000005425528843,0.24999990033766492,0.2500000717405197
2024-10-17,0.2499999736665269,0.25000005425528843,0.24999990033766492,0.2500000717405197
2024-10-18,0.2499999736665269,0.25000005425528843,0.24999990033766492,0.2500000717405197
2024-10-21,0.25000000900578245,0.24999998328613848,0.24999996485521309,0.250000042852866
2024-10-22,0.25000000900578245,0.24999998328613848,0.24999996485521309,0.250000042852866
2024-10-23,0.25000000900578245,0.24999998328613848,0.24999996485521309,0.250000042852866
2024-10-24,0.25000000900578245,0.24999998328613848,0.24999996485521309,0.250000042852866
2024-10-25,0.25000000900578245,0.24999998328613848,0.24999996485521309,0.250000042852866
2024-10-28,0.25000000900578245,0.24999998328613848,0.24999996485521309,0.250000042852866
2024-10-29,0.25000000900578245,0.24999998328613848,0.24999996485521309,0.250000042852866
2024-10-30,0.25000000900578245,0.24999998328613848,0.24999996485521309,0.250000042852866
2024-10-31,0.25000000900578245,0.24999998328613848,0.24999996485521309,0.250000042852866
2024-11-01,0.25000000900578245,0.24999998328613848,0.24999996485521309,0.250000042852866
2024-11-04,0.2500000114943425,0.24999999804293827,0.2499999597930472,0.25000003066967197
2024-11-05,0.2500000114943425,0.24999999804293827,0.2499999597930472,0.25000003066967197
2024-11-06,0.2500000114943425,0.24999999804293827,0.2499999597930472,0.25000003066967197
2024-11-07,0.2500000114943425,0.24999999804293827,0.2499999597930472,0.25000003066967197
2024-11-08,0.2500000114943425,0.24999999804293827,0.2499999597930472,0.25000003066967197
2024-11-11,0.2500000114943425,0.24999999804293827,0.2499999597930472,0.25000003066967197
2024-11-12,0.2500000114943425,0.24999999804293827,0.2499999597930472,0.25000003066967197
2024-11-13,0.2500000114943425,0.24999999804293827,0.2499999597930472,0.25000003066967197
2024-11-14,0.2500000114943425,0.24999999804293827,0.2499999597930472,0.25000003066967197
2024-11-15,0.2500000114943425,0.24999999804293827,0.2499999597930472,0.25000003066967197
2024-11-18,0.2499998562243972,0.2500000894820971,0.24999996313377054,0.2500000911597352
2024-11-19,0.2499998562243972,0.2500000894820971,0.24999996313377054,0.2500000911597352
2024-11-20,0.2499998562243972,0.2500000894820971,0.24999996313377054,0.2500000911597352
2024-11-21,0.2499998562243972,0.2500000894820971,0.24999996313377054,0.2500000911597352
2024-11-22,0.2499998562243972,0.2500000894820971,0.24999996313377054,0.2500000911597352
2024-11-25,0.2499998562243972,0.2500000894820971,0.24999996313377054,0.2500000911597352
2024-11-26,0.2499998562243972,0.2500000894820971,0.24999996313377054,0.2500000911597352
2024-11-27,0.2499998562243972,0.2500000894820971,0.24999996313377054,0.2500000911597352
2024-11-29,0.2499998562243972,0.2500000894820971,0.24999996313377054,0.2500000911597352
2024-12-02,0.2499998562243972,0.2500000894820971,0.24999996313377054,0.2500000911597352
2024-12-03,0.24999993113554508,0.250000003821444,0.24999993165456,0.2500001333884509
2024-12-04,0.24999993113554508,0.250000003821444,0.24999993165456,0.2500001333884509
2024-12-05,0.24999993113554508,0.250000003821444,0.24999993165456,0.2500001333884509
2024-12-06,0.24999993113554508,0.250000003821444,0.24999993165456,0.2500001333884509
2024-12-09,0.24999993113554508,0.250000003821444,0.24999993165456,0.2500001333884509
2024-12-10,0.24999993113554508,0.250000003821444,0.24999993165456,0.2500001333884509
2024-12-11,0.24999993113554508,0.250000003821444,0.24999993165456,0.2500001333884509
2024-12-12,0.24999993113554508,0.250000003821444,0.24999993165456,0.2500001333884509
2024-12-13,0.24999993113554508,0.250000003821444,0.24999993165456,0.2500001333884509
2024-12-16,0.24999993113554508,0.250000003821444,0.24999993165456,0.2500001333884509
2024-12-17,0.24999999336329295,0.25000000608450307,0.24999998855845745,0.2500000119937465
2024-12-18,0.24999999336329295,0.25000000608450307,0.24999998855845745,0.2500000119937465
2024-12-19,0.24999999336329295,0.25000000608450307,0.24999998855845745,0.2500000119937465
2024-12-20,0.24999999336329295,0.25000000608450307,0.24999998855845745,0.2500000119937465
2024-12-23,0.24999999336329295,0.25000000608450307,0.24999998855845745,0.2500000119937465
2024-12-24,0.24999999336329295,0.25000000608450307,0.24999998855845745,0.2500000119937465
2024-12-26,0.24999999336329295,0.25000000608450307,0.24999998855845745,0.2500000119937465
2024-12-27,0.24999999336329295,0.25000000608450307,0.24999998855845745,0.2500000119937465
2024-12-30,0.24999999336329295,0.25000000608450307,0.24999998855845745,0.2500000119937465
2024-12-31,0.24999999336329295,0.25000000608450307,0.24999998855845745,0.2500000119937465
