,long_gross_return,short_gross_return,long_transaction_cost,short_transaction_cost,short_borrow_cost,long_net_return,short_net_return,long_turnover,short_turnover,long_gross_exposure,short_gross_exposure
2007-01-03,0.0,0.0,0.0,0.0,0.0,0.0,0.0,0.0,0.0,0.0,0.0
2007-01-04,0.0,0.0,0.0,0.0,0.0,0.0,0.0,0.0,0.0,0.0,0.0
2007-01-05,0.0,0.0,0.0,0.0,0.0,0.0,0.0,0.0,0.0,0.0,0.0
2007-01-08,0.0,0.0,0.0,0.0,0.0,0.0,0.0,0.0,0.0,0.0,0.0
2007-01-09,0.0,0.0,0.0,0.0,0.0,0.0,0.0,0.0,0.0,0.0,0.0
2007-01-10,0.0,0.0,0.0,0.0,0.0,0.0,0.0,0.0,0.0,0.0,0.0
2007-01-11,0.0,0.0,0.0,0.0,0.0,0.0,0.0,0.0,0.0,0.0,0.0
2007-01-12,0.0,0.0,0.0,0.0,0.0,0.0,0.0,0.0,0.0,0.0,0.0
2007-01-16,0.0,0.0,0.0,0.0,0.0,0.0,0.0,0.0,0.0,0.0,0.0
2007-01-17,0.0,0.0,0.0,0.0,0.0,0.0,0.0,0.0,0.0,0.0,0.0
2007-01-18,0.0,0.0,0.0,0.0,0.0,0.0,0.0,0.0,0.0,0.0,0.0
2007-01-19,0.0,0.0,0.0,0.0,0.0,0.0,0.0,0.0,0.0,0.0,0.0
2007-01-22,0.0,0.0,0.0,0.0,0.0,0.0,0.0,0.0,0.0,0.0,0.0
2007-01-23,0.0,0.0,0.0,0.0,0.0,0.0,0.0,0.0,0.0,0.0,0.0
2007-01-24,0.0,0.0,0.0,0.0,0.0,0.0,0.0,0.0,0.0,0.0,0.0
2007-01-25,0.0,0.0,0.0,0.0,0.0,0.0,0.0,0.0,0.0,0.0,0.0
2007-01-26,0.0,0.0,0.0,0.0,0.0,0.0,0.0,0.0,0.0,0.0,0.0
2007-01-29,0.0,0.0,0.0,0.0,0.0,0.0,0.0,0.0,0.0,0.0,0.0
2007-01-30,0.0,0.0,0.0,0.0,0.0,0.0,0.0,0.0,0.0,0.0,0.0
2007-01-31,0.0,0.0,0.0,0.0,0.0,0.0,0.0,0.0,0.0,0.0,0.0
2007-02-01,0.0,0.0,0.0,0.0,0.0,0.0,0.0,0.0,0.0,0.0,0.0
2007-02-02,0.0,0.0,0.0,0.0,0.0,0.0,0.0,0.0,0.0,0.0,0.0
2007-02-05,0.0,0.0,0.0,0.0,0.0,0.0,0.0,0.0,0.0,0.0,0.0
2007-02-06,0.0,0.0,0.0,0.0,0.0,0.0,0.0,0.0,0.0,0.0,0.0
2007-02-07,0.0,0.0,0.0,0.0,0.0,0.0,0.0,0.0,0.0,0.0,0.0
2007-02-08,0.0,0.0,0.0,0.0,0.0,0.0,0.0,0.0,0.0,0.0,0.0
2007-02-09,0.0,0.0,0.0,0.0,0.0,0.0,0.0,0.0,0.0,0.0,0.0
2007-02-12,0.0,0.0,0.0,0.0,0.0,0.0,0.0,0.0,0.0,0.0,0.0
2007-02-13,0.0,0.0,0.0,0.0,0.0,0.0,0.0,0.0,0.0,0.0,0.0
2007-02-14,0.0,0.0,0.0,0.0,0.0,0.0,0.0,0.0,0.0,0.0,0.0
2007-02-15,0.0,0.0,0.0,0.0,0.0,0.0,0.0,0.0,0.0,0.0,0.0
2007-02-16,0.0,0.0,0.0,0.0,0.0,0.0,0.0,0.0,0.0,0.0,0.0
2007-02-20,0.0,0.0,0.0,0.0,0.0,0.0,0.0,0.0,0.0,0.0,0.0
2007-02-21,0.0,0.0,0.0,0.0,0.0,0.0,0.0,0.0,0.0,0.0,0.0
2007-02-22,0.0,0.0,0.0,0.0,0.0,0.0,0.0,0.0,0.0,0.0,0.0
2007-02-23,0.0,0.0,0.0,0.0,0.0,0.0,0.0,0.0,0.0,0.0,0.0
2007-02-26,0.0,0.0,0.0,0.0,0.0,0.0,0.0,0.0,0.0,0.0,0.0
2007-02-27,0.0,0.0,0.0,0.0,0.0,0.0,0.0,0.0,0.0,0.0,0.0
2007-02-28,0.0,0.0,0.0,0.0,0.0,0.0,0.0,0.0,0.0,0.0,0.0
2007-03-01,0.0,0.0,0.0,0.0,0.0,0.0,0.0,0.0,0.0,0.0,0.0
2007-03-02,0.0,0.0,0.0,0.0,0.0,0.0,0.0,0.0,0.0,0.0,0.0
2007-03-05,0.0,0.0,0.0,0.0,0.0,0.0,0.0,0.0,0.0,0.0,0.0
2007-03-06,0.0,0.0,0.0,0.0,0.0,0.0,0.0,0.0,0.0,0.0,0.0
2007-03-07,0.0,0.0,0.0,0.0,0.0,0.0,0.0,0.0,0.0,0.0,0.0
2007-03-08,0.0,0.0,0.0,0.0,0.0,0.0,0.0,0.0,0.0,0.0,0.0
2007-03-09,0.0,0.0,0.0,0.0,0.0,0.0,0.0,0.0,0.0,0.0,0.0
2007-03-12,0.0,0.0,0.0,0.0,0.0,0.0,0.0,0.0,0.0,0.0,0.0
2007-03-13,0.0,0.0,0.0,0.0,0.0,0.0,0.0,0.0,0.0,0.0,0.0
2007-03-14,0.0,0.0,0.0,0.0,0.0,0.0,0.0,0.0,0.0,0.0,0.0
2007-03-15,0.0,0.0,0.0,0.0,0.0,0.0,0.0,0.0,0.0,0.0,0.0
2007-03-16,0.0,0.0,0.0,0.0,0.0,0.0,0.0,0.0,0.0,0.0,0.0
2007-03-19,0.0,0.0,0.0,0.0,0.0,0.0,0.0,0.0,0.0,0.0,0.0
2007-03-20,0.0,0.0,0.0,0.0,0.0,0.0,0.0,0.0,0.0,0.0,0.0
2007-03-21,0.0,0.0,0.0,0.0,0.0,0.0,0.0,0.0,0.0,0.0,0.0
2007-03-22,0.0,0.0,0.0,0.0,0.0,0.0,0.0,0.0,0.0,0.0,0.0
2007-03-23,0.0,0.0,0.0,0.0,0.0,0.0,0.0,0.0,0.0,0.0,0.0
2007-03-26,0.0,0.0,0.0,0.0,0.0,0.0,0.0,0.0,0.0,0.0,0.0
2007-03-27,0.0,0.0,0.0,0.0,0.0,0.0,0.0,0.0,0.0,0.0,0.0
2007-03-28,0.0,0.0,0.0,0.0,0.0,0.0,0.0,0.0,0.0,0.0,0.0
2007-03-29,0.0,0.0,0.0,0.0,0.0,0.0,0.0,0.0,0.0,0.0,0.0
2007-03-30,0.0,0.0,0.0,0.0,0.0,0.0,0.0,0.0,0.0,0.0,0.0
2007-04-02,0.0,0.0,0.0,0.0,0.0,0.0,0.0,0.0,0.0,0.0,0.0
2007-04-03,0.0,0.0,0.0,0.0,0.0,0.0,0.0,0.0,0.0,0.0,0.0
2007-04-04,0.0,0.0,0.0,0.0,0.0,0.0,0.0,0.0,0.0,0.0,0.0
2007-04-05,0.0,0.0,0.0,0.0,0.0,0.0,0.0,0.0,0.0,0.0,0.0
2007-04-09,0.0,0.0,0.0,0.0,0.0,0.0,0.0,0.0,0.0,0.0,0.0
2007-04-10,0.0,0.0,0.0,0.0,0.0,0.0,0.0,0.0,0.0,0.0,0.0
2007-04-11,0.0,0.0,0.0,0.0,0.0,0.0,0.0,0.0,0.0,0.0,0.0
2007-04-12,0.0,0.0,0.0,0.0,0.0,0.0,0.0,0.0,0.0,0.0,0.0
2007-04-13,0.0,0.0,0.0,0.0,0.0,0.0,0.0,0.0,0.0,0.0,0.0
2007-04-16,0.0,0.0,0.0,0.0,0.0,0.0,0.0,0.0,0.0,0.0,0.0
2007-04-17,0.0,0.0,0.0,0.0,0.0,0.0,0.0,0.0,0.0,0.0,0.0
2007-04-18,0.0,0.0,0.0,0.0,0.0,0.0,0.0,0.0,0.0,0.0,0.0
2007-04-19,0.0,0.0,0.0,0.0,0.0,0.0,0.0,0.0,0.0,0.0,0.0
2007-04-20,0.0,0.0,0.0,0.0,0.0,0.0,0.0,0.0,0.0,0.0,0.0
2007-04-23,0.0,0.0,0.0,0.0,0.0,0.0,0.0,0.0,0.0,0.0,0.0
2007-04-24,0.0,0.0,0.0,0.0,0.0,0.0,0.0,0.0,0.0,0.0,0.0
2007-04-25,0.0,0.0,0.0,0.0,0.0,0.0,0.0,0.0,0.0,0.0,0.0
2007-04-26,0.0,0.0,0.0,0.0,0.0,0.0,0.0,0.0,0.0,0.0,0.0
2007-04-27,0.0,0.0,0.0,0.0,0.0,0.0,0.0,0.0,0.0,0.0,0.0
2007-04-30,0.0,0.0,0.0,0.0,0.0,0.0,0.0,0.0,0.0,0.0,0.0
2007-05-01,0.0,0.0,0.0,0.0,0.0,0.0,0.0,0.0,0.0,0.0,0.0
2007-05-02,0.0,0.0,0.0,0.0,0.0,0.0,0.0,0.0,0.0,0.0,0.0
2007-05-03,0.0,0.0,0.0,0.0,0.0,0.0,0.0,0.0,0.0,0.0,0.0
2007-05-04,0.0,0.0,0.0,0.0,0.0,0.0,0.0,0.0,0.0,0.0,0.0
2007-05-07,0.0,0.0,0.0,0.0,0.0,0.0,0.0,0.0,0.0,0.0,0.0
2007-05-08,0.0,0.0,0.0,0.0,0.0,0.0,0.0,0.0,0.0,0.0,0.0
2007-05-09,0.0,0.0,0.0,0.0,0.0,0.0,0.0,0.0,0.0,0.0,0.0
2007-05-10,0.0,0.0,0.0,0.0,0.0,0.0,0.0,0.0,0.0,0.0,0.0
2007-05-11,0.0,0.0,0.0,0.0,0.0,0.0,0.0,0.0,0.0,0.0,0.0
2007-05-14,0.0,0.0,0.0,0.0,0.0,0.0,0.0,0.0,0.0,0.0,0.0
2007-05-15,0.0,0.0,0.0,0.0,0.0,0.0,0.0,0.0,0.0,0.0,0.0
2007-05-16,0.0,0.0,0.0,0.0,0.0,0.0,0.0,0.0,0.0,0.0,0.0
2007-05-17,0.0,0.0,0.0,0.0,0.0,0.0,0.0,0.0,0.0,0.0,0.0
2007-05-18,0.0,0.0,0.0,0.0,0.0,0.0,0.0,0.0,0.0,0.0,0.0
2007-05-21,0.0,0.0,0.0,0.0,0.0,0.0,0.0,0.0,0.0,0.0,0.0
2007-05-22,0.0,0.0,0.0,0.0,0.0,0.0,0.0,0.0,0.0,0.0,0.0
2007-05-23,0.0,0.0,0.0,0.0,0.0,0.0,0.0,0.0,0.0,0.0,0.0
2007-05-24,0.0,0.0,0.0,0.0,0.0,0.0,0.0,0.0,0.0,0.0,0.0
2007-05-25,0.0,0.0,0.0,0.0,0.0,0.0,0.0,0.0,0.0,0.0,0.0
2007-05-29,0.0,0.0,0.0,0.0,0.0,0.0,0.0,0.0,0.0,0.0,0.0
2007-05-30,0.0,0.0,0.0,0.0,0.0,0.0,0.0,0.0,0.0,0.0,0.0
2007-05-31,0.0,0.0,0.0,0.0,0.0,0.0,0.0,0.0,0.0,0.0,0.0
2007-06-01,0.0,0.0,0.0,0.0,0.0,0.0,0.0,0.0,0.0,0.0,0.0
2007-06-04,0.0,0.0,0.0,0.0,0.0,0.0,0.0,0.0,0.0,0.0,0.0
2007-06-05,0.0,0.0,0.0,0.0,0.0,0.0,0.0,0.0,0.0,0.0,0.0
2007-06-06,0.0,0.0,0.0,0.0,0.0,0.0,0.0,0.0,0.0,0.0,0.0
2007-06-07,0.0,0.0,0.0,0.0,0.0,0.0,0.0,0.0,0.0,0.0,0.0
2007-06-08,0.0,0.0,0.0,0.0,0.0,0.0,0.0,0.0,0.0,0.0,0.0
2007-06-11,0.0,0.0,0.0,0.0,0.0,0.0,0.0,0.0,0.0,0.0,0.0
2007-06-12,0.0,0.0,0.0,0.0,0.0,0.0,0.0,0.0,0.0,0.0,0.0
2007-06-13,0.0,0.0,0.0,0.0,0.0,0.0,0.0,0.0,0.0,0.0,0.0
2007-06-14,0.0,0.0,0.0,0.0,0.0,0.0,0.0,0.0,0.0,0.0,0.0
2007-06-15,0.0,0.0,0.0,0.0,0.0,0.0,0.0,0.0,0.0,0.0,0.0
2007-06-18,0.0,0.0,0.0,0.0,0.0,0.0,0.0,0.0,0.0,0.0,0.0
2007-06-19,0.0,0.0,0.0,0.0,0.0,0.0,0.0,0.0,0.0,0.0,0.0
2007-06-20,0.0,0.0,0.0,0.0,0.0,0.0,0.0,0.0,0.0,0.0,0.0
2007-06-21,0.0,0.0,0.0,0.0,0.0,0.0,0.0,0.0,0.0,0.0,0.0
2007-06-22,0.0,0.0,0.0,0.0,0.0,0.0,0.0,0.0,0.0,0.0,0.0
2007-06-25,0.0,0.0,0.0,0.0,0.0,0.0,0.0,0.0,0.0,0.0,0.0
2007-06-26,0.0,0.0,0.0,0.0,0.0,0.0,0.0,0.0,0.0,0.0,0.0
2007-06-27,0.0,0.0,0.0,0.0,0.0,0.0,0.0,0.0,0.0,0.0,0.0
2007-06-28,0.0,0.0,0.0,0.0,0.0,0.0,0.0,0.0,0.0,0.0,0.0
2007-06-29,0.0,0.0,0.0,0.0,0.0,0.0,0.0,0.0,0.0,0.0,0.0
2007-07-02,0.0,0.0,0.0,0.0,0.0,0.0,0.0,0.0,0.0,0.0,0.0
2007-07-03,0.0,0.0,0.0,0.0,0.0,0.0,0.0,0.0,0.0,0.0,0.0
2007-07-05,0.0,0.0,0.0,0.0,0.0,0.0,0.0,0.0,0.0,0.0,0.0
2007-07-06,0.0,0.0,0.0,0.0,0.0,0.0,0.0,0.0,0.0,0.0,0.0
2007-07-09,0.0,0.0,0.0,0.0,0.0,0.0,0.0,0.0,0.0,0.0,0.0
2007-07-10,0.0,0.0,0.0,0.0,0.0,0.0,0.0,0.0,0.0,0.0,0.0
2007-07-11,0.0,0.0,0.0,0.0,0.0,0.0,0.0,0.0,0.0,0.0,0.0
2007-07-12,0.0,0.0,0.0,0.0,0.0,0.0,0.0,0.0,0.0,0.0,0.0
2007-07-13,0.0,0.0,0.0,0.0,0.0,0.0,0.0,0.0,0.0,0.0,0.0
2007-07-16,0.0,0.0,0.0,0.0,0.0,0.0,0.0,0.0,0.0,0.0,0.0
2007-07-17,0.0,0.0,0.0,0.0,0.0,0.0,0.0,0.0,0.0,0.0,0.0
2007-07-18,0.0,0.0,0.0,0.0,0.0,0.0,0.0,0.0,0.0,0.0,0.0
2007-07-19,0.0,0.0,0.0,0.0,0.0,0.0,0.0,0.0,0.0,0.0,0.0
2007-07-20,0.0,0.0,0.0,0.0,0.0,0.0,0.0,0.0,0.0,0.0,0.0
2007-07-23,0.0,0.0,0.0,0.0,0.0,0.0,0.0,0.0,0.0,0.0,0.0
2007-07-24,0.0,0.0,0.0,0.0,0.0,0.0,0.0,0.0,0.0,0.0,0.0
2007-07-25,0.0,0.0,0.0,0.0,0.0,0.0,0.0,0.0,0.0,0.0,0.0
2007-07-26,0.0,0.0,0.0,0.0,0.0,0.0,0.0,0.0,0.0,0.0,0.0
2007-07-27,0.0,0.0,0.0,0.0,0.0,0.0,0.0,0.0,0.0,0.0,0.0
2007-07-30,0.0,0.0,0.0,0.0,0.0,0.0,0.0,0.0,0.0,0.0,0.0
2007-07-31,0.0,0.0,0.0,0.0,0.0,0.0,0.0,0.0,0.0,0.0,0.0
2007-08-01,0.0,0.0,0.0,0.0,0.0,0.0,0.0,0.0,0.0,0.0,0.0
2007-08-02,0.0,0.0,0.0,0.0,0.0,0.0,0.0,0.0,0.0,0.0,0.0
2007-08-03,0.0,0.0,0.0,0.0,0.0,0.0,0.0,0.0,0.0,0.0,0.0
2007-08-06,0.0,0.0,0.0,0.0,0.0,0.0,0.0,0.0,0.0,0.0,0.0
2007-08-07,0.0,0.0,0.0,0.0,0.0,0.0,0.0,0.0,0.0,0.0,0.0
2007-08-08,0.0,0.0,0.0,0.0,0.0,0.0,0.0,0.0,0.0,0.0,0.0
2007-08-09,0.0,0.0,0.0,0.0,0.0,0.0,0.0,0.0,0.0,0.0,0.0
2007-08-10,0.0,0.0,0.0,0.0,0.0,0.0,0.0,0.0,0.0,0.0,0.0
2007-08-13,0.0,0.0,0.0,0.0,0.0,0.0,0.0,0.0,0.0,0.0,0.0
2007-08-14,0.0,0.0,0.0,0.0,0.0,0.0,0.0,0.0,0.0,0.0,0.0
2007-08-15,0.0,0.0,0.0,0.0,0.0,0.0,0.0,0.0,0.0,0.0,0.0
2007-08-16,0.0,0.0,0.0,0.0,0.0,0.0,0.0,0.0,0.0,0.0,0.0
2007-08-17,0.0,0.0,0.0,0.0,0.0,0.0,0.0,0.0,0.0,0.0,0.0
2007-08-20,0.0,0.0,0.0,0.0,0.0,0.0,0.0,0.0,0.0,0.0,0.0
2007-08-21,0.0,0.0,0.0,0.0,0.0,0.0,0.0,0.0,0.0,0.0,0.0
2007-08-22,0.0,0.0,0.0,0.0,0.0,0.0,0.0,0.0,0.0,0.0,0.0
2007-08-23,0.0,0.0,0.0,0.0,0.0,0.0,0.0,0.0,0.0,0.0,0.0
2007-08-24,0.0,0.0,0.0,0.0,0.0,0.0,0.0,0.0,0.0,0.0,0.0
2007-08-27,0.0,0.0,0.0,0.0,0.0,0.0,0.0,0.0,0.0,0.0,0.0
2007-08-28,0.0,0.0,0.0,0.0,0.0,0.0,0.0,0.0,0.0,0.0,0.0
2007-08-29,0.0,0.0,0.0,0.0,0.0,0.0,0.0,0.0,0.0,0.0,0.0
2007-08-30,0.0,0.0,0.0,0.0,0.0,0.0,0.0,0.0,0.0,0.0,0.0
2007-08-31,0.0,0.0,0.0,0.0,0.0,0.0,0.0,0.0,0.0,0.0,0.0
2007-09-04,0.0,0.0,0.0,0.0,0.0,0.0,0.0,0.0,0.0,0.0,0.0
2007-09-05,0.0,0.0,0.0,0.0,0.0,0.0,0.0,0.0,0.0,0.0,0.0
2007-09-06,0.0,0.0,0.0,0.0,0.0,0.0,0.0,0.0,0.0,0.0,0.0
2007-09-07,0.0,0.0,0.0,0.0,0.0,0.0,0.0,0.0,0.0,0.0,0.0
2007-09-10,0.0,0.0,0.0,0.0,0.0,0.0,0.0,0.0,0.0,0.0,0.0
2007-09-11,0.0,0.0,0.0,0.0,0.0,0.0,0.0,0.0,0.0,0.0,0.0
2007-09-12,0.0,0.0,0.0,0.0,0.0,0.0,0.0,0.0,0.0,0.0,0.0
2007-09-13,0.0,0.0,0.0,0.0,0.0,0.0,0.0,0.0,0.0,0.0,0.0
2007-09-14,0.0,0.0,0.0,0.0,0.0,0.0,0.0,0.0,0.0,0.0,0.0
2007-09-17,0.0,0.0,0.0,0.0,0.0,0.0,0.0,0.0,0.0,0.0,0.0
2007-09-18,0.0,0.0,0.0,0.0,0.0,0.0,0.0,0.0,0.0,0.0,0.0
2007-09-19,0.0,0.0,0.0,0.0,0.0,0.0,0.0,0.0,0.0,0.0,0.0
2007-09-20,0.0,0.0,0.0,0.0,0.0,0.0,0.0,0.0,0.0,0.0,0.0
2007-09-21,0.0,0.0,0.0,0.0,0.0,0.0,0.0,0.0,0.0,0.0,0.0
2007-09-24,0.0,0.0,0.0,0.0,0.0,0.0,0.0,0.0,0.0,0.0,0.0
2007-09-25,0.0,0.0,0.0,0.0,0.0,0.0,0.0,0.0,0.0,0.0,0.0
2007-09-26,0.0,0.0,0.0,0.0,0.0,0.0,0.0,0.0,0.0,0.0,0.0
2007-09-27,0.0,0.0,0.0,0.0,0.0,0.0,0.0,0.0,0.0,0.0,0.0
2007-09-28,0.0,0.0,0.0,0.0,0.0,0.0,0.0,0.0,0.0,0.0,0.0
2007-10-01,0.0,0.0,0.0,0.0,0.0,0.0,0.0,0.0,0.0,0.0,0.0
2007-10-02,0.0,0.0,0.0,0.0,0.0,0.0,0.0,0.0,0.0,0.0,0.0
2007-10-03,0.0,0.0,0.0,0.0,0.0,0.0,0.0,0.0,0.0,0.0,0.0
2007-10-04,0.0,0.0,0.0,0.0,0.0,0.0,0.0,0.0,0.0,0.0,0.0
2007-10-05,0.0,0.0,0.0,0.0,0.0,0.0,0.0,0.0,0.0,0.0,0.0
2007-10-08,0.0,0.0,0.0,0.0,0.0,0.0,0.0,0.0,0.0,0.0,0.0
2007-10-09,0.0,0.0,0.0,0.0,0.0,0.0,0.0,0.0,0.0,0.0,0.0
2007-10-10,0.0,0.0,0.0,0.0,0.0,0.0,0.0,0.0,0.0,0.0,0.0
2007-10-11,0.0,0.0,0.0,0.0,0.0,0.0,0.0,0.0,0.0,0.0,0.0
2007-10-12,0.0,0.0,0.0,0.0,0.0,0.0,0.0,0.0,0.0,0.0,0.0
2007-10-15,0.0,0.0,0.0,0.0,0.0,0.0,0.0,0.0,0.0,0.0,0.0
2007-10-16,0.0,0.0,0.0,0.0,0.0,0.0,0.0,0.0,0.0,0.0,0.0
2007-10-17,0.0,0.0,0.0,0.0,0.0,0.0,0.0,0.0,0.0,0.0,0.0
2007-10-18,0.0,0.0,0.0,0.0,0.0,0.0,0.0,0.0,0.0,0.0,0.0
2007-10-19,0.0,0.0,0.0,0.0,0.0,0.0,0.0,0.0,0.0,0.0,0.0
2007-10-22,0.0,0.0,0.0,0.0,0.0,0.0,0.0,0.0,0.0,0.0,0.0
2007-10-23,0.0,0.0,0.0,0.0,0.0,0.0,0.0,0.0,0.0,0.0,0.0
2007-10-24,0.0,0.0,0.0,0.0,0.0,0.0,0.0,0.0,0.0,0.0,0.0
2007-10-25,0.0,0.0,0.0,0.0,0.0,0.0,0.0,0.0,0.0,0.0,0.0
2007-10-26,0.0,0.0,0.0,0.0,0.0,0.0,0.0,0.0,0.0,0.0,0.0
2007-10-29,0.0,0.0,0.0,0.0,0.0,0.0,0.0,0.0,0.0,0.0,0.0
2007-10-30,0.0,0.0,0.0,0.0,0.0,0.0,0.0,0.0,0.0,0.0,0.0
2007-10-31,0.0,0.0,0.0,0.0,0.0,0.0,0.0,0.0,0.0,0.0,0.0
2007-11-01,0.0,0.0,0.0,0.0,0.0,0.0,0.0,0.0,0.0,0.0,0.0
2007-11-02,0.0,0.0,0.0,0.0,0.0,0.0,0.0,0.0,0.0,0.0,0.0
2007-11-05,0.0,0.0,0.0,0.0,0.0,0.0,0.0,0.0,0.0,0.0,0.0
2007-11-06,0.0,0.0,0.0,0.0,0.0,0.0,0.0,0.0,0.0,0.0,0.0
2007-11-07,0.0,0.0,0.0,0.0,0.0,0.0,0.0,0.0,0.0,0.0,0.0
2007-11-08,0.0,0.0,0.0,0.0,0.0,0.0,0.0,0.0,0.0,0.0,0.0
2007-11-09,0.0,0.0,0.0,0.0,0.0,0.0,0.0,0.0,0.0,0.0,0.0
2007-11-12,0.0,0.0,0.0,0.0,0.0,0.0,0.0,0.0,0.0,0.0,0.0
2007-11-13,0.0,0.0,0.0,0.0,0.0,0.0,0.0,0.0,0.0,0.0,0.0
2007-11-14,0.0,0.0,0.0,0.0,0.0,0.0,0.0,0.0,0.0,0.0,0.0
2007-11-15,0.0,0.0,0.0,0.0,0.0,0.0,0.0,0.0,0.0,0.0,0.0
2007-11-16,0.0,0.0,0.0,0.0,0.0,0.0,0.0,0.0,0.0,0.0,0.0
2007-11-19,0.0,0.0,0.0,0.0,0.0,0.0,0.0,0.0,0.0,0.0,0.0
2007-11-20,0.0,0.0,0.0,0.0,0.0,0.0,0.0,0.0,0.0,0.0,0.0
2007-11-21,0.0,0.0,0.0,0.0,0.0,0.0,0.0,0.0,0.0,0.0,0.0
2007-11-23,0.0,0.0,0.0,0.0,0.0,0.0,0.0,0.0,0.0,0.0,0.0
2007-11-26,0.0,0.0,0.0,0.0,0.0,0.0,0.0,0.0,0.0,0.0,0.0
2007-11-27,0.0,0.0,0.0,0.0,0.0,0.0,0.0,0.0,0.0,0.0,0.0
2007-11-28,0.0,0.0,0.0,0.0,0.0,0.0,0.0,0.0,0.0,0.0,0.0
2007-11-29,0.0,0.0,0.0,0.0,0.0,0.0,0.0,0.0,0.0,0.0,0.0
2007-11-30,0.0,0.0,0.0,0.0,0.0,0.0,0.0,0.0,0.0,0.0,0.0
2007-12-03,0.0,0.0,0.0,0.0,0.0,0.0,0.0,0.0,0.0,0.0,0.0
2007-12-04,0.0,0.0,0.0,0.0,0.0,0.0,0.0,0.0,0.0,0.0,0.0
2007-12-05,0.0,0.0,0.0,0.0,0.0,0.0,0.0,0.0,0.0,0.0,0.0
2007-12-06,0.0,0.0,0.0,0.0,0.0,0.0,0.0,0.0,0.0,0.0,0.0
2007-12-07,0.0,0.0,0.0,0.0,0.0,0.0,0.0,0.0,0.0,0.0,0.0
2007-12-10,0.0,0.0,0.0,0.0,0.0,0.0,0.0,0.0,0.0,0.0,0.0
2007-12-11,0.0,0.0,0.0,0.0,0.0,0.0,0.0,0.0,0.0,0.0,0.0
2007-12-12,0.0,0.0,0.0,0.0,0.0,0.0,0.0,0.0,0.0,0.0,0.0
2007-12-13,0.0,0.0,0.0,0.0,0.0,0.0,0.0,0.0,0.0,0.0,0.0
2007-12-14,0.0,0.0,0.0,0.0,0.0,0.0,0.0,0.0,0.0,0.0,0.0
2007-12-17,0.0,0.0,0.0,0.0,0.0,0.0,0.0,0.0,0.0,0.0,0.0
2007-12-18,0.0,0.0,0.0,0.0,0.0,0.0,0.0,0.0,0.0,0.0,0.0
2007-12-19,0.0,0.0,0.0,0.0,0.0,0.0,0.0,0.0,0.0,0.0,0.0
2007-12-20,0.0,0.0,0.0,0.0,0.0,0.0,0.0,0.0,0.0,0.0,0.0
2007-12-21,0.0,0.0,0.0,0.0,0.0,0.0,0.0,0.0,0.0,0.0,0.0
2007-12-24,0.0,0.0,0.0,0.0,0.0,0.0,0.0,0.0,0.0,0.0,0.0
2007-12-26,0.0,0.0,0.0,0.0,0.0,0.0,0.0,0.0,0.0,0.0,0.0
2007-12-27,0.0,0.0,0.0,0.0,0.0,0.0,0.0,0.0,0.0,0.0,0.0
2007-12-28,0.0,0.0,0.0,0.0,0.0,0.0,0.0,0.0,0.0,0.0,0.0
2007-12-31,0.0,0.0,0.0,0.0,0.0,0.0,0.0,0.0,0.0,0.0,0.0
2008-01-02,0.0,0.0,0.0,0.0,0.0,0.0,0.0,0.0,0.0,0.0,0.0
2008-01-03,0.0,0.0,0.0,0.0,0.0,0.0,0.0,0.0,0.0,0.0,0.0
2008-01-04,0.0,0.0,0.0,0.0,0.0,0.0,0.0,0.0,0.0,0.0,0.0
2008-01-07,0.0,0.0,0.0,0.0,0.0,0.0,0.0,0.0,0.0,0.0,0.0
2008-01-08,0.0,0.0,0.0,0.0,0.0,0.0,0.0,0.0,0.0,0.0,0.0
2008-01-09,0.0,0.0,0.0,0.0,0.0,0.0,0.0,0.0,0.0,0.0,0.0
2008-01-10,0.0,0.0,0.0,0.0,0.0,0.0,0.0,0.0,0.0,0.0,0.0
2008-01-11,0.0,0.0,0.0,0.0,0.0,0.0,0.0,0.0,0.0,0.0,0.0
2008-01-14,0.0,0.0,0.0,0.0,0.0,0.0,0.0,0.0,0.0,0.0,0.0
2008-01-15,0.0,0.0,0.0,0.0,0.0,0.0,0.0,0.0,0.0,0.0,0.0
2008-01-16,0.0,0.0,0.0,0.0,0.0,0.0,0.0,0.0,0.0,0.0,0.0
2008-01-17,0.0,0.0,0.0,0.0,0.0,0.0,0.0,0.0,0.0,0.0,0.0
2008-01-18,0.0,0.0,0.0,0.0,0.0,0.0,0.0,0.0,0.0,0.0,0.0
2008-01-22,0.0,0.0,0.0,0.0,0.0,0.0,0.0,0.0,0.0,0.0,0.0
2008-01-23,0.0,0.0,0.0,0.0,0.0,0.0,0.0,0.0,0.0,0.0,0.0
2008-01-24,0.0,0.0,0.0,0.0,0.0,0.0,0.0,0.0,0.0,0.0,0.0
2008-01-25,0.0,0.0,0.0,0.0,0.0,0.0,0.0,0.0,0.0,0.0,0.0
2008-01-28,0.0,0.0,0.0,0.0,0.0,0.0,0.0,0.0,0.0,0.0,0.0
2008-01-29,0.0,0.0,0.0,0.0,0.0,0.0,0.0,0.0,0.0,0.0,0.0
2008-01-30,0.0,0.0,0.0,0.0,0.0,0.0,0.0,0.0,0.0,0.0,0.0
2008-01-31,0.0,0.0,0.0,0.0,0.0,0.0,0.0,0.0,0.0,0.0,0.0
2008-02-01,0.0,0.0,0.0,0.0,0.0,0.0,0.0,0.0,0.0,0.0,0.0
2008-02-04,0.0,0.0,0.0,0.0,0.0,0.0,0.0,0.0,0.0,0.0,0.0
2008-02-05,0.0,0.0,0.0,0.0,0.0,0.0,0.0,0.0,0.0,0.0,0.0
2008-02-06,0.0,0.0,0.0,0.0,0.0,0.0,0.0,0.0,0.0,0.0,0.0
2008-02-07,0.0,0.0,0.0,0.0,0.0,0.0,0.0,0.0,0.0,0.0,0.0
2008-02-08,0.0,0.0,0.0,0.0,0.0,0.0,0.0,0.0,0.0,0.0,0.0
2008-02-11,0.0,0.0,0.0,0.0,0.0,0.0,0.0,0.0,0.0,0.0,0.0
2008-02-12,0.0,0.0,0.0,0.0,0.0,0.0,0.0,0.0,0.0,0.0,0.0
2008-02-13,0.0,0.0,0.0,0.0,0.0,0.0,0.0,0.0,0.0,0.0,0.0
2008-02-14,0.0,0.0,0.0,0.0,0.0,0.0,0.0,0.0,0.0,0.0,0.0
2008-02-15,0.0,0.0,0.0,0.0,0.0,0.0,0.0,0.0,0.0,0.0,0.0
2008-02-19,0.0,0.0,0.0,0.0,0.0,0.0,0.0,0.0,0.0,0.0,0.0
2008-02-20,0.0,0.0,0.0,0.0,0.0,0.0,0.0,0.0,0.0,0.0,0.0
2008-02-21,0.0,0.0,0.0,0.0,0.0,0.0,0.0,0.0,0.0,0.0,0.0
2008-02-22,0.0,0.0,0.0,0.0,0.0,0.0,0.0,0.0,0.0,0.0,0.0
2008-02-25,0.0,0.0,0.0,0.0,0.0,0.0,0.0,0.0,0.0,0.0,0.0
2008-02-26,0.0,0.0,0.0,0.0,0.0,0.0,0.0,0.0,0.0,0.0,0.0
2008-02-27,0.0,0.0,0.0,0.0,0.0,0.0,0.0,0.0,0.0,0.0,0.0
2008-02-28,0.0,0.0,0.0,0.0,0.0,0.0,0.0,0.0,0.0,0.0,0.0
2008-02-29,0.0,0.0,0.0,0.0,0.0,0.0,0.0,0.0,0.0,0.0,0.0
2008-03-03,0.0,0.0,0.0,0.0,0.0,0.0,0.0,0.0,0.0,0.0,0.0
2008-03-04,0.0,0.0,0.0,0.0,0.0,0.0,0.0,0.0,0.0,0.0,0.0
2008-03-05,0.0,0.0,0.0,0.0,0.0,0.0,0.0,0.0,0.0,0.0,0.0
2008-03-06,0.0,0.0,0.0,0.0,0.0,0.0,0.0,0.0,0.0,0.0,0.0
2008-03-07,0.0,0.0,0.0,0.0,0.0,0.0,0.0,0.0,0.0,0.0,0.0
2008-03-10,0.0,0.0,0.0,0.0,0.0,0.0,0.0,0.0,0.0,0.0,0.0
2008-03-11,0.0,0.0,0.0,0.0,0.0,0.0,0.0,0.0,0.0,0.0,0.0
2008-03-12,0.0,0.0,0.0,0.0,0.0,0.0,0.0,0.0,0.0,0.0,0.0
2008-03-13,0.0,0.0,0.0,0.0,0.0,0.0,0.0,0.0,0.0,0.0,0.0
2008-03-14,0.0,0.0,0.0,0.0,0.0,0.0,0.0,0.0,0.0,0.0,0.0
2008-03-17,0.0,0.0,0.0,0.0,0.0,0.0,0.0,0.0,0.0,0.0,0.0
2008-03-18,0.0,0.0,0.0,0.0,0.0,0.0,0.0,0.0,0.0,0.0,0.0
2008-03-19,0.0,0.0,0.0,0.0,0.0,0.0,0.0,0.0,0.0,0.0,0.0
2008-03-20,0.0,0.0,0.0,0.0,0.0,0.0,0.0,0.0,0.0,0.0,0.0
2008-03-24,0.0,0.0,0.0,0.0,0.0,0.0,0.0,0.0,0.0,0.0,0.0
2008-03-25,0.0,0.0,0.0,0.0,0.0,0.0,0.0,0.0,0.0,0.0,0.0
2008-03-26,0.0,0.0,0.0,0.0,0.0,0.0,0.0,0.0,0.0,0.0,0.0
2008-03-27,0.0,0.0,0.0,0.0,0.0,0.0,0.0,0.0,0.0,0.0,0.0
2008-03-28,0.0,0.0,0.0,0.0,0.0,0.0,0.0,0.0,0.0,0.0,0.0
2008-03-31,0.0,0.0,0.0,0.0,0.0,0.0,0.0,0.0,0.0,0.0,0.0
2008-04-01,0.0,0.0,0.0,0.0,0.0,0.0,0.0,0.0,0.0,0.0,0.0
2008-04-02,0.0,0.0,0.0,0.0,0.0,0.0,0.0,0.0,0.0,0.0,0.0
2008-04-03,0.0,0.0,0.0,0.0,0.0,0.0,0.0,0.0,0.0,0.0,0.0
2008-04-04,0.0,0.0,0.0,0.0,0.0,0.0,0.0,0.0,0.0,0.0,0.0
2008-04-07,0.0,0.0,0.0,0.0,0.0,0.0,0.0,0.0,0.0,0.0,0.0
2008-04-08,0.0,0.0,0.0,0.0,0.0,0.0,0.0,0.0,0.0,0.0,0.0
2008-04-09,0.0,0.0,0.0,0.0,0.0,0.0,0.0,0.0,0.0,0.0,0.0
2008-04-10,0.0,0.0,0.0,0.0,0.0,0.0,0.0,0.0,0.0,0.0,0.0
2008-04-11,0.0,0.0,0.0,0.0,0.0,0.0,0.0,0.0,0.0,0.0,0.0
2008-04-14,0.0,0.0,0.0,0.0,0.0,0.0,0.0,0.0,0.0,0.0,0.0
2008-04-15,0.0,0.0,0.0,0.0,0.0,0.0,0.0,0.0,0.0,0.0,0.0
2008-04-16,0.0,0.0,0.0,0.0,0.0,0.0,0.0,0.0,0.0,0.0,0.0
2008-04-17,0.0,0.0,0.0,0.0,0.0,0.0,0.0,0.0,0.0,0.0,0.0
2008-04-18,0.0,0.0,0.0,0.0,0.0,0.0,0.0,0.0,0.0,0.0,0.0
2008-04-21,0.0,0.0,0.0,0.0,0.0,0.0,0.0,0.0,0.0,0.0,0.0
2008-04-22,0.0,0.0,0.0,0.0,0.0,0.0,0.0,0.0,0.0,0.0,0.0
2008-04-23,0.0,0.0,0.0,0.0,0.0,0.0,0.0,0.0,0.0,0.0,0.0
2008-04-24,0.0,0.0,0.0,0.0,0.0,0.0,0.0,0.0,0.0,0.0,0.0
2008-04-25,0.0,0.0,0.0,0.0,0.0,0.0,0.0,0.0,0.0,0.0,0.0
2008-04-28,0.0,0.0,0.0,0.0,0.0,0.0,0.0,0.0,0.0,0.0,0.0
2008-04-29,0.0,0.0,0.0,0.0,0.0,0.0,0.0,0.0,0.0,0.0,0.0
2008-04-30,0.0,0.0,0.0,0.0,0.0,0.0,0.0,0.0,0.0,0.0,0.0
2008-05-01,0.0,0.0,0.0,0.0,0.0,0.0,0.0,0.0,0.0,0.0,0.0
2008-05-02,0.0,0.0,0.0,0.0,0.0,0.0,0.0,0.0,0.0,0.0,0.0
2008-05-05,0.0,0.0,0.0,0.0,0.0,0.0,0.0,0.0,0.0,0.0,0.0
2008-05-06,0.0,0.0,0.0,0.0,0.0,0.0,0.0,0.0,0.0,0.0,0.0
2008-05-07,0.0,0.0,0.0,0.0,0.0,0.0,0.0,0.0,0.0,0.0,0.0
2008-05-08,0.0,0.0,0.0,0.0,0.0,0.0,0.0,0.0,0.0,0.0,0.0
2008-05-09,0.0,0.0,0.0,0.0,0.0,0.0,0.0,0.0,0.0,0.0,0.0
2008-05-12,0.0,0.0,0.0,0.0,0.0,0.0,0.0,0.0,0.0,0.0,0.0
2008-05-13,0.0,0.0,0.0,0.0,0.0,0.0,0.0,0.0,0.0,0.0,0.0
2008-05-14,0.0,0.0,0.0,0.0,0.0,0.0,0.0,0.0,0.0,0.0,0.0
2008-05-15,0.0,0.0,0.0,0.0,0.0,0.0,0.0,0.0,0.0,0.0,0.0
2008-05-16,0.0,0.0,0.0,0.0,0.0,0.0,0.0,0.0,0.0,0.0,0.0
2008-05-19,0.0,0.0,0.0,0.0,0.0,0.0,0.0,0.0,0.0,0.0,0.0
2008-05-20,0.0,0.0,0.0,0.0,0.0,0.0,0.0,0.0,0.0,0.0,0.0
2008-05-21,0.0,0.0,0.0,0.0,0.0,0.0,0.0,0.0,0.0,0.0,0.0
2008-05-22,0.0,0.0,0.0,0.0,0.0,0.0,0.0,0.0,0.0,0.0,0.0
2008-05-23,0.0,0.0,0.0,0.0,0.0,0.0,0.0,0.0,0.0,0.0,0.0
2008-05-27,0.0,0.0,0.0,0.0,0.0,0.0,0.0,0.0,0.0,0.0,0.0
2008-05-28,0.0,0.0,0.0,0.0,0.0,0.0,0.0,0.0,0.0,0.0,0.0
2008-05-29,0.0,0.0,0.0,0.0,0.0,0.0,0.0,0.0,0.0,0.0,0.0
2008-05-30,0.0,0.0,0.0,0.0,0.0,0.0,0.0,0.0,0.0,0.0,0.0
2008-06-02,0.0,0.0,0.0,0.0,0.0,0.0,0.0,0.0,0.0,0.0,0.0
2008-06-03,0.0,0.0,0.0,0.0,0.0,0.0,0.0,0.0,0.0,0.0,0.0
2008-06-04,0.0,0.0,0.0,0.0,0.0,0.0,0.0,0.0,0.0,0.0,0.0
2008-06-05,0.0,0.0,0.0,0.0,0.0,0.0,0.0,0.0,0.0,0.0,0.0
2008-06-06,0.0,0.0,0.0,0.0,0.0,0.0,0.0,0.0,0.0,0.0,0.0
2008-06-09,0.0,0.0,0.0,0.0,0.0,0.0,0.0,0.0,0.0,0.0,0.0
2008-06-10,0.0,0.0,0.0,0.0,0.0,0.0,0.0,0.0,0.0,0.0,0.0
2008-06-11,0.0,0.0,0.0,0.0,0.0,0.0,0.0,0.0,0.0,0.0,0.0
2008-06-12,0.0,0.0,0.0,0.0,0.0,0.0,0.0,0.0,0.0,0.0,0.0
2008-06-13,0.0,0.0,0.0,0.0,0.0,0.0,0.0,0.0,0.0,0.0,0.0
2008-06-16,0.0,0.0,0.0,0.0,0.0,0.0,0.0,0.0,0.0,0.0,0.0
2008-06-17,0.0,0.0,0.0,0.0,0.0,0.0,0.0,0.0,0.0,0.0,0.0
2008-06-18,0.0,0.0,0.0,0.0,0.0,0.0,0.0,0.0,0.0,0.0,0.0
2008-06-19,0.0,0.0,0.0,0.0,0.0,0.0,0.0,0.0,0.0,0.0,0.0
2008-06-20,0.0,0.0,0.0,0.0,0.0,0.0,0.0,0.0,0.0,0.0,0.0
2008-06-23,0.0,0.0,0.0,0.0,0.0,0.0,0.0,0.0,0.0,0.0,0.0
2008-06-24,0.0,0.0,0.0,0.0,0.0,0.0,0.0,0.0,0.0,0.0,0.0
2008-06-25,0.0,0.0,0.0,0.0,0.0,0.0,0.0,0.0,0.0,0.0,0.0
2008-06-26,0.0,0.0,0.0,0.0,0.0,0.0,0.0,0.0,0.0,0.0,0.0
2008-06-27,0.0,0.0,0.0,0.0,0.0,0.0,0.0,0.0,0.0,0.0,0.0
2008-06-30,0.0,0.0,0.0,0.0,0.0,0.0,0.0,0.0,0.0,0.0,0.0
2008-07-01,0.0,0.0,0.0,0.0,0.0,0.0,0.0,0.0,0.0,0.0,0.0
2008-07-02,0.0,0.0,0.0,0.0,0.0,0.0,0.0,0.0,0.0,0.0,0.0
2008-07-03,0.0,0.0,0.0,0.0,0.0,0.0,0.0,0.0,0.0,0.0,0.0
2008-07-07,0.0,0.0,0.0,0.0,0.0,0.0,0.0,0.0,0.0,0.0,0.0
2008-07-08,0.0,0.0,0.0,0.0,0.0,0.0,0.0,0.0,0.0,0.0,0.0
2008-07-09,0.0,0.0,0.0,0.0,0.0,0.0,0.0,0.0,0.0,0.0,0.0
2008-07-10,0.0,0.0,0.0,0.0,0.0,0.0,0.0,0.0,0.0,0.0,0.0
2008-07-11,0.0,0.0,0.0,0.0,0.0,0.0,0.0,0.0,0.0,0.0,0.0
2008-07-14,0.0,0.0,0.0,0.0,0.0,0.0,0.0,0.0,0.0,0.0,0.0
2008-07-15,0.0,0.0,0.0,0.0,0.0,0.0,0.0,0.0,0.0,0.0,0.0
2008-07-16,0.0,0.0,0.0,0.0,0.0,0.0,0.0,0.0,0.0,0.0,0.0
2008-07-17,0.0,0.0,0.0,0.0,0.0,0.0,0.0,0.0,0.0,0.0,0.0
2008-07-18,0.0,0.0,0.0,0.0,0.0,0.0,0.0,0.0,0.0,0.0,0.0
2008-07-21,0.0,0.0,0.0,0.0,0.0,0.0,0.0,0.0,0.0,0.0,0.0
2008-07-22,0.0,0.0,0.0,0.0,0.0,0.0,0.0,0.0,0.0,0.0,0.0
2008-07-23,0.0,0.0,0.0,0.0,0.0,0.0,0.0,0.0,0.0,0.0,0.0
2008-07-24,0.0,0.0,0.0,0.0,0.0,0.0,0.0,0.0,0.0,0.0,0.0
2008-07-25,0.0,0.0,0.0,0.0,0.0,0.0,0.0,0.0,0.0,0.0,0.0
2008-07-28,0.0,0.0,0.0,0.0,0.0,0.0,0.0,0.0,0.0,0.0,0.0
2008-07-29,0.0,0.0,0.0,0.0,0.0,0.0,0.0,0.0,0.0,0.0,0.0
2008-07-30,0.0,0.0,0.0,0.0,0.0,0.0,0.0,0.0,0.0,0.0,0.0
2008-07-31,0.0,0.0,0.0,0.0,0.0,0.0,0.0,0.0,0.0,0.0,0.0
2008-08-01,0.0,0.0,0.0,0.0,0.0,0.0,0.0,0.0,0.0,0.0,0.0
2008-08-04,0.0,0.0,0.0,0.0,0.0,0.0,0.0,0.0,0.0,0.0,0.0
2008-08-05,0.0,0.0,0.0,0.0,0.0,0.0,0.0,0.0,0.0,0.0,0.0
2008-08-06,0.0,0.0,0.0,0.0,0.0,0.0,0.0,0.0,0.0,0.0,0.0
2008-08-07,0.0,0.0,0.0,0.0,0.0,0.0,0.0,0.0,0.0,0.0,0.0
2008-08-08,0.0,0.0,0.0,0.0,0.0,0.0,0.0,0.0,0.0,0.0,0.0
2008-08-11,0.0,0.0,0.0,0.0,0.0,0.0,0.0,0.0,0.0,0.0,0.0
2008-08-12,0.0,0.0,0.0,0.0,0.0,0.0,0.0,0.0,0.0,0.0,0.0
2008-08-13,0.0,0.0,0.0,0.0,0.0,0.0,0.0,0.0,0.0,0.0,0.0
2008-08-14,0.0,0.0,0.0,0.0,0.0,0.0,0.0,0.0,0.0,0.0,0.0
2008-08-15,0.0,0.0,0.0,0.0,0.0,0.0,0.0,0.0,0.0,0.0,0.0
2008-08-18,0.0,0.0,0.0,0.0,0.0,0.0,0.0,0.0,0.0,0.0,0.0
2008-08-19,0.0,0.0,0.0,0.0,0.0,0.0,0.0,0.0,0.0,0.0,0.0
2008-08-20,0.0,0.0,0.0,0.0,0.0,0.0,0.0,0.0,0.0,0.0,0.0
2008-08-21,0.0,0.0,0.0,0.0,0.0,0.0,0.0,0.0,0.0,0.0,0.0
2008-08-22,0.0,0.0,0.0,0.0,0.0,0.0,0.0,0.0,0.0,0.0,0.0
2008-08-25,0.0,0.0,0.0,0.0,0.0,0.0,0.0,0.0,0.0,0.0,0.0
2008-08-26,0.0,0.0,0.0,0.0,0.0,0.0,0.0,0.0,0.0,0.0,0.0
2008-08-27,0.0,0.0,0.0,0.0,0.0,0.0,0.0,0.0,0.0,0.0,0.0
2008-08-28,0.0,0.0,0.0,0.0,0.0,0.0,0.0,0.0,0.0,0.0,0.0
2008-08-29,0.0,0.0,0.0,0.0,0.0,0.0,0.0,0.0,0.0,0.0,0.0
2008-09-02,0.0,0.0,0.0,0.0,0.0,0.0,0.0,0.0,0.0,0.0,0.0
2008-09-03,0.0,0.0,0.0,0.0,0.0,0.0,0.0,0.0,0.0,0.0,0.0
2008-09-04,0.0,0.0,0.0,0.0,0.0,0.0,0.0,0.0,0.0,0.0,0.0
2008-09-05,0.0,0.0,0.0,0.0,0.0,0.0,0.0,0.0,0.0,0.0,0.0
2008-09-08,0.0,0.0,0.0,0.0,0.0,0.0,0.0,0.0,0.0,0.0,0.0
2008-09-09,0.0,0.0,0.0,0.0,0.0,0.0,0.0,0.0,0.0,0.0,0.0
2008-09-10,0.0,0.0,0.0,0.0,0.0,0.0,0.0,0.0,0.0,0.0,0.0
2008-09-11,0.0,0.0,0.0,0.0,0.0,0.0,0.0,0.0,0.0,0.0,0.0
2008-09-12,0.0,0.0,0.0,0.0,0.0,0.0,0.0,0.0,0.0,0.0,0.0
2008-09-15,0.0,0.0,0.0,0.0,0.0,0.0,0.0,0.0,0.0,0.0,0.0
2008-09-16,0.0,0.0,0.0,0.0,0.0,0.0,0.0,0.0,0.0,0.0,0.0
2008-09-17,0.0,0.0,0.0,0.0,0.0,0.0,0.0,0.0,0.0,0.0,0.0
2008-09-18,0.0,0.0,0.0,0.0,0.0,0.0,0.0,0.0,0.0,0.0,0.0
2008-09-19,0.0,0.0,0.0,0.0,0.0,0.0,0.0,0.0,0.0,0.0,0.0
2008-09-22,0.0,0.0,0.0,0.0,0.0,0.0,0.0,0.0,0.0,0.0,0.0
2008-09-23,0.0,0.0,0.0,0.0,0.0,0.0,0.0,0.0,0.0,0.0,0.0
2008-09-24,0.0,0.0,0.0,0.0,0.0,0.0,0.0,0.0,0.0,0.0,0.0
2008-09-25,0.0,0.0,0.0,0.0,0.0,0.0,0.0,0.0,0.0,0.0,0.0
2008-09-26,0.0,0.0,0.0,0.0,0.0,0.0,0.0,0.0,0.0,0.0,0.0
2008-09-29,0.0,0.0,0.0,0.0,0.0,0.0,0.0,0.0,0.0,0.0,0.0
2008-09-30,0.0,0.0,0.0,0.0,0.0,0.0,0.0,0.0,0.0,0.0,0.0
2008-10-01,0.0,0.0,0.0,0.0,0.0,0.0,0.0,0.0,0.0,0.0,0.0
2008-10-02,0.0,0.0,0.0,0.0,0.0,0.0,0.0,0.0,0.0,0.0,0.0
2008-10-03,0.0,0.0,0.0,0.0,0.0,0.0,0.0,0.0,0.0,0.0,0.0
2008-10-06,0.0,0.0,0.0,0.0,0.0,0.0,0.0,0.0,0.0,0.0,0.0
2008-10-07,0.0,0.0,0.0,0.0,0.0,0.0,0.0,0.0,0.0,0.0,0.0
2008-10-08,0.0,0.0,0.0,0.0,0.0,0.0,0.0,0.0,0.0,0.0,0.0
2008-10-09,0.0,0.0,0.0,0.0,0.0,0.0,0.0,0.0,0.0,0.0,0.0
2008-10-10,0.0,0.0,0.0,0.0,0.0,0.0,0.0,0.0,0.0,0.0,0.0
2008-10-13,0.0,0.0,0.0,0.0,0.0,0.0,0.0,0.0,0.0,0.0,0.0
2008-10-14,0.0,0.0,0.0,0.0,0.0,0.0,0.0,0.0,0.0,0.0,0.0
2008-10-15,0.0,0.0,0.0,0.0,0.0,0.0,0.0,0.0,0.0,0.0,0.0
2008-10-16,0.0,0.0,0.0,0.0,0.0,0.0,0.0,0.0,0.0,0.0,0.0
2008-10-17,0.0,0.0,0.0,0.0,0.0,0.0,0.0,0.0,0.0,0.0,0.0
2008-10-20,0.0,0.0,0.0,0.0,0.0,0.0,0.0,0.0,0.0,0.0,0.0
2008-10-21,0.0,0.0,0.0,0.0,0.0,0.0,0.0,0.0,0.0,0.0,0.0
2008-10-22,0.0,0.0,0.0,0.0,0.0,0.0,0.0,0.0,0.0,0.0,0.0
2008-10-23,0.0,0.0,0.0,0.0,0.0,0.0,0.0,0.0,0.0,0.0,0.0
2008-10-24,0.0,0.0,0.0,0.0,0.0,0.0,0.0,0.0,0.0,0.0,0.0
2008-10-27,0.0,0.0,0.0,0.0,0.0,0.0,0.0,0.0,0.0,0.0,0.0
2008-10-28,0.0,0.0,0.0,0.0,0.0,0.0,0.0,0.0,0.0,0.0,0.0
2008-10-29,0.0,0.0,0.0,0.0,0.0,0.0,0.0,0.0,0.0,0.0,0.0
2008-10-30,0.0,0.0,0.0,0.0,0.0,0.0,0.0,0.0,0.0,0.0,0.0
2008-10-31,0.0,0.0,0.0,0.0,0.0,0.0,0.0,0.0,0.0,0.0,0.0
2008-11-03,0.0,0.0,0.0,0.0,0.0,0.0,0.0,0.0,0.0,0.0,0.0
2008-11-04,0.0,0.0,0.0,0.0,0.0,0.0,0.0,0.0,0.0,0.0,0.0
2008-11-05,0.0,0.0,0.0,0.0,0.0,0.0,0.0,0.0,0.0,0.0,0.0
2008-11-06,0.0,0.0,0.0,0.0,0.0,0.0,0.0,0.0,0.0,0.0,0.0
2008-11-07,0.0,0.0,0.0,0.0,0.0,0.0,0.0,0.0,0.0,0.0,0.0
2008-11-10,0.0,0.0,0.0,0.0,0.0,0.0,0.0,0.0,0.0,0.0,0.0
2008-11-11,0.0,0.0,0.0,0.0,0.0,0.0,0.0,0.0,0.0,0.0,0.0
2008-11-12,0.0,0.0,0.0,0.0,0.0,0.0,0.0,0.0,0.0,0.0,0.0
2008-11-13,0.0,0.0,0.0,0.0,0.0,0.0,0.0,0.0,0.0,0.0,0.0
2008-11-14,0.0,0.0,0.0,0.0,0.0,0.0,0.0,0.0,0.0,0.0,0.0
2008-11-17,0.0,0.0,0.0,0.0,0.0,0.0,0.0,0.0,0.0,0.0,0.0
2008-11-18,0.0,0.0,0.0,0.0,0.0,0.0,0.0,0.0,0.0,0.0,0.0
2008-11-19,0.0,0.0,0.0,0.0,0.0,0.0,0.0,0.0,0.0,0.0,0.0
2008-11-20,0.0,0.0,0.0,0.0,0.0,0.0,0.0,0.0,0.0,0.0,0.0
2008-11-21,0.0,0.0,0.0,0.0,0.0,0.0,0.0,0.0,0.0,0.0,0.0
2008-11-24,0.0,0.0,0.0,0.0,0.0,0.0,0.0,0.0,0.0,0.0,0.0
2008-11-25,0.0,0.0,0.0,0.0,0.0,0.0,0.0,0.0,0.0,0.0,0.0
2008-11-26,0.0,0.0,0.0,0.0,0.0,0.0,0.0,0.0,0.0,0.0,0.0
2008-11-28,0.0,0.0,0.0,0.0,0.0,0.0,0.0,0.0,0.0,0.0,0.0
2008-12-01,0.0,0.0,0.0,0.0,0.0,0.0,0.0,0.0,0.0,0.0,0.0
2008-12-02,0.0,0.0,0.0,0.0,0.0,0.0,0.0,0.0,0.0,0.0,0.0
2008-12-03,0.0,0.0,0.0,0.0,0.0,0.0,0.0,0.0,0.0,0.0,0.0
2008-12-04,0.0,0.0,0.0,0.0,0.0,0.0,0.0,0.0,0.0,0.0,0.0
2008-12-05,0.0,0.0,0.0,0.0,0.0,0.0,0.0,0.0,0.0,0.0,0.0
2008-12-08,0.0,0.0,0.0,0.0,0.0,0.0,0.0,0.0,0.0,0.0,0.0
2008-12-09,0.0,0.0,0.0,0.0,0.0,0.0,0.0,0.0,0.0,0.0,0.0
2008-12-10,0.0,0.0,0.0,0.0,0.0,0.0,0.0,0.0,0.0,0.0,0.0
2008-12-11,0.0,0.0,0.0,0.0,0.0,0.0,0.0,0.0,0.0,0.0,0.0
2008-12-12,0.0,0.0,0.0,0.0,0.0,0.0,0.0,0.0,0.0,0.0,0.0
2008-12-15,0.0,0.0,0.0,0.0,0.0,0.0,0.0,0.0,0.0,0.0,0.0
2008-12-16,0.0,0.0,0.0,0.0,0.0,0.0,0.0,0.0,0.0,0.0,0.0
2008-12-17,0.0,0.0,0.0,0.0,0.0,0.0,0.0,0.0,0.0,0.0,0.0
2008-12-18,0.0,0.0,0.0,0.0,0.0,0.0,0.0,0.0,0.0,0.0,0.0
2008-12-19,0.0,0.0,0.0,0.0,0.0,0.0,0.0,0.0,0.0,0.0,0.0
2008-12-22,0.0,0.0,0.0,0.0,0.0,0.0,0.0,0.0,0.0,0.0,0.0
2008-12-23,0.0,0.0,0.0,0.0,0.0,0.0,0.0,0.0,0.0,0.0,0.0
2008-12-24,0.0,0.0,0.0,0.0,0.0,0.0,0.0,0.0,0.0,0.0,0.0
2008-12-26,0.0,0.0,0.0,0.0,0.0,0.0,0.0,0.0,0.0,0.0,0.0
2008-12-29,0.0,0.0,0.0,0.0,0.0,0.0,0.0,0.0,0.0,0.0,0.0
2008-12-30,0.0,0.0,0.0,0.0,0.0,0.0,0.0,0.0,0.0,0.0,0.0
2008-12-31,0.0,0.0,0.0,0.0,0.0,0.0,0.0,0.0,0.0,0.0,0.0
2009-01-02,0.0,0.0,0.0,0.0,0.0,0.0,0.0,0.0,0.0,0.0,0.0
2009-01-05,0.0,0.0,0.0,0.0,0.0,0.0,0.0,0.0,0.0,0.0,0.0
2009-01-06,0.0,0.0,0.0,0.0,0.0,0.0,0.0,0.0,0.0,0.0,0.0
2009-01-07,0.0,0.0,0.0,0.0,0.0,0.0,0.0,0.0,0.0,0.0,0.0
2009-01-08,0.0,0.0,0.0,0.0,0.0,0.0,0.0,0.0,0.0,0.0,0.0
2009-01-09,0.0,0.0,0.0,0.0,0.0,0.0,0.0,0.0,0.0,0.0,0.0
2009-01-12,0.0,0.0,0.0,0.0,0.0,0.0,0.0,0.0,0.0,0.0,0.0
2009-01-13,0.0,0.0,0.0,0.0,0.0,0.0,0.0,0.0,0.0,0.0,0.0
2009-01-14,0.0,0.0,0.0,0.0,0.0,0.0,0.0,0.0,0.0,0.0,0.0
2009-01-15,0.0,0.0,0.0,0.0,0.0,0.0,0.0,0.0,0.0,0.0,0.0
2009-01-16,0.0,0.0,0.0,0.0,0.0,0.0,0.0,0.0,0.0,0.0,0.0
2009-01-20,0.0,0.0,0.0,0.0,0.0,0.0,0.0,0.0,0.0,0.0,0.0
2009-01-21,0.0,0.0,0.0,0.0,0.0,0.0,0.0,0.0,0.0,0.0,0.0
2009-01-22,0.0,0.0,0.0,0.0,0.0,0.0,0.0,0.0,0.0,0.0,0.0
2009-01-23,0.0,0.0,0.0,0.0,0.0,0.0,0.0,0.0,0.0,0.0,0.0
2009-01-26,0.0,0.0,0.0,0.0,0.0,0.0,0.0,0.0,0.0,0.0,0.0
2009-01-27,0.0,0.0,0.0,0.0,0.0,0.0,0.0,0.0,0.0,0.0,0.0
2009-01-28,0.0,0.0,0.0,0.0,0.0,0.0,0.0,0.0,0.0,0.0,0.0
2009-01-29,0.0,0.0,0.0,0.0,0.0,0.0,0.0,0.0,0.0,0.0,0.0
2009-01-30,0.0,0.0,0.0,0.0,0.0,0.0,0.0,0.0,0.0,0.0,0.0
2009-02-02,0.0,0.0,0.0,0.0,0.0,0.0,0.0,0.0,0.0,0.0,0.0
2009-02-03,0.0,0.0,0.0,0.0,0.0,0.0,0.0,0.0,0.0,0.0,0.0
2009-02-04,0.0,0.0,0.0,0.0,0.0,0.0,0.0,0.0,0.0,0.0,0.0
2009-02-05,0.0,0.0,0.0,0.0,0.0,0.0,0.0,0.0,0.0,0.0,0.0
2009-02-06,0.0,0.0,0.0,0.0,0.0,0.0,0.0,0.0,0.0,0.0,0.0
2009-02-09,0.0,0.0,0.0,0.0,0.0,0.0,0.0,0.0,0.0,0.0,0.0
2009-02-10,0.0,0.0,0.0,0.0,0.0,0.0,0.0,0.0,0.0,0.0,0.0
2009-02-11,0.0,0.0,0.0,0.0,0.0,0.0,0.0,0.0,0.0,0.0,0.0
2009-02-12,0.0,0.0,0.0,0.0,0.0,0.0,0.0,0.0,0.0,0.0,0.0
2009-02-13,0.0,0.0,0.0,0.0,0.0,0.0,0.0,0.0,0.0,0.0,0.0
2009-02-17,0.0,0.0,0.0,0.0,0.0,0.0,0.0,0.0,0.0,0.0,0.0
2009-02-18,0.0,0.0,0.0,0.0,0.0,0.0,0.0,0.0,0.0,0.0,0.0
2009-02-19,0.0,0.0,0.0,0.0,0.0,0.0,0.0,0.0,0.0,0.0,0.0
2009-02-20,0.0,0.0,0.0,0.0,0.0,0.0,0.0,0.0,0.0,0.0,0.0
2009-02-23,0.0,0.0,0.0,0.0,0.0,0.0,0.0,0.0,0.0,0.0,0.0
2009-02-24,0.0,0.0,0.0,0.0,0.0,0.0,0.0,0.0,0.0,0.0,0.0
2009-02-25,0.0,0.0,0.0,0.0,0.0,0.0,0.0,0.0,0.0,0.0,0.0
2009-02-26,0.0,0.0,0.0,0.0,0.0,0.0,0.0,0.0,0.0,0.0,0.0
2009-02-27,0.0,0.0,0.0,0.0,0.0,0.0,0.0,0.0,0.0,0.0,0.0
2009-03-02,0.0,0.0,0.0,0.0,0.0,0.0,0.0,0.0,0.0,0.0,0.0
2009-03-03,0.0,0.0,0.0,0.0,0.0,0.0,0.0,0.0,0.0,0.0,0.0
2009-03-04,0.0,0.0,0.0,0.0,0.0,0.0,0.0,0.0,0.0,0.0,0.0
2009-03-05,0.0,0.0,0.0,0.0,0.0,0.0,0.0,0.0,0.0,0.0,0.0
2009-03-06,0.0,0.0,0.0,0.0,0.0,0.0,0.0,0.0,0.0,0.0,0.0
2009-03-09,0.0,0.0,0.0,0.0,0.0,0.0,0.0,0.0,0.0,0.0,0.0
2009-03-10,0.0,0.0,0.0,0.0,0.0,0.0,0.0,0.0,0.0,0.0,0.0
2009-03-11,0.0,0.0,0.0,0.0,0.0,0.0,0.0,0.0,0.0,0.0,0.0
2009-03-12,0.0,0.0,0.0,0.0,0.0,0.0,0.0,0.0,0.0,0.0,0.0
2009-03-13,0.0,0.0,0.0,0.0,0.0,0.0,0.0,0.0,0.0,0.0,0.0
2009-03-16,0.0,0.0,0.0,0.0,0.0,0.0,0.0,0.0,0.0,0.0,0.0
2009-03-17,0.0,0.0,0.0,0.0,0.0,0.0,0.0,0.0,0.0,0.0,0.0
2009-03-18,0.0,0.0,0.0,0.0,0.0,0.0,0.0,0.0,0.0,0.0,0.0
2009-03-19,0.0,0.0,0.0,0.0,0.0,0.0,0.0,0.0,0.0,0.0,0.0
2009-03-20,0.0,0.0,0.0,0.0,0.0,0.0,0.0,0.0,0.0,0.0,0.0
2009-03-23,0.0,0.0,0.0,0.0,0.0,0.0,0.0,0.0,0.0,0.0,0.0
2009-03-24,0.0,0.0,0.0,0.0,0.0,0.0,0.0,0.0,0.0,0.0,0.0
2009-03-25,0.0,0.0,0.0,0.0,0.0,0.0,0.0,0.0,0.0,0.0,0.0
2009-03-26,0.0,0.0,0.0,0.0,0.0,0.0,0.0,0.0,0.0,0.0,0.0
2009-03-27,0.0,0.0,0.0,0.0,0.0,0.0,0.0,0.0,0.0,0.0,0.0
2009-03-30,0.0,0.0,0.0,0.0,0.0,0.0,0.0,0.0,0.0,0.0,0.0
2009-03-31,0.0,0.0,0.0,0.0,0.0,0.0,0.0,0.0,0.0,0.0,0.0
2009-04-01,0.0,0.0,0.0,0.0,0.0,0.0,0.0,0.0,0.0,0.0,0.0
2009-04-02,0.0,0.0,0.0,0.0,0.0,0.0,0.0,0.0,0.0,0.0,0.0
2009-04-03,0.0,0.0,0.0,0.0,0.0,0.0,0.0,0.0,0.0,0.0,0.0
2009-04-06,0.0,0.0,0.0,0.0,0.0,0.0,0.0,0.0,0.0,0.0,0.0
2009-04-07,0.0,0.0,0.0,0.0,0.0,0.0,0.0,0.0,0.0,0.0,0.0
2009-04-08,0.0,0.0,0.0,0.0,0.0,0.0,0.0,0.0,0.0,0.0,0.0
2009-04-09,0.0,0.0,0.0,0.0,0.0,0.0,0.0,0.0,0.0,0.0,0.0
2009-04-13,0.0,0.0,0.0,0.0,0.0,0.0,0.0,0.0,0.0,0.0,0.0
2009-04-14,0.0,0.0,0.0,0.0,0.0,0.0,0.0,0.0,0.0,0.0,0.0
2009-04-15,0.0,0.0,0.0,0.0,0.0,0.0,0.0,0.0,0.0,0.0,0.0
2009-04-16,0.0,0.0,0.0,0.0,0.0,0.0,0.0,0.0,0.0,0.0,0.0
2009-04-17,0.0,0.0,0.0,0.0,0.0,0.0,0.0,0.0,0.0,0.0,0.0
2009-04-20,0.0,0.0,0.0,0.0,0.0,0.0,0.0,0.0,0.0,0.0,0.0
2009-04-21,0.0,0.0,0.0,0.0,0.0,0.0,0.0,0.0,0.0,0.0,0.0
2009-04-22,0.0,0.0,0.0,0.0,0.0,0.0,0.0,0.0,0.0,0.0,0.0
2009-04-23,0.0,0.0,0.0,0.0,0.0,0.0,0.0,0.0,0.0,0.0,0.0
2009-04-24,0.0,0.0,0.0,0.0,0.0,0.0,0.0,0.0,0.0,0.0,0.0
2009-04-27,0.0,0.0,0.0,0.0,0.0,0.0,0.0,0.0,0.0,0.0,0.0
2009-04-28,0.0,0.0,0.0,0.0,0.0,0.0,0.0,0.0,0.0,0.0,0.0
2009-04-29,0.0,0.0,0.0,0.0,0.0,0.0,0.0,0.0,0.0,0.0,0.0
2009-04-30,0.0,0.0,0.0,0.0,0.0,0.0,0.0,0.0,0.0,0.0,0.0
2009-05-01,0.0,0.0,0.0,0.0,0.0,0.0,0.0,0.0,0.0,0.0,0.0
2009-05-04,0.0,0.0,0.0,0.0,0.0,0.0,0.0,0.0,0.0,0.0,0.0
2009-05-05,0.0,0.0,0.0,0.0,0.0,0.0,0.0,0.0,0.0,0.0,0.0
2009-05-06,0.0,0.0,0.0,0.0,0.0,0.0,0.0,0.0,0.0,0.0,0.0
2009-05-07,0.0,0.0,0.0,0.0,0.0,0.0,0.0,0.0,0.0,0.0,0.0
2009-05-08,0.0,0.0,0.0,0.0,0.0,0.0,0.0,0.0,0.0,0.0,0.0
2009-05-11,0.0,0.0,0.0,0.0,0.0,0.0,0.0,0.0,0.0,0.0,0.0
2009-05-12,0.0,0.0,0.0,0.0,0.0,0.0,0.0,0.0,0.0,0.0,0.0
2009-05-13,0.0,0.0,0.0,0.0,0.0,0.0,0.0,0.0,0.0,0.0,0.0
2009-05-14,0.0,0.0,0.0,0.0,0.0,0.0,0.0,0.0,0.0,0.0,0.0
2009-05-15,0.0,0.0,0.0,0.0,0.0,0.0,0.0,0.0,0.0,0.0,0.0
2009-05-18,0.0,0.0,0.0,0.0,0.0,0.0,0.0,0.0,0.0,0.0,0.0
2009-05-19,0.0,0.0,0.0,0.0,0.0,0.0,0.0,0.0,0.0,0.0,0.0
2009-05-20,0.0,0.0,0.0,0.0,0.0,0.0,0.0,0.0,0.0,0.0,0.0
2009-05-21,0.0,0.0,0.0,0.0,0.0,0.0,0.0,0.0,0.0,0.0,0.0
2009-05-22,0.0,0.0,0.0,0.0,0.0,0.0,0.0,0.0,0.0,0.0,0.0
2009-05-26,0.0,0.0,0.0,0.0,0.0,0.0,0.0,0.0,0.0,0.0,0.0
2009-05-27,0.0,0.0,0.0,0.0,0.0,0.0,0.0,0.0,0.0,0.0,0.0
2009-05-28,0.0,0.0,0.0,0.0,0.0,0.0,0.0,0.0,0.0,0.0,0.0
2009-05-29,0.0,0.0,0.0,0.0,0.0,0.0,0.0,0.0,0.0,0.0,0.0
2009-06-01,0.0,0.0,0.0,0.0,0.0,0.0,0.0,0.0,0.0,0.0,0.0
2009-06-02,0.0,0.0,0.0,0.0,0.0,0.0,0.0,0.0,0.0,0.0,0.0
2009-06-03,0.0,0.0,0.0,0.0,0.0,0.0,0.0,0.0,0.0,0.0,0.0
2009-06-04,0.0,0.0,0.0,0.0,0.0,0.0,0.0,0.0,0.0,0.0,0.0
2009-06-05,0.0,0.0,0.0,0.0,0.0,0.0,0.0,0.0,0.0,0.0,0.0
2009-06-08,-1.082051227711754e-05,8.813850594164375e-18,1.674643655803452e-05,7.204508285630515e-19,2.828787432606563e-19,-2.756694883515206e-05,7.810521022340668e-18,0.08000000000157464,3.4416913763379853e-15,0.08000000000157464,3.4416913763379853e-15
2009-06-09,0.000379171060960743,3.7940493520454205e-19,0.0,0.0,9.405403184415814e-20,0.000379171060960743,2.853509033603839e-19,0.0,0.0,0.07999138460770423,3.4329721623117717e-15
2009-06-10,-6.792592693114196e-05,5.399815652869669e-17,0.0,0.0,9.4007992078304e-20,-6.792592693114196e-05,5.3904148536618385e-17,0.0,0.0,0.080340093030353,3.431291710858096e-15
2009-06-11,0.00023054575498073437,-3.753233944846552e-17,0.0,0.0,9.253487604680152e-20,0.00023054575498073437,-3.762487432451232e-17,0.0,0.0,0.08027762003517455,3.3775229757082555e-15
2009-06-12,0.0005068685718786503,-3.0632786053221034e-17,0.0,0.0,9.354159370202009e-20,0.0005068685718786503,-3.0726327646923055e-17,0.0,0.0,0.08048960925242209,3.4142681701237333e-15
2009-06-15,-0.0005864013406617237,-3.099456944080098e-17,0.0,0.0,2.8299910099314804e-19,-0.0005864013406617237,-3.127756854179413e-17,0.0,0.0,0.08095544405398733,3.4431557287499676e-15
2009-06-16,-0.00040533122645059426,-6.050542337292502e-17,0.0,0.0,9.52380476692673e-20,-0.00040533122645059426,-6.06006614205943e-17,0.0,0.0,0.08041619888015986,3.476188739928256e-15
2009-06-17,-0.00017941157761872112,1.992324269830515e-17,0.0,0.0,9.693502129246872e-20,-0.00017941157761872112,1.982630767701268e-17,0.0,0.0,0.08004331170741279,3.538128277175108e-15
2009-06-18,-0.0001400649293718095,5.325661717126514e-17,0.0,0.0,9.64064754646175e-20,-0.0001400649293718095,5.316021069580052e-17,0.0,0.0,0.07987823120927273,3.5188363544585386e-15
2009-06-19,0.00034373377054111554,-4.751858049660332e-17,0.0,0.0,9.496069072510452e-20,0.00034373377054111554,-4.7613541187328423e-17,0.0,0.0,0.07974933636506633,3.4660652114663153e-15
2009-06-22,-0.0003962659662818811,3.852763352956349e-14,1.3228363260892893e-07,3.0974606894434734e-16,1.2652515345938625e-16,-0.00039639824991449004,3.8091362307159755e-14,0.0006589289352152306,1.5429017435587549e-12,0.07999999999983703,1.5393893670891995e-12
2009-06-23,0.0003912221587363791,-7.382291560838524e-15,0.0,0.0,4.113580571097016e-17,0.0003912221587363791,-7.423427366549495e-15,0.0,0.0,0.0796353013276298,1.5014569084504103e-12
2009-06-24,0.0001346284299480941,-8.310310713055892e-15,0.0,0.0,4.1321894233615964e-17,0.0001346284299480941,-8.351632607289507e-15,0.0,0.0,0.07999522758074402,1.5082491395269827e-12
2009-06-25,0.0006949857724008377,-2.4527959187024976e-14,0.0,0.0,4.1543980978246586e-17,0.0006949857724008377,-2.4569503168003222e-14,0.0,0.0,0.08011906970612935,1.516355305706e-12
2009-06-26,1.0057905970427932e-05,-2.1355504478289133e-15,0.0,0.0,4.218666073109069e-17,1.0057905970427932e-05,-2.177737108560004e-15,0.0,0.0,0.08075792986626656,1.5398131166848104e-12
2009-06-29,0.0004563847994929121,-6.34431327573475e-15,0.0,0.0,1.267342322066237e-16,0.0004563847994929121,-6.471047507941373e-15,0.0,0.0,0.08076717542358125,1.541933158513922e-12
2009-06-30,0.00017690356372989665,1.1539661012369732e-14,0.0,0.0,4.2399210515759876e-17,0.00017690356372989665,1.1497261801853972e-14,0.0,0.0,0.08118650793492926,1.5475711838252351e-12
2009-07-01,4.5618839391619894e-05,-1.0567803766314254e-14,0.0,0.0,4.207561209380458e-17,4.5618839391619894e-05,-1.060987937840806e-14,0.0,0.0,0.08134902056701399,1.535759841423867e-12
2009-07-02,-0.0007074012728118742,3.445059790266219e-14,0.0,0.0,4.236320840371472e-17,-0.0007074012728118742,3.4408234694258476e-14,0.0,0.0,0.08139092644680497,1.5462571067355874e-12
2009-07-06,-0.0005007053725593308,1.005123991795131e-15,0.0,0.0,1.657947090137021e-16,-0.0005007053725593308,8.393292827814289e-16,0.0,0.0,0.08074064120634733,1.5128767197500315e-12
2009-07-07,-0.0027245403222627097,1.0742324095403546e-14,2.48961997454401e-05,1.490270318646511e-16,2.2139169727391783e-17,-0.00274943652200815,1.0571157893811504e-14,0.1211601801841085,7.252569555854042e-13,0.2000000000001038,8.080796950498002e-13
2009-07-08,0.00019596374470197495,-1.8546504322636842e-16,0.0,0.0,2.1905086122003986e-17,0.00019596374470197495,-2.073701293483724e-16,0.0,0.0,0.19781935142741347,7.995356434531456e-13
2009-07-09,0.0010085884266812974,-3.896996162324645e-16,0.0,0.0,2.1905874598847622e-17,0.0010085884266812974,-4.116054908313121e-16,0.0,0.0,0.19797651895209858,7.995644228579382e-13
2009-07-10,0.00021018028997956488,2.851618470471943e-15,0.0,0.0,2.189446879282944e-17,0.00021018028997956488,2.8297240016791135e-15,0.0,0.0,0.19878461551616805,7.991481109382745e-13
2009-07-13,0.0018351977389580408,-6.857859168693076e-15,0.0,0.0,6.543527357340081e-17,0.0018351977389580408,-6.923294442266477e-15,0.0,0.0,0.19895297981115806,7.9612916180971e-13
2009-07-14,0.0005334081297373004,-1.768466576957018e-15,0.0,0.0,2.1959344670678732e-17,0.0005334081297373004,-1.7904259216276967e-15,0.0,0.0,0.20042036654659007,8.015160804797738e-13
2009-07-15,0.004004021057414528,-9.97273957052394e-15,0.0,0.0,2.1996062930983885e-17,0.004004021057414528,-9.994735633454925e-15,0.0,0.0,0.20084664144495057,8.028562969809119e-13
2009-07-16,0.0013843992795636514,-3.623979778213695e-15,0.0,0.0,2.2180477573374992e-17,0.0013843992795636514,-3.64616025578707e-15,0.0,0.0,0.20403370724214723,8.09587431428187e-13
2009-07-17,0.0005179077818482283,4.890198967371701e-16,0.0,0.0,2.2248963241903282e-17,0.0005179077818482283,4.667709334952669e-16,0.0,0.0,0.20513411899516085,8.120871583294699e-13
2009-07-20,0.0021076507700752726,-8.706146802235679e-15,0.0,0.0,6.66721662757927e-17,0.0021076507700752726,-8.77281896851147e-15,0.0,0.0,0.205545573125163,8.111780230221446e-13
2009-07-21,0.0015381543858738905,-2.701431713873203e-15,9.835578512492461e-06,2.1060724131464697e-16,4.137820315830109e-17,0.001528318807361398,-2.9534171583461514e-15,0.047365901226366955,1.0142364048029193e-12,0.23985058268682335,1.5103044152779898e-12
2009-07-22,0.0011097733465063135,-6.300516167315087e-16,0.0,0.0,4.1388959460917314e-17,0.0011097733465063135,-6.71440576192426e-16,0.0,0.0,0.24102038109131868,1.5106970203234818e-12
2009-07-23,0.0021191791355232035,-1.9227522514255406e-14,0.0,0.0,4.1360320567678e-17,0.0021191791355232035,-1.9268882834823083e-14,0.0,0.0,0.24186174272221245,1.5096517007202474e-12
2009-07-24,6.087550806130333e-05,-7.23166807079536e-15,0.0,0.0,4.179852344763962e-17,6.087550806130333e-05,-7.273466594243e-15,0.0,0.0,0.24346497596045433,1.525646105838846e-12
2009-07-27,0.00034197758675001103,-3.554336273906132e-15,0.0,0.0,1.2598228478437847e-16,0.00034197758675001103,-3.680318558690511e-15,0.0,0.0,0.24351102761099302,1.5327844648766048e-12
2009-07-28,-0.0007267359794020959,5.0726472362652325e-15,0.0,0.0,4.2077084584280126e-17,-0.0007267359794020959,5.030570151680952e-15,0.0,0.0,0.24376964144403998,1.5358135873262246e-12
2009-07-29,0.0005317984173020601,1.6314597277644364e-14,0.0,0.0,4.1968608045141736e-17,0.0005317984173020601,1.6272628669599222e-14,0.0,0.0,0.2432196619438693,1.5318541936476737e-12
2009-07-30,0.0016533204089063918,-2.270492100725342e-14,0.0,0.0,4.149956337513878e-17,0.0016533204089063918,-2.2746420570628558e-14,0.0,0.0,0.24362190261893454,1.5147340631925653e-12
2009-07-31,0.0018831555408219832,-7.147184425213765e-15,0.0,0.0,4.2052090426136745e-17,0.0018831555408219832,-7.189236515639902e-15,0.0,0.0,0.24487037384123822,1.534901300553991e-12
2009-08-03,0.0018117922049880792,-2.8746142432483397e-14,0.0,0.0,1.2650548159557108e-16,0.0018117922049880792,-2.8872647914078965e-14,0.0,0.0,0.24628972751704076,1.5391500260794485e-12
2009-08-04,-0.00010394556666378472,-1.9719635721351415e-15,1.5749986789123195e-06,0.0,4.287837270984877e-17,-0.00010552056534269705,-2.0148419448449903e-15,0.007812465776784953,0.0,0.23984035848870355,1.5650606039094799e-12
2009-08-05,-0.0010277822041076575,-3.0555639094193814e-15,0.0,0.0,4.2936929838196024e-17,-0.0010277822041076575,-3.0985008392575774e-15,0.0,0.0,0.23976171271351332,1.5671979390941548e-12
2009-08-06,-0.0011710654461454253,1.1668429525891109e-14,0.0,0.0,4.306490526115527e-17,-0.0011710654461454253,1.1625364620629953e-14,0.0,0.0,0.23897954943746386,1.5718690420321675e-12
2009-08-07,0.0006502391114289435,-7.2617293969264e-15,0.0,0.0,4.27953384025047e-17,0.0006502391114289435,-7.304524735328906e-15,0.0,0.0,0.23808729980127902,1.5620298516914217e-12
2009-08-10,-0.0005033750545046274,3.561196775643858e-15,0.0,0.0,1.2889905447185152e-16,-0.0005033750545046274,3.4322977211720065e-15,0.0,0.0,0.23858240330278357,1.568271829407527e-12
2009-08-11,-0.0008512781066455113,1.1950918094218286e-14,0.0,0.0,4.289037440021931e-17,-0.0008512781066455113,1.1908027719818067e-14,0.0,0.0,0.2381989316484796,1.5654986656080045e-12
2009-08-12,0.001211713713213431,-8.50235377178978e-15,0.0,0.0,4.25992157664208e-17,0.001211713713213431,-8.544952987556201e-15,0.0,0.0,0.23754987454927143,1.5548713754743592e-12
2009-08-13,0.0009662058456856541,-9.27653567328348e-15,0.0,0.0,4.2780319465895814e-17,0.0009662058456856541,-9.319315992749376e-15,0.0,0.0,0.23847262770926556,1.5614816605051973e-12
2009-08-14,-0.0011904916237930553,1.2757524224447055e-14,0.0,0.0,4.2992931106819385e-17,-0.0011904916237930553,1.2714531293340236e-14,0.0,0.0,0.23920770966753957,1.569241985398908e-12
2009-08-17,-0.004692781474533311,2.942825683947574e-14,0.0,0.0,1.2808271108026418e-16,-0.004692781474533311,2.930017412839548e-14,0.0,0.0,0.23830091328495145,1.5583396514765479e-12
2009-08-18,0.002761828129678159,7.27839728244202e-16,1.8260474183836742e-05,3.2802325573121974e-16,6.695912400844671e-18,0.002743567655494322,3.931205601121376e-16,0.08964551722275124,1.6103532758828656e-12,0.3235881256437876,2.444008026308305e-13
2009-08-19,0.0016820338472848212,4.46049167022138e-16,0.0,0.0,6.657705720298215e-18,0.0016820338472848212,4.393914613018398e-16,0.0,0.0,0.3254570403642693,2.4300625879088483e-13
2009-08-20,0.0021552755066941583,1.1027465279491004e-16,0.0,0.0,6.634326034230818e-18,0.0021552755066941583,1.0364032676067922e-16,0.0,0.0,0.32658973921601675,2.4215290024942483e-13
2009-08-21,0.004240075562058805,1.5660720668508697e-15,0.0,0.0,6.6170432596024174e-18,0.004240075562058805,1.5594550235912672e-15,0.0,0.0,0.32803800245076387,2.4152207897548824e-13
2009-08-24,-0.0007447843031824338,-9.494279338559713e-16,0.0,0.0,1.963914008878697e-17,-0.0007447843031824338,-9.690670739447582e-16,0.0,0.0,0.33087514240740773,2.389428710802415e-13
2009-08-25,0.0006550998865363385,-2.859829983838147e-16,0.0,0.0,6.577290416470554e-18,0.0006550998865363385,-2.925602888002852e-16,0.0,0.0,0.3303764172739529,2.400711002011752e-13
2009-08-26,0.0005320128600254041,-6.513174494436598e-16,0.0,0.0,6.580814476294472e-18,0.0005320128600254041,-6.578982639199542e-16,0.0,0.0,0.3308148004222682,2.401997283847482e-13
2009-08-27,0.00021123079803860885,1.0316219262028563e-15,0.0,0.0,6.595150085318677e-18,0.00021123079803860885,1.0250267761175376e-15,0.0,0.0,0.33117062625026594,2.407229781141317e-13
2009-08-28,0.0007319217710537853,-4.757153146622147e-16,0.0,0.0,6.565499635174694e-18,0.0007319217710537853,-4.822808142973894e-16,0.0,0.0,0.33131187377680676,2.396407366838763e-13
2009-08-31,-0.0017831441001837996,-2.0836650209604147e-16,0.0,0.0,1.972116444479276e-17,-0.0017831441001837996,-2.2808766654083423e-16,0.0,0.0,0.33180094321386633,2.3994083407831193e-13
2009-09-01,-0.004114752176503549,3.5847523109337166e-06,9.87555113037666e-06,4.383099785254679e-08,5.646827108645836e-09,-0.004124627727633926,3.535274485972524e-06,0.04643840976732715,0.00020610918944326007,0.3641689098656722,0.00020610918946557303
2009-09-02,0.0009026992811937867,1.4965748303612608e-06,0.0,0.0,5.5715756951147406e-09,0.0009026992811937867,1.491003254666146e-06,0.0,0.0,0.36154411441054607,0.00020336251287168803
2009-09-03,0.0016308780140899652,-1.414376776020401e-06,0.0,0.0,5.5255774715021575e-09,0.0016308780140899652,-1.419902353491903e-06,0.0,0.0,0.3621193888585237,0.00020168357770982873
2009-09-04,0.0028195732874001984,-2.824124897115008e-06,0.0,0.0,5.555275431545388e-09,0.0028195732874001984,-2.8296801725465534e-06,0.0,0.0,0.36315851528403786,0.00020276755325140667
2009-09-08,0.0022298596316680927,-5.632237737940404e-06,0.0,0.0,2.246731021317685e-08,0.0022298596316680927,-5.6547050481535806e-06,0.0,0.0,0.3649501176605606,0.00020501420569523875
2009-09-09,0.0006628145627078948,-4.816285805405354e-07,0.0,0.0,5.758327735606828e-09,0.0006628145627078948,-4.873869082761423e-07,0.0,0.0,0.3663651062180371,0.0002101789623496492
2009-09-10,0.0033319309422210073,-3.6504781138748886e-06,0.0,0.0,5.767702932788956e-09,0.0033319309422210073,-3.6562458168076777e-06,0.0,0.0,0.3667849891147788,0.00021052115704679687
2009-09-11,0.0012274088294632014,-8.395346047596479e-07,0.0,0.0,5.848251444498292e-09,0.0012274088294632014,-8.453828562041461e-07,0.0,0.0,0.36888915561458974,0.00021346117772418768
2009-09-14,-9.947292838349432e-05,-1.597346005579119e-06,0.0,0.0,1.7592179253702945e-08,-9.947292838349432e-05,-1.614938184832822e-06,0.0,0.0,0.3696631491377629,0.0002140381809200525
2009-09-15,0.0010502119777918875,-2.156568090464162e-06,0.0,0.0,5.908419925061772e-09,0.0010502119777918875,-2.1624765103892237e-06,0.0,0.0,0.36960103838983166,0.00021565732726475467
2009-09-16,0.0033922962873009503,-2.2026932269290928e-13,8.65073972647198e-06,4.484222072226117e-08,3.2301867006840525e-16,0.003383645547574478,-4.484244131460253e-08,0.04197559032703519,0.00021758586501362354,0.39999999996273883,1.1790181457496793e-11
2009-09-17,-0.0008478023035692942,4.352890003079937e-14,0.0,0.0,3.279438151085493e-16,-0.0008478023035692942,4.320095621569082e-14,0.0,0.0,0.4020319805571406,1.1969949251462048e-11
2009-09-18,-0.00031402221155782373,3.05949944981803e-14,0.0,0.0,3.270284980189048e-16,-0.00031402221155782373,3.0267966000161395e-14,0.0,0.0,0.40152459172736016,1.1936540177690025e-11
2009-09-21,-0.0008561841116421963,7.320989917057418e-14,0.0,0.0,9.788782264801675e-16,-0.0008561841116421963,7.2231020944094e-14,0.0,0.0,0.4013365981219116,1.1909685088842036e-11
2009-09-22,0.0020976253684056147,-1.3544268327588789e-13,0.0,0.0,3.2456487879024216e-16,0.0020976253684056147,-1.3576724815467813e-13,0.0,0.0,0.4008235928019688,1.1846618075843839e-11
2009-09-23,-0.001342725324580583,1.663781416916628e-13,0.0,0.0,3.2758847933155816e-16,-0.001342725324580583,1.6605055321233124e-13,0.0,0.0,0.4020778095570292,1.1956979495601872e-11
2009-09-24,-0.002614308012368832,1.7653921771618675e-13,0.0,0.0,3.234644980528163e-16,-0.002614308012368832,1.7621575321813393e-13,0.0,0.0,0.401273884839649,1.1806454178927794e-11
2009-09-25,-0.0015928772211856702,3.075866519032785e-14,0.0,0.0,3.1946298178937336e-16,-0.0015928772211856702,3.043920220853848e-14,0.0,0.0,0.3997045275762324,1.1660398835312126e-11
2009-09-28,0.003192808618116243,-1.6466045394578169e-13,0.0,0.0,9.573858339872366e-16,0.003192808618116243,-1.6561783977976893e-13,0.0,0.0,0.39874680505783167,1.1648194313511383e-11
2009-09-29,-0.001149739870678274,1.4071828782144877e-14,0.0,0.0,3.2260982521248803e-16,-0.001149739870678274,1.374921895693239e-14,0.0,0.0,0.40066038175620533,1.1775258620255811e-11
2009-09-30,0.0006090409532798571,1.336960575680705e-15,1.9171672392025217e-06,2.4200227120922218e-15,6.458071087864242e-18,0.0006071237860406545,-1.0895202074993811e-15,0.009514799238018913,1.2010444256590576e-11,0.40000000001311853,2.3571959470704484e-13
2009-10-01,-0.007327504226618048,-1.6445258269221386e-15,0.0,0.0,6.417545786301415e-18,-0.007327504226618048,-1.65094337270844e-15,0.0,0.0,0.40036596926333773,2.3424042120000165e-13
2009-10-02,-0.0014947891903439718,5.177152146939789e-16,0.0,0.0,6.510305580063371e-18,-0.0014947891903439718,5.112049091139155e-16,0.0,0.0,0.3959397149716612,2.3762615367231303e-13
2009-10-05,0.0036706232953284323,1.3480272949047392e-15,0.0,0.0,1.9517539411670486e-17,0.0036706232953284323,1.3285097554930686e-15,0.0,0.0,0.39503542045761997,2.374633961753242e-13
2009-10-06,0.003489564552536185,1.0331880524909662e-15,0.0,0.0,6.445256108684997e-18,0.003489564552536185,1.0267427963822812e-15,0.0,0.0,0.39724789637050995,2.352518479670024e-13
2009-10-07,0.0010058487498429381,-2.0589553596604414e-16,0.0,0.0,6.394635094745907e-18,0.0010058487498429381,-2.1229017106079005e-16,0.0,0.0,0.39934392451977097,2.334041809582256e-13
2009-10-08,0.0018408296592307585,1.5427939894099591e-15,0.0,0.0,6.39384482750758e-18,0.0018408296592307585,1.5364001445824514e-15,0.0,0.0,0.3999474865902245,2.333753362040267e-13
2009-10-09,-0.0004331221262387698,-1.847960400225958e-15,0.0,0.0,6.339905812374437e-18,-0.0004331221262387698,-1.8543003060383324e-15,0.0,0.0,0.40105005141996464,2.3140656215166695e-13
2009-10-12,0.001066787964463707,1.0270686774321688e-15,0.0,0.0,1.9179911837502435e-17,0.001066787964463707,1.0078887655946663e-15,0.0,0.0,0.4007905205361575,2.333555940229463e-13
2009-10-13,0.00011112555670551433,5.130105153999408e-16,0.0,0.0,6.3583820325335146e-18,0.00011112555670551433,5.066521333674073e-16,0.0,0.0,0.4014290688014376,2.3208094418747327e-13
2009-10-14,0.001680300577331398,3.8548348573000016e-15,1.6133239552071975e-05,5.852595209202135e-17,1.4021419463081202e-17,0.001664167337779326,3.782287485744899e-15,0.07725073321977484,2.8023960698664614e-13,0.40000000003342423,5.117818104024639e-13
2009-10-15,-8.237122516041767e-05,-2.264846710635162e-16,0.0,0.0,1.3892687791925234e-17,-8.237122516041767e-05,-2.4037735885544147e-16,0.0,0.0,0.4010129479607313,5.070831044052711e-13
2009-10-16,-0.0012958319950821615,-1.3581929387425168e-15,0.0,0.0,1.390003781455099e-17,-0.0012958319950821615,-1.3720929765570679e-15,0.0,0.0,0.40096360459892655,5.073513802311111e-13
2009-10-19,0.003172676895851231,2.493527257355002e-15,0.0,0.0,4.1865997038456475e-17,0.003172676895851231,2.4516612603165457e-15,0.0,0.0,0.400186346876122,5.093696306345538e-13
2009-10-20,-0.0007390784144275071,-2.259715958889311e-15,0.0,0.0,1.3843096857315887e-17,-0.0007390784144275071,-2.273559055746627e-15,0.0,0.0,0.40208334323867223,5.052730352920298e-13
2009-10-21,-0.00047314174365114647,3.165859612361276e-15,0.0,0.0,1.3915291375072643e-17,-0.00047314174365114647,3.1519443209862032e-15,0.0,0.0,0.40164110909832695,5.079081351901515e-13
2009-10-22,0.0013054685893996193,2.2630259747706675e-16,0.0,0.0,1.383510145930993e-17,0.0013054685893996193,2.1246749601775682e-16,0.0,0.0,0.4013578665154658,5.049812032648124e-13
2009-10-23,-0.0028212245662170483,-2.7113683869341394e-15,0.0,0.0,1.381087172891185e-17,-0.0028212245662170483,-2.725179258663051e-15,0.0,0.0,0.4021383561123678,5.040968181052825e-13
2009-10-26,-0.002540746073038235,-3.398928594817084e-15,0.0,0.0,4.1773319297536675e-17,-0.002540746073038235,-3.440701914114621e-15,0.0,0.0,0.4004468821274749,5.082420514533628e-13
2009-10-27,-0.000973265337463308,-1.362982696788384e-15,0.0,0.0,1.4053266879848794e-17,-0.000973265337463308,-1.3770359636682327e-15,0.0,0.0,0.39891968968947433,5.12944241114481e-13
2009-10-28,-0.004665843153403751,-2.570652164666199e-15,1.6675231714757335e-05,2.724913166091227e-17,1.7716378434775487e-17,-0.004682518385118508,-2.6156176747618868e-15,0.08067981662563033,1.3183954401451939e-13,0.4000000000462828,6.466478128693053e-13
2009-10-29,0.005041711363241828,4.59148278341202e-15,0.0,0.0,1.7870486141111505e-17,0.005041711363241828,4.573612297270909e-15,0.0,0.0,0.3971940252184245,6.522727441505699e-13
2009-10-30,-0.004906218462472712,-3.7118533833901494e-15,0.0,0.0,1.7655677263565372e-17,-0.004906218462472712,-3.729509060653715e-15,0.0,0.0,0.400217953179347,6.44432220120136e-13
2009-11-02,0.002038037947533495,2.2954543943542545e-15,0.0,0.0,5.353476890199821e-17,0.002038037947533495,2.2419196254522563e-15,0.0,0.0,0.3972607829043774,6.513396883076448e-13
2009-11-03,0.000580481851427705,-1.7181382982743163e-15,0.0,0.0,1.77458670553728e-17,0.000580481851427705,-1.7358841653296892e-15,0.0,0.0,0.3984866898563956,6.477241475211072e-13
2009-11-04,0.0015686424227435714,4.8651689913040016e-15,0.0,0.0,1.778261685116434e-17,0.0015686424227435714,4.847386374452837e-15,0.0,0.0,0.39883565484848227,6.490655150674984e-13
2009-11-05,0.0036424039253649737,-1.2286581002864615e-14,0.0,0.0,1.762168243141061e-17,0.0036424039253649737,-1.2304202685296025e-14,0.0,0.0,0.3997771898116403,6.431914087464873e-13
2009-11-06,0.0004958530704238358,3.1317551876422797e-15,0.0,0.0,1.7893127092664187e-17,0.0004958530704238358,3.1138620605496153e-15,0.0,0.0,0.4019555094117068,6.530991388822429e-13
2009-11-09,0.00502604364843334,8.252093664130725e-15,0.0,0.0,5.3395500419192124e-17,0.00502604364843334,8.198698163711532e-15,0.0,0.0,0.4022519046401299,6.496452551001708e-13
2009-11-10,-6.242614554034935e-05,2.831408369620956e-15,0.0,0.0,1.748453733399585e-17,-6.242614554034935e-05,2.8139238322869605e-15,0.0,0.0,0.405241188387581,6.381856126908485e-13
2009-11-11,0.0013549403817419764,-8.919815417562945e-16,1.7127534742135545e-05,2.7363224998683096e-17,1.3709335608684392e-17,0.0013378128469998408,-9.33054102363662e-16,0.08450285464110611,1.3500311979441904e-13,0.40000000000778263,5.003907497169803e-13
2009-11-12,-0.002905057622911411,-7.126216965067485e-15,0.0,0.0,1.3715424787660488e-17,-0.002905057622911411,-7.139932389855144e-15,0.0,0.0,0.4008187199566489,5.006130047496078e-13
2009-11-13,0.0024578826944363884,1.0720367043263815e-14,0.0,0.0,1.395119262711144e-17,0.0024578826944363884,1.0706415850636703e-14,0.0,0.0,0.3990729923723296,5.092185308895674e-13
2009-11-16,0.003625007947261467,2.22798678749493e-15,0.0,0.0,4.0871993258067305e-17,0.003625007947261467,2.1871147942368627e-15,0.0,0.0,0.40054637905336743,4.972759179731521e-13
2009-11-17,6.1890974528627e-05,-3.1078139177857822e-15,0.0,0.0,1.351396877457821e-17,6.1890974528627e-05,-3.1213278865603603e-15,0.0,0.0,0.4027115544154179,4.932598602721046e-13
2009-11-18,-0.0008103008813231387,1.7758416827910167e-15,0.0,0.0,1.3598272751014437e-17,-0.0008103008813231387,1.7622434100400021e-15,0.0,0.0,0.40274851889162366,4.963369554120269e-13
2009-11-19,-0.0026054576523479363,-1.5551723103491524e-15,0.0,0.0,1.3560607726617774e-17,-0.0026054576523479363,-1.56873291807577e-15,0.0,0.0,0.40226417302422607,4.949621820215488e-13
2009-11-20,-0.00017588783685755808,-2.0045634048258875e-15,0.0,0.0,1.363875037370494e-17,-0.00017588783685755808,-2.0182021551995924e-15,0.0,0.0,0.400702729364418,4.978143886402303e-13
2009-11-23,0.0034237277329746173,3.78710320095862e-15,0.0,0.0,4.1088236678197615e-17,0.0034237277329746173,3.7460149642804226e-15,0.0,0.0,0.40059730172041186,4.999068795847377e-13
2009-11-24,7.190838587494539e-05,-4.440899246521017e-16,0.0,0.0,1.3545945013040933e-17,7.190838587494539e-05,-4.576358696651426e-16,0.0,0.0,0.4026424911898244,4.94426992975994e-13
2009-11-25,0.0025336306233437623,3.4131421531788906e-15,9.10382783004728e-07,1.483369419536232e-16,3.3835396861293765e-17,0.0025327202405607575,3.2309698143639736e-15,0.004542534800336411,7.401564853586604e-13,0.39999999998792474,1.2349919854372225e-12
2009-11-27,-0.004040905706070776,8.130244634265877e-15,0.0,0.0,6.731328651153547e-17,-0.004040905706070776,8.062931347754342e-15,0.0,0.0,0.4015167011353785,1.2284674788355223e-12
2009-11-30,0.0015080854512424446,2.296298454593373e-16,0.0,0.0,1.0070864461898575e-16,0.0015080854512424446,1.2892120084035155e-16,0.0,0.0,0.39908847432242095,1.2252885095309934e-12
2009-12-01,0.004079635734088129,-7.48962403847141e-15,0.0,0.0,3.35127169368418e-17,0.004079635734088129,-7.523136755408251e-15,0.0,0.0,0.3999933356435854,1.2232141681947255e-12
2009-12-02,0.000931243181840155,-3.829066161042636e-15,0.0,0.0,3.3580914218349724e-17,0.000931243181840155,-3.862647075260986e-15,0.0,0.0,0.40243119867903354,1.225703368969765e-12
2009-12-03,-0.0003309067485845377,5.245988756468579e-15,0.0,0.0,3.365447963587092e-17,-0.0003309067485845377,5.2123342768327085e-15,0.0,0.0,0.40298716281313646,1.2283885067092887e-12
2009-12-04,-0.002134503528263921,-1.3908183023815016e-14,0.0,0.0,3.352184652175451e-17,-0.002134503528263921,-1.394170487033677e-14,0.0,0.0,0.40278954184220456,1.2235473980440394e-12
2009-12-07,-0.00037919769550383346,3.667327139248345e-15,0.0,0.0,1.0192623981449618e-16,-0.00037919769550383346,3.5654008994338485e-15,0.0,0.0,0.4015120672381065,1.2401025844097033e-12
2009-12-08,-0.0022206754765825977,5.293703663758259e-15,0.0,0.0,3.3887788726745716e-17,-0.0022206754765825977,5.259815875031513e-15,0.0,0.0,0.4012850359034561,1.2369042885262187e-12
2009-12-09,0.0007781308078226877,1.1640518414897888e-15,0.0,0.0,3.3817854229213727e-17,0.0007781308078226877,1.130233987260575e-15,0.0,0.0,0.3999525251913611,1.2343516793663012e-12
2009-12-10,0.0010317872961358224,0.0,9.527693928344811e-07,1.4547728611103078e-16,1.3881593083198242e-17,0.001030834526742988,-1.5935887919422902e-16,0.0047518239156009254,7.255506448024688e-13,0.40000000000878394,5.066781475367358e-13
2009-12-11,-6.733516082939107e-05,-4.04928723095845e-15,0.0,0.0,1.3867298193427815e-17,-6.733516082939107e-05,-4.063154529151878e-15,0.0,0.0,0.4006188155977386,5.061563840601153e-13
2009-12-14,0.002274537717061522,1.1249947503256358e-15,0.0,0.0,4.1937536579625927e-17,0.002274537717061522,1.0830572137460097e-15,0.0,0.0,0.40057845345149884,5.102400283854488e-13
2009-12-15,-0.001820247382367014,-3.59148549625284e-15,0.0,0.0,1.3916703019977686e-17,-0.001820247382367014,-3.605402199272818e-15,0.0,0.0,0.40193876628469627,5.079596602291855e-13
2009-12-16,0.0009884291576770041,4.497030093911889e-16,0.0,0.0,1.4040657352681706e-17,0.0009884291576770041,4.3566235203850723e-16,0.0,0.0,0.40084816171942705,5.124839933728822e-13
2009-12-17,-0.003945912987485811,-5.391569005072342e-15,0.0,0.0,1.401448439727934e-17,-0.003945912987485811,-5.405583489469621e-15,0.0,0.0,0.4014397960776089,5.115286805006959e-13
2009-12-18,0.001981907253352085,0.0,0.0,0.0,1.4218302802284008e-17,0.001981907253352085,-1.4218302802284008e-17,0.0,0.0,0.39906857295504605,5.189680522833663e-13
2009-12-21,0.0001381346876143418,-1.5756414394436334e-15,0.0,0.0,4.2570537549703176e-17,0.0001381346876143418,-1.6182119769933365e-15,0.0,0.0,0.4002572075455573,5.179415401880553e-13
2009-12-22,0.00017146399349890132,-1.800491705070612e-15,0.0,0.0,1.423138159439844e-17,0.00017146399349890132,-1.8147230866650103e-15,0.0,0.0,0.40034004138661566,5.194454281955432e-13
2009-12-23,0.0011805319701381648,2.925329547904533e-15,0.0,0.0,1.4278261926453283e-17,0.0011805319701381648,2.9110512859780795e-15,0.0,0.0,0.40044284385094053,5.211565603155449e-13
2009-12-24,0.001991140876595989,-3.353384961409014e-15,1.5491915976508254e-06,9.772134599363739e-17,2.746058880162756e-17,0.001989591684998338,-3.4785668962042792e-15,0.007683886510201359,4.846913276433041e-13,0.3999999999928915,1.0023114912594059e-12
2009-12-28,0.00031139302342605003,1.3567036188945675e-15,0.0,0.0,1.0999101224546868e-16,0.00031139302342605003,1.2467126066490988e-15,0.0,0.0,0.40119293075038776,1.0036679867399017e-12
2009-12-29,-0.0005339544518586131,-2.239899228924803e-15,0.0,0.0,2.7452034727112766e-17,-0.0005339544518586131,-2.2673512636519154e-15,0.0,0.0,0.4013793370485091,1.001999267539616e-12
2009-12-30,-6.41183503661722e-05,-4.749316240819465e-16,0.0,0.0,2.752810058113166e-17,-6.41183503661722e-05,-5.024597246630781e-16,0.0,0.0,0.40105953011821827,1.0047756712113058e-12
2009-12-31,-0.00197600334238774,4.646133307144739e-16,0.0,0.0,2.7542878410377e-17,-0.00197600334238774,4.3707045230409693e-16,0.0,0.0,0.4010211245808224,1.0053150619787605e-12
2010-01-04,0.0042656498539770825,-5.588943490641265e-15,0.0,0.0,1.1033862660708465e-16,0.0042656498539770825,-5.699282117248349e-15,0.0,0.0,0.3998351969239605,1.0068399677896475e-12
2010-01-05,6.383074131028325e-05,-4.1210870136543e-16,0.0,0.0,2.761996130732351e-17,6.383074131028325e-05,-4.3972866267275353e-16,0.0,0.0,0.4023844157536377,1.008128587717308e-12
2010-01-06,0.00028605709429343194,4.138312973145668e-17,0.0,0.0,2.762948834595285e-17,0.00028605709429343194,1.3753641385503833e-17,0.0,0.0,0.4024225595646511,1.008476324627279e-12
2010-01-07,-0.0006865706744088872,-3.0077610389186638e-15,0.0,0.0,2.7620453534895385e-17,-0.0006865706744088872,-3.035381492453559e-15,0.0,0.0,0.40259345194589924,1.0081465540236817e-12
2010-01-08,0.0014541452188174325,2.1934963893232777e-15,0.0,0.0,2.7721890984309625e-17,0.0014541452188174325,2.1657744983389682e-15,0.0,0.0,0.40218300833075715,1.0118490209273013e-12
2010-01-11,0.0011332240904244405,3.3939779720858906e-15,6.116133780281108e-07,8.359666051519296e-17,5.299702283669016e-17,0.0011326124770464124,3.2573842887340073e-15,0.003051058778687552,4.1702541850240493e-13,0.4000000000020674,6.447971111797303e-13
2010-01-12,-0.0018092863044674322,-4.559902667465822e-16,0.0,0.0,1.7552808051624824e-17,-0.0018092863044674322,-4.735430747982071e-16,0.0,0.0,0.4006794095938891,6.40677493884306e-13
2010-01-13,0.0020895297856778293,8.570142744298512e-16,0.0,0.0,1.7597139198595112e-17,0.0020895297856778293,8.394171352312561e-16,0.0,0.0,0.3995931016155345,6.422955807487216e-13
2010-01-14,0.0006613271696726536,1.246290847417119e-15,0.0,0.0,1.753701523976466e-17,0.0006613271696726536,1.2287538321773543e-15,0.0,0.0,0.4008450537220182,6.401010562514101e-13
2010-01-15,-0.0025254139001597386,-3.6780501042379e-15,0.0,0.0,1.7491302811258827e-17,-0.0025254139001597386,-3.695541407049159e-15,0.0,0.0,0.4012410292974285,6.384325526109471e-13
2010-01-19,0.0022895019475932493,-1.8166301059309676e-15,0.0,0.0,7.054644419985079e-17,0.0022895019475932493,-1.8871765501308182e-15,0.0,0.0,0.3997250866874333,6.437363033236384e-13
2010-01-20,-0.004135471495488105,-7.837899381831294e-15,0.0,0.0,1.7645981229404543e-17,-0.004135471495488105,-7.855545363060698e-15,0.0,0.0,0.4010962779255443,6.440783148732657e-13
2010-01-21,-0.0031816416117110232,-1.2642627017307857e-16,0.0,0.0,1.793488741444716e-17,-0.0031816416117110232,-1.4436115758752573e-16,0.0,0.0,0.39860924359478367,6.546233906273213e-13
2010-01-22,-0.004535536067489965,1.1365235613878727e-15,0.0,0.0,1.7995606719041853e-17,-0.004535536067489965,1.1185279546688309e-15,0.0,0.0,0.39668972652391954,6.568396452450276e-13
2010-01-25,0.0011259450352033241,9.473315790882743e-16,0.0,0.0,5.413895645131014e-17,0.0011259450352033241,8.931926226369641e-16,0.0,0.0,0.39394092372444156,6.586906368242734e-13
2010-01-26,-0.0004297621649977268,-2.4279439825523585e-15,1.518789340948657e-05,3.284601026017614e-17,1.7086627780675192e-17,-0.00044495005840721337,-2.4778766205932098e-15,0.07462254546232691,1.6138201841508108e-13,0.4000000000030329,6.236619139946445e-13
2010-01-27,-0.0003925194692727771,-1.9572084032646567e-15,0.0,0.0,1.716078248506489e-17,-0.0003925194692727771,-1.9743691857497215e-15,0.0,0.0,0.3997481057810515,6.263685607048685e-13
2010-01-28,-0.0029810369576387563,-9.580639383500072e-16,0.0,0.0,1.7221164275361197e-17,-0.0029810369576387563,-9.752851026253684e-16,0.0,0.0,0.3995124027080585,6.285724960506838e-13
2010-01-29,-0.002231101258260983,-4.401019660542031e-15,0.0,0.0,1.729898150563711e-17,-0.002231101258260983,-4.418318642047668e-15,0.0,0.0,0.3977169747508325,6.314128249557546e-13
2010-02-01,0.0026970048077656476,2.456772459258545e-15,0.0,0.0,5.237552726502687e-17,0.0026970048077656476,2.404396931993518e-15,0.0,0.0,0.3963702155792896,6.372355817244936e-13
2010-02-02,0.002691918382410938,1.9628707667999863e-15,0.0,0.0,1.734442226360914e-17,0.002691918382410938,1.945526344536377e-15,0.0,0.0,0.39799382911646597,6.330714126217336e-13
2010-02-03,-0.0008299824299284327,-3.1863125139432004e-15,0.0,0.0,1.724422493623065e-17,-0.0008299824299284327,-3.203556738879431e-15,0.0,0.0,0.39961002991355604,6.294142101724187e-13
2010-02-04,-0.006635950939576345,-3.647430326988472e-15,0.0,0.0,1.7345917976641012e-17,-0.006635950939576345,-3.664776244965114e-15,0.0,0.0,0.3991113028525824,6.33126006147397e-13
2010-02-05,-4.306708811076113e-06,-2.447845494841216e-15,0.0,0.0,1.7562390737959532e-17,-4.306708811076113e-06,-2.4654078855791753e-15,0.0,0.0,0.3950971975321952,6.410272619355228e-13
2010-02-08,-0.0014914520109023202,2.4473530414434493e-16,0.0,0.0,5.288859277004512e-17,-0.0014914520109023202,1.918467113742998e-16,0.0,0.0,0.39509459238074734,6.434778787022156e-13
2010-02-09,0.0023328183778149937,2.8094008651681655e-15,1.3837277864324994e-06,4.1060332293837794e-17,1.2130376355443473e-17,0.002331434650028561,2.7562101565188845e-15,0.006788339378649124,2.0143519075330384e-13,0.4000000000066897,4.4275873697368675e-13
2010-02-10,-0.0013890647462371114,-1.3079387953123999e-15,0.0,0.0,1.2025370104186185e-17,-0.0013890647462371114,-1.3199641654165861e-15,0.0,0.0,0.4013969875393372,4.3892600880279574e-13
2010-02-11,0.0023503812819237087,1.8707778946771968e-16,0.0,0.0,1.2077981141593305e-17,0.0023503812819237087,1.7499980832612637e-16,0.0,0.0,0.40056433258609614,4.408463116681556e-13
2010-02-12,-0.0003539244248783866,-1.493411280865341e-15,0.0,0.0,1.2044546446187396e-17,-0.0003539244248783866,-1.5054558273115285e-15,0.0,0.0,0.4019699312656767,4.3962594528584e-13
2010-02-16,0.004366065295231479,3.734828738575887e-15,0.0,0.0,4.835896271304741e-17,0.004366065295231479,3.68646977586284e-15,0.0,0.0,0.40175819888027764,4.412755347565576e-13
2010-02-17,-2.6332559462865695e-05,-4.09046516538103e-15,0.0,0.0,1.1935306276709632e-17,-2.6332559462865695e-05,-4.1024004716577396e-15,0.0,0.0,0.40435880722048123,4.3563867909990156e-13
2010-02-18,0.001508379463864031,0.0,0.0,0.0,1.2047691062028525e-17,0.001508379463864031,-1.2047691062028525e-17,0.0,0.0,0.40434312205032485,4.397407237640411e-13
2010-02-19,0.0002950838673480703,-1.2995837215200894e-15,0.0,0.0,1.202954594197005e-17,0.0002950838673480703,-1.3116132674620596e-15,0.0,0.0,0.40524024545002085,4.3907842688190676e-13
2010-02-22,-0.0003172262653681707,7.423396622285844e-16,0.0,0.0,3.618477538285001e-17,-0.0003172262653681707,7.061548868457344e-16,0.0,0.0,0.4054156976854128,4.4024810049134183e-13
2010-02-23,-0.002364545834719379,-2.413560238145604e-15,0.0,0.0,1.2045074735419959e-17,-0.002364545834719379,-2.4256053128810238e-15,0.0,0.0,0.4052270200742488,4.3964522784282844e-13
2010-02-24,0.0014005102568223728,-2.6659607653783403e-15,7.645980892296722e-07,1.1884611939215968e-16,2.839604252510057e-17,0.001399745658733143,-2.8132029272956005e-15,0.0038173187986045034,5.933490183763859e-13,0.40000000000007885,1.0364555521661706e-12
2010-02-25,0.00016420890787025933,2.4773593040759708e-15,0.0,0.0,2.84292887725297e-17,0.00016420890787025933,2.448930015303441e-15,0.0,0.0,0.4008394369951194,1.037669040197334e-12
2010-02-26,0.0010290543387608566,-1.4340763640099532e-15,0.0,0.0,2.8356759482378376e-17,0.0010290543387608566,-1.4624331234923316e-15,0.0,0.0,0.4009378083433568,1.0350217211068108e-12
2010-03-01,0.0019218132486122602,-4.1786499686301834e-15,0.0,0.0,8.510057462178227e-17,0.0019218132486122602,-4.263750543251966e-15,0.0,0.0,0.4015536421644037,1.0353903245650174e-12
2010-03-02,0.0014342556881057128,-1.9769162725341104e-15,0.0,0.0,2.842671093834946e-17,0.0014342556881057128,-2.00534298347246e-15,0.0,0.0,0.4027015382615501,1.0375749492497555e-12
2010-03-03,0.0007106627207756921,3.719712897679225e-17,0.0,0.0,2.844008267765737e-17,0.0007106627207756921,8.757046299134881e-18,0.0,0.0,0.40355699004121515,1.0380630177344937e-12
2010-03-04,-0.0001274291314556401,-1.1654471355367723e-15,0.0,0.0,2.8418867348641993e-17,-0.0001274291314556401,-1.1938660028854143e-15,0.0,0.0,0.4039805588389059,1.0372886582254329e-12
2010-03-05,0.002159854294994896,-6.786360557253816e-15,0.0,0.0,2.845442332960085e-17,0.002159854294994896,-6.814814980583417e-15,0.0,0.0,0.40390459891968183,1.0385864515304308e-12
2010-03-08,7.236325389058654e-06,1.1552613057700347e-15,0.0,0.0,8.573587604818562e-17,7.236325389058654e-06,1.0695254297218491e-15,0.0,0.0,0.40518930335753683,1.043119825252925e-12
2010-03-09,0.00019936194116318968,-8.113094458351084e-16,0.0,0.0,2.854676778101607e-17,0.00019936194116318968,-8.398562136161245e-16,0.0,0.0,0.4051936075701355,1.0419570240070864e-12
2010-03-10,0.00011416906647411755,-1.3511232174473022e-14,1.86129556318128e-05,9.058611569405987e-16,1.5056792128228138e-16,9.555611084230475e-05,-1.4567661252695902e-14,0.09262464981878264,4.507885480726758e-12,0.3999999999956047,5.4957291268032694e-12
2010-03-11,0.0006505389640276797,-7.522271342923786e-15,0.0,0.0,1.509236703478172e-16,0.0006505389640276797,-7.673195013271603e-15,0.0,0.0,0.4000759393612778,5.508713967695327e-12
2010-03-12,0.00021041749442985,4.565298061216108e-15,0.0,0.0,1.5103150809284168e-16,0.00021041749442985,4.4142665531232664e-15,0.0,0.0,0.40046595961481246,5.5126500453887205e-12
2010-03-15,4.877309861989041e-06,1.4072583148505846e-14,0.0,0.0,4.526240542814681e-16,4.877309861989041e-06,1.3619959094224378e-14,0.0,0.0,0.4005920855263157,5.506925993757862e-12
2010-03-16,0.002480928986406618,-4.2147468332399654e-14,0.0,0.0,1.5048840055868046e-16,0.002480928986406618,-4.2297956732958336e-14,0.0,0.0,0.4005950090101841,5.492826620391837e-12
2010-03-17,0.0004900134382953609,-2.3638921806672633e-14,0.0,0.0,1.5126784094716168e-16,0.0004900134382953609,-2.3790189647619793e-14,0.0,0.0,0.40207841001439465,5.521276194571401e-12
2010-03-18,-0.0002909624234486293,2.298823906724457e-14,0.0,0.0,1.5184107847156244e-16,-0.0002909624234486293,2.283639798877301e-14,0.0,0.0,0.4023712561300122,5.542199364212029e-12
2010-03-19,-0.0016529200571895283,3.260812138238231e-14,0.0,0.0,1.5125527330347318e-16,-0.0016529200571895283,3.2456866109078837e-14,0.0,0.0,0.4021973180129079,5.520817475576772e-12
2010-03-22,0.0008163243912768263,-1.6370374207579978e-14,0.0,0.0,4.518325434182365e-16,0.0008163243912768263,-1.6822206750998215e-14,0.0,0.0,0.4012075619820016,5.4972959449218785e-12
2010-03-23,0.0011353819366817558,-2.2869145275130996e-14,0.0,0.0,1.5093613835776223e-16,0.0011353819366817558,-2.3020081413488758e-14,0.0,0.0,0.40169597215333874,5.509169050058321e-12
2010-03-24,-0.00247683909664792,6.863000577981167e-14,5.8030723416144545e-06,7.136310713897203e-16,2.399379339534041e-16,-0.0024826421689895344,6.767643677446855e-14,0.028516934878574637,3.506861467883482e-12,0.3738575704663053,8.757734589299249e-12
2010-03-25,-0.00046248739487452195,4.184281767294816e-14,0.0,0.0,2.3865014273041214e-16,-0.00046248739487452195,4.160416753021775e-14,0.0,0.0,0.3723050315406621,8.710730209660044e-12
2010-03-26,0.0009153516780848235,-1.245474643146327e-14,0.0,0.0,2.3761365748545716e-16,0.0009153516780848235,-1.2692360088948726e-14,0.0,0.0,0.37201459620722727,8.672898498219185e-12
2010-03-29,0.0011504639931976316,-7.697092461844146e-14,0.0,0.0,7.132118106175891e-16,0.0011504639931976316,-7.768413642905905e-14,0.0,0.0,0.37258889801228545,8.677410362514e-12
2010-03-30,0.00012520831115606332,-1.577901099228059e-14,0.0,0.0,2.395704454898111e-16,0.00012520831115606332,-1.6018581437770402e-14,0.0,0.0,0.3733098824274745,8.744321260378104e-12
2010-03-31,-0.00044193447351001863,1.1245066316188987e-14,0.0,0.0,2.3997270058427263e-16,-0.00044193447351001863,1.1005093615604715e-14,0.0,0.0,0.3733883394152529,8.759003571325951e-12
2010-04-01,0.0013306009638109346,-1.03778884690191e-13,0.0,0.0,2.397705794604043e-16,0.0013306009638109346,-1.040186552696514e-13,0.0,0.0,0.3731112956857583,8.751626150304757e-12
2010-04-05,0.00032418640443375674,-8.136225705789107e-14,0.0,0.0,9.691657733887535e-16,0.00032418640443375674,-8.233142283127982e-14,0.0,0.0,0.3739443259690621,8.843637682172376e-12
2010-04-06,0.0008789848641546834,-3.4522613534789487e-15,0.0,0.0,2.4444130173359727e-16,0.0008789848641546834,-3.696702655212546e-15,0.0,0.0,0.3741472189318922,8.9221075132763e-12
2010-04-07,0.00019983274655944184,4.440120655612503e-14,0.0,0.0,2.4432112966146753e-16,0.00019983274655944184,4.415688542646356e-14,0.0,0.0,0.3746968509354296,8.917721232643564e-12
2010-04-08,8.680434633999322e-05,-5.8405972309189464e-15,0.0,0.0,2.4305608768339055e-16,8.680434633999322e-05,-6.083653318602337e-15,0.0,0.0,0.37482178201580196,8.871547200443755e-12
2010-04-09,0.0013706213429454037,-5.473641413829329e-14,0.0,0.0,2.4319499366342474e-16,0.0013706213429454037,-5.497960913195672e-14,0.0,0.0,0.3748760454920568,8.876617268715005e-12
2010-04-12,0.0003676323778363525,2.3965367958361614e-14,0.0,0.0,7.330790904966454e-16,0.0003676323778363525,2.323228886786497e-14,0.0,0.0,0.37573168097385934,8.919128934375852e-12
2010-04-13,0.0001424251318433755,-2.0886920330229957e-14,0.0,0.0,2.4361355117959937e-16,0.0001424251318433755,-2.1130533881409555e-14,0.0,0.0,0.37596109787929965,8.891894618055378e-12
2010-04-14,0.0013529954734779583,-7.653371986555915e-14,0.0,0.0,2.441510223306685e-16,0.0013529954734779583,-7.677787088788981e-14,0.0,0.0,0.37604996404544205,8.911512315069399e-12
2010-04-15,0.0008288715608383097,2.0756790754945126e-14,0.0,0.0,2.4591511453675125e-16,0.0008288715608383097,2.0510875640408374e-14,0.0,0.0,0.3768930249621896,8.975901680591422e-12
2010-04-16,-0.0025922265103707366,1.2367920378077866e-13,0.0,0.0,2.451432430754637e-16,-0.0025922265103707366,1.234340605377032e-13,0.0,0.0,0.3774090728757111,8.947728372254425e-12
2010-04-19,-0.00010160516526548306,2.1884668618712433e-14,0.0,0.0,7.27149250781795e-16,-0.00010160516526548306,2.115751936793064e-14,0.0,0.0,0.375790981710442,8.846982551178506e-12
2010-04-20,0.0015168355853762139,-6.327827576156509e-14,0.0,0.0,2.4180807258094717e-16,0.0015168355853762139,-6.352008383414603e-14,0.0,0.0,0.37572755240522554,8.825994649204572e-12
2010-04-21,0.0009896052734015461,6.7887488690629375e-16,0.0,0.0,2.431728707080024e-16,0.0009896052734015461,4.3570201619829134e-16,0.0,0.0,0.3766730369241674,8.875809780842086e-12
2010-04-22,-0.00016949696602234268,-3.1374342417317974e-14,3.848831995046979e-08,0.0,2.429138825368913e-16,-0.00016953545434229315,-3.161725629985486e-14,0.0001923233350112491,0.0,0.37709695140667526,8.866356712596534e-12
2010-04-23,0.0011431456705758868,-5.632943931081746e-14,0.0,0.0,2.438147888130279e-16,0.0011431456705758868,-5.657325409963049e-14,0.0,0.0,0.3769913678434954,8.899239791675516e-12
2010-04-26,-0.00024224118588541887,7.764606513364868e-15,0.0,0.0,7.352337041430289e-16,-0.00024224118588541887,7.029372809221839e-15,0.0,0.0,0.3777027442572303,8.945343400406849e-12
2010-04-27,-0.0027035204084854855,1.6497534286942783e-13,0.0,0.0,2.4492450323755287e-16,-0.0027035204084854855,1.6473041836619028e-13,0.0,0.0,0.37755196170627936,8.93974436817068e-12
2010-04-28,0.0006805409010260751,-2.881011147315889e-14,0.0,0.0,2.4105633154205025e-16,0.0006805409010260751,-2.905116780470094e-14,0.0,0.0,0.375864598911717,8.798556101284833e-12
2010-04-29,0.0019213601679908088,-8.00612320862546e-14,0.0,0.0,2.416811757395106e-16,0.0019213601679908088,-8.030291326199411e-14,0.0,0.0,0.3762890597170079,8.821362914492138e-12
2010-04-30,-0.0009311629027623323,8.248414214023924e-14,0.0,0.0,2.434069617120072e-16,-0.0009311629027623323,8.224073517852724e-14,0.0,0.0,0.3774851349826647,8.884354102488262e-12
2010-05-03,0.0017575892592290746,-6.584250392875733e-14,0.0,0.0,7.241156362216471e-16,0.0017575892592290746,-6.656661956497898e-14,0.0,0.0,0.3769049319703904,8.810073574030043e-12
2010-05-04,-0.004167654742658301,1.802690715073921e-13,0.0,0.0,2.4274912969475275e-16,-0.004167654742658301,1.8002632237769735e-13,0.0,0.0,0.37799815573112316,8.860343233858475e-12
2010-05-05,-0.0009465517892519369,8.817486421397188e-14,0.0,0.0,2.3880550993934596e-16,-0.0009465517892519369,8.793605870403254e-14,0.0,0.0,0.37539501781476337,8.716401112786128e-12
2010-05-06,-0.005358230326608605,-1.7721537557031835e-14,5.295057340878297e-06,1.6448691162274648e-15,2.543577410206846e-17,-0.005363525383949483,-1.939184244736137e-14,0.026342739321936846,8.183170749251508e-12,0.4000000000027744,9.284057547254987e-13
2010-05-07,-0.003048375535335649,5.875562732389392e-15,0.0,0.0,2.6061074915817943e-17,-0.003048375535335649,5.849501657473574e-15,0.0,0.0,0.39676985486432426,9.51229234427355e-13
2010-05-10,0.007802109439677916,9.41207588824324e-15,0.0,0.0,7.79378857272742e-17,0.007802109439677916,9.334138002515966e-15,0.0,0.0,0.3949253601351057,9.482442763485028e-13
2010-05-11,0.000544501967907933,-2.487546058872429e-15,0.0,0.0,2.5522302353481506e-17,0.000544501967907933,-2.5130683612259103e-15,0.0,0.0,0.3996096711870252,9.315640359020749e-13
2010-05-12,0.0036700783079785405,2.224498375957215e-15,0.0,0.0,2.5576527830564003e-17,0.0036700783079785405,2.198921848126651e-15,0.0,0.0,0.39993640699428756,9.33543265815586e-13
2010-05-13,-0.0021424684069593753,-2.114578911952305e-15,0.0,0.0,2.542228090787947e-17,-0.0021424684069593753,-2.1400011928601843e-15,0.0,0.0,0.40213063438403857,9.279132531376006e-13
2010-05-14,-0.002805708251068114,-2.2795660561745287e-15,0.0,0.0,2.5534922341090084e-17,-0.002805708251068114,-2.3051009785156187e-15,0.0,0.0,0.4008469679419212,9.32024665449788e-13
2010-05-17,0.00021977056152775934,1.0481614271097361e-15,0.0,0.0,7.700819113419362e-17,0.00021977056152775934,9.711532359755425e-16,0.0,0.0,0.39916118953383534,9.36932992132689e-13
2010-05-18,-0.0019486664097762647,-7.710020869987624e-16,0.0,0.0,2.5635046464747174e-17,-0.0019486664097762647,-7.966371334635096e-16,0.0,0.0,0.3992932072030013,9.356791959632718e-13
2010-05-19,-0.0023807644958826813,-4.4774118216431105e-15,0.0,0.0,2.570626274031942e-17,-0.0023807644958826813,-4.5031180843834295e-15,0.0,0.0,0.39812034453567063,9.382785900216588e-13
2010-05-20,-0.007184891014334154,-9.867114937964158e-15,1.0016885225197326e-07,0.0,2.5890570909349963e-17,-0.007184991183186406,-9.893005508873509e-15,0.0005005742940359173,0.0,0.39618341690809306,9.450058381912736e-13
2010-05-21,0.0019144352782067841,2.120233097656239e-15,0.0,0.0,2.6350228988415544e-17,0.0019144352782067841,2.0938828686678233e-15,0.0,0.0,0.3918137039017482,9.617833580771673e-13
2010-05-24,-0.0009059880947769766,2.0720519384243626e-15,0.0,0.0,7.872570596239637e-17,-0.0009059880947769766,1.993326232461966e-15,0.0,0.0,0.39297581242117324,9.578294225424893e-13
2010-05-25,-0.0007796432567951646,-1.3679197462900998e-15,0.0,0.0,2.6208878372990594e-17,-0.0007796432567951646,-1.3941286246630904e-15,0.0,0.0,0.3924253570279514,9.566240606141566e-13
2010-05-26,-0.001070325469965208,-1.162897895639099e-15,0.0,0.0,2.6266834386620528e-17,-0.001070325469965208,-1.1891647300257195e-15,0.0,0.0,0.39195129595604106,9.587394551116493e-13
2010-05-27,0.005304285994924613,5.644323028973893e-15,0.0,0.0,2.6326872925576222e-17,0.005304285994924613,5.6179961560483165e-15,0.0,0.0,0.39129978861622416,9.60930861783532e-13
2010-05-28,-0.0009539365807081893,-2.7890208056808775e-16,0.0,0.0,2.603414140682679e-17,-0.0009539365807081893,-3.0493622197491453e-16,0.0,0.0,0.3945114729304446,9.502461613491778e-13
2010-06-01,-0.00233773844005664,5.722460117754935e-16,0.0,0.0,1.0426659395699772e-16,-0.00233773844005664,4.679794178184958e-16,0.0,0.0,0.39393332375762896,9.514326698576042e-13
2010-06-02,0.003830595336472929,5.6768204768711636e-15,0.0,0.0,2.6112013574203754e-17,0.003830595336472929,5.65070846329696e-15,0.0,0.0,0.392513178463094,9.53088495458437e-13
2010-06-03,0.0006779273615838658,2.7986809008950473e-15,0.0,0.0,2.5857434876618628e-17,0.0006779273615838658,2.7728234660184286e-15,0.0,0.0,0.3948313347300545,9.437963729965799e-13
2010-06-04,-0.00414471846744437,9.407621686616351e-14,1.5212959531692298e-05,1.1308486110664298e-15,1.3989665236922957e-16,-0.0041599314269760625,9.280547160272785e-14,0.07524131718994775,5.593029999311122e-12,0.3999999999962745,5.106227811476878e-12
2010-06-07,-0.0012086327463664435,9.797367212411722e-15,0.0,0.0,4.136785396682629e-16,-0.0012086327463664435,9.38368867274346e-15,0.0,0.0,0.39750889125803995,5.033088899297201e-12
2010-06-08,0.0007615814578737771,-3.2191031819047555e-14,0.0,0.0,1.3779096420806351e-16,0.0007615814578737771,-3.2328822783255616e-14,0.0,0.0,0.3967798195947293,5.029370193594318e-12
2010-06-09,-0.0007845219088524157,8.07883622484325e-15,0.0,0.0,1.3856737993807516e-16,-0.0007845219088524157,7.940268844905174e-15,0.0,0.0,0.39723887129389174,5.0577093677397436e-12
2010-06-10,0.002732813188175868,-8.414299232809726e-14,0.0,0.0,1.38454662675563e-16,0.002732813188175868,-8.428144699077282e-14,0.0,0.0,0.3967656207071604,5.053595187658051e-12
2010-06-11,0.0014266125764221,-2.935422977341842e-14,0.0,0.0,1.4037632785654454e-16,0.0014266125764221,-2.9494606101274966e-14,0.0,0.0,0.3984096547366091,5.123735966763876e-12
2010-06-14,-5.38957855188029e-05,-7.729585339712897e-15,0.0,0.0,4.2293829090452427e-16,-5.38957855188029e-05,-8.152523630617421e-15,0.0,0.0,0.3992666684624683,5.145749206005045e-12
2010-06-15,0.00354166885423381,-8.510103664673576e-14,0.0,0.0,1.4119880978363885e-16,0.00354166885423381,-8.52422354565194e-14,0.0,0.0,0.39923428972260333,5.1537565571028174e-12
2010-06-16,0.00028136130481448685,6.540018473989023e-15,0.0,0.0,1.4302380208897392e-16,0.00028136130481448685,6.396994671900049e-15,0.0,0.0,0.4013544938664379,5.220368776247549e-12
2010-06-17,0.001544378750944382,-1.3995396488503677e-14,0.0,0.0,1.4280444385598794e-16,0.001544378750944382,-1.4138200932359665e-14,0.0,0.0,0.4015228821692098,5.2123622007435585e-12
2010-06-18,0.00026057445989015993,-7.384648116716076e-15,4.897029658616443e-07,4.597384551975488e-16,1.7470197273904033e-16,0.0002600847569242983,-8.019088544652666e-15,0.002445732284561692,2.296079992802902e-12,0.39999999999825236,6.376622004974973e-12
2010-06-21,-0.0012010350514038378,1.787631901158005e-14,0.0,0.0,5.24576441260368e-16,-0.0012010350514038378,1.735174257031968e-14,0.0,0.0,0.40015649985215007,6.382346702001144e-12
2010-06-22,-0.0018868479997690027,6.967287039983731e-14,0.0,0.0,1.745787267588189e-16,-0.0018868479997690027,6.94982916730785e-14,0.0,0.0,0.399435200477277,6.372123526696891e-12
2010-06-23,-0.0005222907829067138,9.788081129964102e-15,0.0,0.0,1.7299629871462494e-16,-0.0005222907829067138,9.615084831249478e-15,0.0,0.0,0.3982998838165677,6.314364903083809e-12
2010-06-24,-0.0023808420299428527,6.669670591349612e-14,0.0,0.0,1.7281839356239727e-16,-0.0023808420299428527,6.652388751993372e-14,0.0,0.0,0.3979854571696678,6.3078713650274995e-12
2010-06-25,0.0007843328242050526,-7.589935469232379e-14,0.0,0.0,1.713991608771705e-16,0.0007843328242050526,-7.607075385320096e-14,0.0,0.0,0.39654873503499066,6.256069372016723e-12
2010-06-28,0.00018557688805110912,4.1936645534333635e-14,0.0,0.0,5.200279107970066e-16,0.00018557688805110912,4.141661762353663e-14,0.0,0.0,0.39702167073095085,6.327006248030248e-12
2010-06-29,-0.004590504632308294,1.5268326854380305e-13,0.0,0.0,1.7216173849993465e-16,-0.004590504632308294,1.525111068053031e-13,0.0,0.0,0.39713354881085655,6.283903455247614e-12
2010-06-30,-0.0013700458390686623,2.4983708209942013e-14,0.0,0.0,1.6875329804854262e-16,-0.0013700458390686623,2.481495491189347e-14,0.0,0.0,0.394353324943407,6.159495378771806e-12
2010-07-01,-0.002390577683262491,9.66845164386022e-15,0.0,0.0,1.6829939077214687e-16,-0.002390577683262491,9.500152253088073e-15,0.0,0.0,0.39352242286235134,6.142927763183361e-12
2010-07-02,-0.0002789913896415674,-7.675255348834815e-17,6.906773780863759e-06,1.2509040121443203e-15,7.704536867714846e-19,-0.00028589816342243117,-1.32842701931944e-15,0.034076589416917435,6.171700966943475e-12,0.400000000000488,2.8121559567159185e-14
2010-07-06,0.00039191718966740736,-3.4323536359527315e-16,0.0,0.0,3.0911097284186834e-18,0.00039191718966740736,-3.463264733236918e-16,0.0,0.0,0.3998353207947336,2.8206376271820484e-14
2010-07-07,0.004510440725929306,-4.102483268556468e-16,0.0,0.0,7.818747105570888e-19,0.004510440725929306,-4.1103020156620386e-16,0.0,0.0,0.40007044350051546,2.853842693533374e-14
2010-07-08,0.0012470231306262304,-7.644971622632109e-17,0.0,0.0,7.8955315802567e-19,0.0012470231306262304,-7.723926938434675e-17,0.0,0.0,0.40276423999542166,2.881869026793696e-14
2010-07-09,0.0012546125350074535,1.1399613155928032e-16,0.0,0.0,7.906616973738685e-19,0.0012546125350074535,1.1320546986190644e-16,0.0,0.0,0.40350807921786874,2.88591519541462e-14
2010-07-12,3.900181546252834e-05,1.4724063098063182e-16,0.0,0.0,2.359655094202458e-18,3.900181546252834e-05,1.4488097588642936e-16,0.0,0.0,0.4042555077255377,2.870913697946324e-14
2010-07-13,0.0019734382043123362,-2.313533939000918e-16,0.0,0.0,7.824871897566289e-19,0.0019734382043123362,-2.3213588108984843e-16,0.0,0.0,0.40427874193611185,2.8560782426116955e-14
2010-07-14,0.0005764458371798558,-1.5319298878002344e-16,0.0,0.0,7.872720062502569e-19,0.0005764458371798558,-1.539802607862737e-16,0.0,0.0,0.4054520455836529,2.873542822813438e-14
2010-07-15,8.154474705812347e-05,-8.220385333959722e-18,0.0,0.0,7.910130982283825e-19,8.154474705812347e-05,-9.011398432188103e-18,0.0,0.0,0.4057945728285756,2.887197808533596e-14
2010-07-16,-0.003961520880605866,5.154206725160073e-16,0.0,0.0,7.911737981976762e-19,-0.003961520880605866,5.146294987178097e-16,0.0,0.0,0.40584302320896076,2.8877843634215184e-14
2010-07-19,0.0007762698695843485,3.130218375341959e-17,6.968996036376849e-07,7.01558917075667e-18,3.987178237019448e-18,0.0007755729699807109,2.029941634564347e-17,0.0034798963628082003,3.5031621643689756e-14,0.4000000000011597,4.851066855040328e-14
2010-07-20,0.002266197480508693,-2.255907540064665e-16,0.0,0.0,1.327172499147539e-18,0.002266197480508693,-2.2691792650561403e-16,0.0,0.0,0.4004656795143079,4.844179621888517e-14
2010-07-21,-0.0014022485264719396,6.105024774189291e-16,0.0,0.0,1.3303382585407268e-18,-0.0014022485264719396,6.091721391603883e-16,0.0,0.0,0.40182127064366907,4.855734643673653e-14
2010-07-22,0.003208754151395101,-5.810462496103611e-16,0.0,0.0,1.3154567605731254e-18,0.003208754151395101,-5.823617063709342e-16,0.0,0.0,0.40098129755083034,4.801417176091908e-14
2010-07-23,0.0009996361020321737,-6.019415219783059e-16,0.0,0.0,1.3271174423025398e-18,0.0009996361020321737,-6.032686394206084e-16,0.0,0.0,0.402897253467576,4.8439786644042704e-14
2010-07-26,0.0010523448864469278,-1.2150037368538515e-16,0.0,0.0,4.0268016362583495e-18,0.0010523448864469278,-1.255271753216435e-16,0.0,0.0,0.4034935428572314,4.8992753241143247e-14
2010-07-27,-0.00011780872474568745,-6.130444295007381e-17,0.0,0.0,1.3441814469751788e-18,-0.00011780872474568745,-6.264862439704899e-17,0.0,0.0,0.40412061348257217,4.9062622814594024e-14
2010-07-28,-0.0006876807109024649,-2.6172995998076385e-16,0.0,0.0,1.3460195936064385e-18,-0.0006876807109024649,-2.630759795743703e-16,0.0,0.0,0.4040504054208222,4.9129715166635004e-14
2010-07-29,-0.0014102534972752518,-1.8247152489175688e-16,0.0,0.0,1.3541214806639997e-18,-0.0014102534972752518,-1.8382564637242087e-16,0.0,0.0,0.40364030035861914,4.9425434044235986e-14
2010-07-30,0.0005291740599649325,6.854301348561083e-17,0.0,0.0,1.3610401121020718e-18,0.0005291740599649325,6.718197337350875e-17,0.0,0.0,0.4027980942825018,4.9677964091725625e-14
2010-08-02,0.0009673515457618694,-5.61203560898148e-15,2.305028499352167e-05,6.811006360535444e-17,2.7348073408450784e-17,0.0009443012607683477,-5.7074937459952846e-15,0.11355484681583827,3.3553718930142276e-13,0.4000000000040832,3.3273489313615124e-13
2010-08-03,0.00014606712251863307,1.4280681317137998e-15,0.0,0.0,9.261033663964818e-18,0.00014606712251863307,1.418807098049835e-15,0.0,0.0,0.4005890747814813,3.3802772873471585e-13
2010-08-04,0.0005508117523103597,-1.181141960075718e-15,0.0,0.0,9.220561688757394e-18,0.0005508117523103597,-1.1903625217644754e-15,0.0,0.0,0.40067661622360706,3.365505016396449e-13
2010-08-05,5.6257195351499395e-05,7.819067829773965e-16,0.0,0.0,9.24782793015084e-18,5.6257195351499395e-05,7.726589550472457e-16,0.0,0.0,0.4010065488560546,3.375457194505055e-13
2010-08-06,0.0006305741153871022,-1.241739763956044e-15,0.0,0.0,9.225886803991392e-18,0.0006305741153871022,-1.2509656507600354e-15,0.0,0.0,0.4010402446520187,3.367448683456858e-13
2010-08-09,0.0006179084148975998,-1.1834203400226405e-15,0.0,0.0,2.776221508027572e-17,0.0006179084148975998,-1.2111825551029162e-15,0.0,0.0,0.4014176951593804,3.377736168100212e-13
2010-08-10,-0.0003162209283719128,-3.792170679639882e-16,0.0,0.0,9.280759509097053e-18,-0.0003162209283719128,-3.8849782747308525e-16,0.0,0.0,0.40178733579848935,3.3874772208204243e-13
2010-08-11,-0.0016646388186935257,7.650288997430496e-15,0.0,0.0,9.29408800294506e-18,-0.0016646388186935257,7.64099490942755e-15,0.0,0.0,0.40159810859685036,3.392342121074947e-13
2010-08-12,-0.0008511765327736272,2.9874346488073756e-16,0.0,0.0,9.099638655853899e-18,-0.0008511765327736272,2.8964382622488367e-16,0.0,0.0,0.4006003246293132,3.321368109386672e-13
2010-08-13,0.000532051662377895,8.077702791552432e-17,0.0,0.0,9.09919892798595e-18,0.000532051662377895,7.167782898753837e-17,0.0,0.0,0.40008969505597547,3.321207608714871e-13
2010-08-16,0.002095035110058022,0.0,2.2615936372652253e-06,6.66136470014651e-17,0.0,0.002092773516420757,-6.66136470014651e-17,0.011267063468341915,3.3186341536174595e-13,0.40000000000542596,0.0
2010-08-17,0.00043015253941975474,0.0,0.0,0.0,0.0,0.00043015253941975474,0.0,0.0,0.0,0.4012552986531393,0.0
2010-08-18,0.0007109783724224361,0.0,0.0,0.0,0.0,0.0007109783724224361,0.0,0.0,0.0,0.4015127394680676,0.0
2010-08-19,-0.0003719260309810419,0.0,0.0,0.0,0.0,-0.0003719260309810419,0.0,0.0,0.0,0.4019379486519425,0.0
2010-08-20,9.314540316137453e-05,0.0,0.0,0.0,0.0,9.314540316137453e-05,0.0,0.0,0.0,0.4017154310468146,0.0
2010-08-23,-0.0005940634974531737,0.0,0.0,0.0,0.0,-0.0005940634974531737,0.0,0.0,0.0,0.4017711533139219,0.0
2010-08-24,4.523261472819917e-05,0.0,0.0,0.0,0.0,4.523261472819917e-05,0.0,0.0,0.0,0.40141555614568475,0.0
2010-08-25,0.000766363113460124,0.0,0.0,0.0,0.0,0.000766363113460124,0.0,0.0,0.0,0.4014426304605739,0.0
2010-08-26,-0.0003474938745742424,0.0,0.0,0.0,0.0,-0.0003474938745742424,0.0,0.0,0.0,0.40190099147890146,0.0
2010-08-27,-0.0009674556699579176,0.0,0.0,0.0,0.0,-0.0009674556699579176,0.0,0.0,0.0,0.401693083490299,0.0
2010-08-30,0.0005289711133040212,0.0,2.825106459708154e-07,0.0,0.0,0.0005286886026580503,0.0,0.0014100688946646137,0.0,0.40000000000408675,0.0
2010-08-31,0.0009053983976072491,0.0,0.0,0.0,0.0,0.0009053983976072491,0.0,0.0,0.0,0.40031732790867885,0.0
2010-09-01,0.0006433263226866792,0.0,0.0,0.0,0.0,0.0006433263226866792,0.0,0.0,0.0,0.40085978849611664,0.0
2010-09-02,0.00031157574634665817,0.0,0.0,0.0,0.0,0.00031157574634665817,0.0,0.0,0.0,0.4012449833591623,0.0
2010-09-03,-5.934542430619751e-05,0.0,0.0,0.0,0.0,-5.934542430619751e-05,0.0,0.0,0.0,0.40143148279165125,0.0
2010-09-07,0.0013737755979245302,0.0,0.0,0.0,0.0,0.0013737755979245302,0.0,0.0,0.0,0.4013959583808099,0.0
2010-09-08,-0.00011193048495559491,0.0,0.0,0.0,0.0,-0.00011193048495559491,0.0,0.0,0.0,0.402217177834759,0.0
2010-09-09,-0.0013849950779824046,0.0,0.0,0.0,0.0,-0.0013849950779824046,0.0,0.0,0.0,0.40215026022345524,0.0
2010-09-10,0.00011876665658823342,0.0,0.0,0.0,0.0,0.00011876665658823342,0.0,0.0,0.0,0.40132109288380746,0.0
2010-09-13,0.001798554356763323,0.0,0.0,0.0,0.0,0.001798554356763323,0.0,0.0,0.0,0.4013921875323019,0.0
2010-09-14,0.0015599939993210707,-2.7386537309535322e-15,2.1688787838012496e-05,2.215681094660498e-16,2.9773200979266214e-17,0.0015383052114830583,-2.989995041398848e-15,0.10637667754249447,1.086721835743217e-12,0.39999999999306823,1.086721835743217e-12
2010-09-15,-0.001800170365813706,-1.0171780236421279e-15,0.0,0.0,2.980238742045001e-17,-0.001800170365813706,-1.046980411062578e-15,0.0,0.0,0.40094322094610035,1.0877871408464255e-12
2010-09-16,-0.0004955481077761677,1.29194783726345e-15,0.0,0.0,2.9884051695781916e-17,-0.0004955481077761677,1.262063785567668e-15,0.0,0.0,0.39986287187262126,1.0907678868960398e-12
2010-09-17,0.0006379477089578098,1.867849823929386e-15,0.0,0.0,2.986345464306401e-17,0.0006379477089578098,1.8379863692863222e-15,0.0,0.0,0.3995653276068731,1.0900160944718363e-12
2010-09-20,0.000983249894543035,-8.15771460189056e-15,0.0,0.0,8.93798223729453e-17,0.000983249894543035,-8.247094424263505e-15,0.0,0.0,0.39994812932302654,1.0874545055375012e-12
2010-09-21,0.0017345991503350535,2.2300077011182555e-16,0.0,0.0,2.998728815658653e-17,0.0017345991503350535,1.9301348195523903e-16,0.0,0.0,0.4005375507130737,1.0945360177154087e-12
2010-09-22,0.00033061185199811694,-1.3462174423574862e-15,0.0,0.0,2.992926327180505e-17,0.00033061185199811694,-1.3761467056292912e-15,0.0,0.0,0.40157557720838777,1.0924181094208844e-12
2010-09-23,0.0002487021203639373,5.104012370656735e-15,0.0,0.0,2.995624205279474e-17,0.0002487021203639373,5.0740561286039404e-15,0.0,0.0,0.40177335802640574,1.0934028349270082e-12
2010-09-24,-0.00033659741270866006,-1.5237596167680205e-14,0.0,0.0,2.980899253778408e-17,-0.00033659741270866006,-1.526740516021799e-14,0.0,0.0,0.4019221012679612,1.0880282276291188e-12
2010-09-27,0.0014843829722377862,4.4100747159228854e-15,0.0,0.0,9.070991550068503e-17,0.0014843829722377862,4.319364800422201e-15,0.0,0.0,0.4017207220109189,1.1036373052583348e-12
2010-09-28,0.0010185961828912168,-1.2657270739043429e-15,3.5668085763454692e-06,2.493574416399498e-16,6.879446713205614e-18,0.0010150293743148714,-1.5219639622574983e-15,0.01766025383615848,1.2346375256865085e-12,0.40000000000664093,2.5109980503200497e-13
2010-09-29,-0.0004904504148231499,-1.3655957106542597e-15,0.0,0.0,6.907113244450361e-18,-0.0004904504148231499,-1.37250282389871e-15,0.0,0.0,0.4006119632791025,2.5210963342243813e-13
2010-09-30,4.6421117456432453e-05,1.2774827409535742e-15,0.0,0.0,6.947934442893868e-18,4.6421117456432453e-05,1.2705348065106803e-15,0.0,0.0,0.40031784891934347,2.535996071656261e-13
2010-10-01,-0.0004985478751485293,-1.7794318304120377e-15,0.0,0.0,6.912614024476884e-18,-0.0004985478751485293,-1.7863444444365144e-15,0.0,0.0,0.4003456855427076,2.5231041189340625e-13
2010-10-04,-0.0001425765923848377,3.495183243651308e-15,0.0,0.0,2.0894513659810818e-17,-0.0001425765923848377,3.4742887299914974e-15,0.0,0.0,0.40004658003999916,2.5421658286103163e-13
2010-10-05,0.001282518516429078,-6.4771356351234885e-15,0.0,0.0,6.870058951166779e-18,0.001282518516429078,-6.484005694074655e-15,0.0,0.0,0.39996102852814736,2.507571517175875e-13
2010-10-06,0.0013574746208710273,-1.9204384276300966e-15,0.0,0.0,7.038487731149268e-18,0.0013574746208710273,-1.927476915361246e-15,0.0,0.0,0.4007296039074863,2.5690480218694825e-13
2010-10-07,-0.00020283169978560343,2.1319356447393136e-16,0.0,0.0,7.081489540262333e-18,-0.00020283169978560343,2.0611207493366903e-16,0.0,0.0,0.4015419954603068,2.5847436821957513e-13
2010-10-08,0.001366369096285332,-2.0569892200204004e-15,0.0,0.0,7.077084077680704e-18,0.001366369096285332,-2.064066304098081e-15,0.0,0.0,0.40142058458002033,2.583135688353457e-13
2010-10-11,0.00032857572412416835,-1.362875587601971e-16,0.0,0.0,2.137111900360756e-17,0.00032857572412416835,-1.5765867776380465e-16,0.0,0.0,0.4022373489932704,2.600152812105586e-13
2010-10-12,-0.0004899931473651344,-1.4388700260698134e-15,4.87965269197972e-07,5.96585148661812e-16,8.864371009934784e-17,-0.0004904811126343324,-2.1240988848309733e-15,0.0024336947763958718,2.9754293012697077e-12,0.39999999999832614,3.2354954186261956e-12
2010-10-13,0.0008504603463116397,-3.298019014589585e-14,0.0,0.0,8.872664994193652e-17,0.0008504603463116397,-3.3068916795837784e-14,0.0,0.0,0.39970605512160456,3.2385227228806827e-12
2010-10-14,-0.0010074362523359442,-1.179239073386062e-15,0.0,0.0,8.955405462294346e-17,-0.0010074362523359442,-1.2687931280090055e-15,0.0,0.0,0.4002161475045232,3.2687229937374357e-12
2010-10-15,-0.0008873534639181474,5.58616041697338e-15,0.0,0.0,8.967670610748511e-17,-0.0008873534639181474,5.4964837108658946e-15,0.0,0.0,0.3996112941567642,3.2731997729232065e-12
2010-10-18,0.0011875163503981777,-9.115200064300391e-15,0.0,0.0,2.688095109004576e-16,0.0011875163503981777,-9.384009575200849e-15,0.0,0.0,0.3990780639953039,3.2705157159555676e-12
2010-10-19,-0.0006781741354494967,5.756033855715313e-14,0.0,0.0,8.974632657856412e-17,-0.0006781741354494967,5.747059223057456e-14,0.0,0.0,0.3997908222075952,3.2757409201175895e-12
2010-10-20,0.0006902778766215249,-4.030587931629173e-14,0.0,0.0,8.82291657398478e-17,0.0006902778766215249,-4.039410848203158e-14,0.0,0.0,0.3993834996316983,3.220364549504444e-12
2010-10-21,-0.0012569554914808043,1.7733736280437108e-14,0.0,0.0,8.927181404780812e-17,-0.0012569554914808043,1.76444644663893e-14,0.0,0.0,0.3997978059277821,3.2584212127449958e-12
2010-10-22,0.0006096428969502819,-5.315836928560564e-15,0.0,0.0,8.88976987098748e-17,0.0006096428969502819,-5.4047346272704384e-15,0.0,0.0,0.39904242900877074,3.24476600291043e-12
2010-10-25,0.001063780340724653,-1.557557245059526e-14,0.0,0.0,2.6696725953984637e-16,0.001063780340724653,-1.5842539710135107e-14,0.0,0.0,0.39940857530480756,3.248101657734798e-12
2010-10-26,-0.0011623014631097358,7.770624516773269e-16,1.6321370942637753e-05,6.106686091050125e-16,6.055255711933022e-18,-0.0011786228340523737,1.603385868603814e-16,0.08122864569209583,3.039192250369832e-12,0.40000000000480973,2.210168334855553e-13
2010-10-27,-0.0012909678062962928,8.0113362525692125e-16,0.0,0.0,6.041086492177452e-18,-0.0012909678062962928,7.950925387647438e-16,0.0,0.0,0.39930833246016484,2.20499656964477e-13
2010-10-28,0.0010134368277894522,-4.6824819357721195e-17,0.0,0.0,6.0269181830775866e-18,0.0010134368277894522,-5.285173754079878e-17,0.0,0.0,0.3985318564503291,2.1998251368233193e-13
2010-10-29,0.0013255891556071516,3.271341478112562e-16,0.0,0.0,6.022098038907624e-18,0.0013255891556071516,3.211120497723486e-16,0.0,0.0,0.39914078930276614,2.1980657842012828e-13
2010-11-01,-0.00042630872236610847,8.763784111817847e-16,0.0,0.0,1.801552519371724e-17,-0.00042630872236610847,8.583628859880674e-16,0.0,0.0,0.3999362273324868,2.191888898568931e-13
2010-11-02,0.000963805018840663,-2.0004961634238937e-15,0.0,0.0,5.983715607298319e-18,0.000963805018840663,-2.006479879031192e-15,0.0,0.0,0.39968030581064545,2.1840561966638866e-13
2010-11-03,-0.0011066644924376996,-5.61966837404231e-16,0.0,0.0,6.032709365800773e-18,-0.0011066644924376996,-5.679995467700317e-16,0.0,0.0,0.40025833983272313,2.201938918517282e-13
2010-11-04,0.0028055010522448085,-6.125825120549154e-15,0.0,0.0,6.0548063567140425e-18,0.0028055010522448085,-6.131879926905868e-15,0.0,0.0,0.39959389171163806,2.2100043202006255e-13
2010-11-05,-0.0009918617382642465,-1.5249845669914081e-15,0.0,0.0,6.2052284071090406e-18,-0.0009918617382642465,-1.5311897953985171e-15,0.0,0.0,0.4012736192029733,2.2649083685948e-13
2010-11-08,0.0007917879051817074,-3.762530595022979e-16,0.0,0.0,1.8759633381188785e-17,0.0007917879051817074,-3.950126928834867e-16,0.0,0.0,0.40067917580851337,2.2824220613779687e-13
2010-11-09,-0.00295105316975542,-4.225802406864254e-15,1.1567659898644585e-05,1.477454421897208e-16,1.3594338744506905e-17,-0.0029626208296540646,-4.387142187798482e-15,0.0567346393146145,7.246309492548457e-13,0.40000000001870967,4.96193364174502e-13
2010-11-10,-0.00012587744633996744,4.461993499614138e-16,0.0,0.0,1.375085271559493e-17,-0.00012587744633996744,4.324484972458189e-16,0.0,0.0,0.3982287476316567,5.019061241192149e-13
2010-11-11,-0.00123239590429757,-3.569585758367058e-15,0.0,0.0,1.3740357677006132e-17,-0.00123239590429757,-3.583326116044064e-15,0.0,0.0,0.3981529886667826,5.015230552107238e-13
2010-11-12,-0.00262794893099625,6.700307502647614e-16,0.0,0.0,1.3855229675403501e-17,-0.00262794893099625,6.561755205893578e-16,0.0,0.0,0.39741035966205934,5.057158831522278e-13
2010-11-15,-0.0031705918490848874,-4.031237382592311e-15,0.0,0.0,4.161999322233748e-17,-0.0031705918490848874,-4.072857375814648e-15,0.0,0.0,0.3958226123420312,5.06376584205106e-13
2010-11-16,-0.0005411207678013388,-2.9207181482196737e-15,0.0,0.0,1.4028253801068162e-17,-0.0005411207678013388,-2.934746402020742e-15,0.0,0.0,0.39390091953778156,5.120312637389878e-13
2010-11-17,-0.0001761168774431785,4.495490009352902e-16,0.0,0.0,1.4115911889441724e-17,-0.0001761168774431785,4.3543308904584847e-16,0.0,0.0,0.39357276916901973,5.152307839646229e-13
2010-11-18,0.001660553285390091,3.5974361706109785e-15,0.0,0.0,1.4106079797184034e-17,0.001660553285390091,3.583330090813794e-15,0.0,0.0,0.39346594828576864,5.148719125972172e-13
2010-11-19,0.0005921786121360451,1.5711666521388098e-15,0.0,0.0,1.39842982297295e-17,0.0005921786121360451,1.5571823539090803e-15,0.0,0.0,0.39447146069111416,5.104268853851268e-13
2010-11-22,0.001208800563992126,-1.5702367914948447e-15,0.0,0.0,4.179900522717703e-17,0.001208800563992126,-1.6120357967220217e-15,0.0,0.0,0.3948298295227728,5.085545635973206e-13
2010-11-23,-0.0003884353178647389,1.260314837846743e-14,4.5761276861646225e-06,2.4762072722198016e-16,4.319199534910435e-17,-0.0003930114455509035,1.2312335655896345e-14,0.022681262613487355,1.227315129261978e-12,0.3999999999974756,1.576507830242309e-12
2010-11-24,-0.0011400362685669782,-1.7283098463191533e-14,0.0,0.0,4.2863549478249354e-17,-0.0011400362685669782,-1.7325962012669783e-14,0.0,0.0,0.39976867834576846,1.5645195559561013e-12
2010-11-26,-0.00016943417337921175,8.385154752442357e-15,0.0,0.0,8.677304246591877e-17,-0.00016943417337921175,8.298381709976438e-15,0.0,0.0,0.3990836118689297,1.5836080250030175e-12
2010-11-29,0.0002437162692113084,-2.1493499508256776e-15,0.0,0.0,1.2949231332037285e-16,0.0002437162692113084,-2.2788422641460503e-15,0.0,0.0,0.39898177884343894,1.5754898120645365e-12
2010-11-30,0.0009273866044482062,4.340378143002236e-15,0.0,0.0,4.3212459160816885e-17,0.0009273866044482062,4.297165683841419e-15,0.0,0.0,0.3991282210716746,1.5772547593698164e-12
2010-12-01,-0.0007647450168555985,-1.873934550245505e-14,0.0,0.0,4.305361734314833e-17,-0.0007647450168555985,-1.87823991197982e-14,0.0,0.0,0.3996849452119318,1.571457033024914e-12
2010-12-02,0.00016212086544686752,-1.1078810627775014e-14,0.0,0.0,4.3600367232818183e-17,0.00016212086544686752,-1.1122410995007833e-14,0.0,0.0,0.39922550591133116,1.5914134039978634e-12
2010-12-03,0.0013749869436065656,-1.1284366076538855e-15,0.0,0.0,4.389677970719741e-17,0.0013749869436065656,-1.172333387361083e-15,0.0,0.0,0.3993228882045539,1.6022324593127054e-12
2010-12-06,0.0011011461735696405,-4.03969148001462e-15,0.0,0.0,1.3160213611700852e-16,0.0011011461735696405,-4.171293616131628e-15,0.0,0.0,0.40014767731633644,1.6011593227569368e-12
2010-12-07,-0.003668633737026134,3.768411547076448e-16,0.0,0.0,4.39296821831321e-17,-0.003668633737026134,3.329114725245127e-16,0.0,0.0,0.40080747587151383,1.6034333996843217e-12
2010-12-08,-0.0018144158330245855,-2.7420330368635637e-16,1.631293510897119e-05,2.822049290157364e-16,1.7349763342775315e-17,-0.0018307287681335568,-5.737579960448681e-16,0.07909310065938556,1.3682677401776342e-12,0.4000000000078334,6.332663620112989e-13
2010-12-09,0.0005736079562204102,-5.494751651552848e-16,0.0,0.0,1.7389110506911658e-17,0.0005736079562204102,-5.668642756621965e-16,0.0,0.0,0.3989158909724779,6.347025335022755e-13
2010-12-10,-0.0005654520022798397,0.0,0.0,0.0,1.7394187176868875e-17,-0.0005654520022798397,-1.7394187176868875e-17,0.0,0.0,0.3992604799408002,6.348878319557139e-13
2010-12-13,0.001116647798166817,6.869044461475118e-15,0.0,0.0,5.221208495858966e-17,0.001116647798166817,6.816832376516529e-15,0.0,0.0,0.39892059838963057,6.352470336628409e-13
2010-12-14,-0.00178937975556147,-1.0979039482416247e-15,0.0,0.0,1.7196632738501914e-17,-0.00178937975556147,-1.1151005809801266e-15,0.0,0.0,0.3995910437286478,6.276770949553198e-13
2010-12-15,-0.0020493880605519715,-6.5986672514782355e-15,0.0,0.0,1.7257592685709263e-17,-0.0020493880605519715,-6.615924844163945e-15,0.0,0.0,0.3985147582137268,6.299021330283881e-13
2010-12-16,0.0014978625857975571,1.652975933886227e-15,0.0,0.0,1.7474189485158174e-17,0.0014978625857975571,1.635501744401069e-15,0.0,0.0,0.3972795501198947,6.378079162082733e-13
2010-12-17,0.001828847281498647,-2.750923256008408e-15,0.0,0.0,1.7402835417212618e-17,0.001828847281498647,-2.7683260914256204e-15,0.0,0.0,0.3981809922949573,6.352034927282605e-13
2010-12-20,-2.9900550281663804e-05,-1.3728880161532035e-15,0.0,0.0,5.233888969681508e-17,-2.9900550281663804e-05,-1.4252269058500186e-15,0.0,0.0,0.39927961813227814,6.367898246445835e-13
2010-12-21,0.0004862749285217269,-1.3731171571398255e-15,0.0,0.0,1.7484432730070614e-17,0.0004862749285217269,-1.390601589869896e-15,0.0,0.0,0.39926165572520955,6.381817946475773e-13
2010-12-22,5.16883921687276e-05,-5.385632734447047e-16,2.1075851548627013e-05,1.2620976573024802e-16,2.1424980973050696e-17,3.0612540620100584e-05,-6.861980201480035e-16,0.1031907396542048,6.179431966124582e-13,0.43636289809835926,7.820118055163503e-13
2010-12-23,0.0003227492291544771,1.7833879914264604e-15,0.0,0.0,2.143907982652523e-17,0.0003227492291544771,1.7619489115999351e-15,0.0,0.0,0.43640122714023577,7.825264136681709e-13
2010-12-27,0.0003411624780559301,-3.2805270563550297e-16,0.0,0.0,8.553327372805565e-17,0.0003411624780559301,-4.135859793635586e-16,0.0,0.0,0.43658306952024006,7.804911227685077e-13
2010-12-28,-0.000148696539830807,9.59130991787061e-16,0.0,0.0,2.1385010414227625e-17,-0.000148696539830807,9.377459813728334e-16,0.0,0.0,0.436775220681655,7.805528801193083e-13
2010-12-29,0.0026273764798890277,2.6429026423363456e-15,0.0,0.0,2.13619092948051e-17,0.0026273764798890277,2.6215407330415406e-15,0.0,0.0,0.4366914586506988,7.79709689260386e-13
2010-12-30,-0.0005174361378504033,3.3797596790858336e-16,0.0,0.0,2.1233712047619532e-17,-0.0005174361378504033,3.167422558609638e-16,0.0,0.0,0.438167603873919,7.750304897381128e-13
2010-12-31,0.002152732909752913,3.420051721840796e-15,0.0,0.0,2.1235440416334965e-17,0.002152732909752913,3.398816281424461e-15,0.0,0.0,0.43787674098577867,7.750935751962261e-13
2011-01-03,-0.00037389343528632655,-3.3831623151274613e-15,0.0,0.0,6.32889768442064e-17,-0.00037389343528632655,-3.4464512919716675e-15,0.0,0.0,0.43908424279590935,7.700158849378444e-13
2011-01-04,-0.0008486172868200409,-2.1421994962890682e-15,0.0,0.0,2.1196940390092193e-17,-0.0008486172868200409,-2.1633964366791605e-15,0.0,0.0,0.4388744416332662,7.73688324238365e-13
2011-01-05,-0.001876052868086155,-2.225205646446324e-15,0.0,0.0,2.1273684003250347e-17,-0.001876052868086155,-2.2464793304495745e-15,0.0,0.0,0.43839785634584705,7.764894661186377e-13
2011-01-06,-0.001197402502751989,-4.111851490190949e-15,1.3727006764347782e-05,1.0282284342647878e-16,1.6200805234667757e-17,-0.001211129509516337,-4.230875138852095e-15,0.06442969985113939,4.826139488045555e-13,0.4989848477284914,5.913293910653731e-13
2011-01-07,0.0014650688750801099,-1.6943090620166001e-15,0.0,0.0,1.6333240369550098e-17,0.0014650688750801099,-1.7106423023861503e-15,0.0,0.0,0.4983910613474184,5.961632734885786e-13
2011-01-10,0.0010508021171897247,1.9556401192390292e-15,0.0,0.0,4.906709271738931e-17,0.0010508021171897247,1.90657302652164e-15,0.0,0.0,0.49912487789911136,5.969829613949033e-13
2011-01-11,0.001431602814176621,2.446811312979841e-16,0.0,0.0,1.6285006072254888e-17,0.001431602814176621,2.2839612522572923e-16,0.0,0.0,0.49965064605956555,5.944027216373033e-13
2011-01-12,0.0027756794229463503,5.6918303975314696e-15,0.0,0.0,1.6255031730446745e-17,0.0027756794229463503,5.675575365801023e-15,0.0,0.0,0.5003659236093847,5.933086581613062e-13
2011-01-13,0.0005267245506038379,6.152832383586218e-15,0.0,0.0,1.605452894596975e-17,0.0005267245506038379,6.1367778546402486e-15,0.0,0.0,0.50174890891038,5.859903065278958e-13
2011-01-14,9.290674281459661e-05,1.1918449649749808e-15,0.0,0.0,1.587759507660302e-17,9.290674281459661e-05,1.1759673698983779e-15,0.0,0.0,0.5020112118310308,5.795322202960102e-13
2011-01-18,0.0014400139006694205,-4.8135229851878645e-17,0.0,0.0,6.337387929886024e-17,0.0014400139006694205,-1.115091091507389e-16,0.0,0.0,0.5020574740492254,5.782866486020997e-13
2011-01-19,-0.0005667668466809991,3.200712458437887e-15,0.0,0.0,1.5822004691443525e-17,-0.0005667668466809991,3.1848904537464435e-15,0.0,0.0,0.5027734871395259,5.775031712376887e-13
2011-01-20,-0.0019310043551648117,-1.6199043725772407e-15,0.0,0.0,1.5743236683769317e-17,-0.0019310043551648117,-1.63564760926101e-15,0.0,0.0,0.502491515824751,5.746281389575801e-13
2011-01-21,0.0024172248166157684,2.478123386417883e-15,3.000206107116214e-05,3.8507682520149603e-17,1.743635064601762e-17,0.002387222755544606,2.422179353251716e-15,0.14324328443887818,1.8385293287792592e-13,0.6382856816506983,6.364267985796433e-13
2011-01-24,0.0007302784266424415,1.9578536782800325e-16,0.0,0.0,5.198127967013575e-17,0.0007302784266424415,1.4380408815786751e-16,0.0,0.0,0.6391770484723773,6.324389026533182e-13
2011-01-25,-0.001070899675958998,3.942208855756655e-16,0.0,0.0,1.7309088786572687e-17,-0.001070899675958998,3.769117967890928e-16,0.0,0.0,0.6394403574008856,6.317817407099031e-13
2011-01-26,0.005683173775472304,-4.3781853022141516e-16,0.0,0.0,1.7316832805004645e-17,0.005683173775472304,-4.551353630264198e-16,0.0,0.0,0.6390538202539566,6.320643973826695e-13
2011-01-27,-0.0021611738304630067,1.0425496680657892e-15,0.0,0.0,1.7230901624987028e-17,-0.0021611738304630067,1.025318766440802e-15,0.0,0.0,0.6410935479898687,6.289279093120266e-13
2011-01-28,-0.000399982215684002,-3.2227785162925874e-15,0.0,0.0,1.7239596384937338e-17,-0.000399982215684002,-3.2400181126775246e-15,0.0,0.0,0.6403162087930698,6.292452680502128e-13
2011-01-31,0.00535129435785753,3.580111423409557e-15,0.0,0.0,5.200447592576717e-17,0.00535129435785753,3.52810694748379e-15,0.0,0.0,0.6401722841060041,6.327211237635006e-13
2011-02-01,0.005249066748227581,3.679234462361891e-15,0.0,0.0,1.7144992164277812e-17,0.005249066748227581,3.662089470197613e-15,0.0,0.0,0.6420875788260371,6.257922139961401e-13
2011-02-02,0.0008860707241166555,-2.9104395467849616e-16,0.0,0.0,1.6955192284075306e-17,0.0008860707241166555,-3.079991469625715e-16,0.0,0.0,0.6439564750537521,6.188645183687486e-13
2011-02-03,-0.0013806171858961457,-3.445229330507287e-15,0.0,0.0,1.6948148832544313e-17,-0.0013806171858961457,-3.4621774793398313e-15,0.0,0.0,0.6442716755078237,6.186074323878675e-13
2011-02-04,-0.002126860027346262,-7.4798748288742745e-16,1.5230481884076748e-05,2.0285757782441366e-17,1.7373312827358892e-17,-0.0021420905092303386,-7.856465534972277e-16,0.07493631457508805,9.980904991380157e-14,0.7000000000022777,6.341259181985996e-13
2011-02-07,0.0013801029496082026,-1.3534506059245695e-16,0.0,0.0,5.2293434174367723e-17,0.0013801029496082026,-1.8763849476682468e-16,0.0,0.0,0.6993712565059218,6.362367824548072e-13
2011-02-08,0.00022978945338256456,4.584272418303183e-16,0.0,0.0,1.7410824078974585e-17,0.00022978945338256456,4.410164177513437e-16,0.0,0.0,0.6997855833079136,6.354950788825724e-13
2011-02-09,-0.00019564727475875591,1.2106698526902125e-15,0.0,0.0,1.73942674093135e-17,-0.00019564727475875591,1.1932755852808991e-15,0.0,0.0,0.6998545535659845,6.348907604399427e-13
2011-02-10,-0.00026426524473181654,-4.218052085196137e-15,0.0,0.0,1.7364495688512487e-17,-0.00026426524473181654,-4.2354165808846495e-15,0.0,0.0,0.6997958194361852,6.338040926307058e-13
2011-02-11,0.00022464090253702186,-4.692306549278287e-15,0.0,0.0,1.7484679352407974e-17,0.00022464090253702186,-4.7097912286306946e-15,0.0,0.0,0.6997164649343051,6.381907963628911e-13
2011-02-14,0.002867698021558803,1.7927724252213497e-15,0.0,0.0,5.282783979506106e-17,0.002867698021558803,1.7399445854262886e-15,0.0,0.0,0.6997839057486772,6.427387175065762e-13
2011-02-15,-0.002986552055908823,-5.2566487594363665e-17,0.0,0.0,1.7509949631026708e-17,-0.002986552055908823,-7.007643722539037e-17,0.0,0.0,0.7006423730232957,6.391131615324748e-13
2011-02-16,0.0031189761941192115,2.8464394159458516e-15,0.0,0.0,1.7563845146601267e-17,0.0031189761941192115,2.82887557079925e-15,0.0,0.0,0.6997456477703486,6.410803478509462e-13
2011-02-17,0.0041700465616231605,-2.246524887779284e-16,0.0,0.0,1.7431492096192456e-17,0.0041700465616231605,-2.4208398087412085e-16,0.0,0.0,0.7006792221508635,6.362494615110246e-13
2011-02-18,-0.0004475951095412687,-5.710193370684938e-16,5.068223287979731e-05,1.4176901466110823e-16,2.1428609493411592e-17,-0.000498277342421066,-7.342169612230135e-16,0.25000000002213174,6.993033190244951e-13,0.9519222203920777,7.821442465095232e-13
2011-02-22,-0.009854832105418232,2.685491549002733e-15,0.0,0.0,8.581977748589582e-17,-0.009854832105418232,2.599671771516837e-15,0.0,0.0,0.9519489598803867,7.831054695587993e-13
2011-02-23,0.00153659395704776,-1.0443074868633286e-15,0.0,0.0,2.1594176241860666e-17,0.00153659395704776,-1.0659016631051892e-15,0.0,0.0,0.9514707118939035,7.881874328279143e-13
2011-02-24,-0.0024893565382213454,-2.849191928600653e-15,0.0,0.0,2.158961293711018e-17,-0.0024893565382213454,-2.8707815415377634e-15,0.0,0.0,0.9515451672970253,7.880208722045215e-13
2011-02-25,0.00937118978398004,-1.2909828001084264e-15,0.0,0.0,2.1721746160775522e-17,0.00937118978398004,-1.3127045462692018e-15,0.0,0.0,0.9514242449235295,7.928437348683066e-13
2011-02-28,0.005040566687187841,-1.2812291678631512e-15,0.0,0.0,6.466535534033525e-17,0.005040566687187841,-1.3458945232034865e-15,0.0,0.0,0.9518752312646597,7.867618233074122e-13
2011-03-01,-0.00661426233807558,1.0771113095777437e-15,0.0,0.0,2.1481939467305904e-17,-0.00661426233807558,1.0556293701104378e-15,0.0,0.0,0.952116590782034,7.840907905566656e-13
2011-03-02,0.001716807857826242,2.4182456416178916e-15,0.0,0.0,2.1595266325148487e-17,0.001716807857826242,2.396650375292743e-15,0.0,0.0,0.9517977685781281,7.882272208679197e-13
2011-03-03,0.007063934723589981,-5.357092155364609e-16,0.0,0.0,2.1492115187663144e-17,0.007063934723589981,-5.57201330724124e-16,0.0,0.0,0.9518803807186239,7.844622043497047e-13
2011-03-04,-0.002447108285408065,2.3116255683504028e-15,0.0,0.0,2.1355935220116252e-17,-0.002447108285408065,2.2902696331302866e-15,0.0,0.0,0.9522179102813536,7.794916355342432e-13
2011-03-07,-0.004836529595828003,-2.428569297638099e-16,5.142926303802469e-05,1.6109037824668483e-16,2.1901574047730172e-17,-0.004887958858866028,-4.2584888205822494e-16,0.2500000000008255,7.830676969263254e-13,1.0000000000049534,2.664691509140504e-13
2011-03-08,0.001302633126323409,-1.2204721040503092e-15,0.0,0.0,7.34307092567323e-18,0.001302633126323409,-1.2278151749759825e-15,0.0,0.0,1.0000516818869285,2.6802208878707294e-13
2011-03-09,-0.0007987001560603852,4.874925126731569e-16,0.0,0.0,7.366912133780852e-18,-0.0007987001560603852,4.801256005393761e-16,0.0,0.0,1.0000516146519745,2.688922928830011e-13
2011-03-10,-0.014031816085220524,-2.073798691264294e-15,0.0,0.0,7.359434155738234e-18,-0.014031816085220524,-2.081158125420032e-15,0.0,0.0,1.0000516559095574,2.6861934668444553e-13
2011-03-11,0.0027738196188529306,1.9795844207749704e-15,0.0,0.0,7.52179500234224e-18,0.0027738196188529306,1.972062625772628e-15,0.0,0.0,1.0000523910511538,2.7454551758549173e-13
2011-03-14,-0.004238045500800056,1.3572383962054828e-15,0.0,0.0,2.234071033756241e-17,-0.004238045500800056,1.3348976858679204e-15,0.0,0.0,1.0000522461298114,2.71811975773676e-13
2011-03-15,-0.011691223267199466,-2.478491837718959e-16,0.0,0.0,7.441255210424301e-18,-0.011691223267199466,-2.552904389823202e-16,0.0,0.0,1.0000524684936738,2.7160581518048695e-13
2011-03-16,-0.009007292523370685,-8.775478658627265e-16,0.0,0.0,7.536152439769791e-18,-0.009007292523370685,-8.850840183024963e-16,0.0,0.0,1.0000530891710258,2.7506956405159737e-13
2011-03-17,0.014444008169101501,2.4037138020872635e-15,0.0,0.0,7.628910677157532e-18,0.014444008169101501,2.396084891410106e-15,0.0,0.0,1.0000535717070633,2.784552397162499e-13
2011-03-18,0.0037406965061838778,1.2471158980257878e-15,0.0,0.0,7.455370078184616e-18,0.0037406965061838778,1.2396605279476032e-15,0.0,0.0,1.000052808934381,2.7212100785373845e-13
2011-03-21,0.006918825764796676,-4.1241935312290887e-14,6.101083263680238e-05,5.828716178266606e-16,2.426784513962314e-16,0.006857814932159873,-4.206748538151378e-14,0.30005271213208,2.8665763471027587e-12,0.6999999999947986,2.9525878253208152e-12
2011-03-22,0.00043779827169411576,-4.64261940624202e-15,0.0,0.0,8.146406766834327e-17,0.00043779827169411576,-4.724083473910363e-15,0.0,0.0,0.7021039269653535,2.973438469894529e-12
2011-03-23,-0.000197168872758566,-1.8943707575124146e-14,0.0,0.0,8.15555578383008e-17,-0.000197168872758566,-1.902526313296245e-14,0.0,0.0,0.7022342882793178,2.97677786109798e-12
2011-03-24,0.002156218401492025,-1.2586169212739651e-14,0.0,0.0,8.209074926578871e-17,0.002156218401492025,-1.266825996200544e-14,0.0,0.0,0.7021755665715123,2.9963123482012876e-12
2011-03-25,9.440155217529554e-05,-1.2240130062084412e-14,0.0,0.0,8.225820915530897e-17,9.440155217529554e-05,-1.232238827123972e-14,0.0,0.0,0.7028163594059923,3.0024246341687776e-12
2011-03-28,-0.0025074577572546035,1.561672003354511e-14,0.0,0.0,2.477572768817242e-16,-0.0025074577572546035,1.5368962756663386e-14,0.0,0.0,0.7028444113548066,3.0143802020609783e-12
2011-03-29,0.0024060467154239963,-1.0965566152952367e-14,0.0,0.0,8.236442894346482e-17,0.0024060467154239963,-1.1047930581895831e-14,0.0,0.0,0.7020974332528997,3.0063016564364664e-12
2011-03-30,0.0029197472313356745,-2.7572108600869213e-14,0.0,0.0,8.246643731278048e-17,0.0029197472313356745,-2.7654575038181992e-14,0.0,0.0,0.702812480308526,3.0100249619164877e-12
2011-03-31,0.0012668898674258666,-9.973165369010437e-15,0.0,0.0,8.297955821307297e-17,0.0012668898674258666,-1.0056144927223511e-14,0.0,0.0,0.7036776666210118,3.0287538747771635e-12
2011-04-01,0.0016439533692478986,-1.9474056361385038e-14,0.0,0.0,8.31474569497321e-17,0.0016439533692478986,-1.955720381833477e-14,0.0,0.0,0.7040525993841502,3.034882178665222e-12
2011-04-04,0.0018952166453542376,0.0,1.8844227813173224e-05,6.329647042271183e-16,0.0,0.0018763724175410645,-6.329647042271183e-16,0.09078313313513298,3.0493432569054838e-12,0.795321457736053,0.0
2011-04-05,0.0008433055035925493,0.0,0.0,0.0,0.0,0.0008433055035925493,0.0,0.0,0.0,0.7957236005653204,0.0
2011-04-06,8.452656189735077e-05,0.0,0.0,0.0,0.0,8.452656189735077e-05,0.0,0.0,0.0,0.7958957228255685,0.0
2011-04-07,-0.00043647988417001556,0.0,0.0,0.0,0.0,-0.00043647988417001556,0.0,0.0,0.0,0.7959129736002379,0.0
2011-04-08,0.002950157458389369,0.0,0.0,0.0,0.0,0.002950157458389369,0.0,0.0,0.0,0.7958238548200395,0.0
2011-04-11,-0.005178028323614961,0.0,0.0,0.0,0.0,-0.005178028323614961,0.0,0.0,0.0,0.7964244347920835,0.0
2011-04-12,-0.006595675629012502,0.0,0.0,0.0,0.0,-0.006595675629012502,0.0,0.0,0.0,0.7953648280758523,0.0
2011-04-13,0.002289459215251927,0.0,0.0,0.0,0.0,0.002289459215251927,0.0,0.0,0.0,0.7940061595224879,0.0
2011-04-14,0.0016802903169856965,0.0,0.0,0.0,0.0,0.0016802903169856965,0.0,0.0,0.0,0.7944766967430786,0.0
2011-04-15,0.002027989442738854,0.0,0.0,0.0,0.0,0.002027989442738854,0.0,0.0,0.0,0.7948214562633724,0.0
2011-04-18,-0.004318444590585619,2.0139317471762443e-14,1.5805632664615868e-05,3.11115927184042e-16,1.2757223592488075e-16,-0.004334250223250235,1.970062930865352e-14,0.07885285397003056,1.5521288704193827e-12,0.8674281426236474,1.5521288704193827e-12
2011-04-19,0.0034980018956222896,-9.86400705683252e-15,0.0,0.0,4.215502695409898e-17,0.0034980018956222896,-9.906162083786618e-15,0.0,0.0,0.8668669161579307,1.5386584838246127e-12
2011-04-20,0.007734574366166156,-2.2760320215648812e-14,0.0,0.0,4.227738734171646e-17,0.007734574366166156,-2.2802597602990528e-14,0.0,0.0,0.8673309925973243,1.543124637972651e-12
2011-04-21,0.003751828925652651,-1.0140396651963888e-14,0.0,0.0,4.2571683903539677e-17,0.003751828925652651,-1.0182968335867427e-14,0.0,0.0,0.8683492550743327,1.5538664624791978e-12
2011-04-25,-0.0012517149909964658,3.667529226511586e-15,0.0,0.0,1.7075735955872065e-16,-0.0012517149909964658,3.4967718669528653e-15,0.0,0.0,0.8688413399290458,1.558160905973326e-12
2011-04-26,0.002725494974479576,-9.877585536056294e-15,0.0,0.0,4.2642235562401945e-17,0.002725494974479576,-9.920227771618696e-15,0.0,0.0,0.8686769609123535,1.556441598027671e-12
2011-04-27,0.003179694255196538,-4.741036343445538e-15,0.0,0.0,4.2796213479447134e-17,0.003179694255196538,-4.783832556924985e-15,0.0,0.0,0.8690339083370167,1.5620617919998203e-12
2011-04-28,0.0004926590951187655,-3.694094323966873e-15,0.0,0.0,4.2790045623867275e-17,0.0004926590951187655,-3.736884369590741e-15,0.0,0.0,0.8694490205364314,1.5618366652711552e-12
2011-04-29,0.003913359160992179,-4.7251849055799665e-15,0.0,0.0,4.2870133326445525e-17,0.003913359160992179,-4.768055038906412e-15,0.0,0.0,0.8695133059930291,1.5647598664152615e-12
2011-05-02,-0.0030080912650471536,1.2893262038498133e-15,0.0,0.0,1.2849592065320132e-16,-0.0030080912650471536,1.160830283196612e-15,0.0,0.0,0.8700219567592771,1.563367034613949e-12
2011-05-03,-0.004216845903169813,0.0,1.7292996356141512e-05,3.1647465699663066e-16,0.0,-0.004234138899525954,-3.1647465699663066e-16,0.08561351207745374,1.5667907580034043e-12,0.9541798123967863,0.0
2011-05-04,-0.005857422930519954,0.0,0.0,0.0,0.0,-0.005857422930519954,0.0,0.0,0.0,0.9540023449325346,0.0
2011-05-05,-0.01533539827610799,0.0,0.0,0.0,0.0,-0.01533539827610799,0.0,0.0,0.0,0.9537313297625208,0.0
2011-05-06,0.0025577777537452214,0.0,0.0,0.0,0.0,0.0025577777537452214,0.0,0.0,0.0,0.9530107306015931,0.0
2011-05-09,0.008149884343439296,0.0,0.0,0.0,0.0,0.008149884343439296,0.0,0.0,0.0,0.9531306120793482,0.0
2011-05-10,0.0037624652033870424,0.0,0.0,0.0,0.0,0.0037624652033870424,0.0,0.0,0.0,0.9535095042428382,0.0
2011-05-11,-0.010166175215955205,0.0,0.0,0.0,0.0,-0.010166175215955205,0.0,0.0,0.0,0.9536837674561364,0.0
2011-05-12,0.0011295103521310366,0.0,0.0,0.0,0.0,0.0011295103521310366,0.0,0.0,0.0,0.9532080725227101,0.0
2011-05-13,-0.00488638847340221,0.0,0.0,0.0,0.0,-0.00488638847340221,0.0,0.0,0.0,0.9532608648597005,0.0
2011-05-16,-0.0028077842535046355,0.0,0.0,0.0,0.0,-0.0028077842535046355,0.0,0.0,0.0,0.9530313578279802,0.0
2011-05-17,0.001185652738919052,6.601422288523066e-16,5.072699178783095e-05,1.447947805891081e-16,1.955063837960108e-17,0.001134925747131221,4.957968098835974e-16,0.25000000000018624,7.135983008554394e-13,1.000000000019912,7.135983008554394e-13
2011-05-18,0.005471219397259547,3.2962165961593534e-16,0.0,0.0,1.951040942514569e-17,0.005471219397259547,3.1011125019078965e-16,0.0,0.0,1.0000506695055729,7.121299440178177e-13
2011-05-19,0.00023998914901887043,2.9511261374275453e-15,0.0,0.0,1.939526295584627e-17,0.00023998914901887043,2.931730874471699e-15,0.0,0.0,1.0000503937900904,7.079270978883889e-13
2011-05-20,-0.0009977219884442744,-4.917213757080604e-15,0.0,0.0,1.9309776048236226e-17,-0.0009977219884442744,-4.93652353312884e-15,0.0,0.0,1.0000503816990265,7.048068257606222e-13
2011-05-23,-0.007659642409881892,-4.594047955555719e-15,0.0,0.0,5.839174142444818e-17,-0.007659642409881892,-4.652439696980167e-15,0.0,0.0,1.0000504320161627,7.104328539974529e-13
2011-05-24,0.0032115938235801837,1.9840318581071453e-15,0.0,0.0,1.9740987037222194e-17,0.0032115938235801837,1.964290871069923e-15,0.0,0.0,1.0000508212890686,7.205460268586101e-13
2011-05-25,0.0037163282341876693,6.592518697220475e-16,0.0,0.0,1.9623606945152325e-17,0.0037163282341876693,6.396282627768951e-16,0.0,0.0,1.0000506585942384,7.162616534980598e-13
2011-05-26,0.0027139514124700777,2.9555742725690163e-15,0.0,0.0,1.9532954380231083e-17,0.0027139514124700777,2.9360413181887853e-15,0.0,0.0,1.0000504710273337,7.129528348784344e-13
2011-05-27,0.004792299120440418,5.895149396107667e-15,0.0,0.0,1.9399330901126306e-17,0.004792299120440418,5.8757500652065404e-15,0.0,0.0,1.0000503344221547,7.080755778911102e-13
2011-05-31,0.004519005753303659,3.2596197841624434e-15,0.0,0.0,7.658426512865269e-17,0.004519005753303659,3.1830355190337907e-15,0.0,0.0,1.0000500943550152,6.988314192989558e-13
2011-06-01,-0.009387681251836574,-1.4867465158675024e-15,5.072358243112961e-05,1.884550935251365e-17,1.7920383441808243e-17,-0.009438404834267704,-1.5235124086618244e-15,0.2500000000016144,9.288337125154261e-14,0.999999999995683,6.540939956260009e-13
2011-06-02,0.0005575146149919237,4.167595156445838e-15,0.0,0.0,1.8132255793805343e-17,0.0005575146149919237,4.149462900652033e-15,0.0,0.0,1.0000512068894691,6.618273364738951e-13
2011-06-03,-0.0016985896500713935,4.7321253337884184e-15,0.0,0.0,1.8008035361686144e-17,-0.0016985896500713935,4.714117298426732e-15,0.0,0.0,1.000051178356783,6.572932907015442e-13
2011-06-06,-0.0058524635346577395,-1.7844332114496975e-15,0.0,0.0,5.372642342356421e-17,-0.0058524635346577395,-1.8381596348732615e-15,0.0,0.0,1.0000512654357168,6.536714849866979e-13
2011-06-07,0.002287664578199792,3.5636077953947136e-15,0.0,0.0,1.806341184814314e-17,0.002287664578199792,3.5455443835465703e-15,0.0,0.0,1.000051567231058,6.593145324572246e-13
2011-06-08,-0.0011942450107176937,-2.9826583604235096e-15,0.0,0.0,1.7924772889845914e-17,-0.0011942450107176937,-3.0005831333133556e-15,0.0,0.0,1.000051449531783,6.542542104793759e-13
2011-06-09,0.0036083261301383144,-2.0584791249585343e-15,0.0,0.0,1.802801942951165e-17,0.0036083261301383144,-2.076507144388046e-15,0.0,0.0,1.0000515110485988,6.580227091771752e-13
2011-06-10,-0.010235331463764973,-5.967319746585485e-15,0.0,0.0,1.8019396259494263e-17,-0.010235331463764973,-5.985339142844979e-15,0.0,0.0,1.0000513258482016,6.577079634715406e-13
2011-06-13,0.00020650313738108472,3.3131730931698975e-15,0.0,0.0,5.511275068634334e-17,0.00020650313738108472,3.258060342483554e-15,0.0,0.0,1.0000518566178802,6.70538466683844e-13
2011-06-14,0.006281342386825018,9.238355600930996e-16,0.0,0.0,1.8276370901950228e-17,0.006281342386825018,9.055591891911494e-16,0.0,0.0,1.0000518459115335,6.670875379211833e-13
2011-06-15,-0.008804534403790606,5.145029112718655e-14,6.115960067594987e-05,1.1528952292954708e-15,1.7310024189215388e-16,-0.008865694004466556,5.012429565599893e-14,0.3000516222905509,5.656153409405333e-12,0.6999999999902657,6.318158829063616e-12
2011-06-16,-0.0007622224720847155,1.9375073099288995e-14,0.0,0.0,1.732264172840928e-16,-0.0007622224720847155,1.9201846682004904e-14,0.0,0.0,0.6973782073784406,6.322764230869385e-12
2011-06-17,0.0025831291481097298,-5.6199982501017695e-15,0.0,0.0,1.7282732623540795e-16,0.0025831291481097298,-5.7928255763371775e-15,0.0,0.0,0.6971473662952875,6.3081974075923906e-12
2011-06-20,0.002426560826146716,-1.3044108044735998e-14,0.0,0.0,5.176068510264711e-16,0.002426560826146716,-1.356171489576247e-14,0.0,0.0,0.6979276581663197,6.2975500208220646e-12
2011-06-21,0.004248599698051114,-5.456814693685984e-14,0.0,0.0,1.724744700394613e-16,0.004248599698051114,-5.47406214068993e-14,0.0,0.0,0.6986588807216774,6.2953181564403366e-12
2011-06-22,-0.003264024786728878,3.250498065789362e-14,0.0,0.0,1.7323348801887895e-16,-0.003264024786728878,3.233174716987474e-14,0.0,0.0,0.6999337421342794,6.323022312689081e-12
2011-06-23,-0.0037852740312530856,2.9288613571354155e-14,0.0,0.0,1.7290731436347772e-16,-0.0037852740312530856,2.911570625699068e-14,0.0,0.0,0.6989511110988661,6.311116974266937e-12
2011-06-24,-0.005298305312013204,2.1275042157547405e-14,0.0,0.0,1.727588260924721e-16,-0.005298305312013204,2.110228333145493e-14,0.0,0.0,0.6978072286490185,6.305697152375232e-12
2011-06-27,0.0020469139717253,-1.0014542467737546e-14,0.0,0.0,5.192791441231405e-16,0.0020469139717253,-1.0533821611860686e-14,0.0,0.0,0.696197590730167,6.317896253498209e-12
2011-06-28,0.0056901839954582424,-4.912681555663767e-14,0.0,0.0,1.7301327577608195e-16,0.0056901839954582424,-4.929982883241375e-14,0.0,0.0,0.6968181778379311,6.3149845658269915e-12
2011-06-29,0.0038586111133954524,0.0,5.064823767788578e-05,1.2820291218056007e-15,0.0,0.0038079628757175664,-1.2820291218056007e-15,0.25000000000296224,6.328103309212255e-12,0.7000000000072065,0.0
2011-06-30,0.0008660985616609256,0.0,0.0,0.0,0.0,0.0008660985616609256,0.0,0.0,0.0,0.7011885113006902,0.0
2011-07-01,0.0034582990224600856,0.0,0.0,0.0,0.0,0.0034582990224600856,0.0,0.0,0.0,0.7014470875487437,0.0
2011-07-05,0.0010978498660284177,0.0,0.0,0.0,0.0,0.0010978498660284177,0.0,0.0,0.0,0.7024760144571054,0.0
2011-07-06,0.0009166519609384302,0.0,0.0,0.0,0.0,0.0009166519609384302,0.0,0.0,0.0,0.7028022929200071,0.0
2011-07-07,0.002853130113284415,0.0,0.0,0.0,0.0,0.002853130113284415,0.0,0.0,0.0,0.7030744702890692,0.0
2011-07-08,-0.0005088543328630975,0.0,0.0,0.0,0.0,-0.0005088543328630975,0.0,0.0,0.0,0.7039192272577448,0.0
2011-07-11,-0.004790098039037622,0.0,0.0,0.0,0.0,-0.004790098039037622,0.0,0.0,0.0,0.7037684885696228,0.0
2011-07-12,0.0007919922023892767,0.0,0.0,0.0,0.0,0.0007919922023892767,0.0,0.0,0.0,0.7023426808287553,0.0
2011-07-13,0.003674335328224691,0.0,0.0,0.0,0.0,0.003674335328224691,0.0,0.0,0.0,0.7025782365462317,0.0
2011-07-14,-0.0019698110029666076,0.0,0.0,0.0,0.0,-0.0019698110029666076,0.0,0.0,0.0,0.7036670631251077,0.0
2011-07-15,0.0016305208510231936,0.0,0.0,0.0,0.0,0.0016305208510231936,0.0,0.0,0.0,0.7030821911582744,0.0
2011-07-18,-0.002455896719107172,0.0,0.0,0.0,0.0,-0.002455896719107172,0.0,0.0,0.0,0.703565533736479,0.0
2011-07-19,0.004158223137487632,0.0,0.0,0.0,0.0,0.004158223137487632,0.0,0.0,0.0,0.7028357289782409,0.0
2011-07-20,0.0005582207154736201,0.0,0.0,0.0,0.0,0.0005582207154736201,0.0,0.0,0.0,0.7040662873891819,0.0
2011-07-21,0.0039008244518122064,0.0,0.0,0.0,0.0,0.0039008244518122064,0.0,0.0,0.0,0.7042313915534034,0.0
2011-07-22,0.000862819150873677,0.0,0.0,0.0,0.0,0.000862819150873677,0.0,0.0,0.0,0.7053806499181798,0.0
2011-07-25,-0.0016623238012993765,0.0,0.0,0.0,0.0,-0.0016623238012993765,0.0,0.0,0.0,0.7056346339933243,0.0
2011-07-26,0.0007058414287316433,0.0,0.0,0.0,0.0,0.0007058414287316433,0.0,0.0,0.0,0.7051444886588775,0.0
2011-07-27,-0.005269400852700723,0.0,0.0,0.0,0.0,-0.005269400852700723,0.0,0.0,0.0,0.7053524630972972,0.0
2011-07-28,-0.0004510240824984764,0.0,5.942732250201025e-06,0.0,0.0,-0.0004569668147486774,0.0,0.029424832878882465,0.0,0.7332164552986498,0.0
2011-07-29,-0.00012605665295239722,0.0,0.0,0.0,0.0,-0.00012605665295239722,0.0,0.0,0.0,0.7331004337862695,0.0
2011-08-01,-0.001794532879473216,0.0,0.0,0.0,0.0,-0.001794532879473216,0.0,0.0,0.0,0.7330667850786343,0.0
2011-08-02,-0.0034014937482178065,0.0,0.0,0.0,0.0,-0.0034014937482178065,0.0,0.0,0.0,0.732586903484536,0.0
2011-08-03,0.00010925442439244928,0.0,0.0,0.0,0.0,0.00010925442439244928,0.0,0.0,0.0,0.7316741949361258,0.0
2011-08-04,-0.014174320896421323,0.0,0.0,0.0,0.0,-0.014174320896421323,0.0,0.0,0.0,0.7317035075149788,0.0
2011-08-05,0.0017872925743824468,0.0,0.0,0.0,0.0,0.0017872925743824468,0.0,0.0,0.0,0.7278459080828711,0.0
2011-08-08,-0.015069791484001584,0.0,0.0,0.0,0.0,-0.015069791484001584,0.0,0.0,0.0,0.7283314592484494,0.0
2011-08-09,0.01283513920514732,0.0,0.0,0.0,0.0,0.01283513920514732,0.0,0.0,0.0,0.7241748314727035,0.0
2011-08-10,-0.006266724069873001,0.0,0.0,0.0,0.0,-0.006266724069873001,0.0,0.0,0.0,0.7276702220819884,0.0
2011-08-11,0.005308038850406202,-1.2694630692138035e-13,6.649393127354836e-05,1.1438610625706394e-15,1.5362191585287253e-16,0.0052415449191326536,-1.2824378989980386e-13,0.325952844179739,5.607199928629847e-12,0.39999999999455593,5.607199928629847e-12
2011-08-12,0.0011002279185013946,-1.5932979061687122e-14,0.0,0.0,1.5628074432307235e-16,0.0011002279185013946,-1.6089259806010194e-14,0.0,0.0,0.4031946758404411,5.704247167792142e-12
2011-08-15,0.00502632553463554,-7.668922702937026e-14,0.0,0.0,4.696350872575945e-16,0.00502632553463554,-7.715886211662785e-14,0.0,0.0,0.40385057608024266,5.713893561634066e-12
2011-08-16,0.00011455762342020589,2.31418769725076e-14,0.0,0.0,1.578526848185959e-16,0.00011455762342020589,2.2984024287689003e-14,0.0,0.0,0.4068320313872403,5.76162299587875e-12
2011-08-17,0.0017844145144362276,-1.9653280285341437e-14,0.0,0.0,1.5720065225882538e-16,0.0017844145144362276,-1.981048093760026e-14,0.0,0.0,0.40689997551648627,5.7378238074471265e-12
2011-08-18,-0.005322596174185796,1.3875447968856326e-13,0.0,0.0,1.57458127725514e-16,-0.005322596174185796,1.3859702156083776e-13,0.0,0.0,0.40795642666193743,5.74722166198126e-12
2011-08-19,-0.00019466024700643905,1.373405957044438e-14,0.0,0.0,1.5447886374042272e-16,-0.00019466024700643905,1.3579580706703956e-14,0.0,0.0,0.404788355439714,5.638478526525429e-12
2011-08-22,0.001010462640786952,-7.665987509532302e-15,0.0,0.0,4.623977748723245e-16,0.001010462640786952,-8.128385284404627e-15,0.0,0.0,0.4046724688354423,5.625839594279949e-12
2011-08-23,0.002744181456629551,-8.133466970809367e-14,0.0,0.0,1.5418681865920823e-16,0.002744181456629551,-8.148885652675288e-14,0.0,0.0,0.405273417828213,5.627818881061099e-12
2011-08-24,-0.0012891408881812872,2.2933622083856228e-14,0.0,0.0,1.5598710884295106e-16,-0.0012891408881812872,2.2777634975013277e-14,0.0,0.0,0.40690098913580514,5.6935294727677146e-12
2011-08-25,-0.002112751424109023,2.5544664488271813e-14,1.229848292182796e-06,0.0,1.5555932832036703e-16,-0.0021139812724012058,2.5389105159951447e-14,0.006135414015960884,0.0,0.4,5.6779154836933955e-12
2011-08-26,0.0038163343110188715,-6.345668314191842e-14,0.0,0.0,1.5518753804790989e-16,0.0038163343110188715,-6.361187067996633e-14,0.0,0.0,0.3987301566598013,5.664345138748711e-12
2011-08-29,0.0030079916148482867,-7.310252670803718e-14,0.0,0.0,4.689884153552554e-16,0.0030079916148482867,-7.357151512339243e-14,0.0,0.0,0.4010160795471994,5.706025720155608e-12
2011-08-30,0.0020173410643923102,-2.86253906405789e-14,0.0,0.0,1.5785744685950712e-16,0.0020173410643923102,-2.878324808743841e-14,0.0,0.0,0.4028124147960142,5.761796810372011e-12
2011-08-31,0.0004708693266096353,-3.925697327439727e-14,0.0,0.0,1.5832231403182973e-16,0.0004708693266096353,-3.9415295588429094e-14,0.0,0.0,0.4040147203743879,5.7787644621617846e-12
2011-09-01,-0.0013520813744430252,3.522959209671385e-14,0.0,0.0,1.593228273137923e-16,-0.0013520813744430252,3.507026926940006e-14,0.0,0.0,0.40429521948326375,5.815283196953419e-12
2011-09-02,-0.001385912169276366,6.44886503620688e-14,0.0,0.0,1.5857203530521089e-16,-0.001385912169276366,6.433007832676359e-14,0.0,0.0,0.4034886876481742,5.787879288640198e-12
2011-09-06,-0.002194057410594615,2.4121507102604404e-14,0.0,0.0,6.280913713410147e-16,-0.002194057410594615,2.349341573126339e-14,0.0,0.0,0.4026608280205165,5.731333763486759e-12
2011-09-07,0.002426324946472068,-7.545240440616371e-14,0.0,0.0,1.5670580115125855e-16,0.002426324946472068,-7.560911020731497e-14,0.0,0.0,0.401347349736825,5.719761742020937e-12
2011-09-08,-0.00032580445559033874,3.00039268132526e-14,0.0,0.0,1.5838868788842058e-16,-0.00032580445559033874,2.984553812536418e-14,0.0,0.0,0.4027963598271308,5.781187107927351e-12
2011-09-09,-0.0052499152985243346,4.326344044838699e-14,5.253074707637501e-07,8.479227331909151e-16,4.256150530233579e-17,-0.005250440605995098,4.237295620989374e-14,0.0026017248108638827,4.1995626093626726e-12,0.3999999999999929,1.553494943535256e-12
2011-09-12,-0.0008440327985772303,-5.211968115186343e-15,0.0,0.0,1.2478378655194833e-16,-0.0008440327985772303,-5.3367519017382915e-15,0.0,0.0,0.3968336361384577,1.5182027363820376e-12
2011-09-13,0.0013463472111030334,-1.1428451108886644e-14,0.0,0.0,4.1772646648162156e-17,0.0013463472111030334,-1.1470223755534806e-14,0.0,0.0,0.39632411389087363,1.5247016026579186e-12
2011-09-14,0.0013500101246285189,-8.60352039864852e-15,0.0,0.0,4.20291690431949e-17,0.0013500101246285189,-8.645549567691715e-15,0.0,0.0,0.39713577845423015,1.5340646700766136e-12
2011-09-15,0.0016838793181132691,-1.9358633342365392e-14,0.0,0.0,4.220790083735972e-17,0.0016838793181132691,-1.940084124320275e-14,0.0,0.0,0.3979485540018784,1.5405883805636298e-12
2011-09-16,0.0009613597749690887,-4.06159029281572e-15,0.0,0.0,4.26664292358218e-17,0.0009613597749690887,-4.1042567220515416e-15,0.0,0.0,0.3989606317634315,1.5573246671074957e-12
2011-09-19,-0.002657349996481956,2.8095075527593766e-14,0.0,0.0,1.2820986124324784e-16,-0.002657349996481956,2.796686566635052e-14,0.0,0.0,0.3995378918805723,1.559886645126182e-12
2011-09-20,0.0014019708722992144,5.799582812106283e-15,0.0,0.0,4.207871017811213e-17,0.0014019708722992144,5.75750410192817e-15,0.0,0.0,0.39793800243344574,1.5358729215010927e-12
2011-09-21,-0.005333644705074113,4.701596486463615e-14,0.0,0.0,4.186112941420789e-17,-0.005333644705074113,4.697410373522194e-14,0.0,0.0,0.3987808941077742,1.527931223618588e-12
2011-09-22,-0.006803521647352196,7.281070079598934e-14,0.0,0.0,4.079058326623242e-17,-0.006803521647352196,7.27699102127231e-14,0.0,0.0,0.39555700995437965,1.4888562892174833e-12
2011-09-23,-0.00197684818390366,-1.9932725973225532e-14,0.0,0.0,3.90615254799731e-17,-0.00197684818390366,-1.9971787498705507e-14,0.0,0.0,0.3914164989306041,1.4257456800190183e-12
2011-09-26,0.002162694633756572,-1.865748903731546e-14,0.0,0.0,1.1905824275526588e-16,0.002162694633756572,-1.8776547280070726e-14,0.0,0.0,0.3902110387299606,1.4485419535224017e-12
2011-09-27,0.002917844502735416,-3.421987972977998e-14,0.0,0.0,4.011049824233084e-17,0.002917844502735416,-3.4259990228022314e-14,0.0,0.0,0.39152698006496717,1.4640331858450757e-12
2011-09-28,-0.005152565097426556,3.8177541224628126e-14,0.0,0.0,4.0928605886143564e-17,-0.005152565097426556,3.8136612618741984e-14,0.0,0.0,0.3932972443653037,1.4938941148442397e-12
2011-09-29,0.002117393541189723,-6.0110730435341335e-15,0.0,0.0,4.008920810706651e-17,0.002117393541189723,-6.0511622516412e-15,0.0,0.0,0.3901549781910768,1.4632560959079276e-12
2011-09-30,-0.004481892374645749,5.858342843496055e-14,0.0,0.0,4.016884179359549e-17,-0.004481892374645749,5.854325959316695e-14,0.0,0.0,0.39144353172645086,1.4661627254662355e-12
2011-10-03,-0.003716920769811192,3.7886496623324916e-14,0.0,0.0,1.162123000926823e-16,-0.003716920769811192,3.7770284323232233e-14,0.0,0.0,0.38870376780470234,1.4139163177943014e-12
2011-10-04,0.0006622286700839887,-1.7934496568866955e-14,0.0,0.0,3.7840095793353755e-17,0.0006622286700839887,-1.797233666466031e-14,0.0,0.0,0.3864231512717744,1.381163496457412e-12
2011-10-05,0.003039983048815455,-3.7410170082988296e-14,0.0,0.0,3.830608447635546e-17,0.003039983048815455,-3.7448476167464654e-14,0.0,0.0,0.3868292105482145,1.3981720833869741e-12
2011-10-06,0.0035669222342216483,-4.0181718004617915e-14,0.0,0.0,3.9211817382857015e-17,0.0035669222342216483,-4.022092982200077e-14,0.0,0.0,0.38868758991242586,1.4312313344742807e-12
2011-10-07,-0.0005521878397686134,8.720517523099109e-15,1.8293925734653826e-06,9.73332864583424e-18,3.8837137595105044e-17,-0.0005540172323420787,8.67194705685817e-15,0.009139656304216676,4.8627768478581856e-14,0.4000000000003775,1.4175555222213338e-12
2011-10-10,0.006374623690644873,-5.54150309230916e-14,0.0,0.0,1.158588457174486e-16,0.006374623690644873,-5.553088976880905e-14,0.0,0.0,0.3996692358044781,1.4096159562289579e-12
2011-10-11,-0.0005459241783674045,-8.615415668016151e-15,0.0,0.0,3.988359237164163e-17,-0.0005459241783674045,-8.655299260387793e-15,0.0,0.0,0.4034718781024843,1.4557511215649198e-12
2011-10-12,0.0019443191492455882,-2.285600563333172e-14,0.0,0.0,4.014154539725648e-17,0.0019443191492455882,-2.2896147178728976e-14,0.0,0.0,0.4031460410953674,1.4651664069998615e-12
2011-10-13,-0.00018379113912610518,5.823615483391617e-15,0.0,0.0,4.068862565839308e-17,-0.00018379113912610518,5.782926857733224e-15,0.0,0.0,0.4043042637225448,1.4851348365313478e-12
2011-10-14,0.003326110907453603,-2.900661562328905e-14,0.0,0.0,4.053652480332865e-17,0.003326110907453603,-2.904715214809238e-14,0.0,0.0,0.4041947599987854,1.4795831553214959e-12
2011-10-17,-0.002980281300629414,3.5999564993876736e-14,0.0,0.0,1.2358263026917443e-16,-0.002980281300629414,3.587598236360756e-14,0.0,0.0,0.4061699047557632,1.5035886682749555e-12
2011-10-18,0.0020106661467730307,-2.863499078372287e-14,0.0,0.0,4.032810974921164e-17,0.0020106661467730307,-2.867531889347208e-14,0.0,0.0,0.40439483381641356,1.4719760058462247e-12
2011-10-19,-0.001932100226536912,2.9339044579375395e-14,0.0,0.0,4.103013214695178e-17,-0.001932100226536912,2.929801444722844e-14,0.0,0.0,0.4055899938930076,1.49759982336374e-12
2011-10-20,0.0004971407969089461,9.05115652001606e-15,0.0,0.0,4.0304194449646314e-17,0.0004971407969089461,9.010852325566413e-15,0.0,0.0,0.40443931095076746,1.4711030974120906e-12
2011-10-21,0.00405724618197085,-1.9946705826991087e-18,9.670360135328141e-07,3.018223457893836e-16,5.238112173987892e-19,0.004056279145957318,-3.043408275894815e-16,0.004735241347518646,1.4779197789808714e-12,0.400000000000309,1.9119109435055806e-14
2011-10-24,0.0028682585880641935,-1.0424194808596788e-17,0.0,0.0,1.5652485128229088e-18,0.0028682585880641935,-1.1989443321419697e-17,0.0,0.0,0.4024248984588473,1.9043856906012057e-14
2011-10-25,-0.001568885807009557,-1.231624355917687e-16,0.0,0.0,5.205420494488405e-19,-0.001568885807009557,-1.2368297764121754e-16,0.0,0.0,0.40413399624146323,1.899978480488268e-14
2011-10-26,0.0016973076787321821,1.3611376182092173e-16,0.0,0.0,5.247396192938103e-19,0.0016973076787321821,1.355890222016279e-16,0.0,0.0,0.40319768155446356,1.9152996104224075e-14
2011-10-27,0.006263213305022963,1.7896210962505182e-16,0.0,0.0,5.20127658465698e-19,0.006263213305022963,1.7844198196658612e-16,0.0,0.0,0.4042089223255207,1.898465953399798e-14
2011-10-28,-0.00025465619218939056,-9.437695527017719e-17,0.0,0.0,5.120177108302419e-19,-0.00025465619218939056,-9.488897298100743e-17,0.0,0.0,0.4079172628028084,1.868864644530383e-14
2011-10-31,-0.004515241227738393,-2.1482656861252633e-16,0.0,0.0,1.5442033834665316e-18,-0.004515241227738393,-2.1637077199599286e-16,0.0,0.0,0.40776644686127933,1.8787807832176136e-14
2011-11-01,-0.0042235846865028535,-1.8615697759730134e-16,0.0,0.0,5.2298150823688855e-19,-0.0042235846865028535,-1.8667995910553822e-16,0.0,0.0,0.4050802406366057,1.9088825050646433e-14
2011-11-02,0.0030125956840145085,3.048771114728249e-17,0.0,0.0,5.303215574127489e-19,0.0030125956840145085,2.995738958986974e-17,0.0,0.0,0.4025568890621922,1.9356736845565334e-14
2011-11-03,0.0036650048308782233,6.821200642931569e-17,0.0,0.0,5.278959406229596e-19,0.0036650048308782233,6.768411048869273e-17,0.0,0.0,0.40435133765157216,1.9268201832738026e-14
2011-11-04,-0.0007484549887481586,8.949541989041392e-16,1.4320667542921429e-05,1.143782804003499e-16,1.5841521156135653e-17,-0.00076277565629108,7.647343973476537e-16,0.0700000000012084,5.590856434705961e-13,0.47652642118318034,5.782155221989513e-13
2011-11-07,0.002499084743335049,-1.8052106330219e-15,0.0,0.0,4.748722769031186e-17,0.002499084743335049,-1.852697860712212e-15,0.0,0.0,0.4761411550764823,5.777612702321276e-13
2011-11-08,0.0010253115859411755,-2.4723368725121252e-15,0.0,0.0,1.5838950841933384e-17,0.0010253115859411755,-2.4881758233540588e-15,0.0,0.0,0.47744705915852503,5.781217057305684e-13
2011-11-09,-0.00595541037634199,9.910875438883643e-15,0.0,0.0,1.5890393494159852e-17,-0.00595541037634199,9.894985045389483e-15,0.0,0.0,0.4779822899646919,5.799993625368347e-13
2011-11-10,0.0010745311681303231,2.4441929069982224e-16,0.0,0.0,1.5712436668591428e-17,0.0010745311681303231,2.2870685403123083e-16,0.0,0.0,0.4748548349999601,5.73503938403587e-13
2011-11-11,0.0034529886354193015,-3.621540441151218e-15,0.0,0.0,1.5688882056904872e-17,0.0034529886354193015,-3.6372293232081224e-15,0.0,0.0,0.4754185141567227,5.726441950770278e-13
2011-11-14,-0.00216761194344454,2.4139168930304464e-15,0.0,0.0,4.720132140251196e-17,-0.00216761194344454,2.3667155716279343e-15,0.0,0.0,0.4772236549350995,5.742827437305621e-13
2011-11-15,0.0007210180778815798,-1.3496614726748722e-15,0.0,0.0,1.5701674228027934e-17,0.0007210180778815798,-1.3653631469029001e-15,0.0,0.0,0.47608801706357173,5.731111093230196e-13
2011-11-16,-0.003157462406219291,3.609163728737804e-15,0.0,0.0,1.5727311578711855e-17,-0.003157462406219291,3.593436417159093e-15,0.0,0.0,0.4764654949061399,5.740468726229828e-13
2011-11-17,-0.0035458982390049205,4.417518929255193e-15,0.0,0.0,1.5677932864290412e-17,-0.0035458982390049205,4.4018409963909026e-15,0.0,0.0,0.47480721844235213,5.722445495466e-13
2011-11-18,0.00012672507872382038,1.2560739715907528e-15,3.7125388740886774e-07,0.0,1.5612264449438485e-17,0.00012635382483641152,1.2404617071413143e-15,0.0018490584121906434,0.0,0.47108925291645265,5.698476524045046e-13
2011-11-21,-0.004215351582761202,4.623329882005011e-15,0.0,0.0,4.672765017442113e-17,-0.004215351582761202,4.5766022318305894e-15,0.0,0.0,0.471156445576181,5.685197437887904e-13
2011-11-22,-0.00021027001241827374,-5.470057524665838e-16,0.0,0.0,1.5514616382086068e-17,-0.00021027001241827374,-5.625203688486699e-16,0.0,0.0,0.468917747161098,5.662834979461415e-13
2011-11-23,-0.0034044903229662857,4.926798527045297e-15,0.0,0.0,1.5532868937602165e-17,-0.0034044903229662857,4.9112656581076945e-15,0.0,0.0,0.4688060530032667,5.66949716222479e-13
2011-11-25,-0.0007426467538636357,2.9911997776673953e-15,0.0,0.0,3.0900978393990947e-17,-0.0007426467538636357,2.9602987992734045e-15,0.0,0.0,0.46699143048629693,5.639428556903347e-13
2011-11-28,0.005089675957942526,-7.364994955182388e-15,0.0,0.0,4.6139881187453196e-17,0.005089675957942526,-7.411134836369841e-15,0.0,0.0,0.4665952992167633,5.613685544473472e-13
2011-11-29,0.0015508398043818658,-5.228670731896433e-16,0.0,0.0,1.550283666447041e-17,0.0015508398043818658,-5.383699098541137e-16,0.0,0.0,0.46929640852708027,5.658535382531698e-13
2011-11-30,0.00642905250246208,-8.118956619274861e-15,0.0,0.0,1.5493134420209784e-17,0.00642905250246208,-8.134449753695071e-15,0.0,0.0,0.4701181703601047,5.65499406337657e-13
2011-12-01,-0.00016372317144450083,2.1769071970370972e-16,0.0,0.0,1.5615180770850043e-17,-0.00016372317144450083,2.0207553893285967e-16,0.0,0.0,0.47350304691388545,5.699540981360266e-13
2011-12-02,-0.00020676629561138736,-1.4376418495389452e-15,0.0,0.0,1.56117726504733e-17,-0.00020676629561138736,-1.4532536221894186e-15,0.0,0.0,0.4734168330477627,5.698297017422755e-13
2011-12-05,0.0010678329458512295,-2.8476458408675107e-15,9.057621867253784e-06,5.4373882518517894e-17,6.355717246459787e-17,0.0010587753239839758,-2.9655768958506265e-15,0.04472796843912369,2.6850682627781913e-13,0.5180358993183304,7.732789316526074e-13
2011-12-06,0.00024317881288255622,1.4436483147313183e-15,0.0,0.0,2.1241252135524747e-17,0.00024317881288255622,1.4224070625957937e-15,0.0,0.0,0.5185546993443814,7.753057029466532e-13
2011-12-07,0.0006116661751341257,-1.5070139944706574e-15,0.0,0.0,2.1196545576111532e-17,0.0006116661751341257,-1.528210540046769e-15,0.0,0.0,0.5186717481772657,7.736739135280709e-13
2011-12-08,-0.00404942068551897,9.967381542117885e-15,0.0,0.0,2.122485110726003e-17,-0.00404942068551897,9.946156691010626e-15,0.0,0.0,0.5189659804161348,7.747070654149909e-13
2011-12-09,0.0019661990390089884,-4.936545236716321e-15,0.0,0.0,2.1036959660510123e-17,0.0019661990390089884,-4.957582196376831e-15,0.0,0.0,0.517010151332038,7.678490276086194e-13
2011-12-12,-0.0029747446717167695,9.810634231178502e-15,0.0,0.0,6.339198117318077e-17,-0.0029747446717167695,9.74724225000532e-15,0.0,0.0,0.5179579419633141,7.712691042736993e-13
2011-12-13,-0.0007102558657703355,1.8264543996549825e-15,0.0,0.0,2.0924119805477415e-17,-0.0007102558657703355,1.805530279849505e-15,0.0,0.0,0.5165197115513664,7.637303728999256e-13
2011-12-14,-0.0033164060070455946,6.730533532946151e-15,0.0,0.0,2.088891643433856e-17,-0.0033164060070455946,6.709644616511812e-15,0.0,0.0,0.5161760727690498,7.624454498533575e-13
2011-12-15,0.0009921973571674998,-4.437668165757754e-16,0.0,0.0,2.0773411321446875e-17,0.0009921973571674998,-4.645402278972222e-16,0.0,0.0,0.5145661771228333,7.582295132328108e-13
2011-12-16,0.0012796185244402813,-3.484410143055927e-15,0.0,0.0,2.0764966371665925e-17,0.0012796185244402813,-3.505175109427593e-15,0.0,0.0,0.5150473458646181,7.579212725658062e-13
2011-12-19,-0.000652780979070284,3.2100980899257025e-15,5.377906239128755e-07,0.0,6.250131115421497e-17,-0.0006533187696941969,3.1475967787714875e-15,0.0026814292382151272,0.0,0.5129856779680193,7.604326190429488e-13
2011-12-20,0.005030509390281888,-1.2057845621293862e-14,0.0,0.0,2.075938498772337e-17,0.005030509390281888,-1.2078605006281585e-14,0.0,0.0,0.5126678325065426,7.57717552051903e-13
2011-12-21,0.0009712159635959531,4.119456974181812e-16,0.0,0.0,2.098417582899849e-17,0.0009712159635959531,3.9096152158918275e-16,0.0,0.0,0.5151070908393625,7.659224177584448e-13
2011-12-22,0.0010630428802511913,-4.42210824993978e-15,0.0,0.0,2.0952540203983578e-17,0.0010630428802511913,-4.4430607901437635e-15,0.0,0.0,0.5155775696368547,7.647677174454004e-13
2011-12-23,0.0010845112467376319,-7.317640800631011e-16,0.0,0.0,2.105131540370712e-17,0.0010845112467376319,-7.528153954668083e-16,0.0,0.0,0.5160919846073168,7.683730122353099e-13
2011-12-27,0.0007177530912311964,-1.6477844290557038e-15,0.0,0.0,8.419414544103082e-17,0.0007177530912311964,-1.7319785744967346e-15,0.0,0.0,0.5166162197534852,7.682715771494062e-13
2011-12-28,-0.0024954733029040133,4.82939228927197e-15,0.0,0.0,2.107855194331998e-17,-0.0024954733029040133,4.808313737328651e-15,0.0,0.0,0.5169629211100385,7.693671459311795e-13
2011-12-29,0.0011101306377273965,-3.971839131249071e-15,0.0,0.0,2.099864137475354e-17,0.0011101306377273965,-3.992837772623825e-15,0.0,0.0,0.5157544993912154,7.664504101785039e-13
2011-12-30,3.2636709993236326e-05,-3.731355143761758e-16,0.0,0.0,2.108405283218233e-17,3.2636709993236326e-05,-3.9421956720835813e-16,0.0,0.0,0.5162914790400649,7.695679283746549e-13
2012-01-03,0.0022862094714710176,-9.600908676535309e-15,0.0,0.0,8.437434919078325e-17,0.0022862094714710176,-9.685283025726092e-15,0.0,0.0,0.5163072651795774,7.699159363658972e-13
2012-01-04,0.00017796442612762696,3.9939017779297664e-15,1.2226261551929321e-05,2.2890252752460444e-16,5.261883116465283e-17,0.00016573816457569765,3.712380419240509e-15,0.0610424255069069,1.142848566212658e-12,0.5784342941118505,1.920587337509828e-12
2012-01-05,-0.0002491731646763316,7.497495162340695e-15,0.0,0.0,5.2500707827179806e-17,-0.0002491731646763316,7.444994454513515e-15,0.0,0.0,0.5785163762955918,1.916275835692063e-12
2012-01-06,-0.0002546684529142273,3.788709049066554e-15,0.0,0.0,5.230833083314655e-17,-0.0002546684529142273,3.736400718233407e-15,0.0,0.0,0.5784113277119217,1.9092540754098495e-12
2012-01-09,0.00014672056039410875,-8.09558572121889e-15,0.0,0.0,1.566534864567197e-16,0.00014672056039410875,-8.25223920767561e-15,0.0,0.0,0.578303935027453,1.9059507518900895e-12
2012-01-10,0.0017820809108626625,-1.4566350622392478e-14,0.0,0.0,5.243193284541187e-17,0.0017820809108626625,-1.461878255523789e-14,0.0,0.0,0.5783657974339397,1.9137655488575332e-12
2012-01-11,-0.00020403212387444584,-8.928909836000922e-16,0.0,0.0,5.273702929146036e-17,-0.00020403212387444584,-9.456280128915526e-16,0.0,0.0,0.5791158470486074,1.9249015691383034e-12
2012-01-12,-0.000340948798528546,5.1602062275248805e-15,0.0,0.0,5.277225929427985e-17,-0.000340948798528546,5.1074339682306e-15,0.0,0.0,0.5790299556363689,1.926187464241215e-12
2012-01-13,-0.00028888093663898516,8.405716879787137e-15,0.0,0.0,5.264883433800818e-17,-0.00028888093663898516,8.35306804544913e-15,0.0,0.0,0.5788863774527145,1.9216824533372987e-12
2012-01-17,0.0012345384711852452,-1.1902302439501611e-14,0.0,0.0,2.0973475127084436e-16,0.0012345384711852452,-1.2112037190772455e-14,0.0,0.0,0.5787646906019855,1.913829605346455e-12
2012-01-18,0.0008676319126392358,-1.5178452378656108e-14,0.0,0.0,5.2694724630721175e-17,0.0008676319126392358,-1.523114710328683e-14,0.0,0.0,0.5792840805899441,1.9233574490213227e-12
2012-01-19,-0.000923702576570056,-1.490417401717779e-14,5.163720343885787e-05,4.146855873939264e-16,8.616242064760634e-17,-0.0009753397800089139,-1.5405022025219325e-14,0.2499999999995814,2.0076880610132644e-12,0.8296487907102631,3.1449283536376316e-12
2012-01-20,-0.0009958144901502926,-5.671609946459851e-15,0.0,0.0,8.665527251675801e-17,-0.0009958144901502926,-5.758265218976609e-15,0.0,0.0,0.8295341658044914,3.1629174468616664e-12
2012-01-23,0.00011712891292480683,-1.877641015190581e-14,0.0,0.0,2.6069157772245844e-16,0.00011712891292480683,-1.903710172962827e-14,0.0,0.0,0.829364244246379,3.1717475289565784e-12
2012-01-24,0.0002908120721732848,8.991787191121757e-17,0.0,0.0,8.74013775417575e-17,0.0002908120721732848,2.5164943694600686e-18,0.0,0.0,0.8293842282862636,3.1901502802741495e-12
2012-01-25,0.004663173093036618,-3.585747807906181e-14,0.0,0.0,8.737350476844274e-17,0.004663173093036618,-3.594485158383025e-14,0.0,0.0,0.8294338309873169,3.1891329240481593e-12
2012-01-26,0.00218789858848372,6.7352049140272416e-15,0.0,0.0,8.794579496342705e-17,0.00218789858848372,6.647259119063815e-15,0.0,0.0,0.8302255187800557,3.210021516165087e-12
2012-01-27,-0.0003722936666060583,-1.3161367079731523e-14,0.0,0.0,8.756967523256301e-17,-0.0003722936666060583,-1.3248936754964086e-14,0.0,0.0,0.8305961572085772,3.1962931459885498e-12
2012-01-30,-0.0005544849989623676,2.879391399698403e-14,0.0,0.0,2.6388902610913396e-16,-0.0005544849989623676,2.8530024970874897e-14,0.0,0.0,0.8305330657422649,3.2106498176611294e-12
2012-01-31,0.001055412631981261,-3.981056246326521e-15,0.0,0.0,8.72224979136255e-17,0.001055412631981261,-4.0682787442401464e-15,0.0,0.0,0.8304390467372474,3.183621173847331e-12
2012-02-01,0.0015713562256845373,-2.9054355460853385e-14,0.0,0.0,8.723949428349734e-17,0.0015713562256845373,-2.914159495513688e-14,0.0,0.0,0.8306178148351061,3.1842415413476535e-12
2012-02-02,0.0012176768230985023,-1.0763206905485418e-14,2.3513668218809926e-05,1.933397311770309e-16,6.189231263254914e-17,0.0011941631548796924,-1.1018438949294998e-14,0.115627412570513,9.507394871377528e-13,0.9441852162395998,2.2590694110880435e-12
2012-02-03,-0.0031162032136333668,-2.5166633679693583e-14,0.0,0.0,6.211302193129345e-17,-0.0031162032136333668,-2.5228746701624875e-14,0.0,0.0,0.9442752743220495,2.267125300492211e-12
2012-02-06,0.0005275045914406775,7.12823945333191e-15,0.0,0.0,1.8899650775815343e-16,0.0005275045914406775,6.939242945573757e-15,0.0,0.0,0.9441010819339573,2.2994575110575337e-12
2012-02-07,-0.0010361313456589895,-5.0287388149477845e-15,0.0,0.0,6.277042999775537e-17,-0.0010361313456589895,-5.09150924494554e-15,0.0,0.0,0.9441305533235935,2.2911206949180713e-12
2012-02-08,0.000709277744435192,-4.995206528745347e-15,0.0,0.0,6.297345243192775e-17,0.000709277744435192,-5.0581799811772744e-15,0.0,0.0,0.9440726051967617,2.2985310137653623e-12
2012-02-09,-0.001495852177043768,3.78622117811323e-15,0.0,0.0,6.3065576395541e-17,-0.001495852177043768,3.723155601717689e-15,0.0,0.0,0.9441122451374769,2.301893538437247e-12
2012-02-10,0.0011526640820561092,2.6690581171767142e-14,0.0,0.0,6.305616701317187e-17,0.0011526640820561092,2.662752500475397e-14,0.0,0.0,0.9440285200773788,2.301550095980773e-12
2012-02-13,0.002465028455170854,-2.4215475064687005e-14,0.0,0.0,1.8675948369299489e-16,0.002465028455170854,-2.440223454838e-14,0.0,0.0,0.9440929621118616,2.2722403849314376e-12
2012-02-14,0.0008828162607983895,1.0310204029840863e-14,0.0,0.0,6.276188906156791e-17,0.0008828162607983895,1.0247442140779296e-14,0.0,0.0,0.9442304356748785,2.2908089507472286e-12
2012-02-15,-0.0001914993076103962,6.5674157863442676e-15,0.0,0.0,6.242430852365019e-17,-0.0001914993076103962,6.504991477820618e-15,0.0,0.0,0.9442796265266289,2.278487261113232e-12
2012-02-16,-0.0003192192268867973,-4.3669431993859445e-15,2.3305636804455767e-05,6.770836213700308e-16,2.8951383979532785e-17,-0.0003425248636912531,-5.0729782047355085e-15,0.11458900928386323,3.3290805149889142e-12,0.8918003923476139,1.0567255152529467e-12
2012-02-17,-0.0006461207229293057,-1.038894052268872e-15,0.0,0.0,2.908098722015175e-17,-0.0006461207229293057,-1.0679750394890236e-15,0.0,0.0,0.8917866322153727,1.061456033535539e-12
2012-02-21,-0.0008526224858425805,-1.0629076694651722e-15,0.0,0.0,1.1651308180023902e-16,-0.0008526224858425805,-1.1794207512654112e-15,0.0,0.0,0.8917166681106922,1.063181871427181e-12
2012-02-22,0.003512825052374294,2.270091656268407e-15,0.0,0.0,2.918227266999375e-17,0.003512825052374294,2.240909383598413e-15,0.0,0.0,0.8916242645217047,1.0651529524547718e-12
2012-02-23,-0.0019687715683758106,-4.787690401442145e-15,0.0,0.0,2.901814271932331e-17,-0.0019687715683758106,-4.816708544161469e-15,0.0,0.0,0.8920036368517352,1.0591622092553008e-12
2012-02-24,0.00020432767132044964,-6.10605345814928e-15,0.0,0.0,2.920681386410145e-17,0.00020432767132044964,-6.1352602720133815e-15,0.0,0.0,0.8917905972561865,1.0660487060397028e-12
2012-02-27,0.001587850819374242,3.5415878681297473e-15,0.0,0.0,8.810430685197161e-17,0.001587850819374242,3.4534835612777756e-15,0.0,0.0,0.8918127029146717,1.0719357333656547e-12
2012-02-28,0.0004984704224230485,-3.3189612876626623e-15,0.0,0.0,2.9224668066249215e-17,0.0004984704224230485,-3.3481859557289114e-15,0.0,0.0,0.8919842158660112,1.0667003844180962e-12
2012-02-29,-0.002714730241554412,3.5024125574714937e-15,0.0,0.0,2.930099283421117e-17,-0.002714730241554412,3.4731115646372824e-15,0.0,0.0,0.8920380317139511,1.0694862384487075e-12
2012-03-01,-1.725389315503853e-05,-4.0668668203012655e-16,0.0,0.0,2.928453594111642e-17,-1.725389315503853e-05,-4.3597121797124296e-16,0.0,0.0,0.8917441462740131,1.0688855618507492e-12
2012-03-02,0.0017527191178740736,2.773612185934773e-14,4.760416688142735e-05,8.763935741049852e-16,1.137786092384909e-16,0.0017051149509926462,2.6745949676004252e-14,0.2323660533163481,4.277863248270292e-12,0.9999999999892414,4.1529192372049175e-12
2012-03-05,-0.0020746057842353305,2.6935849190036535e-14,0.0,0.0,3.3847900086178366e-16,-0.0020746057842353305,2.659737018917475e-14,0.0,0.0,1.0000475231237074,4.1181611771517005e-12
2012-03-06,-0.0014188717843868224,7.856821512846055e-14,0.0,0.0,1.1232138775035185e-16,-0.0014188717843868224,7.845589374071019e-14,0.0,0.0,1.000047621920392,4.099730652887843e-12
2012-03-07,0.00027582746265911233,-2.276007048243409e-14,0.0,0.0,1.103253714678851e-16,0.00027582746265911233,-2.2870395853901975e-14,0.0,0.0,1.0000476895857213,4.0268760585778065e-12
2012-03-08,0.00016035162637664097,-3.954440989439149e-14,0.0,0.0,1.1091834071826611e-16,0.00016035162637664097,-3.9655328235109757e-14,0.0,0.0,1.0000476764352737,4.048519436216714e-12
2012-03-09,0.001950415672083431,-6.559522407007821e-15,0.0,0.0,1.1198379242528467e-16,0.001950415672083431,-6.671506199433106e-15,0.0,0.0,1.000047668791545,4.08740842352289e-12
2012-03-12,0.0003726189851720987,1.3396299181866292e-14,0.0,0.0,3.358354972866796e-16,0.0003726189851720987,1.3060463684579612e-14,0.0,0.0,1.0000475759985787,4.0859985503212685e-12
2012-03-13,-0.0013652673520789698,-5.6663829107274184e-14,0.0,0.0,1.115365832183831e-16,-0.0013652673520789698,-5.677536569049257e-14,0.0,0.0,1.0000475582774486,4.071085287470983e-12
2012-03-14,-0.007992643744003266,3.385519884509356e-14,0.0,0.0,1.1324362471621755e-16,-0.007992643744003266,3.374195522037734e-14,0.0,0.0,1.0000476232960365,4.13339230214194e-12
2012-03-15,-0.0009518029547337886,-1.994262912689726e-14,0.0,0.0,1.132210203014295e-16,-0.0009518029547337886,-2.005585014719869e-14,0.0,0.0,1.0000480069988418,4.132567241002177e-12
2012-03-16,0.00016748411015690462,-6.859871966136809e-14,5.1138433705343e-05,3.589718281419496e-15,5.7003394087435735e-16,0.00011634567645156162,-7.275847188366193e-14,0.2500000000013501,1.7549023412227738e-11,0.9999999999759652,2.0806238841914043e-11
2012-03-19,-0.0025206593446484545,-5.037420999143473e-14,0.0,0.0,1.715540477836894e-15,-0.0025206593446484545,-5.208975046927162e-14,0.0,0.0,1.0000511324607027,2.0872409147015546e-11
2012-03-20,-0.0009632210866545656,1.615873872509059e-13,0.0,0.0,5.746755024633171e-16,-0.0009632210866545656,1.6101271174844259e-13,0.0,0.0,1.0000512616739723,2.097565583991107e-11
2012-03-21,0.002375782568496551,1.6796137962132802e-14,0.0,0.0,5.707982556738117e-16,0.002375782568496551,1.622533970645899e-14,0.0,0.0,1.0000513110977427,2.0834136332094124e-11
2012-03-22,9.8141573774763e-05,2.0059353924030163e-13,0.0,0.0,5.68986299777731e-16,9.8141573774763e-05,2.000245529405239e-13,0.0,0.0,1.0000511894826458,2.076799994188718e-11
2012-03-23,0.0019080044955232277,-9.235450023286868e-14,0.0,0.0,5.634352899476987e-16,0.0019080044955232277,-9.291793552281637e-14,0.0,0.0,1.0000511844591227,2.0565388083091003e-11
2012-03-26,0.0029142822251338606,-2.4586347859929257e-13,0.0,0.0,1.6946632256314094e-15,0.0029142822251338606,-2.4755814182492397e-13,0.0,0.0,1.0000510869850185,2.0618402578515474e-11
2012-03-27,0.0027013146155623327,5.870908150265187e-14,0.0,0.0,5.699626954400165e-16,0.0027013146155623327,5.813911880721185e-14,0.0,0.0,1.0000509385359964,2.08036383835606e-11
2012-03-28,-0.001996439433545987,1.3271546299336724e-13,0.0,0.0,5.668230600370935e-16,-0.001996439433545987,1.3214863993333014e-13,0.0,0.0,1.0000508013056286,2.068904169135391e-11
2012-03-29,0.0011009530111028359,1.0194699957542972e-13,0.0,0.0,5.643136379547094e-16,0.0011009530111028359,1.0138268593747501e-13,0.0,0.0,1.0000509029301135,2.0597447785346895e-11
2012-03-30,-0.0004563044317208101,-7.606680148255668e-14,5.088173510086508e-05,1.3515684793487548e-15,6.023262944203292e-16,-0.0005071861668216751,-7.802069625632575e-14,0.24999999998518965,6.640735013209616e-12,0.9999999999767137,2.1984909746342014e-11
2012-04-02,0.003646306632518645,-2.330937527408078e-13,0.0,0.0,1.8141510614593046e-15,0.003646306632518645,-2.349079038022671e-13,0.0,0.0,1.0000509075314885,2.2072171247754866e-11
2012-04-03,-0.004641700605644491,1.4410301194512262e-13,0.0,0.0,6.088829766624229e-16,-0.004641700605644491,1.434941289684602e-13,0.0,0.0,1.0000507225816375,2.2224228648178434e-11
2012-04-04,-0.0005415712986117633,3.524454400914848e-13,0.0,0.0,6.077559701927393e-16,-0.0005415712986117633,3.5183768412129205e-13,0.0,0.0,1.0000509591184652,2.218309291203499e-11
2012-04-05,0.0014849748890067352,-1.3207192371924761e-14,0.0,0.0,5.984240200116057e-16,0.0014849748890067352,-1.3805616391936367e-14,0.0,0.0,1.0000509867310634,2.1842476730423607e-11
2012-04-09,0.0008536985910455459,1.9911390900310283e-13,0.0,0.0,2.39159198954484e-15,0.0008536985910455459,1.9672231701355798e-13,0.0,0.0,1.0000509111293288,2.182327690459667e-11
2012-04-10,-0.003076687992715352,3.752338012206155e-13,0.0,0.0,5.919374855995243e-16,-0.003076687992715352,3.7464186373501597e-13,0.0,0.0,1.0000508677034454,2.1605718224382635e-11
2012-04-11,0.0013192631432596227,-1.9321805233880206e-13,0.0,0.0,5.834522078859986e-16,0.0013192631432596227,-1.9380150454668805e-13,0.0,0.0,1.000051024690122,2.129600558783894e-11
2012-04-12,0.001548586074177883,-3.536250066409319e-13,0.0,0.0,5.8797016578661e-16,0.001548586074177883,-3.5421297680671853e-13,0.0,0.0,1.0000509574640117,2.1460911051211267e-11
2012-04-13,0.0008573125407567205,2.930766149239341e-13,0.0,0.0,5.967344275087259e-16,0.0008573125407567205,2.924798804964254e-13,0.0,0.0,1.0000508786743596,2.1780806604068496e-11
2012-04-16,-0.0022217066587195762,-4.468755325103218e-15,5.056089622324781e-05,4.468147038269904e-15,5.125271120306214e-17,-0.002272267554942824,-8.988155074576184e-15,0.24999999998950273,2.209289872134349e-11,1.0000000000186302,6.235746529705893e-13
2012-04-17,0.0073289472959498355,3.5007961705154542e-15,0.0,0.0,1.7245855919292718e-17,0.0073289472959498355,3.4835503145961615e-15,0.0,0.0,1.000050676064439,6.294737410541841e-13
2012-04-18,-0.0008589941477527503,2.759781909435504e-15,0.0,0.0,1.7025167142748975e-17,-0.0008589941477527503,2.742756742292755e-15,0.0,0.0,1.0000503073644134,6.214186007103376e-13
2012-04-19,-0.0024888768243284307,2.5064587910893032e-15,0.0,0.0,1.696412876680914e-17,-0.0024888768243284307,2.489494662322494e-15,0.0,0.0,1.0000503506152947,6.191906999885336e-13
2012-04-20,0.0009466907597832461,-1.538315640834638e-16,0.0,0.0,1.6937614298630914e-17,0.0009466907597832461,-1.707691783820947e-16,0.0,0.0,1.0000504762444475,6.182229219000284e-13
2012-04-23,-0.0038224232959567345,-3.1250803949046648e-15,0.0,0.0,5.077741607548706e-17,-0.0038224232959567345,-3.1758578109801517e-15,0.0,0.0,1.0000504285042482,6.177918955850926e-13
2012-04-24,-0.0011099475851800912,1.2342454617881437e-15,0.0,0.0,1.7076698369116173e-17,-0.0011099475851800912,1.2171687634190275e-15,0.0,0.0,1.000050622002975,6.232994904727403e-13
2012-04-25,0.00748128562077723,4.1188540379069907e-16,0.0,0.0,1.7061821152144167e-17,0.00748128562077723,3.948235826385549e-16,0.0,0.0,1.0000506782531786,6.227564720532621e-13
2012-04-26,0.003860195482291615,-2.9128231012057046e-15,0.0,0.0,1.6923923911924053e-17,0.003860195482291615,-2.9297470251176287e-15,0.0,0.0,1.0000503019300724,6.177232227852279e-13
2012-04-27,0.0013569490128987295,-4.5815190710712705e-15,0.0,0.0,1.6938341973396658e-17,0.0013569490128987295,-4.598457413044667e-15,0.0,0.0,1.000050108501464,6.18249482028978e-13
2012-04-30,-0.0018147199761379372,5.447339118357981e-15,1.5084386902131042e-07,1.786867273901129e-15,6.817276865252851e-16,-0.0018148708200069585,2.9787441579315673e-15,0.0007527001700500796,8.91634051585014e-12,0.9999999999682444,8.294353519390969e-12
2012-05-01,0.000978233694269632,-5.0391142492724304e-14,0.0,0.0,2.2750621439734805e-16,0.000978233694269632,-5.061864870712165e-14,0.0,0.0,1.0000001510863121,8.303976825503206e-12
2012-05-02,0.0019399046548633466,6.289930292595762e-14,0.0,0.0,2.2866310768715965e-16,0.0019399046548633466,6.267063981827046e-14,0.0,0.0,1.0000001509387098,8.346203430581329e-12
2012-05-03,-0.0018981187358835337,4.864303298472767e-14,0.0,0.0,2.2650044983686445e-16,-0.0018981187358835337,4.8416532534890806e-14,0.0,0.0,1.0000001506464076,8.267266419045552e-12
2012-05-04,-0.005538256276311757,1.1544958441649882e-13,0.0,0.0,2.2559597194273987e-16,-0.005538256276311757,1.152239884445561e-13,0.0,0.0,1.0000001509328473,8.234252975910004e-12
2012-05-07,0.00023183837185154413,-2.2071765442383936e-14,0.0,0.0,6.710151628268258e-16,0.00023183837185154413,-2.274278060521076e-14,0.0,0.0,1.0000001517732915,8.16401781439305e-12
2012-05-08,-0.0007139206225883304,4.264254287624977e-14,0.0,0.0,2.242244430150135e-16,-0.0007139206225883304,4.241831843323476e-14,0.0,0.0,1.0000001517381358,8.184192170047995e-12
2012-05-09,-0.0020776553685127844,7.228763358483679e-14,0.0,0.0,2.23215512326611e-16,-0.0020776553685127844,7.206441807251017e-14,0.0,0.0,1.0000001518464994,8.147366199921302e-12
2012-05-10,-6.811774014295129e-06,-8.847676885824053e-15,0.0,0.0,2.2169563634370712e-16,-6.811774014295129e-06,-9.06937252216776e-15,0.0,0.0,1.000000152162569,8.091890726545309e-12
2012-05-11,0.000534820689891084,5.087194984901613e-14,0.0,0.0,2.2193955025223117e-16,0.000534820689891084,5.06500102987639e-14,0.0,0.0,1.0000001521636144,8.100793584206438e-12
2012-05-14,-0.0030864789064691247,2.6997466116870608e-14,2.894184506155309e-07,1.3367248633350987e-15,1.1734183519370905e-16,-0.00308676832491974,2.55433994183418e-14,0.0014443890961374044,6.6711393590515254e-12,0.9999999999981767,1.4276589948567933e-12
2012-05-15,-0.00038572217888742036,-5.185005723229086e-15,0.0,0.0,3.849310776440192e-17,-0.00038572217888742036,-5.223498830993488e-15,0.0,0.0,1.0000002903127299,1.4049984334006697e-12
2012-05-16,-0.0011964497909568378,-1.320077053684379e-14,0.0,0.0,3.86500709052872e-17,-0.0011964497909568378,-1.3239420607749076e-14,0.0,0.0,1.0000002904247585,1.4107275880429827e-12
2012-05-17,-0.005749774763074588,7.92975196457632e-15,0.0,0.0,3.9058467346594545e-17,-0.005749774763074588,7.890693497229725e-15,0.0,0.0,1.0000002907726666,1.425634058150701e-12
2012-05-18,-0.004283217086540501,-8.138160400911774e-15,0.0,0.0,3.9065833612315253e-17,-0.004283217086540501,-8.17722623452409e-15,0.0,0.0,1.0000002924542049,1.425902926849507e-12
2012-05-21,0.007039507446890658,-1.2549459638480792e-15,0.0,0.0,1.1837340974412016e-16,0.007039507446890658,-1.3733193735921993e-15,0.0,0.0,1.0000002937122459,1.4402098185534623e-12
2012-05-22,-0.0006427193395533165,1.2556052906166484e-15,0.0,0.0,3.921612313837069e-17,-0.0006427193395533165,1.2163891674782777e-15,0.0,0.0,1.0000002916591113,1.4313884945505303e-12
2012-05-23,0.0004971457074276974,-4.81455061263829e-16,0.0,0.0,3.9206922040462e-17,0.0004971457074276974,-5.206619833042909e-16,0.0,0.0,1.0000002918466855,1.4310526544768632e-12
2012-05-24,0.0003077314134716296,1.4071681674141397e-14,0.0,0.0,3.920062416805206e-17,0.0003077314134716296,1.4032481049973345e-14,0.0,0.0,1.0000002917016675,1.4308227821339002e-12
2012-05-25,0.00031483057112790283,1.2173449315022148e-14,0.0,0.0,3.88031576921688e-17,0.00031483057112790283,1.213464615732998e-14,0.0,0.0,1.0000002916119153,1.4163152557641609e-12
2012-05-29,0.00359827290940976,1.3494935549595539e-14,4.0578080820846696e-05,2.241222883292907e-16,3.280627814377686e-17,0.0035576948285889133,1.3238006983122472e-14,0.19994487489625748,1.1043425907526184e-12,1.0000000000073428,2.993572880619638e-13
2012-05-30,-0.0007162573724314732,7.543511327377493e-15,0.0,0.0,7.804080736632746e-18,-0.0007162573724314732,7.53570724664086e-15,0.0,0.0,1.0000404342354798,2.8484894688709524e-13
2012-05-31,0.0013327597951074068,1.9692612591769504e-15,0.0,0.0,7.602854794214751e-18,0.0013327597951074068,1.9616584043827356e-15,0.0,0.0,1.0000404632175506,2.775041999888384e-13
2012-06-01,-0.007807426546848325,9.997186671693295e-15,0.0,0.0,7.538854948173542e-18,-0.007807426546848325,9.989647816745121e-15,0.0,0.0,1.0000404093615758,2.751682056083343e-13
2012-06-04,0.0009383165781463322,-1.1562423968076302e-14,0.0,0.0,2.1966379160561094e-17,0.0009383165781463322,-1.1584390347236863e-14,0.0,0.0,1.00004072733726,2.6725761312016e-13
2012-06-05,0.0009724578059917725,-6.6010675457373e-16,0.0,0.0,7.631744133664405e-18,0.0009724578059917725,-6.677384987073945e-16,0.0,0.0,1.0000406891579603,2.7855866087875075e-13
2012-06-06,0.006720211476461602,1.318899459450316e-15,0.0,0.0,7.642397341277059e-18,0.006720211476461602,1.311257062109039e-15,0.0,0.0,1.000040649627913,2.789475029566126e-13
2012-06-07,0.0010076193038826339,1.6867489237560838e-14,0.0,0.0,7.555488628122304e-18,0.0010076193038826339,1.6859933748932716e-14,0.0,0.0,1.0000403782773488,2.757753349264641e-13
2012-06-08,0.00446331295949789,-3.1083405082456272e-15,0.0,0.0,7.08622541778967e-18,0.00446331295949789,-3.115426733663417e-15,0.0,0.0,1.0000403376323548,2.5864722774932296e-13
2012-06-11,-0.0040171837132192524,1.0749436594668825e-14,0.0,0.0,2.14185585651252e-17,-0.0040171837132192524,1.07280180361037e-14,0.0,0.0,1.0000401583928824,2.605924625423566e-13
2012-06-12,0.0022719214867709474,-1.5938774436133293e-14,1.2292377814162978e-05,2.799742826032536e-16,4.3875500637146665e-17,0.0022596291089567845,-1.6262624219373694e-14,0.05929882987412015,1.35060503380319e-12,0.9999999999985214,1.6014557732558536e-12
2012-06-13,-0.0002360148118129001,8.338150617012728e-15,0.0,0.0,4.42122760429025e-17,-0.0002360148118129001,8.293938340969825e-15,0.0,0.0,1.000012264662763,1.6137480755659413e-12
2012-06-14,0.0038308410085106845,-5.569970424987652e-14,0.0,0.0,4.3994216847054263e-17,0.0038308410085106845,-5.574369846672357e-14,0.0,0.0,1.00001226755808,1.6057889149174807e-12
2012-06-15,0.004776086121050904,-5.010210824485617e-15,0.0,0.0,4.534652082998518e-17,0.004776086121050904,-5.055557345315602e-15,0.0,0.0,1.0000122207424145,1.6551480102944585e-12
2012-06-18,0.003093217113599665,-2.510949393722797e-14,0.0,0.0,1.3580275498662184e-16,0.003093217113599665,-2.5245296692214594e-14,0.0,0.0,1.0000121626525438,1.6522668523372323e-12
2012-06-19,0.0010929802598229554,-4.32867515750813e-15,0.0,0.0,4.5813804292810115e-17,0.0010929802598229554,-4.3744889618009395e-15,0.0,0.0,1.0000121251468572,1.6722038566875695e-12
2012-06-20,-0.0013909265169637132,4.8183012308498824e-15,0.0,0.0,4.588224973950051e-17,-0.0013909265169637132,4.772418981110382e-15,0.0,0.0,1.0000121119087844,1.6747021154917686e-12
2012-06-21,-0.007474105539317859,1.981050994423314e-14,0.0,0.0,4.581396534584709e-17,-0.007474105539317859,1.9764695978887292e-14,0.0,0.0,1.00001212877902,1.6722097351234185e-12
2012-06-22,0.0015257191159236884,-1.1160443443299336e-14,0.0,0.0,4.5612121458396143e-17,0.0015257191159236884,-1.1206055564757731e-14,0.0,0.0,1.0000122201134174,1.6648424332314592e-12
2012-06-25,-0.003712938833498822,8.893072132190221e-15,0.0,0.0,1.3754380787959818e-16,-0.003712938833498822,8.755528324310624e-15,0.0,0.0,1.0000122014973707,1.6734496625351113e-12
2012-06-26,0.0014038479261115446,-8.656680650254296e-15,1.7832673673652586e-05,2.522508865903773e-16,3.6232024359883636e-17,0.001386015252437892,-8.945163561204556e-15,0.08797254911542751,1.2444097792676532e-12,0.9999999999983383,1.3224688891357526e-12
2012-06-27,0.0038527045037009162,-7.411723362408822e-15,0.0,0.0,3.6418716795814425e-17,0.0038527045037009162,-7.448142079204637e-15,0.0,0.0,1.000017807989875,1.3292831630472266e-12
2012-06-28,-0.0008238387347090253,3.649087214149543e-15,0.0,0.0,3.6481226324890853e-17,-0.0008238387347090253,3.612605987824652e-15,0.0,0.0,1.000017739644275,1.3315647608585158e-12
2012-06-29,0.0069449098607758195,-2.691788144058198e-14,0.0,0.0,3.641124832947516e-17,0.0069449098607758195,-2.6954292688911457e-14,0.0,0.0,1.0000177542709277,1.3290105640258436e-12
2012-07-02,0.0040705065640418685,-7.977747581079534e-15,0.0,0.0,1.106775281434137e-16,0.0040705065640418685,-8.088425109222948e-15,0.0,0.0,1.000017631819557,1.3465765924115333e-12
2012-07-03,0.0008960556570476525,-1.438379523931615e-14,0.0,0.0,3.696062932374366e-17,0.0008960556570476525,-1.4420755868639895e-14,0.0,0.0,1.0000175603400854,1.3490629703166437e-12
2012-07-05,0.0009427731316908839,-1.3657055734713637e-15,0.0,0.0,7.464252795185896e-17,0.0009427731316908839,-1.4403481014232228e-15,0.0,0.0,1.000017544619145,1.3622261351214261e-12
2012-07-06,-0.0011580785844299652,1.6214295602688675e-14,0.0,0.0,3.7323492980620565e-17,-0.0011580785844299652,1.6176972109708056e-14,0.0,0.0,1.0000175280941301,1.3623074937926503e-12
2012-07-09,5.5182226224553475e-05,-1.0539874060324453e-14,0.0,0.0,1.1076607292844175e-16,5.5182226224553475e-05,-1.0650640133252895e-14,0.0,0.0,1.0000175484165592,1.3476538872960415e-12
2012-07-10,-0.0011452118304721562,1.6265360738904713e-14,0.0,0.0,3.720873472154965e-17,-0.0011452118304721562,1.6228152004183164e-14,0.0,0.0,1.0000175474482629,1.3581188173365624e-12
2012-07-11,-0.00015744705600352288,-8.570235625139545e-16,1.5784482231172392e-06,2.975914458403858e-16,3.852699287998558e-18,-0.00015902550422664013,-1.1584677076423388e-15,0.007871333605826512,1.484015448934966e-12,1.0000000000077112,1.4062352401194738e-13
2012-07-12,0.00038754016211409344,1.1381262299271429e-15,0.0,0.0,3.8767958950236744e-18,0.00038754016211409344,1.1342494340321193e-15,0.0,0.0,1.0000015787069905,1.4150305016836412e-13
2012-07-13,0.00545098074525901,-1.5640415493139622e-15,0.0,0.0,3.844124601806351e-18,0.00545098074525901,-1.5678856739157686e-15,0.0,0.0,1.0000015780954137,1.403105479659318e-13
2012-07-16,6.220303592550067e-05,-3.345675361672533e-16,0.0,0.0,1.1597706291950068e-17,6.220303592550067e-05,-3.4616524245920335e-16,0.0,0.0,1.000001569539884,1.4110542655205914e-13
2012-07-17,0.002108425820870849,1.9967225245003842e-16,0.0,0.0,3.874827305162218e-18,0.002108425820870849,1.957974251448762e-16,0.0,0.0,1.00000156944226,1.4143119663842096e-13
2012-07-18,0.0036206975111451227,-8.0648122277712e-16,0.0,0.0,3.861215745514557e-18,0.0036206975111451227,-8.103424385226345e-16,0.0,0.0,1.0000015661401693,1.4093437471128134e-13
2012-07-19,0.001961510118268695,-1.2908176700550013e-15,0.0,0.0,3.869301550985533e-18,0.001961510118268695,-1.2946869716059868e-15,0.0,0.0,1.0000015604901076,1.4122950661097196e-13
2012-07-20,-0.0017159509590208499,1.8975328174432038e-15,0.0,0.0,3.8970223698486996e-18,-0.0017159509590208499,1.893635795073355e-15,0.0,0.0,1.0000015574351842,1.4224131649947754e-13
2012-07-23,-0.004857564171621955,2.273067269971221e-15,0.0,0.0,1.1554933206830072e-17,-0.004857564171621955,2.261512336764391e-15,0.0,0.0,1.0000015601122583,1.4058502068309922e-13
2012-07-24,-0.002708692572286962,1.139260423375609e-15,0.0,0.0,3.807865537868134e-18,-0.002708692572286962,1.1354525578377408e-15,0.0,0.0,1.0000015677275933,1.389870921321869e-13
2012-07-25,-0.0005413768831159352,-2.4175073493361306e-16,1.827097055504796e-07,4.5127862248298005e-17,7.463601369598193e-18,-0.0005415595928214856,-2.9434219855150925e-16,0.0009119573138142614,2.2524629389634436e-13,0.9999999999938483,2.7242144999033404e-13
2012-07-26,0.005370769759937819,-3.49387381604845e-15,0.0,0.0,7.474272441344567e-18,0.005370769759937819,-3.5013480884897948e-15,0.0,0.0,1.0000001828025527,2.728109441090767e-13
2012-07-27,0.0059039662391513975,-4.466968483373979e-15,0.0,0.0,7.529555502647896e-18,0.0059039662391513975,-4.4744980388766266e-15,0.0,0.0,1.0000001818260105,2.748287758466482e-13
2012-07-30,0.001762370352872015,1.3607976614665973e-15,0.0,0.0,2.282107971827003e-17,0.001762370352872015,1.3379765817483273e-15,0.0,0.0,1.0000001807588208,2.776564699056187e-13
2012-07-31,-0.0011869405107124754,1.3375933681020992e-15,0.0,0.0,7.556427221736031e-18,-0.0011869405107124754,1.3300369408803632e-15,0.0,0.0,1.0000001804408163,2.7580959359336507e-13
2012-08-01,-0.0016384936955387659,6.038464338132532e-17,0.0,0.0,7.528716967251507e-18,-0.0016384936955387659,5.2855926414073815e-17,0.0,0.0,1.0000001806552417,2.7479816930468e-13
2012-08-02,-0.0018543948785345655,1.8559483653042483e-15,0.0,0.0,7.539415878845772e-18,-0.0018543948785345655,1.8484089494254026e-15,0.0,0.0,1.0000001809517298,2.7518867957787066e-13
2012-08-03,0.004770636102331646,-4.635439955722774e-15,0.0,0.0,7.50248053991599e-18,0.004770636102331646,-4.64294243626269e-15,0.0,0.0,1.0000001812879074,2.7384053970693356e-13
2012-08-06,0.0013644281357913792,-2.6736549718207145e-15,0.0,0.0,2.2779762726138137e-17,0.0013644281357913792,-2.6964347345468525e-15,0.0,0.0,1.0000001804271599,2.7715377983468064e-13
2012-08-07,-0.0017419393723089207,-3.340255607031206e-15,0.0,0.0,7.656058920990763e-18,-0.0017419393723089207,-3.3479116659521966e-15,0.0,0.0,1.000000180181318,2.794461506161628e-13
2012-08-08,-4.1209856165323816e-05,4.943711979864909e-16,1.584426417148669e-06,2.501977933672862e-17,6.012280490209868e-18,-4.279428258247249e-05,4.633391381595524e-16,0.007806049715956969,1.232658325252164e-13,1.0000000000013824,2.1944823789266018e-13
2012-08-09,-0.00024295808622566863,-2.581688879789332e-16,0.0,0.0,5.9989927964196135e-18,-0.00024295808622566863,-2.641678807753528e-16,0.0,0.0,1.0000015844956063,2.189632370693159e-13
2012-08-10,0.0012710069849703653,-1.695686686855199e-16,0.0,0.0,6.007525493535078e-18,0.0012710069849703653,-1.7557619417905497e-16,0.0,0.0,1.0000015848806665,2.1927468051403035e-13
2012-08-13,-0.00038401698059919564,3.4043192559669315e-16,0.0,0.0,1.8013618196903252e-17,-0.00038401698059919564,3.224183073997899e-16,0.0,0.0,1.0000015828688293,2.1916568806232287e-13
2012-08-14,-0.0012446833741320755,1.564954317722278e-16,0.0,0.0,5.997515644745597e-18,-0.0012446833741320755,1.5049791612748222e-16,0.0,0.0,1.0000015834769107,2.189093210332143e-13
2012-08-15,-0.0019375640970118674,1.0129143982706306e-15,0.0,0.0,6.000697066541573e-18,-0.0019375640970118674,1.006913701204089e-15,0.0,0.0,1.0000015854502944,2.190254429287674e-13
2012-08-16,0.0007086821401843029,-2.62178849609261e-15,0.0,0.0,5.984541419728839e-18,0.0007086821401843029,-2.627773037512339e-15,0.0,0.0,1.0000015885281688,2.1843576182010263e-13
2012-08-17,0.00105412571892505,-1.42088149462417e-15,0.0,0.0,6.052082238945944e-18,0.00105412571892505,-1.426933576863116e-15,0.0,0.0,1.000001587403207,2.2090100172152696e-13
2012-08-20,0.0006184916772426027,3.8659285117316684e-16,0.0,0.0,1.8253789708018854e-17,0.0006184916772426027,3.6833906146514796e-16,0.0,0.0,1.0000015857316482,2.2208777478089606e-13
2012-08-21,-0.0022385079390178373,-3.167150376988805e-16,0.0,0.0,6.0702505849104235e-18,-0.0022385079390178373,-3.227852882837909e-16,0.0,0.0,1.000001584751492,2.2156414634923045e-13
2012-08-22,0.002637279469694161,-3.685506695674384e-15,9.413638486152205e-06,7.757994132315427e-16,1.1026186205042181e-16,0.0026278658312080087,-4.571567970956348e-15,0.04686289582562886,3.8620781047981655e-12,0.9999999999936431,4.024557964840396e-12
2012-08-23,-0.0025429515941335933,3.3056870908656106e-14,0.0,0.0,1.1007357624666768e-16,-0.0025429515941335933,3.2946797332409435e-14,0.0,0.0,1.0000093889592088,4.01768553300337e-12
2012-08-24,0.003351854104863406,8.449029214129891e-15,0.0,0.0,1.0944622500287946e-16,0.003351854104863406,8.339582989127012e-15,0.0,0.0,1.000009412895714,3.9947872126051014e-12
2012-08-27,0.0015055921886711033,1.58141220023793e-14,0.0,0.0,3.2654968734135303e-16,0.0015055921886711033,1.5487572315037946e-14,0.0,0.0,1.0000093814504525,3.973021195986462e-12
2012-08-28,-0.0002955835667237123,2.9048059088670844e-15,0.0,0.0,1.0825364631965174e-16,-0.0002955835667237123,2.7965522625474327e-15,0.0,0.0,1.0000093673470323,3.951258090667289e-12
2012-08-29,-8.641679353591061e-05,-3.69385287355871e-15,0.0,0.0,1.0820604652529384e-16,-8.641679353591061e-05,-3.802058920084004e-15,0.0,0.0,1.0000093701166821,3.9495206981732244e-12
2012-08-30,-0.002297236836966291,2.0083703948641738e-14,0.0,0.0,1.0831660834786502e-16,-0.002297236836966291,1.9975387340293874e-14,0.0,0.0,1.0000093709264914,3.9535562046970734e-12
2012-08-31,0.0030888719694137246,-2.1263262941424337e-14,0.0,0.0,1.080145047828303e-16,0.0030888719694137246,-2.1371277446207166e-14,0.0,0.0,1.0000093925032758,3.942529424573306e-12
2012-09-04,0.0004846911598079571,1.1180077936375228e-14,0.0,0.0,4.33050601862221e-16,0.0004846911598079571,1.0747027334513007e-14,0.0,0.0,1.000009363580396,3.951586741992765e-12
2012-09-05,-0.0005302991142824199,1.3036178120498618e-14,0.0,0.0,1.0790404682284538e-16,-0.0005302991142824199,1.2928274073675773e-14,0.0,0.0,1.0000093590441395,3.938497709033856e-12
2012-09-06,0.005066456587166068,-2.702869625664416e-13,5.057645176032664e-05,3.633653432837597e-15,5.8897212388213755e-16,0.005015880135405742,-2.745095881231613e-13,0.24999999999789901,1.7961191949695963e-11,0.999999999979124,2.1497482521698024e-11
2012-09-07,-0.0009666797748037596,-1.9461652878621124e-13,0.0,0.0,5.934008187652168e-16,-0.0009666797748037596,-1.9520992960497646e-13,0.0,0.0,1.0000503240119472,2.1659129884930418e-11
2012-09-10,-0.0015046521001260706,1.1075430226443556e-13,0.0,0.0,1.797936364093874e-15,-0.0015046521001260706,1.0895636590034168e-13,0.0,0.0,1.0000503727064187,2.18748924298088e-11
2012-09-11,-0.00034667269986760275,-1.2401974119598006e-13,0.0,0.0,5.971762994921349e-16,-0.00034667269986760275,-1.246169174954722e-13,0.0,0.0,1.0000504486139228,2.1796934931462926e-11
2012-09-12,-0.0010960278344869746,-7.025075748762668e-14,0.0,0.0,6.007823754690035e-16,-0.0010960278344869746,-7.085153986309569e-14,0.0,0.0,1.0000504661092695,2.1928556704618627e-11
2012-09-13,0.006052396590413655,-3.179047787408387e-13,0.0,0.0,6.033683622758818e-16,0.006052396590413655,-3.185081471031146e-13,0.0,0.0,1.0000505214822915,2.2022945223069685e-11
2012-09-14,-0.0027484216633938733,-1.6065579241687426e-13,0.0,0.0,6.08395829398107e-16,-0.0027484216633938733,-1.6126418824627237e-13,0.0,0.0,1.0000502175461048,2.2206447773030908e-11
2012-09-17,0.000649180053840259,2.821865225737951e-13,0.0,0.0,1.843458675632397e-15,0.000649180053840259,2.803430638981627e-13,0.0,0.0,1.0000503559456384,2.242874722019416e-11
2012-09-18,0.0012189951376663745,9.795073834760269e-14,0.0,0.0,6.06361449847209e-16,0.0012189951376663745,9.734437689775548e-14,0.0,0.0,1.0000503232764908,2.2132192919423126e-11
2012-09-19,0.0012787312183137366,-2.4676871822850473e-14,0.0,0.0,6.029428835312979e-16,0.0012787312183137366,-2.527981470638177e-14,0.0,0.0,1.000050262007251,2.200741524889238e-11
2012-09-20,0.0004737727918965212,0.0,1.6686558569990465e-05,4.457236137813478e-15,0.0,0.0004570862333265307,-4.457236137813478e-15,0.08237622421950788,2.2003954976560884e-11,1.0000000000073739,0.0
2012-09-21,0.0004885367479165633,0.0,0.0,0.0,0.0,0.0004885367479165633,0.0,0.0,0.0,1.0000166789422336,0.0
2012-09-24,0.0007371807210569729,0.0,0.0,0.0,0.0,0.0007371807210569729,0.0,0.0,0.0,1.0000166707979363,0.0
2012-09-25,-0.002606082774425815,0.0,0.0,0.0,0.0,-0.002606082774425815,0.0,0.0,0.0,1.0000166585175985,0.0
2012-09-26,-0.0003608240169208053,0.0,0.0,0.0,0.0,-0.0003608240169208053,0.0,0.0,0.0,1.0000167020445088,0.0
2012-09-27,0.0026566727871221384,0.0,0.0,0.0,0.0,0.0026566727871221384,0.0,0.0,0.0,1.000016708073183,0.0
2012-09-28,-0.00039966163015308346,0.0,0.0,0.0,0.0,-0.00039966163015308346,0.0,0.0,0.0,1.0000166638029109,0.0
2012-10-01,0.0002414373709863587,0.0,0.0,0.0,0.0,0.0002414373709863587,0.0,0.0,0.0,1.0000166704654563,0.0
2012-10-02,0.0016236144354686039,0.0,0.0,0.0,0.0,0.0016236144354686039,0.0,0.0,0.0,1.000016666441555,0.0
2012-10-03,0.002985412793709388,0.0,0.0,0.0,0.0,0.002985412793709388,0.0,0.0,0.0,1.000016639425543,0.0
2012-10-04,0.0011273489947022102,-7.59286874761767e-14,5.1312215815998474e-05,1.5447835436533718e-15,2.0620253939452834e-16,0.0010760367788862117,-7.767967355922461e-14,0.25000000000268596,7.526392687900284e-12,0.9999999999873839,7.526392687900284e-12
2012-10-05,-0.00116175027613891,2.6973637280911695e-14,0.0,0.0,2.0805889838075817e-16,-0.00116175027613891,2.6765578382530937e-14,0.0,0.0,1.0000512570488076,7.594149790897673e-12
2012-10-08,-0.0010672457426595127,2.5642455404892138e-14,0.0,0.0,6.226830861061263e-16,-0.0010672457426595127,2.5019772318786013e-14,0.0,0.0,1.000051316665932,7.575977547624537e-12
2012-10-09,-0.003392254656799472,1.4524797798676968e-14,0.0,0.0,2.0707950039243113e-16,-0.003392254656799472,1.4317718298284537e-14,0.0,0.0,1.0000513714919128,7.558401764323738e-12
2012-10-10,-0.0007332899295002498,3.1778154572168156e-14,0.0,0.0,2.0738506367471223e-16,-0.0007332899295002498,3.1570769508493446e-14,0.0,0.0,1.0000515463502453,7.569554824126997e-12
2012-10-11,0.0010368115974954885,-6.451335753978773e-14,0.0,0.0,2.0666597538138296e-16,0.0010368115974954885,-6.472002351516911e-14,0.0,0.0,1.0000515841763706,7.543308101420477e-12
2012-10-12,6.091754240192771e-05,5.771316409630166e-14,0.0,0.0,2.0821758222500846e-16,6.091754240192771e-05,5.750494651407666e-14,0.0,0.0,1.0000515307487574,7.59994175121281e-12
2012-10-15,0.0036438745158441097,1.1006918507143872e-14,0.0,0.0,6.198714378964453e-16,0.0036438745158441097,1.0387047069247427e-14,0.0,0.0,1.0000515276097643,7.541769161073418e-12
2012-10-16,0.0028077703773589945,-5.4507247053527844e-14,0.0,0.0,2.0557317038428716e-16,0.0028077703773589945,-5.471282022391213e-14,0.0,0.0,1.0000513405313005,7.50342071902648e-12
2012-10-17,-0.00023012246290151335,-4.846619007128715e-14,0.0,0.0,2.0648675223240645e-16,-0.00023012246290151335,-4.8672676823519553e-14,0.0,0.0,1.0000511967825458,7.536766456482834e-12
2012-10-18,-0.001226171458106291,-3.4606385904765832e-15,5.106005756774545e-05,1.7195177407203517e-15,2.279768855658978e-17,-0.0012772315156740364,-5.202954019753524e-15,0.25000000000429523,8.419094213067002e-12,1.0000000000148777,8.32115632315527e-13
2012-10-19,-0.006270301661390775,-3.0801255086296226e-15,0.0,0.0,2.2921776988732602e-17,-0.006270301661390775,-3.1030472856183552e-15,0.0,0.0,1.0000511253713864,8.3664486008874e-13
2012-10-22,-0.0003725653417822111,0.0,0.0,0.0,6.945398943223447e-17,-0.0003725653417822111,-6.945398943223447e-17,0.0,0.0,1.000051447965654,8.45023538092186e-13
2012-10-23,-0.005223175599283566,-3.876093995435279e-15,0.0,0.0,2.3159958408564975e-17,-0.005223175599283566,-3.8992539538438436e-15,0.0,0.0,1.0000514671405267,8.453384819126215e-13
2012-10-24,-0.0018096172251880521,0.0,0.0,0.0,2.3388314035784478e-17,-0.0018096172251880521,-2.3388314035784478e-17,0.0,0.0,1.0000517373739197,8.536734623061334e-13
2012-10-25,0.0011016162598798767,-7.804167534877526e-16,0.0,0.0,2.3430714660632824e-17,0.0011016162598798767,-8.038474681483855e-16,0.0,0.0,1.0000518311684947,8.55221085113098e-13
2012-10-26,-0.0004786107946358734,0.0,0.0,0.0,2.3426289160502457e-17,-0.0004786107946358734,-2.3426289160502457e-17,0.0,0.0,1.0000517741332684,8.550595543583397e-13
2012-10-31,0.0025625961514760117,1.5603969090299936e-15,0.0,0.0,1.1718753302081279e-16,0.0025625961514760117,1.4432093760091808e-15,0.0,0.0,1.0000517989247932,8.554689910519334e-13
2012-11-01,-0.00029298431154868516,-1.1673951831193837e-15,0.0,0.0,2.3334957930527504e-17,-0.00029298431154868516,-1.1907301410499112e-15,0.0,0.0,1.0000516665243553,8.517259644642538e-13
2012-11-02,-0.004459097738166657,-5.838153386352033e-15,0.0,0.0,2.3373789513831027e-17,-0.004459097738166657,-5.861527175865864e-15,0.0,0.0,1.0000516816662737,8.531433172548325e-13
2012-11-05,-0.0010599415956449691,-4.007087386701511e-15,5.101106986164407e-05,1.848522801534435e-16,1.453784299011663e-16,-0.0011109526655066133,-4.337318096756121e-15,0.250000000025944,9.059419880527723e-13,1.0000000000359681,1.7687708971308569e-12
2012-11-06,0.0028218594301117044,2.4070363236699884e-15,0.0,0.0,4.862327801010733e-17,0.0028218594301117044,2.3584130456598812e-15,0.0,0.0,1.000051067839787,1.7747496473689175e-12
2012-11-07,-0.004728995440205534,-3.2003508247386802e-15,0.0,0.0,4.842069541349359e-17,-0.004728995440205534,-3.248771520152174e-15,0.0,0.0,1.0000509241390225,1.767355382592516e-12
2012-11-08,-0.0023348813630791536,0.0,0.0,0.0,4.873886211470839e-17,-0.0023348813630791536,-4.873886211470839e-17,0.0,0.0,1.000051166103295,1.7789684671868564e-12
2012-11-09,-0.000990336583189075,-4.0288533696230414e-15,0.0,0.0,4.885292790560705e-17,-0.000990336583189075,-4.077706297528648e-15,0.0,0.0,1.0000512858496695,1.7831318685546573e-12
2012-11-12,-0.0004378014481018125,-8.065694491568864e-16,0.0,0.0,1.4703553702128248e-16,-0.0004378014481018125,-9.53604986178169e-16,0.0,0.0,1.0000513366902761,1.7889323670922702e-12
2012-11-13,-0.0009822402858773328,-1.6136612132539389e-15,0.0,0.0,4.905542000080206e-17,-0.0009822402858773328,-1.6627166332547408e-15,0.0,0.0,1.0000513591753983,1.790522830029275e-12
2012-11-14,-0.004568085749578925,8.077160923782592e-16,0.0,0.0,4.914790494926331e-17,-0.004568085749578925,7.585681874289959e-16,0.0,0.0,1.000051409672051,1.7938985306481108e-12
2012-11-15,-0.0015405351240738237,0.0,0.0,0.0,4.935121632929113e-17,-0.0015405351240738237,-4.935121632929113e-17,0.0,0.0,1.0000516455935504,1.8013193960191262e-12
2012-11-16,0.001340960302500618,-3.2505132376344336e-15,0.0,0.0,4.9427360914870764e-17,0.001340960302500618,-3.299940598549304e-15,0.0,0.0,1.0000517252781582,1.8040986733927828e-12
2012-11-19,0.007478856163284046,1.105671530990009e-14,4.240677087005604e-05,1.325598973176225e-16,2.0211552779216108e-16,0.00743644939241399,1.0722039884790307e-14,0.20926471806598668,6.541434061091422e-13,1.0000000000172427,2.4590722548046265e-12
2012-11-20,0.0011145539210079807,1.0975600706599196e-15,0.0,0.0,6.657384585470886e-17,0.0011145539210079807,1.0309862248052108e-15,0.0,0.0,1.000042093759986,2.4299453736968734e-12
2012-11-21,-0.0001506822514912436,-1.0963381426840587e-15,0.0,0.0,6.646969166031839e-17,-0.0001506822514912436,-1.1628078343443772e-15,0.0,0.0,1.0000420468964517,2.426143745601621e-12
2012-11-23,0.006139909599199428,2.302632034864095e-14,0.0,0.0,1.330195003213244e-16,0.006139909599199428,2.2893300848319623e-14,0.0,0.0,1.0000420532331287,2.42760588086417e-12
2012-11-26,0.0005454628277597772,-1.0903096500615965e-15,0.0,0.0,1.9643061001872079e-16,0.0005454628277597772,-1.2867402600803173e-15,0.0,0.0,1.0000417966057251,2.3899057552277696e-12
2012-11-27,-0.0016512169441304937,-7.62377919827273e-15,0.0,0.0,6.547102949062001e-17,-0.0016512169441304937,-7.68925022776335e-15,0.0,0.0,1.0000417738196605,2.3896925764076303e-12
2012-11-28,0.0008786912586783978,4.363828512225307e-15,0.0,0.0,6.578853129118436e-17,0.0008786912586783978,4.2980399809341225e-15,0.0,0.0,1.0000418429113926,2.401281392128229e-12
2012-11-29,0.003864491641542779,3.2696869748210077e-15,0.0,0.0,6.561132225031198e-17,0.003864491641542779,3.2040756525706955e-15,0.0,0.0,1.000041806176666,2.394813262136387e-12
2012-11-30,0.0007830379858845672,2.1719784265846406e-15,0.0,0.0,6.526950831591371e-17,0.0007830379858845672,2.106708918268727e-15,0.0,0.0,1.0000416452389849,2.3823370535308504e-12
2012-12-03,0.0009186941425317011,7.595109533227458e-15,0.0,0.0,1.9547694030333098e-16,0.0009186941425317011,7.399632592924126e-15,0.0,0.0,1.0000416126546936,2.3783027736905267e-12
2012-12-04,-0.0006432996059430501,8.254693145561282e-15,1.0455077942301233e-06,4.172589914538127e-17,7.059143843193263e-17,-0.0006443451137372803,8.142375807983967e-15,0.005213163995715767,2.0805579481475434e-13,1.0000000000034166,2.576587502765541e-12
2012-12-05,0.0006496631970182318,-5.900280439863331e-15,0.0,0.0,7.041065121440639e-17,0.0006496631970182318,-5.970691091077738e-15,0.0,0.0,1.0000010461853073,2.569988769325833e-12
2012-12-06,0.00044781593326428357,-1.4150563971594608e-14,0.0,0.0,7.052648427206053e-17,0.00044781593326428357,-1.422109045586667e-14,0.0,0.0,1.0000010455060864,2.574216675930209e-12
2012-12-07,-0.00017355473124653004,-4.714563912368861e-15,0.0,0.0,7.088242867526555e-17,-0.00017355473124653004,-4.785446341044126e-15,0.0,0.0,1.0000010450381156,2.5872086466471925e-12
2012-12-10,0.001463117035123284,3.5367385855967624e-15,0.0,0.0,2.130717640422986e-16,0.001463117035123284,3.323666821554464e-15,0.0,0.0,1.0000010452195232,2.5923731291813e-12
2012-12-11,0.002027617300270242,9.417255190244417e-15,0.0,0.0,7.082340147469902e-17,0.002027617300270242,9.346431788769717e-15,0.0,0.0,1.0000010436924758,2.5850541538265142e-12
2012-12-12,-0.00018854300243866215,4.6992337299898684e-15,0.0,0.0,7.042260439218914e-17,-0.00018854300243866215,4.628811125597679e-15,0.0,0.0,1.0000010415805396,2.5704250603149034e-12
2012-12-13,-0.003721063794983038,-2.3505964957224836e-15,0.0,0.0,7.030711417699978e-17,-0.003721063794983038,-2.4209036098994834e-15,0.0,0.0,1.0000010417769547,2.5662096674604915e-12
2012-12-14,-0.0014552451084500655,1.297360535111088e-14,0.0,0.0,7.063434899973747e-17,-0.0014552451084500655,1.2902971002111142e-14,0.0,0.0,1.0000010456679542,2.5781537384904175e-12
2012-12-17,0.002440831571117656,0.0,0.0,0.0,2.111439895296628e-16,0.002440831571117656,-2.111439895296628e-16,0.0,0.0,1.0000010471918626,2.568918539277564e-12
2012-12-18,0.0016423411982151668,8.792960150848178e-15,9.090668848141018e-07,7.547352331582525e-17,7.335754519829218e-17,0.0016414321313303526,8.644129082334061e-15,0.004531672846305103,3.7623339045645846e-13,0.9975209034174182,2.6775503997376645e-12
2012-12-19,-0.0010367255741143598,1.766088892813108e-15,0.0,0.0,7.299682284994916e-17,-0.0010367255741143598,1.693092069963159e-15,0.0,0.0,0.9975258735948724,2.664384034023144e-12
2012-12-20,0.0016484691579013973,2.2979532880068684e-15,0.0,0.0,7.302414284930531e-17,0.0016484691579013973,2.224929145157563e-15,0.0,0.0,0.9975233059428025,2.6653812139996437e-12
2012-12-21,-0.0026656510152018712,-1.2816950689563617e-14,0.0,0.0,7.28411089035214e-17,-0.0026656510152018712,-1.2889791798467138e-14,0.0,0.0,0.9975273819773497,2.658700474978531e-12
2012-12-24,-0.001122364405081785,1.5961741773202887e-15,0.0,0.0,2.201636541807264e-16,-0.001122364405081785,1.3760105231395622e-15,0.0,0.0,0.9975207732239904,2.678657792532171e-12
2012-12-26,-0.0008664708591504215,2.3338685707040616e-15,0.0,0.0,1.4685313058159972e-16,-0.0008664708591504215,2.1870154401224618e-15,0.0,0.0,0.9975179875015078,2.6800696331141948e-12
2012-12-27,0.0007591538856504598,1.3047217847976835e-15,0.0,0.0,7.342624538804845e-17,0.0007591538856504598,1.2312955394096352e-15,0.0,0.0,0.9975158350449623,2.6800579566637684e-12
2012-12-28,-0.003239511385551428,-2.2185108219142567e-15,0.0,0.0,7.3334827166728e-17,-0.003239511385551428,-2.2918456490809845e-15,0.0,0.0,0.997517719477865,2.676721191585572e-12
2012-12-31,0.005069076662744901,-1.472576025151828e-15,0.0,0.0,2.2090244082756736e-16,0.005069076662744901,-1.6934784659793954e-15,0.0,0.0,0.9975096519670603,2.6876463634020692e-12
2013-01-02,0.00915933073910531,2.4635573318173665e-16,0.0,0.0,1.4660582680702382e-16,0.00915933073910531,9.974990637471283e-17,0.0,0.0,0.9975222120640636,2.6755563392281845e-12
2013-01-03,-0.0047500181962823115,4.2549876422413674e-17,2.5065170848703062e-05,5.711737856304303e-16,1.733663204282587e-17,-0.004775083367131014,-5.459605412508425e-16,0.12359052764354139,2.816325089835822e-12,1.0000000000047835,6.327870695631443e-13
2013-01-04,0.00018879713483677102,4.0060912646300686e-15,0.0,0.0,1.7418641759329898e-17,0.00018879713483677102,3.988672622870739e-15,0.0,0.0,1.0000251854381996,6.357804242155413e-13
2013-01-07,0.00046901989389902315,-6.122748820496205e-16,0.0,0.0,5.191685574919924e-17,0.00046901989389902315,-6.641917377988198e-16,0.0,0.0,1.0000251806841547,6.31655078281924e-13
2013-01-08,-0.0009696375423213486,-3.368027846879259e-15,0.0,0.0,1.7314272499118675e-17,-0.0009696375423213486,-3.385342119378378e-15,0.0,0.0,1.0000251688794501,6.319709462178317e-13
2013-01-09,0.0017383331997486678,4.284939345420688e-15,0.0,0.0,1.7423441657797517e-17,0.0017383331997486678,4.2675159037628905e-15,0.0,0.0,1.0000251933078308,6.359556205096094e-13
2013-01-10,0.005054039697995523,2.0805238610728952e-15,0.0,0.0,1.7276014589572373e-17,0.005054039697995523,2.063247846483323e-15,0.0,0.0,1.0000251495894603,6.305745325193915e-13
2013-01-11,0.0003571803828980051,4.756940399963313e-15,0.0,0.0,1.713242597484448e-17,0.0003571803828980051,4.7398079739884685e-15,0.0,0.0,1.0000250231216081,6.253335480818234e-13
2013-01-14,0.00039411882888130175,1.7477313910163728e-15,0.0,0.0,5.0988084578223595e-17,0.00039411882888130175,1.6967433064381493e-15,0.0,0.0,1.0000250141870262,6.203550290350537e-13
2013-01-15,0.0001415923468936169,-3.788093204887617e-15,0.0,0.0,1.6941468189330194e-17,0.0001415923468936169,-3.8050346730769474e-15,0.0,0.0,1.0000250043323464,6.18363588910552e-13
2013-01-16,-0.0012916454130603575,-1.6420000297069779e-15,0.0,0.0,1.7042838429315697e-17,-0.0012916454130603575,-1.6590428681362935e-15,0.0,0.0,1.0000250007924294,6.220636026700229e-13
2013-01-17,0.0030724912285511633,1.4260980641886997e-14,9.425270616958396e-07,2.5272091824250145e-16,5.14103208032685e-17,0.0030715487014894675,1.3956849402841227e-14,0.004669223230012238,1.2519644582350564e-12,1.0000000000118952,1.8764767093193e-12
2013-01-18,9.947707656392994e-05,-3.708338497864181e-15,0.0,0.0,5.086337965712074e-17,9.947707656392994e-05,-3.759201877521302e-15,0.0,0.0,1.0000009396527538,1.856513357484907e-12
2013-01-22,0.0006615638165696782,-1.64844480580344e-14,0.0,0.0,2.0383963451759392e-16,0.0006615638165696782,-1.6688287692551993e-14,0.0,0.0,1.000000939559293,1.8600366649730446e-12
2013-01-23,-1.8501896151054532e-05,7.502623315486472e-16,0.0,0.0,5.137754781669848e-17,-1.8501896151054532e-05,6.988847837319487e-16,0.0,0.0,1.0000009389381423,1.8752804953094945e-12
2013-01-24,-0.00028379619379216467,1.3581838562130435e-14,0.0,0.0,5.135794290365338e-17,-0.00028379619379216467,1.3530480619226781e-14,0.0,0.0,1.000000938955514,1.8745649159833485e-12
2013-01-25,0.0013025160952115844,6.008947598002022e-15,0.0,0.0,5.100031143183351e-17,0.0013025160952115844,5.957947286570189e-15,0.0,0.0,1.000000939222048,1.861511367261923e-12
2013-01-28,-0.002082473554843714,-1.2430918352529113e-15,0.0,0.0,1.523086637056375e-16,-0.002082473554843714,-1.3954004989585489e-15,0.0,0.0,1.000000938000282,1.8530887417519226e-12
2013-01-29,0.0023128466369877814,-2.224064915506823e-15,0.0,0.0,5.090962983692305e-17,0.0023128466369877814,-2.274974545343746e-15,0.0,0.0,1.0000009399577203,1.8582014890476912e-12
2013-01-30,-0.0016225347119308235,5.534655962725677e-15,0.0,0.0,5.085294805239561e-17,-0.0016225347119308235,5.483803014673281e-15,0.0,0.0,1.000000937788761,1.85613260391244e-12
2013-01-31,-0.0017466748723130427,2.8841485444874274e-15,0.0,0.0,5.078371197794256e-17,-0.0017466748723130427,2.8333648325094847e-15,0.0,0.0,1.000000939312823,1.8536054871949033e-12
2013-02-01,0.0031073687222281533,9.304539696349105e-15,5.035828505699751e-05,2.4897463926239867e-16,3.8519119399337505e-17,0.003057010437171156,9.017045937687368e-15,0.2500000000033933,1.236016273111657e-12,0.9999999999894458,1.405947858075819e-12
2013-02-04,-0.00531837124850196,-2.913048342600676e-15,0.0,0.0,1.1444274883299928e-16,-0.00531837124850196,-3.0274910914336754e-15,0.0,0.0,1.0000502047979027,1.392386777468158e-12
2013-02-05,0.0018078123221064878,8.389138931202349e-15,0.0,0.0,3.8431786998969986e-17,0.0018078123221064878,8.350707144203378e-15,0.0,0.0,1.0000504732332984,1.4027602254624044e-12
2013-02-06,0.0001566579523844084,-6.856655893796907e-15,0.0,0.0,3.813301025038733e-17,0.0001566579523844084,-6.894788904047295e-15,0.0,0.0,1.0000503821518156,1.3918548741391376e-12
2013-02-07,-0.003025089927289771,-1.6602868461686104e-15,0.0,0.0,3.831486150876916e-17,-0.003025089927289771,-1.6986017076773796e-15,0.0,0.0,1.000050374260294,1.3984924450700745e-12
2013-02-08,0.0037994729136215885,-3.7931215200788886e-15,0.0,0.0,3.847674443163822e-17,0.0037994729136215885,-3.8315982645105265e-15,0.0,0.0,1.0000505271093454,1.404401171754795e-12
2013-02-11,-0.0016910735443375672,1.676456350790969e-15,0.0,0.0,1.1530390265256105e-16,-0.0016910735443375672,1.561152448138408e-15,0.0,0.0,1.0000503358596138,1.4028641489394928e-12
2013-02-12,0.0015037811504316802,5.4480307957479365e-17,0.0,0.0,3.845373199539818e-17,0.0015037811504316802,1.6026575962081188e-17,0.0,0.0,1.0000504211254437,1.4035612178320335e-12
2013-02-13,-0.0010310375483436889,1.024076672805671e-15,0.0,0.0,3.839450245514901e-17,-0.0010310375483436889,9.856821703505221e-16,0.0,0.0,1.0000503454169545,1.4013993396129389e-12
2013-02-14,-0.001896831129230699,1.3529037492315845e-15,0.0,0.0,3.840604363307263e-17,-0.001896831129230699,1.314497705598512e-15,0.0,0.0,1.000050397378543,1.401820592607151e-12
2013-02-15,-0.0014772802829844224,4.5771378002167255e-14,5.2103015117480834e-05,4.1278659384697366e-15,5.4973430751479e-16,-0.0015293832981019032,4.109377775618273e-14,0.24999999999117073,1.9806271906800995e-11,0.9999999999805862,2.006530222428983e-11
2013-02-19,0.0025600645232786313,-1.1303758687482449e-13,0.0,0.0,2.197281674528424e-15,0.0025600645232786313,-1.152348685493529e-13,0.0,0.0,1.0000521828031703,2.0050195280071866e-11
2013-02-20,-0.007747468991626781,2.294302183490013e-13,0.0,0.0,5.510067260490748e-16,-0.007747468991626781,2.2887921162295225e-13,0.0,0.0,1.0000520495530714,2.011174550079123e-11
2013-02-21,-0.004509728943296718,1.820838019503736e-13,0.0,0.0,5.489741266656748e-16,-0.004509728943296718,1.8153482782370794e-13,0.0,0.0,1.000052455953717,2.0037555623297126e-11
2013-02-22,0.004086049517548087,-1.8275918882050737e-13,0.0,0.0,5.464498701473309e-16,0.004086049517548087,-1.833056386906547e-13,0.0,0.0,1.0000526935873315,1.994542026037758e-11
2013-02-25,-0.0089649629748979,2.882905819482068e-13,0.0,0.0,1.6476385808048306e-15,-0.0089649629748979,2.8664294336740197e-13,0.0,0.0,1.0000524791550887,2.00462693997921e-11
2013-02-26,0.0036412204107474514,-1.341424957096531e-13,0.0,0.0,5.462112518088894e-16,0.0036412204107474514,-1.3468870696146198e-13,0.0,0.0,1.0000529538844152,1.9936710691024472e-11
2013-02-27,0.005600792353017265,-1.654091699980572e-13,0.0,0.0,5.478913953461139e-16,0.005600792353017265,-1.659570613934033e-13,0.0,0.0,1.0000527617673258,1.9998035930133155e-11
2013-02-28,-0.0017937024587328728,-6.190987646669874e-15,0.0,0.0,5.49346378432859e-16,-0.0017937024587328728,-6.740334025102733e-15,0.0,0.0,1.0000524679056468,2.0051142812799355e-11
2013-03-01,-0.0007583197140335484,-3.45045013223317e-14,0.0,0.0,5.50503433895691e-16,-0.0007583197140335484,-3.505500475622739e-14,0.0,0.0,1.0000525621865772,2.0093375337192724e-11
2013-03-04,0.0014809994235993338,-2.493101856665404e-16,9.326437695292933e-06,4.046504791543569e-15,5.480072282704532e-18,0.0014716729859040407,-4.301295049492814e-15,0.04631939367671295,2.0096810226782397e-11,1.0000000000001479,6.667421277290515e-14
2013-03-05,0.005297762171595423,-4.058683211239664e-16,0.0,0.0,1.8308267986058002e-18,0.005297762171595423,-4.076991479225722e-16,0.0,0.0,1.0000093127325507,6.682517814911169e-14
2013-03-06,-0.000718026094851217,-1.1216467646078056e-16,0.0,0.0,1.832239708420032e-18,-0.000718026094851217,-1.139969161692006e-16,0.0,0.0,1.0000092636559053,6.687674935733114e-14
2013-03-07,0.00047842115636950754,-3.653203477635446e-16,0.0,0.0,1.8366314625713245e-18,0.00047842115636950754,-3.671569792261159e-16,0.0,0.0,1.0000092703122314,6.703704838385335e-14
2013-03-08,-0.0009333369906853487,-2.1407823040255325e-16,0.0,0.0,1.8457571899331962e-18,-0.0009333369906853487,-2.1592398759248644e-16,0.0,0.0,1.0000092658792392,6.737013743256166e-14
2013-03-11,0.0008097518054698072,-2.7637389613826903e-16,0.0,0.0,5.560056447143998e-18,0.0008097518054698072,-2.8193395258541303e-16,0.0,0.0,1.0000092745355063,6.764735344025199e-14
2013-03-12,-0.0012799893173104796,1.1760255036618895e-16,0.0,0.0,1.859418369231823e-18,-0.0012799893173104796,1.1574313199695712e-16,0.0,0.0,1.0000092670315115,6.786877047696152e-14
2013-03-13,-0.0017858945128556185,1.729208479444191e-17,0.0,0.0,1.858575338128779e-18,-0.0017858945128556185,1.543350945631313e-17,0.0,0.0,1.000009278908415,6.783799984170043e-14
2013-03-14,0.005195701047322931,-3.9840021722509133e-16,0.0,0.0,1.8614258926687905e-18,0.005195701047322931,-4.002616431177601e-16,0.0,0.0,1.0000092955092137,6.794204508241084e-14
2013-03-15,-0.0007105587876412892,-1.6521548295028605e-16,0.0,0.0,1.8626631263568918e-18,-0.0007105587876412892,-1.6707814607664294e-16,0.0,0.0,1.0000092474621656,6.798720411202654e-14
2013-03-18,-0.0044912517636796,4.172978232164045e-15,1.900188417920755e-05,3.199782394718895e-16,1.211966652457146e-16,-0.004510253647858808,3.7318033274464405e-15,0.09161670720956407,1.5427603074860146e-12,1.0000000000152272,1.4745594271561945e-12
2013-03-19,-0.00098493490595166,-1.782079128483057e-15,0.0,0.0,4.046707702626975e-17,-0.00098493490595166,-1.8225462055093268e-15,0.0,0.0,1.000019087991084,1.4770483114588459e-12
2013-03-20,0.0022819618700919493,-2.6572467182648947e-15,0.0,0.0,4.055584598032812e-17,0.0022819618700919493,-2.6978025642452227e-15,0.0,0.0,1.00001910681005,1.4802883782819762e-12
2013-03-21,-0.0037589204296283084,-2.258772134037124e-15,0.0,0.0,4.05361453222947e-17,-0.0037589204296283084,-2.2993082793594187e-15,0.0,0.0,1.00001906330831,1.4795693042637565e-12
2013-03-22,0.004192618388374964,8.308796238297298e-16,0.0,0.0,4.0751210046325814e-17,0.004192618388374964,7.90128413783404e-16,0.0,0.0,1.0000191352361423,1.4874191666908923e-12
2013-03-25,-0.004309949891354105,-2.8812627151204573e-16,0.0,0.0,1.216752009780165e-16,-0.004309949891354105,-4.0980147249006223e-16,0.0,0.0,1.0000190553443546,1.4803816118992006e-12
2013-03-26,0.004481179218114209,-2.731982381754517e-15,0.0,0.0,4.0741889699541995e-17,0.004481179218114209,-2.7727242714540586e-15,0.0,0.0,1.0000191378274321,1.4870789740332827e-12
2013-03-27,-0.00033221954073218486,-6.3042509990316784e-15,0.0,0.0,4.063464739447941e-17,-0.00033221954073218486,-6.344885646426158e-15,0.0,0.0,1.0000190524499915,1.4831646298984983e-12
2013-03-28,0.0033391505849668145,1.1960878332194452e-14,0.0,0.0,4.082092810992153e-17,0.0033391505849668145,1.192005740408453e-14,0.0,0.0,1.000019058781698,1.4899638760121357e-12
2013-04-01,-0.0024853663043067136,-9.055451806845677e-16,0.0,0.0,1.6143387922036224e-16,-0.0024853663043067136,-1.06697905990493e-15,0.0,0.0,1.000018995353341,1.4730841478858055e-12
2013-04-02,0.004158393941203626,1.0748139033196627e-14,5.098180508360095e-05,4.693630580430073e-16,8.616167742573627e-17,0.004107412136120025,1.0192614297727883e-14,0.2500000000046436,2.30162043734061e-12,0.9450390722852026,3.144901226039374e-12
2013-04-03,-0.0028056586402613903,-1.1489489927881975e-14,0.0,0.0,8.551595857709058e-17,-0.0028056586402613903,-1.1575005886459066e-14,0.0,0.0,0.9453146692813384,3.121332488063806e-12
2013-04-04,0.004305888844228466,-5.727341507267068e-15,0.0,0.0,8.607222841439835e-17,0.004305888844228466,-5.813413735681466e-15,0.0,0.0,0.9451608092319458,3.14163633712554e-12
2013-04-05,5.08080119568736e-06,-3.800685450037037e-15,0.0,0.0,8.585944067258758e-17,5.08080119568736e-06,-3.886544890709625e-15,0.0,0.0,0.9453959282951543,3.1338695845494468e-12
2013-04-08,0.0026279102131537167,7.142311541303948e-15,0.0,0.0,2.5788939683849043e-16,0.0026279102131537167,6.884422144465458e-15,0.0,0.0,0.9453962057261814,3.1376543282016334e-12
2013-04-09,0.002412227168133064,-9.120536771543523e-15,0.0,0.0,8.554265409687986e-17,0.002412227168133064,-9.206079425640403e-15,0.0,0.0,0.94553932349418,3.122306874536115e-12
2013-04-10,0.006210731083707018,1.1759217854290309e-14,0.0,0.0,8.558607875226876e-17,0.006210731083707018,1.167363177553804e-14,0.0,0.0,0.945670378882283,3.1238918744578096e-12
2013-04-11,0.0037245592126421566,-6.082403837888954e-15,0.0,0.0,8.473762579361946e-17,0.0037245592126421566,-6.167141463682574e-15,0.0,0.0,0.9460057228179093,3.09292334146711e-12
2013-04-12,0.0001020453714492447,-1.194629399278539e-14,0.0,0.0,8.458920947521699e-17,0.0001020453714492447,-1.2030883202260606e-14,0.0,0.0,0.9462060814528236,3.0875061458454206e-12
2013-04-15,-0.01290900612370539,2.7059600491024993e-14,0.0,0.0,2.5472352224669877e-16,-0.01290900612370539,2.6804876968778295e-14,0.0,0.0,0.9462115703131223,3.0991361873348348e-12
2013-04-16,0.00966829145668925,-1.848010909754919e-14,5.041110364873678e-05,1.9871348685846468e-16,9.58334161062003e-17,0.009617880353040512,-1.8774656000513854e-14,0.25000000000815775,9.854648702475308e-13,0.9503417896533116,3.497919687876311e-12
2013-04-17,-0.007635444026820015,6.612457334455269e-15,0.0,0.0,9.54219634376436e-17,-0.007635444026820015,6.517035371017626e-15,0.0,0.0,0.9508647774485979,3.482901665473991e-12
2013-04-18,-0.0021722520443021166,-5.865045649701289e-16,0.0,0.0,9.597360128365404e-17,-0.0021722520443021166,-6.824781662537829e-16,0.0,0.0,0.9504867215826514,3.5030364468533726e-12
2013-04-19,0.006323205709288082,-1.916095047550665e-15,0.0,0.0,9.619863758903434e-17,0.006323205709288082,-2.0122936851396993e-15,0.0,0.0,0.9503789321165016,3.5112502719997535e-12
2013-04-22,0.0018782478257694073,1.960318381241566e-15,0.0,0.0,2.869390255467311e-16,0.0018782478257694073,1.6733793556948347e-15,0.0,0.0,0.9506907248069254,3.491091477485229e-12
2013-04-23,0.005083116622935962,1.2052031600221173e-14,0.0,0.0,9.541342443899775e-17,0.005083116622935962,1.1956618175782175e-14,0.0,0.0,0.9507831662179661,3.4825899920234178e-12
2013-04-24,-0.0016795616380194383,-6.575369060411368e-15,0.0,0.0,9.460235697908589e-17,-0.0016795616380194383,-6.669971417390453e-15,0.0,0.0,0.9510320758870042,3.452986029736635e-12
2013-04-25,0.002210221175621246,-2.0205705095352672e-14,0.0,0.0,9.494196495881508e-17,0.002210221175621246,-2.0300647060311486e-14,0.0,0.0,0.9509496928728265,3.4653817209967497e-12
2013-04-26,0.0002702307440100642,-2.6841048009063352e-15,0.0,0.0,9.528494511691817e-17,0.0002702307440100642,-2.7793897460232532e-15,0.0,0.0,0.9510578658142033,3.4779004967675133e-12
2013-04-29,0.0041908744619769435,-1.352982109101166e-14,0.0,0.0,2.859981612083657e-16,0.0041908744619769435,-1.3815819252220025e-14,0.0,0.0,0.9510710879105235,3.4796442947017825e-12
2013-04-30,0.0011594681066503048,-2.454132837623278e-14,3.0339461863081145e-05,1.0253137945157745e-15,2.35367194635292e-16,0.0011291286447872237,-2.5802009365383845e-14,0.15127528707014373,5.11230684651967e-12,0.9999999999912984,8.590902604188158e-12
2013-05-01,-0.003052190305448129,5.5661313318761984e-14,0.0,0.0,2.3577334136288074e-16,-0.003052190305448129,5.54255399773991e-14,0.0,0.0,1.0000303052346788,8.605726959745147e-12
2013-05-02,0.0038492971774484325,-4.5309437321396806e-14,0.0,0.0,2.3496553339783377e-16,0.0038492971774484325,-4.554440285479464e-14,0.0,0.0,1.0000303980151504,8.576241969020934e-12
2013-05-03,0.003966193769691289,-1.683731244328865e-14,0.0,0.0,2.353011438162637e-16,0.003966193769691289,-1.7072613587104913e-14,0.0,0.0,1.000030281452885,8.588491749293625e-12
2013-05-06,-0.0006401563473244777,2.2345396995996117e-14,0.0,0.0,7.044931637459328e-16,-0.0006401563473244777,2.1640903832250184e-14,0.0,0.0,1.0000301618252585,8.571333492242183e-12
2013-05-07,0.0021936556997158288,-1.0982712031246878e-14,0.0,0.0,2.343688846536744e-16,0.0021936556997158288,-1.1217080915900552e-14,0.0,0.0,1.0000301811458892,8.554464289859115e-12
2013-05-08,0.003056335185463455,-1.1398492718162264e-14,0.0,0.0,2.3415612295995674e-16,0.003056335185463455,-1.163264884112222e-14,0.0,0.0,1.0000301150837752,8.54669848803842e-12
2013-05-09,-0.0030982568697143897,1.5861453210669626e-14,0.0,0.0,2.3375397991812405e-16,-0.0030982568697143897,1.5627699230751502e-14,0.0,0.0,1.0000300233224502,8.532020267011528e-12
2013-05-10,0.0004551817385716176,3.4656823372619065e-14,0.0,0.0,2.3404454969008073e-16,0.0004551817385716176,3.4422778822928985e-14,0.0,0.0,1.0000301166314949,8.542626063687945e-12
2013-05-13,-0.000101367232611418,1.2326698024871749e-14,0.0,0.0,6.989669860316858e-16,-0.000101367232611418,1.1627731038840064e-14,0.0,0.0,1.000030102929157,8.504098330052178e-12
2013-05-14,0.004330421606046512,1.575873795082835e-14,4.107295767761953e-05,8.348836024483334e-16,1.2287298033241217e-16,0.0042893486483688925,1.4800981368047606e-14,0.19716630524585393,4.007768724548951e-12,0.9952576502329036,4.4848637821330435e-12
2013-05-15,0.003649183812361346,1.6964912843282917e-14,0.0,0.0,1.219182840602369e-16,0.003649183812361346,1.684299455922268e-14,0.0,0.0,0.9953188024788266,4.450017368198648e-12
2013-05-16,-0.0026258158667479305,-1.2510994247405013e-15,0.0,0.0,1.2101189727091804e-16,-0.0026258158667479305,-1.3721113220114193e-15,0.0,0.0,0.9953358229183145,4.4169342503885086e-12
2013-05-17,0.0028001914127463302,2.2156620393257776e-14,0.0,0.0,1.2136485573133133e-16,0.0028001914127463302,2.2035255537526444e-14,0.0,0.0,0.9953235434043868,4.429817234193594e-12
2013-05-20,-0.0015566728659767476,-1.1151316482979772e-14,0.0,0.0,3.61261872713145e-16,-0.0015566728659767476,-1.1512578355692917e-14,0.0,0.0,0.9953366018119252,4.395352784676598e-12
2013-05-21,0.00255050831148649,1.0064180896214328e-14,0.0,0.0,1.2091436386713685e-16,0.00255050831148649,9.943266532347191e-15,0.0,0.0,0.9953293311084072,4.4133742811504944e-12
2013-05-22,-0.00678837209586222,2.1803041336030945e-14,0.0,0.0,1.2033172581684632e-16,-0.00678837209586222,2.16827096102141e-14,0.0,0.0,0.9953412133823869,4.392107992314891e-12
2013-05-23,-0.0032085381416705906,-1.2610512233171078e-14,0.0,0.0,1.2055273906856908e-16,-0.0032085381416705906,-1.2731064972239646e-14,0.0,0.0,0.9953093716517742,4.400174976002772e-12
2013-05-24,-0.0013561460730976429,4.3878875443683765e-15,0.0,0.0,1.2128738776415584e-16,-0.0013561460730976429,4.266600156604221e-15,0.0,0.0,0.995294273147697,4.426989653391688e-12
2013-05-28,-0.0023683691272933893,1.2057062775224026e-14,0.0,0.0,4.853268607846193e-16,-0.0023683691272933893,1.1571735914439406e-14,0.0,0.0,0.9952878828284948,4.428607604659651e-12
2013-05-29,-0.008392021536012666,2.9553482291816274e-14,1.3978067386114249e-06,2.4810589309643015e-15,4.597842754008551e-16,-0.008393419342751278,2.6612639085451118e-14,0.006960749202682095,1.2355090656289886e-11,0.9934298806627269,1.6782126052131205e-11
2013-05-30,0.0012466167199359124,-4.333045332139566e-14,0.0,0.0,4.628595653835592e-16,0.0012466167199359124,-4.3793312886779223e-14,0.0,0.0,0.993375677754975,1.6894374136499914e-11
2013-05-31,-0.010465776545126185,1.3745807153518922e-13,0.0,0.0,4.634689329700039e-16,-0.010465776545126185,1.3699460260221921e-13,0.0,0.0,0.9933839254641551,1.6916616053405135e-11
2013-06-03,0.003368924284505976,-8.619101036336792e-14,0.0,0.0,1.3936949754066681e-15,0.003368924284505976,-8.758470533877458e-14,0.0,0.0,0.9933139507667743,1.695662220078113e-11
2013-06-04,-0.0032725265728687065,4.2710682945499076e-14,0.0,0.0,4.653586313522982e-16,-0.0032725265728687065,4.224532431414678e-14,0.0,0.0,0.9933363999309563,1.6985590044358883e-11
2013-06-05,-0.007488182601227214,1.24293367369258e-13,0.0,0.0,4.657125322923863e-16,-0.007488182601227214,1.238276548369656e-13,0.0,0.0,0.9933145215249524,1.6998507428672103e-11
2013-06-06,0.00785061760743929,-1.0091336373098475e-13,0.0,0.0,4.65795194023809e-16,0.00785061760743929,-1.0137915892500856e-13,0.0,0.0,0.9932640817389035,1.7001524581869026e-11
2013-06-07,0.0037825518075812643,-3.71894452664865e-14,0.0,0.0,4.649101122023834e-16,0.0037825518075812643,-3.7654355378688886e-14,0.0,0.0,0.9933165509418584,1.6969219095386994e-11
2013-06-10,-0.0019654849560921187,4.6501707099479436e-14,0.0,0.0,1.3925197253372673e-15,-0.0019654849560921187,4.510918737414217e-14,0.0,0.0,0.9933417361697822,1.6942323324936748e-11
2013-06-11,-0.005434961390761553,8.854019218413583e-14,0.0,0.0,4.638108356263758e-16,-0.005434961390761553,8.807638134850946e-14,0.0,0.0,0.9933286236799439,1.692909550036272e-11
2013-06-12,-0.003861642387777423,1.5218820222189633e-14,4.298553643576399e-05,3.363456094956038e-15,5.428724500355577e-17,-0.003904627924213187,1.180107688223004e-14,0.20718467530396525,1.621141939158923e-11,1.000000000019579,1.9814844426297855e-12
2013-06-13,0.011997474764938027,-1.510486853995572e-14,0.0,0.0,5.4081458999858045e-17,0.011997474764938027,-1.5158949998955578e-14,0.0,0.0,1.0000431540565373,1.9739732534948185e-12
2013-06-14,-0.0011103074659943569,1.7153183370706807e-15,0.0,0.0,5.3849236162679234e-17,-0.0011103074659943569,1.6614691009080015e-15,0.0,0.0,1.000042642454777,1.965497119937792e-12
2013-06-17,0.0025089431482535197,6.354969717351636e-15,0.0,0.0,1.615861337098964e-16,0.0025089431482535197,6.19338358364174e-15,0.0,0.0,1.0000426898536388,1.9659646268037393e-12
2013-06-18,0.0027851923189875305,-5.311382636484617e-15,0.0,0.0,5.35535729406916e-17,0.0027851923189875305,-5.364936209425308e-15,0.0,0.0,1.0000425830152682,1.9547054123352433e-12
2013-06-19,-0.014915206101531624,2.5968074756564253e-14,0.0,0.0,5.3549943382207975e-17,-0.014915206101531624,2.5914524813182045e-14,0.0,0.0,1.0000424647427981,1.954572933450591e-12
2013-06-20,-0.020841036131901528,1.977085053093385e-14,0.0,0.0,5.3638518842808385e-17,-0.020841036131901528,1.9717212012091042e-14,0.0,0.0,1.000043107703048,1.957805937762506e-12
2013-06-21,-6.897530863513958e-05,2.3201828268713793e-14,0.0,0.0,5.422699854088876e-17,-6.897530863513958e-05,2.3147601270172905e-14,0.0,0.0,1.0000440252345313,1.9792854467424395e-12
2013-06-24,-0.007814828183110788,7.43907676974227e-15,0.0,0.0,1.6078508623987997e-16,-0.007814828183110788,7.27829168350239e-15,0.0,0.0,1.0000440282713723,1.9562185492518728e-12
2013-06-25,0.008766471833458219,-3.3905461266592882e-15,0.0,0.0,5.381174798893395e-17,0.008766471833458219,-3.4443578746482223e-15,0.0,0.0,1.0000443750547936,1.964128801596089e-12
2013-06-26,0.003500275172617492,-1.5711775020719273e-14,0.00012207424128835286,2.3296683027345897e-16,8.48094985644784e-17,0.0033782009313291393,-1.6029551349557212e-14,0.6000439894282337,1.14512566096181e-12,0.40000000001789754,3.0955466976034617e-12
2013-06-27,0.002843702467125678,-2.6172640881053326e-14,0.0,0.0,8.495296995187792e-17,0.002843702467125678,-2.6257593851005204e-14,0.0,0.0,0.4021417595239715,3.100783403243544e-12
2013-06-28,-0.0014666265705482093,-8.404335860206042e-15,0.0,0.0,8.542709935296617e-17,-0.0014666265705482093,-8.489762959559008e-15,0.0,0.0,0.4038370695201962,3.118089126383265e-12
2013-07-01,0.0016841403558515236,-5.089847216317073e-15,0.0,0.0,2.573495010059692e-16,0.0016841403558515236,-5.347196717323042e-15,0.0,0.0,0.40296143689991515,3.1310855955726253e-12
2013-07-02,-0.00023872619553445945,-1.0038078802705101e-14,0.0,0.0,8.57781524227848e-17,-0.00023872619553445945,-1.0123856955127886e-14,0.0,0.0,0.4039652430875239,3.130902563431645e-12
2013-07-03,-0.0007698821101347937,6.4394521752289824e-15,0.0,0.0,8.60737163312293e-17,-0.0007698821101347937,6.353378458897753e-15,0.0,0.0,0.40382292000135506,3.1416906460898693e-12
2013-07-05,-0.0010030017441669725,4.22654611163905e-14,0.0,0.0,1.7192694945055643e-16,-0.0010030017441669725,4.2093534166939945e-14,0.0,0.0,0.403363580295567,3.1376668274726546e-12
2013-07-08,0.002529121793701662,-2.062609005347648e-14,0.0,0.0,2.546719871066667e-16,0.002529121793701662,-2.0880762040583145e-14,0.0,0.0,0.40276455209962786,3.098509176464445e-12
2013-07-09,0.0017433913651048254,6.65201354204187e-16,0.0,0.0,8.524017793480626e-17,0.0017433913651048254,5.799611762693807e-16,0.0,0.0,0.4042712227333567,3.1112664946204288e-12
2013-07-10,0.00046508089775483736,1.0329143921583037e-14,0.0,0.0,8.507363659672967e-17,0.00046508089775483736,1.0244070284986308e-14,0.0,0.0,0.4053080036247338,3.105187735780633e-12
2013-07-11,0.007006407148666355,-2.2874270457043393e-14,2.2039899079163956e-05,2.782351235573565e-17,8.099776383877862e-17,0.006984367249587191,-2.2983091733237905e-14,0.108523311621777,1.3700152123874432e-13,0.4370611433105504,2.9564183801154197e-12
2013-07-12,-0.0004425240700036505,4.812373915949282e-16,0.0,0.0,8.105831513850923e-17,-0.0004425240700036505,4.00179076456419e-16,0.0,0.0,0.4409875315861402,2.958628502555587e-12
2013-07-15,0.0018312533621192885,-1.5072483825158213e-14,0.0,0.0,2.432430325540802e-16,0.0018312533621192885,-1.5315726857712295e-14,0.0,0.0,0.44074004559492674,2.959456896074642e-12
2013-07-16,-0.00038714883006105567,-9.219154261402385e-15,0.0,0.0,8.134499232301133e-17,-0.00038714883006105567,-9.300499253725396e-15,0.0,0.0,0.44176232022288703,2.969092219789914e-12
2013-07-17,0.0012005411596004855,-8.686075673557053e-15,0.0,0.0,8.162917453123626e-17,0.0012005411596004855,-8.767704848088289e-15,0.0,0.0,0.44154611545484646,2.9794648703901236e-12
2013-07-18,0.001741665834140939,1.0330879617370004e-14,0.0,0.0,8.176898217854088e-17,0.001741665834140939,1.0249110635191463e-14,0.0,0.0,0.44221575839507354,2.984567849516742e-12
2013-07-19,0.00038087826961942777,-2.0531350181059082e-14,0.0,0.0,8.134426984521133e-17,0.00038087826961942777,-2.0612694450904293e-14,0.0,0.0,0.4431855431105891,2.9690658493502137e-12
2013-07-22,0.0007045500399920229,-2.2469013124923637e-16,0.0,0.0,2.456267638729026e-16,0.0007045500399920229,-4.70316895122139e-16,0.0,0.0,0.44339754089208916,2.9884589604536482e-12
2013-07-23,-0.0005385609493313303,6.489366894823013e-15,0.0,0.0,8.182409468246024e-17,-0.0005385609493313303,6.407542800140553e-15,0.0,0.0,0.4437894190791211,2.9865794559097984e-12
2013-07-24,-0.0023439042000836705,2.264699233364965e-14,0.0,0.0,8.169029901361686e-17,-0.0023439042000836705,2.2565302034636032e-14,0.0,0.0,0.4434897043659889,2.9816959139970157e-12
2013-07-25,0.0015172720784875616,-7.30258446207118e-16,0.0,0.0,8.126029982829498e-17,0.0015172720784875616,-8.115187460354129e-16,0.0,0.0,0.44218223295893,2.9660009437327666e-12
2013-07-26,0.0004059117650756438,-1.1710626857275724e-15,0.0,0.0,8.115716940191044e-17,0.0004059117650756438,-1.2522198551294827e-15,0.0,0.0,0.4430273120668115,2.9622366831697307e-12
2013-07-29,-0.0011192588949677468,2.5700686723425357e-15,0.0,0.0,2.434689330289787e-16,-0.0011192588949677468,2.326599739313557e-15,0.0,0.0,0.4432533021016562,2.9622053518525747e-12
2013-07-30,0.00026650289200649336,9.780857761955976e-16,0.0,0.0,8.117675597551145e-17,0.00026650289200649336,8.969090202200863e-16,0.0,0.0,0.4426294601671541,2.9629515931061683e-12
2013-07-31,-0.00039013761147832857,-1.5705249413507994e-14,0.0,0.0,8.112833816818518e-17,-0.00039013761147832857,-1.578637775167618e-14,0.0,0.0,0.44277796145191656,2.961184343138759e-12
2013-08-01,0.0017988475912135164,2.1326787551102267e-14,0.0,0.0,8.159045047750473e-17,0.0017988475912135164,2.1245197100624763e-14,0.0,0.0,0.44256048333034653,2.9780514424289227e-12
2013-08-02,0.0014675254098718035,-1.4948650704538527e-14,0.0,0.0,8.086069885479896e-17,0.0014675254098718035,-1.5029511403393326e-14,0.0,0.0,0.4435614315089255,2.951415508200162e-12
2013-08-05,-0.001004168558266788,1.608614498908033e-15,0.0,0.0,2.434534786206938e-16,-0.001004168558266788,1.3651610202873391e-15,0.0,0.0,0.4443768226400217,2.9620173232184416e-12
2013-08-06,-0.0013357937886726739,-6.245835792921847e-15,0.0,0.0,8.118861496456074e-17,-0.0013357937886726739,-6.327024407886407e-15,0.0,0.0,0.4438183224867783,2.963384446206467e-12
2013-08-07,-0.0005557577780804648,-7.022226967312748e-15,0.0,0.0,8.146855894842383e-17,-0.0005557577780804648,-7.1036955262611715e-15,0.0,0.0,0.44307438470912286,2.97360240161747e-12
2013-08-08,0.0017121946297673236,-3.606786416309125e-15,4.896595672789964e-05,7.41014214563147e-18,8.072084463110859e-17,0.001663228673039424,-3.694917403085865e-15,0.23769658679204347,3.597122599785507e-14,0.60506811005474,2.9463108290354635e-12
2013-08-09,0.00141282761717713,-2.414624243090981e-15,0.0,0.0,8.068546232287629e-17,0.00141282761717713,-2.4953097054138573e-15,0.0,0.0,0.6057727660506678,2.9450193747849843e-12
2013-08-12,-0.0004880375819155315,6.817516037565873e-15,0.0,0.0,2.419130677720805e-16,-0.0004880375819155315,6.5756029697937926e-15,0.0,0.0,0.606328955374599,2.9432756578936455e-12
2013-08-13,0.0004531150444015561,2.4972173864080853e-14,0.0,0.0,8.049019023386612e-17,0.0004531150444015561,2.4891683673846987e-14,0.0,0.0,0.6061367352992851,2.937891943536113e-12
2013-08-14,-0.0020850530077298865,6.026820208132504e-15,0.0,0.0,7.976987615592671e-17,-0.0020850530077298865,5.947050331976577e-15,0.0,0.0,0.6063151198412234,2.9116004796913247e-12
2013-08-15,-0.005735473133781533,2.079853898048332e-14,0.0,0.0,7.977108473421455e-17,-0.005735473133781533,2.0718767895749106e-14,0.0,0.0,0.6054925508978976,2.911644592798831e-12
2013-08-16,-0.0017418702183446448,1.3758611924962535e-14,0.0,0.0,7.965813886378652e-17,-0.0017418702183446448,1.3678953786098749e-14,0.0,0.0,0.6032168115807703,2.9075220685282077e-12
2013-08-19,-0.0030403642178279807,1.708397179141277e-14,0.0,0.0,2.3825858731311146e-16,-0.0030403642178279807,1.6845713204099657e-14,0.0,0.0,0.6025244607764682,2.8988128123095233e-12
2013-08-20,0.001360833380413954,-1.78653732083934e-14,0.0,0.0,7.919224836093256e-17,0.001360833380413954,-1.7944565456754332e-14,0.0,0.0,0.601312304974414,2.8905170651740382e-12
2013-08-21,-0.004007084475344576,2.001756744162556e-14,0.0,0.0,7.957342446840552e-17,-0.004007084475344576,1.9937994017157156e-14,0.0,0.0,0.601854115184756,2.9044299930968017e-12
2013-08-22,0.005920584993817564,-2.6101072219492554e-15,2.0894911672785347e-05,7.176387525381012e-17,7.68289943330958e-17,0.005899690082144779,-2.758700091536161e-15,0.10361965729524401,3.558832062288009e-13,0.7005327554946946,2.8042582931579964e-12
2013-08-23,0.0034415997225578816,-1.9132073644394478e-14,0.0,0.0,7.644947590521557e-17,0.0034415997225578816,-1.9208523120299693e-14,0.0,0.0,0.7023099295624824,2.790405870540368e-12
2013-08-26,-0.0009849630548398665,-8.61428393990722e-15,0.0,0.0,2.3012891530822265e-16,-0.0009849630548398665,-8.844412855215443e-15,0.0,0.0,0.703330945697475,2.7999018029167088e-12
2013-08-27,-0.005960751465655645,-1.5775285912444186e-14,0.0,0.0,7.702150955659168e-17,-0.005960751465655645,-1.5852307422000776e-14,0.0,0.0,0.7030384495415717,2.811285098815596e-12
2013-08-28,0.0014419978387150588,8.916674615779538e-15,0.0,0.0,7.791815995679615e-17,0.0014419978387150588,8.838756455822742e-15,0.0,0.0,0.7012577210645652,2.8440128384230594e-12
2013-08-29,0.000890818903127266,2.787644741725634e-15,0.0,0.0,7.756202323170215e-17,0.000890818903127266,2.710082718493932e-15,0.0,0.0,0.7016878864875065,2.8310138479571287e-12
2013-08-30,-0.003827247319627706,7.166514896382655e-15,0.0,0.0,7.741668515660655e-17,-0.003827247319627706,7.089098211226049e-15,0.0,0.0,0.7019533920398882,2.825709008216139e-12
2013-09-03,0.0024267979890249926,1.394604186461461e-14,0.0,0.0,3.100680763450236e-16,0.0024267979890249926,1.3635973788269586e-14,0.0,0.0,0.7008083114518326,2.8293711966483405e-12
2013-09-04,0.003385110282013031,1.3049542591550149e-14,0.0,0.0,7.694819801529568e-17,0.003385110282013031,1.2972594393534853e-14,0.0,0.0,0.7015326314615817,2.8086092275582924e-12
2013-09-05,0.0007289053186834242,2.0058008179886786e-14,0.0,0.0,7.633228310407258e-17,0.0007289053186834242,1.9981675896782714e-14,0.0,0.0,0.7025395678290063,2.786128333298649e-12
2013-09-06,0.0034037744908657313,-1.0403839725854337e-14,6.262689874142599e-06,3.2724321819412075e-17,7.495002464477051e-17,0.003397511800991589,-1.051151407231852e-14,0.031156348760357926,1.628007140767734e-13,0.7260289639395919,2.7356758995341236e-12
2013-09-09,0.004909352781598154,-4.865832618959117e-15,0.0,0.0,2.249409445351833e-16,0.004909352781598154,-5.0907735634943e-15,0.0,0.0,0.7269628734889041,2.7367814918447294e-12
2013-09-10,0.002311884938314439,5.3917140973924505e-15,0.0,0.0,7.47466675674353e-17,0.002311884938314439,5.3169674298250154e-15,0.0,0.0,0.728296760543304,2.7282533662113883e-12
2013-09-11,0.0021390756799100174,-1.4607393869717062e-14,0.0,0.0,7.442688298321122e-17,0.0021390756799100174,-1.4681820752700273e-14,0.0,0.0,0.7289234583171469,2.7165812288872093e-12
2013-09-12,-0.000560413948371727,-1.259167450915082e-15,0.0,0.0,7.466736640742033e-17,-0.000560413948371727,-1.3338348173225023e-15,0.0,0.0,0.729502073852446,2.725358873870842e-12
2013-09-13,0.0017381786686824468,-2.540639155953016e-17,0.0,0.0,7.474375158674452e-17,0.0017381786686824468,-1.0015014314627468e-16,0.0,0.0,0.7293503980403875,2.728146932916175e-12
2013-09-16,0.0009028607475215713,-6.709559785826889e-15,0.0,0.0,2.2384426163611727e-16,0.0009028607475215713,-6.933404047463006e-15,0.0,0.0,0.7298200191198584,2.7234385165727598e-12
2013-09-17,0.002097642010182953,-9.798444587616282e-15,0.0,0.0,7.473110565256976e-17,0.002097642010182953,-9.873175693268853e-15,0.0,0.0,0.7300637339787867,2.7276853563187957e-12
2013-09-18,0.011210415202917073,-3.659578112811836e-14,0.0,0.0,7.484256328432255e-17,0.011210415202917073,-3.6670623691402686e-14,0.0,0.0,0.73062877836962,2.731753559877773e-12
2013-09-19,-0.0021294257000766307,9.537152816296436e-15,0.0,0.0,7.500435743593683e-17,-0.0021294257000766307,9.4621484588605e-15,0.0,0.0,0.7336150641048345,2.737659046411694e-12
2013-09-20,-0.004425922902501071,-6.338606863398823e-15,1.7988527035974893e-06,5.339113027133267e-17,6.76277877811287e-17,-0.004427721755204669,-6.4596257814512836e-15,0.00894620925984318,2.655293693984231e-13,0.7322914053719903,2.4684142540111975e-12
2013-09-23,-0.002926905320236978,-9.1794811842154e-15,0.0,0.0,2.0430896799178082e-16,-0.002926905320236978,-9.383790152207182e-15,0.0,0.0,0.7311026013628347,2.4857591105666665e-12
2013-09-24,-0.0002915145491758026,-1.1065632526907886e-15,0.0,0.0,6.855513635911729e-17,-0.0002915145491758026,-1.175118389049906e-15,0.0,0.0,0.7303132537905641,2.502262477107781e-12
2013-09-25,-0.0027179229434044277,-2.7669172829798555e-15,0.0,0.0,6.860545264816069e-17,-0.0027179229434044277,-2.8355227356280164e-15,0.0,0.0,0.7302346132554646,2.5040990216578652e-12
2013-09-26,0.0034887447133461077,3.7832642134314825e-15,0.0,0.0,6.886843770804235e-17,0.0034887447133461077,3.7143957757234404e-15,0.0,0.0,0.7294994135052282,2.513697976343546e-12
2013-09-27,-0.0020986742514659067,-4.035719668921129e-16,0.0,0.0,6.852571789765781e-17,-0.0020986742514659067,-4.720976847897707e-16,0.0,0.0,0.7304398400880472,2.50118870326451e-12
2013-09-30,-0.0022833257347408685,-3.668588227067512e-15,0.0,0.0,2.0604274058599148e-16,-0.0022833257347408685,-3.8746309676535035e-15,0.0,0.0,0.729872931364478,2.5068533437962297e-12
2013-10-01,0.004342058115228387,3.1490730460948036e-15,0.0,0.0,6.893883260577085e-17,0.004342058115228387,3.0801342134890326e-15,0.0,0.0,0.7292547317258713,2.516267390110636e-12
2013-10-02,0.0014124912394765728,-4.3516138477445976e-15,0.0,0.0,6.855488732704806e-17,0.0014124912394765728,-4.4201687350716456e-15,0.0,0.0,0.7304252409958636,2.5022533874372543e-12
2013-10-03,-0.006207187264386294,-1.6917762104235828e-15,0.0,0.0,6.857724486664527e-17,-0.006207187264386294,-1.7603534552902281e-15,0.0,0.0,0.730805475902869,2.5030694376325523e-12
2013-10-04,0.004127405506690848,5.1067106381947545e-15,1.2102268741520293e-05,5.425510851141133e-18,6.978149684159894e-17,0.004115303237949328,5.0315036305020145e-15,0.059376482093469504,2.661878981380458e-14,0.7252543725884575,2.5470246347183613e-12
2013-10-07,-0.005344669911251499,-2.8236569280663496e-15,0.0,0.0,2.0806849592829138e-16,-0.005344669911251499,-3.031725423994641e-15,0.0,0.0,0.7263924528817784,2.5315000337942114e-12
2013-10-08,-0.006528687412939429,6.170278103123516e-15,0.0,0.0,6.980661910997658e-17,-0.006528687412939429,6.10047148401354e-15,0.0,0.0,0.7249222531248014,2.5479415975141452e-12
2013-10-09,-0.0033901350060518078,3.7068035846898923e-16,0.0,0.0,7.009520004506376e-17,-0.0033901350060518078,3.005851584239255e-16,0.0,0.0,0.7231145546026051,2.5584748016448277e-12
2013-10-10,0.012953063847107638,1.424254076801734e-15,0.0,0.0,7.032345040978488e-17,0.012953063847107638,1.353930626391949e-15,0.0,0.0,0.7221726824878695,2.566805939957148e-12
2013-10-11,0.0036142096779305712,1.1006466531566013e-16,0.0,0.0,6.938567270156846e-17,0.0036142096779305712,4.067899261409167e-17,0.0,0.0,0.7257253791632086,2.5325770536072486e-12
2013-10-14,0.0028272691959311982,1.062894420281735e-14,0.0,0.0,2.0739839042399984e-16,0.0028272691959311982,1.042154581239335e-14,0.0,0.0,0.7267130953388872,2.5233470834919982e-12
2013-10-15,-0.005244246419596863,-4.3169789213641626e-15,0.0,0.0,6.864750787285075e-17,-0.005244246419596863,-4.385626429237013e-15,0.0,0.0,0.7274835726393412,2.5056340373590525e-12
2013-10-16,0.00767616149479405,-6.7269198702992245e-15,0.0,0.0,6.912830714519593e-17,0.00767616149479405,-6.7960481774444204e-15,0.0,0.0,0.7260468950495703,2.523183210799651e-12
2013-10-17,0.004155468464605733,-1.0759086060568008e-14,0.0,0.0,6.878460458656313e-17,0.004155468464605733,-1.0827870665154571e-14,0.0,0.0,0.7281337840283525,2.5106380674095536e-12
2013-10-18,0.004492281469879276,-3.2916423880864293e-15,5.1394033646971815e-05,5.796514375977265e-17,6.165702408523765e-17,0.004440887436232304,-3.4112645559314397e-15,0.2500000000051652,2.8196436262979343e-13,0.7681936624205437,2.2504813791111744e-12
2013-10-21,-0.0005474056029329906,2.042647337603202e-15,0.0,0.0,1.8442261811766351e-16,-0.0005474056029329906,1.858224719485539e-15,0.0,0.0,0.7692697037280657,2.2438085204315726e-12
2013-10-22,0.0029225549711877647,-1.1464197492858443e-14,0.0,0.0,6.145188220309356e-17,0.0029225549711877647,-1.1525649375061537e-14,0.0,0.0,0.7691433314942498,2.242993700412915e-12
2013-10-23,-0.0037208243304483364,1.0007208980749854e-15,0.0,0.0,6.158598138957277e-17,-0.0037208243304483364,9.391349166854126e-16,0.0,0.0,0.7698160567219731,2.247888320719406e-12
2013-10-24,0.0031067827692873515,-6.66745033907574e-16,0.0,0.0,6.178846841528729e-17,0.0031067827692873515,-7.285335023228613e-16,0.0,0.0,0.7689563840142178,2.255279097157986e-12
2013-10-25,0.0033888556596452886,-4.650823436575887e-15,0.0,0.0,6.161531001902626e-17,0.0033888556596452886,-4.7124387465949134e-15,0.0,0.0,0.769671963190263,2.2489588156944587e-12
2013-10-28,0.0008025574743096242,8.070301908237088e-16,0.0,0.0,1.8460259795874242e-16,0.0008025574743096242,6.224275928649664e-16,0.0,0.0,0.7704498754290907,2.2459982751647e-12
2013-10-29,0.0013778472434202885,1.0823719953709529e-15,0.0,0.0,6.146276150475648e-17,0.0013778472434202885,1.0209092338661964e-15,0.0,0.0,0.7706339548629677,2.2433907949236114e-12
2013-10-30,-0.003976843489933433,3.18623311173258e-15,0.0,0.0,6.13485785077014e-17,-0.003976843489933433,3.1248845332248783e-15,0.0,0.0,0.7709495513921854,2.2392231155311008e-12
2013-10-31,-0.0018521364798642919,4.333674210084157e-15,0.0,0.0,6.150588372312241e-17,-0.0018521364798642919,4.272168326361035e-15,0.0,0.0,0.7700350166452161,2.244964755893968e-12
2013-11-01,-0.0021173263772146676,1.1666661421057417e-14,1.806886123188286e-05,1.0765628401275148e-16,4.731963485572926e-17,-0.0021353952384465503,1.1511685502188935e-14,0.086876872454237,5.176220645587588e-13,0.8411219321517908,1.727166672234118e-12
2013-11-04,0.002217276389842529,-9.195994447321765e-16,0.0,0.0,1.4130173594285968e-16,0.002217276389842529,-1.060901180675036e-15,0.0,0.0,0.8408000461896852,1.7191711206381263e-12
2013-11-05,-0.0023958488431569374,6.735693826405929e-15,0.0,0.0,4.7021513461342584e-17,-0.0023958488431569374,6.688672312944586e-15,0.0,0.0,0.8411522555430508,1.7162852413390042e-12
2013-11-06,0.003684687611721652,-9.822201723571991e-15,0.0,0.0,4.6949457708391934e-17,0.003684687611721652,-9.869151181280382e-15,0.0,0.0,0.8407707663678505,1.7136552063563055e-12
2013-11-07,-0.00969487974416628,-2.2929442936661184e-15,0.0,0.0,4.7045212214837735e-17,-0.00969487974416628,-2.339989505880956e-15,0.0,0.0,0.8413553224459082,1.7171502458415772e-12
2013-11-08,0.005421867919848328,1.4821846233971332e-14,0.0,0.0,4.75692103806101e-17,0.005421867919848328,1.477427702359072e-14,0.0,0.0,0.8398022242749729,1.7362761788922684e-12
2013-11-11,0.0003506219358686445,3.2255805444529736e-15,0.0,0.0,1.4072639726597722e-16,0.0003506219358686445,3.0848541471869962e-15,0.0,0.0,0.8406661115731664,1.7121711667360562e-12
2013-11-12,-0.0028193000862097276,-9.203792189573246e-16,0.0,0.0,4.68040165040748e-17,-0.0028193000862097276,-9.671832354613995e-16,0.0,0.0,0.8407219579486096,1.7083466023987302e-12
2013-11-13,0.00593899167674037,-2.9255213397966183e-15,0.0,0.0,4.696163130427206e-17,0.00593899167674037,-2.9724829711008905e-15,0.0,0.0,0.8402716357575314,1.7140995426059301e-12
2013-11-14,0.003001390469886729,-9.33605361937133e-15,0.0,0.0,4.676405126263621e-17,0.003001390469886729,-9.382817670633966e-15,0.0,0.0,0.841214660566816,1.7068878710862216e-12
2013-11-15,0.0024989619835020637,-2.882015847505587e-14,1.90360185309316e-05,5.467112316163998e-16,1.2099901934063638e-16,0.002479925964971132,-2.94878687260129e-14,0.09419888099723675,2.705375925286287e-12,0.8376088410511123,4.416464205933227e-12
2013-11-18,-0.003125386342253508,-1.2155676575956237e-14,0.0,0.0,3.6446199939500955e-16,-0.003125386342253508,-1.2520138575351246e-14,0.0,0.0,0.8380295517897429,4.4342876593059494e-12
2013-11-19,-0.001270654865438889,1.688829078076382e-14,0.0,0.0,1.2220229474963162e-16,-0.001270654865438889,1.676608848601419e-14,0.0,0.0,0.8375217444690034,4.460383758361554e-12
2013-11-20,-0.0034397802388718255,2.7061001126708754e-14,0.0,0.0,1.2189448767536134e-16,-0.0034397802388718255,2.6939106639033393e-14,0.0,0.0,0.8373150280178061,4.449148800150689e-12
2013-11-21,0.006752056840365909,-2.016258607868433e-14,0.0,0.0,1.2157126883235946e-16,0.006752056840365909,-2.028415734751669e-14,0.0,0.0,0.8367534959189812,4.4373513123811205e-12
2013-11-22,0.002229806970498584,-2.3046212206164643e-14,0.0,0.0,1.2130461281026255e-16,0.002229806970498584,-2.3167516818974906e-14,0.0,0.0,0.8378483530559234,4.4276183675745825e-12
2013-11-25,-0.0009523421222258376,1.5812562332623365e-14,0.0,0.0,3.64994181084048e-16,-0.0009523421222258376,1.5447568151539318e-14,0.0,0.0,0.8382091154979687,4.4407625365225835e-12
2013-11-26,0.0007920424626620837,-2.64365276406009e-15,0.0,0.0,1.213470700684237e-16,0.0007920424626620837,-2.764999834128514e-15,0.0,0.0,0.8380548883466398,4.429168057497465e-12
2013-11-27,0.0011584636817751084,5.960248784900426e-17,0.0,0.0,1.2132340562230734e-16,0.0011584636817751084,-6.172091777330308e-17,0.0,0.0,0.8381830542388629,4.428304305214218e-12
2013-11-29,0.0025426188505708776,-3.278324240785516e-15,0.0,0.0,2.423627768800399e-16,0.0025426188505708776,-3.520687017665556e-15,0.0,0.0,0.8383702963804026,4.4231206780607284e-12
2013-12-02,-0.0025134374096038884,2.7426074973036725e-15,2.542094173422649e-05,1.0395648908883297e-15,2.961999262807995e-16,-0.002538858351338115,1.4068426801345433e-15,0.12635355555433503,5.167106772301156e-12,0.8361179882428891,3.603765769749728e-12
2013-12-03,0.000615938656784379,2.2519740270715525e-15,0.0,0.0,9.890928549433558e-17,0.000615938656784379,2.1530647415772168e-15,0.0,0.0,0.8357263416351772,3.6101889205432488e-12
2013-12-04,5.3444645339291606e-05,8.410244595325459e-15,0.0,0.0,9.878674100322383e-17,5.3444645339291606e-05,8.311457854322234e-15,0.0,0.0,0.8358274618478059,3.6057160466176696e-12
2013-12-05,-0.0005652976742925756,6.811084309580176e-15,0.0,0.0,9.855105631682446e-17,-0.0005652976742925756,6.7125332532633516e-15,0.0,0.0,0.8358362355219691,3.597113555564093e-12
2013-12-06,0.006025170305528303,1.2874644702700854e-16,0.0,0.0,9.842008791404772e-17,0.006025170305528303,3.0326359112960813e-17,0.0,0.0,0.8357433816376157,3.592333208862742e-12
2013-12-09,0.001583970872460243,-2.1731665577366405e-16,0.0,0.0,2.9348140638739756e-16,0.001583970872460243,-5.107980621610617e-16,0.0,0.0,0.8367271284947081,3.570690444380003e-12
2013-12-10,0.000755641737448451,-6.476288734995416e-16,0.0,0.0,9.767836965104932e-17,0.000755641737448451,-7.453072431505909e-16,0.0,0.0,0.8369853389695645,3.5652604922633e-12
2013-12-11,-0.007093660416775678,2.49818986914875e-15,0.0,0.0,9.762234538917393e-17,-0.007093660416775678,2.400567523759576e-15,0.0,0.0,0.8371084266410742,3.5632156067048483e-12
2013-12-12,-0.0028594764151175915,2.297741411837858e-16,0.0,0.0,9.825086006809403e-17,-0.0028594764151175915,1.3152328111569176e-16,0.0,0.0,0.8359446738679277,3.586156392485432e-12
2013-12-13,-0.0014717640136486425,-4.5773645131342815e-15,0.0,0.0,9.852629851301056e-17,-0.0014717640136486425,-4.6758908116472924e-15,0.0,0.0,0.8354742162696717,3.5962098957248855e-12
2013-12-16,0.005535629284798973,-5.563181354590873e-15,1.5474621190119846e-06,3.4194079587848078e-16,4.3669840344745613e-16,0.005534081822679961,-6.34182055391681e-15,0.007725387411105034,1.7070693281393293e-12,0.8395986618087613,5.3131639086107165e-12
2013-12-17,-0.0012569100198207468,2.4553843798427722e-15,0.0,0.0,1.4491657025276839e-16,-0.0012569100198207468,2.310467809590004e-15,0.0,0.0,0.8404829894593269,5.289454814226046e-12
2013-12-18,0.007818331756506843,-2.2977268997890753e-14,0.0,0.0,1.450315911078949e-16,0.007818331756506843,-2.312230058899865e-14,0.0,0.0,0.8402822386046835,5.293653075438164e-12
2013-12-19,0.0002446470159846721,1.713740690086208e-14,0.0,0.0,1.4453111313538883e-16,0.0002446470159846721,1.6992875787726692e-14,0.0,0.0,0.8415212778309679,5.275385629441692e-12
2013-12-20,0.0037736791908357806,-1.1450785859401804e-14,0.0,0.0,1.4402635951902304e-16,0.0037736791908357806,-1.1594812218920826e-14,0.0,0.0,0.8415600396944555,5.256962122444341e-12
2013-12-23,0.004614875044999206,-1.0591011256979869e-15,0.0,0.0,4.313923028821956e-16,0.004614875044999206,-1.4904934285801826e-15,0.0,0.0,0.8421556934694115,5.2486063517333785e-12
2013-12-24,0.0026067942594357866,-1.3140863565071007e-15,0.0,0.0,1.4316575867624916e-16,0.0026067942594357866,-1.4572521151833498e-15,0.0,0.0,0.8428807790413048,5.225550191683095e-12
2013-12-26,0.002805450362440227,3.374166276627397e-15,0.0,0.0,2.856588681866164e-16,0.002805450362440227,3.0885074084407804e-15,0.0,0.0,0.8432892916163124,5.21327434440575e-12
2013-12-27,0.0007581214384231895,-6.089177166657457e-15,0.0,0.0,1.4233766991397032e-16,0.0007581214384231895,-6.2315148365714276e-15,0.0,0.0,0.8437277057807668,5.195324951859916e-12
2013-12-30,-6.593907413539122e-05,8.387264950835001e-16,0.0,0.0,4.2718962844138786e-16,-6.593907413539122e-05,4.1153686664211224e-16,0.0,0.0,0.8438460894080856,5.1974738127035525e-12
2013-12-31,0.0020678546627471354,1.184345107819328e-15,1.7798818422010455e-06,2.864990230873438e-16,1.0359806276838837e-16,0.0020660747809049342,7.942480219635959e-16,0.00879474909085019,1.4156484790647553e-12,0.8350410429966655,3.781329291046176e-12
2014-01-02,-0.008637873135433887,-1.130213015935307e-14,0.0,0.0,2.0670416365479507e-16,-0.008637873135433887,-1.1508834323007866e-14,0.0,0.0,0.8353829340469792,3.77235098670001e-12
2014-01-03,-0.0033669890846213966,-4.122404750382682e-15,0.0,0.0,1.0456494798412496e-16,-0.0033669890846213966,-4.226969698366807e-15,0.0,0.0,0.8339486031470114,3.816620601420561e-12
2014-01-06,-0.001821430201030726,-1.713673189312131e-15,0.0,0.0,3.1509459179126337e-16,-0.001821430201030726,-2.0287677811033944e-15,0.0,0.0,0.833387621085848,3.833650866793704e-12
2014-01-07,0.0034238699819686986,-3.577795868069563e-15,0.0,0.0,1.0527022291075899e-16,0.0034238699819686986,-3.683066090980322e-15,0.0,0.0,0.8330835945038315,3.842363136242703e-12
2014-01-08,-0.001543258211159772,-1.0685357538040667e-15,0.0,0.0,1.050087085503133e-16,-0.001543258211159772,-1.17354446235438e-15,0.0,0.0,0.8336531445089453,3.832817862086435e-12
2014-01-09,-0.000996154725765128,-4.40908043072751e-15,0.0,0.0,1.0520033478294296e-16,-0.000996154725765128,-4.5142807655104525e-15,0.0,0.0,0.8333960315666497,3.839812219577418e-12
2014-01-10,0.003028615279377565,-3.727615363730526e-15,0.0,0.0,1.0542615226687285e-16,0.003028615279377565,-3.833041515997399e-15,0.0,0.0,0.8332299027461577,3.8480545577408585e-12
2014-01-13,-0.00878387617712246,1.842331356345921e-15,0.0,0.0,3.1562891758317805e-16,-0.00878387617712246,1.5267024387627428e-15,0.0,0.0,0.8337334601292625,3.840151830595333e-12
2014-01-14,0.008319163780527564,3.1512175767192766e-15,0.0,0.0,1.0609105505380472e-16,0.008319163780527564,3.045126521665472e-15,0.0,0.0,0.8322600532066716,3.8723235094638725e-12
2014-01-15,0.0045323929078286565,-7.346346441200007e-15,8.986146386227967e-06,5.143765444955054e-16,9.930223035894423e-17,0.004523406761442429,-7.960025216054457e-15,0.042418122763463025,2.42805831034486e-12,0.8692953043482008,3.6245314081014648e-12
2014-01-16,-0.0008200630978308637,-3.5546064511817644e-17,0.0,0.0,9.905543211307946e-17,-0.0008200630978308637,-1.346014966248971e-16,0.0,0.0,0.8698928182004582,3.6155232721274007e-12
2014-01-17,-0.002462021642099133,-2.330724253880893e-15,0.0,0.0,9.913770515145898e-17,-0.002462021642099133,-2.4298619590323517e-15,0.0,0.0,0.8697860345325562,3.6185262380282523e-12
2014-01-21,0.0038265567211051344,-2.671354438025565e-15,0.0,0.0,3.9778559919601456e-16,0.0038265567211051344,-3.06914003722158e-15,0.0,0.0,0.8694646536848716,3.6297935926636326e-12
2014-01-22,0.0024872479589965824,-4.2144784295910735e-15,0.0,0.0,9.914022190934749e-17,0.0024872479589965824,-4.313618651500421e-15,0.0,0.0,0.8699622505091859,3.6186180996911832e-12
2014-01-23,-0.00167376729934898,3.652474980522934e-15,0.0,0.0,9.900942607886637e-17,-0.00167376729934898,3.553465554444068e-15,0.0,0.0,0.8702848841662979,3.6138440518786227e-12
2014-01-24,-0.013852427551427564,1.7376104783049209e-15,0.0,0.0,9.907518707949099e-17,-0.013852427551427564,1.63853529122543e-15,0.0,0.0,0.8700674072414158,3.6162443284014216e-12
2014-01-27,-0.004154201368115508,1.1794102300007358e-14,0.0,0.0,3.0125586903919354e-16,-0.004154201368115508,1.1492846430968165e-14,0.0,0.0,0.8682422424506231,3.665279739976855e-12
2014-01-28,0.0031441610335402564,-9.457548051791985e-15,0.0,0.0,1.0051304836568638e-16,0.0031441610335402564,-9.558061100157672e-15,0.0,0.0,0.8676926109138599,3.668726265347553e-12
2014-01-29,-0.005891303308239055,-1.1900293058056789e-15,0.0,0.0,1.0045630846058082e-16,-0.005891303308239055,-1.2904856142662598e-15,0.0,0.0,0.8681073027930347,3.6666552588112e-12
2014-01-30,0.005545890532052716,-5.858055201139017e-15,7.0598719958088505e-06,1.2877820518555963e-16,8.402045524309713e-17,0.0055388306600569065,-6.070853861567674e-15,0.03414503403639292,6.228351168147128e-13,0.9014707121577558,3.0667466163730455e-12
2014-01-31,-0.0044722910928678,-4.405826532280742e-15,0.0,0.0,8.37172542117388e-17,-0.0044722910928678,-4.489543786492481e-15,0.0,0.0,0.9020204640873283,3.055679778728466e-12
2014-02-03,-0.01392187794998251,1.5971121522700964e-15,0.0,0.0,2.52643781899355e-16,-0.01392187794998251,1.3444683703707414e-15,0.0,0.0,0.9015803025510687,3.073832679775486e-12
2014-02-04,0.005194211609576193,-4.768450774299164e-15,0.0,0.0,8.535919780284877e-17,0.005194211609576193,-4.853809972102012e-15,0.0,0.0,0.900190770641659,3.11561071980398e-12
2014-02-05,0.00023868979089801938,4.766958526545091e-15,0.0,0.0,8.504808255205221e-17,0.00023868979089801938,4.681910443993039e-15,0.0,0.0,0.9007065219779606,3.104255013149906e-12
2014-02-06,0.008982988918252242,-4.16327257267747e-15,0.0,0.0,8.489721684964715e-17,0.008982988918252242,-4.248169789527117e-15,0.0,0.0,0.900730216661784,3.0987484150121215e-12
2014-02-07,0.01050205001567771,-1.0087853319140452e-14,0.0,0.0,8.42544225676735e-17,0.01050205001567771,-1.0172107741708125e-14,0.0,0.0,0.9016140168580633,3.075286423720083e-12
2014-02-10,0.0006130500166063704,-4.626878624666851e-16,0.0,0.0,2.5095684499408893e-16,0.0006130500166063704,-7.136447074607741e-16,0.0,0.0,0.9026365328596796,3.053308280761415e-12
2014-02-11,0.006606002937065124,-1.1208655858553875e-15,0.0,0.0,8.361369866513477e-17,0.006606002937065124,-1.2044792845205224e-15,0.0,0.0,0.9026961849651034,3.051900001277419e-12
2014-02-12,0.002371561657072761,4.51979772349486e-16,0.0,0.0,8.30954783373692e-17,0.002371561657072761,3.688842940121168e-16,0.0,0.0,0.9033347558518594,3.032984959313976e-12
2014-02-13,0.0028723501646928085,-4.683348099540317e-15,5.064803875396367e-05,2.8300197459050274e-17,8.109191774484186e-17,0.002821702125938845,-4.7927402147442085e-15,0.249161498071118,1.3922196728799463e-13,0.6544019629802762,2.959854997686728e-12
2014-02-14,0.002419267933213895,-5.108102817609005e-16,0.0,0.0,8.099169421592651e-17,0.002419267933213895,-5.91801975976827e-16,0.0,0.0,0.655424899313187,2.9561968388813178e-12
2014-02-18,0.002950199967517535,-1.0582209877233432e-14,0.0,0.0,3.232407500912625e-16,0.002950199967517535,-1.0905450627324695e-14,0.0,0.0,0.6562565069232387,2.949571844582771e-12
2014-02-19,-0.0019484991460827189,-1.1525046938068617e-15,0.0,0.0,8.086155332909199e-17,-0.0019484991460827189,-1.2333662471359538e-15,0.0,0.0,0.657267635932585,2.9514466965118573e-12
2014-02-20,0.002161156847260605,1.614001802537581e-15,0.0,0.0,8.105105671495347e-17,0.002161156847260605,1.5329507458226276e-15,0.0,0.0,0.6565985184390006,2.9583635700958016e-12
2014-02-21,-0.0005033445848595365,-2.179002337851049e-16,0.0,0.0,8.083214654051177e-17,-0.0005033445848595365,-2.987323803256167e-16,0.0,0.0,0.6573390624704305,2.9503733487286795e-12
2014-02-24,0.0021546061265243967,-3.180675346287044e-15,0.0,0.0,2.426364789875795e-16,0.0021546061265243967,-3.4233118252746235e-15,0.0,0.0,0.6571664990842361,2.95207716101555e-12
2014-02-25,-0.0006149247180047653,-1.1260162075017152e-15,0.0,0.0,8.079189341098586e-17,-0.0006149247180047653,-1.206808100912701e-15,0.0,0.0,0.6579035821220601,2.9489041095009836e-12
2014-02-26,0.0006003477107999247,-3.106667910910064e-15,0.0,0.0,8.087247365315108e-17,0.0006003477107999247,-3.187540384563215e-15,0.0,0.0,0.6576930891414301,2.9518452883400147e-12
2014-02-27,0.002707270195927162,2.4617522698593913e-15,0.0,0.0,8.090901430097267e-17,0.002707270195927162,2.3808432555584185e-15,0.0,0.0,0.6578984690124219,2.9531790219855026e-12
2014-02-28,0.002081498149207126,-3.904007679944141e-15,2.6821846454034665e-05,2.5359852177727294e-16,8.481781381442362e-17,0.0020546763027530913,-4.242424015535838e-15,0.13049188311446214,1.2337908472659365e-12,0.7893140128066768,3.0958502042264625e-12
2014-03-03,-0.0033227550457554313,-1.8165373693195986e-14,0.0,0.0,2.542519134054252e-16,-0.0033227550457554313,-1.8419625606601412e-14,0.0,0.0,0.7897727835330024,3.0933982797660066e-12
2014-03-04,0.004638316405842775,6.2163143582960914e-15,0.0,0.0,8.55325228948816e-17,0.004638316405842775,6.13078183540121e-15,0.0,0.0,0.7890719211948756,3.1219370856631783e-12
2014-03-05,-0.0010065420595516258,7.414402978971897e-15,0.0,0.0,8.496810396188226e-17,-0.0010065420595516258,7.329434875010016e-15,0.0,0.0,0.7900457554120195,3.1013357946087023e-12
2014-03-06,0.0019532632402334813,-4.2561494443018254e-15,0.0,0.0,8.485037510500256e-17,0.0019532632402334813,-4.340999819406828e-15,0.0,0.0,0.7898342147096405,3.097038691332593e-12
2014-03-07,-0.0013419852860264009,7.547821035913894e-15,0.0,0.0,8.480134259388231e-17,-0.0013419852860264009,7.463019693320012e-15,0.0,0.0,0.7902439235432025,3.0952490046767043e-12
2014-03-10,-0.0025912563477634644,8.604346214705583e-15,0.0,0.0,2.5412469052487853e-16,-0.0025912563477634644,8.350221524180704e-15,0.0,0.0,0.7899620557124557,3.091850401386022e-12
2014-03-11,-0.003122771715482247,-1.10497207375083e-15,0.0,0.0,8.469195322362235e-17,-0.003122771715482247,-1.1896640269744523e-15,0.0,0.0,0.789416379569273,3.0912562926622155e-12
2014-03-12,-0.0005801929276051484,1.578565528323786e-15,0.0,0.0,8.498762337757201e-17,-0.0005801929276051484,1.4935779049462142e-15,0.0,0.0,0.7887567150138333,3.102048253281378e-12
2014-03-13,-0.0050911752353480335,2.160321744063939e-15,0.0,0.0,8.499368774345271e-17,-0.0050911752353480335,2.075328056320486e-15,0.0,0.0,0.7886340820030737,3.1022696026360235e-12
2014-03-14,-0.0007206184056478996,-2.8766879306207505e-15,4.4001619121324494e-05,4.1935951727740994e-16,6.598630738059902e-17,-0.0007646200247692241,-3.36203375527876e-15,0.2104334306147035,2.0055457877195285e-12,0.9950316241185619,2.4085002193918643e-12
2014-03-17,0.001626939784928874,6.716503904760094e-15,0.0,0.0,1.9834702235082722e-16,0.001626939784928874,6.518156882409267e-15,0.0,0.0,0.9950718575813086,2.413222105268397e-12
2014-03-18,0.004907530600633681,-3.2641131731702812e-15,0.0,0.0,6.582456770330985e-17,0.004907530600633681,-3.329937740873591e-15,0.0,0.0,0.9950798623489937,2.4025967211708097e-12
2014-03-19,-0.005008062285933007,2.4444112350440236e-15,0.0,0.0,6.559210022247747e-17,-0.005008062285933007,2.378819134821546e-15,0.0,0.0,0.9951038901578715,2.394111658120428e-12
2014-03-20,-0.001062291639054054,3.726757383919084e-15,0.0,0.0,6.585493567133235e-17,-0.001062291639054054,3.660902448247752e-15,0.0,0.0,0.9950792467189439,2.403705152003631e-12
2014-03-21,-0.0010394020996477712,-1.8141782425800928e-15,0.0,0.0,6.582275569233839e-17,-0.0010394020996477712,-1.8800009982724313e-15,0.0,0.0,0.9950740138850764,2.402530582770351e-12
2014-03-24,-0.00023244040747979024,-1.4083259236382739e-16,0.0,0.0,1.9782299525412733e-16,-0.00023244040747979024,-3.386555876179547e-16,0.0,0.0,0.9950688884774079,2.4068464422585495e-12
2014-03-25,0.0016731519558251503,-3.4842821582966977e-15,0.0,0.0,6.596018865835971e-17,0.0016731519558251503,-3.5502423469550575e-15,0.0,0.0,0.9950677420213538,2.40754688603013e-12
2014-03-26,-0.0011757353220523306,-2.0860478513144893e-16,0.0,0.0,6.594531191590918e-17,-0.0011757353220523306,-2.745500970473581e-16,0.0,0.0,0.9950759806539571,2.407003884930685e-12
2014-03-27,0.001850124985125055,-4.913366217075986e-15,0.0,0.0,6.602865934255863e-17,0.001850124985125055,-4.979394876418545e-15,0.0,0.0,0.9950701844957375,2.41004606600339e-12
2014-03-28,0.0017665094477255642,9.703991045323738e-18,3.0792447181502068e-06,4.025632475070917e-17,6.2500421350532e-17,0.001763430203007414,-9.305275505591744e-17,0.015115785377017056,1.9761533125719446e-13,1.000000000002297,2.281265379294418e-12
2014-03-31,0.002595104656298878,3.3615199205695613e-16,0.0,0.0,1.8717040451885324e-16,0.002595104656298878,1.4898158753810289e-16,0.0,0.0,1.0000030738265369,2.277239921646048e-12
2014-04-01,0.0006338236386728013,6.69795973866829e-15,0.0,0.0,6.221945918774922e-17,0.0006338236386728013,6.6357402794805406e-15,0.0,0.0,1.0000030658702825,2.2710102603528465e-12
2014-04-02,-0.0010066153308300825,1.3233003187679083e-15,0.0,0.0,6.199665849381183e-17,-0.0010066153308300825,1.2613036602740964e-15,0.0,0.0,1.0000030639282853,2.262878035024132e-12
2014-04-03,0.00012661152050907524,-4.355074628886001e-15,0.0,0.0,6.202283682897145e-17,0.00012661152050907524,-4.417097465714973e-15,0.0,0.0,1.0000030670155893,2.263833544257458e-12
2014-04-04,-0.0025838541730166687,-2.7914875170878206e-15,0.0,0.0,6.213428702553584e-17,-0.0025838541730166687,-2.8536218041133563e-15,0.0,0.0,1.0000030666273232,2.267901476432058e-12
2014-04-07,-0.0028598210035096438,1.1224767549985292e-15,0.0,0.0,1.8711577829135503e-16,-0.0028598210035096438,9.353609767071742e-16,0.0,0.0,1.0000030745715707,2.2765753025448192e-12
2014-04-08,0.005927058784821936,-5.051611203106282e-15,0.0,0.0,6.251996923045413e-17,0.005927058784821936,-5.114131172336736e-15,0.0,0.0,1.0000030833895117,2.2819788769115757e-12
2014-04-09,0.005867628850134945,-1.9600301984749386e-15,0.0,0.0,6.22891779182094e-17,0.005867628850134945,-2.022319376393148e-15,0.0,0.0,1.0000030652217673,2.2735549940146433e-12
2014-04-10,-0.006385177308730766,1.794631256614702e-18,0.0,0.0,6.197920639614351e-17,-0.006385177308730766,-6.018457513952881e-17,0.0,0.0,1.0000030473411026,2.262241033459238e-12
2014-04-11,-0.003960409008535531,1.1340865687897597e-14,5.1244025805062974e-05,1.8292017154044682e-15,2.1142039751622768e-16,-0.004011653034340593,9.300243574976902e-15,0.2500000000022526,8.923975461936787e-12,0.9999999999884513,7.71684450934231e-12
2014-04-14,0.00398226176689976,-2.4775215422578082e-14,0.0,0.0,6.358799965192394e-16,0.00398226176689976,-2.5411095419097323e-14,0.0,0.0,1.0000514504154625,7.736539957650745e-12
2014-04-15,0.0008613093570103681,-1.0857955737745494e-15,0.0,0.0,2.1179534735086539e-16,0.0008613093570103681,-1.2975909211254147e-15,0.0,0.0,1.0000512463391509,7.730530178306585e-12
2014-04-16,0.004178527225159668,-1.6013299688630465e-14,0.0,0.0,2.1164280524630213e-16,0.004178527225159668,-1.6224942493876766e-14,0.0,0.0,1.000051202238185,7.724962391490028e-12
2014-04-17,0.0011757417177921422,-3.173408758278233e-14,0.0,0.0,2.111990249102056e-16,0.0011757417177921422,-3.194528660769254e-14,0.0,0.0,1.0000509891785307,7.708764409222504e-12
2014-04-21,-0.0006287424101806749,2.0080659269187664e-14,0.0,0.0,8.472776282150551e-16,-0.0006287424101806749,1.923338164097261e-14,0.0,0.0,1.0000509292988615,7.73140835746238e-12
2014-04-22,0.0027309108493307212,-2.471546292546803e-14,0.0,0.0,2.1140216951486703e-16,0.0027309108493307212,-2.49268650949829e-14,0.0,0.0,1.0000509613403983,7.716179187292646e-12
2014-04-23,-0.00037040501599552855,1.1192441396214118e-14,0.0,0.0,2.1150171316230604e-16,-0.00037040501599552855,1.0980939683051812e-14,0.0,0.0,1.0000508225485736,7.719812530424172e-12
2014-04-24,0.0024781681374368755,-2.303036081050988e-14,0.0,0.0,2.1127332763257167e-16,0.0024781681374368755,-2.324163413814245e-14,0.0,0.0,1.000050841380465,7.711476458588864e-12
2014-04-25,-0.004426898112569084,2.14568314023619e-14,0.0,0.0,2.1138046010080704e-16,-0.004426898112569084,2.1245450942261093e-14,0.0,0.0,1.0000507156984604,7.715386793679458e-12
2014-04-28,-0.00019321756633012616,0.0,2.476373816163959e-07,1.5670670859102472e-15,0.0,-0.00019346520371174255,-1.5670670859102472e-15,0.0012212475025184899,7.728141657996383e-12,1.0000000000025449,0.0
2014-04-29,0.0035776354131582546,0.0,0.0,0.0,0.0,0.0035776354131582546,0.0,0.0,0.0,1.000000247687847,0.0
2014-04-30,0.0010765604168111783,0.0,0.0,0.0,0.0,0.0010765604168111783,0.0,0.0,0.0,1.000000246804869,0.0
2014-05-01,-4.322388135591147e-05,0.0,0.0,0.0,0.0,-4.322388135591147e-05,0.0,0.0,0.0,1.0000002465394546,0.0
2014-05-02,0.0003877953475843935,0.0,0.0,0.0,0.0,0.0003877953475843935,0.0,0.0,0.0,1.0000002465501112,0.0
2014-05-05,0.000500722338819807,0.0,0.0,0.0,0.0,0.000500722338819807,0.0,0.0,0.0,1.0000002464545374,0.0
2014-05-06,-0.000851255745160708,0.0,0.0,0.0,0.0,-0.000851255745160708,0.0,0.0,0.0,1.0000002463311937,0.0
2014-05-07,0.0009792134718838762,0.0,0.0,0.0,0.0,0.0009792134718838762,0.0,0.0,0.0,1.0000002465410636,0.0
2014-05-08,-0.001208876299870815,0.0,0.0,0.0,0.0,-0.001208876299870815,0.0,0.0,0.0,1.0000002462998832,0.0
2014-05-09,-0.0031176764586696125,0.0,0.0,0.0,0.0,-0.0031176764586696125,0.0,0.0,0.0,1.00000024659799,0.0
2014-05-12,0.003947742922465402,-1.2854773774212752e-15,6.9123954501063665e-06,5.323636031442908e-16,2.161731523148734e-16,0.003940830527015296,-2.0340141328804394e-15,0.034150226246990364,2.6301066864976264e-12,0.9999999999951183,2.6301066864976264e-12
2014-05-13,0.0016752099766772748,4.643365201120259e-15,0.0,0.0,7.18099451724977e-17,0.0016752099766772748,4.571555255947761e-15,0.0,0.0,1.0000068852569397,2.621062998796166e-12
2014-05-14,0.00020917835773752154,-2.9332749502867927e-16,0.0,0.0,7.15628468924615e-17,0.00020917835773752154,-3.6489034192114076e-16,0.0,0.0,1.000006873741974,2.6120439115748446e-12
2014-05-15,-0.0017294493866834523,1.6911746498526375e-14,0.0,0.0,7.155591531333669e-17,-0.0017294493866834523,1.6840190583213038e-14,0.0,0.0,1.0000068723044369,2.6117909089367893e-12
2014-05-16,0.0008808982142084575,-4.472269375408564e-15,0.0,0.0,7.121574381729495e-17,0.0008808982142084575,-4.543485119225859e-15,0.0,0.0,1.0000068842103136,2.5993746493312656e-12
2014-05-19,0.0006028152790996572,3.090422037940505e-15,0.0,0.0,2.1382645589301933e-16,0.0006028152790996572,2.8765955820474856e-15,0.0,0.0,1.0000068781513667,2.6015552133650675e-12
2014-05-20,-0.0016431957871586686,7.091890760909228e-15,0.0,0.0,7.114792714318485e-17,-0.0016431957871586686,7.0207428337660425e-15,0.0,0.0,1.0000068740076071,2.5968993407262475e-12
2014-05-21,0.003190790540096478,-2.984779027505282e-15,0.0,0.0,7.107041136672257e-17,0.003190790540096478,-3.0558494388720045e-15,0.0,0.0,1.0000068853215316,2.5940700148853737e-12
2014-05-22,5.17741732758767e-05,1.933656024979828e-15,0.0,0.0,7.092587651875555e-17,5.17741732758767e-05,1.862730148461072e-15,0.0,0.0,1.0000068634217931,2.5887944929345775e-12
2014-05-23,0.0017638253465594622,-1.4527177208175396e-15,0.0,0.0,7.08692304455417e-17,0.0017638253465594622,-1.5235869512630814e-15,0.0,0.0,1.0000068630664618,2.586726911262272e-12
2014-05-27,-0.0002833271866814741,-4.1400915600470203e-16,5.065601671426957e-05,5.497622182237178e-16,1.1866466383150026e-16,-0.00033398320339574365,-1.0824360380599203e-15,0.25000000001513806,2.713212831942536e-12,1.0000000000195182,1.0828150574624398e-12
2014-05-28,0.00013434070395924717,-2.3451038076245504e-15,0.0,0.0,2.968742377537103e-17,0.00013434070395924717,-2.3747912313999215e-15,0.0,0.0,1.000050672960151,1.0835909678010425e-12
2014-05-29,0.002205484866714551,-9.883598004408235e-16,0.0,0.0,2.9747676870906085e-17,0.002205484866714551,-1.0181074773117296e-15,0.0,0.0,1.0000506661536266,1.085790205788072e-12
2014-05-30,-0.0018063375132339671,1.8648877775434988e-15,0.0,0.0,2.970923196011338e-17,-0.0018063375132339671,1.8351785455833854e-15,0.0,0.0,1.000050554656099,1.0843869665441384e-12
2014-06-02,-0.0022979479113006255,-5.148870314407194e-15,0.0,0.0,8.913542609678738e-17,-0.0022979479113006255,-5.238005740503982e-15,0.0,0.0,1.0000506461401195,1.084481017510913e-12
2014-06-03,-0.002502365711156461,9.036679568429032e-16,0.0,0.0,2.9921631990785956e-17,-0.002502365711156461,8.737463248521173e-16,0.0,0.0,1.000050762790373,1.0921395676636875e-12
2014-06-04,-0.0010165863356364918,-1.560179584865447e-15,0.0,0.0,2.997187455575847e-17,-0.0010165863356364918,-1.5901514594212056e-15,0.0,0.0,1.0000508901361036,1.0939734212851842e-12
2014-06-05,0.0026513483249987996,3.470744431426416e-15,0.0,0.0,3.004516270377585e-17,0.0026513483249987996,3.44069926872264e-15,0.0,0.0,1.0000509419229682,1.0966484386878185e-12
2014-06-06,0.0031142919982149117,-3.253969143189531e-16,0.0,0.0,2.987087571893986e-17,0.0031142919982149117,-3.5526779003789294e-16,0.0,0.0,1.0000508072153396,1.0902869637413047e-12
2014-06-09,0.00016282317728219474,-3.606511418725028e-15,0.0,0.0,8.936107562590782e-17,0.00016282317728219474,-3.695872494350936e-15,0.0,0.0,1.0000506494780754,1.0872264201152117e-12
2014-06-10,-0.002130283539823665,-2.30206796315986e-15,5.054692083258175e-05,5.363118413832663e-17,2.8229090629510653e-17,-0.002180830460656247,-2.3839282379276975e-15,0.25000000000118455,2.652544569243619e-13,0.9999999999962429,1.0303618079771389e-12
2014-06-11,-0.0005212621544270342,4.540281827514555e-16,0.0,0.0,2.835399624335463e-17,-0.0005212621544270342,4.2567418650810085e-16,0.0,0.0,1.0000506573922618,1.0349208628824439e-12
2014-06-12,0.0027969232000887084,2.6660779252032687e-15,0.0,0.0,2.835633820100237e-17,0.0027969232000887084,2.637721587002266e-15,0.0,0.0,1.0000506838118142,1.0350063443365863e-12
2014-06-13,0.0016735339859403572,-4.2861233101187016e-16,0.0,0.0,2.8204409403170274e-17,0.0016735339859403572,-4.568167404150404e-16,0.0,0.0,1.000050542448465,1.0294609432157151e-12
2014-06-16,-8.468688653757349e-05,3.0103038867729973e-15,0.0,0.0,8.45070312314622e-17,-8.468688653757349e-05,2.925796855541535e-15,0.0,0.0,1.0000504580052787,1.02816887998279e-12
2014-06-17,-0.001987842766552419,-2.529613124361832e-15,0.0,0.0,2.808891509416319e-17,-0.001987842766552419,-2.557702039455995e-15,0.0,0.0,1.000050462278769,1.0252454009369564e-12
2014-06-18,0.004321272462716992,1.6669770208645766e-15,0.0,0.0,2.821430516576092e-17,0.004321272462716992,1.6387627156988157e-15,0.0,0.0,1.0000505627896472,1.0298221385502736e-12
2014-06-19,0.0007450660943014505,2.4552451304710875e-15,0.0,0.0,2.8047433958435054e-17,0.0007450660943014505,2.4271976965126523e-15,0.0,0.0,1.0000503452341714,1.0237313394828794e-12
2014-06-20,0.0014503418199774821,-1.7993032479088223e-16,0.0,0.0,2.795933541572161e-17,0.0014503418199774821,-2.0788966020660383e-16,0.0,0.0,1.0000503077515692,1.0205157426738388e-12
2014-06-23,-0.00027625842074260025,2.1669597994888963e-15,0.0,0.0,8.377129802414506e-17,-0.00027625842074260025,2.083188501464751e-15,0.0,0.0,1.0000502348938018,1.0192174592937649e-12
2014-06-24,0.0012699024514618376,0.0,5.089323020614997e-05,4.781550360417793e-16,3.647898611251263e-17,0.0012190092212556877,-5.14634022154292e-16,0.2500000000727839,2.348814539007227e-12,1.0000000000702856,1.331482993106711e-12
2014-06-25,0.0019936920083489036,2.907786694327823e-16,0.0,0.0,3.6434572033231635e-17,0.0019936920083489036,2.5434409739955065e-16,0.0,0.0,1.000050831336624,1.3298618792129547e-12
2014-06-26,0.0011446652346927847,0.0,0.0,0.0,3.6354126562744403e-17,0.0011446652346927847,-3.6354126562744403e-17,0.0,0.0,1.000050730196237,1.3269256195401707e-12
2014-06-27,-0.0004022404800956752,-2.898682976500144e-16,0.0,0.0,3.6312560836771885e-17,-0.0004022404800956752,-3.261808584867863e-16,0.0,0.0,1.0000506721935387,1.3254084705421739e-12
2014-06-30,-0.0009000235283895554,2.899849413320255e-16,0.0,0.0,1.0900535366769566e-16,-0.0009000235283895554,1.8097958766432984e-16,0.0,0.0,1.0000506925841484,1.3262318029569638e-12
2014-07-01,-0.0014419770505566247,-2.902461697138037e-16,0.0,0.0,3.635989785988241e-17,-0.0014419770505566247,-3.2660606757368613e-16,0.0,0.0,1.0000507382497668,1.3271362718857078e-12
2014-07-02,-0.0025097165873578155,0.0,0.0,0.0,3.642036714333112e-17,-0.0025097165873578155,-3.642036714333112e-17,0.0,0.0,1.0000508115188114,1.329343400731586e-12
2014-07-03,-0.0008975446643946447,2.913966253534097e-16,0.0,0.0,3.651200192018786e-17,-0.0008975446643946447,2.5488462343322183e-16,0.0,0.0,1.0000509393621735,1.3326880700868569e-12
2014-07-07,-0.0005564635036120111,-2.9165840179577823e-16,0.0,0.0,1.4614724748619754e-16,-0.0005564635036120111,-4.3780564928197575e-16,0.0,0.0,1.000050985123599,1.3335936333115524e-12
2014-07-08,0.0013265807798832994,0.0,0.0,0.0,3.656514968399775e-17,0.0013265807798832994,-3.656514968399775e-17,0.0,0.0,1.0000510135107563,1.3346279634659177e-12
2014-07-09,0.0003152414838717318,1.841293603388806e-15,5.0814103594484036e-05,9.43133902851253e-16,1.249434757478216e-16,0.00026442738027724776,7.7321622478973155e-16,0.25000000005513207,4.640118767939948e-12,0.9999999999256497,4.560436864795488e-12
2014-07-10,-0.0019545280221847255,2.1316348604013985e-14,0.0,0.0,1.2486001294160512e-16,-0.0019545280221847255,2.119148859107238e-14,0.0,0.0,1.0000508005961748,4.5573904723685875e-12
2014-07-11,0.00036879566510672414,-1.162457314257178e-14,0.0,0.0,1.2451938000833894e-16,0.00036879566510672414,-1.1749092522580119e-14,0.0,0.0,1.0000509000817899,4.544957370304371e-12
2014-07-14,-0.00015896486903565018,-1.8710156270968906e-14,0.0,0.0,3.7437551632536097e-16,-0.00015896486903565018,-1.9084531787294266e-14,0.0,0.0,1.0000508813169922,4.554902115291891e-12
2014-07-15,-0.0012101898937588514,7.244771905036842e-15,0.0,0.0,1.2532436796798615e-16,-0.0012101898937588514,7.119447537068855e-15,0.0,0.0,1.0000508894066393,4.5743394308314934e-12
2014-07-16,0.0015995011693257012,-2.1213672944543965e-14,0.0,0.0,1.2527749061954063e-16,0.0015995011693257012,-2.1338950435163507e-14,0.0,0.0,1.0000509510670987,4.572628407613233e-12
2014-07-17,0.00034259837761576554,3.720921133068519e-14,0.0,0.0,1.256576975044787e-16,0.00034259837761576554,3.708355363318071e-14,0.0,0.0,1.000050869700974,4.586505958913473e-12
2014-07-18,0.0006201330631150392,-2.38810663250062e-14,0.0,0.0,1.2459558081321336e-16,0.0006201330631150392,-2.4005661905819413e-14,0.0,0.0,1.0000508522790281,4.547738699682288e-12
2014-07-21,0.0006889906773489834,1.0848378901706802e-14,0.0,0.0,3.7551669948772353e-16,0.0006889906773489834,1.0472862202219079e-14,0.0,0.0,1.0000508207634167,4.56878651043397e-12
2014-07-22,0.0007954455036789785,-3.3404426284726753e-14,0.0,0.0,1.247890388178716e-16,0.0007954455036789785,-3.352921532354462e-14,0.0,0.0,1.000050785772482,4.554799916852313e-12
2014-07-23,0.001750438162558706,2.864049532275842e-16,5.1055581222418174e-05,1.047557346742952e-15,1.5592840543507332e-17,0.0016993825813362879,-7.767452340588752e-16,0.2500000000100817,5.1294947667994664e-12,1.0000000000150955,5.691386798380176e-13
2014-07-24,-0.0019231115473225197,-2.7974268040450036e-16,0.0,0.0,1.555855389697671e-17,-0.0019231115473225197,-2.953012343014771e-16,0.0,0.0,1.000050968980521,5.678872172396499e-13
2014-07-25,0.002035940397758499,1.4197289830255065e-15,0.0,0.0,1.5596211334112607e-17,0.002035940397758499,1.4041327716913938e-15,0.0,0.0,1.000051067188421,5.692617136951102e-13
2014-07-28,-0.00077126445110634,6.378715610520155e-17,0.0,0.0,4.6577115717438196e-17,-0.00077126445110634,1.7210040387763357e-17,0.0,0.0,1.0000509634299137,5.666882412288313e-13
2014-07-29,-0.0011491041887261382,6.94244747189162e-16,0.0,0.0,1.55359399640369e-17,-0.0011491041887261382,6.787088072251251e-16,0.0,0.0,1.0000510027665346,5.670618086873468e-13
2014-07-30,-0.004617025111744573,9.418910530792446e-16,0.0,0.0,1.5534770630006152e-17,-0.004617025111744573,9.263562824492384e-16,0.0,0.0,1.0000510614414502,5.670191279952245e-13
2014-07-31,-0.00567402120034139,-1.387742229113517e-16,0.0,0.0,1.5580902815236798e-17,-0.00567402120034139,-1.543551257265885e-16,0.0,0.0,1.000051298286928,5.687029527561432e-13
2014-08-01,-0.0006636163938240364,-1.1232386989779225e-15,0.0,0.0,1.5673637399633204e-17,-0.0006636163938240364,-1.1389123363775558e-15,0.0,0.0,1.0000515910154437,5.720877650866119e-13
2014-08-04,0.002946557357188817,-2.434434657922066e-16,0.0,0.0,4.714451906358631e-17,0.002946557357188817,-2.905879848557929e-16,0.0,0.0,1.0000516252748235,5.735916486069667e-13
2014-08-05,-0.0023478135040522667,1.809878265648649e-15,0.0,0.0,1.567532113902791e-17,-0.0023478135040522667,1.794202944509621e-15,0.0,0.0,1.0000514736048947,5.721492215745188e-13
2014-08-06,0.0014653053299070085,-8.455250249315532e-17,5.050031681071487e-05,1.156601462178019e-16,3.0660360080623987e-17,0.0014148050130962937,-2.308730087915812e-16,0.25000000001408024,5.725713892936206e-13,1.0000000000241491,1.1191031429427755e-12
2014-08-07,-0.0008327480974453042,1.0160586915117725e-15,0.0,0.0,3.061935616893602e-17,-0.0008327480974453042,9.854393353428364e-16,0.0,0.0,1.000050428993767,1.1176065001661649e-12
2014-08-08,0.0018128068466738622,-3.72974481140402e-15,0.0,0.0,3.061701520567299e-17,0.0018128068466738622,-3.760361826609693e-15,0.0,0.0,1.0000504710234144,1.1175210550070643e-12
2014-08-11,0.0016142004944305099,2.0312881518420528e-15,0.0,0.0,9.199083836346337e-17,0.0016142004944305099,1.9392973134785893e-15,0.0,0.0,1.0000503796947628,1.119221866755471e-12
2014-08-12,-0.0011176256909430915,1.6046986973791052e-15,0.0,0.0,3.055863329665703e-17,-0.0011176256909430915,1.574140064082448e-15,0.0,0.0,1.0000502985028927,1.1153901153279817e-12
2014-08-13,0.0022283063498680458,4.230409662031888e-16,0.0,0.0,3.054881108487981e-17,0.0022283063498680458,3.9249215511830897e-16,0.0,0.0,1.0000503547806876,1.1150316045981131e-12
2014-08-14,0.0015955080990216206,-5.906825568129853e-16,0.0,0.0,3.046932592897843e-17,0.0015955080990216206,-6.211518827419637e-16,0.0,0.0,1.0000502428242826,1.1121303964077128e-12
2014-08-15,0.00259922490682252,-2.1061232311648567e-15,0.0,0.0,3.043694661788842e-17,0.00259922490682252,-2.1365601777827452e-15,0.0,0.0,1.000050162789147,1.1109485515529274e-12
2014-08-18,0.0008227038150663528,2.688875857348214e-15,0.0,0.0,9.124677498246366e-17,0.0008227038150663528,2.5976290823657502e-15,0.0,0.0,1.0000500327427977,1.1101690956199746e-12
2014-08-19,-6.26993076506164e-05,3.4426068713783813e-15,0.0,0.0,3.031698193241587e-17,-6.26993076506164e-05,3.4122898894459653e-15,0.0,0.0,1.0000499916145034,1.1065698405331793e-12
2014-08-20,-0.0008425127929236236,1.4522163483899733e-14,5.078044026565803e-05,4.2179475670218585e-16,8.711664516633918e-17,-0.0008932932331892817,1.4013252082031208e-14,0.25000000004566003,2.0765611452588928e-12,1.000000000074322,3.1797575485713803e-12
2014-08-21,0.0018983258394130447,-3.87600038853705e-15,0.0,0.0,8.679631223201103e-17,0.0018983258394130447,-3.9627967007690615e-15,0.0,0.0,1.0000508259170215,3.1680653964684025e-12
2014-08-22,-0.0005654174821268161,8.21975201338499e-15,0.0,0.0,8.673784732664288e-17,-0.0005654174821268161,8.133014166058347e-15,0.0,0.0,1.000050729615685,3.1659314274224655e-12
2014-08-25,0.0021557684646255956,1.2337381919203518e-14,0.0,0.0,2.5968477623635807e-16,0.0021557684646255956,1.207769714296716e-14,0.0,0.0,1.000050758315316,3.1594981108756905e-12
2014-08-26,-7.973882437639292e-05,5.5530377940453935e-15,0.0,0.0,8.603810338521115e-17,-7.973882437639292e-05,5.466999690660183e-15,0.0,0.0,1.0000506491275118,3.140390773560207e-12
2014-08-27,0.002210124442663199,-6.2768257948975844e-15,0.0,0.0,8.58928143554951e-17,0.002210124442663199,-6.362718609253079e-15,0.0,0.0,1.0000506531665303,3.135087723975571e-12
2014-08-28,0.0001180002997931982,2.649969914536468e-15,0.0,0.0,8.58749877759957e-17,0.0001180002997931982,2.5640949267604722e-15,0.0,0.0,1.0000505414636125,3.134437053823843e-12
2014-08-29,0.0011894387779622542,1.1321456600893412e-14,0.0,0.0,8.579226234785174e-17,0.0011894387779622542,1.123566433854556e-14,0.0,0.0,1.0000505355004057,3.1314175756965885e-12
2014-09-02,-0.005058341253159041,2.404756286271343e-15,0.0,0.0,3.4152212216306985e-16,-0.005058341253159041,2.0632341641082734e-15,0.0,0.0,1.0000504754629216,3.116389364738012e-12
2014-09-03,0.0009229645026714339,-4.8349371210969325e-15,0.0,0.0,8.574839143267274e-17,0.0009229645026714339,-4.9206855125296055e-15,0.0,0.0,1.0000507320831085,3.1298162872925553e-12
2014-09-04,-0.0018850951915371243,5.166920434607117e-14,5.091785217528311e-05,5.1193723626949514e-17,9.268808803323229e-17,-0.0019360130437124075,5.1525322534410986e-14,0.24999999999961392,2.5135449277513544e-13,1.000000000004036,3.3831152132129783e-12
2014-09-05,0.0011954760095558284,-1.0451118555267905e-15,0.0,0.0,9.14495408976285e-17,0.0011954760095558284,-1.136561396424419e-15,0.0,0.0,1.0000510166250116,3.3379082427634404e-12
2014-09-08,-0.002793004085538429,1.305733431959273e-14,0.0,0.0,2.741068341531643e-16,-0.002793004085538429,1.2783227485439566e-14,0.0,0.0,1.0000509557086856,3.334966482196832e-12
2014-09-09,-0.003641618056779472,-1.2308393521983918e-14,0.0,0.0,9.126611616620554e-17,-0.003641618056779472,-1.2399659638150124e-14,0.0,0.0,1.0000510984267874,3.331213240066502e-12
2014-09-10,7.676016514168233e-05,8.410618309368859e-15,0.0,0.0,9.193813600325905e-17,7.676016514168233e-05,8.3186801733656e-15,0.0,0.0,1.000051285187866,3.3557419641189556e-12
2014-09-11,-0.0005709731369499258,0.0,0.0,0.0,9.170066914586424e-17,-0.0005709731369499258,-9.170066914586424e-17,0.0,0.0,1.0000512812515008,3.3470744238240447e-12
2014-09-12,-0.0038531753234328976,-7.888787665680093e-15,0.0,0.0,9.175305767703086e-17,-0.0038531753234328976,-7.980540723357124e-15,0.0,0.0,1.0000513105484452,3.348986605211626e-12
2014-09-15,-0.00028066344506542853,1.8474477641161173e-15,0.0,0.0,2.769747989985771e-16,-0.00028066344506542853,1.5704729651175402e-15,0.0,0.0,1.0000515090217448,3.3698600544826876e-12
2014-09-16,0.0022876698320128293,-4.224530272471089e-15,0.0,0.0,9.230022329093862e-17,0.0022876698320128293,-4.316830495762027e-15,0.0,0.0,1.0000515234825014,3.3689581501192598e-12
2014-09-17,-0.0003742745140334311,2.2393977207635905e-14,0.0,0.0,9.2205029182728e-17,-0.0003742745140334311,2.2301772178453176e-14,0.0,0.0,1.000051405882818,3.365483565169572e-12
2014-09-18,0.0014891456613008668,-9.821866220008548e-15,5.061834815575035e-05,3.088021524222084e-16,1.1111652675867344e-16,0.0014385273131451164,-1.024178489918943e-14,0.2500000000000585,1.525149297010397e-12,0.9999999999845807,4.0557532266915805e-12
2014-09-19,0.0015341198589416023,2.4871746945513046e-14,0.0,0.0,1.1122561789461745e-16,0.0015341198589416023,2.4760521327618428e-14,0.0,0.0,1.0000505456214894,4.059735053153537e-12
2014-09-22,-0.0009304492731269867,2.9856107611335528e-15,0.0,0.0,3.311246156615694e-16,-0.0009304492731269867,2.6544861454719835e-15,0.0,0.0,1.0000504681972013,4.028682823882428e-12
2014-09-23,-0.0004594439023771069,2.971188880219654e-15,0.0,0.0,1.1039579201652803e-16,-0.0004594439023771069,2.860793088203126e-15,0.0,0.0,1.0000505151990287,4.029446408603273e-12
2014-09-24,0.0015024646010274917,1.1074401018959582e-14,0.0,0.0,1.103650961519155e-16,0.0015024646010274917,1.0964035922807667e-14,0.0,0.0,1.0000505384185943,4.028326009544916e-12
2014-09-25,-0.003112672107154476,1.8478305607985373e-14,0.0,0.0,1.0989657219532177e-16,-0.003112672107154476,1.8368409035790052e-14,0.0,0.0,1.0000504626003124,4.0112248851292446e-12
2014-09-26,0.0011955605792122101,1.0304412756770358e-14,0.0,0.0,1.0973187659871027e-16,0.0011955605792122101,1.0194680880171647e-14,0.0,0.0,1.0000506201642672,4.005213495852925e-12
2014-09-29,-0.0004529663846195925,-3.004353294554805e-15,0.0,0.0,3.279565997789363e-16,-0.0004529663846195925,-3.3323098943337414e-15,0.0,0.0,1.0000505597170526,3.990138630643725e-12
2014-09-30,-0.0009343174701816684,2.0806708172678987e-14,0.0,0.0,1.0945075515500146e-16,-0.0009343174701816684,2.0697257417523984e-14,0.0,0.0,1.0000505826292865,3.994952563157553e-12
2014-10-01,-0.0008923835430577858,7.688721797868903e-15,0.0,0.0,1.0898253263993785e-16,-0.0008923835430577858,7.579739265228965e-15,0.0,0.0,1.0000506299336975,3.977862441357731e-12
2014-10-02,-0.002122355943151412,-8.752775647732263e-15,8.621227986054065e-06,5.860742800730519e-16,1.6898228945978913e-16,-0.002130977171137466,-9.507832217265104e-15,0.04153922973104905,2.8238522631340857e-12,0.9819730454553175,6.167853565282302e-12
2014-10-03,0.003180469497984947,1.524486892345076e-14,0.0,0.0,1.6958347003557943e-16,0.003180469497984947,1.507528545341518e-14,0.0,0.0,0.9819431880292196,6.189796656298648e-12
2014-10-06,-8.28720948774632e-05,-4.12367388147043e-14,0.0,0.0,5.058884444146716e-16,-8.28720948774632e-05,-4.174262725911897e-14,0.0,0.0,0.9820004350963576,6.154976073711839e-12
2014-10-07,-0.0023043347186227905,1.244804155644258e-14,0.0,0.0,1.6977332460878523e-16,-0.0023043347186227905,1.2278268231833796e-14,0.0,0.0,0.9819989433111209,6.196726348220661e-12
2014-10-08,0.005779697906662194,-5.6119934285724206e-14,0.0,0.0,1.698236128214264e-16,0.005779697906662194,-5.628975789854563e-14,0.0,0.0,0.9819573670455767,6.198561867982065e-12
2014-10-09,-0.006149787716283729,5.956247889540467e-14,0.0,0.0,1.7037642102368507e-16,-0.006149787716283729,5.939210247438099e-14,0.0,0.0,0.9820610487645353,6.218739367364505e-12
2014-10-10,-0.003152386336901762,3.719110904295793e-14,0.0,0.0,1.6978873697583188e-16,-0.003152386336901762,3.70213203059821e-14,0.0,0.0,0.9819500453752463,6.1972888996178635e-12
2014-10-13,-0.0025839105431517163,-3.4363360290150425e-15,0.0,0.0,5.079105376838571e-16,-0.0025839105431517163,-3.9442465666988995e-15,0.0,0.0,0.9818929650054913,6.1795782084869276e-12
2014-10-14,0.001497741101783398,-7.196593036110046e-15,0.0,0.0,1.6983650107961367e-16,0.001497741101783398,-7.36642953718966e-15,0.0,0.0,0.9818460568403654,6.1990322894058995e-12
2014-10-15,-0.00037663954166980277,-1.0272809998446236e-14,0.0,0.0,1.697793824527762e-16,-0.00037663954166980277,-1.0442589380899013e-14,0.0,0.0,0.9818732060846629,6.196947459526331e-12
2014-10-16,-0.00037199647339761,4.9762543715892e-17,0.00011796018413971703,7.852613588076506e-16,9.549363887239254e-17,-0.000489956657537327,-8.309924539641512e-16,0.5818663762482543,3.873486503852824e-12,0.39999999999903535,3.4855178188423276e-12
2014-10-17,0.0013335970215281059,9.351466560931087e-15,0.0,0.0,9.553908552603905e-17,0.0013335970215281059,9.255927475405047e-15,0.0,0.0,0.3998238999072402,3.4871766217004256e-12
2014-10-20,0.0013160314996294375,-1.021759667909615e-14,0.0,0.0,2.854679436887299e-16,0.0013160314996294375,-1.050306462278488e-14,0.0,0.0,0.4006232269865004,3.4731933148795474e-12
2014-10-21,0.0017507630950693266,1.6480457274355378e-14,0.0,0.0,9.531048378626167e-17,0.0017507630950693266,1.6385146790569117e-14,0.0,0.0,0.40141098898033845,3.478832658198551e-12
2014-10-22,-0.000701379977325325,1.873634343168126e-14,0.0,0.0,9.469317908558267e-17,-0.000701379977325325,1.8641650252595675e-14,0.0,0.0,0.4024571449586606,3.4563010366237673e-12
2014-10-23,-2.7337952086515244e-05,9.26716028589524e-16,0.0,0.0,9.42459568350686e-17,-2.7337952086515244e-05,8.324700717544553e-16,0.0,0.0,0.40203774620664606,3.439977424480004e-12
2014-10-24,0.0009359932127397907,-3.903146889990918e-15,0.0,0.0,9.422314322260806e-17,0.0009359932127397907,-3.997370033213526e-15,0.0,0.0,0.4020213986962945,3.439144727625194e-12
2014-10-27,-0.0007999163506146698,-8.943047865189537e-15,0.0,0.0,2.8272560701229194e-16,-0.0007999163506146698,-9.225773472201829e-15,0.0,0.0,0.40258057921930585,3.439828218649552e-12
2014-10-28,0.0009456769148248141,-8.362839975141892e-15,0.0,0.0,9.456252612490611e-17,0.0009456769148248141,-8.457402501266797e-15,0.0,0.0,0.4021023110819494,3.4515322035590734e-12
2014-10-29,-0.0004737438642139008,2.468134287132563e-14,0.0,0.0,9.470208745044786e-17,-0.0004737438642139008,2.458664078387518e-14,0.0,0.0,0.4026671949261786,3.4566261919413466e-12
2014-10-30,0.0009229308053433196,9.71548191349832e-15,1.1555117711191907e-06,0.0,9.407045157512621e-17,0.0009217752935722004,9.621411461923193e-15,0.005693528345309465,0.0,0.3966905497046789,3.4335714824921063e-12
2014-10-31,0.001694520182423323,2.376017456329746e-14,0.0,0.0,9.37178871555084e-17,0.001694520182423323,2.3666456676141952e-14,0.0,0.0,0.3972473077562907,3.4207028811760566e-12
2014-11-03,-0.000154174822834393,1.521036259238359e-14,0.0,0.0,2.7872845940664124e-16,-0.000154174822834393,1.4931634132976947e-14,0.0,0.0,0.3982669565428504,3.391196256114135e-12
2014-11-04,-0.0006430179738028554,-9.891964835844507e-15,0.0,0.0,9.250702646048949e-17,-0.0006430179738028554,-9.984471862304996e-15,0.0,0.0,0.3981741701521504,3.376506465807866e-12
2014-11-05,0.000586456048935127,1.8190228237917015e-14,0.0,0.0,9.283773552831087e-17,0.000586456048935127,1.8097390502388705e-14,0.0,0.0,0.3977869363281546,3.3885773467833472e-12
2014-11-06,0.00012447416367639138,2.40985336838978e-14,0.0,0.0,9.228525186664734e-17,0.00012447416367639138,2.4006248432031155e-14,0.0,0.0,0.3981399008239218,3.3684116931326278e-12
2014-11-07,0.0010555126333013586,-1.836832713716094e-14,0.0,0.0,9.16136145390352e-17,0.0010555126333013586,-1.8459940751699974e-14,0.0,0.0,0.39821480753245764,3.3438969306747843e-12
2014-11-10,-0.0002732879427287279,8.661829142849277e-15,0.0,0.0,2.7605918517773948e-16,-0.0002732879427287279,8.385769957671537e-15,0.0,0.0,0.3988493296595267,3.3587200863291635e-12
2014-11-11,0.00013423170466703662,-1.318507518085127e-14,0.0,0.0,9.180750789006205e-17,0.00013423170466703662,-1.3276882688741332e-14,0.0,0.0,0.3986849975195636,3.350974037987265e-12
2014-11-12,9.42926570839156e-05,1.2264372144582715e-14,0.0,0.0,9.215637251954573e-17,9.42926570839156e-05,1.217221577206317e-14,0.0,0.0,0.39876570222426366,3.363707596963419e-12
2014-11-13,0.00026334600269269505,-1.7238103114022277e-16,4.4741083419403754e-05,3.969300515257037e-16,1.1837322967977303e-16,0.0002186049192732913,-6.876843123456995e-16,0.2208567783197843,1.9593779519486026e-12,0.6196791671773265,4.320622883311716e-12
2014-11-14,0.0005226691737008937,-1.145007082457901e-14,0.0,0.0,1.1835208010083335e-16,0.0005226691737008937,-1.1568422904679843e-14,0.0,0.0,0.6198070203163784,4.319850923680417e-12
2014-11-17,-0.0001672795975652926,1.947673887407817e-14,0.0,0.0,3.5581137037916393e-16,-0.0001672795975652926,1.9120927503699005e-14,0.0,0.0,0.6200056316588973,4.329038339613162e-12
2014-11-18,0.0005604940672923049,-1.857099881226666e-14,0.0,0.0,1.1808993487894747e-16,0.0005604940672923049,-1.868908874714561e-14,0.0,0.0,0.6199420557189147,4.3102826230815815e-12
2014-11-19,-0.0008819798021455885,1.118192451809525e-15,0.0,0.0,1.185322927201048e-16,-0.0008819798021455885,9.996601590894202e-16,0.0,0.0,0.6201549566122356,4.326428684283825e-12
2014-11-20,0.0008754738948648503,-2.2968264016961193e-15,0.0,0.0,1.1860626564116948e-16,0.0008754738948648503,-2.415432667337289e-15,0.0,0.0,0.6198196452181448,4.329128695902686e-12
2014-11-21,0.002670034587337104,2.2272714113311996e-14,0.0,0.0,1.1856539148682003e-16,0.002670034587337104,2.2154148721825175e-14,0.0,0.0,0.6201521920580211,4.327636789268931e-12
2014-11-24,-3.968102105019779e-06,-1.0186194041657213e-14,0.0,0.0,3.5292322321109355e-16,-3.968102105019779e-06,-1.0539117264868306e-14,0.0,0.0,0.6211636980870539,4.293899215734972e-12
2014-11-25,0.0004139017055314481,-5.674896188361591e-15,0.0,0.0,1.1792061613410469e-16,0.0004139017055314481,-5.792816804495695e-15,0.0,0.0,0.6211621948199681,4.304102488894821e-12
2014-11-26,0.0007524076914483206,-1.1523205266813387e-14,0.0,0.0,1.180272410656295e-16,0.0007524076914483206,-1.1641232507879017e-14,0.0,0.0,0.6213189315600517,4.307994298895476e-12
2014-11-28,0.00071225744885876,6.198191365099364e-14,6.030349877431106e-06,3.598140074524761e-16,2.662147172819426e-16,0.0007062270989813289,6.135588492625922e-14,0.030035390568971053,1.792127234021381e-12,0.5915682493231136,4.858418590395453e-12
2014-12-01,-0.0024672484225147775,-2.4557883407079557e-14,0.0,0.0,3.9394945428092215e-16,-0.0024672484225147775,-2.495183286136048e-14,0.0,0.0,0.5918625174232605,4.793051693751219e-12
2014-12-02,-1.0802574426249266e-06,3.5633155212111396e-14,0.0,0.0,1.3231575933227872e-16,-1.0802574426249266e-06,3.550083945277912e-14,0.0,0.0,0.5908530502569448,4.829525215628173e-12
2014-12-03,0.0012981002711385519,1.549110740772322e-14,0.0,0.0,1.3133965038517982e-16,0.0012981002711385519,1.535976775733804e-14,0.0,0.0,0.5908526082724088,4.7938972390590634e-12
2014-12-04,0.0004901619745394023,-1.1237593600215484e-14,0.0,0.0,1.3074551569422355e-16,0.0004901619745394023,-1.1368339115909708e-14,0.0,0.0,0.5913830340666696,4.77221132283916e-12
2014-12-05,-0.0006684587342506928,2.9091775931291466e-14,0.0,0.0,1.3098918905139452e-16,-0.0006684587342506928,2.896078674224007e-14,0.0,0.0,0.5915832244398199,4.7811054003759e-12
2014-12-08,-0.0008205541541128337,3.690454297096055e-15,0.0,0.0,3.908377211714989e-16,-0.0008205541541128337,3.2996165759245564e-15,0.0,0.0,0.5913100320611334,4.755192274253236e-12
2014-12-09,0.0003138414938948848,-2.3174128599526076e-14,0.0,0.0,1.3028503798272795e-16,0.0003138414938948848,-2.3304413637508805e-14,0.0,0.0,0.5909744044095312,4.7554038863695696e-12
2014-12-10,-0.0016021168994192947,-5.294572501072604e-15,0.0,0.0,1.3087887039539055e-16,-0.0016021168994192947,-5.425451371467994e-15,0.0,0.0,0.5911027333385637,4.777078769431755e-12
2014-12-11,0.00030295034634754506,1.8585671756356115e-14,0.0,0.0,1.3123417967327856e-16,0.00030295034634754506,1.8454437576682836e-14,0.0,0.0,0.5904465808845871,4.790047558074668e-12
2014-12-12,-0.0028638106926745853,-3.60937762465639e-15,4.1049681387668476e-05,2.576718271561729e-17,1.2872044933379037e-16,-0.002904860374062254,-3.763865256705798e-15,0.20127755370026634,1.2634338020234281e-13,0.7892930639577439,4.698296400683348e-12
2014-12-15,-0.003815785232904573,1.8032853941955684e-14,0.0,0.0,3.8758388624879094e-16,-0.003815785232904573,1.7645270055706895e-14,0.0,0.0,0.7887203758310395,4.71560394936029e-12
2014-12-16,-0.000660747423483501,-2.261686150015905e-14,0.0,0.0,1.2919355280765436e-16,-0.000660747423483501,-2.2746055052966703e-14,0.0,0.0,0.7879110901005685,4.715564677479384e-12
2014-12-17,0.006739817010669668,3.8436901426049355e-14,0.0,0.0,1.298990232937119e-16,0.006739817010669668,3.830700240275564e-14,0.0,0.0,0.7877708602433038,4.741314350220485e-12
2014-12-18,0.00422810019140685,1.8310125096261187e-15,0.0,0.0,1.279833729868727e-16,0.00422810019140685,1.703029136639246e-15,0.0,0.0,0.7891916698130583,4.6713931140208525e-12
2014-12-19,0.0023923806958883885,8.189509549525728e-15,0.0,0.0,1.2739457124949715e-16,0.0023923806958883885,8.062114978276232e-15,0.0,0.0,0.7900792358361983,4.649901850606646e-12
2014-12-22,0.0030105509399153308,1.1571970895213555e-14,0.0,0.0,3.8060006313066693e-16,0.0030105509399153308,1.1191370832082888e-14,0.0,0.0,0.7905802476091494,4.6306341014231145e-12
2014-12-23,-0.0015723802631286972,1.2494268369318781e-14,0.0,0.0,1.2616980678132745e-16,-0.0015723802631286972,1.2368098562537453e-14,0.0,0.0,0.7912088240800522,4.605197947518453e-12
2014-12-24,0.0016843618527193499,-1.2674613396496478e-15,0.0,0.0,1.260256583166637e-16,0.0016843618527193499,-1.3934869979663115e-15,0.0,0.0,0.790880007931889,4.599936528558226e-12
2014-12-26,0.0024364448738531607,7.262377423180752e-16,0.0,0.0,2.5169681805097103e-16,0.0024364448738531607,4.745409242671042e-16,0.0,0.0,0.7912316493777333,4.593466929430222e-12
2014-12-29,0.0017273808184899017,1.3080945123111299e-14,3.079793520946847e-05,0.0,3.7656804901044685e-16,0.0016965828832804333,1.2704377074100852e-14,0.15238716919286832,0.0,0.6393518964707523,4.581577929627103e-12
2014-12-30,-0.0018191347638689432,-2.462235317581225e-15,0.0,0.0,1.2495230899664317e-16,-0.0018191347638689432,-2.5871876265778683e-15,0.0,0.0,0.6399934753136062,4.560759278377476e-12
2014-12-31,-0.0031985378376577444,1.7384184174218683e-14,0.0,0.0,1.252476097795365e-16,-0.0031985378376577444,1.7258936564439147e-14,0.0,0.0,0.6393373814060954,4.571537756953082e-12
2015-01-02,0.0030142490962608588,4.319363688824952e-14,0.0,0.0,2.5034339434133356e-16,0.0030142490962608588,4.294329349390819e-14,0.0,0.0,0.63818008672305,4.5687669467293375e-12
2015-01-05,-0.0013748583711716614,2.9404514653867614e-14,0.0,0.0,3.708471040277972e-16,-0.0013748583711716614,2.903366754983982e-14,0.0,0.0,0.6392674245625268,4.511973099004865e-12
2015-01-06,0.0012954947370592412,2.0418450844175243e-14,0.0,0.0,1.2297917715258164e-16,0.0012954947370592412,2.029547166702266e-14,0.0,0.0,0.6387707855531142,4.48873996606923e-12
2015-01-07,0.003622178991708532,1.7187858521216765e-14,0.0,0.0,1.2226137856792963e-16,0.003622178991708532,1.7065597142648835e-14,0.0,0.0,0.6392381506302911,4.462540317729432e-12
2015-01-08,0.0023304867871134665,3.403729029735526e-15,0.0,0.0,1.2135092356849533e-16,0.0023304867871134665,3.282378106167031e-15,0.0,0.0,0.6405401784442829,4.429308710250079e-12
2015-01-09,-0.00020889087521142247,-1.4389568197978747e-14,0.0,0.0,1.2097573835855928e-16,-0.00020889087521142247,-1.4510543936337306e-14,0.0,0.0,0.6413759470611955,4.415614450087413e-12
2015-01-12,0.00014657642906604158,1.2559705667377703e-14,0.0,0.0,3.641859944422521e-16,0.00014657642906604158,1.219551967293545e-14,0.0,0.0,0.641301018116942,4.430929599047401e-12
2015-01-13,-6.590407737231344e-05,0.0,4.88653766001208e-05,9.932252963222427e-16,1.3369031881104704e-17,-0.00011476945397243424,-1.0065943282033475e-15,0.241353587226658,4.905692023072244e-12,0.4000000000113617,4.879696636603216e-13
2015-01-14,0.000756990200331092,1.1387716086307119e-15,0.0,0.0,1.3370566413711322e-17,0.000756990200331092,1.1254010422170006e-15,0.0,0.0,0.39998000142035267,4.880256741004632e-13
2015-01-15,0.0011577335215834596,2.9805511222283862e-15,0.0,0.0,1.3329277059445542e-17,0.0011577335215834596,2.9672218451689407e-15,0.0,0.0,0.4004338671074025,4.865186126697623e-13
2015-01-16,0.0007463300807162421,-1.8405100802676325e-15,0.0,0.0,1.3232298648876522e-17,0.0007463300807162421,-1.853742378916509e-15,0.0,0.0,0.40112720222055487,4.82978900683993e-13
2015-01-20,0.0008457174626043224,8.657886283160201e-16,0.0,0.0,5.309127071796976e-17,0.0008457174626043224,8.126973575980503e-16,0.0,0.0,0.4015738256755419,4.844578453014741e-13
2015-01-21,7.515294919093095e-05,-2.594364218923435e-15,0.0,0.0,1.3237901918279677e-17,7.515294919093095e-05,-2.6076021208417146e-15,0.0,0.0,0.4020794974857671,4.831834200172082e-13
2015-01-22,0.001933350478442413,-6.481869281591058e-16,0.0,0.0,1.330798025606702e-17,0.001933350478442413,-6.614949084151728e-16,0.0,0.0,0.40212442959813305,4.857412793464462e-13
2015-01-23,0.001006033433702488,0.0,0.0,0.0,1.3300025191975785e-17,0.001006033433702488,-1.3300025191975785e-17,0.0,0.0,0.4032781021648101,4.854509195071162e-13
2015-01-26,-0.0002418059489086572,-2.2089642131494585e-15,0.0,0.0,3.9859975108301864e-17,-0.0002418059489086572,-2.2488241882577602e-15,0.0,0.0,0.40387782100744823,4.849630304843392e-13
2015-01-27,-0.0012230986298335433,3.769987440084013e-16,0.0,0.0,1.3350406144543626e-17,-0.0012230986298335433,3.6364833786385766e-16,0.0,0.0,0.40373364025452846,4.872898242758424e-13
2015-01-28,-0.0012447864446692802,1.505507613484402e-15,2.131291429972366e-05,4.6364673864284436e-17,1.9616246457768703e-17,-0.001266099358969004,1.439526693162349e-15,0.10502948346334406,2.284838984678572e-13,0.5080329380438552,7.159929957085576e-13
2015-01-29,0.002072211018417654,-2.5389694582946393e-15,0.0,0.0,1.9599814987028578e-17,0.002072211018417654,-2.558569273281668e-15,0.0,0.0,0.5074306091681743,7.153932470265432e-13
2015-01-30,-0.0030662300047899524,1.9799096061059238e-15,0.0,0.0,1.9628700983649652e-17,-0.0030662300047899524,1.960280905122274e-15,0.0,0.0,0.5084492061393256,7.164475859032123e-13
2015-02-02,0.0016538738548659744,-2.7513610076514838e-15,0.0,0.0,5.890398381713835e-17,0.0016538738548659744,-2.8102649914686223e-15,0.0,0.0,0.5069373626865532,7.166651364418499e-13
2015-02-03,0.0008730806242877237,-4.060719642328255e-15,0.0,0.0,1.9677496928314848e-17,0.0008730806242877237,-4.080397139256569e-15,0.0,0.0,0.5077514796444672,7.182286378834919e-13
2015-02-04,-0.000947847270810988,3.0231396141088267e-15,0.0,0.0,1.9771487418676834e-17,-0.000947847270810988,3.00336812669015e-15,0.0,0.0,0.5081808773910734,7.216592907817045e-13
2015-02-05,0.001740998253394333,-4.220251623473176e-15,0.0,0.0,1.9707341225419934e-17,0.001740998253394333,-4.239958964698596e-15,0.0,0.0,0.5077142657013578,7.193179547278276e-13
2015-02-06,-0.005785150609685392,-5.565440578061461e-16,0.0,0.0,1.9788512791362937e-17,-0.005785150609685392,-5.763325705975091e-16,0.0,0.0,0.5085698447433271,7.222807168847471e-13
2015-02-09,-0.0016727968729335965,1.7588877415727604e-15,0.0,0.0,5.97569848788104e-17,-0.0016727968729335965,1.69913075669395e-15,0.0,0.0,0.5057103044095208,7.270433160255265e-13
2015-02-10,0.002432125718922862,-2.4824128890745722e-15,0.0,0.0,1.9904101773560227e-17,0.002432125718922862,-2.5023169908481325e-15,0.0,0.0,0.5048820726889808,7.264997147349482e-13
2015-02-11,-0.0011533501308664059,2.3945903825043744e-16,0.0,0.0,1.9923656248812e-17,-0.0011533501308664059,2.1953538200162544e-16,0.0,0.0,0.506083340100528,7.27213453081638e-13
2015-02-12,0.00149911596714799,8.013838535987359e-17,0.0,0.0,1.994009363682161e-17,0.00149911596714799,6.019829172305198e-17,0.0,0.0,0.5055130234814486,7.278134177439887e-13
2015-02-13,-0.0014816638037717334,-1.0383734157671472e-15,0.0,0.0,1.9908053583617928e-17,-0.0014816638037717334,-1.0582814693507652e-15,0.0,0.0,0.5062532071822895,7.266439558020544e-13
2015-02-17,-0.0011395798083988422,4.802000143289435e-16,0.0,0.0,7.986434078435746e-17,-0.0011395798083988422,4.0033567354458605e-16,0.0,0.0,0.5055205548867566,7.287621096572618e-13
2015-02-18,0.002977425099075112,-2.4819834633215418e-15,0.0,0.0,1.9975692927632325e-17,0.002977425099075112,-2.501959156249174e-15,0.0,0.0,0.5049564132109742,7.291127918585798e-13
2015-02-19,-0.0020892349896349306,1.675841826077591e-15,0.0,0.0,1.9984191042577808e-17,-0.0020892349896349306,1.6558576350350133e-15,0.0,0.0,0.5064259928481206,7.2942297305409e-13
2015-02-20,0.0010740784679944288,-2.000038611754611e-15,0.0,0.0,1.998002052586698e-17,0.0010740784679944288,-2.020018632280478e-15,0.0,0.0,0.5053926418493404,7.292707491941448e-13
2015-02-23,0.001562496957744412,-5.592583055008711e-16,0.0,0.0,6.003996068382406e-17,0.001562496957744412,-6.192982661846952e-16,0.0,0.0,0.5059233189739697,7.304861883198592e-13
2015-02-24,0.001467518703200763,-7.177147819612698e-16,0.0,0.0,1.999739650210021e-17,0.001467518703200763,-7.377121784633701e-16,0.0,0.0,0.5066941079295676,7.299049723266577e-13
2015-02-25,-0.00135676533699172,-2.3904941676562197e-15,0.0,0.0,1.998772755676007e-17,-0.00135676533699172,-2.4104818952129796e-15,0.0,0.0,0.507416982720305,7.295520558217425e-13
2015-02-26,-0.0005189333980189111,1.424351102939356e-15,1.3513911607301422e-05,4.6489608547212594e-17,2.6257437221431305e-17,-0.0005324473096262125,1.351604057170712e-15,0.06553807717591523,2.2545948511303954e-13,0.5722858323435782,9.583964585822424e-13
2015-02-27,0.0009625999402439382,-6.269233695664605e-16,0.0,0.0,2.6232381264371825e-17,0.0009625999402439382,-6.531557508308324e-16,0.0,0.0,0.5720714968749835,9.574819161495715e-13
2015-03-02,-0.001573815912578809,3.041861393589855e-16,0.0,0.0,7.867294117282726e-17,-0.001573815912578809,2.255131981861582e-16,0.0,0.0,0.5724830246898706,9.571874509360652e-13
2015-03-03,-0.0006447309460930749,2.3617364418054623e-15,0.0,0.0,2.625730402033262e-17,-0.0006447309460930749,2.33547913778513e-15,0.0,0.0,0.5718091310867539,9.583915967421407e-13
2015-03-04,-0.001038708749284128,1.5689205590799053e-15,0.0,0.0,2.6209496986126382e-17,-0.001038708749284128,1.542711062093779e-15,0.0,0.0,0.5715328850783793,9.56646639993613e-13
2015-03-05,0.0011642622470851268,-1.5840135222718035e-15,0.0,0.0,2.6193720507887894e-17,0.0011642622470851268,-1.6102072427796913e-15,0.0,0.0,0.5710873697766871,9.56070798537908e-13
2015-03-06,-0.006307330614168911,6.522667646572596e-15,0.0,0.0,2.6206606775741906e-17,-0.006307330614168911,6.4964610397968546e-15,0.0,0.0,0.5715861558415702,9.565411473145795e-13
2015-03-09,0.0015590276720681751,2.0443128441898664e-15,0.0,0.0,7.85793365124701e-17,0.0015590276720681751,1.965733507677396e-15,0.0,0.0,0.56886685656721,9.560485942350525e-13
2015-03-10,-0.0010072474214181811,4.0476216736336564e-15,0.0,0.0,2.6096418561071032e-17,-0.0010072474214181811,4.021525255072585e-15,0.0,0.0,0.5695379588012127,9.525192774790927e-13
2015-03-11,0.0004352172772543316,-3.640160136364368e-15,0.0,0.0,2.6011725059580717e-17,0.0004352172772543316,-3.666171861423948e-15,0.0,0.0,0.569103939855731,9.494279646746962e-13
2015-03-12,0.0031783115327942775,-2.237148528524701e-15,1.3085809047557832e-06,0.0,2.610009626144474e-17,0.0031770029518895216,-2.263248624786146e-15,0.006479692316452304,0.0,0.5628116993670822,9.52653513542733e-13
2015-03-13,-0.0012518191761997208,4.212253979391874e-15,0.0,0.0,2.607853641478161e-17,-0.0012518191761997208,4.186175442977092e-15,0.0,0.0,0.5641975536066207,9.51866579139529e-13
2015-03-16,0.0026326116001466585,-7.375034275152684e-16,0.0,0.0,7.798702223843686e-17,0.0026326116001466585,-8.154904497537053e-16,0.0,0.0,0.5636513239664501,9.488421039009818e-13
2015-03-17,-0.00048000785007844043,4.0358715170497955e-15,0.0,0.0,2.5947569779638074e-17,-0.00048000785007844043,4.0099239472701575e-15,0.0,0.0,0.5647970443160024,9.470862969567896e-13
2015-03-18,0.004384537392435879,-9.137502632050719e-15,0.0,0.0,2.5849405874992905e-17,0.004384537392435879,-9.163352037925712e-15,0.0,0.0,0.5645880431586984,9.435033144372407e-13
2015-03-19,-0.0008870237839127588,7.469050397295339e-15,0.0,0.0,2.5985812645639895e-17,-0.0008870237839127588,7.443064584649699e-15,0.0,0.0,0.56648878927218,9.484821615658563e-13
2015-03-20,0.0023738279096874515,-7.868403073691362e-15,0.0,0.0,2.580406995167448e-17,0.0023738279096874515,-7.894207143643037e-15,0.0,0.0,0.5661039131233695,9.418485532361182e-13
2015-03-23,-0.0007759318692625584,-5.427105368180811e-16,0.0,0.0,7.78740682791534e-17,-0.0007759318692625584,-6.205846050972345e-16,0.0,0.0,0.5671314685246155,9.474678307296995e-13
2015-03-24,-0.0007700124595835206,-1.0684654790647664e-15,0.0,0.0,2.599306038548121e-17,-0.0007700124595835206,-1.0944585394502475e-15,0.0,0.0,0.5667953312161932,9.48746704070064e-13
2015-03-25,-0.003771821641496497,4.193979399592666e-15,0.0,0.0,2.6042386374290427e-17,-0.003771821641496497,4.167937013218375e-15,0.0,0.0,0.5664615011703857,9.505471026616008e-13
2015-03-26,-0.0028797702376549034,1.005544457518401e-15,2.056161550792304e-05,1.1994965879141946e-16,2.7436901838631003e-17,-0.0029003318531628263,8.581578968883504e-16,0.10000000000411788,5.833668991142182e-13,0.6648200801346198,1.0014469171100316e-12
2015-03-27,0.002149263962917565,-1.1920194515494765e-16,0.0,0.0,2.748908013012685e-17,0.002149263962917565,-1.466910252850745e-16,0.0,0.0,0.6638657408513791,1.00335142474963e-12
2015-03-30,0.00405979210928139,-1.9553186896544732e-15,0.0,0.0,8.230015305742135e-17,0.00405979210928139,-2.0376188427118947e-15,0.0,0.0,0.6645866327143668,1.0013185288652932e-12
2015-03-31,-0.0031960846351130586,1.9003274175274065e-15,0.0,0.0,2.737581461138841e-17,-0.0031960846351130586,1.8729516029160183e-15,0.0,0.0,0.6659428353554414,9.992172333156769e-13
2015-04-01,0.0015547218975939488,-2.890696904679569e-15,0.0,0.0,2.7411359872641094e-17,0.0015547218975939488,-2.91810826455221e-15,0.0,0.0,0.6648717370634764,1.0005146353514e-12
2015-04-02,0.0007133622884599949,-2.485512389274917e-15,0.0,0.0,2.744788322302241e-17,0.0007133622884599949,-2.512960272497939e-15,0.0,0.0,0.6653919595111372,1.001847737640318e-12
2015-04-06,0.003073066934408263,-1.4420761072460468e-15,0.0,0.0,1.0998545833320864e-16,0.003073066934408263,-1.5520615655792554e-15,0.0,0.0,0.6656304861127569,1.0036173072905288e-12
2015-04-07,1.875611084169369e-05,-3.298528189865945e-15,0.0,0.0,2.7451513180293464e-17,1.875611084169369e-05,-3.325979703046238e-15,0.0,0.0,0.6666548779849687,1.0019802310807114e-12
2015-04-08,0.0007171075521671143,8.445462906714895e-16,0.0,0.0,2.7541367246695534e-17,0.0007171075521671143,8.170049234247939e-16,0.0,0.0,0.6666611301257619,1.0052599045043868e-12
2015-04-09,-0.0001513213310773078,1.121397768589607e-15,0.0,0.0,2.7498509603246737e-17,-0.0001513213310773078,1.0938992589863603e-15,0.0,0.0,0.6668999986523547,1.0036956005185059e-12
2015-04-10,0.001612799046095375,2.1266133454097973e-16,2.0511265928876946e-05,8.286194579186825e-17,2.4588405310654195e-17,0.001592287780166498,1.0521098343845727e-16,0.10025415882533284,4.050093593832571e-13,0.7665954270717843,8.974767938388783e-13
2015-04-13,-0.0023789362667918385,3.4135183587540394e-15,0.0,0.0,7.363049597916945e-17,-0.0023789362667918385,3.33988786277487e-15,0.0,0.0,0.7669869621505002,8.95837701079895e-13
2015-04-14,0.0011179040638066022,-2.0037967354570945e-15,0.0,0.0,2.4508281247895656e-17,0.0011179040638066022,-2.02830501670499e-15,0.0,0.0,0.7664313171400555,8.945522655481914e-13
2015-04-15,0.0005259787409773107,-1.5612587930921398e-15,0.0,0.0,2.453575117264871e-17,0.0005259787409773107,-1.5857945442647884e-15,0.0,0.0,0.7666921329527474,8.955549178016778e-13
2015-04-16,-0.0006048810525756692,-8.461442055522269e-16,0.0,0.0,2.456560440048421e-17,-0.0006048810525756692,-8.707098099527111e-16,0.0,0.0,0.7668147834193803,8.966445606176737e-13
2015-04-17,-0.00402898230911611,3.342341139351133e-15,0.0,0.0,2.4603668726549597e-17,-0.00402898230911611,3.3177374706245836e-15,0.0,0.0,0.7666736487304312,8.980339085190604e-13
2015-04-20,0.003573899593366601,1.0250487071719906e-15,0.0,0.0,7.38337681550028e-17,0.003573899593366601,9.512149390169878e-16,0.0,0.0,0.7657297781510461,8.983108458858674e-13
2015-04-21,0.0008905098798583563,-7.537434125198977e-16,0.0,0.0,2.449562761188232e-17,0.0008905098798583563,-7.7823904013178e-16,0.0,0.0,0.7665640547807416,8.940904078337046e-13
2015-04-22,0.0007600544618329176,1.4343396048168192e-15,0.0,0.0,2.4494465552758357e-17,0.0007600544618329176,1.409845139264061e-15,0.0,0.0,0.7667717468444398,8.940479926756801e-13
2015-04-23,0.0006499372252215506,-2.9276099311774967e-15,0.0,0.0,2.443659543389236e-17,0.0006499372252215506,-2.952046526611389e-15,0.0,0.0,0.766948878389254,8.919357333370711e-13
2015-04-24,0.002870952053368452,-8.207571429989453e-16,2.0666802534395426e-05,9.333258860601316e-17,1.1825445379347907e-17,0.0028502852508340564,-9.259151769843064e-16,0.1024461634386552,4.62653359684994e-13,0.8646540851831725,4.3162875634619856e-13
2015-04-27,-0.003540198279764877,3.129716754883977e-16,0.0,0.0,3.544277361436746e-17,-0.003540198279764877,2.7752890187403024e-16,0.0,0.0,0.8650593712695166,4.312204123081374e-13
2015-04-28,-0.00032837510368665166,4.830986945874194e-16,0.0,0.0,1.1847626251077439e-17,-0.00032837510368665166,4.71251068336342e-16,0.0,0.0,0.8645799574678985,4.3243835816432655e-13
2015-04-29,-0.006218625940197758,2.0230041809392152e-16,0.0,0.0,1.1838278066191266e-17,-0.006218625940197758,1.9046214002773026e-16,0.0,0.0,0.8645354742902222,4.320971494159812e-13
2015-04-30,-0.008873463857307947,4.988617918858949e-16,0.0,0.0,1.1906779396200636e-17,-0.008873463857307947,4.869550124896943e-16,0.0,0.0,0.8636877997055054,4.3459744796132324e-13
2015-05-01,0.005240643672188428,1.0201590733920508e-16,0.0,0.0,1.199958987692299e-17,0.005240643672188428,9.001631746228209e-17,0.0,0.0,0.8624674092321244,4.379850305076891e-13
2015-05-04,0.0014896849627050706,2.476318999350838e-16,0.0,0.0,3.5802755278773966e-17,0.0014896849627050706,2.1182914465630983e-16,0.0,0.0,0.8631844109829631,4.356001892250833e-13
2015-05-05,-0.008544868048265321,7.993570120105558e-18,0.0,0.0,1.1909725584862946e-17,-0.008544868048265321,-3.916155464757388e-18,0.0,0.0,0.8633879199443455,4.3470498384749753e-13
2015-05-06,-0.0029250262037718087,8.1265682400861e-16,0.0,0.0,1.2012148809495113e-17,-0.0029250262037718087,8.006446751991149e-16,0.0,0.0,0.8622105270798024,4.3844343154657157e-13
2015-05-07,0.0035244761470683917,3.116197911309121e-16,0.0,0.0,1.2025057848282417e-17,0.0035244761470683917,2.995947332826297e-16,0.0,0.0,0.8618063069063066,4.389146114623082e-13
2015-05-08,0.007650724574798539,-5.89379243463663e-14,8.146987126678717e-07,7.908751946147204e-16,1.2010802384326695e-16,0.007649909876085871,-5.984890756482429e-14,0.004065772093336921,3.9468802952286086e-12,0.8649613313786237,4.383942870279243e-12
2015-05-11,-0.005039351956601322,2.2679983398009847e-14,0.0,0.0,3.623959878433411e-16,-0.005039351956601322,2.2317587410166507e-14,0.0,0.0,0.8659873309181182,4.409151185427318e-12
2015-05-12,-0.0015555299871379239,2.171907480566955e-15,0.0,0.0,1.207859762520354e-16,-0.0015555299871379239,2.0511215043149195e-15,0.0,0.0,0.8653085734139955,4.408688133199292e-12
2015-05-13,-0.0020104139100897618,4.557220459736389e-15,0.0,0.0,1.209145581585963e-16,-0.0020104139100897618,4.4363059015777925e-15,0.0,0.0,0.8650987304438962,4.4133813727887656e-12
2015-05-14,0.005757816650544508,-4.377046944763495e-14,0.0,0.0,1.210330292891978e-16,0.005757816650544508,-4.389150247692415e-14,0.0,0.0,0.8648269767176167,4.417705569055721e-12
2015-05-15,0.0037712851980434953,-2.234675935544043e-14,0.0,0.0,1.21532458619155e-16,0.0037712851980434953,-2.2468291814059583e-14,0.0,0.0,0.8656008225394562,4.435934739599157e-12
2015-05-18,0.0020451222260009527,1.578115925450286e-14,0.0,0.0,3.6505736038483957e-16,0.0020451222260009527,1.541610189411802e-14,0.0,0.0,0.8661057758451346,4.441531218015548e-12
2015-05-19,-0.00010631172850073592,9.417799027807247e-15,0.0,0.0,1.2100595430080503e-16,-0.00010631172850073592,9.296793073506441e-15,0.0,0.0,0.8663790470259081,4.4167173319793835e-12
2015-05-20,0.00041743011696493355,1.305893063080585e-14,0.0,0.0,1.2076077069589885e-16,0.00041743011696493355,1.2938169860109951e-14,0.0,0.0,0.8663648400410563,4.407768130400307e-12
2015-05-21,0.001756903916088439,-8.076064181546666e-16,0.0,0.0,1.2035275291078075e-16,0.001756903916088439,-9.279591710654473e-16,0.0,0.0,0.8664206001055671,4.3928754812434974e-12
2015-05-22,-0.0005837560929228351,-1.81139813716296e-14,8.320542684534926e-07,0.0,1.2016376292835722e-16,-0.0005845881471912886,-1.8234145134557958e-14,0.004149972463925178,0.0,0.8625049022145116,4.385977346885038e-12
2015-05-26,-0.0035245464449974928,3.134547967262234e-14,0.0,0.0,4.829224563063526e-16,-0.0035245464449974928,3.0862557216315986e-14,0.0,0.0,0.8624253097355138,4.4066674137954666e-12
2015-05-27,0.004669775860226244,1.1036563544588991e-15,0.0,0.0,1.2029582202344185e-16,0.004669775860226244,9.833605324354573e-16,0.0,0.0,0.8619387062935622,4.390797503855627e-12
2015-05-28,-0.0009969004178418037,3.700331853712491e-14,0.0,0.0,1.1970658195631578e-16,-0.0009969004178418037,3.6883611955168596e-14,0.0,0.0,0.8625804249080486,4.3692902414055256e-12
2015-05-29,-0.003603875166141674,2.869356635630432e-14,0.0,0.0,1.1881123537754126e-16,-0.003603875166141674,2.857475512092678e-14,0.0,0.0,0.8624432945708973,4.336610091280257e-12
2015-06-01,0.0013002317431180595,-2.1826908108017697e-14,0.0,0.0,3.5535598944114377e-16,0.0013002317431180595,-2.2182264097458842e-14,0.0,0.0,0.8619457643393948,4.323497871533917e-12
2015-06-02,-0.003535788483149583,-1.857625577310296e-14,0.0,0.0,1.1889540238650164e-16,-0.003535788483149583,-1.869515117548946e-14,0.0,0.0,0.8621250337471171,4.339682187107308e-12
2015-06-03,-0.000947280958077325,6.570821459072748e-15,0.0,0.0,1.1982802746028803e-16,-0.000947280958077325,6.45099343161246e-15,0.0,0.0,0.8616358072278492,4.3737230023005135e-12
2015-06-04,-0.003199387788170574,1.2251288595376387e-14,0.0,0.0,1.1976145269821196e-16,-0.003199387788170574,1.2131527142678174e-14,0.0,0.0,0.8615046131851324,4.371293023484736e-12
2015-06-05,-0.0027850848522391137,1.9814556874191263e-14,0.0,0.0,1.1980911678101206e-16,-0.0027850848522391137,1.969474775741025e-14,0.0,0.0,0.8610600905354915,4.3730327625069405e-12
2015-06-08,-0.003832424075141667,-1.806311250531968e-14,4.591240072310831e-07,0.0,3.5879803961248006e-16,-0.003832883199148898,-1.842191054493216e-14,0.0022928258889252096,0.0,0.8583792244845508,4.365376148618507e-12
2015-06-09,-0.002282295302701813,1.1868815618981444e-14,0.0,0.0,1.205563045664862e-16,-0.002282295302701813,1.1748259314414958e-14,0.0,0.0,0.857834780928893,4.400305116676746e-12
2015-06-10,0.005126573829941044,2.916595012827281e-15,0.0,0.0,1.205061621837263e-16,0.005126573829941044,2.7960888506435546e-15,0.0,0.0,0.8575095757028295,4.398474919706011e-12
2015-06-11,0.003360223611344897,3.1126306693544883e-15,0.0,0.0,1.1981203025224254e-16,0.003360223611344897,2.9928186391022458e-15,0.0,0.0,0.8582363375846025,4.373139104206852e-12
2015-06-12,-0.002819934090304446,3.652899298982765e-15,0.0,0.0,1.1932579135809325e-16,-0.002819934090304446,3.5335735076246713e-15,0.0,0.0,0.8587110998827947,4.355391384570403e-12
2015-06-15,-0.0017750116547668921,4.844958530142777e-14,0.0,0.0,3.5868861402622854e-16,-0.0017750116547668921,4.809089668740154e-14,0.0,0.0,0.8583115477861917,4.3640448039857815e-12
2015-06-16,0.003426820641990494,-8.874406752150197e-16,0.0,0.0,1.1844572799104268e-16,0.003426820641990494,-1.0058864032060624e-15,0.0,0.0,0.8580596019252854,4.323269071673058e-12
2015-06-17,7.727081651097327e-05,-1.3103641386363955e-14,0.0,0.0,1.1806545230513424e-16,7.727081651097327e-05,-1.3221706838669089e-14,0.0,0.0,0.8585443450834805,4.3093890091373984e-12
2015-06-18,0.0050461896883,-1.7764024319223192e-14,0.0,0.0,1.1841530613134264e-16,0.0050461896883,-1.7882439625354537e-14,0.0,0.0,0.8585552746329123,4.322158673794006e-12
2015-06-19,-0.0008458516219885272,2.1087048098851317e-14,0.0,0.0,1.1830500224671997e-16,-0.0008458516219885272,2.0968743096604598e-14,0.0,0.0,0.85926544787863,4.3181325820052785e-12
2015-06-22,0.002348031586497257,-8.660086777183824e-14,2.335438113049337e-05,1.6317753366447512e-15,1.0197023838584624e-15,0.0023246772053667638,-8.925234549234146e-14,0.11601076640267735,8.105695729782129e-12,0.8750413113165489,1.2406379003611292e-11
2015-06-23,0.0011236708750614755,-5.3728602275107744e-14,0.0,0.0,3.4147959131179454e-16,0.0011236708750614755,-5.407008186641954e-14,0.0,0.0,0.8753544264214057,1.2464005082880499e-11
2015-06-24,-0.004038385066215425,4.093325871271681e-14,0.0,0.0,3.4256667561634424e-16,-0.004038385066215425,4.0590692037100465e-14,0.0,0.0,0.8754943298168179,1.2503683659996567e-11
2015-06-25,-0.001418205317072975,1.534337259157243e-14,0.0,0.0,3.4282969479322427e-16,-0.001418205317072975,1.5000542896779206e-14,0.0,0.0,0.8749894892369973,1.2513283859952687e-11
2015-06-26,0.00047040370310348883,-5.228748629572046e-15,0.0,0.0,3.428956248191669e-16,0.00047040370310348883,-5.571644254391213e-15,0.0,0.0,0.8748119468744073,1.251569030589959e-11
2015-06-29,-0.01028867423472186,1.236395849382283e-13,0.0,0.0,1.0286327619584825e-15,-0.01028867423472186,1.226109521762698e-13,0.0,0.0,0.8748708081096439,1.2515031937161537e-11
2015-06-30,0.001735348032021231,-1.482422904718357e-13,0.0,0.0,3.430194164629047e-16,0.001735348032021231,-1.485853098882986e-13,0.0,0.0,0.8735700111406635,1.252020870089602e-11
2015-07-01,0.004560580241137492,5.850525562060282e-14,0.0,0.0,3.464795864102104e-16,0.004560580241137492,5.815877603419261e-14,0.0,0.0,0.8737890310972981,1.264650490397268e-11
2015-07-02,9.448388719603769e-05,-2.1264024063527272e-14,0.0,0.0,3.433110053071884e-16,9.448388719603769e-05,-2.1607335068834462e-14,0.0,0.0,0.8743620132173047,1.2530851693712375e-11
2015-07-06,-0.00017837778347920148,1.3245764549427332e-13,0.0,0.0,1.3754443679052439e-15,-0.00017837778347920148,1.3108220112636808e-13,0.0,0.0,0.8743738828612042,1.2550929857135349e-11
2015-07-07,0.005193774453275033,1.4818509104727688e-13,1.683201946932713e-05,1.3080157034185426e-15,5.123872704300247e-16,0.005176942433805706,1.4636468807342832e-13,0.08193416379275684,6.367101290649657e-12,0.7924173061632976,1.87021353706959e-11
2015-07-08,-0.010541012193020683,2.698563670822964e-13,0.0,0.0,5.057093765909589e-16,-0.010541012193020683,2.6935065770570543e-13,0.0,0.0,0.7935031604338476,1.8458392245569996e-11
2015-07-09,0.0010988909679048285,-1.6604999498973344e-13,0.0,0.0,5.036247662672107e-16,0.0010988909679048285,-1.6655361975600064e-13,0.0,0.0,0.7913032858248712,1.8382303968753192e-11
2015-07-10,0.006025803278946279,-2.234652608546248e-13,0.0,0.0,5.07616266268357e-16,0.006025803278946279,-2.2397287712089316e-13,0.0,0.0,0.7915323690217854,1.8527993718795035e-11
2015-07-13,0.006444926588283651,-7.418775171278918e-14,0.0,0.0,1.5319843701062098e-15,0.006444926588283651,-7.57197360828954e-14,0.0,0.0,0.7927810297722213,1.8639143169625553e-11
2015-07-14,0.0016523799912700953,-5.020837661666948e-15,0.0,0.0,5.094108821064755e-16,0.0016523799912700953,-5.5302485437734236e-15,0.0,0.0,0.7941079886704148,1.859349719688636e-11
2015-07-15,-0.00013368532676429507,9.375679116192044e-14,0.0,0.0,5.087078606124107e-16,-0.00013368532676429507,9.324808330130803e-14,0.0,0.0,0.7944476392784336,1.856783691235299e-11
2015-07-16,0.004821417036641436,-2.687372066223287e-14,0.0,0.0,5.062068538311124e-16,0.004821417036641436,-2.737992751606398e-14,0.0,0.0,0.7944201562697744,1.84765501648356e-11
2015-07-17,-0.0005618824467241539,7.147682386817558e-14,0.0,0.0,5.045106638408301e-16,-0.0005618824467241539,7.097231320433475e-14,0.0,0.0,0.7954065864395213,1.8414639230190296e-11
2015-07-20,-0.0008847545752822519,1.6337612677523892e-13,0.0,0.0,1.5085047864414645e-15,-0.0008847545752822519,1.6186762198879745e-13,0.0,0.0,0.7952915643627838,1.8353474901704486e-11
2015-07-21,-0.0028787055465403187,9.565727469930866e-15,2.9114620045556713e-07,0.0,4.988001862929001e-16,-0.0028789966927407745,9.066927283637965e-15,0.0014523226216757307,0.0,0.7936579646301976,1.8206206799690856e-11
2015-07-22,0.0006121482973631493,1.262465141948709e-13,0.0,0.0,4.999775452669603e-16,0.0006121482973631493,1.2574653664960395e-13,0.0,0.0,0.7930624833503523,1.824918040224405e-11
2015-07-23,-0.004132108848667194,9.752885586745647e-14,0.0,0.0,4.962149795039899e-16,-0.004132108848667194,9.703264088795248e-14,0.0,0.0,0.7931890823013982,1.8111846751895627e-11
2015-07-24,-0.0036321109092581697,1.7886963108684651e-13,0.0,0.0,4.955907911489427e-16,-0.0036321109092581697,1.7837404029569756e-13,0.0,0.0,0.7923309712701123,1.8089063876936403e-11
2015-07-27,-0.002601720193106271,2.0577840308826748e-13,0.0,0.0,1.4774369748868053e-15,-0.002601720193106271,2.0430096611338068e-13,0.0,0.0,0.7915739447208179,1.7975483194456128e-11
2015-07-28,0.004265597889115404,-1.7520851145855678e-13,0.0,0.0,4.881111558112182e-16,0.004265597889115404,-1.75696622614368e-13,0.0,0.0,0.7910302639385972,1.7816057187109464e-11
2015-07-29,0.0035319262628397824,-7.039458432511332e-14,0.0,0.0,4.908177578102939e-16,0.0035319262628397824,-7.088540208292362e-14,0.0,0.0,0.7919178586815072,1.7914848160075727e-11
2015-07-30,0.0015570382284892635,5.1139254942375395e-14,0.0,0.0,4.91012157823372e-16,0.0015570382284892635,5.0648242784552026e-14,0.0,0.0,0.7926502028756215,1.7921943760553077e-11
2015-07-31,0.002502839243999998,4.443957308485217e-14,0.0,0.0,4.888499243253051e-16,0.002502839243999998,4.3950723160526865e-14,0.0,0.0,0.7929725525256456,1.7843022237873637e-11
2015-08-03,-0.0007146820561782299,1.2360845706809766e-13,0.0,0.0,1.4592449497980785e-15,-0.0007146820561782299,1.2214921211829958e-13,0.0,0.0,0.7934894153212458,1.7754146889209952e-11
2015-08-04,-0.0011553988279536557,-2.9715622832413504e-14,5.038619889568966e-06,2.134299643238823e-16,5.027739155699222e-16,-0.0011604374478432246,-3.043182671230731e-14,0.02494664432512385,1.056710274838224e-12,0.7683950760320057,1.835124791830216e-11
2015-08-05,0.0005972772350569825,-3.701792983142512e-14,0.0,0.0,5.041731035724612e-16,0.0005972772350569825,-3.7522102934997584e-14,0.0,0.0,0.7681310452338155,1.8402318280394834e-11
2015-08-06,-0.0037140854456606813,7.712602019097371e-14,0.0,0.0,5.048857366740548e-16,-0.0037140854456606813,7.662113445429966e-14,0.0,0.0,0.7682694526144649,1.8428329388603e-11
2015-08-07,-0.00016499636786291097,6.862731435014534e-15,0.0,0.0,5.046469970920443e-16,-0.00016499636786291097,6.358084437922489e-15,0.0,0.0,0.7674055770533984,1.841961539385962e-11
2015-08-10,0.003961921417860857,-2.763958749530426e-13,0.0,0.0,1.5136266740616978e-15,0.003961921417860857,-2.779095016271043e-13,0.0,0.0,0.7673671934852727,1.841579120108399e-11
2015-08-11,-0.003946256791924935,1.8144815146946552e-13,0.0,0.0,5.100937630073392e-16,-0.003946256791924935,1.8093805770645819e-13,0.0,0.0,0.7682852291987585,1.861842234976788e-11
2015-08-12,-0.0009453418242130423,9.411697477520744e-14,0.0,0.0,5.071238216005454e-16,-0.0009453418242130423,9.360985095360689e-14,0.0,0.0,0.7673672004333049,1.851001948841991e-11
2015-08-13,0.0005667875888424173,2.61578925501772e-14,0.0,0.0,5.050226934206501e-16,0.0005667875888424173,2.565286985675655e-14,0.0,0.0,0.7671470748241741,1.843332830985373e-11
2015-08-14,0.002205236958925324,-1.751174607973567e-14,0.0,0.0,5.040203663420548e-16,0.002205236958925324,-1.8015766446077722e-14,0.0,0.0,0.7672789782109672,1.8396743371485e-11
2015-08-17,0.003518278827480491,3.238096924178926e-14,0.0,0.0,1.5101701376200418e-15,0.003518278827480491,3.087079910416922e-14,0.0,0.0,0.7677910539609794,1.8373736674377175e-11
2015-08-18,-0.0022246712895528553,6.905480009035593e-14,0.0,0.0,5.007411490483458e-16,-0.0022246712895528553,6.855405894130758e-14,0.0,0.0,0.7686051655079373,1.827705194026462e-11
2015-08-19,-0.003850140674344144,1.1519502783008347e-13,0.0,0.0,4.999614866823734e-16,-0.003850140674344144,1.146950663434011e-13,0.0,0.0,0.7680892402990398,1.8248594263906628e-11
2015-08-20,-0.011461775786463539,9.469134368220752e-14,0.0,0.0,4.987256223264445e-16,-0.011461775786463539,9.419261805988108e-14,0.0,0.0,0.7671929002147923,1.8203485214915224e-11
2015-08-21,-0.0142199016723973,2.9914392683865687e-13,0.0,0.0,5.01883818739085e-16,-0.0142199016723973,2.986420430199178e-13,0.0,0.0,0.7644935784142319,1.83187593839766e-11
2015-08-24,-0.02227082057937039,3.9093814249054834e-13,0.0,0.0,1.5024286721354322e-15,-0.02227082057937039,3.894357138184129e-13,0.0,0.0,0.7610963926077053,1.827954884431442e-11
2015-08-25,-0.004555084947296238,2.5306514124025363e-14,0.0,0.0,5.012624494114638e-16,-0.004555084947296238,2.4805251674613898e-14,0.0,0.0,0.7556546205011951,1.8296079403518425e-11
2015-08-26,0.017417526829468715,-1.5819668283579694e-13,0.0,0.0,5.028596888566815e-16,0.017417526829468715,-1.5869954252465363e-13,0.0,0.0,0.754536513468566,1.8354378643268878e-11
2015-08-27,0.01110712521558964,-3.2004904293357474e-13,0.0,0.0,4.985110155625456e-16,0.01110712521558964,-3.205475539491373e-13,0.0,0.0,0.7587386888289217,1.8195652068032917e-11
2015-08-28,0.001462551457202274,-6.953809855031828e-15,0.0,0.0,5.017069604610201e-16,0.001462551457202274,-7.455516815492848e-15,0.0,0.0,0.7613889714016285,1.8312304056827232e-11
2015-08-31,-0.005764417989673117,1.468228620372816e-14,0.0,0.0,1.5034934908026858e-15,-0.005764417989673117,1.3178792712925473e-14,0.0,0.0,0.7617374426520802,1.8292504138099345e-11
2015-09-01,0.0,0.0,0.0001550095178491986,3.747800860832458e-15,0.0,-0.0001550095178491986,-3.747800860832458e-15,0.7603560346671889,1.838379372315155e-11,0.0,0.0
2015-09-02,0.0,0.0,0.0,0.0,0.0,0.0,0.0,0.0,0.0,0.0,0.0
2015-09-03,0.0,0.0,0.0,0.0,0.0,0.0,0.0,0.0,0.0,0.0,0.0
2015-09-04,0.0,0.0,0.0,0.0,0.0,0.0,0.0,0.0,0.0,0.0,0.0
2015-09-08,0.0,0.0,0.0,0.0,0.0,0.0,0.0,0.0,0.0,0.0,0.0
2015-09-09,0.0,0.0,0.0,0.0,0.0,0.0,0.0,0.0,0.0,0.0,0.0
2015-09-10,0.0,0.0,0.0,0.0,0.0,0.0,0.0,0.0,0.0,0.0,0.0
2015-09-11,0.0,0.0,0.0,0.0,0.0,0.0,0.0,0.0,0.0,0.0,0.0
2015-09-14,0.0,0.0,0.0,0.0,0.0,0.0,0.0,0.0,0.0,0.0,0.0
2015-09-15,0.0,0.0,0.0,0.0,0.0,0.0,0.0,0.0,0.0,0.0,0.0
2015-09-16,0.0002247367965474641,4.0795795974983603e-16,5.041722604084057e-06,1.2075836356901461e-16,1.518657726210074e-17,0.00021969507394338004,2.720130189187207e-16,0.023142725086112953,5.54310070066677e-13,0.023142725086112953,5.54310070066677e-13
2015-09-17,0.00014773370768234788,-1.7593502353852563e-17,0.0,0.0,1.51720671032925e-17,0.00014773370768234788,-3.276556945714506e-17,0.0,0.0,0.023362329293998677,5.537804492701761e-13
2015-09-18,-0.00010154024033736343,1.6043497904311738e-15,0.0,0.0,1.5170307951215303e-17,-0.00010154024033736343,1.5891794824799584e-15,0.0,0.0,0.023506590285943114,5.537162402193585e-13
2015-09-21,-4.001845115296342e-05,4.670468700670762e-17,0.0,0.0,4.5383667755840345e-17,-4.001845115296342e-05,1.3210192508672736e-18,0.0,0.0,0.023407426841352864,5.521679576960575e-13
2015-09-22,-0.00018159212510716454,2.5389634716311134e-15,0.0,0.0,1.512721503919697e-17,-0.00018159212510716454,2.5238362565919165e-15,0.0,0.0,0.023368343555114985,5.521433489306893e-13
2015-09-23,-0.00018162770337802665,5.287192558086696e-16,0.0,0.0,1.5060389244226345e-17,-0.00018162770337802665,5.136588665644433e-16,0.0,0.0,0.023190962726212495,5.497042074142616e-13
2015-09-24,-1.3855631019188667e-05,1.3534025156460104e-15,0.0,0.0,1.5048637034546642e-17,-1.3855631019188667e-05,1.3383538786114638e-15,0.0,0.0,0.02301351491469507,5.492752517609524e-13
2015-09-25,-0.00010622884212935972,1.238593991230837e-15,0.0,0.0,1.5011765511053888e-17,-0.00010622884212935972,1.223582225719783e-15,0.0,0.0,0.02299997796288395,5.479294411534669e-13
2015-09-28,-4.618232665540424e-06,4.990053776864791e-15,0.0,0.0,4.4938268027486876e-17,-4.618232665540424e-06,4.945115508837304e-15,0.0,0.0,0.022896181355589153,5.467489276677571e-13
2015-09-29,-2.4628955670685097e-05,4.2925281574876464e-17,0.0,0.0,1.4842777421122535e-17,-2.4628955670685097e-05,2.808250415375393e-17,0.0,0.0,0.022891668841976315,5.417613758709726e-13
2015-09-30,-4.7736985309039286e-05,-2.462536878379513e-15,0.0,0.0,1.4841966928156435e-17,-4.7736985309039286e-05,-2.4773788453076694e-15,0.0,0.0,0.022867603091488466,5.417317928777099e-13
2015-10-01,2.002254050303667e-05,1.3199658893860047e-15,0.0,0.0,1.491014545734234e-17,2.002254050303667e-05,1.3050557439286623e-15,0.0,0.0,0.022820955509797392,5.442203091929955e-13
2015-10-02,8.468367597230525e-05,-1.0719768552485506e-15,0.0,0.0,1.487368419937374e-17,8.468367597230525e-05,-1.0868505394479244e-15,0.0,0.0,0.022840520725049072,5.428894732771413e-13
2015-10-05,-6.157819025409335e-05,-3.7923456312242894e-15,0.0,0.0,4.4705374469408233e-17,-6.157819025409335e-05,-3.8370510056936976e-15,0.0,0.0,0.02292326317483048,5.439153893778001e-13
2015-10-06,0.00012624981763035656,-1.1445549731050357e-15,0.0,0.0,1.5006615450331588e-17,0.00012624981763035656,-1.1595615885553673e-15,0.0,0.0,0.022863092852457936,5.477414639371028e-13
2015-10-07,0.0001339397468996364,-2.8757926912974254e-15,0.0,0.0,1.503607481912384e-17,0.0001339397468996364,-2.8908287661165493e-15,0.0,0.0,0.022986440636150036,5.488167308980202e-13
2015-10-08,4.464233439999792e-05,-1.4790984166674141e-15,0.0,0.0,1.5112839450090466e-17,4.464233439999792e-05,-1.4942112561175045e-15,0.0,0.0,0.02311728405987375,5.516186399283021e-13
2015-10-09,-7.08179508845288e-05,-1.0247181998225091e-16,0.0,0.0,1.5152686243096432e-17,-7.08179508845288e-05,-1.1762450622534734e-16,0.0,0.0,0.023160892437968567,5.530730478730196e-13
2015-10-12,5.696065361197284e-05,3.928399269276818e-16,0.0,0.0,4.546970114171987e-17,5.696065361197284e-05,3.4737022578596196e-16,0.0,0.0,0.02309170979465412,5.532146972242584e-13
2015-10-13,-0.00012467840309138506,9.002093288399065e-16,0.0,0.0,1.5144941643740966e-17,-0.00012467840309138506,8.850643871961655e-16,0.0,0.0,0.02314735195996906,5.527903699965451e-13
2015-10-14,0.001207553764607101,5.365359976293964e-16,2.0897369638859153e-05,5.284258755287895e-17,2.205003149802315e-17,0.0011866563949682418,4.616433785784944e-16,0.10000000000256087,2.528671716461872e-13,0.12302554434137765,8.04826149677845e-13
2015-10-15,-0.0009545530463764753,-1.8524310123221006e-15,0.0,0.0,2.2009214506507358e-17,-0.0009545530463764753,-1.874440226828608e-15,0.0,0.0,0.12408585083756321,8.033363294875186e-13
2015-10-16,-0.00027993235621589173,-1.9428151226755764e-15,0.0,0.0,2.208104356849705e-17,-0.00027993235621589173,-1.9648961662440734e-15,0.0,0.0,0.1232489454475266,8.059580902501422e-13
2015-10-19,-0.00019139941773868054,-1.076062358937813e-15,0.0,0.0,6.642140764137595e-17,-0.00019139941773868054,-1.1424837665791888e-15,0.0,0.0,0.1230034457356984,8.081271263034075e-13
2015-10-20,5.852486706151161e-05,-1.5237760726253002e-16,0.0,0.0,2.2174194502227408e-17,5.852486706151161e-05,-1.7455180176475745e-16,0.0,0.0,0.12283555697204192,8.093580993313002e-13
2015-10-21,-4.311429678391394e-05,7.545767048610665e-16,0.0,0.0,2.2177071321042632e-17,-4.311429678391394e-05,7.323996335400239e-16,0.0,0.0,0.12288688990020843,8.094631032180559e-13
2015-10-22,-0.002027916343747705,-1.3738438656330344e-15,0.0,0.0,2.215735328536835e-17,-0.002027916343747705,-1.3960012189184027e-15,0.0,0.0,0.12284907215478094,8.087433949159448e-13
2015-10-23,-0.0009518993278228103,-2.3362441496737653e-15,0.0,0.0,2.224009389322348e-17,-0.0009518993278228103,-2.358484243566989e-15,0.0,0.0,0.12106666888755357,8.11763427102657e-13
2015-10-26,0.0003321476484557937,6.677734610316111e-16,0.0,0.0,6.697605620965327e-17,0.0003321476484557937,6.007974048219578e-16,0.0,0.0,0.12022921566931133,8.148753505507813e-13
2015-10-27,-0.00011592762497199603,1.4070004762786667e-15,0.0,0.0,2.2299650130216337e-17,-0.00011592762497199603,1.3847008261484504e-15,0.0,0.0,0.12052133244060814,8.139372297528963e-13
2015-10-28,-0.0016626026388177702,-1.861717706960718e-15,1.792637779386545e-05,1.0749619396317724e-17,2.2232125438610946e-17,-0.0016805290166116357,-1.8946994517956465e-15,0.08259737546530393,4.9529824686089796e-14,0.20301674021087326,8.114725785092997e-13
2015-10-29,0.0005652683226366252,9.944226595497502e-16,0.0,0.0,2.2320641889550043e-17,0.0005652683226366252,9.721020176602e-16,0.0,0.0,0.20169308865999902,8.147034289685766e-13
2015-10-30,0.0006944444898614247,-2.9088505765082683e-17,0.0,0.0,2.2280802801097625e-17,0.0006944444898614247,-5.136930856618031e-17,0.0,0.0,0.20214409133119776,8.132493022400634e-13
2015-11-02,7.615287390677106e-05,-1.8816470265113158e-15,0.0,0.0,6.679841145061979e-17,7.615287390677106e-05,-1.9484454379619356e-15,0.0,0.0,0.20269777346916637,8.127140059825407e-13
2015-11-03,-0.0006169316471644318,-7.290146117021486e-16,0.0,0.0,2.2315989696786236e-17,-0.0006169316471644318,-7.513306013989348e-16,0.0,0.0,0.20275848570167837,8.145336239326974e-13
2015-11-04,-0.0013083578911446453,1.2302666583251585e-15,0.0,0.0,2.2349750968525308e-17,-0.0013083578911446453,1.2079169073566333e-15,0.0,0.0,0.20226633855992776,8.157659103511737e-13
2015-11-05,-0.00029473240222242797,1.4766305195404292e-15,0.0,0.0,2.2345280656958128e-17,-0.00029473240222242797,1.454285238883471e-15,0.0,0.0,0.20122125007918998,8.156027439789718e-13
2015-11-06,-0.0023851153969527542,1.620020705887524e-15,0.0,0.0,2.2311400919075583e-17,-0.0023851153969527542,1.5977093049684485e-15,0.0,0.0,0.20098575469125993,8.143661335462589e-13
2015-11-09,0.00022257617530594353,2.0630116517463058e-15,0.0,0.0,6.696075950893778e-17,0.00022257617530594353,1.996050892237368e-15,0.0,0.0,0.19907545723250752,8.146892406920765e-13
2015-11-10,-0.0004165166640230313,9.211555091871697e-16,0.0,0.0,2.2258778028794125e-17,-0.0004165166640230313,8.988967311583756e-16,0.0,0.0,0.19925368428484938,8.124453980509855e-13
2015-11-11,0.0007017389952901961,4.440890926582557e-16,5.012665094950425e-06,5.703136044269999e-17,1.9370773136564338e-17,0.0006967263301952457,3.676869590789914e-16,0.024065590673637834,2.7380512162229186e-13,0.22298561179799303,7.070332194845983e-13
2015-11-12,0.0008233054309990813,1.5344387005417167e-15,0.0,0.0,1.934512805203309e-17,0.0008233054309990813,1.5150935724896836e-15,0.0,0.0,0.22353161043466238,7.060971738992078e-13
2015-11-13,-0.0005406051245485028,7.611267062688092e-16,0.0,0.0,1.9287209371355612e-17,-0.0005406051245485028,7.418394968974536e-16,0.0,0.0,0.22417035519476028,7.039831420544798e-13
2015-11-16,-0.0010925323242808036,-1.1724284624718196e-15,0.0,0.0,5.783033312909137e-17,-0.0010925323242808036,-1.230258795600911e-15,0.0,0.0,0.22375071085111908,7.03602386403945e-13
2015-11-17,-0.0005387669540235025,-6.027032161832376e-17,0.0,0.0,1.9330017706609495e-17,-0.0005387669540235025,-7.960033932493326e-17,0.0,0.0,0.22290170584561228,7.055456462912465e-13
2015-11-18,-1.187040206990609e-05,-4.389152718795501e-16,0.0,0.0,1.9342089827118273e-17,-1.187040206990609e-05,-4.582573617066684e-16,0.0,0.0,0.22248280527490932,7.059862786898169e-13
2015-11-19,0.001391830554602366,1.9534291596910813e-15,0.0,0.0,1.9354344646912946e-17,0.001391830554602366,1.9340748150441685e-15,0.0,0.0,0.2224735757236333,7.064335796123225e-13
2015-11-20,-0.001053223842778471,1.590193528429663e-16,0.0,0.0,1.927399989783088e-17,-0.001053223842778471,1.397453529451354e-16,0.0,0.0,0.2235542566332417,7.035009962708271e-13
2015-11-23,-0.00023386751465805463,8.764703112805202e-17,0.0,0.0,5.786987954661455e-17,-0.00023386751465805463,2.9777151581437477e-17,0.0,0.0,0.22273562325951618,7.040835344838102e-13
2015-11-24,0.0004812398987793374,-1.9731636705736106e-16,0.0,0.0,1.929207034889256e-17,0.0004812398987793374,-2.1660843740625361e-16,0.0,0.0,0.2225538038498422,7.041605677345784e-13
2015-11-25,-0.0004544260267505,-2.4686626799684263e-16,1.29735864272031e-07,0.0,1.928819402821537e-17,-0.00045455576261477205,-2.66154462025058e-16,0.0006437080311649385,0.0,0.22228405398382944,7.040190820298611e-13
2015-11-27,-0.00033699694991644064,-4.60918922908616e-16,0.0,0.0,3.860746422056651e-17,-0.00033699694991644064,-4.995263871291825e-16,0.0,0.0,0.221930507748276,7.045862220253387e-13
2015-11-30,-0.0005455251355693856,1.371922675084964e-16,0.0,0.0,5.796861532449341e-17,-0.0005455251355693856,7.9223652184003e-17,0.0,0.0,0.22166821230980152,7.052848197813365e-13
2015-12-01,0.0008773060590754819,-1.51803982124213e-15,0.0,0.0,1.9329657896815297e-17,0.0008773060590754819,-1.5373694791389454e-15,0.0,0.0,0.22124338099964574,7.055325132337583e-13
2015-12-02,-0.0006940470614629281,4.686425294408859e-16,0.0,0.0,1.9354268411957372e-17,-0.0006940470614629281,4.492882610289285e-16,0.0,0.0,0.22192599004299052,7.06430797036444e-13
2015-12-03,0.004100243412517698,5.026267326128853e-16,0.0,0.0,1.935486207575151e-17,0.004100243412517698,4.832718705371338e-16,0.0,0.0,0.2213855950031897,7.064524657649301e-13
2015-12-04,-0.001361614781053254,5.21978519479941e-16,0.0,0.0,1.9262112131957215e-17,-0.001361614781053254,5.027164073479838e-16,0.0,0.0,0.22456506697914447,7.030670928164383e-13
2015-12-07,-0.0005075653801022465,1.5955150219801898e-15,0.0,0.0,5.782216556711346e-17,-0.0005075653801022465,1.5376928564130763e-15,0.0,0.0,0.22350778370005753,7.035030143998805e-13
2015-12-08,0.0006518448538334124,2.9118114705938064e-15,0.0,0.0,1.9240108061471e-17,0.0006518448538334124,2.8925713625323355e-15,0.0,0.0,0.2231134629896032,7.022639442436915e-13
2015-12-09,0.0027034400905076982,-1.0507609490927318e-15,0.0,0.0,1.9147850976621263e-17,0.0027034400905076982,-1.0699088000693532e-15,0.0,0.0,0.22361954259537856,6.988965606466761e-13
2015-12-10,-0.0008180217286266112,8.284210149724933e-16,5.519795553510259e-07,0.0,1.9124935829579232e-17,-0.0008185737081819622,8.09296079142914e-16,0.002741656188593636,0.0,0.22297112551429726,6.98060157779642e-13
2015-12-11,0.0010622710720843622,4.343934164783202e-15,0.0,0.0,1.9117888764514167e-17,0.0010622710720843622,4.3248162760186875e-15,0.0,0.0,0.2223351014541268,6.978029399047671e-13
2015-12-14,-0.0002874115665960188,1.892465088034173e-15,0.0,0.0,5.693614898474319e-17,-0.0002874115665960188,1.83552893904943e-15,0.0,0.0,0.22316031577832166,6.92723145981042e-13
2015-12-15,-0.0013253251207670954,-3.435230443430453e-15,0.0,0.0,1.893230933435648e-17,-0.0013253251207670954,-3.4541627527648096e-15,0.0,0.0,0.22293697887807676,6.910292907040115e-13
2015-12-16,-0.00043502948487584875,-1.7796989220276533e-15,0.0,0.0,1.905167490025428e-17,-0.00043502948487584875,-1.7987505969279076e-15,0.0,0.0,0.22190575102358465,6.953861338592812e-13
2015-12-17,-0.0015698052873447095,2.5775616468369523e-15,0.0,0.0,1.910874664303916e-17,-0.0015698052873447095,2.558452900193913e-15,0.0,0.0,0.2215671097643354,6.974692524709293e-13
2015-12-18,0.0017130795160184922,7.215500715485118e-16,0.0,0.0,1.9068061659741388e-17,0.0017130795160184922,7.024820098887705e-16,0.0,0.0,0.2203432003980054,6.959842505805607e-13
2015-12-21,0.0005231377626710575,7.90879308780545e-16,0.0,0.0,5.704715318432413e-17,0.0005231377626710575,7.338321555962208e-16,0.0,0.0,0.2216765303906295,6.940736970759437e-13
2015-12-22,0.00021767061012849218,-2.6365735534592485e-15,0.0,0.0,1.8984118492565588e-17,0.00021767061012849218,-2.655557671951814e-15,0.0,0.0,0.2220834878943172,6.92920324978644e-13
2015-12-23,-1.2105024511405946e-05,-1.4003609423677252e-15,0.0,0.0,1.9052206279076177e-17,-1.2105024511405946e-05,-1.4194131486468014e-15,0.0,0.0,0.22225278060608902,6.954055291862804e-13
2015-12-24,0.0006017111731395463,-5.565972886039286e-16,1.2439952238871065e-05,0.0,1.909080342693518e-17,0.0005892712209006753,-5.756880920308638e-16,0.059722470393460916,0.0,0.162520895449508,6.968143250831341e-13
2015-12-28,2.605352787343522e-05,1.427990763939962e-15,0.0,0.0,7.637920260490503e-17,2.605352787343522e-05,1.351611561335057e-15,0.0,0.0,0.16302653977451553,6.969602237697585e-13
2015-12-29,-0.0003769221078409959,-1.2689550810028867e-15,0.0,0.0,1.9055181161904202e-17,-0.0003769221078409959,-1.2880102621647909e-15,0.0,0.0,0.1630483453177793,6.955141124095034e-13
2015-12-30,-0.00010991200541654647,-2.6938095189939876e-16,0.0,0.0,1.9097145190753483e-17,-0.00010991200541654647,-2.8847809709015225e-16,0.0,0.0,0.16273276078514842,6.970457994625022e-13
2015-12-31,-0.000294707723189957,-3.422339773599305e-17,0.0,0.0,1.910662553833519e-17,-0.000294707723189957,-5.333002327432824e-17,0.0,0.0,0.16264072494797333,6.973918321492345e-13
2016-01-04,0.0001071780466696703,1.2213775903872496e-15,0.0,0.0,7.645278388855303e-17,0.0001071780466696703,1.1449248064986967e-15,0.0,0.0,0.16239387595422583,6.976316529830464e-13
2016-01-05,-0.00029757459031093327,-4.140834359810306e-16,0.0,0.0,1.9077688862974293e-17,-0.00029757459031093327,-4.331611248440049e-16,0.0,0.0,0.16248363932181703,6.963356434985617e-13
2016-01-06,0.0005317037742865474,2.0834067901670628e-16,0.0,0.0,1.9094715716851563e-17,0.0005317037742865474,1.8924596329985472e-16,0.0,0.0,0.16223434154922703,6.96957123665082e-13
2016-01-07,0.0014652518266040629,1.3307380887245736e-15,0.0,0.0,1.907886344933777e-17,0.0014652518266040629,1.3116592252752358e-15,0.0,0.0,0.162679547993846,6.963785159008286e-13
2016-01-08,-0.00021017315228372247,5.785959226103034e-16,0.0,0.0,1.9014543776563817e-17,-0.00021017315228372247,5.595813788337395e-16,0.0,0.0,0.16390463824986537,6.940308478445793e-13
2016-01-11,-0.0005361791365027684,8.086043928029428e-05,3.8474101437771747e-07,2.8136039404638677e-05,1.1506849315202537e-05,-0.0005365638775171462,4.121755056045306e-05,0.001914403844784236,0.14000000000093726,0.16181447267366172,0.14000000000163088
2016-01-12,-0.00014883170078360724,-7.871619428161292e-05,0.0,0.0,3.835300886106722e-06,-0.00014883170078360724,-8.255149516771964e-05,0.0,0.0,0.16135822173962194,0.13998848234289535
2016-01-13,0.0002240086479744035,0.0007337384020780711,0.0,0.0,3.838345622846612e-06,0.0002240086479744035,0.0007299000564552245,0.0,0.0,0.16124669981557826,0.14009961523390135
2016-01-14,-0.00041922036799856856,-0.000324529912261213,0.0,0.0,3.8146044165150005e-06,-0.00041922036799856856,-0.000328344516677728,0.0,0.0,0.1613168269381654,0.13923306120279755
2016-01-15,0.0007308083041546207,0.0008579820453199796,0.0,0.0,3.826356096441878e-06,0.0007308083041546207,0.0008541556892235377,0.0,0.0,0.16101797795628853,0.1396619975201285
2016-01-19,-0.0005101423279049918,0.00024564764719478636,0.0,0.0,1.5187327588759578e-05,-0.0005101423279049918,0.00023046031960602677,0.0,0.0,0.16149282594612963,0.13858436424743112
2016-01-20,0.0003011511375963474,0.00040779783368885525,0.0,0.0,3.7911621445063712e-06,0.0003011511375963474,0.0004040066715443489,0.0,0.0,0.16102772017439482,0.1383774182744826
2016-01-21,-0.0003854709125453644,-0.0004488176339323596,0.0,0.0,3.7773259901979777e-06,-0.0003854709125453644,-0.0004525949599225576,0.0,0.0,0.16121518916240124,0.13787239864222622
2016-01-22,-0.0012408826001745043,-0.0010220627038818202,0.0,0.0,3.792800980793438e-06,-0.0012408826001745043,-0.0010258555048626137,0.0,0.0,0.1609646172022079,0.13843723579896045
2016-01-25,0.0006091745708305568,0.000687760739389392,0.0,0.0,1.1488449402151669e-05,0.0006091745708305568,0.0006762722899872403,0.0,0.0,0.16008660901880248,0.13977613439284534
2016-01-26,0.000111130288146956,-0.0008273186880348101,6.847962439024863e-16,1.4240936066980035e-05,5.7186022151580266e-06,0.00011113028814627121,-0.0008472782263169481,3.374747956341834e-12,0.07018083162161617,0.16048948288443615,0.2087289808532679
2016-01-27,-6.732916251006891e-05,-8.892413436351068e-05,0.0,0.0,5.745498017102692e-06,-6.732916251006891e-05,-9.466963238061337e-05,0.0,0.0,0.1607189260786409,0.20971067762424825
2016-01-28,0.0003656419609014926,-0.0004988139172273132,0.0,0.0,5.748865604056332e-06,0.0003656419609014926,-0.0005045627828313695,0.0,0.0,0.16067762649798942,0.20983359454805608
2016-01-29,-0.0021406273529774723,-0.0005980721352212915,0.0,0.0,5.763332385646958e-06,-0.0021406273529774723,-0.0006038354676069385,0.0,0.0,0.1610656438305165,0.2103616320761139
2016-02-01,0.0007069464618164308,0.0005815168536843635,0.0,0.0,1.7386871392898772e-05,0.0007069464618164308,0.0005641299822914647,0.0,0.0,0.15936238060611232,0.2115402686136017
2016-02-02,0.00066501408139321,0.00018907132913576665,0.0,0.0,5.77235472492095e-06,0.00066501408139321,0.0001832989744108457,0.0,0.0,0.15986612500222763,0.21069094745961467
2016-02-03,0.0028808245210849587,-0.00044250390543230364,0.0,0.0,5.762286465666163e-06,0.0028808245210849587,-0.0004482661918979698,0.0,0.0,0.16039507384838855,0.21032345599681496
2016-02-04,0.00114233331618573,0.00019184405165761822,0.0,0.0,5.760397357763487e-06,0.00114233331618573,0.00018608365429985472,0.0,0.0,0.16287968403741293,0.21025450355836725
2016-02-05,-0.0006219457409619007,0.0007428720771874594,0.0,0.0,5.747506271479203e-06,-0.0006219457409619007,0.0007371245709159802,0.0,0.0,0.16380441678649899,0.20978397890899095
2016-02-08,0.0009948276751353875,0.0006615603415940404,0.0,0.0,1.7179482122840575e-05,0.0009948276751353875,0.0006443808594711999,0.0,0.0,0.16316367804400894,0.20901703249456025
2016-02-09,0.0010320746573345045,0.0004373307713163333,1.4574850423575849e-05,1.1639288820703265e-07,5.6832412319319465e-06,0.0010174998069109288,0.0004315311371961943,0.07215092734654645,0.0005761880620809797,0.23173892872428642,0.20743830496551607
2016-02-10,0.0012204015856696537,-0.0001602755379497645,0.0,0.0,5.663053627020686e-06,0.0012204015856696537,-0.00016593859157678517,0.0,0.0,0.23243419903475082,0.20670145738625503
2016-02-11,0.0008159641088165587,0.00013842919503034428,0.0,0.0,5.661474921852369e-06,0.0008159641088165587,0.0001327677201084919,0.0,0.0,0.23340848001573636,0.20664383464761146
2016-02-12,-0.0011887964699404815,-0.0006477895118262015,0.0,0.0,5.652319805459902e-06,-0.0011887964699404815,-0.0006534418316316614,0.0,0.0,0.23400243856304215,0.20630967289928648
2016-02-16,-0.001410703766043733,0.0002679396195754864,0.0,0.0,2.2722129430402584e-05,-0.001410703766043733,0.00024521749014508386,0.0,0.0,0.2332433318927007,0.20733943105242356
2016-02-17,-7.412078271957214e-05,-0.00045236087307174864,0.0,0.0,5.6798112882115335e-06,-7.412078271957214e-05,-0.0004580406843599602,0.0,0.0,0.23210314115226285,0.20731311201972089
2016-02-18,0.00022231130640563897,-0.00031404542106148076,0.0,0.0,5.695235521679422e-06,0.00022231130640563897,-0.0003197406565831602,0.0,0.0,0.23215256301806522,0.20787609654129888
2016-02-19,0.0005282954461706179,-0.00012293138097498662,0.0,0.0,5.704395281343508e-06,0.0005282954461706179,-0.00012863577625633012,0.0,0.0,0.23239751666350228,0.2082104277690381
2016-02-22,-0.0011368246068887593,-0.0007682160347134974,0.0,0.0,1.7116449038778817e-05,-0.0011368246068887593,-0.0007853324837522762,0.0,0.0,0.23283275824636696,0.2082501299718089
2016-02-23,0.00026353599974733046,-8.08400541559371e-05,0.0,0.0,5.7375585163611475e-06,0.00026353599974733046,-8.657761267229825e-05,0.0,0.0,0.23214214731397437,0.2094208858471819
2016-02-24,-0.00015988643542800453,-0.00028761066523005436,3.485343143835087e-06,1.0022601526036088e-07,5.725995102857911e-06,-0.0001633717785718396,-0.00029343688634817265,0.016199443868583033,0.0004658381230708414,0.21616512058683646,0.20899882125431363
2016-02-25,-0.0003913922702208283,-0.0006752302677123592,0.0,0.0,5.736495327882838e-06,-0.0003913922702208283,-0.0006809667630402421,0.0,0.0,0.21610395230934681,0.20938207946772358
2016-02-26,-0.001339927096456607,-0.00019616915531814208,0.0,0.0,5.761172833001865e-06,-0.001339927096456607,-0.00020193032815114394,0.0,0.0,0.21594412967726506,0.21028280840456803
2016-02-29,0.00036713516743420375,-0.0010324787636489389,0.0,0.0,1.7326356763040025e-05,0.00036713516743420375,-0.001049805120411979,0.0,0.0,0.2149356026355446,0.21080400728365362
2016-03-01,-0.0008857161481390692,-0.0008336088068958949,0.0,0.0,5.807704088838949e-06,-0.0008857161481390692,-0.0008394165109847339,0.0,0.0,0.2154498189207305,0.21198119924262165
2016-03-02,0.0002962890263247735,0.00034822787786381105,0.0,0.0,5.840618528060392e-06,0.0002962890263247735,0.00034238725933575067,0.0,0.0,0.2149348939777778,0.2131825762742043
2016-03-03,0.0005228865304366365,-0.0004101602857923814,0.0,0.0,5.827356244014755e-06,0.0005228865304366365,-0.0004159876420363962,0.0,0.0,0.2150938076899386,0.21269850290653858
2016-03-04,-5.1405361053030525e-05,6.447888617892763e-05,0.0,0.0,5.837969439675041e-06,-5.1405361053030525e-05,5.864091673925259e-05,0.0,0.0,0.21559364749911142,0.213085884548139
2016-03-07,0.0004952175008354849,0.0002431678634625934,0.0,0.0,1.7508482000948166e-05,0.0004952175008354849,0.00022565938146164522,0.0,0.0,0.2155406825814469,0.21301986434486928
2016-03-08,0.00045742890341329606,0.00018846010690035111,0.0,0.0,5.8252992102040725e-06,0.00045742890341329606,0.00018263480769014704,0.0,0.0,0.21588027698126275,0.21262342117244862
2016-03-09,-0.0010677425476340147,-0.00013427792953740256,3.639237800452144e-05,1.417877270523837e-05,3.896051728310364e-06,-0.0011041349256385362,-0.00015235275397095129,0.1799068119675703,0.07009318804875338,0.3961061365102414,0.1422058880833283
2016-03-10,0.0008751265396908147,-0.000254343718665943,0.0,0.0,3.904636703606384e-06,0.0008751265396908147,-0.00025824835536954936,0.0,0.0,0.39553537929353944,0.142519239681633
2016-03-11,-0.000985368397525371,-0.0008481972053820587,0.0,0.0,3.909193528459727e-06,-0.000985368397525371,-0.0008521063989105184,0.0,0.0,0.3961661195966839,0.14268556378878006
2016-03-14,-0.0002263573954459668,0.0002871113636936302,0.0,0.0,1.1819012561878919e-05,-0.0002263573954459668,0.0002752923511317513,0.0,0.0,0.39590822257985064,0.1437979861695269
2016-03-15,0.00039740730928757766,0.0008168127856669677,0.0,0.0,3.9316123959225425e-06,0.00039740730928757766,0.0008128811732710451,0.0,0.0,0.3956625034573315,0.14350385245117278
2016-03-16,0.001887325923203485,-0.0012289152540193365,0.0,0.0,3.904508381913832e-06,0.001887325923203485,-0.0012328197624012504,0.0,0.0,0.3955811434647664,0.14251455593985488
2016-03-17,0.0017022554699827406,-0.000620271481975138,0.0,0.0,3.935601417608567e-06,0.0017022554699827406,-0.0006242070833927466,0.0,0.0,0.3972084939815358,0.1436494517427127
2016-03-18,-0.00020619495907965024,-0.00040740260664491834,0.0,0.0,3.948338656722172e-06,-0.00020619495907965024,-0.0004113509453016405,0.0,0.0,0.39848116747183915,0.1441143609703593
2016-03-21,-0.0007235453389790857,6.134906468128687e-05,0.0,0.0,1.1885841168451859e-05,-0.0007235453389790857,4.946322351283501e-05,0.0,0.0,0.39852107757202376,0.14461106754949765
2016-03-22,-0.0008060259656972143,0.0003782012398100581,0.0,0.0,3.962937605222372e-06,-0.0008060259656972143,0.0003742383022048357,0.0,0.0,0.39806586131093197,0.14464722259061655
2016-03-23,0.0020557276508954754,0.0002633861141426506,5.0983254484044206e-05,4.4070390633468444e-16,3.954283338235493e-06,0.002004744396411431,0.00025943183080397435,0.2499999999997038,2.1610228240337505e-12,0.6467007887268488,0.14433134184559548
2016-03-24,-0.00030962521847298585,0.0004832369289941578,0.0,0.0,3.938150613315913e-06,-0.00030962521847298585,0.0004792987783808419,0.0,0.0,0.6472909356292007,0.14374249738603082
2016-03-28,-0.0004036801466599573,0.00024138094439458542,0.0,0.0,1.5696981618841987e-05,-0.0004036801466599573,0.00022568396277574345,0.0,0.0,0.6468715534114573,0.14323495727193308
2016-03-29,0.004927821788029977,-0.0010215452948141284,0.0,0.0,3.918329675881247e-06,0.004927821788029977,-0.0010254636244900097,0.0,0.0,0.6465829625646983,0.14301903316966552
2016-03-30,-0.0007995684575978311,-0.0003006904186437426,0.0,0.0,3.93097713748178e-06,-0.0007995684575978311,-0.0003046213957812244,0.0,0.0,0.6489782388244918,0.143480665518085
2016-03-31,0.002098297047852705,-0.00017258185976994737,0.0,0.0,3.943569680770854e-06,0.002098297047852705,-0.00017652542945071823,0.0,0.0,0.6488951738337477,0.14394029334813616
2016-04-01,0.0011030966168912365,-0.00010863714042496365,0.0,0.0,3.940724777867498e-06,0.0011030966168912365,-0.00011257786520283115,0.0,0.0,0.6497448097470246,0.1438364543921637
2016-04-04,0.00031173411921982285,9.052265926365385e-05,0.0,0.0,1.1819396080186368e-05,0.00031173411921982285,7.870326318346749e-05,0.0,0.0,0.6502038672409935,0.14380265230893413
2016-04-05,0.00044558088483881057,0.00019170854917957537,0.0,0.0,3.9357819441389365e-06,0.00044558088483881057,0.00018777276723543643,0.0,0.0,0.6502617148783792,0.14365604096107124
2016-04-06,-0.0003016649710626648,-0.0004168997745309006,0.0,0.0,3.928041815490978e-06,-0.0003016649710626648,-0.00042082781634639156,0.0,0.0,0.6502954287784739,0.14337352626542066
2016-04-07,0.005154079713654771,0.00010620421313874469,4.362511511538337e-05,6.459333932429284e-17,3.942312019113194e-06,0.005110454598539388,0.00010226190111956691,0.2107682015337188,3.120730323445657e-13,0.8561056113025725,0.1438943886976316
2016-04-08,0.0009574566384181004,-0.0001845227567163667,0.0,0.0,3.918973815175544e-06,0.0009574566384181004,-0.00018844173053154226,0.0,0.0,0.8567934695606485,0.14304254425390733
2016-04-11,0.0039272335170181145,8.24407676301988e-05,0.0,0.0,1.1763041745039292e-05,0.0039272335170181145,7.067772588515952e-05,0.0,0.0,0.8570918098198878,0.14311700789797804
2016-04-12,0.00046951780126020535,-0.00012614795163147456,0.0,0.0,3.903150813325804e-06,0.00046951780126020535,-0.00013005110244480037,0.0,0.0,0.8575904727441154,0.1424650046863918
2016-04-13,-0.002978313032243657,-0.0005364591581743606,0.0,0.0,3.905281208669828e-06,-0.002978313032243657,-0.0005403644393830305,0.0,0.0,0.8577688066002521,0.14254276411644873
2016-04-14,-0.003125880391937978,0.00019347777894006791,0.0,0.0,3.9338205656544756e-06,-0.003125880391937978,0.00018954395837441344,0.0,0.0,0.8578088462302008,0.1435844506463884
2016-04-15,0.0039887057664210355,-0.00013934622765253605,0.0,0.0,3.940089232151483e-06,0.0039887057664210355,-0.00014328631688468753,0.0,0.0,0.8571999934097623,0.14381325697352912
2016-04-18,-0.00032188766128487097,-0.0004019695245412471,0.0,0.0,1.1786397170138017e-05,-0.00032188766128487097,-0.0004137559217113851,0.0,0.0,0.857889753233541,0.1434011655700125
2016-04-19,0.005339794173975625,-0.00043252809915987877,0.0,0.0,3.94271235143967e-06,0.005339794173975625,-0.00043647081151131843,0.0,0.0,0.8581991943024774,0.143909000827548
2016-04-20,-0.0058590582725137385,0.00015500257128403506,0.0,0.0,3.935266551926575e-06,-0.0058590582725137385,0.00015106730473210848,0.0,0.0,0.8593254379804437,0.14363722914531998
2016-04-21,-0.0025774790139279856,5.9462767888102816e-05,2.5266693689398646e-05,2.535529307951076e-05,5.229355215922855e-07,-0.0026027457076173845,3.3584539286999764e-05,0.12478122305199277,0.12521877694787464,0.9809128534625926,0.019087146538118417
2016-04-22,-0.0036390750515111043,-4.3569523580304705e-05,0.0,0.0,5.226491746279584e-07,-0.0036390750515111043,-4.4092172754932664e-05,0.0,0.0,0.9808553499254424,0.01907669487392048
2016-04-25,0.0004602837965321769,7.36388285750805e-05,0.0,0.0,1.5773381809059995e-06,0.0004602837965321769,7.20614903941745e-05,0.0,0.0,0.9808288314786485,0.01919094786768966
2016-04-26,0.0006018258580883679,-6.4403887290549e-05,0.0,0.0,5.234832176588854e-07,0.0006018258580883679,-6.492737050820789e-05,0.0,0.0,0.98076700858059,0.019107137444549314
2016-04-27,0.004441355370183807,-0.00011262269041520833,0.0,0.0,5.249658543484094e-07,0.004441355370183807,-0.00011314765626955674,0.0,0.0,0.980842221733275,0.019161253683716937
2016-04-28,0.008749592475034748,3.20489984170252e-05,0.0,0.0,5.257757408929478e-07,0.008749592475034748,3.152322267613225e-05,0.0,0.0,0.9810374432738425,0.0191908145425926
2016-04-29,0.006002004766622975,-3.1770022148567406e-05,0.0,0.0,5.203286203258846e-07,0.006002004766622975,-3.229035076889329e-05,0.0,0.0,0.9811712574182192,0.018991994641894785
2016-05-02,-0.0017091875186976732,-7.255469894899991e-06,0.0,0.0,1.5543182595539125e-06,-0.0017091875186976732,-8.809788154453904e-06,0.0,0.0,0.9813150913375891,0.018910872157905927
2016-05-03,0.000961800930600324,0.0001225617187337317,0.0,0.0,5.191968452970377e-07,0.000961800930600324,0.00012204252188843466,0.0,0.0,0.98129176042053,0.018950684853341875
2016-05-04,0.00013080128595886013,7.027914320732357e-05,0.0,0.0,5.152805065860058e-07,0.00013080128595886013,6.976386270073756e-05,0.0,0.0,0.9811901048803091,0.018807738490389213
2016-05-05,-9.512732277119611e-05,-8.972873938076203e-16,4.703608157541376e-05,3.810152815463234e-06,1.0809709427775693e-17,-0.00014216340434660985,-3.810152816371331e-06,0.23126629799173504,0.01873370201984597,1.000000000011333,3.9455439411381284e-13
2016-05-06,3.275271739966082e-05,4.558988265754014e-16,0.0,0.0,1.083587439517483e-17,3.275271739966082e-05,4.450629521802265e-16,0.0,0.0,1.0000508536690158,3.9550941542388133e-13
2016-05-09,-0.003761167691300042,-2.836388335224952e-16,0.0,0.0,3.246908859821055e-17,-0.003761167691300042,-3.1610792212070577e-16,0.0,0.0,1.000050852003474,3.95040577944895e-13
2016-05-10,0.0010951615342505968,-6.628094410224601e-16,0.0,0.0,1.087169071153671e-17,0.0010951615342505968,-6.736811317339968e-16,0.0,0.0,1.0000510439884747,3.9681671097108996e-13
2016-05-11,0.004027406307844335,9.793623166554581e-16,0.0,0.0,1.0877936776374962e-17,0.004027406307844335,9.684843798790831e-16,0.0,0.0,1.0000509881482167,3.970446923376861e-13
2016-05-12,-0.0027077838932686596,-8.369969947674984e-16,0.0,0.0,1.0807578422571436e-17,-0.0027077838932686596,-8.478045731900698e-16,0.0,0.0,1.0000507836219363,3.944766124238574e-13
2016-05-13,0.0012581059306573483,2.8497052580152042e-16,0.0,0.0,1.0859916153127308e-17,0.0012581059306573483,2.7411060964839313e-16,0.0,0.0,1.000050921506372,3.9638693958914676e-13
2016-05-16,-0.0013286978709131556,-3.8966247507013585e-16,0.0,0.0,3.2515418383678216e-17,-0.0013286978709131556,-4.2217789345381406e-16,0.0,0.0,1.0000508575222216,3.9560425700141834e-13
2016-05-17,-0.0016625274237064376,-8.333636503839932e-16,0.0,0.0,1.0863582898275336e-17,-0.0016625274237064376,-8.442272332822685e-16,0.0,0.0,1.0000509251864087,3.965207757870498e-13
2016-05-18,-0.01106197285056138,-3.1322267701833003e-15,0.0,0.0,1.090454388235521e-17,-0.01106197285056138,-3.1431313140656554e-15,0.0,0.0,1.0000510099919202,3.980158517059652e-13
2016-05-19,-2.7479183812192642e-05,-4.527866374467555e-16,5.1079295502200105e-05,5.224050354100492e-17,7.645358177887051e-18,-7.855847931439274e-05,-5.126724991656475e-16,0.25000000000364664,2.5568335970646274e-13,1.0000000000040385,2.790555734928773e-13
2016-05-20,0.00034019069200224547,0.0,0.0,0.0,7.658364920743969e-18,0.00034019069200224547,-7.658364920743969e-18,0.0,0.0,1.000051083312569,2.7953031960715486e-13
2016-05-23,-0.0010188579346025017,1.1310245379727947e-16,0.0,0.0,2.296728150684269e-17,-0.0010188579346025017,9.013517229043679e-17,0.0,0.0,1.0000510659404112,2.7943525833325266e-13
2016-05-24,-0.00258968695957374,-9.063115169478436e-16,0.0,0.0,7.660466732229477e-18,-0.00258968695957374,-9.13971983680073e-16,0.0,0.0,1.0000511180224139,2.796070357263759e-13
2016-05-25,5.896483940850161e-05,7.951529074050891e-16,0.0,0.0,7.705251373751443e-18,5.896483940850161e-05,7.874476560313377e-16,0.0,0.0,1.000051250745803,2.812416751419277e-13
2016-05-26,0.002715134242020881,4.542796167864999e-16,0.0,0.0,7.683013334942185e-18,0.002715134242020881,4.465966034515577e-16,0.0,0.0,1.0000512477239882,2.804299867253898e-13
2016-05-27,-0.0025789586724116543,-1.5858285144242316e-15,0.0,0.0,7.649797092014881e-18,-0.0025789586724116543,-1.5934783115162464e-15,0.0,0.0,1.0000511089563104,2.7921759385854314e-13
2016-05-31,0.0005935441371110198,-5.678410014637642e-16,0.0,0.0,3.0852545233393475e-17,0.0005935441371110198,-5.986935466971577e-16,0.0,0.0,1.0000512411050042,2.8152947525471545e-13
2016-06-01,0.0016849069259089278,1.589011655546595e-15,0.0,0.0,7.724108996450461e-18,0.0016849069259089278,1.5812875465501446e-15,0.0,0.0,1.0000512107091883,2.819299783704418e-13
2016-06-02,0.001476493991399885,-3.3995561747483953e-16,0.0,0.0,7.66765514528529e-18,0.001476493991399885,-3.476232726201248e-16,0.0,0.0,1.0000511245690467,2.7986941280291306e-13
2016-06-03,0.011088685687214592,-1.1855481921455207e-13,5.04754140246795e-05,4.65255586272224e-15,6.2366787265684e-16,0.011038210273189911,-1.2383104294993115e-13,0.2500000000163323,2.304367360291172e-11,0.9999999999556877,2.2763877351974656e-11
2016-06-06,-0.0007490183851304678,-1.8032637010668397e-13,0.0,0.0,1.860214411855733e-15,-0.0007490183851304678,-1.821865845185397e-13,0.0,0.0,1.0000499242949705,2.2632608677578074e-11
2016-06-07,0.0006260708438649842,-1.2577094377982464e-13,0.0,0.0,6.254804154454727e-16,0.0006260708438649842,-1.2639642419527012e-13,0.0,0.0,1.0000499617173975,2.2830035163759748e-11
2016-06-08,0.005723994635483876,-1.9220382811403462e-13,0.0,0.0,6.285326887363573e-16,0.005723994635483876,-1.9283236080277099e-13,0.0,0.0,1.00004993045752,2.294144313887704e-11
2016-06-09,0.0016057539049102601,9.697947936921752e-14,0.0,0.0,6.301913352188519e-16,0.0016057539049102601,9.634928803399867e-14,0.0,0.0,1.0000496462826574,2.3001983735488093e-11
2016-06-10,0.0006834394898883269,2.9851449881908465e-13,0.0,0.0,6.265283128963086e-16,0.0006834394898883269,2.9788797050618834e-13,0.0,0.0,1.0000495666906541,2.2868283420715264e-11
2016-06-13,0.0015567274736798132,1.2310195858543896e-13,0.0,0.0,1.8537825522274125e-15,0.0015567274736798132,1.2124817603321154e-13,0.0,0.0,1.0000495328376588,2.255435438543352e-11
2016-06-14,-0.0016833622728668243,6.806076021466836e-14,0.0,0.0,6.135996535709077e-16,-0.0016833622728668243,6.744716056109745e-14,0.0,0.0,1.00004945584826,2.2396387355338128e-11
2016-06-15,0.0036773736698088107,-1.780498041509851e-14,0.0,0.0,6.127664831886978e-16,0.0036773736698088107,-1.841774689828721e-14,0.0,0.0,1.0000495392406812,2.2365976636387472e-11
2016-06-16,-0.0014398747489691975,4.640370310421088e-14,0.0,0.0,6.110073883891935e-16,-0.0014398747489691975,4.579269571582169e-14,0.0,0.0,1.0000493577338687,2.2301769676205572e-11
2016-06-17,0.0009920976652664218,8.625200153717161e-15,5.082892192115817e-05,4.41957886155646e-15,1.5579457812437598e-17,0.0009412687433452636,4.190041834348264e-15,0.24999999997838923,2.1737520166322437e-11,0.9999999999996638,5.686502101539722e-13
2016-06-20,-0.0011023272999278475,-6.86197261761958e-15,0.0,0.0,4.5986167534606535e-17,-0.0011023272999278475,-6.9079587851541866e-15,0.0,0.0,1.000050781122897,5.594983716710462e-13
2016-06-21,-0.003887793637009664,-6.338444932754701e-15,0.0,0.0,1.553384514290729e-17,-0.003887793637009664,-6.3539787778976086e-15,0.0,0.0,1.0000508371620958,5.669853477161161e-13
2016-06-22,0.0017642463897880798,-5.388855599673387e-15,0.0,0.0,1.576880703612058e-17,0.0017642463897880798,-5.404624406709507e-15,0.0,0.0,1.000051035577897,5.755614568184011e-13
2016-06-23,-0.0008985855869388355,-5.381856671651089e-15,0.0,0.0,1.5888415835286913e-17,-0.0008985855869388355,-5.397745087486376e-15,0.0,0.0,1.00005094569714,5.799271779879724e-13
2016-06-24,0.008055028373722121,1.3973015517150755e-14,0.0,0.0,1.6050286519410018e-17,0.008055028373722121,1.3956965230631344e-14,0.0,0.0,1.0000509915173885,5.858354579584657e-13
2016-06-27,0.0032234876690179193,-2.8756593924034947e-15,0.0,0.0,4.6626812233902204e-17,0.0032234876690179193,-2.922286204637397e-15,0.0,0.0,1.0000505840613247,5.672928821791436e-13
2016-06-28,0.002282380418108206,-1.6095033552941102e-14,0.0,0.0,1.557086344714924e-17,0.002282380418108206,-1.6110604416388253e-14,0.0,0.0,1.0000504215281536,5.683365158209472e-13
2016-06-29,0.0028831701779357156,-6.058849918474035e-16,0.0,0.0,1.5975361418444088e-17,0.0028831701779357156,-6.218603532658475e-16,0.0,0.0,1.0000503067091218,5.831006917732093e-13
2016-06-30,0.004451756240255213,-3.5018552466784938e-15,0.0,0.0,1.5945986015922947e-17,0.004451756240255213,-3.5178012326944166e-15,0.0,0.0,1.0000501620833,5.820284895811876e-13
2016-07-01,0.007682063043848543,-8.882338235899259e-14,2.114943351295002e-05,5.26722804534939e-15,7.351135793684766e-16,0.007660913610335593,-9.482572398371045e-14,0.10539611164881953,2.624871038779911e-11,0.9999999999876324,2.6831645646949394e-11
2016-07-05,0.0031602388730545394,4.46373963762005e-13,0.0,0.0,2.9277590774098863e-15,0.0031602388730545394,4.434462046845951e-13,0.0,0.0,1.0000209886291656,2.6715801581365213e-11
2016-07-06,0.00218994159388034,1.0129663643091974e-14,0.0,0.0,7.174430542581714e-16,0.00218994159388034,9.412220588833802e-15,0.0,0.0,1.0000209225085972,2.6186671480423255e-11
2016-07-07,-0.0010736299802082746,2.6993658925010976e-13,0.0,0.0,7.155984105031714e-16,-0.0010736299802082746,2.6922099083960657e-13,0.0,0.0,1.000020876789638,2.611934198336576e-11
2016-07-08,0.004691822987525487,-3.651679967490916e-13,0.0,0.0,7.089640525715578e-16,0.004691822987525487,-3.6587696080166317e-13,0.0,0.0,1.0000208992274058,2.5877187918861864e-11
2016-07-11,-0.0024168499093761113,-1.9406367801649007e-14,0.0,0.0,2.14683340335519e-15,-0.0024168499093761113,-2.1553201205004197e-14,0.0,0.0,1.0000208016302048,2.6119806407488144e-11
2016-07-12,-0.005213275290571944,-3.260948534841188e-13,0.0,0.0,7.178778187024537e-16,-0.005213275290571944,-3.268127313028213e-13,0.0,0.0,1.0000208520264446,2.6202540382639557e-11
2016-07-13,0.003413413715798742,3.0548319880831156e-14,0.0,0.0,7.306208519116475e-16,0.003413413715798742,2.9817699028919505e-14,0.0,0.0,1.0000209613038187,2.6667661094775127e-11
2016-07-14,-0.0030004501218337874,-8.095436523463908e-14,0.0,0.0,7.273013313011361e-16,-0.0030004501218337874,-8.168166656594021e-14,0.0,0.0,1.0000208899975844,2.654649859249147e-11
2016-07-15,-0.0029786734532052037,6.630989696596363e-14,0.0,0.0,7.317147326746448e-16,-0.0029786734532052037,6.557818223328899e-14,0.0,0.0,1.000020952865695,2.6707587742624534e-11
2016-07-18,0.00017207945332805256,0.0,5.047134862676277e-05,5.3945535018010975e-15,0.0,0.00012160810470128978,-5.3945535018010975e-15,0.24999999997903677,2.672087059354032e-11,1.0000000000066644,0.0
2016-07-19,0.00021995030564877943,0.0,0.0,0.0,0.0,0.00021995030564877943,0.0,0.0,0.0,1.0000504652183169,0.0
2016-07-20,-0.0034099557042427983,0.0,0.0,0.0,0.0,-0.0034099557042427983,0.0,0.0,0.0,1.0000504541209176,0.0
2016-07-21,0.0030723467686247,0.0,0.0,0.0,0.0,0.0030723467686247,0.0,0.0,0.0,1.0000506267559128,0.0
2016-07-22,-0.0011157508792656748,0.0,0.0,0.0,0.0,-0.0011157508792656748,0.0,0.0,0.0,1.0000504716893812,0.0
2016-07-25,-0.0019517862554603404,0.0,0.0,0.0,0.0,-0.0019517862554603404,0.0,0.0,0.0,1.0000505280661154,0.0
2016-07-26,0.00039022141972305905,0.0,0.0,0.0,0.0,0.00039022141972305905,0.0,0.0,0.0,1.0000506268789615,0.0
2016-07-27,0.00647160830789521,0.0,0.0,0.0,0.0,0.00647160830789521,0.0,0.0,0.0,1.0000506071309752,0.0
2016-07-28,-0.0012581136298457022,0.0,0.0,0.0,0.0,-0.0012581136298457022,0.0,0.0,0.0,1.0000502817273307,0.0
2016-07-29,0.0037031982614428253,0.0,0.0,0.0,0.0,0.0037031982614428253,0.0,0.0,0.0,1.0000503450671459,0.0
2016-08-01,-0.0030851924114123777,0.0,2.236773477269973e-05,0.0,0.0,-0.0031075601461850776,0.0,0.1113035140384967,0.0,1.0000000000411327,0.0
2016-08-02,-0.0014341530286315718,0.0,0.0,0.0,0.0,-0.0014341530286315718,0.0,0.0,0.0,1.000022437501792,0.0
2016-08-03,-2.8907486792326e-05,0.0,0.0,0.0,0.0,-2.8907486792326e-05,0.0,0.0,0.0,1.0000224697268187,0.0
2016-08-04,0.002957311106492731,0.0,0.0,0.0,0.0,0.002957311106492731,0.0,0.0,0.0,1.0000224703763811,0.0
2016-08-05,-0.005845643856337546,0.0,0.0,0.0,0.0,-0.005845643856337546,0.0,0.0,0.0,1.0000224041204269,0.0
2016-08-08,0.0010906054233021864,0.0,0.0,0.0,0.0,0.0010906054233021864,0.0,0.0,0.0,1.0000225358570212,0.0
2016-08-09,0.003554875046396218,0.0,0.0,0.0,0.0,0.003554875046396218,0.0,0.0,0.0,1.0000225113060686,0.0
2016-08-10,0.0024876983452225537,0.0,0.0,0.0,0.0,0.0024876983452225537,0.0,0.0,0.0,1.0000224315646593,0.0
2016-08-11,-0.0031754384994905818,0.0,0.0,0.0,0.0,-0.0031754384994905818,0.0,0.0,0.0,1.0000223759001696,0.0
2016-08-12,0.0015834098775924295,0.0,0.0,0.0,0.0,0.0015834098775924295,0.0,0.0,0.0,1.0000224471798083,0.0
2016-08-15,-0.0006774835703555349,-4.2229625824318466e-14,5.041401773948299e-05,2.1164585532583146e-15,8.626345674238443e-16,-0.0007278975880950179,-4.5208718945000625e-14,0.2500000000159624,1.0495387236990104e-11,0.999999999972314,1.0495387236990104e-11
2016-08-16,-0.0012880453565998708,3.368662700695902e-14,0.0,0.0,2.889121303007597e-16,-0.0012880453565998708,3.339771487665826e-14,0.0,0.0,1.0000504507130512,1.054529275597773e-11
2016-08-17,0.0013250478588340887,-1.602614246719486e-14,0.0,0.0,2.883606305841384e-16,0.0013250478588340887,-1.6314503097778996e-14,0.0,0.0,1.000050515779633,1.0525163016321051e-11
2016-08-18,0.002239519141734113,-3.5838798661471447e-14,0.0,0.0,2.8841753594205435e-16,0.002239519141734113,-3.6127216197413504e-14,0.0,0.0,1.0000504489323996,1.0527240061884985e-11
2016-08-19,-0.00395650974991273,1.638871089900884e-14,0.0,0.0,2.8875275351816734e-16,-0.00395650974991273,1.609995814549067e-14,0.0,0.0,1.0000503362035444,1.0539475503413108e-11
2016-08-22,0.00022155003786181133,1.521606941982072e-14,0.0,0.0,8.683468660622038e-16,0.00022155003786181133,1.4347722553758517e-14,0.0,0.0,1.0000505361502996,1.0564886870423482e-11
2016-08-23,0.00038636634401298506,-1.4296758532289594e-14,0.0,0.0,2.8896805585610636e-16,0.00038636634401298506,-1.45857265881457e-14,0.0,0.0,1.000050524956479,1.0547334038747882e-11
2016-08-24,-0.002596267660674968,5.280197157583289e-14,0.0,0.0,2.892479921814417e-16,-0.002596267660674968,5.251272358365145e-14,0.0,0.0,1.0000505054428905,1.055755171462262e-11
2016-08-25,-0.0007506853725019157,1.5013364534332284e-14,0.0,0.0,2.8855051719946044e-16,-0.0007506853725019157,1.4724814017132822e-14,0.0,0.0,1.0000506369098094,1.0532093877780307e-11
2016-08-26,-0.001971738265204195,4.539060778592994e-14,0.0,0.0,2.883556565171467e-16,-0.001971738265204195,4.510225212941279e-14,0.0,0.0,1.0000506749507387,1.0524981462875856e-11
2016-08-29,0.0051639944759135446,3.2724938004749043e-15,5.063931928070782e-05,1.9557697261277053e-15,6.944413238352758e-17,0.005113355156632837,1.2472799419636715e-15,0.2500000000047562,9.655391077255293e-12,1.0000000000137683,8.449036106662521e-13
2016-08-30,-0.0021751897769526694,5.982993930499326e-15,0.0,0.0,2.294108086928424e-17,-0.0021751897769526694,5.960052849630041e-15,0.0,0.0,1.0000503817134536,8.373494517288747e-13
2016-08-31,-0.0005203649578251804,2.2202192476625887e-15,0.0,0.0,2.2826815883903662e-17,-0.0005203649578251804,2.197392431778685e-15,0.0,0.0,1.000050491542134,8.331787797624837e-13
2016-09-01,0.0009542244301889581,-3.8528705059790195e-15,0.0,0.0,2.2777840749451055e-17,0.0009542244301889581,-3.875648346728471e-15,0.0,0.0,1.0000505178298402,8.313911873549635e-13
2016-09-02,0.0031960133322259886,-3.515671973275146e-15,0.0,0.0,2.2861583763765168e-17,0.0031960133322259886,-3.5385335570389113e-15,0.0,0.0,1.0000504696704515,8.344478073774287e-13
2016-09-06,0.005632894930303371,5.554273602525245e-16,0.0,0.0,9.15390541379756e-17,0.005632894930303371,4.63888306114549e-16,0.0,0.0,1.0000503088825956,8.352938690090274e-13
2016-09-07,-0.001244491951371385,-1.9447759824209387e-15,0.0,0.0,2.2741446169704664e-17,-0.001244491951371385,-1.9675174285906433e-15,0.0,0.0,1.0000500270852801,8.300627851942203e-13
2016-09-08,-0.005213651245254282,2.4907231074843354e-15,0.0,0.0,2.282313090618751e-17,-0.005213651245254282,2.467899976578148e-15,0.0,0.0,1.0000500894211635,8.330442780758441e-13
2016-09-09,-0.012954214215541925,1.597317315703132e-14,0.0,0.0,2.2874149756302388e-17,-0.012954214215541925,1.5950299007275018e-14,0.0,0.0,1.000050351938609,8.349064661050372e-13
2016-09-12,0.003597310340842461,-1.057866984780145e-14,0.0,0.0,6.81929720902038e-17,0.003597310340842461,-1.0646862819891654e-14,0.0,0.0,1.0000510127689293,8.296811604308128e-13
2016-09-13,-0.008098738979514273,9.155713891796589e-15,1.6972144053709788e-08,1.706074539025115e-16,1.3850875622262986e-17,-0.008098755951658326,8.971255562271815e-15,8.483520209882453e-05,8.527807556654468e-13,1.000000000064371,5.05556960212599e-13
2016-09-14,0.0009770355471064318,-4.136448034242371e-15,0.0,0.0,1.3711076810699584e-17,0.0009770355471064318,-4.150159111053071e-15,0.0,0.0,1.0000000171756074,5.004543035905348e-13
2016-09-15,0.001984308678600496,2.179698686979406e-15,0.0,0.0,1.381091040370122e-17,0.001984308678600496,2.165887776575705e-15,0.0,0.0,1.000000017158847,5.040982297350946e-13
2016-09-16,-0.0005126765612790803,-2.3358449505690302e-15,0.0,0.0,1.372396005840652e-17,-0.0005126765612790803,-2.349568910627437e-15,0.0,0.0,1.0000000171248637,5.00924542131838e-13
2016-09-19,0.001721748260315516,6.436862687956635e-16,0.0,0.0,4.138508459428885e-17,0.001721748260315516,6.023011842013747e-16,0.0,0.0,1.00000001713365,5.035185292305144e-13
2016-09-20,0.0008770953323611886,-7.839953337929268e-16,0.0,0.0,1.3753712527238648e-17,0.0008770953323611886,-7.977490463201655e-16,0.0,0.0,1.0000000171042005,5.020105072442106e-13
2016-09-21,0.00728537573338783,0.0,0.0,0.0,1.3763120282893309e-17,0.00728537573338783,-1.3763120282893309e-17,0.0,0.0,1.000000017089212,5.023538903256058e-13
2016-09-22,0.005011202460768831,-4.970547295920559e-16,0.0,0.0,1.3663575997887005e-17,0.005011202460768831,-5.107183055899429e-16,0.0,0.0,1.0000000169656116,4.987205239228757e-13
2016-09-23,-0.0010733370890264897,1.389300491353598e-15,0.0,0.0,1.3608996498939973e-17,-0.0010733370890264897,1.375691494854658e-15,0.0,0.0,1.000000016881018,4.96728372211309e-13
2016-09-26,-0.001352724324752691,6.907244290906254e-15,0.0,0.0,4.075654592770356e-17,-0.001352724324752691,6.8664877449785506e-15,0.0,0.0,1.0000000168991552,4.9587130878706e-13
2016-09-27,0.0006885202157718541,-6.325093834666024e-15,5.02194640949788e-05,3.7236097980819075e-17,1.755666858473449e-17,0.0006383007516768753,-6.379886601231578e-15,0.25000000001248707,1.853668624990465e-13,1.0000000000160933,6.408184033428089e-13
2016-09-28,0.0021861687691816702,-7.742412889757203e-16,0.0,0.0,1.7718648999804972e-17,0.0021861687691816702,-7.919599379755253e-16,0.0,0.0,1.00005018744551,6.467306884928815e-13
2016-09-29,-0.004160594637253818,4.888689406911534e-15,0.0,0.0,1.7701163359399408e-17,-0.004160594637253818,4.870988243552134e-15,0.0,0.0,1.000050077966625,6.460924626180785e-13
2016-09-30,0.0012277082864954709,-2.9506344940150093e-15,0.0,0.0,1.7640622141198047e-17,0.0012277082864954709,-2.9682751161562073e-15,0.0,0.0,1.0000502871912382,6.438827081537286e-13
2016-10-03,-0.003920246163663666,8.459656366700502e-15,0.0,0.0,5.309919400672368e-17,-0.003920246163663666,8.406557172693779e-15,0.0,0.0,1.000050225528943,6.460401937484715e-13
2016-10-04,-0.007756579762898531,1.721372089521476e-15,0.0,0.0,1.7536708141080913e-17,-0.007756579762898531,1.703835381380395e-15,0.0,0.0,1.000050423200292,6.400898471494533e-13
2016-10-05,-0.0019496689691440414,-1.2278144261784598e-14,0.0,0.0,1.7626266806321273e-17,-0.0019496689691440414,-1.2295770528590919e-14,0.0,0.0,1.0000508173692684,6.433587384307264e-13
2016-10-06,-0.0015880880698774112,1.1718140666592313e-14,0.0,0.0,1.799774396326276e-17,-0.0015880880698774112,1.170014292262905e-14,0.0,0.0,1.0000509166398732,6.569176546590908e-13
2016-10-07,0.00040381121629968044,4.505328629458802e-15,0.0,0.0,1.7704815820276464e-17,0.00040381121629968044,4.487623813638525e-15,0.0,0.0,1.0000509976285874,6.462257774400909e-13
2016-10-10,0.0015473511660225416,-9.192657276237502e-15,0.0,0.0,5.272285639681756e-17,0.0015473511660225416,-9.24538013263432e-15,0.0,0.0,1.0000509770434811,6.414614194946137e-13
2016-10-11,-0.005176346528268775,2.67546455425509e-15,9.643426462598222e-06,1.2051562511138862e-16,4.8965541172030945e-18,-0.005185989954731373,2.5500523750264983e-15,0.04815269730933682,6.01772869792867e-13,1.0000000000001559,1.7872422527791296e-13
2016-10-12,0.001847450781311251,-5.757920934829432e-16,0.0,0.0,4.848397458975158e-18,0.001847450781311251,-5.806404909419184e-16,0.0,0.0,1.0000096936980365,1.7696650725259324e-13
2016-10-13,0.0009552933749376204,-5.440708203884271e-16,0.0,0.0,4.855202836550199e-18,0.0009552933749376204,-5.489260232249772e-16,0.0,0.0,1.0000096758224315,1.7721490353408228e-13
2016-10-14,-0.0022470934131682994,5.185485762449499e-16,0.0,0.0,4.8654609438182105e-18,-0.0022470934131682994,5.136831153011317e-16,0.0,0.0,1.0000096665880045,1.7758932444936468e-13
2016-10-17,0.00038776113518528075,1.2338339270651772e-16,0.0,0.0,1.4586539717851282e-17,0.00038776113518528075,1.0879685298866643e-16,0.0,0.0,1.0000096883586507,1.7746956656719063e-13
2016-10-18,0.003184975833115005,-1.239187623560294e-15,0.0,0.0,4.856916215681668e-18,0.003184975833115005,-1.2440445397759755e-15,0.0,0.0,1.000009684603338,1.7727744187238088e-13
2016-10-19,0.0008270337002171296,-1.1443774968687678e-16,0.0,0.0,4.875338725513631e-18,0.0008270337002171296,-1.193130884123904e-16,0.0,0.0,1.0000096538560408,1.7794986348124753e-13
2016-10-20,-0.0008221698581266335,4.2521503182541363e-16,0.0,0.0,4.874442677962519e-18,-0.0008221698581266335,4.203405891474511e-16,0.0,0.0,1.0000096458785748,1.7791715774563195e-13
2016-10-21,0.0007540586827469147,-3.2192174912302125e-17,0.0,0.0,4.866794282628071e-18,0.0007540586827469147,-3.7058969194930196e-17,0.0,0.0,1.0000096538156502,1.7763799131592458e-13
2016-10-24,0.0005448681391686449,-2.4571052447276226e-16,0.0,0.0,1.4592025536514112e-17,0.0005448681391686449,-2.6030255000927636e-16,0.0,0.0,1.0000096465415917,1.7753631069425504e-13
2016-10-25,0.0004565309556776357,7.256603350441968e-16,1.928324027934039e-09,0.0,4.8680878413989534e-18,0.0004565290273536078,7.2079224720279785e-16,9.641288361238079e-06,0.0,1.0,1.776852062110618e-13
2016-10-26,-0.0037422000055338817,-2.270160808817272e-16,0.0,0.0,4.8459943992196095e-18,-0.0037422000055338817,-2.318620752809468e-16,0.0,0.0,1.0000000019274435,1.7687879557151574e-13
2016-10-27,-0.005296449794278442,7.984172168637387e-16,0.0,0.0,4.870440179139231e-18,-0.005296449794278442,7.935467766845995e-16,0.0,0.0,1.000000001934684,1.7777106653858198e-13
2016-10-28,-0.0003963185609656282,1.6836080500319998e-16,0.0,0.0,4.874382657867087e-18,-0.0003963185609656282,1.634864223453329e-16,0.0,0.0,1.0000000019449846,1.7791496701214865e-13
2016-10-31,0.0022265751284089837,-3.855859571196816e-16,0.0,0.0,1.461510233554342e-17,0.0022265751284089837,-4.00201059455225e-16,0.0,0.0,1.0000000019457558,1.7781707841577827e-13
2016-11-01,-0.002384597912408764,5.057431249795423e-16,0.0,0.0,4.871418198738282e-18,-0.002384597912408764,5.008717067808041e-16,0.0,0.0,1.0000000019414335,1.778067642539473e-13
2016-11-02,-0.0013972815035786202,-8.874386697479074e-17,0.0,0.0,4.869173243062006e-18,-0.0013972815035786202,-9.361304021785274e-17,0.0,0.0,1.0000000019460733,1.777248233717632e-13
2016-11-03,-0.002595094115328191,-1.1551939379085712e-15,0.0,0.0,4.878421109466158e-18,-0.002595094115328191,-1.1600723590180373e-15,0.0,0.0,1.0000000019487958,1.7806237049551478e-13
2016-11-04,0.000898405036451737,-2.720576873652117e-16,0.0,0.0,4.9228455058528686e-18,0.000898405036451737,-2.769805328710646e-16,0.0,0.0,1.000000001953868,1.796838609636297e-13
2016-11-07,0.0058273436883587585,-3.43712243692327e-16,0.0,0.0,1.477762113411578e-17,0.0058273436883587585,-3.5848986482644277e-16,0.0,0.0,1.0000000019521145,1.7979439046507535e-13
2016-11-08,0.0006736800908998105,-1.0750625931725393e-16,1.2480283418518797e-07,0.0,4.906697472623937e-18,0.0006735552880656253,-1.1241295678987786e-16,0.0006239343133900149,0.0,0.999376067627415,1.790944577507737e-13
2016-11-09,-0.007832238952810204,-4.711964509793118e-16,0.0,0.0,4.9063381595791114e-18,-0.007832238952810204,-4.7610278913889095e-16,0.0,0.0,0.9993766123163202,1.7908134282463758e-13
2016-11-10,-0.0093100064139093,-7.341496543710103e-16,0.0,0.0,4.958080522788521e-18,-0.0093100064139093,-7.391077348937988e-16,0.0,0.0,0.9993716912520707,1.80969939081781e-13
2016-11-11,-0.0056629021384112365,-5.837997060418548e-16,0.0,0.0,5.0249767779821335e-18,-0.0056629021384112365,-5.88824682819837e-16,0.0,0.0,0.9993657867223893,1.8341165239634786e-13
2016-11-14,-0.0010308543543366693,1.3405952501359714e-15,0.0,0.0,1.520904118326922e-17,-0.0010308543543366693,1.3253862089527023e-15,0.0,0.0,0.9993621747805908,1.8504333439644217e-13
2016-11-15,0.004681546328656153,-4.725148031766852e-16,0.0,0.0,5.0381453515064205e-18,0.004681546328656153,-4.775529485281915e-16,0.0,0.0,0.9993615165971934,1.8389230532998437e-13
2016-11-16,-0.0006054796356635412,8.39836570013443e-17,0.0,0.0,5.027554234483793e-18,-0.0006054796356635412,7.89561027668605e-17,0.0,0.0,0.9993644917584688,1.8350572955865844e-13
2016-11-17,-0.003197418084054787,-6.259522113688658e-16,0.0,0.0,5.028297844320954e-18,-0.003197418084054787,-6.309805092131867e-16,0.0,0.0,0.9993641067380483,1.8353287131771485e-13
2016-11-18,-0.002535157862508535,6.959033365619099e-16,0.0,0.0,5.061631371657455e-18,-0.002535157862508535,6.908417051902524e-16,0.0,0.0,0.9993620669995371,1.8474954506549713e-13
2016-11-21,0.002688503118319769,-1.8810502093803557e-15,0.0,0.0,1.5166145152587947e-17,0.002688503118319769,-1.8962163545329436e-15,0.0,0.0,0.999360445628242,1.8452143268982004e-13
2016-11-22,0.00329997534857366,-3.1059770749006968e-15,4.1030894019757854e-05,2.7319345099104386e-16,3.5939899832166056e-17,0.003258944454553902,-3.4151104257239064e-15,0.19982524046458164,1.3304839765701117e-12,0.9999999999985656,1.311806343874061e-12
2016-11-23,-0.0027490964967464095,-1.5027717505576024e-15,0.0,0.0,3.590797300499332e-17,-0.0027490964967464095,-1.5386797235625957e-15,0.0,0.0,1.0000408976095505,1.310641014682256e-12
2016-11-25,0.0011155283128434204,-3.569530365858406e-15,0.0,0.0,7.209648987529544e-17,0.0011155283128434204,-3.641626855733702e-15,0.0,0.0,1.0000410103509645,1.3157609402241418e-12
2016-11-28,0.0015318539645326763,-5.43582455564635e-15,0.0,0.0,1.0831728986679452e-16,0.0015318539645326763,-5.5441418455131444e-15,0.0,0.0,1.0000409646537372,1.317860360046e-12
2016-11-29,0.0010320063170574788,7.125259971914835e-15,0.0,0.0,3.619923804277751e-17,0.0010320063170574788,7.089060733872058e-15,0.0,0.0,1.0000409019978553,1.3212721885613793e-12
2016-11-30,-0.003235161966732112,-3.911402323456e-15,0.0,0.0,3.596690736520108e-17,-0.003235161966732112,-3.9473692308212005e-15,0.0,0.0,1.0000408598302453,1.3127921188298392e-12
2016-12-01,-0.0046126613398256334,-2.29341022785636e-15,0.0,0.0,3.619115331543142e-17,-0.0046126613398256334,-2.3296013811717913e-15,0.0,0.0,1.000040992447456,1.320977096013247e-12
2016-12-02,0.0030734417793867003,-4.850946131916172e-16,0.0,0.0,3.642198877188672e-17,0.0030734417793867003,-5.215166019635038e-16,0.0,0.0,1.0000411824079594,1.3294025901738652e-12
2016-12-05,0.0014246110477309593,-1.6010582850857703e-14,0.0,0.0,1.0897092132345179e-16,0.0014246110477309593,-1.6119553772181155e-14,0.0,0.0,1.0000410562240454,1.3258128761019969e-12
2016-12-06,0.002217445953560984,-5.026582472322691e-15,0.0,0.0,3.6709989090633533e-17,0.002217445953560984,-5.063292461413325e-15,0.0,0.0,1.000040997818117,1.339914601808124e-12
2016-12-07,0.005671291353577977,-6.947012164683625e-15,2.2227250375429286e-06,2.1799056513955344e-17,3.6110809141590195e-17,0.005669068628540434,-7.004922030339171e-15,0.01099723223651993,1.0785377542064039e-13,0.9897879548701463,1.3180445336680419e-12
2016-12-08,0.00021549614018798494,-7.925776568796921e-15,0.0,0.0,3.6096504679713017e-17,0.00021549614018798494,-7.961873073476635e-15,0.0,0.0,0.9898477315020411,1.317522420809525e-12
2016-12-09,-0.0013335461425567007,-3.7397969932678156e-15,0.0,0.0,3.630582547798514e-17,-0.0013335461425567007,-3.7761028187458005e-15,0.0,0.0,0.9898499188053689,1.3251626299464575e-12
2016-12-12,0.0006847922840612985,1.1153824847763828e-14,0.0,0.0,1.093707078943662e-16,0.0006847922840612985,1.1044454139869462e-14,0.0,0.0,0.9898363651292963,1.3306769460481222e-12
2016-12-13,0.0012885580577556208,-4.2177466708756444e-15,0.0,0.0,3.6126579186374145e-17,0.0012885580577556208,-4.253873250062019e-15,0.0,0.0,0.9898433203451447,1.3186201403026567e-12
2016-12-14,-0.006125525058086376,9.346628853548589e-15,0.0,0.0,3.6195493894373926e-17,-0.006125525058086376,9.310433359654215e-15,0.0,0.0,0.9898563909742938,1.3211355271446483e-12
2016-12-15,-0.0014681567467304505,6.512128531090001e-15,0.0,0.0,3.616092653258768e-17,-0.0014681567467304505,6.475967604557413e-15,0.0,0.0,0.9897938730881399,1.3198738184394505e-12
2016-12-16,0.0012662337370218449,1.2205963203118e-15,0.0,0.0,3.6035417693892145e-17,0.0012662337370218449,1.184560902617908e-15,0.0,0.0,0.9897788668625586,1.3152927458270634e-12
2016-12-19,0.003341430884396988,1.2584591635852248e-15,0.0,0.0,1.0786934229603959e-16,0.003341430884396988,1.1505898212891851e-15,0.0,0.0,0.9897917928388594,1.3124103312684818e-12
2016-12-20,0.0007688011246289735,3.0192299533547655e-15,0.0,0.0,3.5802338060634825e-17,0.0007688011246289735,2.983427615294131e-15,0.0,0.0,0.9898257892608462,1.3067853392131707e-12
2016-12-21,-0.0016084533446315986,-6.855306158899308e-15,5.076941078060011e-05,6.588346094202063e-16,6.064493040753115e-17,-0.0016592227554121986,-7.574785698727046e-15,0.2500000000037891,3.2442498312485057e-12,0.9398336051996519,2.213539959874887e-12
2016-12-22,-0.00044507395563943823,2.0538612043689424e-15,0.0,0.0,6.09338498448622e-17,-0.00044507395563943823,1.99292735452408e-15,0.0,0.0,0.9397844636222525,2.2240855193374704e-12
2016-12-23,0.0009513316403421664,-3.3481756515340165e-15,0.0,0.0,6.090468676473473e-17,0.0009513316403421664,-3.4090803382987514e-15,0.0,0.0,0.9397576513218274,2.2230210669128177e-12
2016-12-27,0.0008294770415272574,1.1243341302652295e-15,0.0,0.0,2.4375377973489716e-16,0.0008294770415272574,8.805803505303324e-16,0.0,0.0,0.9398149073047883,2.2242532400809366e-12
2016-12-28,-0.00132560045787296,-3.0695397736045297e-15,0.0,0.0,6.08571616405291e-17,-0.00132560045787296,-3.1303969352450588e-15,0.0,0.0,0.9398647880824608,2.2212863998793125e-12
2016-12-29,0.0019135843890950397,-7.124160469583743e-15,0.0,0.0,6.102214961009159e-17,0.0019135843890950397,-7.185182619193835e-15,0.0,0.0,0.9397849670071576,2.227308460768343e-12
2016-12-30,-0.0003965780125209478,-2.0633217294866798e-15,0.0,0.0,6.110041129548843e-17,-0.0003965780125209478,-2.124422140782168e-15,0.0,0.0,0.9398999734796974,2.2301650122853276e-12
2017-01-03,0.00469767474909253,1.227261122274263e-14,0.0,0.0,2.447248151125529e-16,0.00469767474909253,1.2027886407630078e-14,0.0,0.0,0.9398761296747009,2.233113937902045e-12
2017-01-04,0.0038881311676528026,-6.066283371997866e-15,0.0,0.0,6.056047444264446e-17,0.0038881311676528026,-6.1268438464405106e-15,0.0,0.0,0.9401572514434999,2.2104573171565227e-12
2017-01-05,0.0013788636850067678,-1.6157392566080534e-14,0.0,0.0,6.049147519699241e-17,0.0013788636850067678,-1.6217884041277527e-14,0.0,0.0,0.940389026726624,2.2079388446902228e-12
2017-01-06,0.0006344252811090492,7.336268036148241e-15,4.3599444095901465e-05,1.227005219937485e-16,4.636105972865236e-17,0.0005908258370131477,7.167206454425842e-15,0.2148557066019594,6.046615478722198e-13,0.9999999999983564,1.6921786800958112e-12
2017-01-09,-0.0020762272268672866,-4.2519048440279075e-15,0.0,0.0,1.3839842888389154e-16,-0.0020762272268672866,-4.390303272911799e-15,0.0,0.0,1.0000435736979785,1.6838475514206802e-12
2017-01-10,0.0005318121389689429,5.332131602302423e-16,0.0,0.0,4.634552401042994e-17,0.0005318121389689429,4.868676362198124e-16,0.0,0.0,1.000043664355106,1.6916116263806925e-12
2017-01-11,0.0011219987749607105,-2.6915781468082496e-15,0.0,0.0,4.630628918399892e-17,0.0011219987749607105,-2.7378844359922484e-15,0.0,0.0,1.000043641146214,1.6901795552159603e-12
2017-01-12,-0.0006999029452946461,-3.206828988614468e-15,0.0,0.0,4.6328051034527826e-17,-0.0006999029452946461,-3.2531570396489955e-15,0.0,0.0,1.000043592235782,1.6909738627602657e-12
2017-01-13,0.00037702344412296956,2.351876559621465e-15,0.0,0.0,4.644841874806922e-17,0.00037702344412296956,2.305428140873396e-15,0.0,0.0,1.0000436227674885,1.6953672843045265e-12
2017-01-17,-0.0007164377371110483,-1.1462118618019732e-14,0.0,0.0,1.8546601006145048e-16,-0.0007164377371110483,-1.1647584628081182e-14,0.0,0.0,1.0000436063268785,1.6923773418107354e-12
2017-01-18,0.0007592182138535753,9.878631868484245e-15,0.0,0.0,4.671400083548217e-17,0.0007592182138535753,9.831917867648763e-15,0.0,0.0,1.0000436375905069,1.7050610304950995e-12
2017-01-19,-0.00274256981044931,5.755907787191944e-15,0.0,0.0,4.6408119497436955e-17,-0.00274256981044931,5.709499667694508e-15,0.0,0.0,1.0000436044851775,1.6938963616564486e-12
2017-01-20,0.0023900188713182505,-1.7050270790970656e-15,0.0,0.0,4.6377617246619164e-17,0.0023900188713182505,-1.7514046963436847e-15,0.0,0.0,1.000043724402398,1.6927830295015992e-12
2017-01-23,0.0004691165319062374,-2.1190631121437976e-14,5.041812692719174e-05,6.71676504434093e-16,3.826374930733627e-16,0.0004186984049790457,-2.224494511894543e-14,0.250000000006158,3.3305308298174106e-12,1.0000000000083649,4.655422832392579e-12
2017-01-24,0.0046159107571214055,1.3067887325199627e-14,0.0,0.0,1.2807277239513773e-16,0.0046159107571214055,1.2939814552804489e-14,0.0,0.0,1.0000503970341565,4.674656192422528e-12
2017-01-25,0.002970865862126361,1.0158374720504398e-14,0.0,0.0,1.2712793687351158e-16,0.002970865862126361,1.0031246783630886e-14,0.0,0.0,1.0000501654747889,4.640169695883172e-12
2017-01-26,2.113131475692946e-05,6.790291400883627e-15,0.0,0.0,1.264738882801901e-16,2.113131475692946e-05,6.6638175126034366e-15,0.0,0.0,1.0000500168813335,4.616296922226938e-12
2017-01-27,-0.00044472258145014307,-2.7150764758546785e-15,0.0,0.0,1.2628518432736397e-16,-0.00044472258145014307,-2.8413616601820425e-15,0.0,0.0,1.0000500158244268,4.609409227948785e-12
2017-01-30,-0.004794884122645193,-6.1000601838916835e-15,0.0,0.0,3.792473698220267e-16,-0.004794884122645193,-6.47930755371371e-15,0.0,0.0,1.0000500380774926,4.614176332834657e-12
2017-01-31,-0.00019342122048774836,-1.7843662216310513e-14,0.0,0.0,1.2719278956441873e-16,-0.00019342122048774836,-1.7970855005874933e-14,0.0,0.0,1.0000502791602461,4.642536819101284e-12
2017-02-01,0.0002476317094286233,9.15487221678144e-15,0.0,0.0,1.27706358142058e-16,0.0002476317094286233,9.027165858639382e-15,0.0,0.0,1.0000502888872018,4.661282072185117e-12
2017-02-02,0.0004156919549225304,-4.18818928192569e-15,0.0,0.0,1.2742398550580574e-16,0.0004156919549225304,-4.315613267431496e-15,0.0,0.0,1.000050276437153,4.650975470961909e-12
2017-02-03,0.0034993019657672945,-1.3071949085377477e-15,0.0,0.0,1.2748573562297401e-16,0.0034993019657672945,-1.4346806441607216e-15,0.0,0.0,1.000050255546331,4.653229350238551e-12
2017-02-06,-0.0012415633352260537,-2.265110775634913e-14,5.138789906838264e-05,6.426032240161795e-16,4.537172151889592e-16,-0.0012929512342944364,-2.3747428195554266e-14,0.2500000000064067,3.1262380622796322e-12,1.0000000000049183,5.520226118132336e-12
2017-02-07,-6.441667087358327e-06,3.3316888295064947e-15,0.0,0.0,1.5205625134220624e-16,-6.441667087358327e-06,3.1796325781642886e-15,0.0,0.0,1.0000514544320818,5.5500531739905274e-12
2017-02-08,0.0019273761616264312,-1.9407640459907462e-14,0.0,0.0,1.5196595111025755e-16,0.0019273761616264312,-1.955960641101772e-14,0.0,0.0,1.000051454763533,5.546757215524401e-12
2017-02-09,0.0026984097588710807,2.861293096073691e-14,0.0,0.0,1.5220431232397434e-16,0.0026984097588710807,2.846072664841294e-14,0.0,0.0,1.0000513557816435,5.555457399825064e-12
2017-02-10,0.0033090876961373228,2.725171606363831e-15,0.0,0.0,1.5101290171952213e-16,0.0033090876961373228,2.5741587046443088e-15,0.0,0.0,1.000051217575609,5.511970912762558e-12
2017-02-13,0.002784991889808582,1.2386332692927372e-14,0.0,0.0,4.513212568332009e-16,0.002784991889808582,1.1935011436094171e-14,0.0,0.0,1.0000510486511431,5.49107529147061e-12
2017-02-14,0.00022823351844697794,1.5138354959456363e-14,0.0,0.0,1.4968419808606814e-16,0.00022823351844697794,1.4988670761370296e-14,0.0,0.0,1.0000509068758943,5.463473230141487e-12
2017-02-15,0.0013730374087545527,2.263989239275229e-15,0.0,0.0,1.4923538811741506e-16,0.0013730374087545527,2.114753851157814e-15,0.0,0.0,1.000050895259875,5.447091666285649e-12
2017-02-16,-2.071546918867789e-05,-2.1811315041649862e-14,0.0,0.0,1.4896882125065364e-16,-2.071546918867789e-05,-2.1960283862900517e-14,0.0,0.0,1.0000508254745952,5.437361975648858e-12
2017-02-17,0.0005175711128366558,-4.935068337623021e-15,0.0,0.0,1.4956948992793078e-16,0.0005175711128366558,-5.084637827550952e-15,0.0,0.0,1.0000508265275123,5.459286382369474e-12
2017-02-21,0.0036477960697281426,8.147203413500273e-15,5.04161321055401e-05,9.435569865274592e-16,9.681459364913505e-16,0.0035973799376226023,6.2355004904814635e-15,0.25000000000856837,4.678844583835663e-12,1.0000000000139242,8.834331670483573e-12
2017-02-22,-9.540111868834232e-05,-1.3029809561477422e-14,0.0,0.0,2.4094649697614907e-16,-9.540111868834232e-05,-1.327075605845357e-14,0.0,0.0,1.0000502354300949,8.79454713962944e-12
2017-02-23,0.0008189632968079272,-2.2787822926493954e-14,0.0,0.0,2.4132650087818127e-16,0.0008189632968079272,-2.3029149427372135e-14,0.0,0.0,1.0000502402230818,8.808417282053616e-12
2017-02-24,0.00034471589169232,-3.93846390114194e-14,0.0,0.0,2.4175283809268413e-16,0.00034471589169232,-3.962639184951209e-14,0.0,0.0,1.0000501991118749,8.823978590382968e-12
2017-02-27,0.0003058947929475753,3.1873598885551936e-14,0.0,0.0,7.28244570418996e-16,0.0003058947929475753,3.114535431513294e-14,0.0,0.0,1.0000501818134455,8.860308940097785e-12
2017-02-28,-0.001706269907280466,-6.327347326246669e-15,0.0,0.0,2.4180097519588e-16,-0.001706269907280466,-6.569148301442548e-15,0.0,0.0,1.0000501664677532,8.82573559464962e-12
2017-03-01,0.00531658073521887,5.759678845156281e-14,0.0,0.0,2.42387906367947e-16,0.00531658073521887,5.735440054519487e-14,0.0,0.0,1.0000502522115962,8.847158582430065e-12
2017-03-02,-0.003760084689439545,2.934446464404909e-14,0.0,0.0,2.3953639756709193e-16,-0.003760084689439545,2.9104928246482e-14,0.0,0.0,1.0000499864545176,8.743078511198854e-12
2017-03-03,0.0005253868727095689,-8.800196706754767e-15,0.0,0.0,2.3963348181769135e-16,0.0005253868727095689,-9.039830188572458e-15,0.0,0.0,1.0000501751171782,8.746622086345733e-12
2017-03-06,-0.00228942058083871,8.695894071682182e-15,0.0,0.0,7.19245866955243e-16,-0.00228942058083871,7.976648204726938e-15,0.0,0.0,1.0000501487696822,8.750824714622123e-12
2017-03-07,-0.003063547600609129,1.3404401281557712e-16,5.050730343965657e-05,1.7792847110695612e-15,1.2295149677676712e-18,-0.0031140549040487857,-1.6464702132217518e-15,0.24999999999475006,8.807066453062532e-12,1.0000000000069784,4.487729632352e-14
2017-03-08,-0.002656936777438809,8.331428528177419e-17,0.0,0.0,1.229671794542563e-18,-0.002656936777438809,8.208461348723162e-17,0.0,0.0,1.000050665084274,4.488302050080355e-14
2017-03-09,-0.001898865000094082,-5.696802286529689e-17,0.0,0.0,1.2306589945272034e-18,-0.001898865000094082,-5.819868185982408e-17,0.0,0.0,1.0000508000568133,4.491905330024292e-14
2017-03-10,0.002195959536373053,-1.5789786511813468e-16,0.0,0.0,1.2345640327090237e-18,0.002195959536373053,-1.591324291508437e-16,0.0,0.0,1.0000508967027808,4.5061587193879365e-14
2017-03-13,0.0018593956030682648,-2.2773792370248663e-17,0.0,0.0,3.708526231305585e-18,0.0018593956030682648,-2.6482318601554247e-17,0.0,0.0,1.000050785180579,4.5120402480884614e-14
2017-03-14,-0.0023911986873822668,1.7242504907359873e-16,0.0,0.0,1.2345039187936129e-18,-0.0023911986873822668,1.7119054515480513e-16,0.0,0.0,1.0000506909260947,4.5059393035966865e-14
2017-03-15,0.008177625300126602,-3.893628007354105e-16,0.0,0.0,1.2327276415648002e-18,0.008177625300126602,-3.9059552837697533e-16,0.0,0.0,1.0000508124287073,4.499455891711521e-14
2017-03-16,0.0003541767078504789,8.854418363184602e-17,0.0,0.0,1.233309571998687e-18,0.0003541767078504789,8.731087405984733e-17,0.0,0.0,1.0000504002741506,4.501579937795207e-14
2017-03-17,0.0018664003575265885,7.886874897088932e-17,0.0,0.0,1.2304479079647542e-18,0.0018664003575265885,7.763830106292456e-17,0.0,0.0,1.0000503824298674,4.4911348640713526e-14
2017-03-20,-0.000348182580341528,4.9082189898524034e-17,0.0,0.0,3.677996746522457e-18,-0.000348182580341528,4.540419315200158e-17,0.0,0.0,1.0000502885712599,4.4748960416023226e-14
2017-03-21,-0.0059998618462870365,0.0002697831873932618,1.8934593557515698e-05,1.7476421957588709e-06,2.3683124054291004e-07,-0.006018796439844552,0.00026779871395696004,0.09365593836612275,0.008644340279860932,0.9913556597447593,0.008644340279816216
2017-03-22,0.0018659184630078786,-3.1826268959017265e-05,0.0,0.0,2.3076706118443637e-07,0.0018659184630078786,-3.20570360202017e-05,0.0,0.0,0.9910553549912552,0.008422997733231928
2017-03-23,0.000321949990734705,2.2256930026044e-05,0.0,0.0,2.3121499749341184e-07,0.000321949990734705,2.2025715028550586e-05,0.0,0.0,0.991103726559981,0.008439347408509532
2017-03-24,0.001250638450685185,-6.582796495846568e-05,0.0,0.0,2.305259232714347e-07,0.001250638450685185,-6.605849088173711e-05,0.0,0.0,0.9910847674683547,0.008414196199407366
2017-03-27,0.00048250288010828475,4.6575892186669094e-06,0.0,0.0,6.96163626002017e-07,0.00048250288010828475,3.9614255926648925e-06,0.0,0.0,0.9911612961107343,0.008469990783024541
2017-03-28,0.0035215440892609148,-5.016526682994496e-05,0.0,0.0,2.3181416749855545e-07,0.0035215440892609148,-5.039708099744351e-05,0.0,0.0,0.9911616342346073,0.008461217113697274
2017-03-29,0.0023952167373393167,-0.00010464470500599709,0.0,0.0,2.3238192654151967e-07,0.0023952167373393167,-0.0001048770869325386,0.0,0.0,0.9912424301280652,0.008481940318765467
2017-03-30,0.0009584344592716725,2.890802775701831e-05,0.0,0.0,2.3471133608143472e-07,0.0009584344592716725,2.8673316420936875e-05,0.0,0.0,0.9913670795350376,0.008566963766972368
2017-03-31,-0.0003837424028750931,-1.140885933685256e-05,0.0,0.0,2.3368865942815578e-07,-0.0003837424028750931,-1.1642547996280716e-05,0.0,0.0,0.9913469477138116,0.008529636069127686
2017-04-03,-0.000839982878531879,-4.4241476652070785e-06,0.0,0.0,7.022813642332053e-07,-0.000839982878531879,-5.126429029440283e-06,0.0,0.0,0.9913551722270034,0.008544423264837332
2017-04-04,-0.00024850765591965434,-8.114808563256502e-05,3.5620200053409264e-05,2.4870464228358747e-06,5.692867869560485e-07,-0.0002841278559730636,-8.420441884235695e-05,0.17505976762972808,0.012222889490041583,0.9792210323568941,0.020778967723895772
2017-04-05,-0.001999962781194692,0.00034544542877299226,0.0,0.0,5.717206053299787e-07,-0.001999962781194692,0.0003448737081676623,0.0,0.0,0.9793332447428131,0.02086780209454422
2017-04-06,0.00027478747537622165,7.781183609317307e-05,0.0,0.0,5.631884740969635e-07,0.00027478747537622165,7.72486476190761e-05,0.0,0.0,0.9789535372641455,0.020556379304539168
2017-04-07,-0.0004752454747203152,-5.592141018389696e-05,0.0,0.0,5.608592002727129e-07,-0.0004752454747203152,-5.6482269384169674e-05,0.0,0.0,0.9788837223090563,0.02047136080995402
2017-04-10,0.00022582192432366312,-5.0446248217313326e-05,0.0,0.0,1.688071475544805e-06,0.00022582192432366312,-5.213431969285813e-05,0.0,0.0,0.9789290005434342,0.020538202952461792
2017-04-11,0.0016508430170936413,-5.501266625145985e-05,0.0,0.0,5.639746254387584e-07,0.0016508430170936413,-5.557664087689861e-05,0.0,0.0,0.9789847849454903,0.020585073828514683
2017-04-12,-0.0015749510489443618,0.00016387831268696785,0.0,0.0,5.645811644261605e-07,-0.0015749510489443618,0.00016331373152254168,0.0,0.0,0.9790737445380859,0.02060721250155486
2017-04-13,-0.0028663077249521892,0.00032914643737743076,0.0,0.0,5.608831111706563e-07,-0.0028663077249521892,0.0003285855542662601,0.0,0.0,0.9788806178986679,0.020472233557728956
2017-04-17,0.004416607451476428,-0.0005228691318440596,0.0,0.0,2.213077778774954e-06,0.004416607451476428,-0.0005250822096228346,0.0,0.0,0.9784974648843126,0.020194334731321453
2017-04-18,-0.0016813631194273228,7.187637807246528e-05,0.0,0.0,5.653943798871632e-07,-0.0016813631194273228,7.131098369257811e-05,0.0,0.0,0.9791038649310139,0.020636894865881456
2017-04-19,-0.0011800839809016097,0.00024303867646781086,3.14652151617137e-05,1.1654359423070048e-06,7.221043341159164e-07,-0.0012115491960633235,0.00024115113619138792,0.15547520529509465,0.005758625563410739,0.9736431918185499,0.026356808195230952
2017-04-20,0.00410451673626744,-0.00012333618832535522,0.0,0.0,7.161406817682695e-07,0.00410451673626744,-0.00012405232900712348,0.0,0.0,0.9734077007819513,0.026139134884541834
2017-04-21,-0.0007278159111102327,8.992360984344586e-05,0.0,0.0,7.166670875870239e-07,-0.0007278159111102327,8.920694275585884e-05,0.0,0.0,0.9736366913228056,0.02615834869692637
2017-04-24,0.007466032333826475,-0.0005393030531977144,0.0,0.0,2.1439794456320513e-06,0.007466032333826475,-0.0005414470326433465,0.0,0.0,0.9735305807715435,0.026085083255189954
2017-04-25,0.002586206845263756,-0.00012717995694309234,0.0,0.0,7.244189405778656e-07,0.002586206845263756,-0.0001279043758836702,0.0,0.0,0.9742503335658866,0.02644129133109209
2017-04-26,0.00032011142697443957,5.2376604656393126e-05,0.0,0.0,7.261183045387583e-07,0.00032011142697443957,5.165048635185437e-05,0.0,0.0,0.974441069523675,0.026503318115664677
2017-04-27,0.002318889838501443,5.9556362346269895e-05,0.0,0.0,7.244140195267803e-07,0.002318889838501443,5.8831948326743115e-05,0.0,0.0,0.9743989365376592,0.026441111712727484
2017-04-28,-5.784811418653444e-05,1.8759668419881593e-05,0.0,0.0,7.210678396544812e-07,-5.784811418653444e-05,1.803860058022711e-05,0.0,0.0,0.9744009719560339,0.02631897614738856
2017-05-01,0.0020984846005122123,-0.0001812391654506305,0.0,0.0,2.161747686532325e-06,0.0020984846005122123,-0.00018340091313716282,0.0,0.0,0.9743819135118911,0.026301263519476616
2017-05-02,0.002099971705825592,-0.00022295522132982518,0.0,0.0,7.241611894841187e-07,0.002099971705825592,-0.0002236793825193093,0.0,0.0,0.9746139308719021,0.026431883416170338
2017-05-03,-0.002552565976246519,0.00023129273078431817,1.3074719127863983e-05,8.285778388239492e-16,7.289019187508013e-07,-0.002565640695374383,0.0002305638288647388,0.06499798527799763,4.119085820725588e-12,0.9620160781365823,0.02660492003440425
2017-05-04,-3.573454843626893e-05,0.00035815337503417624,0.0,0.0,7.242563257978194e-07,-3.573454843626893e-05,0.0003574291187083784,0.0,0.0,0.9617091770118862,0.026435355891620407
2017-05-05,0.0035683822869121006,-0.00032478237401515177,0.0,0.0,7.142141457513065e-07,0.0035683822869121006,-0.00032549658816090305,0.0,0.0,0.9613641768277102,0.026068816319922687
2017-05-08,-0.0007982623412127417,0.0002214604309710113,0.0,0.0,2.1623247070851323e-06,-0.0007982623412127417,0.00021929810626392617,0.0,0.0,0.9618135078451658,0.02630828393620244
2017-05-09,0.0018210148319833244,-0.0002328522364249257,0.0,0.0,7.151215230795169e-07,0.0018210148319833244,-0.0002335673579480052,0.0,0.0,0.9615719612788631,0.02610193559240237
2017-05-10,0.001225006660060393,-0.00035160422812441377,0.0,0.0,7.203575067018111e-07,0.001225006660060393,-0.0003523245856311156,0.0,0.0,0.9618660642567817,0.0262930489946161
2017-05-11,-0.0008089674980549804,-3.831314340819912e-05,0.0,0.0,7.293540050870122e-07,-0.0008089674980549804,-3.904249741328613e-05,0.0,0.0,0.9622513314288084,0.026621421185675943
2017-05-12,0.0013902768910750592,-0.00019941309907742127,0.0,0.0,7.310235955648428e-07,0.0013902768910750592,-0.0002001441226729861,0.0,0.0,0.9622583686455877,0.02668236123811676
2017-05-15,0.0024644901788449048,-0.00024367346616053427,0.0,0.0,2.206834478399736e-06,0.0024644901788449048,-0.000245880300638934,0.0,0.0,0.9625031390112357,0.02684981948719679
2017-05-16,0.0012640534703609822,-0.00010454551336085115,0.0,0.0,7.406442774639549e-07,0.0012640534703609822,-0.0001052861576383151,0.0,0.0,0.9628314817536145,0.02703351612743435
2017-05-17,-0.006830085205051299,0.000693360673502057,4.9643249855636064e-05,7.483616502511361e-07,6.409293709142588e-07,-0.006879728454906936,0.0006919713824808917,0.24628727069873124,0.003712729301001344,0.9681365896686751,0.023393922038370447
2017-05-18,0.0015072724450505997,0.0018741528732450078,0.0,0.0,6.258055206147331e-07,0.0015072724450505997,0.001873527067724393,0.0,0.0,0.9672918715831125,0.022841901502437763
2017-05-19,0.00409447051348583,-0.0007132949168139744,0.0,0.0,5.725232801267213e-07,0.00409447051348583,-0.0007138674400941011,0.0,0.0,0.9655348642296084,0.02089709972462533
2017-05-22,0.002556636228352284,0.0002133706481240937,0.0,0.0,1.7702124342485493e-06,0.002556636228352284,0.00021160043568984514,0.0,0.0,0.9663624468851437,0.021537584616690683
2017-05-23,-2.8775032050158722e-05,-0.0002771188919507055,0.0,0.0,5.826122316940064e-07,-2.8775032050158722e-05,-0.0002777015041823995,0.0,0.0,0.9662442902428243,0.021265346456831237
2017-05-24,0.001931885731052013,-0.0001201573071115786,0.0,0.0,5.903854693973178e-07,0.001931885731052013,-0.00012074769258097591,0.0,0.0,0.9665117283775155,0.0215490696330021
2017-05-25,0.0026167462922952003,6.082213372960792e-05,0.0,0.0,5.926041624736609e-07,0.0026167462922952003,6.022952956713426e-05,0.0,0.0,0.966692800006959,0.02163005193028862
2017-05-26,0.00024129711750387712,-0.00015929368137316643,0.0,0.0,5.893600999076293e-07,0.00024129711750387712,-0.00015988304147307407,0.0,0.0,0.9667216558002062,0.021511643646628473
2017-05-30,0.00045593114556550103,7.595325660294157e-05,0.0,0.0,2.374703907100394e-06,0.00045593114556550103,7.357855269584118e-05,0.0,0.0,0.9668842349310945,0.021669173152291096
2017-05-31,0.0010761465896991474,0.00012065846175194452,0.0,0.0,5.912819760945426e-07,0.0010761465896991474,0.00012006717977584998,0.0,0.0,0.9668282211570046,0.021581792127450802
2017-06-01,0.004053377865608945,2.1643819344777594e-15,4.7569518673600005e-05,4.461217789759095e-06,3.147659279698961e-17,0.0040058083469353455,-4.4612177876261894e-06,0.22856450777351342,0.02143549223575865,1.000000000028888,1.1488956370901207e-12
2017-06-02,0.0033797806858565935,7.812031764240297e-15,0.0,0.0,3.1292084170637207e-17,0.0033797806858565935,7.78073968006966e-15,0.0,0.0,1.0000518234019282,1.1421610722282578e-12
2017-06-05,-0.0010811970615319916,3.76166964210439e-15,0.0,0.0,9.292011808892611e-17,-0.0010811970615319916,3.668749524015464e-15,0.0,0.0,1.0000516488401683,1.1305281034152677e-12
2017-06-06,-0.001459866045143315,-1.0289992331524577e-14,0.0,0.0,3.0903726272094935e-17,-0.001459866045143315,-1.0320896057796672e-14,0.0,0.0,1.0000517047431805,1.1279860089314651e-12
2017-06-07,0.0009519616188075159,1.701346277774666e-14,0.0,0.0,3.1231237293091223e-17,0.0009519616188075159,1.698223154045357e-14,0.0,0.0,1.0000517803355449,1.1399401611978295e-12
2017-06-08,-0.0022998715189798628,1.9996437347698707e-16,0.0,0.0,3.07358556702879e-17,-0.0022998715189798628,1.6922851780669917e-16,0.0,0.0,1.0000517310895163,1.1218587319655085e-12
2017-06-09,-0.00471218647930934,-1.3091236168752212e-14,0.0,0.0,3.0801216033808336e-17,-0.00471218647930934,-1.312203738478602e-14,0.0,0.0,1.000051850338633,1.1242443852340041e-12
2017-06-12,-0.0021358660239546245,2.9154280287722718e-15,0.0,0.0,9.392221912637028e-17,-0.0021358660239546245,2.8215058096459016e-15,0.0,0.0,1.0000520958238834,1.1427203327041718e-12
2017-06-13,0.0032215132440719272,-6.075045217985794e-15,0.0,0.0,3.1294372221310844e-17,0.0032215132440719272,-6.106339590207104e-15,0.0,0.0,1.0000522073317462,1.142244586077846e-12
2017-06-14,0.0009044680486619969,2.0244750828799375e-14,0.0,0.0,3.13597858508745e-17,0.0009044680486619969,2.0213391042948502e-14,0.0,0.0,1.0000520396852175,1.144632183556919e-12
2017-06-15,-0.003369887621044449,-8.679510647131862e-17,5.057540138091884e-05,5.844089407784298e-17,2.286277666305084e-17,-0.003420463022425368,-1.6809877721221243e-16,0.24999999999442368,2.8888003100746573e-13,1.0000000000153322,8.344913482013555e-13
2017-06-16,0.0016567837221653286,-6.872474842070413e-15,0.0,0.0,2.2943632457594667e-17,0.0016567837221653286,-6.895418474528008e-15,0.0,0.0,1.0000507490017974,8.374425847022054e-13
2017-06-19,0.0025169634631924866,5.839519861799597e-15,0.0,0.0,6.928097472752377e-17,0.0025169634631924866,5.770238887072073e-15,0.0,0.0,1.0000506650607561,8.429185258515392e-13
2017-06-20,-0.005083569643406766,8.618160716177131e-15,0.0,0.0,2.2876093106449507e-17,-0.005083569643406766,8.595284623070682e-15,0.0,0.0,1.0000505378588063,8.349773983854071e-13
2017-06-21,0.0012890067842960817,1.0938072433096289e-14,0.0,0.0,2.2755659092001094e-17,0.0012890067842960817,1.0915316774004288e-14,0.0,0.0,1.0000507960842293,8.305815568580399e-13
2017-06-22,0.00035939892408435735,-1.5485806847673303e-15,0.0,0.0,2.2427077219967276e-17,0.00035939892408435735,-1.5710077619872975e-15,0.0,0.0,1.0000507306920123,8.185883185288055e-13
2017-06-23,0.0015954852056888605,-3.690845693058844e-15,0.0,0.0,2.2461431473738068e-17,0.0015954852056888605,-3.713307124532582e-15,0.0,0.0,1.0000507124660085,8.198422487914396e-13
2017-06-26,0.0007385200518041445,-1.2121657323390027e-15,0.0,0.0,6.757982898411873e-17,0.0007385200518041445,-1.2797455613231214e-15,0.0,0.0,1.0000506316839095,8.222212526401111e-13
2017-06-27,-0.0022521152559026284,-5.696348220276041e-15,0.0,0.0,2.2543171097550224e-17,-0.0022521152559026284,-5.718891391373591e-15,0.0,0.0,1.0000505943189915,8.228257450605833e-13
2017-06-28,0.005019582070582717,-5.3108489131962625e-15,0.0,0.0,2.2750472117687675e-17,0.005019582070582717,-5.33359938531395e-15,0.0,0.0,1.0000507085204298,8.303922322956e-13
2017-06-29,-0.0051198147339203085,4.266725249997742e-15,5.087744813564772e-05,3.2275555806371296e-16,5.783327964561066e-17,-0.005170692182055956,3.886136412288419e-15,0.2500000000161858,1.5859460817693199e-12,1.0000000000185838,2.110914707064789e-12
2017-06-30,0.0006475068012367308,-1.297882096871194e-14,0.0,0.0,5.801636784305609e-17,0.0006475068012367308,-1.3036837336554996e-14,0.0,0.0,1.000051141905768,2.117597426271547e-12
2017-07-03,-0.0024679116250701386,-1.7271729613976097e-14,0.0,0.0,1.7500254060228413e-16,-0.0024679116250701386,-1.7446732154578382e-14,0.0,0.0,1.0000511088124775,2.12919757732779e-12
2017-07-05,0.00046817225337275267,1.1400177308056462e-14,0.0,0.0,1.1790573748495796e-16,0.00046817225337275267,1.1282271570571504e-14,0.0,0.0,1.0000512352565802,2.151779709100483e-12
2017-07-06,-0.0036526653015121276,7.668424801104087e-15,0.0,0.0,5.861309409326128e-17,-0.0036526653015121276,7.609811707010826e-15,0.0,0.0,1.0000512112808682,2.1393779344040368e-12
2017-07-07,0.0007560669844219286,2.9870597452083714e-15,0.0,0.0,5.861710894300468e-17,0.0007560669844219286,2.9284426362653666e-15,0.0,0.0,1.0000513990242932,2.1395244764196704e-12
2017-07-10,0.00032759483186423706,-3.621655492020515e-15,0.0,0.0,1.7547314561707963e-16,0.00032759483186423706,-3.797128637637595e-15,0.0,0.0,1.000051360192544,2.134923271674469e-12
2017-07-11,0.0006991392539306753,-5.965280313251962e-16,0.0,0.0,5.857108439262061e-17,0.0006991392539306753,-6.550991157178168e-16,0.0,0.0,1.0000513433727245,2.1378445803306523e-12
2017-07-12,0.005376748831450226,1.4543503399871005e-15,0.0,0.0,5.854649547319019e-17,0.005376748831450226,1.3958038445139104e-15,0.0,0.0,1.0000513075016366,2.1369470847714426e-12
2017-07-13,0.001143606115362336,-9.389614290618084e-16,0.0,0.0,5.819375704321616e-17,0.001143606115362336,-9.971551861050246e-16,0.0,0.0,1.000051033109424,2.1240721320773895e-12
2017-07-14,0.005719538606204401,3.681672536413488e-15,5.301100190258698e-06,3.5290963265906973e-16,9.455439078370385e-17,0.005714237506014142,3.234208512970715e-15,0.026110704858509342,1.7382654410152228e-12,1.0000000000150504,3.4512352636051907e-12
2017-07-17,-0.0009179196457125723,-7.901885960604472e-16,0.0,0.0,2.817505794007865e-16,-0.0009179196457125723,-1.0719391754612337e-15,0.0,0.0,1.0000052709955172,3.427965382709569e-12
2017-07-18,0.0022337659046556433,6.5641035633942086e-15,0.0,0.0,9.402481602871132e-17,0.0022337659046556433,6.470078747365497e-15,0.0,0.0,1.000005275838314,3.431905785047963e-12
2017-07-19,0.0020685327580128557,-1.238779761081001e-14,0.0,0.0,9.363581707927286e-17,0.0020685327580128557,-1.2481433427889283e-14,0.0,0.0,1.0000052640795856,3.4177073233934594e-12
2017-07-20,0.0023499407720204775,1.5327093980417568e-14,0.0,0.0,9.378121927049127e-17,0.0023499407720204775,1.5233312761147078e-14,0.0,0.0,1.000005253213155,3.4230145033729317e-12
2017-07-21,0.0002855337157887988,1.3619663814631622e-14,0.0,0.0,9.31424197177653e-17,0.0002855337157887988,1.3526521394913857e-14,0.0,0.0,1.0000052408973412,3.3996983196984334e-12
2017-07-24,-0.0015080309460993712,-1.7185027466425838e-15,0.0,0.0,2.7822839114381053e-16,-0.0015080309460993712,-1.996731137786394e-15,0.0,0.0,1.0000052394013021,3.385112092249695e-12
2017-07-25,0.0002123946119863833,-1.1718641900624848e-14,0.0,0.0,9.293002066194821e-17,0.0002123946119863833,-1.1811571921286796e-14,0.0,0.0,1.0000052473144168,3.3919457541611097e-12
2017-07-26,0.0033918620254968527,4.14412344839063e-15,0.0,0.0,9.323127752314369e-17,0.0033918620254968527,4.050892170867486e-15,0.0,0.0,1.0000052462001638,3.4029416295947445e-12
2017-07-27,-0.0009157869736232992,-1.1670783146784545e-14,0.0,0.0,9.280296504144269e-17,-0.0009157869736232992,-1.1763586111825987e-14,0.0,0.0,1.0000052284659249,3.3873082240126584e-12
2017-07-28,0.0010196623892764214,9.091384686529237e-15,5.313405146115717e-07,1.5530499891278935e-16,1.1445287322267468e-16,0.0010191310487618099,8.821626814393772e-15,0.0026529743351301344,7.754352715494406e-13,0.9997827932184936,4.177529872627625e-12
2017-07-31,0.0017200741702171072,3.4558431441377987e-15,0.0,0.0,3.422625721563844e-16,0.0017200741702171072,3.113580571981414e-15,0.0,0.0,0.9997835451548527,4.164194627902677e-12
2017-08-01,0.002039544093753451,8.599160358414917e-15,0.0,0.0,1.1379710395887664e-16,0.002039544093753451,8.48536325445604e-15,0.0,0.0,0.9997839168339221,4.153594294498997e-12
2017-08-02,0.0005746781498336366,4.784310387612091e-15,0.0,0.0,1.133303682412093e-16,0.0005746781498336366,4.670980019370882e-15,0.0,0.0,0.9997843566480392,4.13655844080414e-12
2017-08-03,-2.504285489479262e-05,1.144933721281025e-14,0.0,0.0,1.1313427544819055e-16,-2.504285489479262e-05,1.133620293736206e-14,0.0,0.0,0.9997844805023802,4.129401053858955e-12
2017-08-04,-0.002127507709590027,-1.6858832701001717e-14,0.0,0.0,1.1282342039715116e-16,-0.002127507709590027,-1.697165612139887e-14,0.0,0.0,0.9997844751050102,4.118054844496017e-12
2017-08-07,0.0014446611539812948,-4.684725301935993e-16,0.0,0.0,3.405805063266795e-16,0.0014446611539812948,-8.090530365202788e-16,0.0,0.0,0.9997840155965436,4.143729493641267e-12
2017-08-08,-0.003029667846956022,-1.0415324332402664e-14,0.0,0.0,1.1337588057560154e-16,-0.003029667846956022,-1.0528700212978266e-14,0.0,0.0,0.9997843271707031,4.138219641009456e-12
2017-08-09,-0.0007390011686474738,-1.5087717812548934e-14,0.0,0.0,1.1400663416103274e-16,-0.0007390011686474738,-1.5201724446709965e-14,0.0,0.0,0.9997836717680252,4.161242146877695e-12
2017-08-10,-0.007947597746645635,1.3664345191910914e-14,0.0,0.0,1.1450461533743505e-16,-0.007947597746645635,1.3549840576573479e-14,0.0,0.0,0.9997835117829944,4.179418459816379e-12
2017-08-11,0.0011651864453772723,6.861200790669615e-15,5.044656088768457e-07,0.0,1.1504457774256793e-16,0.0011646819797683954,6.746156212927048e-15,0.002516523982667898,0.0,0.9972652534551696,4.199127087603729e-12
2017-08-14,0.0034727563763596405,-9.463542079064784e-16,0.0,0.0,3.4416895154028486e-16,0.0034727563763596405,-1.2905231594467633e-15,0.0,0.0,0.997268938738609,4.187388910406799e-12
2017-08-15,-0.0017962687996648263,1.783329713329993e-15,0.0,0.0,1.143517954325705e-16,-0.0017962687996648263,1.6689779178974225e-15,0.0,0.0,0.9972783902263059,4.173840533288823e-12
2017-08-16,0.00294658393948957,6.469869770218817e-16,0.0,0.0,1.145086253552781e-16,0.00294658393948957,5.324783516666036e-16,0.0,0.0,0.9972734926862844,4.17956482546765e-12
2017-08-17,-0.007071409065900383,-7.177042508406438e-15,0.0,0.0,1.1415453376885147e-16,-0.007071409065900383,-7.291197042175289e-15,0.0,0.0,0.9972815029659837,4.166640482563078e-12
2017-08-18,0.00020030658527489948,-6.946169482923815e-15,0.0,0.0,1.1516554776902575e-16,0.00020030658527489948,-7.0613350306928405e-15,0.0,0.0,0.9972621424553286,4.203542493569439e-12
2017-08-21,0.0013224163475327791,2.0325875637385637e-14,0.0,0.0,3.459982556176781e-16,0.0013224163475327791,1.9979877381767958e-14,0.0,0.0,0.9972626907564033,4.2096454433484175e-12
2017-08-22,0.0022684086492089873,-1.441133327224855e-14,0.0,0.0,1.1462429752255496e-16,0.0022684086492089873,-1.4525957569771104e-14,0.0,0.0,0.9972663058382318,4.183786859573256e-12
2017-08-23,-0.0003479964134373174,2.1300097619209593e-15,0.0,0.0,1.1475880869689044e-16,-0.0003479964134373174,2.015250953224069e-15,0.0,0.0,0.9972724929388547,4.188696517436501e-12
2017-08-24,-0.0017412722236310565,-1.7585950440045766e-15,0.0,0.0,1.1474038150629738e-16,-0.0017412722236310565,-1.873335425510874e-15,0.0,0.0,0.9972715434457576,4.188023924979854e-12
2017-08-25,0.002556765830486685,3.050871105425416e-14,6.017375695306628e-05,4.534155445740766e-16,1.0109563349075388e-16,0.0024965920735336186,2.995419987618933e-14,0.29726678416517194,2.2399362720722998e-12,0.7000000000135926,3.689990622412517e-12
2017-08-28,0.0008765285882056887,1.065123071081611e-14,0.0,0.0,3.0003028195636983e-16,0.0008765285882056887,1.0351200428859739e-14,0.0,0.0,0.7008071363024897,3.6503684304691666e-12
2017-08-29,-7.670940899444511e-05,-4.56165844675147e-15,0.0,0.0,9.963095006942731e-17,-7.670940899444511e-05,-4.6612893968208974e-15,0.0,0.0,0.7010691577316274,3.6365296775340964e-12
2017-08-30,0.0006738851441567782,-2.2805182130968558e-14,0.0,0.0,9.976357981842144e-17,0.0006738851441567782,-2.290494571078698e-14,0.0,0.0,0.7010462251642462,3.641370663372382e-12
2017-08-31,0.003308032606874963,1.0634858238571845e-14,0.0,0.0,1.0032077464917481e-16,0.003308032606874963,1.053453746392267e-14,0.0,0.0,0.7012475500020964,3.661708274694881e-12
2017-09-01,0.0001597784888975008,-7.571676415883644e-15,0.0,0.0,9.969959914517024e-17,0.0001597784888975008,-7.671376015028813e-15,0.0,0.0,0.7022325743553863,3.639035368798714e-12
2017-09-05,-0.0007639189926530791,1.9683421146671738e-14,0.0,0.0,3.995643275541152e-16,-0.0007639189926530791,1.9283856819117622e-14,0.0,0.0,0.7022801435841647,3.646024488931301e-12
2017-09-06,0.0014312732269675449,3.0309861340105774e-15,0.0,0.0,9.942776483424322e-17,0.0014312732269675449,2.9315583691763343e-15,0.0,0.0,0.7020525358574802,3.6291134164498775e-12
2017-09-07,0.0030322360822601447,2.5722932977157433e-14,0.0,0.0,9.920273789545101e-17,0.0030322360822601447,2.5623730239261982e-14,0.0,0.0,0.7024783706000818,3.6208999331839614e-12
2017-09-08,0.00020156106553885858,9.051479863881778e-15,0.0,0.0,9.820023371371025e-17,0.00020156106553885858,8.953279630168067e-15,0.0,0.0,0.7033777991403097,3.584308530550424e-12
2017-09-11,0.0016927699494911842,-2.1763888357833918e-14,3.8224028449551144e-05,7.090453520553913e-17,2.6496214417861286e-16,0.001654545921041633,-2.2099755037218068e-14,0.1891297086761793,3.5083047578154947e-13,0.8925672832428507,3.2237060875064567e-12
2017-09-12,0.001915989670565122,1.3583062001493297e-15,0.0,0.0,8.877011141436845e-17,0.001915989670565122,1.2695360887349612e-15,0.0,0.0,0.8927829028820222,3.2401090666244484e-12
2017-09-13,-0.0021962898342771002,-1.89746607866876e-14,0.0,0.0,8.856321134773674e-17,-0.0021962898342771002,-1.906322399803534e-14,0.0,0.0,0.8929879368895673,3.232557214192391e-12
2017-09-14,0.0017688471225932264,9.508368251814655e-15,0.0,0.0,8.927914795298373e-17,0.0017688471225932264,9.419089103861672e-15,0.0,0.0,0.8927523900541093,3.2586889002839062e-12
2017-09-15,0.0020042652920548463,1.0847563197270823e-14,0.0,0.0,8.886146237118245e-17,0.0020042652920548463,1.075870173489964e-14,0.0,0.0,0.8929417597143802,3.2434433765481595e-12
2017-09-18,-0.0008485652265135836,-8.119630693028994e-15,0.0,0.0,2.6516135288041e-16,-0.0008485652265135836,-8.384792045909404e-15,0.0,0.0,0.8931559036283886,3.226129793378322e-12
2017-09-19,0.001219556606676689,9.480947677713865e-15,0.0,0.0,8.868482812349446e-17,0.001219556606676689,9.39226284959037e-15,0.0,0.0,0.893065162443743,3.236996226507548e-12
2017-09-20,-0.0024597480162318495,-2.5702346144899537e-14,0.0,0.0,8.831736810256961e-17,-0.0024597480162318495,-2.5790663513002107e-14,0.0,0.0,0.8931954166789475,3.2235839357437907e-12
2017-09-21,-0.0002513227680524011,9.492129752879539e-15,0.0,0.0,8.924105247133827e-17,-0.0002513227680524011,9.402888700408201e-15,0.0,0.0,0.8929320565173868,3.2572984152038468e-12
2017-09-22,0.00031179659487165425,2.7132054980196655e-15,0.0,0.0,8.900336269342156e-17,0.00031179659487165425,2.624202135326244e-15,0.0,0.0,0.892905141141006,3.248622738309887e-12
2017-09-25,-0.004316266576015608,-3.384445573313902e-14,2.164913180629075e-05,1.3208787140874578e-15,7.881592071509001e-16,-0.004337915707821899,-3.595349365437737e-14,0.10398392865921166,6.344372568937411e-12,0.9927145856248911,9.589270353669284e-12
2017-09-26,-0.0009492652775025526,-5.950159593207605e-16,0.0,0.0,2.6479564225543057e-16,-0.0009492652775025526,-8.59811601576191e-16,0.0,0.0,0.9927045878738763,9.665040942323215e-12
2017-09-27,-0.002418388866156268,-1.749030912686393e-14,0.0,0.0,2.6506355969608617e-16,-0.002418388866156268,-1.7755372686560017e-14,0.0,0.0,0.992697656012285,9.674819928907144e-12
2017-09-28,0.0012753999313575375,1.3554709322814566e-14,0.0,0.0,2.6618648868807637e-16,0.0012753999313575375,1.328852283412649e-14,0.0,0.0,0.9926799532928464,9.715806837114787e-12
2017-09-29,0.0035113536474796836,-1.0511020198815627e-15,0.0,0.0,2.654765380304366e-16,0.0035113536474796836,-1.3165785579119992e-15,0.0,0.0,0.9926892773879508,9.689893638110936e-12
2017-10-02,-0.0011221096761935031,-7.076852318165703e-15,0.0,0.0,7.937289430189705e-16,-0.0011221096761935031,-7.870581261184673e-15,0.0,0.0,0.9927148580975438,9.657035473397471e-12
2017-10-03,0.004449939880938959,-1.06576668319035e-14,0.0,0.0,2.650676356633637e-16,0.004449939880938959,-1.0922734467566863e-14,0.0,0.0,0.9927066741860842,9.674968701712776e-12
2017-10-04,0.0012953939132883854,-2.900916036230923e-16,0.0,0.0,2.6418402351333463e-16,0.0012953939132883854,-5.542756271364269e-16,0.0,0.0,0.9927389852651397,9.642716858236714e-12
2017-10-05,-0.0015119289071244015,-3.868872027080488e-14,0.0,0.0,2.638501813096141e-16,-0.0015119289071244015,-3.895257045211449e-14,0.0,0.0,0.9927483789708826,9.630531617800914e-12
2017-10-06,-0.0021648303022233284,2.4994064694052083e-14,0.0,0.0,2.653112780392041e-16,-0.0021648303022233284,2.472875341601288e-14,0.0,0.0,0.9927373984336723,9.68386164843095e-12
2017-10-09,-0.0010308974811681303,-1.1873708366300213e-14,5.047908573224562e-05,2.0329648751506327e-15,1.3256871130961698e-15,-0.001081376566900376,-1.5232360354547014e-14,0.2499999999968258,1.0068352296970088e-11,0.9999999999833803,1.6129193209336733e-11
2017-10-10,0.005064773658344964,-3.7050017300251316e-14,0.0,0.0,4.426997365652201e-16,0.005064773658344964,-3.749271703681654e-14,0.0,0.0,1.000050533715103,1.6158540384630535e-11
2017-10-11,0.0018634822303813707,-1.6150835794297558e-14,0.0,0.0,4.414788152581301e-16,0.0018634822303813707,-1.6592314609555688e-14,0.0,0.0,1.0000502790630663,1.611397675692175e-11
2017-10-12,-0.0005761292053144992,-3.344943542791498e-14,0.0,0.0,4.410993231594951e-16,-0.0005761292053144992,-3.3890534751074474e-14,0.0,0.0,1.0000501855432151,1.610012529532157e-11
2017-10-13,0.003680516850608341,-4.803756291944441e-14,0.0,0.0,4.422705510290446e-16,0.003680516850608341,-4.8479833470473454e-14,0.0,0.0,1.0000502144732735,1.6142875112560124e-11
2017-10-16,-0.0013639665897538448,1.6139262009322854e-14,0.0,0.0,1.3258800221664236e-15,-0.0013639665897538448,1.481338198715643e-14,0.0,0.0,1.000050030335828,1.613154026969149e-11
2017-10-17,-0.000991108805066786,5.922238084156745e-15,0.0,0.0,4.4212087392757206e-16,-0.000991108805066786,5.480117210229173e-15,0.0,0.0,1.0000500986687235,1.6137411898356377e-11
2017-10-18,0.0004557233255434483,2.8826373400803286e-14,0.0,0.0,4.423970844751326e-16,0.0004557233255434483,2.8383976316328154e-14,0.0,0.0,1.0000501483712103,1.6147493583342338e-11
2017-10-19,-0.0005618336872598812,-1.874326493092548e-15,0.0,0.0,4.414061617363618e-16,-0.0005618336872598812,-2.3157326548289097e-15,0.0,0.0,1.0000501255278098,1.6111324903377206e-11
2017-10-20,-0.0009158734991528828,8.982521758224102e-15,0.0,0.0,4.417056782770425e-16,-0.0009158734991528828,8.54081607994706e-15,0.0,0.0,1.0000501537058535,1.612225725711205e-11
2017-10-23,-0.0027993881849853824,-2.3755241070508613e-15,4.900934197169844e-05,3.3034497431932487e-15,1.1986919382756e-17,-0.0028483975269570807,-5.690960769626866e-15,0.24143624006499526,1.6273886837754905e-11,1.00000000000793,1.45840852490198e-13
2017-10-24,0.0009569921229924775,-4.254240688707079e-16,0.0,0.0,4.072322239094801e-18,0.0009569921229924775,-4.2949639110980274e-16,0.0,0.0,1.0000491493467853,1.4863976172696026e-13
2017-10-25,-3.9234850461137357e-05,5.100207967597841e-16,0.0,0.0,4.080073095223105e-18,-3.9234850461137357e-05,5.05940723664561e-16,0.0,0.0,1.0000491023562177,1.4892266797564334e-13
2017-10-26,-0.0034667958726751665,4.2501779338931456e-16,0.0,0.0,4.066259461791057e-18,-0.0034667958726751665,4.209515339275235e-16,0.0,0.0,1.0000491042828161,1.4841847035537356e-13
2017-10-27,0.00293828371165363,5.971014248561273e-16,0.0,0.0,4.0687205623370766e-18,0.00293828371165363,5.930327042937902e-16,0.0,0.0,1.0000492751095622,1.485083005253033e-13
2017-10-30,-0.0025742357957841393,-8.505261908182954e-17,0.0,0.0,1.2121468543986875e-17,-0.0025742357957841393,-9.717408762581641e-17,0.0,0.0,1.000049130749481,1.4747786728517365e-13
2017-10-31,0.0017628135867670592,1.1937935511091502e-15,0.0,0.0,4.053253754307996e-18,0.0017628135867670592,1.1897402973548423e-15,0.0,0.0,1.000049257550029,1.4794376203224186e-13
2017-11-01,2.9509629383156152e-05,-6.809766023958096e-16,0.0,0.0,4.01347207856466e-18,2.9509629383156152e-05,-6.849900744743743e-16,0.0,0.0,1.0000491708709487,1.464917308676101e-13
2017-11-02,-0.0018861848567103972,-9.362827281863486e-16,0.0,0.0,4.0320099886605516e-18,-0.0018861848567103972,-9.403147381750092e-16,0.0,0.0,1.0000491694199782,1.4716836458611013e-13
2017-11-03,-0.0010420032746877904,6.822270791103931e-16,0.0,0.0,4.06532953325787e-18,-0.0010420032746877904,6.781617495771352e-16,0.0,0.0,1.0000492623378547,1.4838452796391226e-13
2017-11-06,0.00274576575687711,-7.916910778207347e-16,5.037608355174705e-05,1.693750171240288e-16,7.055464918019759e-17,0.0026953896733253628,-1.031620744124961e-15,0.25000000000294453,8.405527245485412e-13,0.9999999999944009,8.584148983590705e-13
2017-11-07,-0.0014612938311469538,2.0510388195161858e-15,0.0,0.0,2.3476627899510013e-17,-0.0014612938311469538,2.027562191616676e-15,0.0,0.0,1.000050240659798,8.568969183321154e-13
2017-11-08,0.0030628406659727984,1.8753121172591867e-16,0.0,0.0,2.3454709277117652e-17,0.0030628406659727984,1.6407650244880101e-16,0.0,0.0,1.0000503141836024,8.560968886147943e-13
2017-11-09,-0.003020023679936862,6.334886713480368e-15,0.0,0.0,2.3377968443264644e-17,-0.003020023679936862,6.311508745037103e-15,0.0,0.0,1.0000501605498302,8.532958481791594e-13
2017-11-10,-0.002649221510185701,-1.3093422756412805e-15,0.0,0.0,2.3274700048458913e-17,-0.002649221510185701,-1.3326169756897394e-15,0.0,0.0,1.0000503124947495,8.495265517687503e-13
2017-11-13,6.138648636251208e-05,1.966491972935924e-15,0.0,0.0,7.011747403918171e-17,6.138648636251208e-05,1.896374498896742e-15,0.0,0.0,1.000050446137744,8.530959341433774e-13
2017-11-14,-0.002772497537086554,4.1828167164865005e-15,0.0,0.0,2.331718349401809e-17,-0.002772497537086554,4.159499532992482e-15,0.0,0.0,1.000050443041221,8.510771975316602e-13
2017-11-15,-0.0014055446309256367,4.656645118186573e-15,0.0,0.0,2.3267093735835857e-17,-0.0014055446309256367,4.633378024450737e-15,0.0,0.0,1.0000505832832454,8.492489213580087e-13
2017-11-16,0.0065725058335993816,-9.38862316259571e-15,0.0,0.0,2.3172083815523536e-17,0.0065725058335993816,-9.411795246411235e-15,0.0,0.0,1.0000506544803736,8.45781059266609e-13
2017-11-17,0.0007150859721262777,-6.733879504666156e-17,0.0,0.0,2.3276322601838315e-17,0.0007150859721262777,-9.061511764849988e-17,0.0,0.0,1.0000503237273912,8.495857749670985e-13
2017-11-20,0.0005629949903466384,-2.8618415475700576e-15,5.028194269222272e-05,1.0590843943105164e-16,3.282673100179771e-17,0.0005127130476544157,-3.000576718002907e-15,0.24999999999970607,5.265729293674861e-13,0.9999999999994382,3.9939189385520543e-13
2017-11-21,0.003961005625045289,-5.984196551231846e-15,0.0,0.0,1.1015002749378026e-17,0.003961005625045289,-5.995211553981224e-15,0.0,0.0,1.0000502561751363,4.02047600352298e-13
2017-11-22,0.0018362512141655925,-5.612471304084442e-16,0.0,0.0,1.1134848143691613e-17,0.0018362512141655925,-5.723819785521358e-16,0.0,0.0,1.0000500578955371,4.064219572447439e-13
2017-11-24,0.0020264974876666652,1.8337722023223535e-15,0.0,0.0,2.2259575382479992e-17,0.0020264974876666652,1.8115126269398733e-15,0.0,0.0,1.0000499661451427,4.0623725073025985e-13
2017-11-27,-0.001983558087323129,3.3877070050817715e-15,0.0,0.0,3.3171420270947906e-17,-0.001983558087323129,3.3545355848108235e-15,0.0,0.0,1.0000498650936542,4.035856132965329e-13
2017-11-28,0.0032949115537997363,-3.365613383583819e-15,0.0,0.0,1.0986117802581344e-17,0.0032949115537997363,-3.3765995013864003e-15,0.0,0.0,1.0000499642005445,4.00993299794219e-13
2017-11-29,-0.002411638816088299,1.6943264504771156e-15,0.0,0.0,1.1041944159046937e-17,-0.002411638816088299,1.6832845063180686e-15,0.0,0.0,1.0000498001135787,4.0303096180521317e-13
2017-11-30,0.0014893224931519238,-1.7775265407266506e-16,0.0,0.0,1.1022105593979587e-17,0.0014893224931519238,-1.8877475966664465e-16,0.0,0.0,1.0000499205038016,4.023068541802549e-13
2017-12-01,-0.0006646321527716423,2.3694101633486967e-15,0.0,0.0,1.1010577229377308e-17,-0.0006646321527716423,2.3583995861193194e-15,0.0,0.0,1.0000498462666352,4.0188606887227174e-13
2017-12-04,-0.00014988068308721648,1.8157804731536202e-16,0.0,0.0,3.285882467869241e-17,-0.00014988068308721648,1.487192226366696e-16,0.0,0.0,1.0000498794180983,3.99782366924091e-13
2017-12-05,-0.0015688499206638698,2.2306295247189705e-15,1.5683266309686846e-05,6.010004681246484e-17,8.087607749028739e-18,-0.0015845331869735566,2.162441870157477e-15,0.07801546340952609,2.98964062104374e-13,0.9999999999984399,2.9519768283954894e-13
2017-12-06,-0.0002743890958605989,6.728131579018419e-16,0.0,0.0,8.039233042919506e-18,-0.0002743890958605989,6.647739248589224e-16,0.0,0.0,1.0000157081548402,2.93432006066562e-13
2017-12-07,0.0005720529026262996,-1.6003940771280067e-15,0.0,0.0,8.023001229770236e-18,0.0005720529026262996,-1.608417078357777e-15,0.0,0.0,1.000015712466169,2.9283954488661364e-13
2017-12-08,0.0011057636264436238,-8.169527186696473e-16,0.0,0.0,8.06223561755557e-18,0.0011057636264436238,-8.250149542872029e-16,0.0,0.0,1.0000157034829475,2.942716000407783e-13
2017-12-11,0.0008315443081544009,5.656673241622535e-16,0.0,0.0,2.4227064245043812e-17,0.0008315443081544009,5.414402599172097e-16,0.0,0.0,1.0000156861377878,2.947626149813664e-13
2017-12-12,0.0022644674610394107,4.878549179907238e-16,0.0,0.0,8.053493510083644e-18,0.0022644674610394107,4.798014244806402e-16,0.0,0.0,1.000015673104906,2.9395251311805297e-13
2017-12-13,0.0007229579168176866,-1.1877161558797132e-15,0.0,0.0,8.02196214965792e-18,0.0007229579168176866,-1.1957381180293711e-15,0.0,0.0,1.0000156376938565,2.9280161846251404e-13
2017-12-14,-0.0030704714926886555,1.970760651290856e-15,0.0,0.0,8.048683458885607e-18,-0.0030704714926886555,1.9627119678319704e-15,0.0,0.0,1.0000156263966307,2.937769462493247e-13
2017-12-15,0.0025811569049126494,-2.080960606784518e-15,0.0,0.0,8.019313088614006e-18,0.0025811569049126494,-2.0889799198731317e-15,0.0,0.0,1.00001567452481,2.927049277344112e-13
2017-12-18,0.005068225785162209,-2.681154072209247e-15,0.0,0.0,2.416659933918136e-17,0.005068225785162209,-2.7053206715484285e-15,0.0,0.0,1.000015634170565,2.9402695862670656e-13
2017-12-19,-0.004334766419235101,1.0847340210994899e-14,5.038208869229711e-05,1.1221875179222436e-15,1.583828483349384e-16,-0.004385148507927398,9.566769844737715e-15,0.2500000000023378,5.568385248904478e-12,0.9999999999931612,5.78097396422525e-12
2017-12-20,-0.0015426538039307507,-5.762200653195136e-15,0.0,0.0,1.5878194333379194e-16,-0.0015426538039307507,-5.920982596528928e-15,0.0,0.0,1.0000506039878458,5.7955409316834036e-12
2017-12-21,0.0016700094051456328,-1.2521312116824245e-14,0.0,0.0,1.5918537977648163e-16,0.0016700094051456328,-1.2680497496600727e-14,0.0,0.0,1.0000506821728985,5.810266361841579e-12
2017-12-22,0.001445351452857848,-1.60742379630471e-14,0.0,0.0,1.5926245961807112e-16,0.001445351452857848,-1.623350042266517e-14,0.0,0.0,1.0000505976743195,5.813079776059596e-12
2017-12-26,0.0015370201040728073,-3.086969430718802e-14,0.0,0.0,6.378894243907066e-16,0.0015370201040728073,-3.1507583731578726e-14,0.0,0.0,1.0000505246484614,5.8207409975651966e-12
2017-12-27,0.002153194787299114,-1.169156817492398e-14,0.0,0.0,1.6007206716186543e-16,0.002153194787299114,-1.1851640242085845e-14,0.0,0.0,1.0000504471102705,5.842630451408089e-12
2017-12-28,0.0018399462182061225,-3.171297586598741e-14,0.0,0.0,1.600477700739246e-16,0.0018399462182061225,-3.1873023636061337e-14,0.0,0.0,1.00005033872121,5.841743607698248e-12
2017-12-29,0.0008440902386003112,-4.127602736634474e-15,0.0,0.0,1.6062108457067242e-16,0.0008440902386003112,-4.288223821205146e-15,0.0,0.0,1.000050246270806,5.862669586829545e-12
2018-01-02,0.004373699129130294,-3.849415411871334e-14,0.0,0.0,6.423944394329685e-16,0.004373699129130294,-3.913654855814631e-14,0.0,0.0,1.0000502038941934,5.861849259825839e-12
2018-01-03,0.0027536115273115963,-2.965044366495103e-14,0.0,0.0,1.6094930040266e-16,0.0027536115273115963,-2.9811392965353686e-14,0.0,0.0,1.0000499852736846,5.874649464697089e-12
2018-01-04,0.0018409135401914016,4.761290662411487e-15,5.064657921983093e-05,1.4711897555849167e-15,3.7642539756991335e-17,0.0017902669609715708,3.2524583670695785e-15,0.25000000001935235,7.262039106891689e-12,1.0000000000347455,1.3739527011301837e-12
2018-01-05,0.002738667303672411,4.997349200418485e-15,0.0,0.0,3.7445056789451233e-17,0.002738667303672411,4.959904143629034e-15,0.0,0.0,1.0000505561050377,1.36674457281497e-12
2018-01-08,0.0005931498593758096,1.107758286429375e-14,0.0,0.0,1.11618742736971e-16,0.0005931498593758096,1.0965964121556778e-14,0.0,0.0,1.0000504180268313,1.3580280366331471e-12
2018-01-09,-0.002020495458962415,-9.460551690843205e-15,0.0,0.0,3.68808762714763e-17,-0.002020495458962415,-9.497432567114682e-15,0.0,0.0,1.0000503881391025,1.3461519839088848e-12
2018-01-10,-0.0013173201234402173,-4.990830123508468e-15,0.0,0.0,3.721526273785197e-17,-0.0013173201234402173,-5.02804538624632e-15,0.0,0.0,1.000050490154239,1.358357089931597e-12
2018-01-11,0.005150675500598663,1.8332997399070896e-15,0.0,0.0,3.740126725172196e-17,0.005150675500598663,1.7958984726553675e-15,0.0,0.0,1.000050556753673,1.3651462546878516e-12
2018-01-12,0.0042763289154563915,1.7279594283748002e-14,0.0,0.0,3.715964260083235e-17,0.0042763289154563915,1.724243464114717e-14,0.0,0.0,1.000050297686609,1.3563269549303806e-12
2018-01-16,-0.000897080787166686,-2.6740476000958022e-17,0.0,0.0,1.4612005880265887e-16,-0.000897080787166686,-1.728605348036169e-16,0.0,0.0,1.0000500835130173,1.3333455365742621e-12
2018-01-17,0.0036128317394338192,-1.3343426755503299e-14,0.0,0.0,3.656354777266307e-17,0.0036128317394338192,-1.3379990303275962e-14,0.0,0.0,1.0000501284823153,1.3345694937022022e-12
2018-01-18,-0.0021286905718497515,-1.0197986114004596e-15,0.0,0.0,3.679618269171216e-17,-0.0021286905718497515,-1.0565947940921718e-15,0.0,0.0,1.0000499480285063,1.3430606682474938e-12
2018-01-19,0.0019988432036427656,-1.0179455792986318e-15,4.0907493969406225e-05,1.9305726044565952e-16,4.2528351643522294e-17,0.001957935709673359,-1.2535311913878137e-15,0.20329033283659761,9.594006115816218e-13,1.0000000000026508,1.5522848349885636e-12
2018-01-22,0.003761259648063917,2.849531167916958e-16,0.0,0.0,1.2741924300453122e-16,0.003761259648063917,1.5753387378716458e-16,0.0,0.0,1.000040827558886,1.5502674565551302e-12
2018-01-23,0.0027802019484733658,8.931018985518073e-16,0.0,0.0,4.230614965324807e-17,0.0027802019484733658,8.507957488985592e-16,0.0,0.0,1.0000406745712622,1.5441744623435546e-12
2018-01-24,0.004180344098103568,-1.4096369555221631e-14,0.0,0.0,4.2164455407003364e-17,0.004180344098103568,-1.4138534010628634e-14,0.0,0.0,1.0000405618012622,1.5390026223556228e-12
2018-01-25,0.001273092536677694,6.358836983120156e-16,0.0,0.0,4.237352141247397e-17,0.001273092536677694,5.935101768995416e-16,0.0,0.0,1.000040392944868,1.5466335315552998e-12
2018-01-26,0.0029844297640819356,-4.47423550531939e-15,0.0,0.0,4.230224526855122e-17,0.0029844297640819356,-4.5165377505879414e-15,0.0,0.0,1.000040341586295,1.5440319523021195e-12
2018-01-29,-0.0063737639881777195,-6.602107542457021e-15,0.0,0.0,1.2689576967769093e-16,-0.0063737639881777195,-6.729003312134712e-15,0.0,0.0,1.000040221547915,1.543898531078573e-12
2018-01-30,-0.004615566056802585,-6.82510051019525e-15,0.0,0.0,4.275196045724778e-17,-0.004615566056802585,-6.867852470652498e-15,0.0,0.0,1.000040479555052,1.5604465566895442e-12
2018-01-31,0.0023176533164580896,1.6185470543608816e-15,0.0,0.0,4.313805605962719e-17,0.0023176533164580896,1.5754089983012544e-15,0.0,0.0,1.0000406672574722,1.5745390461763923e-12
2018-02-01,-0.0049099248711447175,-1.2730220520975988e-15,0.0,0.0,4.2994066962828696e-17,-0.0049099248711447175,-1.3160161190604276e-15,0.0,0.0,1.0000405732228057,1.5692834441432476e-12
2018-02-02,-0.007887474972712857,3.3421077305524494e-15,6.083165271237957e-05,2.562868723330456e-16,7.269140031951263e-17,-0.007948306625425236,3.013129457899891e-15,0.30004087342038355,1.2640875858586773e-12,0.7000000000088111,2.653236111662211e-12
2018-02-05,-0.012526410772960286,1.3770354119382204e-14,0.0,0.0,2.1954451428997119e-16,-0.012526410772960286,1.3550809605092232e-14,0.0,0.0,0.6976577225343953,2.671124923861316e-12
2018-02-06,0.006035333202057845,-2.175703779627333e-14,0.0,0.0,7.372777923553163e-17,0.006035333202057845,-2.183076557550886e-14,0.0,0.0,0.6938224163521405,2.6910639420969047e-12
2018-02-07,-0.0042246241043350325,-3.968159943511525e-15,0.0,0.0,7.387798421181374e-17,-0.0042246241043350325,-4.042037927723339e-15,0.0,0.0,0.6956592144002265,2.6965464237312017e-12
2018-02-08,-0.01175472779289601,4.75622958958507e-15,0.0,0.0,7.430059299874408e-17,-0.01175472779289601,4.681928996586326e-15,0.0,0.0,0.6943680342305842,2.7119716444541582e-12
2018-02-09,0.003556595145323644,7.57418556791649e-15,0.0,0.0,7.505250713024551e-17,0.003556595145323644,7.499133060786245e-15,0.0,0.0,0.690732681081455,2.7394165102539607e-12
2018-02-12,0.004925738694333787,-2.1423442967863296e-14,0.0,0.0,2.2373923571108366e-16,0.004925738694333787,-2.164718220357438e-14,0.0,0.0,0.6918287215542979,2.7221607011515176e-12
2018-02-13,0.000952550132000775,4.250669339221416e-15,0.0,0.0,7.479825223468374e-17,0.000952550132000775,4.175871086986732e-15,0.0,0.0,0.6933392522654623,2.7301362065659563e-12
2018-02-14,0.00404410085642967,-2.1096069472588434e-15,0.0,0.0,7.461072508443033e-17,0.00404410085642967,-2.1842176723432737e-15,0.0,0.0,0.6936310840168203,2.7232914655817073e-12
2018-02-15,0.003948638210411501,-1.0826782103240207e-14,0.0,0.0,7.43677717655525e-17,0.003948638210411501,-1.0901149875005759e-14,0.0,0.0,0.6948650804064762,2.7144236694426656e-12
2018-02-16,0.000224350174866308,-2.3993955255262167e-15,5.978870290429888e-05,5.260529714761412e-16,3.264533498112286e-17,0.0001645614719620091,-2.9580938319834807e-15,0.2960653089430586,2.604940865999276e-12,0.400000000009754,1.1915547268109843e-12
2018-02-20,-0.0015018745189172727,3.759523065280662e-15,0.0,0.0,1.3082275899355792e-16,-0.0015018745189172727,3.628700306287104e-15,0.0,0.0,0.4001584995129236,1.1937576758162159e-12
2018-02-21,-0.0017514481707440624,4.4195704025216444e-15,0.0,0.0,3.265172791461744e-17,-0.0017514481707440624,4.386918674607027e-15,0.0,0.0,0.3992562577941042,1.1917880688835366e-12
2018-02-22,0.001057330047099449,-2.2515221870715566e-15,0.0,0.0,3.2587719495699725e-17,0.001057330047099449,-2.2841099065672564e-15,0.0,0.0,0.3982022402085577,1.18945176159304e-12
2018-02-23,0.0028023705780234553,-6.562038105709161e-15,0.0,0.0,3.261492029985484e-17,0.0028023705780234553,-6.594653026009016e-15,0.0,0.0,0.3988378669949632,1.1904445909447017e-12
2018-02-26,0.0016331229408025425,1.1167110333121092e-16,0.0,0.0,9.810916825075442e-17,0.0016331229408025425,1.3561935080456505e-17,0.0,0.0,0.40051783816733555,1.1936615470508453e-12
2018-02-27,-0.003186007800156401,6.110382409646713e-15,0.0,0.0,3.2646680558340875e-17,-0.003186007800156401,6.077735729088372e-15,0.0,0.0,0.401495269972123,1.1916038403794418e-12
2018-02-28,-0.002039459909027622,1.0718861145374534e-15,0.0,0.0,3.258308277697065e-17,-0.002039459909027622,1.0393030317604827e-15,0.0,0.0,0.3995823346068262,1.1892825213594287e-12
2018-03-01,-0.001729755126812534,-1.4003868283887296e-15,0.0,0.0,3.2620243713382734e-17,-0.001729755126812534,-1.4330070721021123e-15,0.0,0.0,0.39835530437061056,1.1906388955384697e-12
2018-03-02,0.0005994022661939527,9.45781612626379e-16,0.0,0.0,3.271519976031449e-17,0.0005994022661939527,9.130664128660645e-16,0.0,0.0,0.3973128031019124,1.1941047912514788e-12
2018-03-05,0.0011354859686338716,-2.1713900552472637e-14,5.111182065482101e-05,8.7886553229109675e-16,3.6279544365752586e-16,0.0010843741479790506,-2.295556152842126e-14,0.2499999999955089,4.298739122455871e-12,0.3999999999910747,4.414011231166566e-12
2018-03-06,0.0014507295659706083,-1.4629095252153922e-14,0.0,0.0,1.2139507825296126e-16,0.0014507295659706083,-1.4750490330406884e-14,0.0,0.0,0.40070097618007816,4.430920356233086e-12
2018-03-07,-0.001474088802726666,6.241195795350085e-15,0.0,0.0,1.216194384679768e-16,-0.001474088802726666,6.119576356882108e-15,0.0,0.0,0.40156913752546514,4.4391095040811534e-12
2018-03-08,-0.0006106470633671501,-7.1038660811275015e-15,0.0,0.0,1.2162773688739673e-16,-0.0006106470633671501,-7.225493818014898e-15,0.0,0.0,0.40068569501917656,4.43941239638998e-12
2018-03-09,0.0016186154142422012,-3.659034327504208e-14,0.0,0.0,1.2189679927788662e-16,0.0016186154142422012,-3.6712240074319964e-14,0.0,0.0,0.4003195018840464,4.449233173642862e-12
2018-03-12,0.00042706485842831715,-2.798102327637837e-15,0.0,0.0,3.681020077246177e-16,0.00042706485842831715,-3.166204335362455e-15,0.0,0.0,0.4012885854084018,4.478574427316183e-12
2018-03-13,-0.00033716205140542496,1.6923532429574206e-14,0.0,0.0,1.2272491807951786e-16,-0.00033716205140542496,1.680080751149469e-14,0.0,0.0,0.40154416486491074,4.479459509902402e-12
2018-03-14,8.004432595853993e-05,9.496133107481089e-15,0.0,0.0,1.223024954170346e-16,8.004432595853993e-05,9.373830612064055e-15,0.0,0.0,0.40134232021349747,4.4640410827217616e-12
2018-03-15,-0.0010427214791794387,1.5749810011457803e-14,0.0,0.0,1.220325593727315e-16,-0.0010427214791794387,1.562777745208507e-14,0.0,0.0,0.4013902355286031,4.4541884171047e-12
2018-03-16,0.00010077112390500071,6.570902752369795e-15,0.0,0.0,1.217279861143187e-16,0.00010077112390500071,6.449174766255476e-15,0.0,0.0,0.40076540074088185,4.443071493172633e-12
2018-03-19,-0.0012713998388381748,3.0229494360143595e-14,2.5124748065106857e-05,3.7521138782526533e-16,2.959574727640935e-16,-0.0012965245869032817,2.9558325499554234e-14,0.12420253457759822,1.854832742979703e-12,0.39763258595016526,3.6008159186298042e-12
2018-03-20,-0.0002649239588045143,-3.353886629473907e-15,0.0,0.0,9.795128184165258e-17,-0.0002649239588045143,-3.4518379113155597e-15,0.0,0.0,0.3968757452730074,3.5752217872203193e-12
2018-03-21,0.003997882782527967,-7.085461913903702e-15,0.0,0.0,9.806915001402832e-17,0.003997882782527967,-7.18353106391773e-15,0.0,0.0,0.3967159208664809,3.5795239755120336e-12
2018-03-22,-0.0025280381527234886,4.1236424095259066e-14,0.0,0.0,9.787199150850199e-17,-0.0025280381527234886,4.113855210375056e-14,0.0,0.0,0.3991181759651268,3.5723276900603226e-12
2018-03-23,0.0005270626318881556,2.6966359786158536e-14,0.0,0.0,9.69874143485995e-17,0.0005270626318881556,2.6869372371809935e-14,0.0,0.0,0.39759527383398174,3.540040623723882e-12
2018-03-26,0.0021527374005339945,-3.932572351414269e-14,0.0,0.0,2.885937229455199e-16,0.0021527374005339945,-3.961431723708821e-14,0.0,0.0,0.39791261159752916,3.51122362917049e-12
2018-03-27,-0.0021953126036931164,2.0862873353792917e-14,0.0,0.0,9.706636633394869e-17,-0.0021953126036931164,2.0765806987458967e-14,0.0,0.0,0.3992059633901728,3.542922371189127e-12
2018-03-28,-0.002787239993383945,2.867932906723519e-15,0.0,0.0,9.67070830408759e-17,-0.002787239993383945,2.771225823682643e-15,0.0,0.0,0.3978841308337001,3.529808530991971e-12
2018-03-29,0.002375583158029228,-2.95629154586029e-14,0.0,0.0,9.689858915958995e-17,0.002375583158029228,-2.965981404776249e-14,0.0,0.0,0.3962011986666654,3.5367985043250326e-12
2018-04-02,-0.0016027108520815915,3.004594719257909e-14,0.0,0.0,3.899078696272091e-16,-0.0016027108520815915,2.965603932295188e-14,0.0,0.0,0.3976321735301776,3.5579093103482824e-12
2018-04-03,4.213773461165659e-05,-4.568465668220244e-14,1.755059394846328e-06,8.335264880534301e-16,1.6747935128840188e-16,4.038267521681026e-05,-4.668566252154427e-14,0.008757882826319806,4.159361977401896e-12,0.3879073194779677,6.112996322026668e-12
2018-04-04,0.0005565799503335349,-9.38085338594465e-15,0.0,0.0,1.687241721846126e-16,0.0005565799503335349,-9.549577558129263e-15,0.0,0.0,0.3879337914082935,6.1584322847383595e-12
2018-04-05,0.00014348935281142613,-3.887161611416914e-14,0.0,0.0,1.6888718264669145e-16,0.00014348935281142613,-3.9040503296815833e-14,0.0,0.0,0.38827426568711876,6.164382166604238e-12
2018-04-06,-0.0012434518891066588,5.70529946444718e-14,0.0,0.0,1.6992777560410183e-16,-0.0012434518891066588,5.68830668688677e-14,0.0,0.0,0.3883620292237155,6.2023638095497166e-12
2018-04-09,0.0012698372431210207,-4.0598994999708396e-14,0.0,0.0,5.057228816537811e-16,0.0012698372431210207,-4.110471788136218e-14,0.0,0.0,0.38760053995821664,6.15296172678767e-12
2018-04-10,0.002384405481089867,-6.489777645109083e-14,0.0,0.0,1.694713940296868e-16,0.002384405481089867,-6.506724784512051e-14,0.0,0.0,0.3883772013666791,6.18570588208357e-12
2018-04-11,0.0011162356545233551,1.0611902952727146e-14,0.0,0.0,1.708420585614959e-16,0.0011162356545233551,1.044106089416565e-14,0.0,0.0,0.38983208907789224,6.2357351374946006e-12
2018-04-12,-0.0008448124492045062,-1.723468101792011e-14,0.0,0.0,1.7036115829526102e-16,-0.0008448124492045062,-1.7405042176215372e-14,0.0,0.0,0.3905124208447304,6.218182277777028e-12
2018-04-13,3.016070157974725e-05,1.3600439423753167e-14,0.0,0.0,1.709777854985775e-16,3.016070157974725e-05,1.3429461638254588e-14,0.0,0.0,0.389997082786224,6.2406891706980764e-12
2018-04-16,0.0007533367692062506,-8.27356552686834e-15,0.0,0.0,5.118000759101687e-16,0.0007533367692062506,-8.785365602778508e-15,0.0,0.0,0.39001548034728434,6.226900923573718e-12
2018-04-17,0.0010498953907510918,-3.313748717643494e-14,2.8093097915587203e-06,6.07366884764797e-16,2.2073025681070312e-16,0.001047086080959533,-3.396558431801044e-14,0.01271815490974008,2.7496384167724782e-12,0.4031928131055006,8.056654373590664e-12
2018-04-18,0.0017469693145359348,-4.526726980537572e-14,0.0,0.0,2.214063017149464e-16,0.0017469693145359348,-4.5488676107090666e-14,0.0,0.0,0.40381987432664307,8.081330012595544e-12
2018-04-19,-0.0013384774391626546,2.9386092581676154e-14,0.0,0.0,2.222582225929334e-16,-0.0013384774391626546,2.916383435908322e-14,0.0,0.0,0.4048595664019968,8.11242512464207e-12
2018-04-20,-0.0018905798100081418,4.369196752451795e-14,0.0,0.0,2.2174993144640858e-16,-0.0018905798100081418,4.3470217593071544e-14,0.0,0.0,0.4040619167223801,8.093872497793912e-12
2018-04-23,-0.0017273648026065673,1.7372299093299033e-14,0.0,0.0,6.629119616913298e-16,-0.0017273648026065673,1.6709387131607702e-14,0.0,0.0,0.40293311412269855,8.065428867244513e-12
2018-04-24,-0.001007990508764936,2.2396376628255594e-14,0.0,0.0,2.2087623433020413e-16,-0.001007990508764936,2.2175500393925388e-14,0.0,0.0,0.40189997719486,8.061982553052451e-12
2018-04-25,-0.0006104210476416249,-5.7022630028437315e-15,0.0,0.0,2.204848816385388e-16,-0.0006104210476416249,-5.9227478844822704e-15,0.0,0.0,0.4012964897389438,8.047698179806666e-12
2018-04-26,0.0009495696387178269,-4.164117759606514e-14,0.0,0.0,2.2077587426264105e-16,0.0009495696387178269,-4.186195347032778e-14,0.0,0.0,0.4009308052935036,8.058319410586398e-12
2018-04-27,0.00023227087039759961,-4.502436261465996e-15,0.0,0.0,2.2170620296431414e-16,0.00023227087039759961,-4.72414246443031e-15,0.0,0.0,0.4014991235545391,8.092276408197465e-12
2018-04-30,-0.0011315669535027313,2.1955088894905138e-14,0.0,0.0,6.653341344088084e-16,-0.0011315669535027313,2.128975476049633e-14,0.0,0.0,0.4016381055925678,8.094898635307167e-12
2018-05-01,-0.0018462962583160607,-2.934084311068096e-14,2.3017234513122516e-07,1.437380489553192e-15,4.1056123366174075e-16,-0.0018465264306611918,-3.11887848338959e-14,0.0011439975277774946,7.1440368980338585e-12,0.4021042495270706,1.4985485028653533e-11
2018-05-02,-0.0009035197875664719,4.06924261556871e-14,0.0,0.0,4.121260941026403e-16,-0.0009035197875664719,4.028030006158446e-14,0.0,0.0,0.40099840742673354,1.504260243474637e-11
2018-05-03,0.0012806100786143563,-1.2779477451084765e-14,0.0,0.0,4.113829257257172e-16,0.0012806100786143563,-1.3190860376810482e-14,0.0,0.0,0.4004567081990726,1.5015476788988675e-11
2018-05-04,0.0013810831916042663,-4.908845267310069e-14,0.0,0.0,4.1120645326717017e-16,0.0013810831916042663,-4.949965912636786e-14,0.0,0.0,0.4012235074103255,1.5009035544251708e-11
2018-05-07,-0.00017879492829267978,9.233153828528023e-16,0.0,0.0,1.235947081404726e-15,-0.00017879492829267978,-3.1263169855192374e-16,0.0,0.0,0.40204932703418705,1.503735615709083e-11
2018-05-08,0.0001342170036050045,-3.5438566376148195e-14,0.0,0.0,4.1203073316177303e-16,0.0001342170036050045,-3.585059710930997e-14,0.0,0.0,0.40194239736800963,1.5039121760404716e-11
2018-05-09,0.00048373879608106294,-6.317418092289597e-14,0.0,0.0,4.1294622838310816e-16,0.00048373879608106294,-6.358712715127908e-14,0.0,0.0,0.4020226560953466,1.5072537335983443e-11
2018-05-10,0.0018157134709021882,-1.1142533003785156e-13,0.0,0.0,4.1447652948309797e-16,0.0018157134709021882,-1.1183980656733466e-13,0.0,0.0,0.40231178107482685,1.5128393326133075e-11
2018-05-11,-0.00044468825565396045,1.8780496256758044e-15,0.0,0.0,4.1677253873841553e-16,-0.00044468825565396045,1.4612770869373888e-15,0.0,0.0,0.4033950447289646,1.5212197663952167e-11
2018-05-14,0.00013254160864874473,1.1311888995883379e-14,0.0,0.0,1.2507194362164417e-15,0.00013254160864874473,1.0061169559666938e-14,0.0,0.0,0.4031296234823788,1.521708647396671e-11
2018-05-15,-0.002993545653819365,5.892606766415458e-14,5.0010840599075445e-05,2.061975165607703e-15,2.429586523817386e-16,-0.0030435564944184404,5.6621133846165144e-14,0.23637405064915223,9.745835430761782e-12,0.6395827738066152,8.867990811933458e-12
2018-05-16,0.0013622364170905754,-3.6232627045636784e-14,0.0,0.0,2.4208102685045444e-16,0.0013622364170905754,-3.647470807248724e-14,0.0,0.0,0.6385326383109893,8.835957480041585e-12
2018-05-17,-0.0005696841680042286,1.2449241800263594e-14,0.0,0.0,2.427430281710729e-16,-0.0005696841680042286,1.2206498772092521e-14,0.0,0.0,0.6390243724565344,8.86012052824416e-12
2018-05-18,-0.00010301509723245004,-7.513856054796586e-15,0.0,0.0,2.425401243221866e-16,-0.00010301509723245004,-7.756396179118773e-15,0.0,0.0,0.6388186131386538,8.85271453775981e-12
2018-05-21,0.001524465383135319,-2.7580119807926675e-14,0.0,0.0,7.283129774087321e-16,0.001524465383135319,-2.8308432785335407e-14,0.0,0.0,0.6387814021696812,8.861141225139575e-12
2018-05-22,0.00030711037834442776,3.14129399210643e-15,0.0,0.0,2.4315592939328524e-16,0.00030711037834442776,2.898138062713145e-15,0.0,0.0,0.6393312292255229,8.87519142285491e-12
2018-05-23,0.0011249288109399986,-4.858171853224715e-15,0.0,0.0,2.4299524018403693e-16,0.0011249288109399986,-5.101167093408752e-15,0.0,0.0,0.6394419603414957,8.869326266717346e-12
2018-05-24,0.00011261883730832192,3.4741018049673718e-15,0.0,0.0,2.4285514603210005e-16,0.00011261883730832192,3.2312466589352717e-15,0.0,0.0,0.6398471067075069,8.864212830171651e-12
2018-05-25,-0.004172589654485616,-6.240760101189163e-15,0.0,0.0,2.427326288942874e-16,-0.004172589654485616,-6.483492730083451e-15,0.0,0.0,0.6398876621402951,8.859740954641491e-12
2018-05-29,-0.0033069044887684964,5.204235126761993e-14,0.0,0.0,9.756855700078003e-16,-0.0033069044887684964,5.106666569761213e-14,0.0,0.0,0.6383787651167833,8.903130826321179e-12
2018-05-30,0.003375775906671544,-1.2408354616604814e-13,1.2263567766523904e-05,2.249783430380303e-15,4.1661080726418515e-16,0.00336351233890502,-1.2674994040369264e-13,0.061267826683797266,1.1239742293012149e-11,0.6952403293570564,1.5206294465142762e-11
2018-05-31,-0.0010284769597580525,4.1012429810818045e-14,0.0,0.0,4.1860238219665345e-16,-0.0010284769597580525,4.0593827428621394e-14,0.0,0.0,0.6962741784732606,1.5278986950177853e-11
2018-06-01,-0.0016246257112356554,-1.015552011313088e-13,0.0,0.0,4.179085633112927e-16,-0.0016246257112356554,-1.0197310969462009e-13,0.0,0.0,0.6959614818624489,1.5253662560862185e-11
2018-06-04,-0.0022727118371998443,1.663239068885796e-14,0.0,0.0,1.2641264250591207e-15,-0.0022727118371998443,1.536826426379884e-14,0.0,0.0,0.695466729280983,1.5380204838219303e-11
2018-06-05,0.0010123770789003447,-2.346129463773797e-15,0.0,0.0,4.218786015746795e-16,0.0010123770789003447,-2.7680080653484767e-15,0.0,0.0,0.694773036347647,1.5398568957475802e-11
2018-06-06,0.0009285647999304086,-1.4164228410270667e-13,0.0,0.0,4.2151614580983183e-16,0.0009285647999304086,-1.420638002485165e-13,0.0,0.0,0.6950817286165353,1.538533932205886e-11
2018-06-07,0.0008985116885763312,3.835077095421579e-14,0.0,0.0,4.2500211432999116e-16,0.0008985116885763312,3.79257688398858e-14,0.0,0.0,0.6953646023237291,1.551257717304468e-11
2018-06-08,0.0007750743103624848,-1.5600271315920172e-14,0.0,0.0,4.235708249392872e-16,0.0007750743103624848,-1.6023842140859458e-14,0.0,0.0,0.6956380750708091,1.5460335110283985e-11
2018-06-11,-0.0009343588216844146,-1.0307150284028695e-14,0.0,0.0,1.2710095620388808e-15,-0.0009343588216844146,-1.1578159846067575e-14,0.0,0.0,0.6958737954790526,1.546394967147305e-11
2018-06-12,-0.00037827899051022973,-2.8887694254666e-14,0.0,0.0,4.243487356766298e-16,-0.00037827899051022973,-2.931204299034263e-14,0.0,0.0,0.6955893667184395,1.5488728852196986e-11
2018-06-13,0.00029625964771574323,6.838922117068768e-14,4.4226975362522106e-05,7.987653147843905e-16,4.3586137248290124e-16,0.00025203267235322113,6.715459448342039e-14,0.21471541663476945,3.877887328977696e-12,0.8826872746156532,1.5908940095625887e-11
2018-06-14,-0.002147715108178805,2.204660157139548e-14,0.0,0.0,4.338783436720925e-16,-0.002147715108178805,2.1612723227723385e-14,0.0,0.0,0.8827610496369204,1.5836559544031375e-11
2018-06-15,-0.00893361006071292,7.960980642850934e-14,0.0,0.0,4.3420687986663974e-16,-0.00893361006071292,7.91755995486427e-14,0.0,0.0,0.8825087118222023,1.584855111513235e-11
2018-06-18,0.0017054710117805237,8.415922621675196e-14,0.0,0.0,1.3077603892086042e-15,0.0017054710117805237,8.285146582754335e-14,0.0,0.0,0.8814496290353819,1.591108473537135e-11
2018-06-19,-0.0025048864963980234,1.1371680169701135e-13,0.0,0.0,4.3287613980292366e-16,-0.0025048864963980234,1.1328392555720843e-13,0.0,0.0,0.881651469024175,1.5799979102806718e-11
2018-06-20,-0.0004842754938341829,-4.70788186000982e-14,0.0,0.0,4.3083981582603144e-16,-0.0004842754938341829,-4.750965841592423e-14,0.0,0.0,0.8813542749495409,1.5725653277650147e-11
2018-06-21,-0.0036163124119723672,8.484309557319407e-14,0.0,0.0,4.323390176639129e-16,-0.0036163124119723672,8.441075655553016e-14,0.0,0.0,0.8812967898938889,1.578037414473282e-11
2018-06-22,0.006263015197654197,-7.332794350989795e-14,0.0,0.0,4.315752602623954e-16,0.006263015197654197,-7.375951877016035e-14,0.0,0.0,0.8808659640007421,1.575249699957743e-11
2018-06-25,-0.005892477695618027,2.1060294337251894e-13,0.0,0.0,1.2926568058281162e-15,-0.005892477695618027,2.0931028656669082e-13,0.0,0.0,0.881607458288833,1.5727324470908746e-11
2018-06-26,0.002920191116865872,-1.0828503886817862e-14,0.0,0.0,4.2763549088044194e-16,0.002920191116865872,-1.1256139377698304e-14,0.0,0.0,0.8809056977690778,1.5608695417136133e-11
2018-06-27,0.0009760753104552539,1.4756317774980225e-13,1.4135199678508384e-05,3.097108729359392e-16,4.2377220186789915e-16,0.0009619401107767455,1.468296946749984e-13,0.06521301392388684,1.4288570326925765e-12,0.8530654713242185,1.5467685368178317e-11
2018-06-28,-0.0006854232862843522,-5.514014532807233e-14,0.0,0.0,4.193260085730335e-16,-0.0006854232862843522,-5.555947133664536e-14,0.0,0.0,0.8532207993243297,1.530539931291572e-11
2018-06-29,0.0031032343438429037,-8.70721454150611e-14,0.0,0.0,4.211253466051625e-16,0.0031032343438429037,-8.749327076166626e-14,0.0,0.0,0.8531201244373797,1.537107515108843e-11
2018-07-02,-0.007477713797306099,7.246232707314058e-14,0.0,0.0,1.26660209139724e-15,-0.007477713797306099,7.119572498174333e-14,0.0,0.0,0.8535745170250362,1.5410325445333086e-11
2018-07-03,0.001344226160543025,2.1319938157296307e-15,0.0,0.0,4.233813524784528e-16,0.001344226160543025,1.708612463251178e-15,0.0,0.0,0.8524713399280575,1.5453419365463534e-11
2018-07-05,0.0016313011719437279,-5.152098503228968e-14,0.0,0.0,8.455093276207892e-16,0.0016313011719437279,-5.236649435991047e-14,0.0,0.0,0.8526693855941891,1.5430545229079405e-11
2018-07-06,0.0026941028193595462,-1.2477984075962439e-13,0.0,0.0,4.2347538176036286e-16,0.0026941028193595462,-1.2520331614138475e-13,0.0,0.0,0.8529093347688075,1.5456851434253248e-11
2018-07-09,0.0031198599354683556,-1.1644468452536816e-13,0.0,0.0,1.2772410040140414e-15,0.0031198599354683556,-1.177219255293822e-13,0.0,0.0,0.8533045474013474,1.5539765548837502e-11
2018-07-10,-0.00015803988526833022,1.4249321340373896e-14,0.0,0.0,4.276032045613376e-16,-0.00015803988526833022,1.3821718135812559e-14,0.0,0.0,0.853760793243602,1.560751696648882e-11
2018-07-11,-0.01189798026487708,1.740649375236676e-13,0.0,0.0,4.272803395316788e-16,-0.01189798026487708,1.7363765718413593e-13,0.0,0.0,0.8537376779629964,1.559573239290628e-11
2018-07-12,0.0030268124350755978,-1.2603504307594194e-13,4.590722524027144e-05,8.068030092158708e-16,3.8255209156474805e-16,0.0029809052098353265,-1.2722439817672255e-13,0.22377119190152828,3.9326983945786315e-12,0.9862178025920276,1.3963151342113302e-11
2018-07-13,0.0005566145398646033,8.19292902753656e-15,0.0,0.0,3.848578815793439e-16,0.0005566145398646033,7.808071145957216e-15,0.0,0.0,0.9863045347012533,1.4047312677646052e-11
2018-07-16,-0.005715934410923365,4.161164004281919e-14,0.0,0.0,1.1532583329547592e-15,-0.005715934410923365,4.045838170986443e-14,0.0,0.0,0.9863121535555962,1.4031309717616237e-11
2018-07-17,0.00042386953873670315,-2.6098848850581524e-14,0.0,0.0,3.854827937511788e-16,0.00042386953873670315,-2.6484331644332702e-14,0.0,0.0,0.9862334649441111,1.4070121971918025e-11
2018-07-18,0.001617140912738408,-2.960517878279096e-15,0.0,0.0,3.8603420256662095e-16,0.001617140912738408,-3.346552080845717e-15,0.0,0.0,0.9862392976866795,1.4090248393681663e-11
2018-07-19,0.0007348808965736441,7.338064318015888e-14,0.0,0.0,3.854919178935237e-16,0.0007348808965736441,7.299515126226535e-14,0.0,0.0,0.9862615147532545,1.407045500311361e-11
2018-07-20,0.001418538208345768,-6.889719527684308e-14,0.0,0.0,3.831998830396022e-16,0.001418538208345768,-6.928039515988269e-14,0.0,0.0,0.9862716034895184,1.3986795730945484e-11
2018-07-23,0.0001897573292010708,7.578779370584438e-15,0.0,0.0,1.1536259697760587e-15,0.0001897573292010708,6.42515340080838e-15,0.0,0.0,0.9862910501587328,1.4035782632275375e-11
2018-07-24,0.0015992883523271348,-1.0288951596425579e-13,0.0,0.0,3.8426143571062e-16,0.0015992883523271348,-1.0327377739996642e-13,0.0,0.0,0.9862936510388984,1.4025542403437631e-11
2018-07-25,0.005962607631011801,-1.2860694745179911e-13,0.0,0.0,3.8646226196482134e-16,0.005962607631011801,-1.2899340971376395e-13,0.0,0.0,0.9863155364421762,1.4105872561715978e-11
2018-07-26,0.001282258535916393,8.665902988510081e-14,2.3455085550371473e-05,1.3535563527128557e-15,4.597585760310461e-16,0.0012588034503660216,8.484571495635692e-14,0.11600977682421142,6.694743025344671e-12,0.8733519613207748,1.678118802513318e-11
2018-07-27,-0.003113247536802135,3.5856956456142874e-14,0.0,0.0,4.568093228823515e-16,-0.003113247536802135,3.540014713326052e-14,0.0,0.0,0.8735346114736797,1.6673540285205833e-11
2018-07-30,0.00036886244493426523,1.5493596990060275e-14,0.0,0.0,1.3717514232806554e-15,0.00036886244493426523,1.412184556677962e-14,0.0,0.0,0.8731396638445954,1.6689642316581304e-11
2018-07-31,-8.047367596068012e-05,-6.257009657842519e-14,0.0,0.0,4.566575484977253e-16,-8.047367596068012e-05,-6.302675412692291e-14,0.0,0.0,0.8731864406041523,1.6668000520166975e-11
2018-08-01,-0.005080222652185327,6.191173331109153e-14,0.0,0.0,4.584086875512604e-16,-0.005080222652185327,6.145332462354027e-14,0.0,0.0,0.873176234629609,1.6731917095621008e-11
2018-08-02,0.0026173232927211828,-9.869625197924027e-15,0.0,0.0,4.590445240692336e-16,0.0026173232927211828,-1.032866972199326e-14,0.0,0.0,0.8725286517989195,1.6755125128527022e-11
2018-08-03,0.0016506428597828284,-7.830396717331177e-14,0.0,0.0,4.581158873767954e-16,0.0016506428597828284,-7.876208306068857e-14,0.0,0.0,0.8728614145799519,1.6721229889253034e-11
2018-08-06,0.0017944535278419783,-7.110904771328702e-15,0.0,0.0,1.378508179953498e-15,0.0017944535278419783,-8.4894129512822e-15,0.0,0.0,0.873070929144527,1.6771849522767557e-11
2018-08-07,0.002815515602074966,-5.0012934006735025e-14,0.0,0.0,4.58874117680666e-16,0.002815515602074966,-5.047180812441569e-14,0.0,0.0,0.873298289475968,1.6748905295344306e-11
2018-08-08,-0.0032605054547503102,-6.2803145407993855e-15,0.0,0.0,4.589521481171071e-16,-0.0032605054547503102,-6.7392666889164926e-15,0.0,0.0,0.8736540185580216,1.6751753406274412e-11
2018-08-09,-0.00016013157545210406,2.1755928200550595e-15,5.078798775287797e-05,3.1897723223562744e-15,5.0420415572044896e-17,-0.00021091956320498203,-1.0645999178732598e-15,0.24999999998312575,1.5701411215884516e-11,0.9999999999978206,1.840345168379638e-12
2018-08-10,-0.000909866548367105,1.0614689754226492e-14,0.0,0.0,5.037143461028972e-17,-0.000909866548367105,1.0564318319616203e-14,0.0,0.0,1.000050798700014,1.838557363275575e-12
2018-08-13,-0.0035478257584829415,8.52168226998094e-15,0.0,0.0,1.503786881149987e-16,-0.0035478257584829415,8.371303581865942e-15,0.0,0.0,1.0000508449621337,1.8296073720658175e-12
2018-08-14,0.0033426753227077176,-5.133404418473658e-15,0.0,0.0,5.007039967825912e-17,0.0033426753227077176,-5.183474818151917e-15,0.0,0.0,1.0000510259934594,1.827569588256458e-12
2018-08-15,-0.008880551981044664,1.3424059007935968e-14,0.0,0.0,5.0043760850752556e-17,-0.008880551981044664,1.3374015247085216e-14,0.0,0.0,1.0000508559983736,1.8265972710524683e-12
2018-08-16,0.004428304233629908,-9.402989693991041e-15,0.0,0.0,5.012108127982999e-17,0.004428304233629908,-9.45311077527087e-15,0.0,0.0,1.000051311674352,1.8294194667137947e-12
2018-08-17,0.002179405856623266,-1.0273157077596194e-14,0.0,0.0,5.0156588801297e-17,0.002179405856623266,-1.032331366639749e-14,0.0,0.0,1.0000510854524358,1.830715491247341e-12
2018-08-20,0.002518975912884119,-1.576133494354513e-15,0.0,0.0,1.5098507771612628e-16,0.002518975912884119,-1.7271185720706392e-15,0.0,0.0,1.0000509743586306,1.83698511221287e-12
2018-08-21,0.0012470713051897036,-2.0401026159544366e-15,0.0,0.0,5.024497509626924e-17,0.0012470713051897036,-2.0903475910507057e-15,0.0,0.0,1.0000508462780824,1.833941591013827e-12
2018-08-22,0.003001427011263299,-3.265355922925924e-15,0.0,0.0,5.0238217678933003e-17,0.003001427011263299,-3.315594140604857e-15,0.0,0.0,1.0000507829481275,1.8336949452810542e-12
2018-08-23,-0.0017794109665862055,6.994861472133036e-15,6.230159198562031e-07,0.0,5.0177076651831674e-17,-0.0017800339825060618,6.944684395481204e-15,0.0031116761870567528,0.0,0.996938954795874,1.831463297791856e-12
2018-08-24,0.0037988146638298463,-7.447233971420212e-15,0.0,0.0,5.0074571049626676e-17,0.0037988146638298463,-7.497308542469838e-15,0.0,0.0,0.9969341204419875,1.827721843311374e-12
2018-08-27,0.0015374870081329604,-4.0373017390963796e-15,0.0,0.0,1.5026498573990074e-16,0.0015374870081329604,-4.187566724836281e-15,0.0,0.0,0.996945723073969,1.8282239931687923e-12
2018-08-28,-0.00020078327017265384,4.573637525974776e-15,0.0,0.0,5.012187785049934e-17,-0.00020078327017265384,4.523515648124277e-15,0.0,0.0,0.9969504117762473,1.8294485415432257e-12
2018-08-29,0.00362402873675545,-8.275747725323124e-15,0.0,0.0,5.0006613204130555e-17,0.00362402873675545,-8.325754338527255e-15,0.0,0.0,0.996949799346981,1.825241381950765e-12
2018-08-30,-0.0012741699780254828,6.811651300569953e-15,0.0,0.0,5.005195629059545e-17,-0.0012741699780254828,6.7615993442793576e-15,0.0,0.0,0.9969608134463961,1.8268964046067338e-12
2018-08-31,0.00135433448686009,2.0121940962144478e-16,0.0,0.0,4.99289536808322e-17,0.00135433448686009,1.5129045594061258e-16,0.0,0.0,0.9969569360656828,1.8224068093503752e-12
2018-09-04,-0.002651772582393953,1.4944719930365534e-14,0.0,0.0,1.9942367691803187e-16,-0.002651772582393953,1.4745296253447502e-14,0.0,0.0,0.9969610518180095,1.8197410518770407e-12
2018-09-05,-0.002234170831009294,1.9738924843997437e-15,0.0,0.0,4.9577944281189706e-17,-0.002234170831009294,1.924314540118554e-15,0.0,0.0,0.9969529717921355,1.8095949662634242e-12
2018-09-06,-0.0028896264730857058,1.8531054284762326e-15,0.0,0.0,4.9634757562592235e-17,-0.0028896264730857058,1.8034706709136405e-15,0.0,0.0,0.9969461489672338,1.8116686510346165e-12
2018-09-07,-0.000672341300908155,1.539950775138392e-14,1.4154869712165885e-05,6.41137111791059e-16,1.213176834360204e-16,-0.0006864961706203208,1.4637052956156842e-14,0.06689276787044002,3.0298714763374044e-12,0.9409032911480211,4.428095445414745e-12
2018-09-10,0.0012454352892066923,-6.625881719429146e-15,0.0,0.0,3.6293649185402505e-16,0.0012454352892066923,-6.9888182112831716e-15,0.0,0.0,0.9408768582072838,4.415727317557304e-12
2018-09-11,0.0034463117291628656,4.458208744498717e-15,0.0,0.0,1.210096519331687e-16,0.0034463117291628656,4.337199092565549e-15,0.0,0.0,0.940950400662119,4.416852295560659e-12
2018-09-12,0.001059973801142469,-1.1335476094239639e-14,0.0,0.0,1.2047232404444558e-16,0.001059973801142469,-1.1455948418284085e-14,0.0,0.0,0.9411532050617347,4.3972398276222646e-12
2018-09-13,-0.0019220969314635082,-1.1569986151645285e-14,0.0,0.0,1.206549939008184e-16,-0.0019220969314635082,-1.1690641145546104e-14,0.0,0.0,0.9412155150756789,4.403907277379872e-12
2018-09-14,-0.0009715562113909911,2.3620782844984567e-15,0.0,0.0,1.2120494748041298e-16,-0.0009715562113909911,2.2408733370180437e-15,0.0,0.0,0.9411023080026314,4.423980583035073e-12
2018-09-17,-0.0027140468435689073,8.523663885232588e-15,0.0,0.0,3.6377412603228444e-16,-0.0027140468435689073,8.159889759200304e-15,0.0,0.0,0.9410450299352705,4.425918533392794e-12
2018-09-18,0.003155725962152651,-1.8080432957271994e-14,0.0,0.0,1.2135387707985232e-16,0.003155725962152651,-1.8201786834351845e-14,0.0,0.0,0.9408845879377491,4.42941651341461e-12
2018-09-19,0.00032800417652879377,-7.871405644566798e-15,0.0,0.0,1.214659182556948e-16,0.00032800417652879377,-7.992871562822492e-15,0.0,0.0,0.9410705531232105,4.43350601633286e-12
2018-09-20,0.0024452504273628477,-2.874771199467487e-14,0.0,0.0,1.2164167422767538e-16,0.0024452504273628477,-2.886935366890255e-14,0.0,0.0,0.9410898758899661,4.439921109310152e-12
2018-09-21,0.00039912839230883717,1.7363786511648593e-14,5.208284618524743e-05,1.3945422698809305e-15,6.212281363316323e-17,0.00034704554612358975,1.59071214281345e-14,0.250000000012672,6.693865505120109e-12,1.0000000000200922,2.2674826976104577e-12
2018-09-24,2.6057005679957398e-05,-4.252256532458677e-15,0.0,0.0,1.8487711958335122e-16,2.6057005679957398e-05,-4.437133652042028e-15,0.0,0.0,1.0000520647974054,2.2493382882641065e-12
2018-09-25,0.0012933508625568783,-1.0914302579704227e-14,0.0,0.0,6.174059793164448e-17,0.0012933508625568783,-1.0976043177635871e-14,0.0,0.0,1.0000520634407923,2.253531824505024e-12
2018-09-26,-0.0029205272559494383,8.376450518683617e-15,0.0,0.0,6.195948456732147e-17,-0.0029205272559494383,8.314491034116296e-15,0.0,0.0,1.0000519961914847,2.261521186707234e-12
2018-09-27,0.002124300126982648,1.4173078869752314e-14,0.0,0.0,6.191080496562843e-17,0.002124300126982648,1.4111168064786685e-14,0.0,0.0,1.00005214849257,2.2597443812454377e-12
2018-09-28,0.0019244979655503053,-1.0427821364187148e-14,0.0,0.0,6.139208621839994e-17,0.0019244979655503053,-1.0489213450405548e-14,0.0,0.0,1.0000520379483357,2.240811146971598e-12
2018-10-01,0.0013883675846993724,-1.2272811863905027e-15,0.0,0.0,1.8467792756733175e-16,0.0013883675846993724,-1.4119591139578344e-15,0.0,0.0,1.0000519379937831,2.2469147854025366e-12
2018-10-02,-0.001612794589265701,-8.896648835956358e-15,0.0,0.0,6.150753825887029e-17,-0.001612794589265701,-8.958156374215229e-15,0.0,0.0,1.0000518659847324,2.2450251464487652e-12
2018-10-03,0.00047352069773489054,7.677065027013016e-16,0.0,0.0,6.185103507730882e-17,0.00047352069773489054,7.058554676239928e-16,0.0,0.0,1.0000519497690477,2.2575627803217722e-12
2018-10-04,-0.005665691066288362,1.0545540515113607e-15,0.0,0.0,6.180073809381756e-17,-0.005665691066288362,9.92753313417543e-16,0.0,0.0,1.000051925181399,2.2557269404243407e-12
2018-10-05,-0.0024509274580277423,-1.2057392394275054e-15,1.97443192623333e-05,4.756342380634571e-16,5.736284400538666e-17,-0.002470671777290076,-1.7387363214963492e-15,0.09759484666048554,2.351028157189266e-12,1.0000000000151799,2.093743806196613e-12
2018-10-08,0.0009959253183733053,2.268052536200164e-14,0.0,0.0,1.7261410667317522e-16,0.0009959253183733053,2.2507911255328464e-14,0.0,0.0,1.000019793237036,2.1001382978569647e-12
2018-10-09,0.0010505349284847278,-1.186726175647675e-15,0.0,0.0,5.686002296475671e-17,0.0010505349284847278,-1.2435861986124318e-15,0.0,0.0,1.0000197735440406,2.07539083821362e-12
2018-10-10,-0.015023934510886666,5.2838755748001825e-15,0.0,0.0,5.683283113647139e-17,-0.015023934510886666,5.227042743663711e-15,0.0,0.0,1.0000197527930428,2.074398336481206e-12
2018-10-11,-0.01320242940570394,-3.200126064800157e-14,0.0,0.0,5.755273595804909e-17,-0.01320242940570394,-3.205881338395962e-14,0.0,0.0,1.0000200540842867,2.1006748624687915e-12
2018-10-12,0.00457085219705082,3.8642809946617045e-15,0.0,0.0,5.921121470731889e-17,0.00457085219705082,3.805069779954386e-15,0.0,0.0,1.000020322389228,2.1612093368171392e-12
2018-10-15,-0.0005469953011432627,-1.0055903001300706e-14,0.0,0.0,1.765092343637173e-16,-0.0005469953011432627,-1.0232412235664424e-14,0.0,0.0,1.0000202299212437,2.1475290180918933e-12
2018-10-16,0.01023966011597794,-1.8685381127644894e-15,0.0,0.0,5.914426728268269e-17,0.01023966011597794,-1.927682380047172e-15,0.0,0.0,1.0000202409929821,2.158765755817918e-12
2018-10-17,-0.002316603349515719,4.011870239678212e-15,0.0,0.0,5.859546248747973e-17,-0.002316603349515719,3.9532747771907326e-15,0.0,0.0,1.0000200358328655,2.1387343807930094e-12
2018-10-18,-0.00623999363985068,6.600729158845299e-15,0.0,0.0,5.862135065161027e-17,-0.00623999363985068,6.542107808193689e-15,0.0,0.0,1.000020082355714,2.139679298783775e-12
2018-10-19,-0.00205952361419651,-6.442265526319454e-15,6.0723641143463395e-05,0.0,5.88074669767577e-17,-0.002120247255339973,-6.501072993296212e-15,0.3000202084563465,0.0,0.7000000000000003,2.146472544651656e-12
2018-10-22,-0.001783601190638123,7.449419438916821e-15,0.0,0.0,1.7732788115973425e-16,-0.001783601190638123,7.272091557757086e-15,0.0,0.0,0.6994234269871983,2.1574892207767667e-12
2018-10-23,-0.00370958505551969,-8.739449170797459e-15,0.0,0.0,5.901045114757991e-17,-0.00370958505551969,-8.798459621945038e-15,0.0,0.0,0.6988863603409798,2.1538814668866666e-12
2018-10-24,-0.008562507332740056,8.219171254762817e-15,0.0,0.0,5.947049898544464e-17,-0.008562507332740056,8.159700755777371e-15,0.0,0.0,0.6977651946237045,2.170673212968729e-12
2018-10-25,0.005650733842007414,2.2070906686037414e-16,0.0,0.0,5.975698584078522e-17,0.005650733842007414,1.6095208101958892e-16,0.0,0.0,0.6951549567051368,2.1811299831886603e-12
2018-10-26,-0.004484246247057426,-2.647321596086195e-15,0.0,0.0,5.941519953827507e-17,-0.004484246247057426,-2.7067367956244702e-15,0.0,0.0,0.6968678756587516,2.1686547831470396e-12
2018-10-29,-0.0018320633449527778,9.765307575732658e-15,0.0,0.0,1.7926706435175667e-16,-0.0018320633449527778,9.586040511380902e-15,0.0,0.0,0.6955024335893382,2.1810826162797062e-12
2018-10-30,0.004970551467091389,2.893085528610659e-15,0.0,0.0,5.959733153049793e-17,0.004970551467091389,2.833488197080161e-15,0.0,0.0,0.6949435508507037,2.175302600863174e-12
2018-10-31,-0.0002450003804891469,6.8809851549497755e-15,0.0,0.0,5.922369449173309e-17,-0.0002450003804891469,6.821761460458042e-15,0.0,0.0,0.6964523500674065,2.161664848948258e-12
2018-11-01,0.0038929123115658574,-3.549782610374483e-14,0.0,0.0,5.904964153514506e-17,0.0038929123115658574,-3.555687574527997e-14,0.0,0.0,0.6963779625527023,2.1553119160327946e-12
2018-11-02,-0.0006927895270050069,1.7958958719456637e-15,1.290739956574269e-05,3.0157142244761746e-17,6.033276268938324e-17,-0.0007056969265707496,1.7054059670115188e-15,0.06413170248983992,1.4983876996555654e-13,0.6334236505540877,2.202145838162488e-12
2018-11-05,0.0027022769122815177,2.8499687444223742e-15,0.0,0.0,1.8097839608615717e-16,0.0027022769122815177,2.668990348336217e-15,0.0,0.0,0.6331776925787076,2.201903819048245e-12
2018-11-06,0.0012184374650819334,6.3607415429461e-15,0.0,0.0,6.008568254056722e-17,0.0012184374650819334,6.300655860405533e-15,0.0,0.0,0.6341662766031753,2.1931274127307035e-12
2018-11-07,0.0065750148710310265,-6.8152850023820015e-15,0.0,0.0,5.983850617120574e-17,0.0065750148710310265,-6.8751235085532075e-15,0.0,0.0,0.6346114796656573,2.18410547524901e-12
2018-11-08,-0.0015050438998347676,8.469991168358111e-15,0.0,0.0,5.963313754211209e-17,-0.0015050438998347676,8.410358030816e-15,0.0,0.0,0.6369982217558277,2.176609520287091e-12
2018-11-09,-0.003237166410262325,2.3119687267429662e-14,0.0,0.0,5.949061898275121e-17,-0.003237166410262325,2.3060196648446912e-14,0.0,0.0,0.6364510646483802,2.1714075928704194e-12
2018-11-12,-0.004405554923565987,2.0082834717886754e-14,0.0,0.0,1.7714505670700969e-16,-0.004405554923565987,1.9905689661179745e-14,0.0,0.0,0.6352703741547516,2.155264856601951e-12
2018-11-13,-0.004164180845328733,-2.806809193180118e-15,0.0,0.0,5.875699475339335e-17,-0.004164180845328733,-2.8655661879335114e-15,0.0,0.0,0.6336564274248638,2.1446303084988576e-12
2018-11-14,-0.0014067005292422209,-1.5041126346132274e-14,0.0,0.0,5.907991307778063e-17,-0.0014067005292422209,-1.5100206259210054e-14,0.0,0.0,0.6321245274285171,2.1564168273389933e-12
2018-11-15,0.002045719197456701,-1.6637369318753433e-15,0.0,0.0,5.957580404618202e-17,0.002045719197456701,-1.7233127359215253e-15,0.0,0.0,0.6316063078267771,2.1745168476856433e-12
2018-11-16,0.0021495748076636964,-1.0839553822053726e-14,0.0,0.0,5.94996662704005e-17,0.0021495748076636964,-1.0899053488324126e-14,0.0,0.0,0.6323583993070996,2.1717378188696184e-12
2018-11-19,-0.003928304295608121,3.945915106372144e-16,0.0,0.0,1.7900513611212409e-16,-0.003928304295608121,2.1558637452509033e-16,0.0,0.0,0.6331469773227684,2.1778958226975095e-12
2018-11-20,-0.007754389053506863,8.136229274322408e-15,0.0,0.0,5.989284529918751e-17,-0.007754389053506863,8.07633642902322e-15,0.0,0.0,0.6317001835718219,2.186088853420344e-12
2018-11-21,0.002656197202470196,-1.230526795325119e-14,0.0,0.0,6.013625482423766e-17,0.002656197202470196,-1.2365404208075426e-14,0.0,0.0,0.6288219243652126,2.1949733010846747e-12
2018-11-23,-0.0040029701399703415,9.67707209031343e-15,0.0,0.0,1.206263634969245e-16,-0.0040029701399703415,9.556445726816506e-15,0.0,0.0,0.6298052346652715,2.2014311338188727e-12
2018-11-26,0.004153286263123319,-4.556454445788431e-15,0.0,0.0,1.8086817937846288e-16,0.004153286263123319,-4.737322625166894e-15,0.0,0.0,0.628317400317189,2.200562849104632e-12
2018-11-27,0.00032940655896182867,1.3853344985933452e-14,0.0,0.0,6.01643477355525e-17,0.00032940655896182867,1.3793180638197898e-14,0.0,0.0,0.6298547196255312,2.195998692347666e-12
2018-11-28,0.006683246771752496,-1.355287827267275e-14,0.0,0.0,5.976511701576481e-17,0.006683246771752496,-1.3612643389688514e-14,0.0,0.0,0.6299766077578962,2.1814267710754154e-12
2018-11-29,0.0004904833062120277,-1.0310326154473015e-15,0.0,0.0,5.97371903646057e-17,0.0004904833062120277,-1.0907698058119073e-15,0.0,0.0,0.6324331477366967,2.180407448308108e-12
2018-11-30,0.002935444570463703,7.457315260973102e-15,0.0,0.0,5.973613825493051e-17,0.002935444570463703,7.397579122718171e-15,0.0,0.0,0.6326133447580186,2.1803690463049634e-12
2018-12-03,0.004810197567955716,-1.828958358115703e-14,0.0,0.0,1.7807276202091856e-16,0.004810197567955716,-1.846765634317795e-14,0.0,0.0,0.6336886314758473,2.166551937921176e-12
2018-12-04,-0.009624312875371781,-2.2585871351288088e-15,0.0,0.0,5.957211816407205e-17,-0.009624312875371781,-2.318159253292881e-15,0.0,0.0,0.6354422263918486,2.174382312988629e-12
2018-12-06,-6.13987250229195e-05,6.727545187029823e-15,0.0,0.0,1.2042702186440174e-16,-6.13987250229195e-05,6.607118165165421e-15,0.0,0.0,0.6318995121269828,2.197793149025332e-12
2018-12-07,-0.005900916646913527,-1.072504064005828e-14,0.0,0.0,6.003288056803285e-17,-0.005900916646913527,-1.0785073520626312e-14,0.0,0.0,0.631876909838591,2.1912001407331985e-12
2018-12-10,-0.0018927074596280912,1.1439885732432291e-14,0.0,0.0,1.820544399691528e-16,-0.0018927074596280912,1.125783129246314e-14,0.0,0.0,0.6296917517319033,2.214995686291359e-12
2018-12-11,0.0006567785716624603,1.528662829904462e-16,0.0,0.0,6.048587386079274e-17,0.0006567785716624603,9.238040912965346e-17,0.0,0.0,0.6289895374618504,2.2077343959189353e-12
2018-12-12,0.0006795614862482138,-1.261690239977657e-14,0.0,0.0,6.044198874041717e-17,0.0006795614862482138,-1.2677344388516987e-14,0.0,0.0,0.6292330492501834,2.2061325890252264e-12
2018-12-13,6.306184346882992e-05,2.7442777204197065e-15,0.0,0.0,6.074637640148434e-17,6.306184346882992e-05,2.683531344018222e-15,0.0,0.0,0.6294848370849794,2.217242738654178e-12
2018-12-14,-0.006426336764079798,1.398397799368733e-14,0.0,0.0,6.066736491464387e-17,-0.006426336764079798,1.3923310628772686e-14,0.0,0.0,0.6295082009808137,2.2143588193845006e-12
2018-12-17,-0.008747638195969208,-7.722351125767935e-15,0.0,0.0,1.8202246434415665e-16,-0.008747638195969208,-7.904373590112092e-15,0.0,0.0,0.6271118964520871,2.2146066495205726e-12
2018-12-18,0.00026227545638795945,-2.604239643019587e-10,5.597915358503874e-05,2.0445353500567566e-11,2.7399568949623927e-12,0.00020629630280292072,-2.836092746974887e-10,0.27382122060217223,1.0000815111760737e-07,0.35000000001244097,1.0000842666612733e-07
2018-12-19,-0.0015477925242912132,-1.741195151059445e-10,0.0,0.0,2.746525200878397e-12,-0.0015477925242912132,-1.768660403068229e-10,0.0,0.0,0.35019003265913007,1.002481698320615e-07
2018-12-20,-0.0020594473009070496,2.8472381806626916e-10,0.0,0.0,2.7555606351912775e-12,-0.0020594473009070496,2.8196825743107787e-10,0.0,0.0,0.349182702573252,1.0057796318448162e-07
2018-12-21,-0.000979888637454595,4.6048352296530967e-11,0.0,0.0,2.7534305269320623e-12,-0.000979888637454595,4.3294921769598906e-11,0.0,0.0,0.34783961252542933,1.0050021423302026e-07
2018-12-24,-0.0034250807499437044,-1.472878977528165e-10,0.0,0.0,8.264605177065257e-12,-0.0034250807499437044,-1.5555250292988176e-10,0.0,0.0,0.3471999411502007,1.0055269632096065e-07
2018-12-26,0.004067288042686752,2.0316284346515746e-10,0.0,0.0,5.536771243915688e-12,0.004067288042686752,1.9762607222124179e-10,0.0,0.0,0.34495636385532724,1.0104607520146132e-07
2018-12-27,0.0006122026399081528,-1.1903190930200462e-14,0.0,0.0,2.7516278530490063e-12,0.0006122026399081528,-2.7635310439792066e-12,0.0,0.0,0.34760982255452083,1.004344166362887e-07
2018-12-28,0.00042766393935509973,-2.9437456087916125e-10,0.0,0.0,2.7499446557935473e-12,0.00042766393935509973,-2.971245055349548e-10,0.0,0.0,0.3480089731832961,1.0037297993646447e-07
2018-12-31,0.0010164048785641024,-7.356780711610614e-11,0.0,0.0,8.270492147972925e-12,0.0010164048785641024,-8.183829926407907e-11,0.0,0.0,0.34828768714182406,1.006243211336706e-07
2019-01-02,-0.0014512524915296567,-1.5619943131486847e-10,0.0,0.0,5.512090029954212e-12,-0.0014512524915296567,-1.617115213448227e-10,0.0,0.0,0.34894941815795777,1.0059564304666437e-07
2019-01-03,-0.00010521631951219385,-5.886689017312952e-10,2.99686529001333e-05,5.856913383145192e-16,2.7643523340483015e-12,-0.00013518497241232715,-5.914338397566819e-10,0.14800320623743324,2.892495576124361e-12,0.2000000000069168,1.00898860192763e-07
2019-01-04,0.0010808346349307132,2.1149605355930803e-10,0.0,0.0,2.7808561807750004e-12,0.0010808346349307132,2.0871519737853304e-10,0.0,0.0,0.1999218102300457,1.0150125059828752e-07
2019-01-07,0.0002223866601995346,6.422631046307024e-11,0.0,0.0,8.316196869702759e-12,0.0002223866601995346,5.5910113593367483e-11,0.0,0.0,0.20078562876130784,1.0118039524805026e-07
2019-01-08,0.0009204951441739179,-8.276486907050637e-11,0.0,0.0,2.7696900560138617e-12,0.0009204951441739179,-8.553455912652024e-11,0.0,0.0,0.20096332384785845,1.0109368704450595e-07
2019-01-09,2.79998139890661e-05,-1.19435359410777e-10,0.0,0.0,2.769408359962627e-12,2.79998139890661e-05,-1.2220476777073964e-10,0.0,0.0,0.2016981568353287,1.0108340513863589e-07
2019-01-10,0.0004613876666364417,2.386616829550001e-10,0.0,0.0,2.7726029295628516e-12,0.0004613876666364417,2.3588908002543724e-10,0.0,0.0,0.20172050853725215,1.0120000692904408e-07
2019-01-11,0.00028553965719140364,-2.660206917345758e-10,0.0,0.0,2.7647886132982923e-12,0.00028553965719140364,-2.687854803478741e-10,0.0,0.0,0.20208865494326014,1.0091478438538768e-07
2019-01-14,-0.00036574534194155775,1.8351674341412758e-10,0.0,0.0,8.31385662074924e-12,-0.00036574534194155775,1.7520288679337834e-10,0.0,0.0,0.2023164252921091,1.0115192221911572e-07
2019-01-15,0.0007165298362845141,9.170430027111041e-11,0.0,0.0,2.7672697998201432e-12,0.0007165298362845141,8.893703047129027e-11,0.0,0.0,0.20202456946001005,1.0100534769343523e-07
2019-01-16,0.00020991682667988268,9.098732352306299e-12,0.0,0.0,2.7627777403097055e-12,0.00020991682667988268,6.335954611996593e-12,0.0,0.0,0.2025959332473946,1.0084138752130423e-07
2019-01-17,0.0002856683446220273,8.251304545578373e-11,3.898552284487932e-05,8.545591809594241e-16,2.7620048832852908e-12,0.000246682821777148,7.975018601331748e-11,0.19304613557826417,4.231554060812393e-12,0.3499999999962364,1.0081317823991312e-07
2019-01-18,5.7859033529186646e-05,1.1907597875939718e-10,0.0,0.0,2.7590636380792007e-12,5.7859033529186646e-05,1.1631691512131798e-10,0.0,0.0,0.3501992801663142,1.0070582278989081e-07
2019-01-22,0.00014660459818235152,-6.403319249703435e-11,0.0,0.0,1.1022567373609646e-11,0.00014660459818235152,-7.5055759870644e-11,0.0,0.0,0.35023687479202315,1.0058092728418803e-07
2019-01-23,-8.896433261673946e-05,1.1906359441268397e-10,0.0,0.0,2.7569919899474755e-12,-8.896433261673946e-05,1.163066024227365e-10,0.0,0.0,0.35033211911694634,1.0063020763308287e-07
2019-01-24,0.00045619762345726486,-1.5579649071986455e-10,0.0,0.0,2.7539749788879317e-12,0.00045619762345726486,-1.585504656987525e-10,0.0,0.0,0.3502743166644053,1.0052008672940953e-07
2019-01-25,-8.432448651492057e-05,1.556205680143623e-10,0.0,0.0,2.756985646031451e-12,-8.432448651492057e-05,1.5286358236833085e-10,0.0,0.0,0.35057058487577125,1.0062997608014797e-07
2019-01-28,3.9326953849822216e-05,1.374871011833188e-10,0.0,0.0,8.258862629564692e-12,3.9326953849822216e-05,1.292282385537541e-10,0.0,0.0,0.350515817401993,1.0048282865970373e-07
2019-01-29,0.0007284860828671481,-2.93143813870754e-10,0.0,0.0,2.749079326688395e-12,0.0007284860828671481,-2.9589289319744236e-10,0.0,0.0,0.3505413585867114,1.0034139542412642e-07
2019-01-30,0.0009652217435441972,-5.492911376866345e-10,0.0,0.0,2.755103610233021e-12,0.0009652217435441972,-5.520462412968675e-10,0.0,0.0,0.3510141358605771,1.0056128177350526e-07
2019-01-31,0.00123272502768436,-5.670726621236747e-10,0.0,0.0,2.7674814507550615e-12,0.00123272502768436,-5.698401435744298e-10,0.0,0.0,0.351639947275234,1.0101307295255976e-07
2019-02-01,-0.0016348010019362506,3.5626766124519537e-10,5.028471979838274e-05,1.1318307471999918e-15,2.7796437176997347e-12,-0.0016850857217346334,3.534868856967484e-10,0.2499999999920485,5.627110739117586e-12,0.6024382130872984,1.0145699569604031e-07
2019-02-04,-0.0004548388805356001,2.0124467765942053e-10,0.0,0.0,8.323674982495254e-12,-0.0004548388805356001,1.9292100267692526e-10,0.0,0.0,0.6018175259927676,1.0127137895369228e-07
2019-02-05,0.0008504146486719577,-1.3735606738313397e-10,0.0,0.0,2.7703048164928577e-12,0.0008504146486719577,-1.4012637219962682e-10,0.0,0.0,0.6016363345930796,1.0111612580198929e-07
2019-02-06,0.0002443254340609443,6.409887510693509e-11,0.0,0.0,2.771710893264037e-12,0.0002443254340609443,6.132716421367105e-11,0.0,0.0,0.601974821120092,1.0116744760413736e-07
2019-02-07,0.001159728759226075,-1.5535374737590161e-10,0.0,0.0,2.769278154442512e-12,0.001159728759226075,-1.5812302553034414e-10,0.0,0.0,0.6020720450034982,1.0107865263715169e-07
2019-02-08,0.0007060501230697566,-4.565989838481926e-11,0.0,0.0,2.7703216002997855e-12,0.0007060501230697566,-4.8430219985119045e-11,0.0,0.0,0.6025329990106629,1.011167384109422e-07
2019-02-11,-0.000438761171063189,2.0989794719699214e-10,0.0,0.0,8.308851204246824e-12,-0.000438761171063189,2.015890959927453e-10,0.0,0.0,0.6028134326646062,1.0109102298500302e-07
2019-02-12,-0.0001948570544118335,-1.8322460444841367e-11,0.0,0.0,2.7650796484191593e-12,-0.0001948570544118335,-2.1087540093260527e-11,0.0,0.0,0.6026390860031607,1.0092540716729931e-07
2019-02-13,-0.00042671717661642343,1.8224677170889335e-11,0.0,0.0,2.76612063181362e-12,-0.00042671717661642343,1.5458556539075716e-11,0.0,0.0,0.6025616423481849,1.0096340306119715e-07
2019-02-14,0.001540703531205641,-2.8321655216894296e-10,0.0,0.0,2.766801967470805e-12,0.001540703531205641,-2.8598335413641376e-10,0.0,0.0,0.6023919761655423,1.0098827181268438e-07
2019-02-15,0.0013231485915034696,-4.010336614252377e-14,5.043109271826426e-05,1.8985247000999706e-15,2.7700476017098717e-12,0.0012727174987852052,-2.8120494925524955e-12,0.2500000000026121,9.411479098450271e-12,0.8523776844523828,1.0110673746241031e-07
2019-02-19,0.0020375242455164624,-2.3684298906387516e-10,0.0,0.0,1.1066110768940917e-11,0.0020375242455164624,-2.479090998328161e-10,0.0,0.0,0.8526156941326223,1.0097826076658587e-07
2019-02-20,-0.0006492036949717504,-3.64123227468107e-11,0.0,0.0,2.767377942282827e-12,-0.0006492036949717504,-3.9179700689093526e-11,0.0,0.0,0.8529153828177192,1.010092948933232e-07
2019-02-21,-0.0030477716507702848,1.728660278874406e-10,0.0,0.0,2.770173947437226e-12,-0.0030477716507702848,1.7009585394000336e-10,0.0,0.0,0.8528198329428524,1.0111134908145875e-07
2019-02-22,0.0028560416779804046,-2.646663794186742e-10,0.0,0.0,2.7738920810537718e-12,0.0028560416779804046,-2.6744027149972795e-10,0.0,0.0,0.8523698899336073,1.0124706095846266e-07
2019-02-25,-0.0013111429368279296,7.284510826295341e-11,0.0,0.0,8.319668326945707e-12,-0.0013111429368279296,6.45254399360077e-11,0.0,0.0,0.8527903271228172,1.0122263131117279e-07
2019-02-26,0.001388790845355922,-1.457757118939496e-10,0.0,0.0,2.774865264070389e-12,0.001388790845355922,-1.4855057715802e-10,0.0,0.0,0.8525970607451311,1.0128258213856919e-07
2019-02-27,-0.0031235295796579903,2.365590252586185e-10,0.0,0.0,2.7750052177607596e-12,-0.0031235295796579903,2.337840200408577e-10,0.0,0.0,0.8528014888165968,1.012876904482677e-07
2019-02-28,-0.001621746523780205,1.6427203697816894e-10,0.0,0.0,2.777198810559702e-12,-0.001621746523780205,1.6149483816760925e-10,0.0,0.0,0.8523402690800806,1.0136775658542911e-07
2019-03-01,-0.003499623902725905,2.0112180797089811e-10,0.0,0.0,2.7772021242492075e-12,-0.003499623902725905,1.983446058466489e-10,0.0,0.0,0.8521004133018747,1.0136787753509605e-07
2019-03-04,0.001000985109320192,0.0,3.09177413056712e-05,2.0555697294814914e-11,0.0,0.0009700673680145208,-2.0555697294814914e-11,0.15269889750070226,1.0152204468120877e-07,1.000000000023998,0.0
2019-03-05,0.0008852338102242482,0.0,0.0,0.0,0.0,0.0008852338102242482,0.0,0.0,0.0,1.0000308878225914,0.0
2019-03-06,8.535336297839603e-05,0.0,0.0,0.0,0.0,8.535336297839603e-05,0.0,0.0,0.0,1.00003086050383,0.0
2019-03-07,0.001123431756177971,0.0,0.0,0.0,0.0,0.001123431756177971,0.0,0.0,0.0,1.000030857870007,0.0
2019-03-08,0.0035237624492579123,0.0,0.0,0.0,0.0,0.0035237624492579123,0.0,0.0,0.0,1.000030823242198,0.0
2019-03-11,-0.00013130465796297054,0.0,0.0,0.0,0.0,-0.00013130465796297054,0.0,0.0,0.0,1.0000307150097998,0.0
2019-03-12,0.0034955730823041952,0.0,0.0,0.0,0.0,0.0034955730823041952,0.0,0.0,0.0,1.0000307190433533,0.0
2019-03-13,0.0007873714362123389,0.0,0.0,0.0,0.0,0.0007873714362123389,0.0,0.0,0.0,1.0000306120367415,0.0
2019-03-14,-0.003640294826554406,0.0,0.0,0.0,0.0,-0.003640294826554406,0.0,0.0,0.0,1.0000305879526612,0.0
2019-03-15,0.003008808097696253,0.0,0.0,0.0,0.0,0.003008808097696253,0.0,0.0,0.0,1.0000306997086519,0.0
2019-03-18,-0.0001356249527937032,0.0,7.015916408929925e-07,0.0,0.0,-0.00013632654443459618,0.0,0.0035055679400635975,0.0,0.9991102978869464,0.0
2019-03-19,0.00020170714232126052,0.0,0.0,0.0,0.0,0.00020170714232126052,0.0,0.0,0.0,0.9991108782676942,0.0
2019-03-20,0.005112639887052169,0.0,0.0,0.0,0.0,0.005112639887052169,0.0,0.0,0.0,0.9991110575737305,0.0
2019-03-21,0.0008206068570475049,0.0,0.0,0.0,0.0,0.0008206068570475049,0.0,0.0,0.0,0.9991155792982873,0.0
2019-03-22,0.0028882191972057422,0.0,0.0,0.0,0.0,0.0028882191972057422,0.0,0.0,0.0,0.9991163044649026,0.0
2019-03-25,0.0027398464345593605,0.0,0.0,0.0,0.0,0.0027398464345593605,0.0,0.0,0.0,0.9991188494209209,0.0
2019-03-26,-0.00040259297763705037,0.0,0.0,0.0,0.0,-0.00040259297763705037,0.0,0.0,0.0,0.9991212570416821,0.0
2019-03-27,-2.3671114486093627e-05,0.0,0.0,0.0,0.0,-2.3671114486093627e-05,0.0,0.0,0.0,0.9991209031234529,0.0
2019-03-28,-0.001169468596446762,0.0,0.0,0.0,0.0,-0.001169468596446762,0.0,0.0,0.0,0.9991208823137576,0.0
2019-03-29,2.7168223841362775e-05,0.0,0.0,0.0,0.0,2.7168223841362775e-05,0.0,0.0,0.0,0.9991198530094919,0.0
2019-04-01,-0.0033186038424917108,-2.724703729248075e-15,5.047171222169867e-05,5.819866141236708e-17,2.3693725715308067e-17,-0.0033690755547134093,-2.8065961163757503e-15,0.25000000000612943,2.8827366286958145e-13,1.0000000000507892,2.8827366286958145e-13
2019-04-02,0.0014858218584349876,0.0,0.0,0.0,7.999508939025232e-18,0.0014858218584349876,-7.999508939025232e-18,0.0,0.0,1.0000506423810218,2.9198207627442094e-13
2019-04-03,-0.0018668836925596524,-3.821785112883852e-15,0.0,0.0,7.987640727834488e-18,-0.0018668836925596524,-3.829772753611686e-15,0.0,0.0,1.0000505672471005,2.915488865659588e-13
2019-04-04,0.0008875721648861842,-5.470053738003828e-16,0.0,0.0,8.107482896891304e-18,0.0008875721648861842,-5.551128566972741e-16,0.0,0.0,1.000050661826843,2.959231257365326e-13
2019-04-05,0.0012419673534176264,2.732538945130381e-15,0.0,0.0,8.115266460867278e-18,0.0012419673534176264,2.724423678669514e-15,0.0,0.0,1.0000506169006913,2.962072258216557e-13
2019-04-08,-0.0007770391835996677,0.0,0.0,0.0,2.40912865491404e-17,-0.0007770391835996677,-2.40912865491404e-17,0.0,0.0,1.0000505541141294,2.931106530145415e-13
2019-04-09,0.0009261926707578784,2.731271735794694e-15,0.0,0.0,8.036673660053132e-18,0.0009261926707578784,2.7232350621346408e-15,0.0,0.0,1.0000505934272048,2.933385885919393e-13
2019-04-10,0.00259967163738925,1.0915019208286165e-15,0.0,0.0,7.954476919206315e-18,0.00259967163738925,1.0835474439094101e-15,0.0,0.0,1.0000505466113012,2.903384075510305e-13
2019-04-11,-0.0034585934920023835,-2.1773434636100127e-15,0.0,0.0,7.904024887670129e-18,-0.0034585934920023835,-2.185247488497683e-15,0.0,0.0,1.0000504155474315,2.884969083999597e-13
2019-04-12,-0.0013515887794282257,0.0,0.0,0.0,7.991316849697396e-18,-0.0013515887794282257,-7.991316849697396e-18,0.0,0.0,1.0000505905194748,2.9168306501395493e-13
2019-04-15,-1.4466869828724317e-06,3.8537027625111026e-16,5.048345061584523e-05,3.5383435135874554e-16,1.6520559218187129e-16,-5.193013759871766e-05,-1.3366966728950656e-16,0.2500000000008167,1.7522294288697231e-12,1.000000000047765,2.0100013715461006e-12
2019-04-16,-0.003719057221441499,2.611733733537512e-14,0.0,0.0,5.50608319541098e-17,-0.003719057221441499,2.606227650342101e-14,0.0,0.0,1.0000504861201316,2.009720366325008e-12
2019-04-17,-0.0006242919441103085,3.8459723577258316e-15,0.0,0.0,5.454815617962411e-17,-0.0006242919441103085,3.791424201546207e-15,0.0,0.0,1.0000506745817752,1.99100770055628e-12
2019-04-18,0.0017946100720228236,-4.563172211884772e-15,0.0,0.0,5.447679649912813e-17,0.0017946100720228236,-4.6176490083839e-15,0.0,0.0,1.000050706237267,1.9884030722181767e-12
2019-04-22,-0.0016288378480321674,2.3278008447174796e-14,0.0,0.0,2.1801600594344113e-16,-0.0016288378480321674,2.3059992441231355e-14,0.0,0.0,1.0000506154023605,1.9893960542339003e-12
2019-04-23,0.002242402221071678,7.148815430512681e-15,0.0,0.0,5.395413035935903e-17,0.002242402221071678,7.0948613001533215e-15,0.0,0.0,1.000050697981128,1.9693257581166048e-12
2019-04-24,0.0024521488398081158,2.4713743089494646e-14,0.0,0.0,5.3637994444482177e-17,0.0024521488398081158,2.4660105095050162e-14,0.0,0.0,1.0000505845502126,1.9577867972235994e-12
2019-04-25,-0.0001656243773195374,9.68032847507789e-16,0.0,0.0,5.2831355246241344e-17,-0.0001656243773195374,9.152014922615476e-16,0.0,0.0,1.000050460812765,1.928344466487809e-12
2019-04-26,0.002679034088581082,-9.629157337111672e-15,0.0,0.0,5.281358101483396e-17,0.002679034088581082,-9.681970918126505e-15,0.0,0.0,1.0000504691716887,1.9276957070414395e-12
2019-04-29,-0.0024751116515516892,1.2670360250168593e-14,0.0,0.0,1.588067319853701e-16,-0.0024751116515516892,1.2511553518183223e-14,0.0,0.0,1.000050334324328,1.9321485724886695e-12
2019-04-30,0.002617146556260488,1.1351101606084589e-15,3.5739308505855497e-05,2.7635352770870144e-16,1.532747191019388e-17,0.0025814072477546328,8.434291609895635e-16,0.17650068331308766,1.3647881986462214e-12,1.0000000000608564,5.594527247220766e-13
2019-05-01,-0.0012593068146132013,-8.239800887967207e-15,0.0,0.0,1.5256988500988685e-17,-0.0012593068146132013,-8.255057876468196e-15,0.0,0.0,1.0000356473490366,5.56880080286087e-13
2019-05-02,-0.001659388260877577,-4.968878908340519e-15,0.0,0.0,1.550225857038174e-17,-0.001659388260877577,-4.984381166910901e-15,0.0,0.0,1.0000356922965963,5.658324378189335e-13
2019-05-03,0.0031648658730209353,3.914359265809179e-15,0.0,0.0,1.566438553657673e-17,0.0031648658730209353,3.898694880272602e-15,0.0,0.0,1.0000357516224243,5.717500720850506e-13
2019-05-06,0.0007818832394349719,5.297108325598976e-15,0.0,0.0,4.6524185643483233e-17,0.0007818832394349719,5.250584139955493e-15,0.0,0.0,1.0000356388303033,5.660442586623793e-13
2019-05-07,-0.0016223683421759802,-4.193141654488611e-15,0.0,0.0,1.535093298845177e-17,-0.0016223683421759802,-4.208492587477063e-15,0.0,0.0,1.0000356109866642,5.603090540784897e-13
2019-05-08,-0.0012254266402223822,4.5671478088083985e-15,0.0,0.0,1.5490945601459675e-17,-0.0012254266402223822,4.551656863206939e-15,0.0,0.0,1.0000356688546888,5.654195144532781e-13
2019-05-09,0.0007344160780409083,1.1978386342178947e-14,0.0,0.0,1.5384671049987692e-17,0.0007344160780409083,1.196300167112896e-14,0.0,0.0,1.0000357126178778,5.615404933245507e-13
2019-05-10,0.002284429447046202,3.042915952997436e-15,0.0,0.0,1.5045446463924224e-17,0.002284429447046202,3.027870506533512e-15,0.0,0.0,1.0000356864091926,5.491587959332341e-13
2019-05-13,-0.0005082489329495182,-9.035539008313985e-15,0.0,0.0,4.4783930980019016e-17,-0.0005082489329495182,-9.080322939294004e-15,0.0,0.0,1.0000356050719152,5.44871160256898e-13
2019-05-14,0.0007958396027772827,-1.0366990890515014e-13,2.4093922629902123e-05,2.5939083884654004e-15,3.370691739410781e-16,0.0007717456801473806,-1.0660088646755662e-13,0.11942623023465859,1.2857213213759688e-11,0.9999999999606739,1.2303024848849352e-11
2019-05-15,0.002773974323195201,-2.4815526512764892e-14,0.0,0.0,3.396473240628487e-16,0.002773974323195201,-2.5155173836827742e-14,0.0,0.0,1.0000240753033993,1.2397127328293978e-11
2019-05-16,-1.7114785318566468e-06,-5.195924013464913e-14,0.0,0.0,3.393857541339374e-16,-1.7114785318566468e-06,-5.229862588878307e-14,0.0,0.0,1.000024008703896,1.2387580025888714e-11
2019-05-17,-0.00030002184763074145,9.64917787756745e-14,0.0,0.0,3.4080987824835204e-16,-0.00030002184763074145,9.615096889742615e-14,0.0,0.0,1.000024008745039,1.2439560556064852e-11
2019-05-20,-0.000742598694253085,1.9587913160927084e-14,0.0,0.0,1.0148032667637877e-15,-0.000742598694253085,1.8573109894163296e-14,0.0,0.0,1.0000240159502527,1.2346773078959417e-11
2019-05-21,-1.1984808441046072e-05,-7.355299512180609e-14,0.0,0.0,3.3798208548819356e-16,-1.1984808441046072e-05,-7.389097720729429e-14,0.0,0.0,1.0000240337977009,1.2336346120319068e-11
2019-05-22,0.0015638739925167059,8.771819397094114e-14,0.0,0.0,3.4000131089008173e-16,0.0015638739925167059,8.737819266005106e-14,0.0,0.0,1.0000240340858184,1.2410047847487984e-11
2019-05-23,0.0018321640876761928,1.2463914692641346e-13,0.0,0.0,3.37070936228267e-16,0.0018321640876761928,1.243020759901852e-13,0.0,0.0,1.0000239965581381,1.2303089172331747e-11
2019-05-24,0.0001173072896367577,-5.858676808085123e-14,0.0,0.0,3.3304597021338643e-16,0.0001173072896367577,-5.891981405106462e-14,0.0,0.0,1.000023952672787,1.2156177912788605e-11
2019-05-28,0.00021363331519216487,3.590412784438466e-14,0.0,0.0,1.3384473389588576e-15,0.00021363331519216487,3.45656805054258e-14,0.0,0.0,1.0000239498633519,1.2213331967999574e-11
2019-05-29,-0.0014007463659224037,-2.620980773341185e-15,5.026680287212855e-05,2.445189717937589e-15,1.2595509366052392e-17,-0.0014510131687945323,-5.078766000644827e-15,0.25000000000600586,1.2161056493967492e-11,1.0000000000271814,4.597360918609123e-13
2019-05-30,0.0026858214436101344,-3.310362628709258e-16,0.0,0.0,1.268572421135914e-17,0.0026858214436101344,-3.437219870822849e-16,0.0,0.0,1.000050339873878,4.630289337146086e-13
2019-05-31,0.0007525583340062072,1.3449323282074317e-14,0.0,0.0,1.2660789079211171e-17,0.0007525583340062072,1.3436662492995105e-14,0.0,0.0,1.000050205032127,4.621188013912077e-13
2019-06-03,0.003817853834622066,5.849846342280523e-15,0.0,0.0,3.6849212224468565e-17,0.003817853834622066,5.812997130056054e-15,0.0,0.0,1.0000501672783095,4.4833208206436755e-13
2019-06-04,0.0010408704433572792,-3.061730792206888e-15,0.0,0.0,1.2076693926470514e-17,0.0010408704433572792,-3.0738074861333586e-15,0.0,0.0,1.0000499764754258,4.4079932831617375e-13
2019-06-05,0.00248859863670531,9.363139454235243e-15,0.0,0.0,1.2147932537946832e-17,0.00248859863670531,9.350991521697296e-15,0.0,0.0,1.0000499245104812,4.433995376350594e-13
2019-06-06,0.0020792203529351313,9.233802769184257e-16,0.0,0.0,1.1861888689316555e-17,0.0020792203529351313,9.115183882291092e-16,0.0,0.0,1.0000498005768248,4.329589371600542e-13
2019-06-07,0.0032833741159061123,1.8289942021760872e-15,0.0,0.0,1.1812030784720868e-17,0.0032833741159061123,1.8171821713913665e-15,0.0,0.0,1.0000496972452995,4.3113912364231163e-13
2019-06-10,-0.0023684881412365717,-2.638514981943942e-15,0.0,0.0,3.5170286854067087e-17,-0.0023684881412365717,-2.673685268798009e-15,0.0,0.0,1.0000495346046592,4.2790515672448287e-13
2019-06-11,-0.00013354332050096877,-7.089366470162761e-15,0.0,0.0,1.182372137691934e-17,-0.00013354332050096877,-7.10119019153968e-15,0.0,0.0,1.000049652205321,4.315658302575559e-13
2019-06-12,0.0011078864175490218,6.333543824666581e-14,3.097734300373547e-05,2.160226569258581e-15,2.7487054921146116e-16,0.0010769090745452864,6.090034112819576e-14,0.15015966652308493,1.0471488830241522e-11,0.9999999999918628,1.0032775046218333e-11
2019-06-13,0.0015950660679484023,-5.122432604895898e-14,0.0,0.0,2.728415062312615e-16,0.0015950660679484023,-5.149716755519024e-14,0.0,0.0,1.0000309440109196,9.958714977441043e-12
2019-06-14,0.0005279689203958465,4.381189194111826e-14,0.0,0.0,2.7380817030282067e-16,0.0005279689203958465,4.353808377081544e-14,0.0,0.0,1.0000308947318326,9.993998216052955e-12
2019-06-17,-0.0007926990315749967,-3.235300544309024e-15,0.0,0.0,8.173919759295368e-16,-0.0007926990315749967,-4.0526925202385605e-15,0.0,0.0,1.0000308784289382,9.944935707142697e-12
2019-06-18,0.002209167932284111,-1.271809706180252e-13,0.0,0.0,2.727688539539635e-16,0.002209167932284111,-1.2745373947197916e-13,0.0,0.0,1.0000309029256615,9.95606316931967e-12
2019-06-19,0.0037621912743818283,-2.72320244248438e-14,0.0,0.0,2.7564431951652494e-16,0.0037621912743818283,-2.7507668744360325e-14,0.0,0.0,1.0000308348065232,1.0061017662353159e-11
2019-06-20,0.003949262247960454,-1.2836295567007812e-13,0.0,0.0,2.7535446620735966e-16,0.003949262247960454,-1.2863831013628549e-13,0.0,0.0,1.0000307192349132,1.0050438016568627e-11
2019-06-21,-0.0029015474817604765,2.0225829390665563e-14,0.0,0.0,2.777742561302345e-16,-0.0029015474817604765,1.994805513453533e-14,0.0,0.0,1.0000305983939597,1.0138760348753557e-11
2019-06-24,0.0016460895233808613,-4.476239052217721e-15,0.0,0.0,8.340804956161084e-16,0.0016460895233808613,-5.31031954783383e-15,0.0,0.0,1.0000306874349894,1.0147979363329318e-11
2019-06-25,-0.0011223600193400012,5.851716995812166e-14,0.0,0.0,2.7769236207047253e-16,-0.0011223600193400012,5.82394775960512e-14,0.0,0.0,1.0000306370037437,1.0135771215572247e-11
2019-06-26,-0.004162433688588659,-1.3134849334806335e-14,1.0193712579124224e-05,1.0265140473038403e-15,2.4644733226042484e-16,-0.004172627401167784,-1.44078107143706e-14,0.05014257345293537,5.049392516992561e-12,0.9999999999930904,8.995327627505505e-12
2019-06-27,0.0023338652542645717,-3.5304373975260546e-14,0.0,0.0,2.478413407157262e-16,0.0023338652542645717,-3.555221531597627e-14,0.0,0.0,1.000010236418444,9.046208936124008e-12
2019-06-28,0.0005844581505894084,-7.549683525143351e-15,0.0,0.0,2.482292502161732e-16,0.0005844581505894084,-7.797912775359525e-15,0.0,0.0,1.0000102125836854,9.060367632890324e-12
2019-07-01,-0.00017888027361476406,-2.8226389903367805e-14,0.0,0.0,7.448729255296197e-16,-0.00017888027361476406,-2.897126282889742e-14,0.0,0.0,1.0000102066183518,9.062620593943708e-12
2019-07-02,0.003572455461655576,1.792548866123955e-14,0.0,0.0,2.4910886158864514e-16,0.003572455461655576,1.7676379799650906e-14,0.0,0.0,1.0000102084444702,9.092473447985548e-12
2019-07-03,0.003277541191376888,-6.058585991377322e-14,0.0,0.0,2.4773273813686273e-16,0.003277541191376888,-6.083359265191008e-14,0.0,0.0,1.0000101721050603,9.04224494199549e-12
2019-07-05,-0.004301569280094098,1.7459586406159934e-16,0.0,0.0,4.971558008040488e-16,-0.004301569280094098,-3.2255993674244945e-16,0.0,0.0,1.0000101388745424,9.073093364673888e-12
2019-07-08,-0.00047468933469908034,3.6641153926162395e-14,0.0,0.0,7.489409723403048e-16,-0.00047468933469908034,3.589221295382209e-14,0.0,0.0,1.0000101826760288,9.112115163473708e-12
2019-07-09,-0.0009007584724716677,-1.6810049913773423e-16,0.0,0.0,2.4876120784148813e-16,-0.0009007584724716677,-4.1686170697922235e-16,0.0,0.0,1.0000101875118963,9.079784086214318e-12
2019-07-10,0.0019316135179135879,-5.965044560969977e-14,0.0,0.0,2.489900932706904e-16,0.0019316135179135879,-5.989943570297046e-14,0.0,0.0,1.0000101966966577,9.0881384043802e-12
2019-07-11,-0.0021058731752986466,-8.977741086079687e-17,5.233522982501145e-07,1.823845569863182e-15,1.2115051258398858e-18,-0.0021063965275968967,-1.914834485849819e-15,0.002607207533680371,9.08593298609025e-12,1.0000000000123117,4.421993709315583e-14
2019-07-12,0.0013497055744072064,-1.8682440556504368e-16,0.0,0.0,1.2165272697486902e-18,0.0013497055744072064,-1.8804093283479237e-16,0.0,0.0,1.0000005244693522,4.4403245345827194e-14
2019-07-15,0.0013817146540480343,4.007939056561859e-16,0.0,0.0,3.6599973210539166e-18,0.0013817146540480343,3.97133908335132e-16,0.0,0.0,1.0000005237624277,4.4529967406155987e-14
2019-07-16,-0.0015955177403314212,4.692419279828533e-16,0.0,0.0,1.2073502385513124e-18,-0.0015955177403314212,4.68034577744302e-16,0.0,0.0,1.0000005230397353,4.40682837071229e-14
2019-07-17,0.0020343260011252136,4.976646920590275e-16,0.0,0.0,1.1964031778136955e-18,0.0020343260011252136,4.964682888812138e-16,0.0,0.0,1.0000005238755878,4.366871599019989e-14
2019-07-18,0.0028579303201519044,-6.912339788970236e-18,0.0,0.0,1.1803672768739653e-18,0.0028579303201519044,-8.092707065844201e-18,0.0,0.0,1.0000005228120172,4.308340560589973e-14
2019-07-19,-0.0027959709300746883,-1.9944879162763372e-16,0.0,0.0,1.177192322415385e-18,-0.0027959709300746883,-2.006259839500491e-16,0.0,0.0,1.0000005213221146,4.2967519768161546e-14
2019-07-22,0.0002087539545630845,-2.0003703483642134e-16,0.0,0.0,3.5579178535027974e-18,0.0002087539545630845,-2.0359495268992415e-16,0.0,0.0,1.0000005227838036,4.3288000550950703e-14
2019-07-23,-4.233671216943887e-05,-1.1722860826782989e-16,0.0,0.0,1.191204415909599e-18,-4.233671216943887e-05,-1.1841981268373948e-16,0.0,0.0,1.000000522674693,4.347896118070036e-14
2019-07-24,0.0003286921078038196,-1.8620025767544146e-16,0.0,0.0,1.1944667283959443e-18,0.0003286921078038196,-1.8739472440383741e-16,0.0,0.0,1.0000005226968223,4.359803558645197e-14
2019-07-25,-0.001684775255797673,1.5966170617006628e-14,5.019291638798376e-05,5.581338527868779e-16,7.736200494363427e-17,-0.001734968172185657,1.5330674759276117e-14,0.2499999999994578,2.7799433314024626e-12,0.9999999999958942,2.823713180442651e-12
2019-07-26,0.0016729676446914285,-4.200795927461405e-15,0.0,0.0,7.705826925622356e-17,0.0016729676446914285,-4.2778541967176286e-15,0.0,0.0,1.000050280146721,2.81262682785216e-12
2019-07-29,0.0003540056443372639,-2.1761976818879963e-16,0.0,0.0,2.311333999670668e-16,0.0003540056443372639,-4.487531681558664e-16,0.0,0.0,1.000050196170157,2.812123032932646e-12
2019-07-30,0.000500066895220704,1.5113758263777983e-15,0.0,0.0,7.702316220695282e-17,0.000500066895220704,1.4343526641708455e-15,0.0,0.0,1.0000501784067184,2.8113454205537777e-12
2019-07-31,-0.0013698685496401092,2.0098087067997997e-14,0.0,0.0,7.694327786399611e-17,-0.0013698685496401092,2.0021143790134e-14,0.0,0.0,1.0000501533266983,2.808429642035857e-12
2019-08-01,0.006501140455817775,2.3305967204978e-14,0.0,0.0,7.649743677434892e-17,0.006501140455817775,2.3229469768203652e-14,0.0,0.0,1.0000502221243868,2.7921564422637356e-12
2019-08-02,0.0019330827218327128,1.42597942909754e-14,0.0,0.0,7.536893310477644e-17,0.0019330827218327128,1.4184425357870622e-14,0.0,0.0,1.0000498977321983,2.75096605832434e-12
2019-08-05,-0.0004565447206187202,4.10772883999031e-14,0.0,0.0,2.2450078284304485e-16,-0.0004565447206187202,4.085278761706005e-14,0.0,0.0,1.0000498014618386,2.7314261912570455e-12
2019-08-06,0.003894441798810479,-1.514467529252729e-14,0.0,0.0,7.374185557422179e-17,0.003894441798810479,-1.521841714810151e-14,0.0,0.0,1.0000498242087772,2.6915777284590953e-12
2019-08-07,0.0020942146769518284,-8.546560825528203e-15,0.0,0.0,7.386909927711184e-17,0.0020942146769518284,-8.620429924805315e-15,0.0,0.0,1.0000496309240474,2.696222123614581e-12
2019-08-08,0.0031548266776429347,-2.2470985458400052e-14,1.0045377545620254e-06,1.6081376606302858e-16,5.313292249022642e-17,0.0031538221398883727,-2.2684932146953307e-14,0.005013632861299122,8.02619093629185e-13,1.0000000000022562,1.9393516708932635e-12
2019-08-09,-0.0010094137055080457,5.8170764302020826e-15,0.0,0.0,5.357958544462277e-17,-0.0010094137055080457,5.76349684475746e-15,0.0,0.0,1.0000010013818532,1.955654868728731e-12
2019-08-12,0.002976260574461843,1.8932741659496315e-14,0.0,0.0,1.6042257320695984e-16,0.002976260574461843,1.8772319086289355e-14,0.0,0.0,1.0000010023936774,1.9518079740180114e-12
2019-08-13,-0.0012381260502373048,-2.1636685843712913e-14,0.0,0.0,5.27983441878374e-17,-0.0012381260502373048,-2.168948418790075e-14,0.0,0.0,1.0000009994191272,1.927139562856065e-12
2019-08-14,0.0019651478241490645,3.496278894512204e-14,0.0,0.0,5.345731699811609e-17,0.0019651478241490645,3.490933162812392e-14,0.0,0.0,1.0000010006580893,1.9511920704312374e-12
2019-08-15,0.005437348376006235,-3.4603981924707852e-15,0.0,0.0,5.239646556917441e-17,0.005437348376006235,-3.5127946580399595e-15,0.0,0.0,1.0000009986954703,1.9124709932748665e-12
2019-08-16,0.0003997151445401041,-1.4016295286970135e-14,0.0,0.0,5.2207401171131956e-17,0.0003997151445401041,-1.4068502688141267e-14,0.0,0.0,1.000000993294585,1.9055701427463163e-12
2019-08-19,-0.0019229493735775523,-1.0012216276406915e-14,0.0,0.0,1.5771118823315984e-16,-0.0019229493735775523,-1.0169927464640075e-14,0.0,0.0,1.0000009928977232,1.918819456836778e-12
2019-08-20,0.0016532221522148475,5.094480670012042e-15,0.0,0.0,5.294651684436348e-17,0.0016532221522148475,5.0415341531676786e-15,0.0,0.0,1.0000009948107038,1.9325478648192665e-12
2019-08-21,-0.0005820788792167543,-6.54137946856419e-15,0.0,0.0,5.2719784515864555e-17,-0.0005820788792167543,-6.594099253080055e-15,0.0,0.0,1.0000009931687701,1.924272134829056e-12
2019-08-22,-0.0003007233000593723,0.0,6.0519877894743826e-05,3.897342262057221e-16,0.0,-0.0003612431779541161,-3.897342262057221e-16,0.30000099376700334,1.9319380546351914e-12,0.7000000000321993,0.0
2019-08-23,0.0013442319592638253,0.0,0.0,0.0,0.0,0.0013442319592638253,0.0,0.0,0.0,0.6999521296638758,0.0
2019-08-26,0.00044414492993569734,0.0,0.0,0.0,0.0,0.00044414492993569734,0.0,0.0,0.0,0.7003549221539526,0.0
2019-08-27,0.0023281953731069996,0.0,0.0,0.0,0.0,0.0023281953731069996,0.0,0.0,0.0,0.7004879489128976,0.0
2019-08-28,0.0005983973675271539,0.0,0.0,0.0,0.0,0.0005983973675271539,0.0,0.0,0.0,0.7011836517522966,0.0
2019-08-29,-0.00031412630219498125,0.0,0.0,0.0,0.0,-0.00031412630219498125,0.0,0.0,0.0,0.7013623557324704,0.0
2019-08-30,-2.8186932753184302e-05,0.0,0.0,0.0,0.0,-2.8186932753184302e-05,0.0,0.0,0.0,0.7012685163161516,0.0
2019-09-03,0.0014396753818794346,0.0,0.0,0.0,0.0,0.0014396753818794346,0.0,0.0,0.0,0.70126009575456,0.0
2019-09-04,0.0012520890634388306,0.0,0.0,0.0,0.0,0.0012520890634388306,0.0,0.0,0.0,0.7016895659426302,0.0
2019-09-05,-0.004114132169721477,0.0,0.0,0.0,0.0,-0.004114132169721477,0.0,0.0,0.0,0.7020626100901258,0.0
2019-09-06,-0.0028339644354302704,0.0,4.733310286635762e-05,0.0,0.0,-0.002881297538296628,0.0,0.23050845280876364,0.0,0.9313402453144833,0.0
2019-09-09,-0.004114586726520606,0.0,0.0,0.0,0.0,-0.004114586726520606,0.0,0.0,0.0,0.931189314358202,0.0
2019-09-10,-0.004293056877755432,0.0,0.0,0.0,0.0,-0.004293056877755432,0.0,0.0,0.0,0.9309050170585216,0.0
2019-09-11,0.0010666092968456508,0.0,0.0,0.0,0.0,0.0010666092968456508,0.0,0.0,0.0,0.9306071094324029,0.0
2019-09-12,-0.0005514825888695079,0.0,0.0,0.0,0.0,-0.0005514825888695079,0.0,0.0,0.0,0.9306810456735353,0.0
2019-09-13,-0.008782628371122793,0.0,0.0,0.0,0.0,-0.008782628371122793,0.0,0.0,0.0,0.9306427963833278,0.0
2019-09-16,0.004946646408091173,0.0,0.0,0.0,0.0,0.004946646408091173,0.0,0.0,0.0,0.9300282605996941,0.0
2019-09-17,0.0025946178185792448,0.0,0.0,0.0,0.0,0.0025946178185792448,0.0,0.0,0.0,0.9303726823205979,0.0
2019-09-18,-0.0020581439362060694,0.0,0.0,0.0,0.0,-0.0020581439362060694,0.0,0.0,0.0,0.9305528710787464,0.0
2019-09-19,0.0021355762270878023,0.0,0.0,0.0,0.0,0.0021355762270878023,0.0,0.0,0.0,0.930409644109752,0.0
2019-09-20,0.005158922694496853,1.6274681046827138e-15,2.688476517979324e-05,3.084641586997972e-16,4.104014590343701e-17,0.00513203792931706,1.2779638000794796e-15,0.13055794291509215,1.4979653254754508e-12,1.0000000000101312,1.4979653254754508e-12
2019-09-23,0.005196999667412899,-2.2215668783894293e-15,0.0,0.0,1.2235872359806804e-16,0.005196999667412899,-2.3439256019874974e-15,0.0,0.0,1.0000267475060942,1.4886978037764943e-12
2019-09-24,0.002210647610275315,1.9870922382715313e-15,0.0,0.0,4.063592117650009e-17,0.002210647610275315,1.946456317095031e-15,0.0,0.0,1.0000266092179992,1.4832111229422533e-12
2019-09-25,-0.00826531858847282,4.70757407933182e-15,0.0,0.0,4.0491966823565834e-17,-0.00826531858847282,4.667082112508254e-15,0.0,0.0,1.0000265505241444,1.477956789060153e-12
2019-09-26,0.001213273979435935,1.1247861538918885e-15,0.0,0.0,4.069938557942422e-17,0.001213273979435935,1.0840867683124642e-15,0.0,0.0,1.0000267718016094,1.485527573648984e-12
2019-09-27,-0.0025540433773173867,1.0136869065775497e-15,0.0,0.0,4.061928719619505e-17,-0.0025540433773173867,9.730676193813547e-16,0.0,0.0,1.000026739359439,1.4826039826611195e-12
2019-09-30,-0.0029340617449312477,-1.3951140250592768e-15,0.0,0.0,1.2208635871246796e-16,-0.0029340617449312477,-1.5172003837717448e-15,0.0,0.0,1.0000268078277934,1.4853840310016935e-12
2019-10-01,0.0020281359840369053,4.442363946306468e-15,0.0,0.0,4.085354202100123e-17,0.0020281359840369053,4.401510404285467e-15,0.0,0.0,1.000026886715077,1.4911542837665448e-12
2019-10-02,0.0016072227402177204,8.372940877589518e-15,0.0,0.0,4.0649390927263615e-17,0.0016072227402177204,8.332291486662254e-15,0.0,0.0,1.0000268322955284,1.483702768845122e-12
2019-10-03,0.0029714251799088515,-5.850620865013751e-15,0.0,0.0,4.035513559516826e-17,0.0029714251799088515,-5.8909760006089194e-15,0.0,0.0,1.0000267892392456,1.4729624492236413e-12
2019-10-04,0.003460131666024255,-8.699859677430494e-14,2.247114043462078e-05,2.0210150458070824e-15,2.785265026244789e-16,0.0034376605255896342,-8.92981383227365e-14,0.11173293378148098,1.0049064529748256e-11,0.999999999987793,1.0166217345793479e-11
2019-10-07,-0.0039388157314898375,4.7908953424999065e-14,0.0,0.0,8.39842982403099e-16,-0.0039388157314898375,4.706911044259597e-14,0.0,0.0,1.0000223941448494,1.0218089619237704e-11
2019-10-08,0.0016547480530322489,1.0152527702964829e-13,0.0,0.0,2.797369189114685e-16,0.0016547480530322489,1.0124554011073683e-13,0.0,0.0,1.0000224827000148,1.0210397540268598e-11
2019-10-09,1.6616560891526358e-05,-6.081880066012329e-14,0.0,0.0,2.7649787015995727e-16,1.6616560891526358e-05,-6.109529853028324e-14,0.0,0.0,1.0000224455581697,1.009217226083844e-11
2019-10-10,-0.004872917375449376,-6.187367211478637e-14,0.0,0.0,2.7815951661666507e-16,-0.004872917375449376,-6.215183163140303e-14,0.0,0.0,1.0000224451852686,1.0152822356508276e-11
2019-10-11,-0.0031334306735950573,-1.2367507788621013e-13,0.0,0.0,2.8122507225672963e-16,-0.0031334306735950573,-1.2395630295846686e-13,0.0,0.0,1.0000225550944426,1.0264715137370632e-11
2019-10-14,0.0012959969795737652,2.044111109752017e-14,0.0,0.0,8.565241507115667e-16,0.0012959969795737652,1.9584586946808603e-14,0.0,0.0,1.0000226259915423,1.0421043833657394e-11
2019-10-15,-0.0043025838688589635,-7.165086710823943e-14,0.0,0.0,2.8457920600472374e-16,-0.0043025838688589635,-7.193544631424416e-14,0.0,0.0,1.0000225967062601,1.0387141019172418e-11
2019-10-16,0.0008894622600576533,1.0652150015479418e-15,0.0,0.0,2.8778044295138043e-16,0.0008894622600576533,7.774345585965614e-16,0.0,0.0,1.0000226943506791,1.0503986167725385e-11
2019-10-17,0.001193006877392375,-4.914552147092985e-14,0.0,0.0,2.8749554254370763e-16,0.001193006877392375,-4.943301701347356e-14,0.0,0.0,1.0000226741828484,1.0493587302845327e-11
2019-10-18,0.0005018216160667315,-1.924250981851673e-15,1.3856296541124384e-07,2.0794736157491153e-15,3.9083883369242795e-18,0.0005016830531013203,-4.007632985937713e-15,0.0006921582192222876,1.0387514084480207e-11,1.000000000010925,1.4265617429773621e-13
2019-10-21,-0.001254169736018244,-4.3710138258426335e-16,0.0,0.0,1.187736395350861e-17,-0.001254169736018244,-4.48978746537772e-16,0.0,0.0,1.0000001385044093,1.4450792810102143e-13
2019-10-22,0.0017407189428909218,4.3765027030823593e-16,0.0,0.0,3.9760833816261e-18,0.0017407189428909218,4.3367418692660983e-16,0.0,0.0,1.0000001386783357,1.4512704342935265e-13
2019-10-23,0.000974170833935406,-1.6601944514708405e-15,0.0,0.0,3.957204582284212e-18,0.000974170833935406,-1.6641516560531247e-15,0.0,0.0,1.0000001384373551,1.4443796725337375e-13
2019-10-24,0.003187130940019806,0.0,0.0,0.0,3.9987938534336356e-18,0.003187130940019806,-3.9987938534336356e-18,0.0,0.0,1.000000138302626,1.459559756503277e-13
2019-10-25,-0.000213933711752505,-9.571913551788072e-16,0.0,0.0,3.9860896637366486e-18,-0.000213933711752505,-9.611774448425438e-16,0.0,0.0,1.0000001378632382,1.4549227272638765e-13
2019-10-28,-0.0051220464225580605,-1.7407505003755332e-16,0.0,0.0,1.203951791203408e-17,-0.0051220464225580605,-1.861145679495874e-16,0.0,0.0,1.000000137892739,1.464808012630813e-13
2019-10-29,-0.0006335463442752755,-1.749712609588072e-16,0.0,0.0,4.038627856160467e-18,-0.0006335463442752755,-1.7900988881496764e-16,0.0,0.0,1.0000001386026685,1.4740991674985706e-13
2019-10-30,0.0035127874893836493,4.3770545909045126e-16,0.0,0.0,4.0459849082850585e-18,0.0035127874893836493,4.336594741821662e-16,0.0,0.0,1.0000001386905357,1.4767844915240465e-13
2019-10-31,0.00506216093390675,2.442503787136259e-15,0.0,0.0,4.019872021752083e-18,0.00506216093390675,2.438483915114507e-15,0.0,0.0,1.00000013820505,1.4672532879395104e-13
2019-11-01,0.0007200551963227414,0.0,4.051925821501325e-05,2.9083917644276724e-17,0.0,0.0006795359381077282,-2.9083917644276724e-17,0.20000013749877263,1.4355612082017534e-13,1.0000000000109905,0.0
2019-11-04,-0.0029411460427012435,0.0,0.0,0.0,0.0,-0.0029411460427012435,0.0,0.0,0.0,1.0000404917536039,0.0
2019-11-05,-0.006224218526068515,0.0,0.0,0.0,0.0,-0.006224218526068515,0.0,0.0,0.0,1.0000406111970648,0.0
2019-11-06,0.002024640001577317,0.0,0.0,0.0,0.0,0.002024640001577317,0.0,0.0,0.0,1.0000408655531983,0.0
2019-11-07,-0.007213394222400659,0.0,0.0,0.0,0.0,-0.007213394222400659,0.0,0.0,0.0,1.000040782982341,0.0
2019-11-08,-0.0028044445392769843,0.0,0.0,0.0,0.0,-0.0028044445392769843,0.0,0.0,0.0,1.0000410793035517,0.0
2019-11-11,-0.0007711106507896159,0.0,0.0,0.0,0.0,-0.0007711106507896159,0.0,0.0,0.0,1.000041194832174,0.0
2019-11-12,0.0012123364769575972,0.0,0.0,0.0,0.0,0.0012123364769575972,0.0,0.0,0.0,1.0000412266224616,0.0
2019-11-13,0.003173472125436332,0.0,0.0,0.0,0.0,0.003173472125436332,0.0,0.0,0.0,1.0000411767024433,0.0
2019-11-14,0.0022015651747331584,0.0,0.0,0.0,0.0,0.0022015651747331584,0.0,0.0,0.0,1.0000410464427016,0.0
2019-11-15,0.0005549846762411914,0.0,5.0272485426368165e-05,0.0,0.0,0.0005047121908148233,0.0,0.24999999999488126,0.0,1.000000000012326,0.0
2019-11-18,0.0012233322116104789,0.0,0.0,0.0,0.0,0.0012233322116104789,0.0,0.0,0.0,1.0000502471374098,0.0
2019-11-19,0.00013061838408501722,0.0,0.0,0.0,0.0,0.00013061838408501722,0.0,0.0,0.0,1.0000501857435729,0.0
2019-11-20,0.0007272057820310613,0.0,0.0,0.0,0.0,0.0007272057820310613,0.0,0.0,0.0,1.0000501791892484,0.0
2019-11-21,-0.0016827244865986908,0.0,0.0,0.0,0.0,-0.0016827244865986908,0.0,0.0,0.0,1.000050142725169,0.0
2019-11-22,0.00047841366558865956,0.0,0.0,0.0,0.0,0.00047841366558865956,0.0,0.0,0.0,1.000050227243782,0.0
2019-11-25,0.00035757066163926945,0.0,0.0,0.0,0.0,0.00035757066163926945,0.0,0.0,0.0,1.0000502032258725,0.0
2019-11-26,0.0023374938216568363,0.0,0.0,0.0,0.0,0.0023374938216568363,0.0,0.0,0.0,1.0000501852810886,0.0
2019-11-27,-0.0009952479290481172,0.0,0.0,0.0,0.0,-0.0009952479290481172,0.0,0.0,0.0,1.0000500682468707,0.0
2019-11-29,-0.001149643025913536,0.0,0.0,0.0,0.0,-0.001149643025913536,0.0,0.0,0.0,1.0000501181268324,0.0
2019-12-02,-0.0033368688663688354,0.0,5.0214997202416607e-05,0.0,0.0,-0.003387083863571252,0.0,0.2500000000406555,0.0,1.0000000000706797,0.0
2019-12-03,0.002908307033154666,0.0,0.0,0.0,0.0,0.002908307033154666,0.0,0.0,0.0,1.0000503857285699,0.0
2019-12-04,0.0015610837788841583,0.0,0.0,0.0,0.0,0.0015610837788841583,0.0,0.0,0.0,1.0000502396163404,0.0
2019-12-05,-8.379730579465956e-05,0.0,0.0,0.0,0.0,-8.379730579465956e-05,0.0,0.0,0.0,1.0000501613103328,0.0
2019-12-06,0.0006043267441415804,0.0,0.0,0.0,0.0,0.0006043267441415804,0.0,0.0,0.0,1.0000501655140674,0.0
2019-12-09,-0.0015600388275367855,0.0,0.0,0.0,0.0,-0.0015600388275367855,0.0,0.0,0.0,1.000050135216016,0.0
2019-12-10,0.00030110331166097426,0.0,0.0,0.0,0.0,0.00030110331166097426,0.0,0.0,0.0,1.0000502135511051,0.0
2019-12-11,0.0033762480315651456,0.0,0.0,0.0,0.0,0.0033762480315651456,0.0,0.0,0.0,1.00005019843619,0.0
2019-12-12,0.00016557127517407641,0.0,0.0,0.0,0.0,0.00016557127517407641,0.0,0.0,0.0,1.0000500295241073,0.0
2019-12-13,0.0031173863291728303,0.0,0.0,0.0,0.0,0.0031173863291728303,0.0,0.0,0.0,1.0000500212420267,0.0
2019-12-16,0.0029764030797748246,-7.912486850840573e-14,3.309583701813482e-05,1.6578076512499306e-15,6.548801164554029e-16,0.00294330724275669,-8.143755627611106e-14,0.1590642725904421,7.967708083540735e-12,0.9999999999548483,7.967708083540735e-12
2019-12-17,-0.001469424575377275,-1.293770982827225e-14,0.0,0.0,2.1981419605318344e-16,-0.001469424575377275,-1.3157524024325433e-14,0.0,0.0,1.0000329986667333,8.023218155941196e-12
2019-12-18,-0.0004456573829188867,-8.682876603757193e-15,0.0,0.0,2.2049265117703024e-16,-0.0004456573829188867,-8.903369254934223e-15,0.0,0.0,1.0000330472271541,8.047981767961604e-12
2019-12-19,0.0006762761252618291,-2.059967115612426e-14,0.0,0.0,2.2082895226020913e-16,0.0006762761252618291,-2.082050010838447e-14,0.0,0.0,1.0000330619614701,8.060256757497633e-12
2019-12-20,0.0015534364877278367,-4.555282308161171e-15,0.0,0.0,2.2124370497689599e-16,0.0015534364877278367,-4.776526013138067e-15,0.0,0.0,1.0000330396175863,8.075395231656705e-12
2019-12-23,0.00022134070823962113,1.752095750915689e-14,0.0,0.0,6.630754760571211e-16,0.00022134070823962113,1.685788203309977e-14,0.0,0.0,1.0000329883722503,8.067418292028304e-12
2019-12-24,0.001959357396368543,-1.1892791700246375e-14,0.0,0.0,2.2049632763925178e-16,0.001959357396368543,-1.2113288027885627e-14,0.0,0.0,1.0000329810721793,8.048115958832688e-12
2019-12-26,0.002848074042475419,-6.774953852687824e-14,0.0,0.0,4.4078066823521754e-16,0.002848074042475419,-6.819031919511346e-14,0.0,0.0,1.0000329165768531,8.044247195292722e-12
2019-12-27,1.0676895453016089e-05,-8.01864688563836e-15,0.0,0.0,2.2161530904896874e-16,1.0676895453016089e-05,-8.24026219468733e-15,0.0,0.0,1.0000328230943185,8.08895878028736e-12
2019-12-30,-0.0012960501861284247,3.1543820444444257e-14,0.0,0.0,6.654978885628441e-16,-0.0012960501861284247,3.087832255588141e-14,0.0,0.0,1.0000328227438815,8.096890977514604e-12
2019-12-31,0.0018344550694165285,8.577881128842747e-16,5.086769470013992e-05,1.7725256288593267e-15,1.7414705192045358e-17,0.0017835873747163887,-9.321522211670974e-16,0.25000000005227563,8.711450556580317e-12,1.0000000000767661,6.356367395096555e-13
2020-01-02,0.0031508852765403323,-4.281386145223784e-15,0.0,0.0,3.472048128365193e-17,0.0031508852765403323,-4.3161066265074355e-15,0.0,0.0,1.0000507772058838,6.336487834266477e-13
2020-01-03,-0.002093282038170047,7.2555399865486e-15,0.0,0.0,1.7422642145764596e-17,-0.002093282038170047,7.238117344402835e-15,0.0,0.0,1.000050617715274,6.359264383204077e-13
2020-01-06,0.002616410768848715,2.138425156277599e-15,0.0,0.0,5.1779970767719395e-17,0.002616410768848715,2.0866451855098796e-15,0.0,0.0,1.0000507238946847,6.299896443405859e-13
2020-01-07,-0.0006106233913389846,4.265852242191967e-16,0.0,0.0,1.7156514775309445e-17,-0.0006106233913389846,4.0942870944388724e-16,0.0,0.0,1.0000505915264677,6.262127892987947e-13
2020-01-08,-0.00028888656928317325,-1.7073427588963297e-15,0.0,0.0,1.7155302938152014e-17,-0.00028888656928317325,-1.7244980618344817e-15,0.0,0.0,1.000050622437712,6.261685572425485e-13
2020-01-09,0.002020956372040287,1.7078361298167317e-15,0.0,0.0,1.7207050337833992e-17,0.002020956372040287,1.6906290794788978e-15,0.0,0.0,1.0000506370660827,6.280573373309407e-13
2020-01-10,-0.00019225864679837286,-4.687066819933577e-15,0.0,0.0,1.7125650115154526e-17,-0.00019225864679837286,-4.704192470048731e-15,0.0,0.0,1.0000505349371767,6.250862292031401e-13
2020-01-13,0.0015023937058634299,-2.983289390322447e-15,0.0,0.0,5.1772142356256746e-17,0.0015023937058634299,-3.0350615326787036e-15,0.0,0.0,1.000050544654829,6.298943986677904e-13
2020-01-14,-8.710377975190189e-05,-4.2551007748443555e-16,0.0,0.0,1.7313103643375443e-17,-8.710377975190189e-05,-4.42823181127811e-16,0.0,0.0,1.000050468830778,6.319282829832036e-13
2020-01-15,0.0031561702792146,8.635781643597462e-15,5.1013249999764963e-05,1.0852205056060972e-15,1.6303384983687476e-16,0.003105157029214835,7.387527288154489e-15,0.2500000000968258,5.318326640781595e-12,1.0000000001063079,5.950735519045929e-12
2020-01-16,0.0024940308881821437,6.105896758582593e-14,0.0,0.0,1.622933068768715e-16,0.0024940308881821437,6.089667427894906e-14,0.0,0.0,1.0000508554421663,5.923705701005809e-12
2020-01-17,0.0009188273534481107,-5.623521573748795e-14,0.0,0.0,1.6022086266942409e-16,0.0009188273534481107,-5.6395436600157374e-14,0.0,0.0,1.000050728922606,5.848061487433979e-12
2020-01-21,-0.0009813844610848449,-3.999614062190282e-15,0.0,0.0,6.464522360490451e-16,-0.0009813844610848449,-4.646066298239327e-15,0.0,0.0,1.0000506823543285,5.898876653947536e-12
2020-01-22,0.002004188510475614,2.5591864512559986e-15,0.0,0.0,1.6188150547372823e-16,0.002004188510475614,2.3973049457822704e-15,0.0,0.0,1.0000507321420689,5.90867494979108e-12
2020-01-23,-0.00030954128682519715,-2.7337689141923965e-14,0.0,0.0,1.6148773890553598e-16,-0.00030954128682519715,-2.7499176880829502e-14,0.0,0.0,1.000050630668662,5.894302470052064e-12
2020-01-24,-0.002952029253014536,2.6184846201385966e-14,0.0,0.0,1.622869512019607e-16,-0.002952029253014536,2.6022559250184004e-14,0.0,0.0,1.000050646345825,5.923473718871564e-12
2020-01-27,-0.006522519047264278,1.1685075319742022e-14,0.0,0.0,4.861437851409368e-16,-0.006522519047264278,1.1198931534601085e-14,0.0,0.0,1.0000507962979561,5.914749385881397e-12
2020-01-28,0.0014804932087043078,-8.264463253885386e-15,0.0,0.0,1.6278958751572208e-16,0.0014804932087043078,-8.427252841401108e-15,0.0,0.0,1.0000511297929937,5.941819944323856e-12
2020-01-29,-7.112190821113405e-05,2.1653969894955682e-15,0.0,0.0,1.6277502384915948e-16,-7.112190821113405e-05,2.0026219656464086e-15,0.0,0.0,1.0000510542075949,5.941288370494321e-12
2020-01-30,0.001975009294727599,0.0,5.091409634699911e-05,1.209626347775325e-15,0.0,0.0019240951983805997,-1.209626347775325e-15,0.25000000006563466,5.939545405307946e-12,1.0000000000764901,0.0
2020-01-31,-0.007551462447173329,0.0,0.0,0.0,0.0,-0.007551462447173329,0.0,0.0,0.0,1.0000508163972524,0.0
2020-02-03,4.662918719237842e-05,0.0,0.0,0.0,0.0,4.662918719237842e-05,0.0,0.0,0.0,1.0000512030552007,0.0
2020-02-04,0.006745194698918193,0.0,0.0,0.0,0.0,0.006745194698918193,0.0,0.0,0.0,1.0000512006677555,0.0
2020-02-05,0.006644864296118827,0.0,0.0,0.0,0.0,0.006644864296118827,0.0,0.0,0.0,1.0000508576231855,0.0
2020-02-06,0.0015978502440201984,0.0,0.0,0.0,0.0,0.0015978502440201984,0.0,0.0,0.0,1.0000505219119367,0.0
2020-02-07,-0.0034720301855391874,0.0,0.0,0.0,0.0,-0.0034720301855391874,0.0,0.0,0.0,1.0000504413142703,0.0
2020-02-10,0.0034316254336475226,0.0,0.0,0.0,0.0,0.0034316254336475226,0.0,0.0,0.0,1.0000506170582244,0.0
2020-02-11,0.0013628856445152633,0.0,0.0,0.0,0.0,0.0013628856445152633,0.0,0.0,0.0,1.0000504439534705,0.0
2020-02-12,0.0014368730698258794,0.0,0.0,0.0,0.0,0.0014368730698258794,0.0,0.0,0.0,1.0000503752977004,0.0
2020-02-13,0.0015793442642069585,3.7175970430192776e-15,5.028935903308969e-05,2.5929891898137994e-16,3.531601967556006e-17,0.0015290549051738688,3.4229821043623376e-15,0.2500000000085513,1.2890347181579422e-12,0.9999999999884317,1.2890347181579422e-12
2020-02-14,0.0012679276625962679,-9.37436521152848e-16,0.0,0.0,3.5160405511263694e-17,0.0012679276625962679,-9.725969266641116e-16,0.0,0.0,1.0000502125696855,1.2833548011611248e-12
2020-02-18,0.000888457653368099,-2.6840855436175976e-15,0.0,0.0,1.4056612713347976e-16,0.000888457653368099,-2.824651670751077e-15,0.0,0.0,1.0000501489844018,1.2826659100930029e-12
2020-02-19,0.002201423663020066,-4.4439425193490585e-15,0.0,0.0,3.518380904918175e-17,0.002201423663020066,-4.4791263283982406e-15,0.0,0.0,1.000050104468706,1.284209030295134e-12
2020-02-20,-0.001234938743897849,4.88282418618334e-15,0.0,0.0,3.522800912613572e-17,-0.001234938743897849,4.847596177057205e-15,0.0,0.0,1.0000499944098333,1.2858223331039539e-12
2020-02-21,-6.944526558497514e-05,6.659923341834575e-15,0.0,0.0,3.513762593667243e-17,-6.944526558497514e-05,6.624785715897902e-15,0.0,0.0,1.0000500562262018,1.2825233466885438e-12
2020-02-24,-0.01565849130027295,3.0033028356241725e-14,0.0,0.0,1.0487276976776291e-16,-0.01565849130027295,2.992815558647396e-14,0.0,0.0,1.0000500597026045,1.2759520321744486e-12
2020-02-25,-0.01693992898279858,2.2234213023072877e-14,0.0,0.0,3.467776876846899e-17,-0.01693992898279858,2.219953525430441e-14,0.0,0.0,1.0000508560312984,1.2657385600491184e-12
2020-02-26,-0.0027962184337302787,9.513192704313469e-15,0.0,0.0,3.4655676953735234e-17,-0.0027962184337302787,9.478537027359734e-15,0.0,0.0,1.0000517323740183,1.2649322088113359e-12
2020-02-27,-0.021535346751981408,3.7401247803452036e-14,0.0,0.0,3.449148726968865e-17,-0.021535346751981408,3.736675631618235e-14,0.0,0.0,1.000051877434648,1.2589392853436355e-12
2020-02-28,-0.005288165982430077,7.185259534021853e-15,0.00012197847373679285,2.2669563405349847e-16,2.5263060961172585e-17,-0.0054101444561668694,6.933300839007182e-15,0.6000531192249209,1.1151920348011524e-12,0.39999999999895763,9.221017250827991e-13
2020-03-02,0.006855307300994602,-2.4796041408862103e-14,0.0,0.0,7.560766198005342e-17,0.006855307300994602,-2.4871649070842157e-14,0.0,0.0,0.39685889798332974,9.19893220757317e-13
2020-03-03,-0.0006097307901524125,6.831227435555042e-15,0.0,0.0,2.5705677276484085e-17,-0.0006097307901524125,6.805521758278558e-15,0.0,0.0,0.4009654638128117,9.38257220591669e-13
2020-03-04,0.007863023789176466,-1.698219550754981e-14,0.0,0.0,2.5534089280874358e-17,0.007863023789176466,-1.7007729596830682e-14,0.0,0.0,0.4005999911718088,9.31994258751914e-13
2020-03-05,-0.0033733867505746323,2.2617192373782088e-14,0.0,0.0,2.5796516289952847e-17,-0.0033733867505746323,2.2591395857492135e-14,0.0,0.0,0.4052763176342444,9.415728445832789e-13
2020-03-06,-0.0018274893700442804,1.859160073597735e-14,0.0,0.0,2.5262085969924078e-17,-0.0018274893700442804,1.8566338650007426e-14,0.0,0.0,0.4032632939364187,9.220661379022288e-13
2020-03-09,-0.014187841377470436,4.99747153966549e-14,0.0,0.0,7.439413562900645e-17,-0.014187841377470436,4.9900321261025894e-14,0.0,0.0,0.40217076736867585,9.051286501529118e-13
2020-03-10,0.0033852907914409657,-3.369388292078864e-14,0.0,0.0,2.3766064072048794e-17,0.0033852907914409657,-3.371764898486069e-14,0.0,0.0,0.3935667891673321,8.674613386297814e-13
2020-03-11,-0.010956461553625375,3.1906530207947685e-14,0.0,0.0,2.4605886072534642e-17,-0.010956461553625375,3.1881924321875154e-14,0.0,0.0,0.3956128155373719,8.981148416475142e-13
2020-03-12,-0.020990770835459294,5.7587129316868e-14,0.0,0.0,2.399463080995001e-17,-0.020990770835459294,5.756313468605805e-14,0.0,0.0,0.38891751377089645,8.758040245631754e-13
2020-03-13,0.00485942767975008,-6.515798609970744e-15,3.6075749327004345e-05,1.5774811761902276e-16,4.6089318521658316e-18,0.004823351930423076,-6.6781556594419326e-15,0.1758153978277159,7.687864721634829e-13,0.20000000000262197,1.6822601260405285e-13
2020-03-16,-0.012113827435480904,9.78572812332497e-15,0.0,0.0,1.429339855620966e-17,-0.012113827435480904,9.771434724768761e-15,0.0,0.0,0.20387606168667,1.7390301576721756e-13
2020-03-17,0.004699253577106107,6.564037093398103e-15,0.0,0.0,4.551500132212297e-18,0.004699253577106107,6.559485593265891e-15,0.0,0.0,0.19411369404369633,1.6612975482574885e-13
2020-03-18,-0.0074848386055405055,7.483637373823102e-15,0.0,0.0,4.351216032013231e-18,-0.0074848386055405055,7.47928615779109e-15,0.0,0.0,0.1978830450136719,1.5881938516848292e-13
2020-03-19,-0.0003132092820147238,-3.949560735456748e-15,0.0,0.0,4.177452428294648e-18,-0.0003132092820147238,-3.953738187885043e-15,0.0,0.0,0.19183405333639955,1.5247701363275465e-13
2020-03-20,-0.00171891988471751,6.464943485047884e-15,0.0,0.0,4.287002300644417e-18,-0.00171891988471751,6.460656482747239e-15,0.0,0.0,0.19158084895453445,1.564755839735212e-13
2020-03-23,-0.0006037862707735462,-1.4391265824763279e-15,0.0,0.0,1.2350871843188885e-17,-0.0006037862707735462,-1.4514774543195167e-15,0.0,0.0,0.19018884846329082,1.502689407587981e-13
2020-03-24,0.008703170710201791,-6.719992928187376e-15,0.0,0.0,4.158896491213227e-18,0.008703170710201791,-6.7241518246785896e-15,0.0,0.0,0.1896996002066936,1.5179972192928278e-13
2020-03-25,0.0021602464375903227,2.022395982643945e-15,0.0,0.0,4.305534088336673e-18,0.0021602464375903227,2.0180904485556082e-15,0.0,0.0,0.1966909361226717,1.5715199422428858e-13
2020-03-26,0.005934530614691867,2.8489887475878483e-15,0.0,0.0,4.24096445087618e-18,0.005934530614691867,2.844747783136972e-15,0.0,0.0,0.19842254097298712,1.5479520245698056e-13
2020-03-27,-0.0017805614454840877,1.2905455129368482e-15,6.31589085254237e-07,4.806028953224404e-18,3.481342101127966e-18,-0.0017811930345693419,1.2822581418824957e-15,0.0031514630123366644,2.398081733190338e-14,0.20000000000127957,1.2706898669117077e-13
2020-03-30,0.0022886105650445324,-1.4917429608183244e-15,0.0,0.0,1.035640081844489e-17,0.0022886105650445324,-1.5020993616367692e-15,0.0,0.0,0.19857313564185308,1.2600287662441285e-13
2020-03-31,-0.002044895425049446,2.6790080202680424e-15,0.0,0.0,3.4850274057673994e-18,-0.002044895425049446,2.675522992862275e-15,0.0,0.0,0.20040310155141958,1.2720350031051007e-13
2020-04-01,-0.0041051715408664605,5.369004556003908e-15,0.0,0.0,3.418620647482062e-18,-0.0041051715408664605,5.365585935356426e-15,0.0,0.0,0.19876465906836008,1.2477965363309526e-13
2020-04-02,0.0030270198317640853,2.595734662065229e-15,0.0,0.0,3.2850101624795282e-18,0.0030270198317640853,2.5924496519027493e-15,0.0,0.0,0.19546189212436543,1.1990287093050279e-13
2020-04-03,-0.0016640467774384287,-7.166491521033971e-15,0.0,0.0,3.2041949825836268e-18,-0.0016640467774384287,-7.169695716016554e-15,0.0,0.0,0.1978898953184942,1.1695311686430238e-13
2020-04-06,0.006228545898170221,-7.676931538056122e-15,0.0,0.0,1.0218615902973132e-17,0.006228545898170221,-7.687150153959096e-15,0.0,0.0,0.1965529217971698,1.2432649348617311e-13
2020-04-07,-0.00027026430755318484,-1.0601922600232089e-14,0.0,0.0,3.594145889805292e-18,-0.00027026430755318484,-1.0605516746121895e-14,0.0,0.0,0.20152625218392778,1.3118632497789316e-13
2020-04-08,0.0026813955209257752,7.53237098275929e-15,0.0,0.0,3.885659677810615e-18,0.0026813955209257752,7.528485323081479e-15,0.0,0.0,0.20131039489085512,1.4182657824008744e-13
2020-04-09,0.003410385211232423,4.15149377513855e-15,0.0,0.0,3.669454091749951e-18,0.003410385211232423,4.1478243210468e-15,0.0,0.0,0.20344627049332953,1.3393507434887322e-13
2020-04-13,-0.0010936219354681555,-6.751311317231633e-16,1.2367908781091911e-06,5.422440831769026e-17,2.658541576343275e-17,-0.0010948587263462648,-7.559409558042862e-16,0.0061535925437501025,2.697908923965569e-13,0.200000000002326,2.4259191884132387e-13
2020-04-14,0.003111348498826236,2.946439549138375e-15,0.0,0.0,6.6721557521418485e-18,0.003111348498826236,2.939767393386233e-15,0.0,0.0,0.19912439114413058,2.4353368495317747e-13
2020-04-15,-0.002411511128159458,4.717481562408284e-15,0.0,0.0,6.570986751168503e-18,-0.002411511128159458,4.710910575657116e-15,0.0,0.0,0.20160846544663819,2.3984101641765036e-13
2020-04-16,0.0003343977537914591,-2.316858688441089e-15,0.0,0.0,6.457312562066934e-18,0.0003343977537914591,-2.323316001003156e-15,0.0,0.0,0.19967848119794063,2.356919085154431e-13
2020-04-17,0.0017418111769967228,-2.5437635696995042e-15,0.0,0.0,6.5186083345872526e-18,0.0017418111769967228,-2.5502821780340917e-15,0.0,0.0,0.19994601745261686,2.379292042124347e-13
2020-04-20,-0.0015423674945485243,-1.4212155344256062e-15,0.0,0.0,1.973053459585814e-17,-0.0015423674945485243,-1.4409460690214644e-15,0.0,0.0,0.20133713735342731,2.400548375829407e-13
2020-04-21,-0.0029189190125488967,8.366126924031431e-15,0.0,0.0,6.6260020073030045e-18,-0.0029189190125488967,8.359500922024127e-15,0.0,0.0,0.20010340284297262,2.418490732665597e-13
2020-04-22,0.002058450331907709,-3.924559853956688e-15,0.0,0.0,6.415519432125982e-18,0.002058450331907709,-3.930975373388814e-15,0.0,0.0,0.19776173431667374,2.341664592725983e-13
2020-04-23,0.0002936713953808841,2.9687399342996337e-15,0.0,0.0,6.5096418454881964e-18,0.0002936713953808841,2.9622302924541455e-15,0.0,0.0,0.1994097096655355,2.3760192736031915e-13
2020-04-24,0.0008372640978827124,3.991843041137697e-15,0.0,0.0,6.426419249314185e-18,0.0008372640978827124,3.985416621888383e-15,0.0,0.0,0.19964475110827729,2.345643025999678e-13
2020-04-27,0.001076421048911117,-2.8809525013665725e-15,6.30003029312973e-08,4.7636142095807e-17,1.2396627059953785e-17,0.0010763580486081858,-2.9409852705223334e-15,0.00031429923717239715,2.376497004923172e-13,0.1999999999982196,1.508256292294377e-13
2020-04-28,9.873663307739454e-05,-2.058712464112509e-15,0.0,0.0,4.206611405457867e-18,9.873663307739454e-05,-2.0629190755179666e-15,0.0,0.0,0.20086022352889066,1.5354131629921215e-13
2020-04-29,0.0017390709382245424,4.206807554620505e-15,0.0,0.0,4.262593612524959e-18,0.0017390709382245424,4.20254496100798e-15,0.0,0.0,0.2009391201097953,1.5558466685716102e-13
2020-04-30,-0.0019103969644896012,-4.122538845206323e-15,0.0,0.0,4.1401386162806956e-18,-0.0019103969644896012,-4.1266789838226034e-15,0.0,0.0,0.20232633120538215,1.5111505949424537e-13
2020-05-01,-0.0021355481252201365,4.364368930463226e-15,0.0,0.0,4.261225518307573e-18,-0.0021355481252201365,4.360107704944919e-15,0.0,0.0,0.2007995410746333,1.555347314182264e-13
2020-05-04,1.5568308848927008e-05,-7.661823401276332e-15,0.0,0.0,1.2451552189297978e-17,1.5568308848927008e-05,-7.674274953465629e-15,0.0,0.0,0.1990891574263056,1.5149388496979205e-13
2020-05-05,0.0010528345408612064,-7.278525544296255e-15,0.0,0.0,4.3603624828608476e-18,0.0010528345408612064,-7.282885906779117e-15,0.0,0.0,0.1991016260595493,1.5915323062442094e-13
2020-05-06,-0.0015528878422003574,1.010186444301382e-14,0.0,0.0,4.554978502907981e-18,-0.0015528878422003574,1.0097309464510913e-14,0.0,0.0,0.1999439527007723,1.662567153561413e-13
2020-05-07,0.0014923912807740306,3.2433982753878586e-15,0.0,0.0,4.284869014508349e-18,0.0014923912807740306,3.23911340637335e-15,0.0,0.0,0.19869962308751227,1.5639771902955475e-13
2020-05-08,0.0018351225848830097,4.984292584137737e-15,0.0,0.0,4.1897560324140355e-18,0.0018351225848830097,4.9801028281053234e-15,0.0,0.0,0.1998936947611424,1.529260951831123e-13
2020-05-11,-0.00011337671023759784,-1.3959492421003105e-15,0.0,0.0,1.2137326731209738e-17,-0.00011337671023759784,-1.4080865688315203e-15,0.0,0.0,0.20135929834994623,1.4767080856305183e-13
2020-05-12,-0.0015274048002722512,9.889989443177132e-15,0.0,0.0,4.084483847126602e-18,-0.0015274048002722512,9.885904959330006e-15,0.0,0.0,0.20126874082741758,1.4908366042012097e-13
2020-05-13,-0.0011807014023799624,4.804259307202559e-15,0.0,0.0,3.8193589394230366e-18,-0.0011807014023799624,4.800439948263135e-15,0.0,0.0,0.2000468886050783,1.3940660128894085e-13
2020-05-14,0.000906901122595881,-1.0249502764327088e-15,0.0,0.0,3.692094658100474e-18,0.000906901122595881,-1.0286423710908093e-15,0.0,0.0,0.19910126634708897,1.347614550206673e-13
2020-05-15,0.0010170284471872227,1.4669777217389747e-15,0.0,0.0,3.716804713224891e-18,0.0010170284471872227,1.4632609170257497e-15,0.0,0.0,0.19982694418967462,1.3566337203270854e-13
2020-05-18,0.0029572626860744074,-8.455474801764568e-15,0.0,0.0,1.1018634363701815e-17,0.0029572626860744074,-8.46649343612827e-15,0.0,0.0,0.20063991613451146,1.3406005142503874e-13
2020-05-19,-0.0006757911322817867,-1.5183513750058011e-15,0.0,0.0,3.893022275606226e-18,-0.0006757911322817867,-1.5222443972814073e-15,0.0,0.0,0.2029968637699705,1.4209531305962723e-13
2020-05-20,0.0016569391135743744,4.3442329676269765e-15,0.0,0.0,3.937281723488639e-18,0.0016569391135743744,4.340295685903488e-15,0.0,0.0,0.20245789188568586,1.4371078290733532e-13
2020-05-21,-0.0013281945742199142,2.488211625854554e-15,0.0,0.0,3.811945480618124e-18,-0.0013281945742199142,2.484399680373936e-15,0.0,0.0,0.2037771846116223,1.3913601004256153e-13
2020-05-22,0.0003927211061876261,-1.0489112193008772e-15,0.0,0.0,3.748754374307892e-18,0.0003927211061876261,-1.052659973675185e-15,0.0,0.0,0.20271823930293945,1.3682953466223806e-13
2020-05-26,0.0011164827938652043,-3.1481936838492153e-15,0.0,0.0,1.5104034998616938e-17,0.0011164827938652043,-3.1632977188478323e-15,0.0,0.0,0.2030312257615556,1.3782431936237955e-13
2020-05-27,0.0014557748192073798,3.329679669515993e-15,0.0,0.0,3.857953292932445e-18,0.0014557748192073798,3.3258217162230604e-15,0.0,0.0,0.2039200353446348,1.4081529519203424e-13
2020-05-28,0.0005703013616801616,3.2501837488494476e-15,0.0,0.0,3.7612536540395444e-18,0.0005703013616801616,3.246422495195408e-15,0.0,0.0,0.20507726384714087,1.3728575837244338e-13
2020-05-29,0.0009787820351335136,-5.850272839132958e-16,0.0,0.0,3.670114452664193e-18,0.0009787820351335136,-5.886973983659601e-16,0.0,0.0,0.20553035096979563,1.3395917752224302e-13
2020-06-01,0.0013375475896859148,3.097765847598694e-15,0.0,0.0,1.1047614585599364e-17,0.0013375475896859148,3.086718233013095e-15,0.0,0.0,0.2063072032206982,1.3441264412479225e-13
2020-06-02,0.00036631107298543337,1.7251003932358758e-16,0.0,0.0,3.592862273730988e-18,0.00036631107298543337,1.689171770498566e-16,0.0,0.0,0.20736738706163976,1.311394729911811e-13
2020-06-03,0.0004189780565361278,-2.181345950958346e-15,0.0,0.0,3.586822078639532e-18,0.0004189780565361278,-2.1849327730369856e-15,0.0,0.0,0.20765763084505662,1.3091900587034292e-13
2020-06-04,-0.0005224010126919676,-9.17220747207926e-16,0.0,0.0,3.645057782179983e-18,-0.0005224010126919676,-9.20865804990106e-16,0.0,0.0,0.20798946587939904,1.3304460904956937e-13
2020-06-05,0.0014986189062271725,1.1689737104951832e-15,0.0,0.0,3.672105429314915e-18,0.0014986189062271725,1.1653016050658682e-15,0.0,0.0,0.2075755025194334,1.3403184816999438e-13
2020-06-08,0.002103888396257001,-3.2318834937534324e-16,0.0,0.0,1.090389547303771e-17,0.002103888396257001,-3.3409224484838095e-16,0.0,0.0,0.20876126784278326,1.3266406158862547e-13
2020-06-09,-0.0012081908376127398,2.640791740277187e-15,0.0,0.0,3.635836904596991e-18,-0.0012081908376127398,2.6371559033725898e-15,0.0,0.0,0.21042245088630865,1.3270804701779017e-13
2020-06-10,0.00015227791287219703,-1.4464816672732292e-15,0.0,0.0,3.567797025636086e-18,0.00015227791287219703,-1.4500494642988652e-15,0.0,0.0,0.20946733656551297,1.3022459143571715e-13
2020-06-11,-0.0061228181006662,-7.973018192970693e-16,0.0,0.0,3.606877412591531e-18,-0.0061228181006662,-8.009086967096608e-16,0.0,0.0,0.20958769890103315,1.3165102555959088e-13
2020-06-12,0.0007205050169130382,4.143521261062927e-15,0.0,0.0,3.6510761733327204e-18,0.0007205050169130382,4.139870184889594e-15,0.0,0.0,0.20471833392083588,1.332642803266443e-13
2020-06-15,0.0008691935877582895,3.548562444661236e-15,0.0,0.0,1.0605024155569305e-17,0.0008691935877582895,3.5379574205056666e-15,0.0,0.0,0.20529092579578545,1.290277938927599e-13
2020-06-16,0.001553576677406165,3.5717186561756085e-15,0.0,0.0,3.43480165538751e-18,0.001553576677406165,3.568283854520221e-15,0.0,0.0,0.20598108194791437,1.2537026042164411e-13
2020-06-17,-0.0002739355946489481,-1.0805416901058646e-15,0.0,0.0,3.3317701892783117e-18,-0.0002739355946489481,-1.083873460295143e-15,0.0,0.0,0.207212737748692,1.2160961190865838e-13
2020-06-18,-0.00033542691760145836,-9.074203943859442e-17,0.0,0.0,3.362295123513069e-18,-0.00033542691760145836,-9.410433456210749e-17,0.0,0.0,0.20699550559095695,1.22723772008227e-13
2020-06-19,-0.0001320217911893586,-1.111119732419564e-15,0.0,0.0,3.3659102236766106e-18,-0.0001320217911893586,-1.1144856426432407e-15,0.0,0.0,0.20672942128591495,1.2285572316419627e-13
2020-06-22,0.0007098042777659967,1.104835983004851e-15,0.0,0.0,1.0190400935528223e-17,0.0007098042777659967,1.0946455820693227e-15,0.0,0.0,0.20662467845487936,1.2398321138226006e-13
2020-06-23,0.000572717438228382,5.241031733599673e-16,3.942273999576494e-05,3.284024904163484e-17,1.0966690113461417e-18,0.000533294698232617,4.901662553069864e-16,0.1954551620796831,1.6281963658181665e-13,0.4026425822950171,4.002841891413418e-14
2020-06-24,-0.002622579524734208,2.9465167981164394e-16,0.0,0.0,1.0817331377479198e-18,-0.002622579524734208,2.93569946673896e-16,0.0,0.0,0.4030003817662637,3.9483259527799076e-14
2020-06-25,0.0011148963646792414,5.908529183891869e-16,0.0,0.0,1.0764836529729545e-18,0.0011148963646792414,5.89776434736214e-16,0.0,0.0,0.4014305858766516,3.929165333351284e-14
2020-06-26,-0.001482227239219329,3.934622324981147e-16,0.0,0.0,1.059115098211436e-18,-0.001482227239219329,3.9240311739990327e-16,0.0,0.0,0.4020971855509121,3.865770108471742e-14
2020-06-29,0.0016900702568956021,-9.522793379845017e-16,0.0,0.0,3.1496744663478143e-18,0.0016900702568956021,-9.554290124508494e-16,0.0,0.0,0.4012096421719572,3.832103934056507e-14
2020-06-30,0.0013268229118345368,-1.4423986733071084e-15,0.0,0.0,1.074165917790265e-18,0.0013268229118345368,-1.4434728392248986e-15,0.0,0.0,0.4022199324842311,3.9207055999344675e-14
2020-07-01,0.0002552073274528109,-8.839377926246329e-16,0.0,0.0,1.1122079866223185e-18,0.0002552073274528109,-8.850500006112552e-16,0.0,0.0,0.40301202980118106,4.059559151171463e-14
2020-07-02,0.0007189771001414063,6.218722859662527e-16,0.0,0.0,1.1361355102856531e-18,0.0007189771001414063,6.20736150455967e-16,0.0,0.0,0.40316434663320566,4.146894612542634e-14
2020-07-06,0.0009393020487887762,-3.2706637846997466e-16,0.0,0.0,4.47317554285923e-18,0.0009393020487887762,-3.315395540128339e-16,0.0,0.0,0.40359314950108166,4.0817726828590473e-14
2020-07-07,-0.00015443941701805087,3.594329049440403e-16,0.0,0.0,1.1261967694797039e-18,-0.00015443941701805087,3.583067081745606e-16,0.0,0.0,0.4041528299686571,4.110618208600919e-14
2020-07-08,0.0014230551974394236,0.0,1.87659475588997e-05,8.844735040491372e-18,0.0,0.001404289249880524,-8.844735040491372e-18,0.08646606883951918,4.0753043057276613e-14,0.4899859698832776,0.0
2020-07-09,-0.0010525922707764316,0.0,0.0,0.0,0.0,-0.0010525922707764316,0.0,0.0,0.0,0.4907199123830553,0.0
2020-07-10,0.0008364979709929941,0.0,0.0,0.0,0.0,0.0008364979709929941,0.0,0.0,0.0,0.490183283247489,0.0
2020-07-13,0.00020633739538581503,0.0,0.0,0.0,0.0,0.00020633739538581503,0.0,0.0,0.0,0.4906093874613205,0.0
2020-07-14,0.001984165582831335,0.0,0.0,0.0,0.0,0.001984165582831335,0.0,0.0,0.0,0.49071447211065305,0.0
2020-07-15,0.0015788330218777938,0.0,0.0,0.0,0.0,0.0015788330218777938,0.0,0.0,0.0,0.4917229778844787,0.0
2020-07-16,-0.0006741234638309695,0.0,0.0,0.0,0.0,-0.0006741234638309695,0.0,0.0,0.0,0.4925241974393651,0.0
2020-07-17,0.0015982826191104427,0.0,0.0,0.0,0.0,0.0015982826191104427,0.0,0.0,0.0,0.4921818653194182,0.0
2020-07-20,0.0006855369480221515,0.0,0.0,0.0,0.0,0.0006855369480221515,0.0,0.0,0.0,0.4929922070626234,0.0
2020-07-21,0.0025625956468107564,0.0,0.0,0.0,0.0,0.0025625956468107564,0.0,0.0,0.0,0.4933395415270086,0.0
2020-07-22,0.0031860286347355775,0.0,2.9604638607942205e-06,0.0,0.0,0.0031830681708747833,0.0,0.014371381419725889,0.0,0.5090059701494061,0.0
2020-07-23,-0.00033315812453078234,0.0,0.0,0.0,0.0,-0.00033315812453078234,0.0,0.0,0.0,0.5105668297592305,0.0
2020-07-24,1.9058400482768604e-05,0.0,0.0,0.0,0.0,1.9058400482768604e-05,0.0,0.0,0.0,0.5104037167797357,0.0
2020-07-27,0.003222343448384202,0.0,0.0,0.0,0.0,0.003222343448384202,0.0,0.0,0.0,0.5104130475239471,0.0
2020-07-28,6.479617603042287e-05,0.0,0.0,0.0,0.0,6.479617603042287e-05,0.0,0.0,0.0,0.5119855975364427,0.0
2020-07-29,0.0017625773048730656,0.0,0.0,0.0,0.0,0.0017625773048730656,0.0,0.0,0.0,0.5120172169547526,0.0
2020-07-30,-0.00039409713748878353,0.0,0.0,0.0,0.0,-0.00039409713748878353,0.0,0.0,0.0,0.5128758109949477,0.0
2020-07-31,0.0002568224221306265,0.0,0.0,0.0,0.0,0.0002568224221306265,0.0,0.0,0.0,0.5126837610601296,0.0
2020-08-03,0.0005510322805914766,0.0,0.0,0.0,0.0,0.0005510322805914766,0.0,0.0,0.0,0.5128088826629246,0.0
2020-08-04,0.0030777368785877873,0.0,0.0,0.0,0.0,0.0030777368785877873,0.0,0.0,0.0,0.5130771928478218,0.0
2020-08-05,0.0012450774246067597,0.0,4.0642327629741406e-05,0.0,0.0,0.0012044350969770182,0.0,0.19721651102773358,0.0,0.7093779603840487,0.0
2020-08-06,0.002610904293704854,0.0,0.0,0.0,0.0,0.002610904293704854,0.0,0.0,0.0,0.7097681681162589,0.0
2020-08-07,-0.0021260249134522967,0.0,0.0,0.0,0.0,-0.0021260249134522967,0.0,0.0,0.0,0.7105239623458949,0.0
2020-08-10,0.00036705171656059164,0.0,0.0,0.0,0.0,0.00036705171656059164,0.0,0.0,0.0,0.7099072178638605,0.0
2020-08-11,-0.006282464869228092,0.0,0.0,0.0,0.0,-0.006282464869228092,0.0,0.0,0.0,0.7100136578485267,0.0
2020-08-12,0.0012997720424681196,0.0,0.0,0.0,0.0,0.0012997720424681196,0.0,0.0,0.0,0.7081803109036293,0.0
2020-08-13,0.0015428406513065748,0.0,0.0,0.0,0.0,0.0015428406513065748,0.0,0.0,0.0,0.7085591176145863,0.0
2020-08-14,-0.0010580654336588991,0.0,0.0,0.0,0.0,-0.0010580654336588991,0.0,0.0,0.0,0.7090080717906299,0.0
2020-08-17,0.0026474037780855344,0.0,0.0,0.0,0.0,0.0026474037780855344,0.0,0.0,0.0,0.7086998571786908,0.0
2020-08-18,0.0018797932469204151,0.0,0.0,0.0,0.0,0.0018797932469204151,0.0,0.0,0.0,0.7094690100192169,0.0
2020-08-19,-0.0033140486460746543,0.0,2.3466436259162587e-06,0.0,0.0,-0.0033163952897005706,0.0,0.01007151166826488,0.0,0.718306944453175,0.0
2020-08-20,0.0013230112498644469,0.0,0.0,0.0,0.0,0.0013230112498644469,0.0,0.0,0.0,0.7173719848787155,0.0
2020-08-21,-0.0012481017025956602,0.0,0.0,0.0,0.0,-0.0012481017025956602,0.0,0.0,0.0,0.7177454108754534,0.0
2020-08-24,0.0003241955624673738,0.0,0.0,0.0,0.0,0.0003241955624673738,0.0,0.0,0.0,0.7173926882084403,0.0
2020-08-25,0.00023494084788719548,0.0,0.0,0.0,0.0,0.00023494084788719548,0.0,0.0,0.0,0.7174842785516614,0.0
2020-08-26,0.0011443710704874884,0.0,0.0,0.0,0.0,0.0011443710704874884,0.0,0.0,0.0,0.717550637444385,0.0
2020-08-27,-0.0016239725929186862,0.0,0.0,0.0,0.0,-0.0016239725929186862,0.0,0.0,0.0,0.7178734948550907,0.0
2020-08-28,0.002977072935307037,0.0,0.0,0.0,0.0,0.002977072935307037,0.0,0.0,0.0,0.71741458388416,0.0
2020-08-31,0.0014749975634111101,0.0,0.0,0.0,0.0,0.0014749975634111101,0.0,0.0,0.0,0.718253364168308,0.0
2020-09-01,0.0006193100983724228,0.0,0.0,0.0,0.0,0.0006193100983724228,0.0,0.0,0.0,0.7186683276994621,0.0
2020-09-02,-0.0002492096530433048,0.0,1.8938059140245327e-05,0.0,0.0,-0.00026814771218355014,0.0,0.09128310736407871,0.0,0.8090320362619665,0.0
2020-09-03,-0.004637625373179729,0.0,0.0,0.0,0.0,-0.004637625373179729,0.0,0.0,0.0,0.8089997580431996,0.0
2020-09-04,-0.0008707183828125632,0.0,0.0,0.0,0.0,-0.0008707183828125632,0.0,0.0,0.0,0.8081098433840138,0.0
2020-09-08,-0.0031183631215614582,0.0,0.0,0.0,0.0,-0.0031183631215614582,0.0,0.0,0.0,0.8079426154887653,0.0
2020-09-09,0.003302715202336606,0.0,0.0,0.0,0.0,0.003302715202336606,0.0,0.0,0.0,0.8073418373793811,0.0
2020-09-10,-0.0023242017195603116,0.0,0.0,0.0,0.0,-0.0023242017195603116,0.0,0.0,0.0,0.8079760378384251,0.0
2020-09-11,0.0011930444350204635,0.0,0.0,0.0,0.0,0.0011930444350204635,0.0,0.0,0.0,0.8075286957020098,0.0
2020-09-14,0.0024975048376001856,0.0,0.0,0.0,0.0,0.0024975048376001856,0.0,0.0,0.0,0.8077580488919563,0.0
2020-09-15,-3.043626422801786e-05,0.0,0.0,0.0,0.0,-3.043626422801786e-05,0.0,0.0,0.0,0.8082369779671563,0.0
2020-09-16,-0.00024622012822063616,0.0,0.0,0.0,0.0,-0.00024622012822063616,0.0,0.0,0.0,0.8082311412395005,0.0
2020-09-17,-0.0006829866787009754,3.0492263922457283e-15,5.169688515602083e-05,2.6334906029894353e-16,3.4891090276502224e-17,-0.0007346835638569962,2.7509862416702825e-15,0.2500000000018885,1.2735247950923313e-12,0.9999999999932626,1.2735247950923313e-12
2020-09-18,-0.0015109433459242377,5.112611599708041e-15,0.0,0.0,3.483314116368998e-17,-0.0015109433459242377,5.077778458544351e-15,0.0,0.0,1.000051734887187,1.2714096524746842e-12
2020-09-21,-0.007920592316050098,2.113365683952229e-14,0.0,0.0,1.0423670459424637e-16,-0.007920592316050098,2.1029420134928044e-14,0.0,0.0,1.0000518131739522,1.2682132392299975e-12
2020-09-22,-0.0009298534620727511,8.18039027229037e-17,0.0,0.0,3.443934390380244e-17,-0.0009298534620727511,4.7364558819101257e-17,0.0,0.0,1.0000522268414502,1.2570360524887892e-12
2020-09-23,-0.008063597177244575,1.523318615689105e-14,0.0,0.0,3.446915396313547e-17,-0.008063597177244575,1.5198717002927916e-14,0.0,0.0,1.0000522754499586,1.2581241196544445e-12
2020-09-24,0.0016592859179166003,-5.799505895462419e-15,0.0,0.0,3.43286185488217e-17,0.0016592859179166003,-5.8338345140112405e-15,0.0,0.0,1.0000527004047786,1.2529945770319923e-12
2020-09-25,0.001152428246298098,-4.8272931432920205e-15,0.0,0.0,3.4430379277816126e-17,0.001152428246298098,-4.8617235225698365e-15,0.0,0.0,1.000052613104601,1.2567088436402882e-12
2020-09-28,0.004110276808224933,-1.1679571114042554e-14,0.0,0.0,1.0356854633522072e-16,0.004110276808224933,-1.1783139660377775e-14,0.0,0.0,1.0000525525415724,1.260083980411852e-12
2020-09-29,0.0017050336629144858,1.7478509695327014e-14,0.0,0.0,3.470020956150592e-17,0.0017050336629144858,1.7443809485765508e-14,0.0,0.0,1.0000523374202992,1.266557648994966e-12
2020-09-30,-0.0008669791721608931,-1.15248351555125e-14,0.0,0.0,3.416309705167877e-17,-0.0008669791721608931,-1.1558998252564179e-14,0.0,0.0,1.000052248335112,1.2469530423862748e-12
2020-10-01,0.0012641304742960166,9.06640939273624e-16,9.987202323398052e-06,3.847728044442761e-16,1.5742510575707483e-17,0.0012541432719726186,5.061256242536405e-16,0.047607944216733554,1.834171534422927e-12,1.0000000000369569,5.746016360133231e-13
2020-10-02,-0.000469425175735892,-1.3583330878722244e-15,0.0,0.0,1.5697983577431984e-17,-0.000469425175735892,-1.3740310714496563e-15,0.0,0.0,1.0000099747295397,5.729764005762674e-13
2020-10-05,0.0019362763696709065,2.4913967661020186e-15,0.0,0.0,4.722776444936382e-17,0.0019362763696709065,2.4441690016526547e-15,0.0,0.0,1.0000099794141295,5.746044674672598e-13
2020-10-06,-0.0029945883931994945,-1.5823522128480773e-15,0.0,0.0,1.564403952009232e-17,-0.0029945883931994945,-1.5979962523681697e-15,0.0,0.0,1.000009960128566,5.710074424833697e-13
2020-10-07,0.0016900728595406367,6.802594922756462e-16,0.0,0.0,1.573451001658118e-17,0.0016900728595406367,6.64524982259065e-16,0.0,0.0,1.0000099900446386,5.74309615605213e-13
2020-10-08,0.003001640371678047,2.262036536698084e-16,0.0,0.0,1.5689356614419766e-17,0.003001640371678047,2.105142970553886e-16,0.0,0.0,1.0000099731892218,5.726615164263214e-13
2020-10-09,0.005196301755618455,3.385147333373487e-15,0.0,0.0,1.5636224930034615e-17,0.005196301755618455,3.3695111084434524e-15,0.0,0.0,1.0000099433428824,5.707222099462635e-13
2020-10-12,0.0008460403949699085,6.735296036129578e-16,0.0,0.0,4.638939023252184e-17,0.0008460403949699085,6.27140213380436e-16,0.0,0.0,1.0000098919413667,5.644042478290157e-13
2020-10-13,-0.003963860895643571,-3.3647516319404414e-15,0.0,0.0,1.5431621436559647e-17,-0.003963860895643571,-3.380183253377001e-15,0.0,0.0,1.0000098835794589,5.632541824344272e-13
2020-10-14,0.0004913036363725095,1.3512767772877342e-15,0.0,0.0,1.5585585505698995e-17,0.0004913036363725095,1.3356911917820352e-15,0.0,0.0,1.0000099229125066,5.688738709580133e-13
2020-10-15,-0.00127400555516194,-2.542349000965604e-14,5.269236781604364e-05,1.6989092820819408e-15,2.3637679999092863e-16,-0.0013266979229779837,-2.735877609172891e-14,0.2500000000052812,8.0605092944815e-12,0.9999999999876794,8.627753199668896e-12
2020-10-16,-0.0004512138333122695,2.1935299752913255e-14,0.0,0.0,2.3738827649717055e-16,-0.0004512138333122695,2.1697911476416084e-14,0.0,0.0,1.0000527623552296,8.664672092146724e-12
2020-10-19,-0.0004784252870063625,4.7881430018502444e-14,0.0,0.0,7.106825979612362e-16,-0.0004784252870063625,4.7170747420541206e-14,0.0,0.0,1.0000527861730595,8.64663827519504e-12
2020-10-20,0.0010675997975398892,-4.3202818236061235e-14,0.0,0.0,2.3569514183577276e-16,0.0010675997975398892,-4.3438513377897006e-14,0.0,0.0,1.0000528114393403,8.602872677005704e-12
2020-10-21,0.0017825081144986123,2.1813729849668003e-14,0.0,0.0,2.366261586524955e-16,0.0017825081144986123,2.1577103691015507e-14,0.0,0.0,1.0000527551180303,8.636854790816086e-12
2020-10-22,-0.0025952887104471124,-2.6851420756300498e-14,0.0,0.0,2.3560854806947387e-16,-0.0025952887104471124,-2.7087029304369973e-14,0.0,0.0,1.0000526612489054,8.599712004535796e-12
2020-10-23,0.0011726172740024088,2.3640556164899508e-15,0.0,0.0,2.369591809197444e-16,0.0011726172740024088,2.1270964355702065e-15,0.0,0.0,1.0000527982757015,8.64901010357067e-12
2020-10-26,-0.0018432843425241101,1.0289086545823473e-13,0.0,0.0,7.098508534454349e-16,-0.0018432843425241101,1.021810146047893e-13,0.0,0.0,1.0000527364360432,8.636518716919458e-12
2020-10-27,0.001094979769839813,1.635489267689599e-14,0.0,0.0,2.342297754052383e-16,0.001094979769839813,1.6120662901490754e-14,0.0,0.0,1.0000528338237014,8.549386802291197e-12
2020-10-28,-0.00686046859390265,1.9736018760761144e-13,0.0,0.0,2.3352598991911947e-16,-0.00686046859390265,1.9712666161769233e-13,0.0,0.0,1.0000527760349944,8.523698632047858e-12
2020-10-29,-0.0024720462521878126,-4.55667215555527e-14,1.0630889653571584e-08,0.0,2.296946745926983e-16,-0.002472056883077466,-4.57964162301454e-14,5.3140604243665516e-05,0.0,1.0,8.383855622633486e-12
2020-10-30,-0.0009308349617068626,4.215973825421036e-14,0.0,0.0,2.315153971540711e-16,-0.0009308349617068626,4.192822285705629e-14,0.0,0.0,1.0000000106572808,8.450311996123597e-12
2020-11-02,0.002711247471241509,-8.323010166751648e-14,0.0,0.0,6.917248892068414e-16,0.002711247471241509,-8.392182655672332e-14,0.0,0.0,1.000000010667168,8.41598615201657e-12
2020-11-03,0.003205058166671118,-6.604292949632534e-14,0.0,0.0,2.3222561870550793e-16,0.003205058166671118,-6.627515511503086e-14,0.0,0.0,1.0000000106384088,8.47623508275104e-12
2020-11-04,0.004493063666128101,-8.972682332566002e-14,0.0,0.0,2.3328731462128216e-16,0.004493063666128101,-8.99601106402813e-14,0.0,0.0,1.000000010604487,8.514986983676799e-12
2020-11-05,0.007506569936746196,-9.169683837971532e-14,0.0,0.0,2.346911016917384e-16,0.007506569936746196,-9.193152948140706e-14,0.0,0.0,1.0000000105571434,8.566225211748454e-12
2020-11-06,5.4043628189419195e-05,2.5716550955365328e-14,0.0,0.0,2.354360268380599e-16,5.4043628189419195e-05,2.5481114928527268e-14,0.0,0.0,1.000000010478577,8.593414979589187e-12
2020-11-09,-0.006626099659094987,-1.5526054005529543e-13,0.0,0.0,7.041563362313202e-16,-0.006626099659094987,-1.5596469639152675e-13,0.0,0.0,1.0000000104779851,8.56723542414773e-12
2020-11-10,0.0016781169555246498,-7.561427186900917e-14,0.0,0.0,2.4056650983881616e-16,0.0016781169555246498,-7.585483837884799e-14,0.0,0.0,1.0000000105480338,8.780677609116785e-12
2020-11-11,-7.37632070167629e-05,-2.44700314084633e-14,0.0,0.0,2.4223164070222967e-16,-7.37632070167629e-05,-2.471226304916553e-14,0.0,0.0,1.000000010530438,8.841454885631382e-12
2020-11-12,0.0005343039852920685,6.98508166150132e-14,2.107273293395985e-12,1.0052418378084586e-15,1.5225854216534316e-16,0.0005343039831847952,6.86933162350394e-14,1.0536326805133657e-08,5.026190268977508e-12,0.999999999994913,5.5574367890350254e-12
2020-11-13,0.002895629115644973,-4.9478756037584594e-14,0.0,0.0,1.50264534223015e-16,0.002895629115644973,-4.962902057180761e-14,0.0,0.0,0.9999999999969529,5.484655499140049e-12
2020-11-16,0.0022128036853099457,-5.2432785190684115e-14,0.0,0.0,4.535470457097779e-16,0.0022128036853099457,-5.2886332236393896e-14,0.0,0.0,0.9999999999970114,5.518155722802299e-12
2020-11-17,0.0009844595907773867,1.043319138077523e-15,0.0,0.0,1.522818932979967e-16,0.0009844595907773867,8.910372447795263e-16,0.0,0.0,0.9999999999970707,5.55828910537688e-12
2020-11-18,-0.0005724364069037125,1.6099393027305083e-14,0.0,0.0,1.5210356939434015e-16,-0.0005724364069037125,1.5947289457910743e-14,0.0,0.0,0.9999999999970728,5.551780282893414e-12
2020-11-19,0.0006076319630918924,-1.4019883103577345e-15,0.0,0.0,1.5174935698998096e-16,0.0006076319630918924,-1.5537376673477154e-15,0.0,0.0,0.9999999999970552,5.538851530134305e-12
2020-11-20,0.0010701976572549618,5.130682349613397e-15,0.0,0.0,1.516955925379349e-16,0.0010701976572549618,4.978986757075462e-15,0.0,0.0,0.9999999999970587,5.536889127634624e-12
2020-11-23,-0.0020402454900254586,-4.4554830506920085e-14,0.0,0.0,4.541790163753568e-16,-0.0020402454900254586,-4.500900952329544e-14,0.0,0.0,0.9999999999970565,5.525844699233509e-12
2020-11-24,-0.00013542427980406,-8.745651626485459e-14,0.0,0.0,1.5292569169911813e-16,-0.00013542427980406,-8.760944195655371e-14,0.0,0.0,0.9999999999970957,5.581787747017813e-12
2020-11-25,-0.00010307835488895163,2.7397541717107202e-14,0.0,0.0,1.55342797824413e-16,-0.00010307835488895163,2.724219891928279e-14,0.0,0.0,0.9999999999971829,5.670012120591075e-12
2020-11-27,0.0012466026290662404,-1.2044442603577672e-14,1.2957223940464493e-05,7.380396325338565e-16,1.1851256049715097e-16,0.0012336454051257758,-1.290099479660868e-14,0.062478278073399104,3.5587441879920592e-12,1.000000000002043,2.1628542290730053e-12
2020-11-30,-0.0018177663031784838,4.542611344395362e-14,0.0,0.0,1.7853854168074185e-16,-0.0018177663031784838,4.524757490227288e-14,0.0,0.0,1.000012941261069,2.1722189237823594e-12
2020-12-01,0.0029459451802967933,-2.857286446645833e-15,0.0,0.0,5.837440720403583e-17,0.0029459451802967933,-2.9156608538498688e-15,0.0,0.0,1.0000129648280514,2.1306658629473075e-12
2020-12-02,0.0005060973328088028,-1.4918559685073497e-14,0.0,0.0,5.82809964040327e-17,0.0005060973328088028,-1.497684068147753e-14,0.0,0.0,1.0000129267465676,2.1272563687471934e-12
2020-12-03,0.002944332446356983,-3.3911121969284016e-15,0.0,0.0,5.86600363786846e-17,0.002944332446356983,-3.4497722333070864e-15,0.0,0.0,1.0000129202077002,2.1410913278219885e-12
2020-12-04,-0.0014090132081734938,-1.2257792513318021e-14,0.0,0.0,5.858046320362924e-17,-0.0014090132081734938,-1.231637297652165e-14,0.0,0.0,1.0000128822779941,2.138186906932467e-12
2020-12-07,0.0017789293909263298,7.162996050238365e-15,0.0,0.0,1.7699827231001373e-16,0.0017789293909263298,6.985997777928352e-15,0.0,0.0,1.0000129004549179,2.1534789797718346e-12
2020-12-08,0.0002584882145202871,-1.3852303803362586e-15,0.0,0.0,5.869875669271617e-17,0.0002584882145202871,-1.4439291370289748e-15,0.0,0.0,1.0000128775466646,2.1425046192841404e-12
2020-12-09,-0.0025413061340590994,-5.87265699144008e-15,0.0,0.0,5.872152938670068e-17,-0.0025413061340590994,-5.931378520826781e-15,0.0,0.0,1.0000128742188321,2.1433358226145747e-12
2020-12-10,0.0017805955724691147,-3.053779920303924e-14,0.0,0.0,5.903244360984949e-17,0.0017805955724691147,-3.0596831646649094e-14,0.0,0.0,1.000012907019526,2.154684191759506e-12
2020-12-11,-0.0002286641804014548,-1.5561503087781911e-15,5.171154896332565e-05,4.761308844981855e-16,1.999515491408625e-17,-0.00028037572936478046,-2.052276348190463e-15,0.2500000000060281,2.3018595171425974e-12,1.000000000006089,7.298231543641482e-13
2020-12-14,-0.0001567284135131272,2.7388611334982367e-15,0.0,0.0,6.013022656349354e-17,-0.0001567284135131272,2.678730906934743e-15,0.0,0.0,1.0000517260577853,7.315844231891715e-13
2020-12-15,0.003942546730462384,5.660718949733965e-16,0.0,0.0,1.9971501664940493e-17,0.003942546730462384,5.46100393308456e-16,0.0,0.0,1.0000517341659962,7.28959810770328e-13
2020-12-16,0.0019303316613541023,1.2406761286349206e-15,0.0,0.0,1.9877624382880032e-17,0.0019303316613541023,1.2207985042520405e-15,0.0,0.0,1.00005153100261,7.255332899751212e-13
2020-12-17,0.004719911768174828,1.2855273635741184e-15,0.0,0.0,1.9805402261017794e-17,0.004719911768174828,1.2657219613131006e-15,0.0,0.0,1.000051431722327,7.228971825271496e-13
2020-12-18,-0.0010396734454196526,1.7323805349589203e-15,0.0,0.0,1.9677307179525982e-17,-0.0010396734454196526,1.7127032277793944e-15,0.0,0.0,1.0000511901095253,7.182217120526985e-13
2020-12-21,-0.000960763874709461,-7.48964490296713e-16,0.0,0.0,5.895082370333831e-17,-0.000960763874709461,-8.079153140000513e-16,0.0,0.0,1.000051243385911,7.172350217239495e-13
2020-12-22,-0.0032156757444591804,-1.7443631810466457e-15,0.0,0.0,1.968971130618252e-17,-0.0032156757444591804,-1.7640528923528281e-15,0.0,0.0,1.0000512926660523,7.186744626756619e-13
2020-12-23,0.004262629009678602,2.3495355679928424e-15,0.0,0.0,1.9801176240414083e-17,0.004262629009678602,2.329734391752428e-15,0.0,0.0,1.0000514581387425,7.227429327751139e-13
2020-12-24,-0.00014398571357457848,-1.6088501826977882e-15,0.0,0.0,1.965303181937338e-17,-0.00014398571357457848,-1.6285032145171617e-15,0.0,0.0,1.0000512397228114,7.173356614071284e-13
2020-12-28,-0.0005169902268203855,-1.0366668105398255e-15,2.4621040197619715e-05,7.215445663915553e-16,3.4960195638163184e-16,-0.0005416112670180053,-2.1078133333130127e-15,0.11811070612726482,3.4613540920597147e-12,0.999999999995719,3.19011785198239e-12
2020-12-29,0.0030623786059746786,-1.2177613041221115e-14,0.0,0.0,8.747626905875281e-17,0.0030623786059746786,-1.2265089310279867e-14,0.0,0.0,1.0000246343781756,3.192883820644478e-12
2020-12-30,0.005468526685568008,-1.3569023145883063e-14,0.0,0.0,8.754181610798268e-17,0.005468526685568008,-1.3656564961991046e-14,0.0,0.0,1.000024559168715,3.195276287941367e-12
2020-12-31,0.0022209493656784106,-9.74661741906129e-15,0.0,0.0,8.743542719986867e-17,0.0022209493656784106,-9.834052846261159e-15,0.0,0.0,1.0000244255967012,3.1913930927952055e-12
2021-01-04,0.0009835955899671265,2.1785872300526457e-14,0.0,0.0,3.5003242695973845e-16,0.0009835955899671265,2.143583987356672e-14,0.0,0.0,1.0000243714689123,3.1940458960076133e-12
2021-01-05,0.005528628485404785,-4.4195356441355995e-14,0.0,0.0,8.682583202074885e-17,0.005528628485404785,-4.428218227337674e-14,0.0,0.0,1.0000243475207768,3.1691428687573338e-12
2021-01-06,-0.003977787879302097,-2.3217453400390848e-14,0.0,0.0,8.755261780729639e-17,-0.003977787879302097,-2.3305006018198144e-14,0.0,0.0,1.0000242136525321,3.1956705499663176e-12
2021-01-07,-0.0009572125163236499,-1.819347333437552e-14,0.0,0.0,8.854090937715061e-17,-0.0009572125163236499,-1.8282014243752674e-14,0.0,0.0,1.000024310353987,3.2317431922659965e-12
2021-01-08,-0.0026722737269733476,-3.064885463952506e-14,0.0,0.0,8.912467195288826e-17,-0.0026722737269733476,-3.073797931147795e-14,0.0,0.0,1.0000243336464762,3.2530505262804207e-12
2021-01-11,-0.005070693310848589,1.841785062418601e-14,0.0,0.0,2.7061626052473975e-16,-0.005070693310848589,1.814723436366127e-14,0.0,0.0,1.0000243988469044,3.2924978363843336e-12
2021-01-12,0.007487440188648711,-1.0006467757849374e-13,3.3140945082291132e-06,1.7008614251460863e-15,3.024243828419932e-16,0.007484126094140482,-1.0206796338648182e-13,0.016275269888547286,8.35280305632068e-12,0.9999999999910903,1.1038489973732748e-11
2021-01-13,-0.00021449653104247028,3.878446140450674e-15,0.0,0.0,3.0289894694515334e-16,-0.00021449653104247028,3.575547193505521e-15,0.0,0.0,1.0000032894669155,1.1055811563498097e-11
2021-01-14,0.0028574506233737373,-6.053799666759498e-14,0.0,0.0,3.0285765006212174e-16,0.0028574506233737373,-6.08408543176571e-14,0.0,0.0,1.0000032901726426,1.1054304227267443e-11
2021-01-15,-0.0027072197649655938,1.2188240657424668e-13,0.0,0.0,3.0364856453329497e-16,-0.0027072197649655938,1.215787580097134e-13,0.0,0.0,1.000003280797985,1.108317260546527e-11
2021-01-19,0.005876310385996537,-3.3603203255937686e-14,0.0,0.0,1.2044981231960829e-15,0.005876310385996537,-3.480770137913377e-14,0.0,0.0,1.000003289703815,1.0991045374164257e-11
2021-01-20,0.00472346848791818,-7.167469482677947e-14,0.0,0.0,3.002806243530737e-16,0.00472346848791818,-7.197497545113254e-14,0.0,0.0,1.000003270485462,1.0960242788887192e-11
2021-01-21,0.0008424788178798355,5.5026045909412047e-14,0.0,0.0,3.008233848435847e-16,0.0008424788178798355,5.4725222524568463e-14,0.0,0.0,1.0000032551101237,1.0980053546790842e-11
2021-01-22,-0.00515279965251857,7.301595851310986e-14,0.0,0.0,2.9906386696882615e-16,-0.00515279965251857,7.271689464614104e-14,0.0,0.0,1.0000032523700162,1.0915831144362155e-11
2021-01-25,0.004536425757618985,-4.00813704513273e-14,0.0,0.0,8.958061991193478e-16,0.004536425757618985,-4.097717665044665e-14,0.0,0.0,1.0000032692155563,1.0898975422618731e-11
2021-01-26,0.0012445449073873942,2.6719256621894073e-15,0.0,0.0,2.9834675819295203e-16,0.0012445449073873942,2.3735789039964553e-15,0.0,0.0,1.0000032544520172,1.0889656674042746e-11
2021-01-27,-0.008061128302234474,-4.4185872899364953e-16,2.0327008940174986e-05,2.255561525425735e-15,8.076910075015662e-18,-0.00808145531117465,-2.7054971644944e-15,0.10064780209390342,1.1168259466496696e-11,1.000000000003953,2.9480721773807164e-13
2021-01-28,0.0013618490533332359,9.225018662286122e-16,0.0,0.0,8.154919410399624e-18,0.0013618490533332359,9.143469468182125e-16,0.0,0.0,1.000020492623114,2.976545584795863e-13
2021-01-29,-0.0030221241773039855,8.140391233048506e-16,0.0,0.0,8.118589093795539e-18,-0.0030221241773039855,8.059205342110551e-16,0.0,0.0,1.000020464753208,2.9632850192353713e-13
2021-02-01,0.005044891423054397,-3.185183522141815e-16,0.0,0.0,2.4362486415398675e-17,0.005044891423054397,-3.4288083862958015e-16,0.0,0.0,1.000020526787709,2.9641025138735045e-13
2021-02-02,-0.0006819123123241323,1.0079978972839815e-15,0.0,0.0,8.088748477513092e-18,-0.0006819123123241323,9.999091488064683e-16,0.0,0.0,1.000020423752097,2.9523931942922784e-13
2021-02-03,0.000602217989579317,1.209073768710367e-15,0.0,0.0,8.066632833013407e-18,0.000602217989579317,1.2010071358773536e-15,0.0,0.0,1.0000204376888078,2.9443209840498933e-13
2021-02-04,-0.002318208426507705,3.078744799950675e-16,0.0,0.0,8.028672513261678e-18,-0.002318208426507705,2.998458074818058e-16,0.0,0.0,1.0000204253882705,2.930465467340512e-13
2021-02-05,0.00451839466974985,1.019711206776061e-15,0.0,0.0,8.038873380010706e-18,0.00451839466974985,1.0116723333960502e-15,0.0,0.0,1.0000204728486002,2.9341887837039076e-13
2021-02-08,0.0033948901797767692,-4.052902205752369e-16,0.0,0.0,2.3924706991477484e-17,0.0033948901797767692,-4.292149275667144e-16,0.0,0.0,1.0000203807602808,2.9108393506297603e-13
2021-02-09,0.0028034080058716537,-2.1810049122128452e-16,0.0,0.0,7.958986287762792e-18,0.0028034080058716537,-2.260594775090473e-16,0.0,0.0,1.0000203118039375,2.9050299950334185e-13
2021-02-10,-0.00026225076391822306,-4.386391882910479e-15,4.030790194208712e-05,1.8846001797998775e-16,3.35645251312773e-17,-0.00030255866586031017,-4.6084164260217436e-15,0.20002025503417517,9.351967987384293e-13,1.000000000019767,1.2251051672916213e-12
2021-02-11,0.001949272415586828,2.8662615866843268e-15,0.0,0.0,3.3694894933814674e-17,0.001949272415586828,2.832566691750512e-15,0.0,0.0,1.0000403201209158,1.2298636650842355e-12
2021-02-12,-0.0002181497580163134,7.640606257253785e-15,0.0,0.0,3.3550967244145627e-17,-0.0002181497580163134,7.60705529000964e-15,0.0,0.0,1.0000402416789183,1.2246103044113154e-12
2021-02-16,-0.0003123075785598495,1.0656462757520153e-14,0.0,0.0,1.3339564249058754e-16,-0.0003123075785598495,1.0523067115029565e-14,0.0,0.0,1.0000402504595387,1.2172352377266114e-12
2021-02-17,-0.00018906619576619925,-3.2276139902403652e-15,0.0,0.0,3.30672799009943e-17,-0.00018906619576619925,-3.2606812701413597e-15,0.0,0.0,1.0000402630339786,1.206955716386292e-12
2021-02-18,-0.0020134902607099273,1.8304357284934206e-15,0.0,0.0,3.316197749047715e-17,-0.0020134902607099273,1.7972737510029434e-15,0.0,0.0,1.0000402706478,1.210412178402416e-12
2021-02-19,0.0017491063114318417,8.165528530149548e-15,0.0,0.0,3.317863342166697e-17,0.0017491063114318417,8.132349896727881e-15,0.0,0.0,1.0000403518959478,1.2110201198908443e-12
2021-02-22,-0.0010791299255941999,4.222675735643093e-15,0.0,0.0,9.869213789247851e-17,-0.0010791299255941999,4.123983597750614e-15,0.0,0.0,1.0000402814394198,1.2007543443584885e-12
2021-02-23,0.0011323777560724724,8.501955371059043e-16,0.0,0.0,3.281710346973621e-17,0.0011323777560724724,8.173784336361681e-16,0.0,0.0,1.0000403249552816,1.1978242766453718e-12
2021-02-24,-0.0007319829094328905,3.70501222454468e-15,0.0,0.0,3.2756717463105155e-17,-0.0007319829094328905,3.672255507081575e-15,0.0,0.0,1.0000402793438479,1.195620187403338e-12
2021-02-25,-0.008971201792574894,3.4144895571762385e-14,5.1028305423506954e-05,2.5902537708710087e-16,6.744701905298689e-17,-0.009022230097998402,3.38184231756223e-14,0.2500000000065358,1.2690279196227665e-12,1.0000000000137559,2.4618161954340215e-12
2021-02-26,-0.005189082024010616,-2.4986824707299548e-14,0.0,0.0,6.711708827591036e-17,-0.005189082024010616,-2.5053941795575457e-14,0.0,0.0,1.0000514928999371,2.449773722070728e-12
2021-03-01,0.005130546719399739,1.2200684055735687e-14,0.0,0.0,2.0446596712202911e-16,0.005130546719399739,1.1996218088613658e-14,0.0,0.0,1.0000517614946034,2.4876692666513546e-12
2021-03-02,-0.0013958763357378007,-4.020435806629993e-15,0.0,0.0,6.747487406364425e-17,-0.0013958763357378007,-4.087910680693637e-15,0.0,0.0,1.0000514972853631,2.4628329033230155e-12
2021-03-03,-0.003397816688907578,1.7263524247550046e-14,0.0,0.0,6.767949519561181e-17,-0.003397816688907578,1.7195844752354435e-14,0.0,0.0,1.0000515692696903,2.470301574639831e-12
2021-03-04,-0.008241603516236732,1.3653045379664824e-14,0.0,0.0,6.74356559256862e-17,-0.008241603516236732,1.3585609723739138e-14,0.0,0.0,1.0000517450900035,2.4614014412875465e-12
2021-03-05,0.004152395990252862,-4.3662708117099715e-16,0.0,0.0,6.761888795260042e-17,0.004152395990252862,-5.042459691235976e-16,0.0,0.0,1.0000521750964482,2.4680894102699153e-12
2021-03-08,-0.007594600866144706,1.392124637154077e-14,0.0,0.0,2.0205354468638576e-16,-0.007594600866144706,1.3719192826854385e-14,0.0,0.0,1.000051959340691,2.4583181270176935e-12
2021-03-09,0.006598837989741359,-2.280530581875018e-14,0.0,0.0,6.748227852286767e-17,0.006598837989741359,-2.2872788097273048e-14,0.0,0.0,1.0000523569709743,2.4631031660846693e-12
2021-03-10,0.0008904303490347539,-5.604052469515125e-15,0.0,0.0,6.766060008377157e-17,0.0008904303490347539,-5.671713069598896e-15,0.0,0.0,1.0000520137407487,2.469611903057662e-12
2021-03-11,0.006616689459023751,6.973255769251079e-15,8.2212164616334e-07,1.9580291852824594e-16,7.788268975587147e-17,0.006615867337377588,6.699570160966962e-15,0.0041002692177523475,9.765521724602877e-13,1.0000000000123723,2.842718176089309e-12
2021-03-12,-0.004825440322996831,3.0178964028593735e-14,0.0,0.0,7.718102224844488e-17,-0.004825440322996831,3.010178300634529e-14,0.0,0.0,1.0000008167306298,2.8171073120682383e-12
2021-03-15,0.0010978750200312467,-8.001561397412704e-15,0.0,0.0,2.301732914302012e-16,0.0010978750200312467,-8.231734688842905e-15,0.0,0.0,1.000000820690794,2.8004417124007815e-12
2021-03-16,0.001465559109484952,3.977303468771841e-15,0.0,0.0,7.685926946493405e-17,0.001465559109484952,3.900444199306907e-15,0.0,0.0,1.0000008197907746,2.805363335470093e-12
2021-03-17,0.0011914835315910944,7.964024761680511e-15,0.0,0.0,7.663798474992843e-17,0.0011914835315910944,7.887386776930584e-15,0.0,0.0,1.0000008185910771,2.797286443372388e-12
2021-03-18,-0.006961780773262403,1.77256924223093e-14,0.0,0.0,7.632884772565327e-17,-0.006961780773262403,1.7649363574583647e-14,0.0,0.0,1.0000008176168924,2.786002941986344e-12
2021-03-19,0.0011017730923574196,-5.637244671357621e-15,0.0,0.0,7.637491775077839e-17,0.0011017730923574196,-5.7136195891083994e-15,0.0,0.0,1.0000008233488487,2.787684497903411e-12
2021-03-22,0.0014125794618663906,-1.4328870363084196e-14,0.0,0.0,2.293354128438082e-16,0.0014125794618663906,-1.4558205775928005e-14,0.0,0.0,1.0000008224427093,2.790247522933e-12
2021-03-23,-0.005538299354791772,-1.3113063546290394e-14,0.0,0.0,7.67293231393837e-17,-0.005538299354791772,-1.3189792869429778e-14,0.0,0.0,1.0000008212825968,2.800620294587505e-12
2021-03-24,-0.00474822708217903,-7.710526869373718e-15,0.0,0.0,7.751790250377304e-17,-0.00474822708217903,-7.788044771877491e-15,0.0,0.0,1.0000008258564503,2.829403441387716e-12
2021-03-25,0.0010123022737779034,9.473431127703423e-15,1.2361962685362402e-06,4.747463206469417e-17,8.168007529908561e-17,0.0010110660775093671,9.344276420339644e-15,0.006154768335482588,2.3636648128411663e-13,1.0000000000016809,2.9813227484166245e-12
2021-03-26,0.006697719459730237,7.991117934094526e-15,0.0,0.0,8.133829085410644e-17,0.006697719459730237,7.90977964324042e-15,0.0,0.0,1.0000012349493248,2.9688476161748852e-12
2021-03-29,-0.0023921970664265626,1.350298925840362e-14,0.0,0.0,2.417389685546923e-16,-0.0023921970664265626,1.3261250289848929e-14,0.0,0.0,1.0000012267330036,2.9411574507487565e-12
2021-03-30,-0.0037136555703336017,-3.2584021947167144e-15,0.0,0.0,8.04020488190268e-17,-0.0037136555703336017,-3.338804243535741e-15,0.0,0.0,1.0000012296746141,2.9346747818944777e-12
2021-03-31,0.004187875640373393,6.094410816583933e-15,0.0,0.0,8.079135136406092e-17,0.004187875640373393,6.0136194652198715e-15,0.0,0.0,1.0000012342582274,2.9488843247882235e-12
2021-04-01,0.00316154322081998,-2.203969215290318e-14,0.0,0.0,8.028814444038928e-17,0.00316154322081998,-2.211998029734357e-14,0.0,0.0,1.000001229110858,2.9305172720742092e-12
2021-04-05,0.00253666452087724,8.99247120553028e-15,0.0,0.0,3.225481366159433e-16,0.00253666452087724,8.669923068914337e-15,0.0,0.0,1.0000012252372397,2.9432517466204823e-12
2021-04-06,9.923394199137228e-05,-1.4547623012418782e-14,0.0,0.0,8.018725691023035e-17,9.923394199137228e-05,-1.4627810269329012e-14,0.0,0.0,1.000001222137079,2.926834877223408e-12
2021-04-07,-0.0024929399053614134,7.805421049479175e-15,0.0,0.0,8.057782586897231e-17,-0.0024929399053614134,7.724843223610203e-15,0.0,0.0,1.0000012220158283,2.94109064421749e-12
2021-04-08,0.004376561450481771,-1.3275281049992713e-14,0.0,0.0,8.056482197660499e-17,0.004376561450481771,-1.3355845871969318e-14,0.0,0.0,1.0000012250698462,2.9406160021460823e-12
2021-04-09,-0.0004077577928139022,9.038878230564676e-15,1.5662351976284236e-05,1.2426848994678894e-16,9.708196312476334e-17,-0.00042342014479018644,8.817527777493124e-15,0.07593338697779514,6.02471924431519e-13,1.0000000000059108,3.543491654053861e-12
2021-04-12,-0.001068876460311586,2.7750219908325404e-15,0.0,0.0,2.9062602478938097e-16,-0.001068876460311586,2.4843959660431595e-15,0.0,0.0,1.0000156689924449,3.5359499682708014e-12
2021-04-13,0.0035480428127134876,-1.6452030972941676e-14,0.0,0.0,9.690289081564023e-17,0.0035480428127134876,-1.6548933863757315e-14,0.0,0.0,1.0000156857585807,3.536955514770868e-12
2021-04-14,0.0023380564883964095,6.4618260271728e-15,0.0,0.0,9.700943775186211e-17,0.0023380564883964095,6.364816589420938e-15,0.0,0.0,1.000015630301618,3.5408444779429667e-12
2021-04-15,0.004659911189125247,-3.167198914173734e-14,0.0,0.0,9.660652989829972e-17,0.004659911189125247,-3.176859567163564e-14,0.0,0.0,1.0000155938423274,3.52613834128794e-12
2021-04-16,0.0012324609521750787,1.3324729498969384e-14,0.0,0.0,9.702214106746028e-17,0.0012324609521750787,1.3227707357901924e-14,0.0,0.0,1.0000155215134847,3.5413081489623e-12
2021-04-19,0.0013543421206491978,5.0233662002332765e-15,0.0,0.0,2.8961430163792615e-16,0.0013543421206491978,4.73375189859535e-15,0.0,0.0,1.0000155024073598,3.5236406699281014e-12
2021-04-20,-0.0007430550703138703,-1.0685068685403428e-14,0.0,0.0,9.627009143494657e-17,-0.0007430550703138703,-1.0781338776838374e-14,0.0,0.0,1.0000154814401887,3.5138583373755497e-12
2021-04-21,0.0037876518988275987,-3.6610308842731594e-15,0.0,0.0,9.663463790042674e-17,0.0037876518988275987,-3.7576655221735865e-15,0.0,0.0,1.0000154929523162,3.5271642833655757e-12
2021-04-22,0.0012291868996441111,-5.674763919309704e-15,0.0,0.0,9.636992438933146e-17,0.0012291868996441111,-5.7711338436990355e-15,0.0,0.0,1.0000154344918377,3.517502240210599e-12
2021-04-23,0.005250192245841914,-5.429137263060751e-14,1.760940078667431e-05,2.2379713486268595e-15,2.161286742599661e-16,0.00523258284505524,-5.674547265349433e-14,0.08516971387032055,1.0824183157712258e-11,0.9999999999574178,7.88869661048876e-12
2021-04-26,0.001072906034399843,-1.3423301367867445e-14,0.0,0.0,6.494500263133036e-16,0.001072906034399843,-1.4072751394180749e-14,0.0,0.0,1.0000175176954684,7.90164198681186e-12
2021-04-27,-0.0019036095046062777,-3.943731863721711e-14,0.0,0.0,2.1661869228363406e-16,-0.0019036095046062777,-3.965393732950074e-14,0.0,0.0,1.000017498920785,7.906582268352643e-12
2021-04-28,-0.0007498311097285731,-3.11567260115712e-14,0.0,0.0,2.1811437135726103e-16,-0.0007498311097285731,-3.137484038292846e-14,0.0,0.0,1.0000175322954692,7.961174554540028e-12
2021-04-29,-0.00026977846668497547,-6.713807717747355e-14,0.0,0.0,2.1913229249915378e-16,-0.00026977846668497547,-6.73572094699727e-14,0.0,0.0,1.0000175454516258,7.998328676219113e-12
2021-04-30,-0.0028985104722129536,6.210041233279671e-14,0.0,0.0,2.210313213648612e-16,-0.0028985104722129536,6.187938101143185e-14,0.0,0.0,1.0000175501863557,8.067643229817434e-12
2021-05-03,0.0022220379119336203,-6.886904709918482e-14,0.0,0.0,6.599025550816791e-16,0.0022220379119336203,-6.952894965426651e-14,0.0,0.0,1.0000176012035664,8.02881442016043e-12
2021-05-04,-0.0008587265695437286,-7.228051906304316e-15,0.0,0.0,2.2136246577753514e-16,-0.0008587265695437286,-7.449414372081852e-15,0.0,0.0,1.0000175621798069,8.079730000880033e-12
2021-05-05,0.004835415985477129,-6.985884342877838e-15,0.0,0.0,2.217509180019966e-16,0.004835415985477129,-7.207635260879834e-15,0.0,0.0,1.0000175772738864,8.093908507072878e-12
2021-05-06,0.004196939598487618,-5.434915738577527e-14,0.0,0.0,2.2087429300639979e-16,0.004196939598487618,-5.457003167878167e-14,0.0,0.0,1.0000174926894632,8.061911694733592e-12
2021-05-07,0.0049006119029361235,-1.5071955037787247e-15,4.0745692887845275e-05,1.6237682436889381e-15,5.6176080210479614e-18,0.004859866210048278,-3.1365813554887107e-15,0.20001741958068484,7.97095130996304e-12,0.9999999999999107,2.0504269276825058e-13
2021-05-10,-0.004151461562011079,1.1717501050408552e-15,0.0,0.0,1.6894597661339595e-17,-0.004151461562011079,1.1548555073795157e-15,0.0,0.0,1.000040548631876,2.0555093821296502e-13
2021-05-11,-0.002729794035840861,-6.026754727891895e-17,0.0,0.0,5.622772535227929e-18,-0.002729794035840861,-6.589031981414687e-17,0.0,0.0,1.0000407176697155,2.052311975358194e-13
2021-05-12,-0.010340296107965113,1.428531375637964e-15,0.0,0.0,5.639819245847339e-18,-0.010340296107965113,1.4228915563921167e-15,0.0,0.0,1.000040829124817,2.0585340247342792e-13
2021-05-13,-0.0007720630228378686,-1.1314842404368883e-16,0.0,0.0,5.6591991953533524e-18,-0.0007720630228378686,-1.1880762323904218e-16,0.0,0.0,1.0000412557211886,2.0656077063039736e-13
2021-05-14,0.004085472613902127,-1.5935031951348378e-15,0.0,0.0,5.6666741817746866e-18,0.004085472613902127,-1.5991698693166125e-15,0.0,0.0,1.0000412875978164,2.0683360763477605e-13
2021-05-17,0.00043083183289934407,-4.1480674661202985e-15,0.0,0.0,1.7061291969578135e-17,0.00043083183289934407,-4.165128758089877e-15,0.0,0.0,1.0000411196047985,2.0757905229653393e-13
2021-05-18,0.0025824978390597015,3.4343064870895105e-15,0.0,0.0,5.798244938701491e-18,0.0025824978390597015,3.4285082421508092e-15,0.0,0.0,1.0000411018967974,2.1163594026260444e-13
2021-05-19,-0.0036995173801911783,2.5950878548357534e-15,0.0,0.0,5.6894613284280086e-18,-0.0036995173801911783,2.5893983935073254e-15,0.0,0.0,1.0000409960246488,2.0766533848762232e-13
2021-05-20,0.006108835766663238,3.057686030987328e-16,0.0,0.0,5.639225443574553e-18,0.006108835766663238,3.0012937765515826e-16,0.0,0.0,1.0000411482533245,2.0583172869047118e-13
2021-05-21,-0.0010344875788315766,-2.0166536147404952e-14,5.45481937541702e-07,3.820740440224976e-15,5.279668524811142e-16,-0.0010350330607691183,-2.451524344011104e-14,0.0027222083900099916,1.9067270548506023e-11,0.9999999999863702,1.9270790115560675e-11
2021-05-24,0.0012336216673317576,-1.2016375042676566e-13,0.0,0.0,1.5872008863538049e-15,0.0012336216673317576,-1.2175095131311946e-13,0.0,0.0,1.0000005460334949,1.931094411730463e-11
2021-05-25,0.0006596952721910981,7.453202556983472e-14,0.0,0.0,5.317031990769675e-16,0.0006596952721910981,7.400032237075775e-14,0.0,0.0,1.000000545360848,1.9407166766309312e-11
2021-05-26,-5.9000831259293384e-05,-3.917962892717582e-14,0.0,0.0,5.293120411226029e-16,-5.9000831259293384e-05,-3.970894096829842e-14,0.0,0.0,1.0000005450012388,1.9319889500975e-11
2021-05-27,0.0026173374212130622,-1.0424537832680448e-13,0.0,0.0,5.304167506429812e-16,0.0026173374212130622,-1.0477579507744746e-13,0.0,0.0,1.0000005450334362,1.936021139846881e-11
2021-05-28,0.0005930745219830516,-2.0115432415669632e-14,0.0,0.0,5.318806772053455e-16,0.0005930745219830516,-2.0647313092874977e-14,0.0,0.0,1.0000005436107282,1.9413644717995112e-11
2021-06-01,0.003678851837502094,-1.483088125815098e-13,0.0,0.0,2.1284648015263644e-15,0.003678851837502094,-1.5043727738303616e-13,0.0,0.0,1.0000005432885384,1.9422241313928084e-11
2021-06-02,0.0010977018378655415,-3.720231447371699e-14,0.0,0.0,5.342141607739084e-16,0.0010977018378655415,-3.77365286344909e-14,0.0,0.0,1.000000541297336,1.949881686824766e-11
2021-06-03,-0.0040659730652079454,8.623373549308203e-14,0.0,0.0,5.346465197989674e-16,-0.0040659730652079454,8.569908897328307e-14,0.0,0.0,1.0000005407038421,1.951459797266231e-11
2021-06-04,0.006383864744469195,-1.2806187486692023e-13,0.0,0.0,5.344570396308705e-16,0.006383864744469195,-1.2859633190655111e-13,0.0,0.0,1.0000005429112189,1.9507681946526775e-11
2021-06-07,0.0006217708983539562,8.163557049369019e-17,1.3153123757527777e-06,3.931732230648378e-15,8.05632411234285e-18,0.0006204555859782035,-3.8581529842670315e-15,0.006560017152785772,1.9609205652347535e-11,1.0000000000049678,9.801861003350466e-14
2021-06-08,-0.0004384773351646861,-3.707800465654101e-16,0.0,0.0,2.6815410027143663e-18,-0.0004384773351646861,-3.7346158756812447e-16,0.0,0.0,1.0000013145017572,9.787624659907437e-14
2021-06-09,2.2234215722455515e-05,-3.561714419369947e-16,0.0,0.0,2.6928801270565458e-18,2.2234215722455515e-05,-3.5886432206405124e-16,0.0,0.0,1.00000131507839,9.82901246375639e-14
2021-06-10,0.005146220476091507,-4.451366311656816e-16,0.0,0.0,2.7025781590476556e-18,0.005146220476091507,-4.478392093247293e-16,0.0,0.0,1.0000013150491514,9.864410280523941e-14
2021-06-11,-0.002327089447822386,-8.119413084412191e-17,0.0,0.0,2.7008743881097412e-18,-0.002327089447822386,-8.389500523223164e-17,0.0,0.0,1.0000013083162678,9.858191516600554e-14
2021-06-14,-0.0026383196256461175,3.625486332453521e-16,0.0,0.0,8.128211730282797e-18,-0.0026383196256461175,3.544204215150693e-16,0.0,0.0,1.0000013113679382,9.88932427184407e-14
2021-06-15,-0.002667382076395426,-7.418325568073954e-17,0.0,0.0,2.7066119783287027e-18,-0.002667382076395426,-7.688986765906824e-17,0.0,0.0,1.000001314836898,9.879133720899763e-14
2021-06-16,-0.006771390966207876,2.8263497727461713e-16,0.0,0.0,2.7158887091568484e-18,-0.006771390966207876,2.799190885654603e-16,0.0,0.0,1.0000013183534506,9.912993788422496e-14
2021-06-17,-0.0036989061706351094,-5.541585903056309e-16,0.0,0.0,2.7266082153598015e-18,-0.0036989061706351094,-5.568851985209908e-16,0.0,0.0,1.0000013273413975,9.952119986063276e-14
2021-06-18,-0.0037437836158633487,-5.260971514945306e-16,0.0,0.0,2.7519699210137038e-18,-0.0037437836158633487,-5.288491214155443e-16,0.0,0.0,1.0000013322693373,1.004469021170002e-13
2021-06-21,0.005578045875659076,6.450028026090766e-15,1.219306477533296e-06,2.0229077734354042e-16,9.131418570987878e-17,0.005576826569181542,6.156423063037347e-15,0.006085580020176964,1.0096368185941174e-12,1.0000000000409912,1.1109892594701918e-12
2021-06-22,-0.0013027415147629988,-1.809044649074921e-15,0.0,0.0,3.009352245112184e-17,-0.0013027415147629988,-1.839138171526043e-15,0.0,0.0,1.0000012125850857,1.098413569465947e-12
2021-06-23,-0.0010023233325408064,1.7291590564832463e-15,0.0,0.0,3.0182405190476865e-17,-0.0010023233325408064,1.6989766512927695e-15,0.0,0.0,1.0000012141668329,1.1016577894524057e-12
2021-06-24,0.002432187222479489,-2.1430741043271143e-15,0.0,0.0,3.016526632001611e-17,0.002432187222479489,-2.1732393706471305e-15,0.0,0.0,1.0000012153850402,1.101032220680588e-12
2021-06-25,0.0024845838511999676,2.8777211556323587e-15,0.0,0.0,3.015064865662672e-17,0.0024845838511999676,2.847570506975732e-15,0.0,0.0,1.0000012124361708,1.1004986759668752e-12
2021-06-28,0.0027842458939094923,-4.675389498663969e-15,0.0,0.0,8.99918286990639e-17,0.0027842458939094923,-4.765381327363033e-15,0.0,0.0,1.0000012094312343,1.0949005825052775e-12
2021-06-29,-0.0015675829229589574,-1.3087636426433074e-15,0.0,0.0,3.004172554500391e-17,-0.0015675829229589574,-1.3388053681883113e-15,0.0,0.0,1.000001206073235,1.0965229823926425e-12
2021-06-30,0.0026330395333492716,-1.2286860149683744e-15,0.0,0.0,3.01248052133685e-17,0.0026330395333492716,-1.2588108201817428e-15,0.0,0.0,1.0000012079668241,1.0995553902879502e-12
2021-07-01,-0.0006740643213521913,9.578135630604439e-16,0.0,0.0,3.0079267942289364e-17,-0.0006740643213521913,9.277342951181546e-16,0.0,0.0,1.0000012047945537,1.0978932798935617e-12
2021-07-02,0.0009910146090593257,-3.11302109525629e-15,0.0,0.0,3.007329781188862e-17,0.0009910146090593257,-3.1430943930681786e-15,0.0,0.0,1.0000012056072098,1.0976753701339347e-12
2021-07-06,-0.006987226738994724,-4.399676307274997e-15,1.5473079185489607e-06,2.1428657254003423e-17,1.322194004214642e-16,-0.006988774046913273,-4.553324364950465e-15,0.0077120012534128285,1.0680345496894006e-13,1.0000000000035996,1.2065020288458609e-12
2021-07-07,0.0014297657078355243,-4.1592962122272985e-15,0.0,0.0,3.340887626968798e-17,0.0014297657078355243,-4.192705088496987e-15,0.0,0.0,1.0000015582014403,1.2194239838436112e-12
2021-07-08,-0.005854765491405567,-6.323466057434548e-16,0.0,0.0,3.3474968228926456e-17,-0.005854765491405567,-6.658215739723812e-16,0.0,0.0,1.0000015559767625,1.2218363403558157e-12
2021-07-09,0.006745979053473112,5.176896551373335e-15,0.0,0.0,3.3689537132894495e-17,0.006745979053473112,5.1432070142404405e-15,0.0,0.0,1.0000015651402925,1.2296681053506492e-12
2021-07-12,0.0026589464761937478,6.31639753708971e-16,0.0,0.0,9.99687261195896e-17,0.0026589464761937478,5.316710275893814e-16,0.0,0.0,1.0000015546526329,1.2162861677883402e-12
2021-07-13,-0.0012852198955589206,4.499195010083688e-15,0.0,0.0,3.321728053676612e-17,-0.0012852198955589206,4.465977729546922e-15,0.0,0.0,1.0000015505298565,1.2124307395919633e-12
2021-07-14,0.003844982389439326,-5.586157693992918e-15,0.0,0.0,3.313660274116553e-17,0.003844982389439326,-5.619294296734083e-15,0.0,0.0,1.0000015525251886,1.2094860000525418e-12
2021-07-15,0.00014329963236404367,-2.6029033479883163e-15,0.0,0.0,3.3162140311943954e-17,0.00014329963236404367,-2.6360654883002602e-15,0.0,0.0,1.0000015465786265,1.2104181213859543e-12
2021-07-16,-0.0016545059453474864,1.704894894743465e-15,0.0,0.0,3.3228691073222145e-17,-0.0016545059453474864,1.671666203670243e-15,0.0,0.0,1.0000015463570366,1.2128472241726082e-12
2021-07-19,-0.0068724843424705405,-8.71822453508949e-15,0.0,0.0,9.971091717743922e-17,-0.0068724843424705405,-8.817935452266929e-15,0.0,0.0,1.0000015489197318,1.2131494923255104e-12
2021-07-20,0.006232719284359459,1.849193064541358e-15,3.2844635361159504e-05,1.931042179115945e-17,3.626156059035763e-17,0.0061998746489983,1.793621082159841e-15,0.15856225207116492,9.322386849425043e-14,0.9999999999950147,1.3235469615480535e-12
2021-07-21,0.0029528183469494027,4.645079806087488e-15,0.0,0.0,3.598777805384171e-17,0.0029528183469494027,4.6090920280336464e-15,0.0,0.0,1.0000326422525,1.3135538989652223e-12
2021-07-22,0.0017580366288364544,-5.402703322990196e-15,0.0,0.0,3.57549377571973e-17,0.0017580366288364544,-5.438458260747393e-15,0.0,0.0,1.000032546149628,1.3050552281377014e-12
2021-07-23,0.0027760990916694873,5.779320434272684e-16,0.0,0.0,3.583994908305687e-17,0.0027760990916694873,5.420920943442115e-16,0.0,0.0,1.0000324890327243,1.3081581415315756e-12
2021-07-26,0.0030184326653098607,2.8814808155560407e-15,0.0,0.0,1.0717481807023259e-16,0.0030184326653098607,2.7743059974858082e-15,0.0,0.0,1.0000323990896398,1.303960286521163e-12
2021-07-27,-0.0007801236649653124,-5.553728127282813e-15,0.0,0.0,3.5538723433171744e-17,-0.0007801236649653124,-5.589266850715984e-15,0.0,0.0,1.0000323015894645,1.2971634053107688e-12
2021-07-28,0.0007974232320479544,-2.3000060188842923e-15,0.0,0.0,3.5718745406740666e-17,0.0007974232320479544,-2.335724764291033e-15,0.0,0.0,1.0000323268083782,1.3037342073460342e-12
2021-07-29,0.0021845529657903815,3.734598934447527e-15,0.0,0.0,3.575324879905827e-17,0.0021845529657903815,3.6988456856484694e-15,0.0,0.0,1.0000323010507723,1.3049935811656267e-12
2021-07-30,-0.0034337071870263786,-1.0510706653661831e-15,0.0,0.0,3.557321943800617e-17,-0.0034337071870263786,-1.0866438848041893e-15,0.0,0.0,1.0000322306412255,1.2984225094872253e-12
2021-08-02,0.0009125553736846654,-3.774621703342564e-15,0.0,0.0,1.0717405199637746e-16,0.0009125553736846654,-3.881795755338941e-15,0.0,0.0,1.000032341693131,1.3039509659559257e-12
2021-08-03,0.005359905552586603,1.3507455974520691e-15,1.9489721718412487e-05,2.5904019090738083e-16,1.3350597053864238e-17,0.0053404158308681905,1.078354809490824e-15,0.09416449959141754,1.2515514743247776e-12,0.9999999999905339,4.872967924660447e-13
2021-08-04,-0.0037735870365706217,-2.935130108862624e-15,0.0,0.0,1.3242867903767534e-17,-0.0037735870365706217,-2.9483729767663914e-15,0.0,0.0,1.0000193861819777,4.83364678487515e-13
2021-08-05,0.002956204161658076,3.527664750837698e-15,0.0,0.0,1.3373749434795544e-17,0.002956204161658076,3.5142910014029023e-15,0.0,0.0,1.0000194596145298,4.881418543700373e-13
2021-08-06,-0.001221951660549846,4.7123957183104814e-15,0.0,0.0,1.3237966952460722e-17,-0.001221951660549846,4.699157751358021e-15,0.0,0.0,1.000019402257492,4.831857937648163e-13
2021-08-09,-0.0015891327730268938,-2.7784649445486663e-15,0.0,0.0,3.9374694634849154e-17,-0.0015891327730268938,-2.8178396391835157e-15,0.0,0.0,1.0000194259951145,4.790587847239981e-13
2021-08-10,0.0008263738140149058,-1.7652151106996005e-15,0.0,0.0,1.322203210340587e-17,0.0008263738140149058,-1.7784371428030065e-15,0.0,0.0,1.0000194569147385,4.826041717743143e-13
2021-08-11,0.002111715580615423,-2.2523020707084716e-15,0.0,0.0,1.3259436909782454e-17,0.002111715580615423,-2.265561507618254e-15,0.0,0.0,1.0000194408493313,4.839694472070595e-13
2021-08-12,0.001964437672543888,2.972205001691193e-15,0.0,0.0,1.3293072627248077e-17,0.001964437672543888,2.958911929063945e-15,0.0,0.0,1.0000193998822997,4.851971508945548e-13
2021-08-13,0.004337046798876584,-1.8849684912354854e-15,0.0,0.0,1.3185739789246741e-17,0.004337046798876584,-1.8981542310247322e-15,0.0,0.0,1.000019361847155,4.812795023075061e-13
2021-08-16,0.0020272647627093327,3.4302232472623653e-15,0.0,0.0,3.9540658598030084e-17,0.0020272647627093327,3.390682588664335e-15,0.0,0.0,1.0000192782365427,4.810780129426994e-13
2021-08-17,-0.0013692257100596304,1.7035197234485048e-13,5.1255280417870236e-05,3.241508762541668e-15,4.377597795874216e-16,-0.0014204809904775006,1.666727038027214e-13,0.2500000000060878,1.5810608859192024e-11,0.9999999999758153,1.597823195494089e-11
2021-08-18,-0.004900814324632737,1.2078298574696964e-13,0.0,0.0,4.337086771941924e-16,-0.004900814324632737,1.2034927706977545e-13,0.0,0.0,1.0000513281667518,1.5830366717588022e-11
2021-08-19,-0.000687232294860698,1.0929752237631823e-13,0.0,0.0,4.3251925083714517e-16,-0.000687232294860698,1.0886500312548109e-13,0.0,0.0,1.000051580955316,1.5786952655555796e-11
2021-08-20,0.00132349562611968,1.7039401721945673e-15,0.0,0.0,4.298201844810124e-16,0.00132349562611968,1.2741199877135548e-15,0.0,0.0,1.0000516164276834,1.5688436733556952e-11
2021-08-23,0.0026353988295973792,-2.1012891549042587e-13,0.0,0.0,1.2876163489599002e-15,0.0026353988295973792,-2.1141653183938576e-13,0.0,0.0,1.0000515482038599,1.566599891234545e-11
2021-08-24,0.0007778701142716723,-1.2306881174119522e-13,0.0,0.0,4.3381911984148336e-16,0.0007778701142716723,-1.235026308610367e-13,0.0,0.0,1.0000514127110725,1.583439787421414e-11
2021-08-25,0.0002702969010640207,-4.7265149289307864e-14,0.0,0.0,4.3685105472855794e-16,0.0002702969010640207,-4.770200034403642e-14,0.0,0.0,1.0000513727498692,1.5945063497592366e-11
2021-08-26,-0.002338482082924817,3.7302730761505554e-14,0.0,0.0,4.380275928246252e-16,-0.002338482082924817,3.686470316868093e-14,0.0,0.0,1.0000513588677744,1.598800713809882e-11
2021-08-27,0.005196532637994961,-2.134128898090515e-13,0.0,0.0,4.380299253331828e-16,0.005196532637994961,-2.1385091973438468e-13,0.0,0.0,1.0000514792510438,1.5988092274661172e-11
2021-08-30,0.0031412054118738703,2.0302340393801927e-14,0.0,0.0,1.3247464731786477e-15,0.0031412054118738703,1.8977593920623278e-14,0.0,0.0,1.0000512131206045,1.611774875700688e-11
2021-08-31,-0.0007326944598824512,6.805213070928462e-15,5.076471091813876e-05,2.391419843945658e-15,1.3778587023140317e-16,-0.00078345917080059,4.276007356751401e-15,0.24999999998272374,1.1776979522431986e-11,0.9999999999909459,5.029184263446215e-12
2021-09-01,0.0018005919604356297,-4.223791036225782e-15,0.0,0.0,1.377073140957932e-16,0.0018005919604356297,-4.361498350321576e-15,0.0,0.0,1.0000508045051153,5.026316964496452e-12
2021-09-02,0.0024303657237184427,-2.3360642407620692e-14,0.0,0.0,1.3757531738771343e-16,0.0024303657237184427,-2.3498217725008405e-14,0.0,0.0,1.000050713191355,5.0214990846515396e-12
2021-09-03,0.0018028333372708005,3.754652156418838e-15,0.0,0.0,1.378802355893708e-16,0.0018028333372708005,3.616771920829467e-15,0.0,0.0,1.0000505902385965,5.032628599012035e-12
2021-09-07,-0.003043220674239488,4.001487199225738e-14,0.0,0.0,5.50117703093451e-16,-0.003043220674239488,3.9464754289163925e-14,0.0,0.0,1.0000504991969572,5.019824040727741e-12
2021-09-08,-0.00044381169889548826,-2.5895067155827212e-15,0.0,0.0,1.3684959141641543e-16,-0.00044381169889548826,-2.7263563069991367e-15,0.0,0.0,1.0000506533462283,4.995010086699165e-12
2021-09-09,-0.002683454365770178,-2.7008625476328957e-15,0.0,0.0,1.3698133072298897e-16,-0.002683454365770178,-2.8378438783558846e-15,0.0,0.0,1.0000506758367602,4.999818571389097e-12
2021-09-10,-0.003985151551323715,4.952043978396174e-15,0.0,0.0,1.374240982535917e-16,-0.003985151551323715,4.814619880142582e-15,0.0,0.0,1.000050812188953,5.015979586256097e-12
2021-09-13,0.00042865075254808194,-3.3795678008741065e-14,0.0,0.0,4.1351319017881426e-16,0.00042865075254808194,-3.420919119891988e-14,0.0,0.0,1.0000510154934215,5.031077147175573e-12
2021-09-14,-0.0010527626852698346,8.972877651215863e-15,0.0,0.0,1.387041833935571e-16,-0.0010527626852698346,8.834173467822305e-15,0.0,0.0,1.000050993634995,5.062702693864835e-12
2021-09-15,0.004593469903597979,-2.620772739781273e-14,5.34167253845237e-06,4.559506299269869e-16,7.979668076052244e-17,0.004588128231059526,-2.674347470850024e-14,0.026420962742157234,2.255221472084901e-12,0.9992888914166879,2.9125788477590694e-12
2021-09-16,-0.0006570095311175868,2.6944924034372244e-14,0.0,0.0,8.01469760856193e-17,-0.0006570095311175868,2.6864777058286626e-14,0.0,0.0,0.9992974564491521,2.9253646271251044e-12
2021-09-17,-0.005419131025292372,2.461616459635122e-14,0.0,0.0,7.946096560053641e-17,-0.005419131025292372,2.4536703630750684e-14,0.0,0.0,0.9992969945678559,2.900325244419579e-12
2021-09-20,-0.008619935131886493,1.75716152772201e-14,0.0,0.0,2.3764749330045133e-16,-0.008619935131886493,1.7333967783919647e-14,0.0,0.0,0.9992931641316475,2.8913778351554904e-12
2021-09-21,0.0009479623116559877,2.2242459142133074e-15,0.0,0.0,7.941900364260323e-17,0.0009479623116559877,2.144826910570704e-15,0.0,0.0,0.9992870182754143,2.8987936329550187e-12
2021-09-22,0.004197513699545283,-1.4415785590631287e-14,0.0,0.0,7.928290818945597e-17,0.004197513699545283,-1.4495068498820744e-14,0.0,0.0,0.9992876935151139,2.8938261489151427e-12
2021-09-23,0.004720548197329939,-1.4739248108808328e-14,0.0,0.0,7.934481029115248e-17,0.004720548197329939,-1.4818592919099482e-14,0.0,0.0,0.9992906709336021,2.8960855756270654e-12
2021-09-24,-0.001399451062744614,-5.907024234732645e-15,0.0,0.0,7.937393681349344e-17,-0.001399451062744614,-5.986398171546139e-15,0.0,0.0,0.9992940036235392,2.8971486936925104e-12
2021-09-27,-0.003267146367079664,-4.249332821449874e-14,0.0,0.0,2.3894170650679763e-16,-0.003267146367079664,-4.273226992100553e-14,0.0,0.0,0.9992930142315601,2.9071240958327042e-12
2021-09-28,-0.011713927725571765,2.503358330609983e-14,0.0,0.0,8.1076324494297e-17,-0.011713927725571765,2.495250698160553e-14,0.0,0.0,0.9992906968343419,2.9592858440418407e-12
2021-09-29,0.001449197221116727,4.139012342507932e-14,4.547295283750975e-05,2.3912449548260294e-15,4.034524095933982e-16,0.0014037242682792173,3.8595426060659886e-14,0.22381917688615097,1.1769776188381631e-11,0.9999999999840009,1.4726012950159033e-11
2021-09-30,-0.004075378198927007,-2.216862903161949e-14,0.0,0.0,4.0175448109413213e-16,-0.004075378198927007,-2.2570383512713622e-14,0.0,0.0,1.000045409194811,1.4664038559935823e-11
2021-10-01,0.005019536225390413,-1.4727408725276592e-13,0.0,0.0,4.040083275238132e-16,0.005019536225390413,-1.4767809558028972e-13,0.0,0.0,1.0000455950117504,1.474630395461918e-11
2021-10-04,-0.007785357674290499,-2.8063458275487846e-14,0.0,0.0,1.2180158275025985e-15,-0.007785357674290499,-2.9281474102990444e-14,0.0,0.0,1.000045367289147,1.4819192567948282e-11
2021-10-05,0.0046631792665512576,-8.476122740653723e-14,0.0,0.0,4.0996586862627963e-16,0.0046631792665512576,-8.51711932751635e-14,0.0,0.0,1.0000457232611177,1.4963754204859206e-11
2021-10-06,0.0005764292584717592,6.367303421519448e-14,0.0,0.0,4.103744444339062e-16,0.0005764292584717592,6.326265977076058e-14,0.0,0.0,1.0000455110350877,1.4978667221837577e-11
2021-10-07,0.00487657103292665,-5.366124930889579e-14,0.0,0.0,4.08394567165538e-16,0.00487657103292665,-5.406964387606133e-14,0.0,0.0,1.0000454848162454,1.490640170154214e-11
2021-10-08,-0.0020555264758312934,4.172374668785066e-14,0.0,0.0,4.078757035385915e-16,-0.0020555264758312934,4.131587098431207e-14,0.0,0.0,1.0000452640827848,1.4887463179158586e-11
2021-10-11,-0.002985301918669695,9.045385612645417e-14,0.0,0.0,1.2227110765630544e-15,-0.002985301918669695,8.923114504989111e-14,0.0,0.0,1.0000453573159074,1.4876318098183827e-11
2021-10-12,4.0793636654679334e-05,-2.0023443013052103e-14,0.0,0.0,4.0630511445297607e-16,4.0793636654679334e-05,-2.042974812750508e-14,0.0,0.0,1.000045493126536,1.4830136677533626e-11
2021-10-13,0.002769426483782851,-6.983287007643052e-14,2.6532234802716434e-07,3.170517056358477e-16,3.669322115919354e-16,0.002769161161434824,-7.05168539936583e-14,0.0013241152190326614,1.5822752654431804e-12,0.9999825586442261,1.339302572310564e-11
2021-10-14,0.008719051558006289,-1.3479842699970973e-13,0.0,0.0,3.678268690292757e-16,0.008719051558006289,-1.35166253868739e-13,0.0,0.0,0.9999828713985027,1.3425680719568563e-11
2021-10-15,0.0022453360518462826,-4.3120602490941566e-14,0.0,0.0,3.6830867429789437e-16,0.0022453360518462826,-4.348891116523946e-14,0.0,0.0,0.9999830194529037,1.3443266611873145e-11
2021-10-18,0.0002071648423609415,1.442120150892959e-14,0.0,0.0,1.1059868698109203e-15,0.0002071648423609415,1.3315214639118671e-14,0.0,0.0,0.9999830574945652,1.3456173582699531e-11
2021-10-19,0.0025449360116768403,-5.04311725921793e-14,0.0,0.0,3.68190912313457e-16,0.0025449360116768403,-5.079936350449276e-14,0.0,0.0,0.9999830610037166,1.3438968299441175e-11
2021-10-20,0.0017943824660901929,-9.864858219856213e-14,0.0,0.0,3.6863443722047855e-16,0.0017943824660901929,-9.90172166357826e-14,0.0,0.0,0.9999831040029984,1.3455156958547471e-11
2021-10-21,-0.000816669001085458,6.799976336301812e-14,0.0,0.0,3.7067201074591477e-16,-0.000816669001085458,6.762909135227222e-14,0.0,0.0,0.9999831342666736,1.3529528392225888e-11
2021-10-22,-0.0009606636083291062,-2.1903790973847105e-14,0.0,0.0,3.6911044458853697e-16,-0.0009606636083291062,-2.2272901418435642e-14,0.0,0.0,0.9999831204816266,1.34725312274816e-11
2021-10-25,0.0025351613384876266,-5.378345092383556e-14,0.0,0.0,1.1101981723347227e-15,0.0025351613384876266,-5.489364909617028e-14,0.0,0.0,0.9999831042505172,1.3507411096739125e-11
2021-10-26,0.0033715446126700286,3.268085297741475e-14,0.0,0.0,3.70600045740318e-16,0.0033715446126700286,3.2310252931674436e-14,0.0,0.0,0.9999831469757077,1.3526901669521604e-11
2021-10-27,-0.0012937472149106251,6.151367660587276e-14,4.726747953686858e-06,9.918048285134361e-17,3.809741212263526e-16,-0.001298473962864312,6.103352200179506e-14,0.023076579800008143,4.842116291259302e-13,0.9938350240340916,1.390555542476187e-11
2021-10-28,0.0021664392701601573,-7.905361741959316e-14,0.0,0.0,3.797819519941795e-16,0.0021664392701601573,-7.943339937158733e-14,0.0,0.0,0.9938317414588725,1.3862041247787555e-11
2021-10-29,0.0006988645028271766,5.097164838072969e-14,0.0,0.0,3.811221265844939e-16,0.0006988645028271766,5.059052625414519e-14,0.0,0.0,0.9938450757285981,1.3910957620334027e-11
2021-11-01,0.0015083458887951416,-9.562280957587802e-14,0.0,0.0,1.138381354881976e-15,0.0015083458887951416,-9.676119093076e-14,0.0,0.0,0.9938493741826017,1.3850306484397377e-11
2021-11-02,0.002833394504372237,1.9413928189736688e-14,0.0,0.0,3.815048134125747e-16,0.002833394504372237,1.9032423376324114e-14,0.0,0.0,0.993858637481604,1.3924925689558973e-11
2021-11-03,0.00330686219925482,2.7904638445964345e-14,0.0,0.0,3.7989652823368556e-16,0.00330686219925482,2.752474191773066e-14,0.0,0.0,0.9938759892200737,1.3866223280529524e-11
2021-11-04,0.00284327891326273,2.3577390916466732e-14,0.0,0.0,3.7788241252557586e-16,0.00284327891326273,2.3199508503941157e-14,0.0,0.0,0.9938961737324012,1.3792708057183523e-11
2021-11-05,0.0014461077533734232,-1.1199727193653705e-13,0.0,0.0,3.761669091693391e-16,0.0014461077533734232,-1.1237343884570639e-13,0.0,0.0,0.9939134794080327,1.3730092184680877e-11
2021-11-08,0.0015923650007700259,1.125703481181338e-14,0.0,0.0,1.1360631130596885e-15,0.0015923650007700259,1.0120971698753692e-14,0.0,0.0,0.9939222684628432,1.3822101208892875e-11
2021-11-09,-0.0012577310065671646,-3.919750148319283e-14,0.0,0.0,3.7777773240142706e-16,-0.0012577310065671646,-3.957527921559426e-14,0.0,0.0,0.9939319310434618,1.3788887232652086e-11
2021-11-10,-0.004360497536929234,8.174039911128654e-14,3.173048613030252e-06,1.250799196553294e-15,5.196391250191988e-16,-0.004363670585542265,7.996996078971404e-14,0.015264213670101407,6.017073333253284e-12,0.9814829729044529,1.896682806320075e-11
2021-11-11,0.001131124260519863,-7.63483168776315e-14,0.0,0.0,5.196673190240999e-16,0.001131124260519863,-7.686798419665559e-14,0.0,0.0,0.9814050035137822,1.8967857144379643e-11
2021-11-12,0.0050030479047916175,-3.351272680862315e-14,0.0,0.0,5.211695462155476e-16,0.0050030479047916175,-3.40338963548387e-14,0.0,0.0,0.9814260130011665,1.902268843686749e-11
2021-11-15,-2.170717995728356e-05,-2.6319978133397322e-14,0.0,0.0,1.5584660291415099e-15,-2.170717995728356e-05,-2.7878444162538832e-14,0.0,0.0,0.9815184769463906,1.8961336687888368e-11
2021-11-16,0.0010413963419726472,7.122483932364853e-14,0.0,0.0,5.202210642041021e-16,0.0010413963419726472,7.070461825944443e-14,0.0,0.0,0.9815180757559624,1.8988068843449727e-11
2021-11-17,0.0005119043662650361,4.451659267323112e-14,0.0,0.0,5.177305360567665e-16,0.0005119043662650361,4.399886213717436e-14,0.0,0.0,0.9815373027412815,1.8897164566071978e-11
2021-11-18,0.0008542967993880722,2.4273374954244687e-14,0.0,0.0,5.162466344745077e-16,0.0008542967993880722,2.375712831977018e-14,0.0,0.0,0.9815467490409757,1.8843002158319533e-11
2021-11-19,0.00025216745022775306,5.411559946553655e-14,0.0,0.0,5.151415267456155e-16,0.00025216745022775306,5.360045793879093e-14,0.0,0.0,0.9815625001380732,1.880266572621497e-11
2021-11-22,-0.00509635016950586,-5.855610408689837e-16,0.0,0.0,1.5405882365389871e-15,-0.00509635016950586,-2.126149277407971e-15,0.0,0.0,0.9815671483032334,1.8743823544557685e-11
2021-11-23,0.0008977047189293017,-7.252697829081388e-14,0.0,0.0,5.161760689443659e-16,0.0008977047189293017,-7.304315435975825e-14,0.0,0.0,0.9814727268314825,1.8840426516469363e-11
2021-11-24,-7.940648919405799e-05,-1.8243314897840082e-14,1.424521027591946e-06,6.553440801876006e-16,4.919396596935463e-16,-8.083101022164993e-05,-1.939059863772123e-14,0.007097610971510043,3.265221954298914e-12,0.9804784638351975,1.795579757881444e-11
2021-11-26,-0.012494565681456798,3.6665664158322866e-13,0.0,0.0,9.84958568276244e-16,-0.012494565681456798,3.656716830149524e-13,0.0,0.0,0.9804783103983525,1.7975493871041456e-11
2021-11-29,0.006104630844590238,-4.3425819076163535e-14,0.0,0.0,1.4656138992193737e-15,0.006104630844590238,-4.489143297538291e-14,0.0,0.0,0.9802313091922602,1.7831635773835714e-11
2021-11-30,-0.008495635379739665,3.1089738951137455e-13,0.0,0.0,4.867562476709904e-16,-0.008495635379739665,3.1041063326370355e-13,0.0,0.0,0.9803512575117553,1.7766603039991153e-11
2021-12-01,-0.003273332597649217,1.5729202140600249e-13,0.0,0.0,4.823362640012799e-16,-0.003273332597649217,1.5680968514200121e-13,0.0,0.0,0.9801828986440474,1.7605273636046712e-11
2021-12-02,0.008023273936994063,-2.2997399388339404e-13,0.0,0.0,4.795967733035068e-16,0.008023273936994063,-2.3045359065669756e-13,0.0,0.0,0.9801178176482896,1.7505282225577992e-11
2021-12-03,-0.003796089844595123,9.307119865258023e-15,0.0,0.0,4.820299721578224e-16,-0.003796089844595123,8.8250898931002e-15,0.0,0.0,0.980276068156808,1.7594093983760518e-11
2021-12-06,0.003388968543259584,-1.6913822084687613e-13,0.0,0.0,1.4508324380015123e-15,0.003388968543259584,-1.7058905328487764e-13,0.0,0.0,0.9802009090286307,1.7651794662351734e-11
2021-12-07,0.010963737930238032,-1.6293591808249867e-13,0.0,0.0,4.865956790763963e-16,0.010963737930238032,-1.6342251376157507e-13,0.0,0.0,0.9802677808986213,1.7760742286288467e-11
2021-12-08,0.0017667975496966715,-4.2854601014833715e-14,0.0,0.0,4.857342142038791e-16,0.0017667975496966715,-4.3340335229037595e-14,0.0,0.0,0.9804817736177001,1.772929881844159e-11
2021-12-09,-0.0023197910478548645,1.4207040057785697e-13,5.655529081543479e-05,4.716960297313942e-16,5.501489986223963e-16,-0.0023763463386702994,1.410485555495032e-13,0.28051629757179963,2.3396294481339055e-12,0.6999998999808237,2.0080438449717462e-11
2021-12-10,0.00412259031119332,-8.393737733969811e-14,0.0,0.0,5.475578459629241e-16,0.00412259031119332,-8.448493518566104e-14,0.0,0.0,0.6993419877048309,1.998586137764673e-11
2021-12-13,-0.0012663795510528622,5.650322724537524e-14,0.0,0.0,1.6427999094201774e-15,-0.0012663795510528622,5.4860427335955063e-14,0.0,0.0,0.7005763885842554,1.998739889794549e-11
2021-12-14,-0.002214523341763882,9.50227430584362e-14,0.0,0.0,5.467443220125857e-16,-0.002214523341763882,9.447599873642362e-14,0.0,0.0,0.7001967238459567,1.995616775345938e-11
2021-12-15,0.00537930438933411,-8.74364652753716e-14,0.0,0.0,5.453486464960804e-16,0.00537930438933411,-8.798181392186769e-14,0.0,0.0,0.6995313289604046,1.9905225597106932e-11
2021-12-16,-0.0022269492915694407,-6.807608375897375e-14,0.0,0.0,5.448134487166642e-16,-0.0022269492915694407,-6.862089720769041e-14,0.0,0.0,0.7011389932856855,1.9885690878158237e-11
2021-12-17,-0.0040770500119030675,1.5053401252230334e-13,0.0,0.0,5.478986895003135e-16,-0.0040770500119030675,1.4998611383280302e-13,0.0,0.0,0.7004719595281996,1.999830216676144e-11
2021-12-20,-0.003608637774344252,1.2871030845982355e-13,0.0,0.0,1.6380016244798006e-15,-0.003608637774344252,1.2707230683534375e-13,0.0,0.0,0.6992457694890101,1.9929019764504238e-11
2021-12-21,0.005744864776986693,-2.1727728864851984e-13,0.0,0.0,5.444389145050867e-16,0.005744864776986693,-2.1782172756302492e-13,0.0,0.0,0.6981565257257158,1.9872020379435665e-11
2021-12-22,0.005263799665076305,-1.3217621220771982e-13,0.0,0.0,5.472478520245549e-16,0.005263799665076305,-1.3272346005974438e-13,0.0,0.0,0.6998806706897157,1.9974546598896254e-11
2021-12-23,0.0011027160150906368,-2.6442242686932407e-15,6.122544338672122e-05,4.221844156609968e-15,2.8813308431971153e-17,0.0010414905717039155,-6.894881733735179e-15,0.30145216667900016,2.078684935529883e-11,0.40000000000881464,1.0516857577669472e-12
2021-12-27,0.0026108266705552234,-2.818821160010866e-15,0.0,0.0,1.1542279997200347e-16,0.0026108266705552234,-2.9342439599828693e-15,0.0,0.0,0.40068540595139024,1.0532330497445317e-12
2021-12-28,-0.00044423307850670736,1.102261480546076e-15,0.0,0.0,2.885758581529315e-17,-0.00044423307850670736,1.0734038947307828e-15,0.0,0.0,0.4022460379379729,1.0533018822582001e-12
2021-12-29,0.001048099105412115,1.126179389017142e-15,0.0,0.0,2.8840198640847596e-17,0.001048099105412115,1.0973391903762945e-15,0.0,0.0,0.40198037784021307,1.0526672503909372e-12
2021-12-30,-0.00033414722590746317,-2.4985814767529304e-15,0.0,0.0,2.8779180977174806e-17,-0.00033414722590746317,-2.527360657730105e-15,0.0,0.0,0.40260650542745324,1.0504401056668805e-12
2021-12-31,-0.0005021773849570143,1.1785130744748515e-15,0.0,0.0,2.885727784354787e-17,-0.0005021773849570143,1.1496557966313036e-15,0.0,0.0,0.4024068213245785,1.0532906412894972e-12
2022-01-03,0.000491317051489924,3.8247679958615674e-15,0.0,0.0,8.651841703474764e-17,0.000491317051489924,3.73824957882682e-15,0.0,0.0,0.40210657276680717,1.0526407405894296e-12
2022-01-04,-0.0005640296382332809,-1.342551994821218e-16,0.0,0.0,2.8720573273267864e-17,-0.0005640296382332809,-1.6297577275538966e-16,0.0,0.0,0.4024001837464983,1.048300924474277e-12
2022-01-05,-0.003540786646687413,8.503983082406173e-15,0.0,0.0,2.874046197027897e-17,-0.003540786646687413,8.475242620435895e-15,0.0,0.0,0.40206292951694755,1.0490268619151823e-12
2022-01-06,-0.0008067380992242015,5.72808981398557e-16,0.0,0.0,2.8608773696286495e-17,-0.0008067380992242015,5.442002077022706e-16,0.0,0.0,0.3999382388458619,1.0442202399144573e-12
2022-01-07,-0.0004654661864151471,1.0825803179282236e-16,2.1510804025384587e-06,1.69294582602103e-16,2.659660094760083e-17,-0.00046761726681768555,-8.763315175688148e-17,0.010100300071640788,7.949150030684857e-13,0.3893534552525472,9.707759345874303e-13
2022-01-10,-0.0001333388503994187,4.052096741799096e-15,0.0,0.0,7.981822930461081e-17,-0.0001333388503994187,3.972278512494486e-15,0.0,0.0,0.38906992488100595,9.71121789872765e-13
2022-01-11,0.0022545121582835566,-5.166658454222992e-15,0.0,0.0,2.6498593377757973e-17,0.0022545121582835566,-5.1931570476007505e-15,0.0,0.0,0.3889884533037871,9.67198658288166e-13
2022-01-12,0.0002657066881685137,-3.1473035333430484e-16,0.0,0.0,2.658022023448667e-17,0.0002657066881685137,-3.413105735687915e-16,0.0,0.0,0.3903628875858677,9.701780385587634e-13
2022-01-13,-0.002617558305988947,4.8402739069862075e-15,0.0,0.0,2.6581780027156458e-17,-0.002617558305988947,4.813692126959051e-15,0.0,0.0,0.3905248292150181,9.702349709912108e-13
2022-01-14,0.00044187079173566056,3.845588422390314e-15,0.0,0.0,2.6518583722214458e-17,0.00044187079173566056,3.819069838668099e-15,0.0,0.0,0.3889253055730393,9.679283058608276e-13
2022-01-18,-0.0033404205969023836,9.703654781890103e-15,0.0,0.0,1.0560623622998304e-16,-0.0033404205969023836,9.59804854566012e-15,0.0,0.0,0.3891952023725614,9.636569055985953e-13
2022-01-19,-0.0005502362035411253,-3.5178227222539495e-15,0.0,0.0,2.6223302361153277e-17,-0.0005502362035411253,-3.544046024615103e-15,0.0,0.0,0.38714801899234713,9.571505361820946e-13
2022-01-20,-0.0017916604160711242,1.5482012812005691e-15,0.0,0.0,2.6334171080191227e-17,-0.0017916604160711242,1.521867110120378e-15,0.0,0.0,0.38681061999584326,9.611972444269797e-13
2022-01-21,-0.002565893352882117,6.206918653937504e-15,0.0,0.0,2.6338945051984352e-17,-0.002565893352882117,6.18057970888552e-15,0.0,0.0,0.38571002095640117,9.613714943974288e-13
2022-01-24,-0.0008820853068540784,2.2669927648153995e-15,2.179185955221024e-06,8.124202089553742e-17,8.766970994890508e-17,-0.0008842644928092994,2.0980810339709568e-15,0.010238410222716666,3.8169718158204033e-13,0.37389135339781543,1.0666481377116781e-12
2022-01-25,-0.0016775667366918977,6.130786741006514e-15,0.0,0.0,2.918693623018034e-17,-0.0016775667366918977,6.101599804776334e-15,0.0,0.0,0.37333939886514383,1.0653231724015823e-12
2022-01-26,-0.001173835347370517,8.806780476092898e-15,0.0,0.0,2.906773253135825e-17,-0.001173835347370517,8.77771274356154e-15,0.0,0.0,0.372286367354848,1.0609722373945762e-12
2022-01-27,-0.0009494794100481828,-4.262500134627494e-15,0.0,0.0,2.886032814779533e-17,-0.0009494794100481828,-4.291360462775289e-15,0.0,0.0,0.3715486689683777,1.0534019773945296e-12
2022-01-28,0.004689000469835067,-1.1977539378621225e-14,0.0,0.0,2.9004648289748495e-17,0.004689000469835067,-1.2006544026910973e-14,0.0,0.0,0.3709514002750209,1.05866966257582e-12
2022-01-31,0.0028802149776945693,-7.85759043430648e-15,0.0,0.0,8.758770138768148e-17,0.0028802149776945693,-7.945178135694163e-15,0.0,0.0,0.37388724328542966,1.0656503668834579e-12
2022-02-01,0.0008932649343692309,-4.9461389362058935e-15,0.0,0.0,2.9326709684336367e-17,0.0008932649343692309,-4.97546564589023e-15,0.0,0.0,0.3756854035369589,1.0704249034782773e-12
2022-02-02,0.0015997123040547216,-1.0392996415005429e-14,0.0,0.0,2.943592625938479e-17,0.0015997123040547216,-1.0422432341264814e-14,0.0,0.0,0.37624258416407963,1.0744113084675448e-12
2022-02-03,-0.0035295788353029603,3.044870958471111e-14,0.0,0.0,2.9673197308358644e-17,-0.0035295788353029603,3.041903638740275e-14,0.0,0.0,0.3772388228816077,1.0830717017550904e-12
2022-02-04,-0.00043458237963107146,2.467583946165714e-15,0.0,0.0,2.894113610833643e-17,-0.00043458237963107146,2.438642810057378e-15,0.0,0.0,0.37503295241768797,1.0563514679542798e-12
2022-02-07,-0.0005971534654688023,5.5319969760651876e-15,3.5890540522326997e-06,2.8480842844891864e-16,1.169854221867688e-16,-0.0006007425195210349,5.130203125429501e-15,0.01789889137930158,1.4203617584264409e-12,0.35686234328849104,1.423322636605687e-12
2022-02-08,0.0014511237387886593,-2.8883699024821813e-15,0.0,0.0,3.886692818429813e-17,0.0014511237387886593,-2.9272368306664794e-15,0.0,0.0,0.35647934212116344,1.4186428787268816e-12
2022-02-09,0.003178772591041133,-1.6762893167430457e-14,0.0,0.0,3.888962794398188e-17,0.003178772591041133,-1.6801782795374438e-14,0.0,0.0,0.35741181708765374,1.4194714199553387e-12
2022-02-10,-0.004124293767697736,1.0381384871031657e-14,0.0,0.0,3.922420047765156e-17,-0.004124293767697736,1.0342160670554005e-14,0.0,0.0,0.3594479862720344,1.4316833174342821e-12
2022-02-11,-0.0027301715276444216,1.6556463326658504e-14,0.0,0.0,3.910104316296272e-17,-0.0027301715276444216,1.651736228349554e-14,0.0,0.0,0.35679522080986353,1.427188075448139e-12
2022-02-14,-0.0013286948440722364,2.1404762217991286e-15,0.0,0.0,1.1625973329761607e-16,-0.0013286948440722364,2.0242164885015124e-15,0.0,0.0,0.35503435396674865,1.4144934217876622e-12
2022-02-15,0.0028270323192472907,-1.758172344204423e-14,0.0,0.0,3.8746082969048705e-17,0.0028270323192472907,-1.762046952501328e-14,0.0,0.0,0.35417625128164654,1.4142320283702776e-12
2022-02-16,0.0005322813156425564,-2.8483589537517584e-15,0.0,0.0,3.911718846622398e-17,0.0005322813156425564,-2.8874761422179823e-15,0.0,0.0,0.3559968689468366,1.427777379017175e-12
2022-02-17,-0.002335063098729256,1.829260244106166e-14,0.0,0.0,3.917437391054914e-17,-0.002335063098729256,1.8253428067151112e-14,0.0,0.0,0.3563394774166255,1.4298646477350438e-12
2022-02-18,-0.0007196519787707206,6.713947291267909e-15,0.0,0.0,3.8763722458264046e-17,-0.0007196519787707206,6.675183568809645e-15,0.0,0.0,0.3548329716963103,1.4148758697266377e-12
2022-02-22,-0.00043534703574984535,1.045329805601319e-14,6.579483953591107e-06,7.412087937902807e-17,1.5505503169422437e-16,-0.00044192651970343646,1.0224122144939937e-14,0.03283945718564147,3.6995142204141296e-13,0.32152888441385724,1.414877164209797e-12
2022-02-23,-0.0024752395155891067,1.4611459362965107e-14,0.0,0.0,3.849437788243942e-17,-0.0024752395155891067,1.4572964985082666e-14,0.0,0.0,0.3212354998645645,1.405044792709039e-12
2022-02-24,0.0008396415209729106,4.260334594046062e-15,0.0,0.0,3.8188589833890606e-17,0.0008396415209729106,4.222146004212172e-15,0.0,0.0,0.31955122617124465,1.393883528937007e-12
2022-02-25,0.002833965412265793,-1.8366168081027533e-14,0.0,0.0,3.8039928434794464e-17,0.002833965412265793,-1.840420800946233e-14,0.0,0.0,0.3201220799021503,1.3884573878699982e-12
2022-02-28,-2.3808339133859294e-05,8.908799695937915e-15,0.0,0.0,1.1530256987088043e-16,-2.3808339133859294e-05,8.793497126067036e-15,0.0,0.0,0.3220433854986697,1.402847933429045e-12
2022-03-01,-0.0009137340532428522,1.4592198757131777e-14,0.0,0.0,3.819102251777747e-17,-0.0009137340532428522,1.4554007734613998e-14,0.0,0.0,0.3220272440933708,1.3939723218988778e-12
2022-03-02,0.002480566290358464,-3.860284567030942e-15,0.0,0.0,3.782579897106922e-17,0.002480566290358464,-3.898110366002011e-15,0.0,0.0,0.3214071907352552,1.3806416624440266e-12
2022-03-03,7.5125008637641e-05,9.20723165792404e-15,0.0,0.0,3.783770126581928e-17,7.5125008637641e-05,9.169393956658222e-15,0.0,0.0,0.3230863199913684,1.3810760962024035e-12
2022-03-04,-0.0011839521482648455,2.0377896881500985e-14,0.0,0.0,3.7582624948660126e-17,-0.0011839521482648455,2.0340314256552326e-14,0.0,0.0,0.3231371693173669,1.3717658106260945e-12
2022-03-07,-0.003593516446028116,3.013747534335026e-14,0.0,0.0,1.1120464018452567e-16,-0.003593516446028116,3.0026270703165735e-14,0.0,0.0,0.32233484620271785,1.3529897889117287e-12
2022-03-08,-0.001453679615053383,2.182101283666782e-15,6.497786934483703e-06,1.1260071075965026e-16,3.858979968102449e-17,-0.0014601774019878668,2.030910773226107e-15,0.03234913065895984,5.605808779793575e-13,0.28754173217807666,1.4085276883573938e-12
2022-03-09,0.0034744081191860655,-2.465385221828075e-14,0.0,0.0,3.8586359013668374e-17,0.0034744081191860655,-2.4692438577294418e-14,0.0,0.0,0.28650640273782535,1.4084021039988956e-12
2022-03-10,-0.0012881380803036477,1.0753439227966554e-14,0.0,0.0,3.912586778694049e-17,-0.0012881380803036477,1.0714313360179613e-14,0.0,0.0,0.2889767875600635,1.428094174223328e-12
2022-03-11,-0.001843528990095108,1.5886514230161793e-14,0.0,0.0,3.888133754507608e-17,-0.001843528990095108,1.5847632892616716e-14,0.0,0.0,0.28805971016181753,1.4191688203952768e-12
2022-03-14,-0.00046616088972982255,1.1390359154402296e-14,0.0,0.0,1.1555129389974386e-16,-0.00046616088972982255,1.1274807860502553e-14,0.0,0.0,0.28674480352978415,1.4058740757802168e-12
2022-03-15,0.0034849788791793783,-1.1266392518266454e-14,0.0,0.0,3.822285133059795e-17,0.0034849788791793783,-1.1304615369597052e-14,0.0,0.0,0.2864121567858877,1.3951340735668248e-12
2022-03-16,0.002530643120059621,-3.482759069035896e-14,0.0,0.0,3.839770442982316e-17,0.002530643120059621,-3.486598839478878e-14,0.0,0.0,0.2888903588660238,1.4015162116885452e-12
2022-03-17,0.0019563325817289045,-8.167015571180474e-15,0.0,0.0,3.9252550799059243e-17,0.0019563325817289045,-8.206268121979533e-15,0.0,0.0,0.29068538102649694,1.4327181041656627e-12
2022-03-18,0.0018260997499291401,-8.035697506808559e-15,0.0,0.0,3.939922665951585e-17,0.0018260997499291401,-8.075096733468075e-15,0.0,0.0,0.292070326911535,1.4380717730723287e-12
2022-03-21,3.2626700277806e-05,1.3360453933073831e-14,0.0,0.0,1.1864149705866934e-16,3.2626700277806e-05,1.3241812436015161e-14,0.0,0.0,0.2933607207227157,1.4434715475471433e-12
2022-03-22,0.0015948895795519762,-3.923587054486325e-15,8.05044007094972e-06,4.3250226360335496e-16,7.451800378657619e-17,0.0015868391394810266,-4.430607321876257e-15,0.04000000001176668,2.14896209359427e-12,0.3333837752888755,2.7199071382100314e-12
2022-03-23,-0.0018026799731419385,1.1699325716997132e-15,0.0,0.0,7.450726827284471e-17,-0.0018026799731419385,1.0954253034268686e-15,0.0,0.0,0.3344479497716122,2.719515291958832e-12
2022-03-24,0.0026642400241809233,-7.775749785963182e-15,0.0,0.0,7.460971276067032e-17,0.0026642400241809233,-7.850359498723853e-15,0.0,0.0,0.3332460056990731,2.7232545157644666e-12
2022-03-25,0.0006216729868404821,1.0638900407719283e-14,0.0,0.0,7.462393093781599e-17,0.0006216729868404821,1.0564276476781468e-14,0.0,0.0,0.33501767821614503,2.7237734792302834e-12
2022-03-28,0.0002421638718376849,-5.2270605502456395e-15,0.0,0.0,2.228588173363309e-16,0.0002421638718376849,-5.44991936758197e-15,0.0,0.0,0.33543082292141807,2.7114489442586924e-12
2022-03-29,0.0021451685535912144,-2.3741233306705908e-14,0.0,0.0,7.441145981658865e-17,0.0021451685535912144,-2.3815644766522496e-14,0.0,0.0,0.3355917186033239,2.7160182833054857e-12
2022-03-30,-0.0004969007581370265,3.1357729559230745e-15,0.0,0.0,7.490122880406355e-17,-0.0004969007581370265,3.060871727119011e-15,0.0,0.0,0.3370139354604514,2.7338948513483195e-12
2022-03-31,-0.0016999564519794316,1.2988095282605556e-14,0.0,0.0,7.485251148593564e-17,-0.0016999564519794316,1.2913242771119621e-14,0.0,0.0,0.336684333402834,2.7321166692366506e-12
2022-04-01,0.0008089773747781357,-4.763130685898712e-15,0.0,0.0,7.462353001032451e-17,0.0008089773747781357,-4.837754215909036e-15,0.0,0.0,0.3355548055074654,2.7237588453768446e-12
2022-04-04,0.0022080389056246164,-1.7266898471600113e-14,0.0,0.0,2.2408080392383964e-16,0.0022080389056246164,-1.7490979275523953e-14,0.0,0.0,0.3360918921456529,2.726316447740049e-12
2022-04-05,-0.0018625187624197056,3.118318134977866e-14,6.095505113165923e-06,1.4388362440488434e-16,6.513393460200442e-17,-0.0018686142675328715,3.0974163790771773e-14,0.030315793559533233,7.156004585467988e-13,0.3678703909180021,2.3773886129731613e-12
2022-04-06,-0.0004304833304421684,1.7547848091428314e-14,0.0,0.0,6.439993951219277e-17,-0.0004304833304421684,1.7483448151916122e-14,0.0,0.0,0.3666930800768079,2.3505977921950364e-12
2022-04-07,0.0014217178947289234,7.428448223442084e-15,0.0,0.0,6.394670454112433e-17,0.0014217178947289234,7.364501518900959e-15,0.0,0.0,0.3664203345923366,2.334054715751038e-12
2022-04-08,0.0007622101617709178,9.564469575015899e-15,0.0,0.0,6.365268924436816e-17,0.0007622101617709178,9.50081688577153e-15,0.0,0.0,0.36731982731547974,2.3233231574194373e-12
2022-04-11,-0.001898214265828491,1.872394543351252e-14,0.0,0.0,1.9002710635463964e-16,-0.001898214265828491,1.853391832715788e-14,0.0,0.0,0.3678016952875824,2.3119964606481157e-12
2022-04-12,0.0001466433069268454,1.870984655114763e-15,0.0,0.0,6.294887442994187e-17,0.0001466433069268454,1.8080357806848213e-15,0.0,0.0,0.36659936516654973,2.2976339166928784e-12
2022-04-13,0.0017597832044772698,-1.159668261022001e-14,0.0,0.0,6.288839241454599e-17,0.0017597832044772698,-1.1659571002634556e-14,0.0,0.0,0.36669223551143626,2.295426323130929e-12
2022-04-14,-0.002187267858327066,1.531663190775918e-14,0.0,0.0,6.309507609114318e-17,-0.002187267858327066,1.5253536831668037e-14,0.0,0.0,0.36780476207309465,2.3029702773267258e-12
2022-04-18,0.00021881961230639114,8.023779994614517e-15,0.0,0.0,2.5125132330480556e-16,0.00021881961230639114,7.772528671309711e-15,0.0,0.0,0.36641895060810925,2.2926683251563505e-12
2022-04-19,0.0004988276026181188,2.131588411300137e-15,0.0,0.0,6.257930765746735e-17,0.0004988276026181188,2.0690091036426696e-15,0.0,0.0,0.36655756023719377,2.284144729497558e-12
2022-04-20,0.0014952429302045435,-1.5954348480688714e-15,5.895136899275903e-06,2.816574143145233e-17,6.074379659935193e-17,0.0014893477933052676,-1.6843443860996757e-15,0.029325288380372835,1.4011014570769476e-13,0.396198669650803,2.2171485758763454e-12
2022-04-21,-0.002015969205475639,1.677738502278215e-14,0.0,0.0,6.069710803921654e-17,-0.002015969205475639,1.6716687914742933e-14,0.0,0.0,0.3971024888655003,2.2154444434314034e-12
2022-04-22,-0.005445337718890897,1.7169053510581958e-14,0.0,0.0,6.035913581410006e-17,-0.005445337718890897,1.710869437476786e-14,0.0,0.0,0.3958846108444021,2.2031084572146517e-12
2022-04-25,-0.0009155778536145945,-1.4113718457658182e-14,0.0,0.0,1.8064995235873037e-16,-0.0009155778536145945,-1.4294368410016912e-14,0.0,0.0,0.39257698740257624,2.1979077536978865e-12
2022-04-26,-0.00339939017556466,1.6030038898959652e-14,0.0,0.0,6.065886591852275e-17,-0.00339939017556466,1.5969380033041128e-14,0.0,0.0,0.3920203346855718,2.21404860602608e-12
2022-04-27,-0.00014619079906951903,1.0507635843955319e-14,0.0,0.0,6.042509524574099e-17,-0.00014619079906951903,1.0447210748709578e-14,0.0,0.0,0.3899465248957271,2.2055159764695463e-12
2022-04-28,0.004545109200387984,-1.8843350806762836e-14,0.0,0.0,6.014600760457195e-17,0.004545109200387984,-1.890349681436741e-14,0.0,0.0,0.38985732765090597,2.1953292775668764e-12
2022-04-29,-0.0060430885237962514,2.7475962209044323e-14,0.0,0.0,6.038779466991439e-17,-0.0060430885237962514,2.741557441437441e-14,0.0,0.0,0.39261794541535666,2.204154505451875e-12
2022-05-02,-0.001827274370867007,4.224045848293871e-15,0.0,0.0,1.7999279815890116e-16,-0.001827274370867007,4.0440530501349695e-15,0.0,0.0,0.38892516609942074,2.1899123775999644e-12
2022-05-03,0.0002322666659316408,-9.179906122281068e-15,0.0,0.0,5.999149302045157e-17,0.0002322666659316408,-9.23989761530152e-15,0.0,0.0,0.38780652064458115,2.189689495246482e-12
2022-05-04,0.004134381413418228,-2.7552512829529483e-14,1.1838267763123047e-05,0.0,6.022900810686954e-17,0.0041225431456551045,-2.7612741837636352e-14,0.05875829552502947,0.0,0.3291903842390855,2.198358795900738e-12
2022-05-05,-0.005551659840547038,3.638547434740809e-14,0.0,0.0,6.073349501846375e-17,-0.005551659840547038,3.632474085238963e-14,0.0,0.0,0.33195626164142555,2.216772568173927e-12
2022-05-06,-0.0015633486204513875,1.4794708762034198e-14,0.0,0.0,6.007012158921732e-17,-0.0015633486204513875,1.473463864044498e-14,0.0,0.0,0.3282268053748573,2.1925594380064322e-12
2022-05-09,-0.005566284534818154,1.971838448286908e-14,0.0,0.0,1.792746300533319e-16,-0.005566284534818154,1.953910985281575e-14,0.0,0.0,0.3271749452537097,2.1811746656488714e-12
2022-05-10,0.00010956392212561387,-3.3041692659549283e-15,0.0,0.0,5.954944948564558e-17,0.00010956392212561387,-3.3637187154405737e-15,0.0,0.0,0.32340884637890766,2.173554906226064e-12
2022-05-11,-0.0013324935910765544,7.769940297567579e-16,0.0,0.0,5.963344099732892e-17,-0.0013324935910765544,7.173605887594289e-16,0.0,0.0,0.32348296823829326,2.176620596402505e-12
2022-05-12,-0.00018034786854074697,-2.836699653557104e-15,0.0,0.0,5.969169228707733e-17,-0.00018034786854074697,-2.8963913458441816e-15,0.0,0.0,0.3225803108440236,2.1787467684783226e-12
2022-05-13,0.0030372333985760978,-9.761989108503835e-15,0.0,0.0,5.978019131588988e-17,0.0030372333985760978,-9.821769299819724e-15,0.0,0.0,0.32245811760968823,2.1819769830299804e-12
2022-05-16,0.0011826145294528282,3.764453965804019e-15,0.0,0.0,1.7959744984389852e-16,0.0011826145294528282,3.5848565159601205e-15,0.0,0.0,0.3245097391902358,2.1851023064340985e-12
2022-05-17,0.002532957476733688,-2.4086900262065313e-15,0.0,0.0,5.969208815879213e-17,0.002532957476733688,-2.4683821143653232e-15,0.0,0.0,0.32530764017787106,2.1787612177959126e-12
2022-05-18,-0.008051514772017355,1.7665308015260058e-14,1.747695579419697e-05,9.639320190375353e-17,6.419659358354471e-17,-0.008068991727811552,1.7504718219772758e-14,0.08701228942996042,4.799115636554368e-13,0.3999999999972125,2.3431756657993816e-12
2022-05-19,-0.00043692553608285954,-5.911458073459233e-15,0.0,0.0,6.423089107074945e-17,-0.00043692553608285954,-5.9756889645299825e-15,0.0,0.0,0.3951368411276005,2.3444275240823547e-12
2022-05-20,0.0005885894644947329,-7.73152319948903e-15,0.0,0.0,6.442099600440128e-17,0.0005885894644947329,-7.795944195493432e-15,0.0,0.0,0.3948724454464309,2.351366354160647e-12
2022-05-23,0.003119222338365748,-8.588295619451556e-15,0.0,0.0,1.9378439621943917e-16,0.003119222338365748,-8.782080015670996e-15,0.0,0.0,0.3952284076341263,2.3577101540031763e-12
2022-05-24,-1.617472464799505e-05,-1.5472724929797873e-15,0.0,0.0,6.462850383734494e-17,-1.617472464799505e-05,-1.6119009968171323e-15,0.0,0.0,0.3971089588373251,2.35894039006309e-12
2022-05-25,0.00037296921123682346,-1.9192249778613902e-14,0.0,0.0,6.467194091538674e-17,0.00037296921123682346,-1.925692171952929e-14,0.0,0.0,0.39709920708301016,2.3605258434116153e-12
2022-05-26,0.0024653999903829936,-2.0692335523529156e-14,0.0,0.0,6.517344828821413e-17,0.0024653999903829936,-2.075750897181737e-14,0.0,0.0,0.397323986680337,2.3788308625198155e-12
2022-05-27,0.0041088314702736285,-1.7651245339560755e-14,0.0,0.0,6.557868390356479e-17,0.0041088314702736285,-1.771682402346432e-14,0.0,0.0,0.39880616994318574,2.393621962480115e-12
2022-05-31,-0.0027814939773015074,1.4329599063831507e-14,0.0,0.0,2.631678064998651e-16,-0.0027814939773015074,1.4066431257331642e-14,0.0,0.0,0.4012662659519637,2.4014062343112686e-12
2022-06-01,-0.0010554790424265874,9.620059081895614e-15,0.0,0.0,6.558177518248269e-17,-0.0010554790424265874,9.554477306713132e-15,0.0,0.0,0.3995962465277257,2.393734794160618e-12
2022-06-02,0.0012326740393260314,-5.654336454282334e-14,4.029077573209012e-05,1.961586990621794e-15,2.7861652542330623e-16,0.0011923832635939414,-5.878356805886844e-14,0.19896186336812582,9.686609297570365e-12,0.20000000000975823,1.0169503177950675e-11
2022-06-03,-0.0014085684600836168,5.0025440631343996e-14,0.0,0.0,2.7983199171492946e-16,-0.0014085684600836168,4.974560863962907e-14,0.0,0.0,0.20099301334388545,1.0213867697594925e-11
2022-06-06,0.00040632784179704277,5.845173906150235e-14,0.0,0.0,8.365626508577377e-16,0.00040632784179704277,5.761517641064461e-14,0.0,0.0,0.19986596978507518,1.0178178918769141e-11
2022-06-07,0.0006605339664809139,-4.415376919543312e-14,0.0,0.0,2.771401896688855e-16,0.0006605339664809139,-4.443090938510201e-14,0.0,0.0,0.2001909544683843,1.0115616922914323e-11
2022-06-08,-0.0008227638012071694,8.075428373909815e-14,0.0,0.0,2.781661437893242e-16,-0.0008227638012071694,8.047611759530882e-14,0.0,0.0,0.20071890677923152,1.0153064248310333e-11
2022-06-09,-0.001310203801312938,5.783733791116152e-14,0.0,0.0,2.761809293307008e-16,-0.001310203801312938,5.756115698183083e-14,0.0,0.0,0.2000607457176271,1.0080603920570578e-11
2022-06-10,-0.0009771129984147348,1.1701407516389978e-13,0.0,0.0,2.7495659390490936e-16,-0.0009771129984147348,1.1673911856999488e-13,0.0,0.0,0.19901128726137682,1.0035915677529192e-11
2022-06-13,-0.0029060493701800485,2.0537893136752883e-13,0.0,0.0,8.160495591272561e-16,-0.0029060493701800485,2.0456288180840158e-13,0.0,0.0,0.19822786528675865,9.928602969381615e-12
2022-06-14,-0.0007392366519040937,6.056172627767958e-14,0.0,0.0,2.6716609754105683e-16,-0.0007392366519040937,6.029456018013852e-14,0.0,0.0,0.195891085080962,9.751562560248571e-12
2022-06-15,0.0008283551049189681,-1.427236733534295e-13,0.0,0.0,2.657032897739025e-16,0.0008283551049189681,-1.4298937664320342e-13,0.0,0.0,0.19529621855177787,9.69817007674744e-12
2022-06-16,-0.0005700634906368279,5.1659153856263035e-14,1.142443535310572e-05,2.5281023876421884e-16,2.433299112402184e-16,-0.0005814879259899336,5.11630137062586e-14,0.05344831661355798,1.1827526934139338e-12,0.19999999999911522,8.881541760267973e-12
2022-06-17,-0.00020683528230504435,9.171401359394913e-15,0.0,0.0,2.4205534421655604e-16,-0.00020683528230504435,8.929346015178356e-15,0.0,0.0,0.1995459700807501,8.835020063904295e-12
2022-06-21,-0.00035605332860018157,1.397992394672205e-14,0.0,0.0,9.674163876273753e-16,-0.00035605332860018157,1.3012507559094674e-14,0.0,0.0,0.19938037369432243,8.8276745370998e-12
2022-06-22,-0.000376268665842764,-4.926162330946973e-14,0.0,0.0,2.4155709249869316e-16,-0.000376268665842764,-4.950318040196842e-14,0.0,0.0,0.1990952088775488,8.8168338762023e-12
2022-06-23,-0.0010825732112466338,-4.726728337470297e-14,0.0,0.0,2.4299815860697443e-16,-0.0010825732112466338,-4.751028153330995e-14,0.0,0.0,0.19879374006706885,8.869432789154567e-12
2022-06-24,0.0018419793397667639,-4.021774546154103e-14,0.0,0.0,2.4455790450806546e-16,0.0018419793397667639,-4.0462303366049093e-14,0.0,0.0,0.19792543563026926,8.926363514544387e-12
2022-06-27,-0.0010102469487639645,5.522523371891682e-14,0.0,0.0,7.356242769244269e-16,-0.0010102469487639645,5.4489609441992395e-14,0.0,0.0,0.1994001240611764,8.950095369247193e-12
2022-06-28,-0.0004722824798379493,3.3044227551054866e-14,0.0,0.0,2.4394151337580565e-16,-0.0004722824798379493,3.280028603767906e-14,0.0,0.0,0.1985905025616681,8.903865238216906e-12
2022-06-29,0.00032797479611431507,-1.6947269739314387e-14,0.0,0.0,2.4315102804352855e-16,0.00032797479611431507,-1.7190420767357914e-14,0.0,0.0,0.19821183205740092,8.875012523588793e-12
2022-06-30,-0.0016205659971289335,-2.1482703225902105e-14,0.0,0.0,2.435354633095884e-16,-0.0016205659971289335,-2.1726238689211694e-14,0.0,0.0,0.19847471215026732,8.889044410799977e-12
2022-07-01,-0.0001475149405752383,-9.108311787777735e-14,6.781226104399368e-08,0.0,2.4452029179174803e-16,-0.0001475827528362823,-9.13276381695691e-14,0.0003388513793030415,0.0,0.196834827733739,8.924990650398805e-12
2022-07-05,-0.0018174546206944332,1.5307898840406405e-14,0.0,0.0,9.882087212787948e-16,-0.0018174546206944332,1.431969011912761e-14,0.0,0.0,0.1967163447328653,9.017404581669003e-12
2022-07-06,0.0006197800163643314,4.8569035531967006e-14,0.0,0.0,2.4708184587338925e-16,0.0006197800163643314,4.8321953686093614e-14,0.0,0.0,0.19525375495131225,9.018487374378707e-12
2022-07-07,0.0011779548967013793,-1.1577696498217855e-14,0.0,0.0,2.455989700319867e-16,0.0011779548967013793,-1.1823295468249841e-14,0.0,0.0,0.19575221165872192,8.964362406167515e-12
2022-07-08,0.0013048671716096327,2.4601993549283698e-14,0.0,0.0,2.456268298693187e-16,0.0013048671716096327,2.435636671941438e-14,0.0,0.0,0.1966984646358342,8.965379290230132e-12
2022-07-11,-0.00019045799591554371,9.88916262439918e-15,0.0,0.0,7.339007649309754e-16,-0.00019045799591554371,9.155261859468204e-15,0.0,0.0,0.1977453004565332,8.929125973326868e-12
2022-07-12,-0.0023137936252807826,-3.1671022642356314e-15,0.0,0.0,2.4440920203481337e-16,-0.0023137936252807826,-3.4115114662704445e-15,0.0,0.0,0.1975924755275128,8.92093587427069e-12
2022-07-13,0.00037534871867831473,-4.187188865514948e-15,0.0,0.0,2.450629971604839e-16,0.00037534871867831473,-4.432251862675432e-15,0.0,0.0,0.19573156434808753,8.944799396357662e-12
2022-07-14,0.00019397880874402935,6.335327579566674e-14,0.0,0.0,2.4508572205191126e-16,0.00019397880874402935,6.310819007361483e-14,0.0,0.0,0.19603333220670469,8.945628854894761e-12
2022-07-15,0.0002974296748851634,-6.750202994010566e-14,0.0,0.0,2.433028202744723e-16,0.0002974296748851634,-6.774533276038013e-14,0.0,0.0,0.19618925445756827,8.880552940018239e-12
2022-07-18,-8.523814353240731e-06,3.3905706198741963e-14,4.969743650848029e-06,8.034214348356381e-16,1.0068377050807754e-15,-1.3493558004088761e-05,3.209544705882555e-14,0.02387457026746063,3.85962392589292e-12,0.17255369027607484,1.2249858745149436e-11
2022-07-19,-0.00013836361378375152,-8.100288517535098e-14,0.0,0.0,3.346881610368622e-16,-0.00013836361378375152,-8.133757333638785e-14,0.0,0.0,0.1725474947413448,1.2216117877845469e-11
2022-07-20,-0.0001507839936712209,-7.111558144554542e-15,0.0,0.0,3.3695404034368243e-16,-0.0001507839936712209,-7.448512184898224e-15,0.0,0.0,0.17243298957914882,1.2298822472544408e-11
2022-07-21,-0.000427058683867584,-1.1331943591875272e-13,0.0,0.0,3.3719972187385362e-16,-0.000427058683867584,-1.1365663564062657e-13,0.0,0.0,0.1723081869020422,1.2307789848395658e-11
2022-07-22,-0.000755702838672796,-7.521587709629346e-14,0.0,0.0,3.4044975597856946e-16,-0.000755702838672796,-7.555632685227203e-14,0.0,0.0,0.17195456290751449,1.2426416093217785e-11
2022-07-25,0.0008487554960312162,2.3942033924807312e-14,0.0,0.0,1.028308490465689e-15,0.0008487554960312162,2.2913725434341622e-14,0.0,0.0,0.17132833337673248,1.2511086633999218e-11
2022-07-26,0.000832246280264191,4.07354122181955e-14,0.0,0.0,3.4182342617532384e-16,0.000832246280264191,4.0393588792020176e-14,0.0,0.0,0.17203107655104885,1.2476555055399318e-11
2022-07-27,0.0010086270745118435,-9.74467580963148e-14,0.0,0.0,3.4042407081775015e-16,0.0010086270745118435,-9.778718216713255e-14,0.0,0.0,0.17271957760531526,1.242547858484788e-11
2022-07-28,0.0016676026464309513,-1.2736986122862995e-13,0.0,0.0,3.4274813995850255e-16,0.0016676026464309513,-1.2771260936858845e-13,0.0,0.0,0.1735531542695809,1.2510307108485345e-11
2022-07-29,0.0006366630215436181,-6.151634563116175e-14,0.0,0.0,3.4566129949987253e-16,0.0006366630215436181,-6.186200693066162e-14,0.0,0.0,0.17492904477802465,1.2616637431745347e-11
2022-08-01,-0.0005973017638006111,-5.794521172200745e-14,6.024732264870925e-06,2.9293883592978883e-16,9.634249406143375e-16,-0.000603326496065482,-5.920157549855158e-14,0.030118167775063032,1.4644270683709899e-12,0.20557217049912596,1.172167011080778e-11
2022-08-02,-0.0008354965546273044,1.3908421747490327e-13,0.0,0.0,3.2292401553343055e-16,-0.0008354965546273044,1.3876129345936983e-13,0.0,0.0,0.2050986101611539,1.1786726566970216e-11
2022-08-03,0.0009984481171371902,-7.006538093647778e-14,0.0,0.0,3.1938033019271617e-16,0.0009984481171371902,-7.03847612666705e-14,0.0,0.0,0.2044339174401685,1.1657382052034143e-11
2022-08-04,0.0007842595478537923,-1.9155300341278505e-14,0.0,0.0,3.2097944834461113e-16,0.0007842595478537923,-1.9476279789623116e-14,0.0,0.0,0.20522745658970326,1.1715749864578304e-11
2022-08-05,6.999589066757628e-05,1.0454288042448607e-13,0.0,0.0,3.2125230590551704e-16,6.999589066757628e-05,1.0422162811858056e-13,0.0,0.0,0.20585027609310666,1.1725709165551371e-11
2022-08-08,5.989258821329008e-05,-5.4633788978852295e-14,0.0,0.0,9.550974993019722e-16,5.989258821329008e-05,-5.5588886478154266e-14,0.0,0.0,0.20590585941972903,1.1620352908173998e-11
2022-08-09,0.00022417332332227085,4.2103592031057386e-14,0.0,0.0,3.198434929824642e-16,0.00022417332332227085,4.1783748538074924e-14,0.0,0.0,0.20595341692476282,1.1674287493859945e-11
2022-08-10,0.0005767531338443161,-9.886377399163369e-14,0.0,0.0,3.1861854413519605e-16,0.0005767531338443161,-9.918239253576889e-14,0.0,0.0,0.20613138109133622,1.1629576860934655e-11
2022-08-11,0.0003511668819314506,4.9918454484671253e-14,0.0,0.0,3.211419210735559e-16,0.0003511668819314506,4.95973125635977e-14,0.0,0.0,0.20658898338161802,1.1721680119184792e-11
2022-08-12,0.0014839977260068442,-7.871173972139613e-14,0.0,0.0,3.196620374625815e-16,0.0014839977260068442,-7.903140175885871e-14,0.0,0.0,0.2068675052467487,1.1667664367384223e-11
2022-08-15,-9.954978585451081e-05,-6.780065699324999e-15,6.032780963635593e-06,4.339465554976764e-16,8.168777874786187e-16,-0.00010558256681814641,-8.030890042301296e-15,0.03015836947758015,2.169334612529235e-12,0.23820113745487756,9.938679747656528e-12
2022-08-16,-0.0009206166255177688,1.0430895067988932e-14,0.0,0.0,2.725071230523756e-16,-0.0009206166255177688,1.0158387944936557e-14,0.0,0.0,0.23812672970037463,9.946509991411709e-12
2022-08-17,-0.00020374941710785797,5.778745565303372e-14,0.0,0.0,2.72472187531137e-16,-0.00020374941710785797,5.751498346550258e-14,0.0,0.0,0.23742469019195359,9.9452348448865e-12
2022-08-18,0.0003414903991880635,-6.630662113126737e-15,0.0,0.0,2.70944174285604e-16,0.0003414903991880635,-6.901606287412341e-15,0.0,0.0,0.23726928425319627,9.889462361424548e-12
2022-08-19,3.809931427646995e-05,8.791359584991e-14,0.0,0.0,2.7103328099798674e-16,3.809931427646995e-05,8.764256256891201e-14,0.0,0.0,0.23752966055378447,9.892714756426519e-12
2022-08-22,-0.00014858401110984278,6.452607462553447e-14,0.0,0.0,8.058433659128717e-16,-0.00014858401110984278,6.372023125962159e-14,0.0,0.0,0.23755870904412513,9.804427618606605e-12
2022-08-23,0.0010125063786338136,-8.035735507267921e-15,0.0,0.0,2.668862726762044e-16,0.0010125063786338136,-8.302621779944126e-15,0.0,0.0,0.23744540562378733,9.74134895268146e-12
2022-08-24,0.0002776823654026658,1.3036798280752642e-14,0.0,0.0,2.6683625640173453e-16,0.0002776823654026658,1.2769962024350908e-14,0.0,0.0,0.23821671605791728,9.739523358663311e-12
2022-08-25,9.808755500074995e-05,-7.373618882060813e-14,0.0,0.0,2.6640510784559224e-16,9.808755500074995e-05,-7.400259392845372e-14,0.0,0.0,0.23842819111922825,9.723786436364116e-12
2022-08-26,-0.0003796335528328561,8.587652097309799e-14,0.0,0.0,2.6839895080549174e-16,-0.0003796335528328561,8.560812202229249e-14,0.0,0.0,0.2385028845094445,9.796561704400449e-12
2022-08-29,0.0003712630857450179,5.4523336522166404e-14,6.016289068786249e-06,0.0,7.984416234570797e-16,0.00036524679667623166,5.3724894898709325e-14,0.03007569327263325,0.0,0.2081379915914764,9.714373085394471e-12
2022-08-30,-0.0008613965284139173,1.969086303879475e-14,0.0,0.0,2.64556789257494e-16,-0.0008613965284139173,1.9426306249537257e-14,0.0,0.0,0.2084331251459294,9.65632280789853e-12
2022-08-31,-0.0006890920507774626,5.748482296721673e-14,0.0,0.0,2.642449332259276e-16,-0.0006890920507774626,5.72205780339908e-14,0.0,0.0,0.20775068433577393,9.644940062746356e-12
2022-09-01,-0.00026351745854787383,5.808272476982892e-14,0.0,0.0,2.628511351970786e-16,-0.00026351745854787383,5.781987363463184e-14,0.0,0.0,0.2072043751728025,9.59406643469337e-12
2022-09-02,-6.097121356985412e-05,-4.753986028204334e-15,0.0,0.0,2.6132869234197463e-16,-6.097121356985412e-05,-5.015314720546308e-15,0.0,0.0,0.20699540461719845,9.538497270482073e-12
2022-09-06,0.0005804907362860022,9.264948966743307e-14,0.0,0.0,1.0458995239013623e-15,0.0005804907362860022,9.160359014353171e-14,0.0,0.0,0.206947051216487,9.54383315559993e-12
2022-09-07,0.0004150522405449316,-6.52764474550287e-14,0.0,0.0,2.587863157336865e-16,0.0004150522405449316,-6.553523377076239e-14,0.0,0.0,0.2074071440270068,9.445700524279557e-12
2022-09-08,-1.8975029023145795e-05,9.290537117165508e-15,0.0,0.0,2.604666043066846e-16,-1.8975029023145795e-05,9.030070512858823e-15,0.0,0.0,0.20773597498570576,9.507031057193988e-12
2022-09-09,0.00109795012274158,-4.6661304149411384e-14,0.0,0.0,2.6021700666845217e-16,0.00109795012274158,-4.6921521156079836e-14,0.0,0.0,0.20772094146757383,9.497920743398504e-12
2022-09-12,0.0007842898310200252,2.586488144593777e-15,0.0,0.0,7.836258136306474e-16,0.0007842898310200252,1.8028623309631296e-15,0.0,0.0,0.20858987031660842,9.534114065839541e-12
2022-09-13,-0.0013670166475213583,4.9500019925493224e-14,6.770769182170898e-09,8.128729776777955e-16,1.4958130866363158e-16,-0.0013670234182905404,4.8537565639151795e-14,3.385364018456439e-05,4.06434018966753e-12,0.20924393244975756,5.4597177662225515e-12
2022-09-14,-0.00026320800197030875,-1.5244347581329726e-14,0.0,0.0,1.4842804835218736e-16,-0.00026320800197030875,-1.5392775629681914e-14,0.0,0.0,0.20816147741664057,5.417623764854839e-12
2022-09-15,-0.0013653621503276318,1.8117200727082912e-14,0.0,0.0,1.4888488940484606e-16,-0.0013653621503276318,1.7968315837678065e-14,0.0,0.0,0.2079530043094415,5.434298463276882e-12
2022-09-16,-4.7662825429611515e-05,1.2621792123534264e-14,0.0,0.0,1.4859140882656335e-16,-4.7662825429611515e-05,1.24732007147077e-14,0.0,0.0,0.20687009475652537,5.423586422169562e-12
2022-09-19,0.0003590706792096594,1.5651493668884197e-15,0.0,0.0,4.447580173316256e-16,0.0003590706792096594,1.120391349556794e-15,0.0,0.0,0.20683229014243146,5.411222544201446e-12
2022-09-20,0.00044924150586603804,2.941496744697081e-14,0.0,0.0,1.4815659295084253e-16,0.00044924150586603804,2.926681085401997e-14,0.0,0.0,0.20711699118294097,5.407715642705753e-12
2022-09-21,-0.00043039656838997093,-2.7932715596133448e-15,0.0,0.0,1.4728453710450355e-16,-0.00043039656838997093,-2.9405560967178485e-15,0.0,0.0,0.2074730271936379,5.375885604314379e-12
2022-09-22,-0.00012641734375688313,4.099618540696742e-14,0.0,0.0,1.4742451609826385e-16,-0.00012641734375688313,4.084876089086916e-14,0.0,0.0,0.20713177943232072,5.38099483758663e-12
2022-09-23,-0.0009404845102936891,2.4701551393029426e-14,0.0,0.0,1.4631983030070873e-16,-0.0009404845102936891,2.4555231562728716e-14,0.0,0.0,0.20703153446521644,5.3406738059758685e-12
2022-09-26,-0.0007989741695462746,7.0617705431399e-14,0.0,0.0,4.373405384061527e-16,-0.0007989741695462746,7.018036489299284e-14,0.0,0.0,0.20628505785653678,5.320976550608191e-12
2022-09-27,-0.0001414016832740988,3.775127848651874e-14,6.549023393701791e-06,0.0,1.4396046850882702e-16,-0.00014795070666780058,3.7607318018009916e-14,0.03272873993888583,0.0,0.1729216531000854,5.254557100572186e-12
2022-09-28,0.0005160239477573409,-8.370319183443875e-14,0.0,0.0,1.4294733606583847e-16,0.0005160239477573409,-8.384613917050458e-14,0.0,0.0,0.17280581815971782,5.217577766403105e-12
2022-09-29,-0.0012902925774520453,3.8136613141423045e-14,0.0,0.0,1.4516566523864575e-16,-0.0012902925774520453,3.79914474761844e-14,0.0,0.0,0.17323245001475338,5.298546781210571e-12
2022-09-30,-0.0004348830160001959,2.2893602607606035e-14,0.0,0.0,1.443070248054175e-16,-0.0004348830160001959,2.274929558280062e-14,0.0,0.0,0.1721642997553714,5.2672064053977385e-12
2022-10-03,0.0012459693485519857,-5.861078335356295e-14,0.0,0.0,4.3122694172149064e-16,0.0012459693485519857,-5.904201029528443e-14,0.0,0.0,0.17180413143820844,5.2465944576114695e-12
2022-10-04,0.0007877000562992548,-3.5871162063392694e-14,0.0,0.0,1.4516721489339929e-16,0.0007877000562992548,-3.6016329278286095e-14,0.0,0.0,0.17283475398094583,5.298603343609074e-12
2022-10-05,0.00011832610857847559,3.5871935244824384e-14,0.0,0.0,1.460349547147347e-16,0.00011832610857847559,3.572590029010965e-14,0.0,0.0,0.17348579926340443,5.330275847087817e-12
2022-10-06,-0.0006065433817352252,2.3066445167748172e-14,0.0,0.0,1.450350005410743e-16,-0.0006065433817352252,2.2921410167207097e-14,0.0,0.0,0.1735835859017438,5.2937775197492124e-12
2022-10-07,-0.0007700264980259723,2.9505979873860355e-14,0.0,0.0,1.4449068300671497e-16,-0.0007700264980259723,2.936148919085364e-14,0.0,0.0,0.1730820242763268,5.2739099297450966e-12
2022-10-10,0.00032775911517611935,2.3361497763481795e-14,0.0,0.0,4.31379073306544e-16,0.00032775911517611935,2.2930118690175252e-14,0.0,0.0,0.17244478483206285,5.248445391896285e-12
2022-10-11,-0.0005173517362676741,-3.2149624307857895e-15,1.0366013658605162e-08,0.0,1.4310607907904018e-16,-0.0005173621022813327,-3.3580685098648295e-15,5.182968214292871e-05,0.0,0.1726641050431497,5.223371886384966e-12
2022-10-12,-0.0004929393641278658,2.99151156341765e-15,0.0,0.0,1.4326828182100106e-16,-0.0004929393641278658,2.848243281596649e-15,0.0,0.0,0.1722358616143356,5.229292286466539e-12
2022-10-13,0.0006415614990431961,1.983163726868144e-15,0.0,0.0,1.4325693958479094e-16,0.0006415614990431961,1.839906787283353e-15,0.0,0.0,0.1718276228493542,5.2288782948448695e-12
2022-10-14,-0.0009975137225332747,3.2229188204444114e-14,0.0,0.0,1.4311079195778208e-16,-0.0009975137225332747,3.2086077412486335e-14,0.0,0.0,0.1723586057029493,5.223543906459046e-12
2022-10-17,0.00020074163757951186,-1.5159515409956265e-14,0.0,0.0,4.271094490368024e-16,0.00020074163757951186,-1.5586624858993068e-14,0.0,0.0,0.17153219770147407,5.196498296614429e-12
2022-10-18,0.00027514509819577326,-1.456124359143486e-14,0.0,0.0,1.4275648836366764e-16,0.00027514509819577326,-1.4704000079798527e-14,0.0,0.0,0.17169847230655555,5.2106118252738695e-12
2022-10-19,-0.00030288680002887826,4.1705948237834366e-14,0.0,0.0,1.431160488649387e-16,-0.00030288680002887826,4.1562832188969424e-14,0.0,0.0,0.17192631272255737,5.223735783570262e-12
2022-10-20,-0.00013815305491672486,3.097329159696667e-14,0.0,0.0,1.4201643504965173e-16,-0.00013815305491672486,3.083127516191702e-14,0.0,0.0,0.1716754241423834,5.183599879312288e-12
2022-10-21,0.0006227865826876709,-3.357249806845903e-14,0.0,0.0,1.4118735718293404e-16,0.0006227865826876709,-3.371368542564196e-14,0.0,0.0,0.1715609727599527,5.1533385371770925e-12
2022-10-24,0.00022079352012462222,6.203506417938763e-15,0.0,0.0,4.2605611292110413e-16,0.00022079352012462222,5.777450305017659e-15,0.0,0.0,0.17207659234973613,5.183682707206768e-12
2022-10-25,0.00029206832403043544,-6.414689285364686e-14,3.3537628487458963e-06,5.730801071841205e-16,1.7741290714532954e-16,0.0002887145611816895,-6.489738586797631e-14,0.016660013243582433,2.8468089742514984e-12,0.15689748490017583,6.475571110804526e-12
2022-10-26,-0.0009104384140138117,-3.75965174055523e-14,0.0,0.0,1.7911864210446451e-16,-0.0009104384140138117,-3.777563604765677e-14,0.0,0.0,0.1571441834102609,6.537830436812954e-12
2022-10-27,-3.683239944595089e-05,-2.4197604121535135e-14,0.0,0.0,1.8031284742005762e-16,-3.683239944595089e-05,-2.4377916968955192e-14,0.0,0.0,0.15637611581912897,6.581418930832104e-12
2022-10-28,0.0009964046283895752,7.981104417924781e-15,0.0,0.0,1.809824614965008e-16,0.0009964046283895752,7.80012195642828e-15,0.0,0.0,0.15634504198272456,6.60585984462228e-12
2022-10-31,0.0004392804024489805,3.272080327350993e-14,0.0,0.0,5.417515995032808e-16,0.0004392804024489805,3.2179051674006653e-14,0.0,0.0,0.15718482692205515,6.591311127289915e-12
2022-11-01,0.0003760781710445198,-2.3314162479923186e-14,0.0,0.0,1.796085076399107e-16,0.0003760781710445198,-2.3493770987563096e-14,0.0,0.0,0.15755489654613647,6.555710528856739e-12
2022-11-02,-0.0010833809427008999,2.4620414930723527e-14,0.0,0.0,1.8017949024429624e-16,-0.0010833809427008999,2.444023544047923e-14,0.0,0.0,0.15787160265359887,6.576551393916813e-12
2022-11-03,-0.0003120805643306464,3.172638324293094e-14,0.0,0.0,1.796996414953879e-16,-0.0003120805643306464,3.1546683601435556e-14,0.0,0.0,0.15695826730649334,6.559036914581658e-12
2022-11-04,-6.080814254602031e-05,-4.754997376773411e-14,0.0,0.0,1.7888625243873595e-16,-6.080814254602031e-05,-4.7728860020172845e-14,0.0,0.0,0.15669508823372158,6.529348214013861e-12
2022-11-07,-0.00042976952771908196,3.819758166299363e-15,0.0,0.0,5.405998472108088e-16,-0.00042976952771908196,3.2791583190885538e-15,0.0,0.0,0.15664380531002528,6.57729814106484e-12
2022-11-08,-0.00021246840061293592,-3.224575638064271e-14,1.621475001649857e-08,0.0,1.801727309110748e-16,-0.00021248461536295241,-3.242592911155379e-14,8.10729803672472e-05,0.0,0.1562001276997461,6.5763046782542295e-12
2022-11-09,-0.0006050382465435494,2.8345255187327713e-14,0.0,0.0,1.810946561197221e-16,-0.0006050382465435494,2.816416053120799e-14,0.0,0.0,0.15602081132122048,6.609954948369857e-12
2022-11-10,0.0008710833951041373,-1.6963887429169278e-13,0.0,0.0,1.8042723916623152e-16,0.0008710833951041373,-1.69819301530859e-13,0.0,0.0,0.1555098624891932,6.585594229567449e-12
2022-11-11,-0.00016727096169062927,-2.4314907016833707e-14,0.0,0.0,1.8491380421344024e-16,-0.00016727096169062927,-2.4499820821047147e-14,0.0,0.0,0.15624484359549717,6.749353853790567e-12
2022-11-14,-0.00037143972415526325,3.383194750944635e-14,0.0,0.0,5.568330401466937e-16,-0.00037143972415526325,3.327511446929966e-14,0.0,0.0,0.15610368424719787,6.774801988451439e-12
2022-11-15,0.0007740775003410391,-5.234006563880088e-14,0.0,0.0,1.8475273521573888e-16,0.0007740775003410391,-5.252481837401662e-14,0.0,0.0,0.15579011115895242,6.743474835374469e-12
2022-11-16,-0.00031416023552993075,-1.923845612650635e-14,0.0,0.0,1.8604269815007098e-16,-0.00031416023552993075,-1.942449882465642e-14,0.0,0.0,0.1564430895835712,6.790558482477591e-12
2022-11-17,-0.00026363254389356476,3.6841123442347035e-14,0.0,0.0,1.8662841036519882e-16,-0.00026363254389356476,3.6654495031981834e-14,0.0,0.0,0.1561779942635067,6.811936978329755e-12
2022-11-18,0.000440021692852598,1.3201074109516522e-14,0.0,0.0,1.8566801264795047e-16,0.000440021692852598,1.3015406096868572e-14,0.0,0.0,0.15595547665865309,6.776882461650193e-12
2022-11-21,1.5760335112874097e-05,6.339876698736771e-15,0.0,0.0,5.556745093157568e-16,1.5760335112874097e-05,5.784202189421014e-15,0.0,0.0,0.15632671120740008,6.760706530008375e-12
2022-11-22,0.0001479510785297542,-3.836023808755232e-14,3.0916203356445408e-06,7.261177659972213e-16,1.7524116030529134e-16,0.00014485945819410966,-3.926159701385484e-14,0.014849647993573618,3.4876834980744305e-12,0.14149035958446632,6.396302351143134e-12
2022-11-23,0.0001228021010309417,-3.15078680190876e-14,0.0,0.0,1.7626659184936148e-16,0.0001228021010309417,-3.168413461093696e-14,0.0,0.0,0.14161779598580446,6.433730602501693e-12
2022-11-25,0.00022681770337566485,6.449388689728112e-15,0.0,0.0,3.5421614373365847e-16,0.00022681770337566485,6.095172545994453e-15,0.0,0.0,0.14172319418082965,6.464444623139265e-12
2022-11-28,-0.0002519289963379556,8.868516264069121e-15,0.0,0.0,5.306737626547759e-16,-0.0002519289963379556,8.337842501414345e-15,0.0,0.0,0.14191782240965745,6.4565307789664395e-12
2022-11-29,-0.00019853713866175494,1.3071779059479951e-14,0.0,0.0,1.7669279520848347e-16,-0.00019853713866175494,1.2895086264271467e-14,0.0,0.0,0.14170159215320896,6.449287025109648e-12
2022-11-30,0.0007804904495505092,-6.801949750566734e-14,0.0,0.0,1.7636968020699977e-16,0.0007804904495505092,-6.819586718587434e-14,0.0,0.0,0.1415311542049327,6.437493327555491e-12
2022-12-01,-0.0006949903652644013,-6.944655791727429e-14,0.0,0.0,1.7809422724039828e-16,-0.0006949903652644013,-6.962465214451469e-14,0.0,0.0,0.14220065839869292,6.500439294274537e-12
2022-12-02,-0.0005589519813793244,-1.9876135867461212e-14,0.0,0.0,1.8012205575612405e-16,-0.0005589519813793244,-2.0056257923217335e-14,0.0,0.0,0.14160408150576703,6.574455035098528e-12
2022-12-05,-0.00032398011817258654,7.49153795312959e-14,0.0,0.0,5.423029435760078e-16,-0.00032398011817258654,7.43730765877199e-14,0.0,0.0,0.14112401106999828,6.598019146841427e-12
2022-12-06,-0.00037192891486678687,-8.588294786464056e-15,0.0,0.0,1.7877309063414335e-16,-0.00037192891486678687,-8.7670678770982e-15,0.0,0.0,0.1408456621460814,6.525217808146232e-12
2022-12-07,-9.574295006245619e-05,-4.501251171387469e-14,2.215189056015469e-08,0.0,1.7907498954826174e-16,-9.576510195301634e-05,-4.519158670342295e-14,0.000110758216693152,0.0,0.14041524069680922,6.5362371185115524e-12
2022-12-08,0.0002310426067042721,1.4404793997456017e-14,0.0,0.0,1.8032547793505932e-16,0.0002310426067042721,1.4224468519520958e-14,0.0,0.0,0.1403329367447478,6.581879944629664e-12
2022-12-09,-6.890303692799957e-05,4.7715488717260875e-14,0.0,0.0,1.79889263960252e-16,-6.890303692799957e-05,4.7535599453300626e-14,0.0,0.0,0.14053151058492044,6.565958134549199e-12
2022-12-12,0.001079319613655546,-3.600169832312075e-15,0.0,0.0,5.357828879583852e-16,0.001079319613655546,-4.13595272027046e-15,0.0,0.0,0.1404722865151309,6.518691803493685e-12
2022-12-13,-0.00017612638018003904,-5.461608485807202e-14,0.0,0.0,1.7850027193151697e-16,-0.00017612638018003904,-5.479458513000353e-14,0.0,0.0,0.14139899142399198,6.5152599255003685e-12
2022-12-14,-0.00031569247464440257,-1.0491112688424035e-14,0.0,0.0,1.8002831075823256e-16,-0.00031569247464440257,-1.0671140999182268e-14,0.0,0.0,0.14124774249741437,6.571033342675487e-12
2022-12-15,-0.0004829435692128201,1.5670227573525984e-14,0.0,0.0,1.803726808010832e-16,-0.0004829435692128201,1.54898548927249e-14,0.0,0.0,0.14097655526036845,6.583602849239535e-12
2022-12-16,-0.00040412886671518076,2.3739165961462788e-14,0.0,0.0,1.8003030397526442e-16,-0.00040412886671518076,2.3559135657487523e-14,0.0,0.0,0.1405614949612239,6.57110609509715e-12
2022-12-19,-0.0005265444486378569,3.6879061284849666e-14,0.0,0.0,5.383573133311052e-16,-0.0005265444486378569,3.634070397151856e-14,0.0,0.0,0.1402140306318022,6.5500139788617785e-12
2022-12-20,-8.073580508753885e-05,1.6662049566115362e-15,0.0,0.0,1.785360597074684e-16,-8.073580508753885e-05,1.4876688969040678e-15,0.0,0.0,0.13976107660217985,6.516566179322596e-12
2022-12-21,0.0016926332935776193,-1.8809637295791323e-14,8.14057371019367e-06,1.5214818568771262e-16,1.5797591245224764e-16,0.0016844927198674255,-1.911976139393128e-14,0.04009100843604721,7.493051980227383e-13,0.17960061047916248,5.766120804507038e-12
2022-12-22,-0.0010441588270871558,1.2379011094841577e-14,0.0,0.0,1.5822471659769057e-16,-0.0010441588270871558,1.2220786378243886e-14,0.0,0.0,0.18098837018079336,5.775202155815705e-12
2022-12-23,0.0005194776296442896,1.3585509600996347e-14,0.0,0.0,1.580505955332413e-16,0.0005194776296442896,1.3427459005463106e-14,0.0,0.0,0.18013229808279066,5.768846736963307e-12
2022-12-27,0.0002737039081939739,3.5074204965078386e-14,0.0,0.0,6.303860876923894e-16,0.0002737039081939739,3.4443818877385996e-14,0.0,0.0,0.18055797988103048,5.752273050193052e-12
2022-12-28,-0.00037839094815521655,1.61200069662259e-14,0.0,0.0,1.5659272475999952e-16,-0.00037839094815521655,1.59634142414659e-14,0.0,0.0,0.180782202993727,5.715634453739982e-12
2022-12-29,0.0007786551299737734,-2.5492334175858543e-14,0.0,0.0,1.5621018925514882e-16,0.0007786551299737734,-2.5648544365113693e-14,0.0,0.0,0.1804721010550027,5.701671907812932e-12
2022-12-30,-0.000495528637757575,8.454802703770327e-15,0.0,0.0,1.5678652673620603e-16,-0.000495528637757575,8.298016177034122e-15,0.0,0.0,0.18110973416138815,5.722708225871517e-12
2023-01-03,2.9682261949252543e-05,-1.7501690708456156e-14,0.0,0.0,6.2653001678959165e-16,2.9682261949252543e-05,-1.8128220725245748e-14,0.0,0.0,0.18070374940641012,5.717086403205023e-12
2023-01-04,-0.00010957338653673491,-6.3901382578793996e-15,0.0,0.0,1.5710733927177648e-16,-0.00010957338653673491,-6.5472455971511764e-15,0.0,0.0,0.18072806725052887,5.73441788341984e-12
2023-01-05,-0.0009494121281173065,6.907180036365932e-15,0.0,0.0,1.5729964740788274e-16,-0.0009494121281173065,6.7498803889580495e-15,0.0,0.0,0.1806382870128395,5.741437130387721e-12
2023-01-06,0.0019018185702009062,-5.4453626890071395e-14,8.583697108708136e-06,6.732378483819968e-17,1.4856801728684954e-16,0.001893234873092198,-5.466951869219644e-14,0.04044858031164058,3.172469255874489e-13,0.21941105549210815,5.422732630970009e-12
2023-01-09,0.00020097487273675014,-1.9701179003054943e-14,0.0,0.0,4.493290070811824e-16,0.00020097487273675014,-2.0150508010136126e-14,0.0,0.0,0.2208946685724995,5.4668362528210534e-12
2023-01-10,0.0004178289927931345,2.9931709693175706e-14,0.0,0.0,1.5028589033489716e-16,0.0004178289927931345,2.978142380284081e-14,0.0,0.0,0.22105121770489417,5.485434997223745e-12
2023-01-11,0.0009635733568905848,-3.1859967401730214e-14,0.0,0.0,1.4940341841414794e-16,0.0009635733568905848,-3.200937082014436e-14,0.0,0.0,0.2213765491571184,5.453224772116399e-12
2023-01-12,0.0008201448066243109,-5.971320288801034e-14,0.0,0.0,1.501316313933411e-16,0.0008201448066243109,-5.986333451940368e-14,0.0,0.0,0.22212608773400525,5.47980454585695e-12
2023-01-13,3.765313376452969e-05,1.449755415069638e-14,0.0,0.0,1.51643240138806e-16,3.765313376452969e-05,1.4345910910557573e-14,0.0,0.0,0.22276353418497583,5.53497826506642e-12
2023-01-17,-6.621786918205223e-06,1.0460748071521929e-14,0.0,0.0,6.049614088047566e-16,-6.621786918205223e-06,9.855786662717171e-15,0.0,0.0,0.22279279847169456,5.520272855343405e-12
2023-01-18,-0.0016919336437203646,-3.9696322808358994e-14,0.0,0.0,1.5095475595383997e-16,-0.0016919336437203646,-3.9847277564312835e-14,0.0,0.0,0.22278765193713332,5.509848592315159e-12
2023-01-19,-0.0013607427179361292,-3.30936960807524e-15,0.0,0.0,1.5230000794913429e-16,-0.0013607427179361292,-3.4616696160243743e-15,0.0,0.0,0.2214704315676804,5.558950290143401e-12
2023-01-20,0.0012164558734537774,3.145781521225134e-14,0.0,0.0,1.52598322665967e-16,0.0012164558734537774,3.130521688958537e-14,0.0,0.0,0.22040960962099992,5.5698387773077965e-12
2023-01-23,0.00018390908498083214,9.525311346121056e-15,2.659834868970352e-05,4.087251386109079e-16,5.26365467293615e-16,0.00015731073629112862,8.590220740216532e-15,0.12295004502717977,1.8893193251280578e-12,0.3032449895136975,6.4041131854056474e-12
2023-01-24,0.0010061326517064768,-3.036748624178277e-14,0.0,0.0,1.7516663273842676e-16,0.0010061326517064768,-3.0542652874521194e-14,0.0,0.0,0.30338117348289834,6.393582094952576e-12
2023-01-25,-0.00027238848787101576,-6.464524613739334e-15,0.0,0.0,1.7582171869081054e-16,-0.00027238848787101576,-6.640346332430145e-15,0.0,0.0,0.30408135994959345,6.417492732214584e-12
2023-01-26,0.0005760151946677079,2.587273606287825e-15,0.0,0.0,1.7604678207096474e-16,0.0005760151946677079,2.41122682421686e-15,0.0,0.0,0.30389174807545927,6.425707545590212e-12
2023-01-27,0.00020380515956083602,1.747741382762372e-14,0.0,0.0,1.7587459142555577e-16,0.00020380515956083602,1.7301539236198164e-14,0.0,0.0,0.3042924861744665,6.4194225870327855e-12
2023-01-30,-0.0015875384074869737,2.431349425924205e-14,0.0,0.0,5.260800566801107e-16,-0.0015875384074869737,2.378741420256194e-14,0.0,0.0,0.3044342460639272,6.400640689608014e-12
2023-01-31,0.0013956800596369864,-3.816319574391102e-14,0.0,0.0,1.7497167000933788e-16,0.0013956800596369864,-3.833816741392036e-14,0.0,0.0,0.30332825290800036,6.386465955340832e-12
2023-02-01,0.0024246019267312223,-2.4672696626337874e-14,0.0,0.0,1.757719156582986e-16,0.0024246019267312223,-2.4848468541996172e-14,0.0,0.0,0.30429922860212616,6.415674921527898e-12
2023-02-02,0.0005329921941171153,8.78019362268614e-15,0.0,0.0,1.7602109885400872e-16,0.0005329921941171153,8.604172523832132e-15,0.0,0.0,0.30598194611277496,6.424770108171318e-12
2023-02-03,-0.002547267870689054,7.163057619926503e-14,0.0,0.0,1.7568690585464144e-16,-0.002547267870689054,7.145488929341039e-14,0.0,0.0,0.3063516552659778,6.412572063694414e-12
2023-02-06,-0.0032853259680091433,2.881278958665323e-14,3.3562079151740346e-05,5.807163091779452e-17,5.029340555191857e-16,-0.0033188880471608836,2.8251783900216252e-14,0.16090209855131077,2.784048997299918e-13,0.4654823333927909,6.119031008816762e-12
2023-02-07,0.0016057900411916848,-4.140539120815319e-15,0.0,0.0,1.6741091175150883e-16,0.0016057900411916848,-4.307950032566827e-15,0.0,0.0,0.46373609560952417,6.1104982789300745e-12
2023-02-08,-0.0010393022443062744,-1.857163545695315e-14,0.0,0.0,1.6725577352402042e-16,-0.0010393022443062744,-1.873889123047717e-14,0.0,0.0,0.46459584227401507,6.104835733626745e-12
2023-02-09,-0.001015017820865796,3.442379620441331e-14,0.0,0.0,1.679391249638328e-16,-0.001015017820865796,3.4255857079449475e-14,0.0,0.0,0.46403881661326885,6.129778061179896e-12
2023-02-10,-0.0007220869857895053,1.0310090075973719e-14,0.0,0.0,1.671656834072922e-16,-0.0007220869857895053,1.0142924392566427e-14,0.0,0.0,0.46349425371978165,6.101547444366165e-12
2023-02-13,0.001657193919207647,-1.5988773943362535e-14,0.0,0.0,5.010114193837617e-16,0.001657193919207647,-1.6489785362746298e-14,0.0,0.0,0.46310656996119015,6.095638935835768e-12
2023-02-14,-0.00047075315199397976,1.1302642771971066e-14,0.0,0.0,1.671648305217986e-16,-0.00047075315199397976,1.1135477941449267e-14,0.0,0.0,0.4639948344621908,6.101516314045648e-12
2023-02-15,-0.001429056728896453,2.587724799323322e-14,0.0,0.0,1.669337536667021e-16,-0.001429056728896453,2.5710314239566516e-14,0.0,0.0,0.4637423895017629,6.093082008834627e-12
2023-02-16,-0.001412998155255913,2.314377846898187e-14,0.0,0.0,1.6646267257060015e-16,-0.001412998155255913,2.297731579641127e-14,0.0,0.0,0.4629749502408067,6.075887548826907e-12
2023-02-17,-0.00028804078091221785,-1.4150672159339688e-14,0.0,0.0,1.6606324350488668e-16,-0.00028804078091221785,-1.4316735402844576e-14,0.0,0.0,0.462215061114226,6.061308387928364e-12
2023-02-21,-0.005775129311218719,2.240796559630811e-14,5.079678285099232e-05,7.116956530171054e-16,2.8214229963326603e-16,-0.005825926094069711,2.141412764365774e-14,0.2500000000240558,3.502661060117137e-12,0.7000000000188965,2.5745484841535525e-12
2023-02-22,-0.0005177483997821735,-5.100474230557854e-15,0.0,0.0,7.033140360214098e-17,-0.0005177483997821735,-5.170805634159995e-15,0.0,0.0,0.6982930745520034,2.5670962314781454e-12
2023-02-23,0.002316337352723356,-9.854697030721612e-15,0.0,0.0,7.050764784400028e-17,0.002316337352723356,-9.925204678565613e-15,0.0,0.0,0.6981367853556721,2.5735291463060095e-12
2023-02-24,-0.0054889307729596324,1.7321883225602412e-14,0.0,0.0,7.061407352733347e-17,-0.0054889307729596324,1.725126915207508e-14,0.0,0.0,0.6988343865155487,2.5774136837476714e-12
2023-02-27,0.002026955731896712,-5.91778225552226e-15,0.0,0.0,2.1157985130928495e-16,0.002026955731896712,-6.129362106831545e-15,0.0,0.0,0.6971721856062025,2.5742215242629667e-12
2023-02-28,-0.0017774542811200855,-6.052033041297586e-15,0.0,0.0,7.054575500133372e-17,-0.0017774542811200855,-6.12257879629892e-15,0.0,0.0,0.6977847625140955,2.5749200575486808e-12
2023-03-01,0.00048137601090871197,1.561061271570308e-14,0.0,0.0,7.083747449806358e-17,0.00048137601090871197,1.5539775241205015e-14,0.0,0.0,0.697246632244459,2.585567819179321e-12
2023-03-02,0.00029236823418016613,7.0651518212074105e-15,0.0,0.0,7.037590920401746e-17,0.00029236823418016613,6.994775912003393e-15,0.0,0.0,0.6973923003317848,2.5687206859466376e-12
2023-03-03,0.005184788206410507,-2.5041248663013577e-14,0.0,0.0,7.016183031026158e-17,0.005184788206410507,-2.511141049332384e-14,0.0,0.0,0.6974807473514822,2.5609068063245474e-12
2023-03-06,-0.0008466630680173071,8.762584226028595e-15,0.0,0.0,2.1144736594318877e-16,-0.0008466630680173071,8.551136860085406e-15,0.0,0.0,0.6990411552205273,2.5726096189754635e-12
2023-03-07,-0.0056868246704729316,-2.277403972632044e-15,5.199742464768281e-05,6.874872247529822e-16,1.9743669445854497e-17,-0.005738822095120615,-2.9846348668308803e-15,0.24858358490806998,3.2866635235407206e-12,0.7000000000129812,7.206439347736891e-13
2023-03-08,-0.00025265447760884033,-1.0264788192066032e-15,0.0,0.0,1.9920383612862507e-17,-0.00025265447760884033,-1.0463992028194657e-15,0.0,0.0,0.6983207136836787,7.270940018694816e-13
2023-03-09,-0.001512713890058632,5.674484526187338e-15,0.0,0.0,1.9953547673401918e-17,-0.001512713890058632,5.654530978513936e-15,0.0,0.0,0.6982444737988414,7.283044900791701e-13
2023-03-10,0.002470636575424519,2.932255028349687e-15,0.0,0.0,1.982807655072866e-17,0.002470636575424519,2.9124269517989583e-15,0.0,0.0,0.6977873124686569,7.23724794101596e-13
2023-03-13,0.0017913384786206272,7.482017135611783e-15,0.0,0.0,5.909721464956279e-17,0.0017913384786206272,7.42291992096222e-15,0.0,0.0,0.698532130014556,7.190161115696806e-13
2023-03-14,0.0002824653595724964,-1.0755703346688453e-16,0.0,0.0,1.94592267174323e-17,0.0002824653595724964,-1.2701626018431683e-16,0.0,0.0,0.6990711953616251,7.102617751862789e-13
2023-03-15,-0.003467329959614595,9.493846922582204e-16,0.0,0.0,1.9456677648024554e-17,-0.003467329959614595,9.299280146101959e-16,0.0,0.0,0.699156173321303,7.101687341528962e-13
2023-03-16,0.002102225578104712,-2.9826097644071314e-15,0.0,0.0,1.9498274058313776e-17,0.002102225578104712,-3.002108038465445e-15,0.0,0.0,0.6981094190655027,7.116870031284529e-13
2023-03-17,-0.00029450137922557056,4.120310565185999e-15,0.0,0.0,1.953891418914817e-17,-0.00029450137922557056,4.100771650996851e-15,0.0,0.0,0.6987427298044997,7.131703679039082e-13
2023-03-20,0.0021516276980051543,1.6075429947218306e-15,0.0,0.0,5.829525493753368e-17,0.0021516276980051543,1.549247739784297e-15,0.0,0.0,0.6986539829868622,7.092589350733265e-13
2023-03-21,0.0013758834356420878,-5.246623573591327e-14,6.177451403731973e-05,1.7578243827486287e-15,2.5268190417187073e-16,0.001314108921604768,-5.447674202283376e-14,0.29930097534698136,8.516757443490805e-12,0.3999999999901077,9.222889502273284e-12
2023-03-22,0.0014671176909815857,6.020474418806646e-14,0.0,0.0,2.537858330605352e-16,0.0014671176909815857,5.995095835500593e-14,0.0,0.0,0.4008491240156852,9.263182906709536e-12
2023-03-23,0.0005899699442514321,-5.555911128574554e-15,0.0,0.0,2.5176701617084184e-16,0.0005899699442514321,-5.807678144745396e-15,0.0,0.0,0.4017268611217485,9.189496090235728e-12
2023-03-24,-0.0006122856094112287,-5.332511655078787e-14,0.0,0.0,2.5177069577074404e-16,-0.0006122856094112287,-5.357688724655862e-14,0.0,0.0,0.40207961617726157,9.189630395632153e-12
2023-03-27,-0.000430113306475516,-1.6984822306235744e-14,0.0,0.0,7.601604088833218e-16,-0.000430113306475516,-1.7744982715119066e-14,0.0,0.0,0.4017132938367973,9.248618308080412e-12
2023-03-28,0.0009979068285564992,-3.0457418075308284e-15,0.0,0.0,2.539613727242823e-16,0.0009979068285564992,-3.2997031802551107e-15,0.0,0.0,0.4014558520342513,9.269590104436305e-12
2023-03-29,0.000990946224157399,-6.616516500258148e-14,0.0,0.0,2.5379155737717475e-16,0.000990946224157399,-6.641895655995866e-14,0.0,0.0,0.4020525478798413,9.263391844266878e-12
2023-03-30,0.0019783880738979786,-5.405103612987935e-14,0.0,0.0,2.5535126225467266e-16,0.0019783880738979786,-5.430638739213402e-14,0.0,0.0,0.4026444950619661,9.320321072295554e-12
2023-03-31,0.0008844757674706481,-9.34318295840903e-14,0.0,0.0,2.5632500223215685e-16,0.0008844757674706481,-9.368815458632245e-14,0.0,0.0,0.40382396262427583,9.355862581473723e-12
2023-04-03,0.0015828817306950402,-4.0647452246829295e-14,0.0,0.0,7.759680102541073e-16,0.0015828817306950402,-4.14234202570834e-14,0.0,0.0,0.4043507999077086,9.440944124758308e-12
2023-04-04,0.00011624772920729203,3.2066996652837934e-15,5.1079432022801814e-05,1.3084044321906244e-15,8.505908307699253e-17,6.516829718449022e-05,1.813236150016176e-15,0.2500000000062128,6.4037733996291765e-12,0.6552921521011054,3.104656532310227e-12
2023-04-05,-0.0025051504769263854,-5.807217667709144e-16,0.0,0.0,8.496569122222607e-17,-0.0025051504769263854,-6.656874579931405e-16,0.0,0.0,0.6553656907642109,3.101247729611252e-12
2023-04-06,0.0009527793941768415,2.0697803672372334e-15,0.0,0.0,8.519502777207207e-17,0.0009527793941768415,1.9845853394651612e-15,0.0,0.0,0.6545001616794647,3.10961851368063e-12
2023-04-10,-0.0014925814840802754,-3.4004705186910665e-15,0.0,0.0,3.4022912254530297e-16,-0.0014925814840802754,-3.740699641236369e-15,0.0,0.0,0.6548290334638474,3.10459074322589e-12
2023-04-11,0.001542736179637738,-1.9557908660896962e-14,0.0,0.0,8.527772817025196e-17,0.001542736179637738,-1.9643186389067214e-14,0.0,0.0,0.6543130675491851,3.1126370782141967e-12
2023-04-12,0.0017117438234230645,-8.882155930192871e-15,0.0,0.0,8.568137752322455e-17,0.0017117438234230645,-8.967837307716096e-15,0.0,0.0,0.6548455498070735,3.1273702795976964e-12
2023-04-13,0.00440497004040425,-1.946644922709896e-15,0.0,0.0,8.577789447997648e-17,0.00440497004040425,-2.0324228171898726e-15,0.0,0.0,0.6554353562078606,3.1308931485191423e-12
2023-04-14,-0.002788823054259225,-3.2006075802972915e-15,0.0,0.0,8.545480137770767e-17,-0.002788823054259225,-3.2860623816749994e-15,0.0,0.0,0.6569464966125395,3.1191002502863285e-12
2023-04-17,-0.0010544636189816713,-2.030588047472876e-15,0.0,0.0,2.573451578790556e-16,-0.0010544636189816713,-2.2879332053519317e-15,0.0,0.0,0.6559871055214574,3.131032754195177e-12
2023-04-18,0.0015011167773201382,-1.521294023027127e-15,0.0,0.0,8.592795974967393e-17,0.0015011167773201382,-1.607221982776801e-15,0.0,0.0,0.6556239735302971,3.1363705308630984e-12
2023-04-19,-0.0025102696035436277,5.8142421970979274e-15,5.083287751992656e-05,6.398623372714121e-16,2.4386286180672186e-17,-0.0025611024810635544,5.149993573645844e-15,0.25000000000305367,3.1468921714514434e-12,0.7000000000110749,8.900994455945347e-13
2023-04-20,0.001034253478436829,6.181030008293778e-15,0.0,0.0,2.428919900172863e-17,0.001034253478436829,6.156740809292049e-15,0.0,0.0,0.6992806598404044,8.86555763563095e-13
2023-04-21,0.00043325013010406504,2.264428970530207e-15,0.0,0.0,2.4094935443035353e-17,0.00043325013010406504,2.240334035087172e-15,0.0,0.0,0.6995913585228007,8.794651436707904e-13
2023-04-24,0.0015259461405124953,-3.374104871312451e-15,0.0,0.0,7.206746564060821e-17,0.0015259461405124953,-3.446172336953059e-15,0.0,0.0,0.6997214542418163,8.768208319607334e-13
2023-04-25,-0.0017100249526166976,8.091743331613219e-15,0.0,0.0,2.4078187758539832e-17,-0.0017100249526166976,8.067665143854679e-15,0.0,0.0,0.7001789649930319,8.788538531867039e-13
2023-04-26,-0.0012615889903770626,9.262560050812657e-15,0.0,0.0,2.3897361244442948e-17,-0.0012615889903770626,9.238662689568215e-15,0.0,0.0,0.6996653853077683,8.722536854221675e-13
2023-04-27,0.0024235236098666545,2.3385761866325986e-15,0.0,0.0,2.367345865072522e-17,0.0024235236098666545,2.3149027279818734e-15,0.0,0.0,0.6992860078460079,8.640812407514705e-13
2023-04-28,0.001802930426462784,-5.494533781624958e-15,0.0,0.0,2.3552308494566037e-17,0.001802930426462784,-5.518086090119524e-15,0.0,0.0,0.7000130333423534,8.596592600516602e-13
2023-05-01,-0.003934281895412652,1.8255402623958696e-15,0.0,0.0,7.09805579923048e-17,-0.003934281895412652,1.7545597044035649e-15,0.0,0.0,0.700552915601934,8.63596788906375e-13
2023-05-02,-2.6821278572356148e-06,9.122686350791107e-15,0.0,0.0,2.3703427160060473e-17,-2.6821278572356148e-06,9.098982923631047e-15,0.0,0.0,0.6993701530378089,8.651750913422071e-13
2023-05-03,0.001901315952297094,-8.412894729819849e-16,5.157176479520511e-05,6.821627430201292e-17,1.596150907079605e-17,0.001849744187501889,-9.25467256354794e-16,0.2500000000007519,3.3068615439625455e-13,0.7000000000018695,5.825950810840558e-13
2023-05-04,-0.00037651319614022074,-6.285756829922696e-16,0.0,0.0,1.5955045345064745e-17,-0.00037651319614022074,-6.445307283373343e-16,0.0,0.0,0.7006053752335965,5.823591550948631e-13
2023-05-05,0.0023966860408364188,-8.915179399992372e-15,0.0,0.0,1.5978282630915782e-17,0.0023966860408364188,-8.931157682623287e-15,0.0,0.0,0.700492606747696,5.832073160284259e-13
2023-05-08,-0.002074844879668658,5.607549229535585e-16,0.0,0.0,4.8551240284125764e-17,-0.002074844879668658,5.122036826694328e-16,0.0,0.0,0.701208715648032,5.907067567901968e-13
2023-05-09,-0.00047885722387434925,4.060611696675486e-15,0.0,0.0,1.6202000250060406e-17,-0.00047885722387434925,4.044409696425426e-15,0.0,0.0,0.7005874811163173,5.913730091272047e-13
2023-05-10,0.0019303749672892132,-4.918386602930257e-16,0.0,0.0,1.6098459478149343e-17,0.0019303749672892132,-5.079371197711751e-16,0.0,0.0,0.7004440365792758,5.875937709524511e-13
2023-05-11,0.00020510177118852354,6.833756072063343e-15,0.0,0.0,1.6080892357878878e-17,0.00020510177118852354,6.817675179705464e-15,0.0,0.0,0.7010211778133745,5.86952571062579e-13
2023-05-12,-0.0026419371088868457,3.896266707442486e-15,0.0,0.0,1.5890407013500237e-17,-0.0026419371088868457,3.880376300428986e-15,0.0,0.0,0.7010824863248641,5.799998559927585e-13
2023-05-15,0.0009993216866143976,-6.0542753576028855e-15,0.0,0.0,4.7476409629655975e-17,0.0009993216866143976,-6.101751767232542e-15,0.0,0.0,0.7002906731323301,5.776296504941477e-13
2023-05-16,-0.0027538706622890967,7.96177337085854e-15,0.0,0.0,1.5975375894711233e-17,-0.0027538706622890967,7.94579799496383e-15,0.0,0.0,0.7005898801582842,5.8310122015696e-13
2023-05-17,0.00028225933517161283,-2.3684929690513114e-14,2.6980812608213807e-05,8.042103370223717e-16,1.205167353044985e-16,0.000255278522563399,-2.4609656762839985e-14,0.1331545585558658,3.968904642244842e-12,0.6999999999929148,4.398860838614194e-12
2023-05-18,-0.0024338134194742053,-5.3361261515852894e-15,0.0,0.0,1.2113471439688085e-16,-0.0024338134194742053,-5.45726086598217e-15,0.0,0.0,0.7001035379312991,4.42141707548615e-12
2023-05-19,-0.00041610519070501103,4.9560993516410535e-15,0.0,0.0,1.2157680489315703e-16,-0.00041610519070501103,4.834522546747896e-15,0.0,0.0,0.6993718651424151,4.4375533786002294e-12
2023-05-22,0.00030754376836834347,8.2586924264719e-15,0.0,0.0,3.644747238723114e-16,0.00030754376836834347,7.894217702599588e-15,0.0,0.0,0.6992467201415411,4.434442473779789e-12
2023-05-23,-0.00198693264671938,1.8422034870593738e-14,0.0,0.0,1.2122802615417688e-16,-0.00198693264671938,1.8300806844439562e-14,0.0,0.0,0.6993391865011197,4.424822954627456e-12
2023-05-24,-0.003424948855645866,2.5745605545763522e-14,0.0,0.0,1.209636595142042e-16,-0.003424948855645866,2.5624641886249318e-14,0.0,0.0,0.6987406043728042,4.4151735722684534e-12
2023-05-25,-0.001419804224731504,2.1526549729447036e-14,0.0,0.0,1.2067159449763642e-16,-0.001419804224731504,2.1405878134949398e-14,0.0,0.0,0.697705260350155,4.404513199163729e-12
2023-05-26,0.0027343554767838792,-4.3701750234943244e-14,0.0,0.0,1.2025256110618895e-16,0.0027343554767838792,-4.382200279604943e-14,0.0,0.0,0.6972754507561938,4.389218480375896e-12
2023-05-30,0.0016814409395958495,3.2939060609119985e-14,0.0,0.0,4.844747511380985e-16,0.0016814409395958495,3.2454585857981887e-14,0.0,0.0,0.6981009500768176,4.420832104135149e-12
2023-05-31,-0.0006149078248430171,1.4156590132766286e-14,0.0,0.0,1.200144505573223e-16,-0.0006149078248430171,1.4036575682208964e-14,0.0,0.0,0.6986077233895657,4.380527445342264e-12
2023-06-01,0.0039088382568063795,-7.243311636679791e-15,2.8066728878978673e-05,8.435072601071697e-16,1.2485786600566063e-17,0.003880771527927401,-8.099304683387527e-15,0.1389111021769258,4.174783734184473e-12,0.7000000000186091,4.557312109206613e-13
2023-06-02,0.0014010124704701712,-4.504274922954187e-15,0.0,0.0,1.2635199173519491e-17,0.0014010124704701712,-4.5169101221277064e-15,0.0,0.0,0.7011876890559998,4.611847698334615e-13
2023-06-05,-0.0005023876938205062,2.0554854363562154e-15,0.0,0.0,3.82222620320313e-17,-0.0005023876938205062,2.0172631743241842e-15,0.0,0.0,0.701605743130993,4.650375213897142e-13
2023-06-06,0.0018064004600127771,-1.9416577863722004e-15,0.0,0.0,1.2690815050493784e-17,0.0018064004600127771,-1.9543486014226942e-15,0.0,0.0,0.701455758177839,4.632147493430231e-13
2023-06-07,-0.004405750573265837,8.41832709726744e-15,0.0,0.0,1.2721031876396673e-17,-0.004405750573265837,8.405606065391044e-15,0.0,0.0,0.7019940762156515,4.643176634884786e-13
2023-06-08,0.004143492054694458,-5.7664015161766654e-15,0.0,0.0,1.2545665852362343e-17,0.004143492054694458,-5.778947182029028e-15,0.0,0.0,0.7006753263631771,4.579168036112255e-13
2023-06-09,-0.0003842161084748353,1.767230011048413e-15,0.0,0.0,1.265122918792306e-17,-0.0003842161084748353,1.75457878186049e-15,0.0,0.0,0.7019104580119957,4.617698653591917e-13
2023-06-12,0.001008603270410291,-8.766569992226993e-15,0.0,0.0,3.7822967975605657e-17,0.001008603270410291,-8.804392960202599e-15,0.0,0.0,0.7017958831867013,4.601794437032021e-13
2023-06-13,0.00032153633215056246,-6.543220510167239e-16,0.0,0.0,1.2834890678941567e-17,0.00032153633215056246,-6.671569416956655e-16,0.0,0.0,0.7020963497825842,4.684735097813671e-13
2023-06-14,0.001869443354412866,1.7392451242842769e-16,0.0,0.0,1.2848685991109745e-17,0.001869443354412866,1.6107582643731794e-16,0.0,0.0,0.702192105840558,4.689770386755056e-13
2023-06-15,0.006892603514365429,-1.0557800928225971e-14,5.232282835600324e-05,3.262360420290054e-17,8.549364827260569e-18,0.006840280686009426,-1.0598973897256132e-14,0.2500000000046006,1.558765324263947e-13,0.952747801991319,3.1205181619501075e-13
2023-06-16,-0.0006235855922819588,-9.619565299874131e-15,0.0,0.0,8.778571752403345e-18,-0.0006235855922819588,-9.628343871626534e-15,0.0,0.0,0.9531207917623684,3.204178689627221e-13
2023-06-20,-0.002534878432289622,-9.153400535086024e-16,0.0,0.0,3.619105416653398e-17,-0.002534878432289622,-9.515311076751365e-16,0.0,0.0,0.9530915403227668,3.302433692696226e-13
2023-06-21,0.002054247600157942,-1.395156030930113e-14,0.0,0.0,9.095898347862968e-18,0.002054247600157942,-1.3960656207648994e-14,0.0,0.0,0.9529723308986416,3.3200028969699833e-13
2023-06-22,-0.0032520503023720894,4.094873624603303e-15,0.0,0.0,9.458702360260876e-18,-0.0032520503023720894,4.085414922243042e-15,0.0,0.0,0.9530687393282626,3.4524263614952194e-13
2023-06-23,-0.0038921914726882034,1.3009146127048504e-14,0.0,0.0,9.377008545253491e-18,-0.0038921914726882034,1.299976911850325e-14,0.0,0.0,0.9529156185513312,3.4226081190175244e-13
2023-06-26,0.0009661435410801187,-1.2655182800401795e-15,0.0,0.0,2.7167521945857183e-17,0.0009661435410801187,-1.2926858019860367e-15,0.0,0.0,0.9527316410476766,3.305381836745957e-13
2023-06-27,-0.0003994776487769268,1.2573484967876545e-14,0.0,0.0,9.081738119692682e-18,-0.0003994776487769268,1.2564403229756852e-14,0.0,0.0,0.9527772649881019,3.3148344136878283e-13
2023-06-28,7.117195122514561e-06,9.054520365338643e-15,0.0,0.0,8.74075081406052e-18,7.117195122514561e-06,9.045779614524582e-15,0.0,0.0,0.95275839302201,3.19037404713209e-13
2023-06-29,-0.004740473227452363,3.880219354946019e-15,0.0,0.0,8.492621319312246e-18,-0.004740473227452363,3.871726733626707e-15,0.0,0.0,0.9527587292473431,3.09980678154897e-13
2023-06-30,0.005473704418664848,1.3425304719538478e-14,5.1224042397860745e-05,1.149988305450131e-16,2.35535510857433e-17,0.005422480376266987,1.3286752337907722e-14,0.2500000000016244,5.612541746147069e-13,0.9999999999951662,8.597046146296303e-13
2023-07-03,0.0015424741416813798,-2.518698885982926e-15,0.0,0.0,6.918206516351442e-17,0.0015424741416813798,-2.5878809511464405e-15,0.0,0.0,1.0000509477742443,8.41715126156092e-13
2023-07-05,-0.0035348516059979782,1.2463774776474148e-15,0.0,0.0,4.618814365629639e-17,-0.0035348516059979782,1.2001893339911185e-15,0.0,0.0,1.0000508693096526,8.42933621727409e-13
2023-07-06,-0.006473846173079998,-1.0680440115147466e-15,0.0,0.0,2.314172707109627e-17,-0.006473846173079998,-1.0911857385858428e-15,0.0,0.0,1.0000510497629878,8.446730380950139e-13
2023-07-07,-0.0004652361238710788,4.919754839359287e-15,0.0,0.0,2.3321971406200535e-17,-0.0004652361238710788,4.896432867953086e-15,0.0,0.0,1.0000513824047736,8.512519563263194e-13
2023-07-10,0.0023919919434959133,-2.5226550679628562e-15,0.0,0.0,6.959392841664859e-17,0.0023919919434959133,-2.5922489963795048e-15,0.0,0.0,1.000051406320846,8.467261290692246e-13
2023-07-11,0.0041930382425013155,-6.283720777915878e-15,0.0,0.0,2.3211568092488217e-17,0.0041930382425013155,-6.306932346008366e-15,0.0,0.0,1.0000512836507693,8.4722223537582e-13
2023-07-12,0.006370885035023452,8.229509698964956e-15,0.0,0.0,2.3286085379615017e-17,0.006370885035023452,8.206223613585342e-15,0.0,0.0,1.0000510695143485,8.499421163559481e-13
2023-07-13,0.006342499280760459,-1.510086887811047e-14,0.0,0.0,2.291463286883797e-17,0.006342499280760459,-1.512378351097931e-14,0.0,0.0,1.0000507462160322,8.363840997125859e-13
2023-07-14,-0.0024548154678875785,-6.9207868888226606e-15,0.0,0.0,2.318132774927818e-17,-0.0024548154678875785,-6.943968216571939e-15,0.0,0.0,1.0000504263867258,8.461184628486536e-13
2023-07-17,0.0009335141511985668,3.3188197528229717e-15,3.780205714519606e-05,2.299828335136236e-16,2.3682178222521527e-17,0.0008957120940533707,3.0651547410868263e-15,0.18791845742949304,1.1432716252225513e-12,1.0000000000291136,2.881331683740119e-13
2023-07-18,0.0034295774481281753,2.1961930921481883e-15,0.0,0.0,7.796149733333463e-18,0.0034295774481281753,2.1883969424148547e-15,0.0,0.0,1.0000377682567712,2.8455946526667135e-13
2023-07-19,0.003247294363853202,-2.875294385676994e-15,0.0,0.0,7.709539596440557e-18,0.003247294363853202,-2.8830039252734344e-15,0.0,0.0,1.0000376391703196,2.8139819527008035e-13
2023-07-20,-0.003162329355075635,-5.1760192283077926e-15,0.0,0.0,7.763105695717563e-18,-0.003162329355075635,-5.1837823340035105e-15,0.0,0.0,1.0000375173404743,2.8335335789369105e-13
2023-07-21,0.00044952944166102925,-4.33414933413054e-15,0.0,0.0,7.929991687196567e-18,0.00044952944166102925,-4.342079325817737e-15,0.0,0.0,1.0000376363590426,2.894446965826747e-13
2023-07-24,0.0024016973830902856,7.72003963745105e-16,0.0,0.0,2.4135356960171528e-17,0.0024016973830902856,7.478686067849335e-16,0.0,0.0,1.0000376194479974,2.9364684301542026e-13
2023-07-25,-4.318548228162036e-05,-5.134661833415613e-16,0.0,0.0,8.004743222347154e-18,-4.318548228162036e-05,-5.214709265639085e-16,0.0,0.0,1.0000375293139414,2.921731276156711e-13
2023-07-26,0.0020438712259106943,0.0,0.0,0.0,8.019157100180914e-18,0.0020438712259106943,-8.019157100180914e-18,0.0,0.0,1.0000375309347334,2.9269923415660333e-13
2023-07-27,-0.007439108793212794,5.167279494266461e-15,0.0,0.0,8.002800406702947e-18,-0.007439108793212794,5.159276693859758e-15,0.0,0.0,1.0000374543827981,2.9210221484465753e-13
2023-07-28,0.005387492820236881,6.454199416008785e-16,0.0,0.0,7.920149962721369e-18,0.005387492820236881,6.374997916381571e-16,0.0,0.0,1.0000377350982945,2.8908547363933e-13
2023-07-31,0.0005115022481611795,-1.0943841620502472e-15,3.8330026783911643e-07,7.603691168362195e-17,5.4804008411622525e-17,0.0005111189478933404,-1.2252250821454917e-15,0.0019150048336979103,3.7988769022909955e-13,1.000000000033972,6.667821023414073e-13
2023-08-01,-0.005114524986190515,7.831610900482878e-15,0.0,0.0,1.8288638262054696e-17,-0.005114524986190515,7.813322262220823e-15,0.0,0.0,1.0000003831384119,6.675352965649964e-13
2023-08-02,-0.006855455654498012,5.72762461354886e-16,0.0,0.0,1.8166989099522904e-17,-0.006855455654498012,5.545954722553631e-16,0.0,0.0,1.0000003851080486,6.63095102132586e-13
2023-08-03,-0.004522593835424179,1.3773845354565016e-14,0.0,0.0,1.8276591338732053e-17,-0.004522593835424179,1.3755568763226284e-14,0.0,0.0,1.0000003877663635,6.670955838637199e-13
2023-08-04,0.004438589000197562,7.030942738129459e-15,0.0,0.0,1.7980544411894145e-17,0.004438589000197562,7.0129621937175645e-15,0.0,0.0,1.0000003895280265,6.562898710341362e-13
2023-08-07,0.001647977435034492,4.356132616060576e-17,0.0,0.0,5.31279344656558e-17,0.001647977435034492,-9.56660830505004e-18,0.0,0.0,1.000000387806705,6.463898693321455e-13
2023-08-08,-0.0016265842160903667,-3.036800360513809e-15,0.0,0.0,1.7678983461741936e-17,-0.0016265842160903667,-3.054479343975551e-15,0.0,0.0,1.0000003871686598,6.452828963535806e-13
2023-08-09,-0.0007100521871636277,-1.874476035557232e-15,0.0,0.0,1.7791122230225298e-17,-0.0007100521871636277,-1.8922671577874574e-15,0.0,0.0,1.0000003877994512,6.493759614032233e-13
2023-08-10,-0.001953641452946451,1.8891790179448014e-15,0.0,0.0,1.7855155830498407e-17,-0.001953641452946451,1.871323862114303e-15,0.0,0.0,1.0000003880750066,6.517131878131918e-13
2023-08-11,-0.0021410318241486333,-3.993565100887562e-15,0.0,0.0,1.7838247040105064e-17,-0.0021410318241486333,-4.011403347927667e-15,0.0,0.0,1.0000003888346485,6.510960169638348e-13
2023-08-14,-0.0025595783518554197,4.483175982485539e-15,4.389881727910424e-06,1.8465436960332933e-17,4.6652384918712136e-17,-0.00256396823358333,4.418058160606494e-15,0.02113254094289487,8.88911425817444e-14,1.000000000003711,5.676040165109976e-13
2023-08-15,-0.005747725589425464,9.165600757876108e-15,0.0,0.0,1.546762673726106e-17,-0.005747725589425464,9.150133131138846e-15,0.0,0.0,1.0000044011698945,5.645683759100287e-13
2023-08-16,-0.002249758060406549,-2.4818841659676058e-15,0.0,0.0,1.5304480341019002e-17,-0.002249758060406549,-2.497188646308625e-15,0.0,0.0,1.0000044266128414,5.586135324471936e-13
2023-08-17,-0.0029022791596831285,1.2437028356209988e-15,0.0,0.0,1.5407139503770324e-17,-0.0029022791596831285,1.2282956961172284e-15,0.0,0.0,1.0000044365941072,5.623605918876168e-13
2023-08-18,0.0019594522122327596,-2.940209299603674e-15,0.0,0.0,1.5417812248656502e-17,0.0019594522122327596,-2.9556271118523306e-15,0.0,0.0,1.00000444950782,5.627501470759623e-13
2023-08-21,-0.0012511065234267257,3.556975973918973e-15,0.0,0.0,4.6404171028714194e-17,-0.0012511065234267257,3.5105718028902588e-15,0.0,0.0,1.0000044408062754,5.64584080849356e-13
2023-08-22,-0.0009390157373261597,-1.6027247720247772e-15,0.0,0.0,1.538985996722524e-17,-0.0009390157373261597,-1.6181146319920025e-15,0.0,0.0,1.000004446369153,5.617298888037212e-13
2023-08-23,0.009959868811799113,-2.2279635053818846e-15,0.0,0.0,1.5448276409615163e-17,0.009959868811799113,-2.2434117817915e-15,0.0,0.0,1.0000044505482895,5.638620889509534e-13
2023-08-24,-0.0051408128383797465,3.264920281454507e-15,0.0,0.0,1.5356369084149362e-17,-0.0051408128383797465,3.2495639123703578e-15,0.0,0.0,1.000004406658551,5.605074715714517e-13
2023-08-25,0.0020866370723797655,-4.25748829356098e-15,0.0,0.0,1.534580914609812e-17,0.0020866370723797655,-4.272834102707078e-15,0.0,0.0,1.0000044294294153,5.601220338325814e-13
2023-08-28,0.0040387091731780705,-2.184861746829063e-14,4.697956496229699e-05,9.735988216284194e-16,4.423609176243783e-16,0.003991729608215773,-2.3264577207543428e-14,0.23252661833680394,4.818853511982046e-12,0.999999999982574,5.382057831096601e-12
2023-08-29,0.006464975390922002,-3.483780893157645e-14,0.0,0.0,1.4746359666260263e-16,0.006464975390922002,-3.498527252823905e-14,0.0,0.0,1.0000467927635,5.382421278184996e-12
2023-08-30,0.00021368444189630143,-1.1099789218982292e-14,0.0,0.0,1.4746470151495725e-16,0.00021368444189630143,-1.1247253920497249e-14,0.0,0.0,1.0000464921926537,5.38246160529594e-12
2023-08-31,-0.0022647737598497676,1.1474506452697209e-14,0.0,0.0,1.4773723618031715e-16,-0.0022647737598497676,1.1326769216516892e-14,0.0,0.0,1.0000464822601292,5.392409120581575e-12
2023-09-01,-0.0002814142244260965,-7.324593874848858e-15,0.0,0.0,1.4775750345716622e-16,-0.0002814142244260965,-7.472351378306025e-15,0.0,0.0,1.0000465877708788,5.393148876186567e-12
2023-09-05,-0.00397528005740808,3.7042957111870344e-14,0.0,0.0,5.919993060734104e-16,-0.00397528005740808,3.645095780579693e-14,0.0,0.0,1.0000466008850384,5.4019936679198705e-12
2023-09-06,-0.0024503783598365295,9.377028115380202e-15,0.0,0.0,1.4757158937732742e-16,-0.0024503783598365295,9.229456526002875e-15,0.0,0.0,1.0000467868759364,5.386363012272449e-12
2023-09-07,0.0021580083987460174,4.036468453937578e-15,0.0,0.0,1.4767654791471818e-16,0.0021580083987460174,3.88879190602286e-15,0.0,0.0,1.0000469018030906,5.3901939988872134e-12
2023-09-08,0.0009700724367754205,-9.206240459686452e-15,0.0,0.0,1.4724819689230362e-16,0.0009700724367754205,-9.353488656578757e-15,0.0,0.0,1.000046800806553,5.374559186569083e-12
2023-09-11,0.004231299924744717,-2.19956724720422e-14,0.0,0.0,4.4207242569974167e-16,0.004231299924744717,-2.2437744897741942e-14,0.0,0.0,1.000046755450389,5.378547846013524e-12
2023-09-12,-0.0024603705468298313,1.2775251714556626e-18,5.0603061602443405e-05,1.0868576343556477e-15,2.263944882751938e-19,-0.0025109736084322747,-1.0858065036724672e-15,0.24999999999588007,5.369525083662413e-12,1.000000000000291,8.263398822044574e-15
2023-09-13,0.0006738200792904366,1.9952329199256208e-18,0.0,0.0,2.2692930107153577e-19,0.0006738200792904366,1.768303618854085e-18,0.0,0.0,1.0000507304447024,8.282919489111055e-15
2023-09-14,0.0037278917238681313,-1.4136778181419284e-17,0.0,0.0,2.267218674092468e-19,0.0037278917238681313,-1.436350004882853e-17,0.0,0.0,1.000050696284528,8.275348160437509e-15
2023-09-15,-0.004211623326735082,4.3122941336806033e-19,0.0,0.0,2.2626568243557163e-19,-0.004211623326735082,2.049637309324887e-19,0.0,0.0,1.000050507996187,8.258697408898364e-15
2023-09-18,-0.00022518377167950947,2.3407289145491306e-18,0.0,0.0,6.816323826362562e-19,-0.00022518377167950947,1.6590965319128746e-18,0.0,0.0,1.0000507216165306,8.293193988741116e-15
2023-09-19,-0.0015970663298871372,-1.5556170891160526e-18,0.0,0.0,2.271978259161399e-19,-0.0015970663298871372,-1.7828149150321924e-18,0.0,0.0,1.0000507330407875,8.292720645939106e-15
2023-09-20,-0.002204995938706286,1.3673824928901066e-18,0.0,0.0,2.2760394415818157e-19,-0.002204995938706286,1.1397785487319252e-18,0.0,0.0,1.0000508141944267,8.307543961773626e-15
2023-09-21,-0.010272604224095724,1.0859519892450777e-17,0.0,0.0,2.280693736668083e-19,-0.010272604224095724,1.0631450518783969e-17,0.0,0.0,1.0000509264871238,8.324532138838504e-15
2023-09-22,-0.00044565725995224286,-1.5300311210151544e-18,0.0,0.0,2.3013594808629198e-19,-0.00044565725995224286,-1.7601670691014466e-18,0.0,0.0,1.0000514550646384,8.399962105149657e-15
2023-09-25,-0.0009160538361596009,3.185918533629896e-18,0.0,0.0,6.908414787619116e-19,-0.0009160538361596009,2.4950770548679846e-18,0.0,0.0,1.0000514780061853,8.405237991603258e-15
2023-09-26,-0.006200410266074031,0.0,5.2043723909644004e-05,1.7507000488719012e-18,0.0,-0.006252453989983675,-1.7507000488719012e-18,0.25000000001214684,8.409755862188353e-15,1.0000000000182068,0.0
2023-09-27,-0.0004586842578889561,0.0,0.0,0.0,0.0,-0.0004586842578889561,0.0,0.0,0.0,1.0000523711905756,0.0
2023-09-28,0.002806031901648573,0.0,0.0,0.0,0.0,0.002806031901648573,0.0,0.0,0.0,1.0000523952234397,0.0
2023-09-29,-0.0049459871566735454,0.0,0.0,0.0,0.0,-0.0049459871566735454,0.0,0.0,0.0,1.0000522486121675,0.0
2023-10-02,-0.004246484595276187,0.0,0.0,0.0,0.0,-0.004246484595276187,0.0,0.0,0.0,1.0000525083176317,0.0
2023-10-03,-0.007869574585492155,0.0,0.0,0.0,0.0,-0.007869574585492155,0.0,0.0,0.0,1.0000527322442947,0.0
2023-10-04,-0.00010334023158131456,0.0,0.0,0.0,0.0,-0.00010334023158131456,0.0,0.0,0.0,1.0000531505162467,0.0
2023-10-05,-0.0012476201057672592,0.0,0.0,0.0,0.0,-0.0012476201057672592,0.0,0.0,0.0,1.000053156009401,0.0
2023-10-06,0.00408464164116391,0.0,0.0,0.0,0.0,0.00408464164116391,0.0,0.0,0.0,1.0000532224107508,0.0
2023-10-09,0.0067117321874945275,0.0,0.0,0.0,0.0,0.0067117321874945275,0.0,0.0,0.0,1.0000530059006418,0.0
2023-10-10,0.0032217228319534274,0.0,7.26990195638922e-07,0.0,0.0,0.0032209958417577884,0.0,0.003630994538763907,0.0,0.9999999999998869,0.0
2023-10-11,-9.801083265933733e-05,0.0,0.0,0.0,0.0,-9.801083265933733e-05,0.0,0.0,0.0,1.0000007246559686,0.0
2023-10-12,-0.005637396543853725,0.0,0.0,0.0,0.0,-0.005637396543853725,0.0,0.0,0.0,1.0000007247269997,0.0
2023-10-13,0.0044975965577902415,0.0,0.0,0.0,0.0,0.0044975965577902415,0.0,0.0,0.0,1.0000007288357358,0.0
2023-10-16,0.003381766778756363,0.0,0.0,0.0,0.0,0.003381766778756363,0.0,0.0,0.0,1.0000007255724037,0.0
2023-10-17,-0.0003612906572991634,0.0,0.0,0.0,0.0,-0.0003612906572991634,0.0,0.0,0.0,1.000000723126957,0.0
2023-10-18,-0.005127685935251073,0.0,0.0,0.0,0.0,-0.005127685935251073,0.0,0.0,0.0,1.0000007233883106,0.0
2023-10-19,-0.003080989409585268,0.0,0.0,0.0,0.0,-0.003080989409585268,0.0,0.0,0.0,1.0000007271167366,0.0
2023-10-20,-0.003564001564358527,0.0,0.0,0.0,0.0,-0.003564001564358527,0.0,0.0,0.0,1.000000729363899,0.0
2023-10-23,-0.0015317662751029547,0.0,0.0,0.0,0.0,-0.0015317662751029547,0.0,0.0,0.0,1.0000007319726512,0.0
2023-10-24,0.0023499563229247367,-5.3547506768671005e-14,4.090509033575158e-05,1.2998286454259217e-15,1.7411952376890517e-16,0.0023090512325889853,-5.502145493786583e-14,0.20000073309876312,6.35536261756504e-12,0.9999999999925389,6.35536261756504e-12
2023-10-25,-0.005244235980466367,6.521312721872097e-14,0.0,0.0,1.751820743641404e-16,-0.005244235980466367,6.503794514435683e-14,0.0,0.0,1.0000408108485896,6.394145714291126e-12
2023-10-26,-0.0026413418282750403,-1.4073877556553115e-15,0.0,0.0,1.7430953367266262e-16,-0.0026413418282750403,-1.581697289327974e-15,0.0,0.0,1.0000410259985424,6.362297979052187e-12
2023-10-27,-0.0003144249119218223,1.6339934686337745e-14,0.0,0.0,1.7480982474339913e-16,-0.0003144249119218223,1.6165124861594347e-14,0.0,0.0,1.0000411346492133,6.380558603134069e-12
2023-10-30,0.0003978880450538567,-2.5447669738943978e-14,0.0,0.0,5.23250989045949e-16,0.0003978880450538567,-2.5970920727989927e-14,0.0,0.0,1.0000411475870237,6.3662203667257104e-12
2023-10-31,0.0022306613568288678,-2.4152499250160763e-14,0.0,0.0,1.750445446481907e-16,0.0022306613568288678,-2.4327543794808954e-14,0.0,0.0,1.0000411312214283,6.389125879658959e-12
2023-11-01,0.0048017687413879845,-3.7250078951342874e-14,0.0,0.0,1.7531518814096727e-16,0.0048017687413879845,-3.742539413948384e-14,0.0,0.0,1.0000410396758335,6.399004367145304e-12
2023-11-02,0.010330857768513446,-9.798599257011899e-14,0.0,0.0,1.7549306115385073e-16,0.010330857768513446,-9.816148563127284e-14,0.0,0.0,1.0000408435545673,6.405496732115552e-12
2023-11-03,0.0044103340189411665,-6.456202862168298e-14,0.0,0.0,1.7635570320899683e-16,0.0044103340189411665,-6.473838432489198e-14,0.0,0.0,1.0000404259202333,6.436983167128385e-12
2023-11-06,-3.255319508484694e-05,3.042641579955484e-14,0.0,0.0,5.320271602490696e-16,-3.255319508484694e-05,2.989438863930577e-14,0.0,0.0,1.0000402484113602,6.472997116363681e-12
2023-11-07,-0.0024897425101390526,2.457054900380548e-14,6.915215392869608e-08,0.0,1.7651453242882952e-16,-0.0024898116622929815,2.439403447137665e-14,0.00034568076101346157,0.0,0.9996945689605736,6.4427804336522785e-12
2023-11-08,-0.0001326874271228283,2.043174197375105e-14,0.0,0.0,1.762802713782032e-16,-0.0001326874271228283,2.0255461702372846e-14,0.0,0.0,0.9996938759214022,6.4342299053044165e-12
2023-11-09,-0.005889462413616097,4.990346486312036e-14,0.0,0.0,1.7574381662035425e-16,-0.005889462413616097,4.9727721046500006e-14,0.0,0.0,0.9996938352971754,6.41464930664293e-12
2023-11-10,0.00519095413825162,-3.6836306785817606e-14,0.0,0.0,1.7540966704596969e-16,0.00519095413825162,-3.7011716452863575e-14,0.0,0.0,0.9996920214691438,6.402452847177894e-12
2023-11-13,0.002741912830097725,-2.3210911359787152e-14,0.0,0.0,5.265234835358104e-16,0.002741912830097725,-2.3737434843322963e-14,0.0,0.0,0.9996936119156752,6.40603571635236e-12
2023-11-14,0.007242606682792976,-1.3684237535084058e-13,0.0,0.0,1.7566209307822153e-16,0.007242606682792976,-1.3701803744391881e-13,0.0,0.0,0.9996944497079648,6.411666397355085e-12
2023-11-15,-0.0013751526433958836,-1.628613238678461e-14,0.0,0.0,1.7812113790847895e-16,-0.0013751526433958836,-1.646425352469309e-14,0.0,0.0,0.9996966467761882,6.501421533659482e-12
2023-11-16,-0.0013452587262200546,2.1993836295929487e-14,0.0,0.0,1.788132288005983e-16,-0.0013452587262200546,2.1815023067128887e-14,0.0,0.0,0.9996962290447723,6.52668285122184e-12
2023-11-17,0.002325443723682435,-1.9484925698852087e-14,0.0,0.0,1.7845072033189842e-16,0.002325443723682435,-1.9663376419183986e-14,0.0,0.0,0.9996958198437412,6.513451292114294e-12
2023-11-20,0.0036288204509166873,-3.446728996198982e-14,0.0,0.0,5.357079031569538e-16,0.0036288204509166873,-3.5002997865146777e-14,0.0,0.0,0.9996965255565007,6.517779488409604e-12
2023-11-21,0.0009055495658785344,2.123624824312576e-14,2.4158616992266165e-05,1.1068424249057537e-16,1.898794875755265e-16,0.0008813909488862683,2.093568451305966e-14,0.11852531898449924,5.43031298188668e-13,0.9229359402319222,6.930601296506717e-12
2023-11-22,0.00021162741058617897,-1.0163022559318298e-14,0.0,0.0,1.8913097422632583e-16,0.00021162741058617897,-1.0352153533544624e-14,0.0,0.0,0.9230279413247287,6.903280559260891e-12
2023-11-24,-0.0029737806709103547,-1.7715747853172662e-14,0.0,0.0,3.7873867491605e-16,-0.0029737806709103547,-1.8094486528088713e-14,0.0,0.0,0.9230442272756494,6.911980817217913e-12
2023-11-27,-0.001416281223520145,5.3854381548188615e-15,0.0,0.0,5.712629118439792e-16,-0.001416281223520145,4.8141752429748826e-15,0.0,0.0,0.9228146951078995,6.950365427435081e-12
2023-11-28,0.004324462358307492,-1.3905930396414607e-14,0.0,0.0,1.9054328724383313e-16,0.004324462358307492,-1.4096473683658439e-14,0.0,0.0,0.9227052239679248,6.954829984399909e-12
2023-11-29,0.00407693817329847,1.2614349238172271e-14,0.0,0.0,1.9010218190836327e-16,0.00407693817329847,1.2424247056263909e-14,0.0,0.0,0.9230380430537735,6.938729639655261e-12
2023-11-30,0.0006357222021263438,-8.810237728763979e-15,0.0,0.0,1.8898609865924935e-16,0.0006357222021263438,-8.999223827423227e-15,0.0,0.0,0.9233505381706568,6.897992601062598e-12
2023-12-01,0.003551587792588502,-6.09147372699739e-14,0.0,0.0,1.8910725535456947e-16,0.003551587792588502,-6.110384452532847e-14,0.0,0.0,0.9233992349776895,6.9024148204417855e-12
2023-12-04,-0.0013167884019844307,6.687317444190829e-14,0.0,0.0,5.703029757116472e-16,-0.0013167884019844307,6.630287146619664e-14,0.0,0.0,0.9236703265143101,6.938686204491707e-12
2023-12-05,0.0004009156345918481,2.715388101533809e-14,0.0,0.0,1.8851708725240808e-16,0.0004009156345918481,2.6965363928085682e-14,0.0,0.0,0.9235696839605283,6.8808736847128945e-12
2023-12-06,-0.003745450479243298,2.302182545475122e-14,4.2507703990070805e-07,0.0,1.8769789428637794e-16,-0.0037458755562831984,2.2834127560464845e-14,0.0021234742983393395,0.0,0.921476839490844,6.850973141452794e-12
2023-12-07,0.0013147163139215104,-3.708658349488438e-14,0.0,0.0,1.8777052435979769e-16,0.0013147163139215104,-3.7274354019244174e-14,0.0,0.0,0.9211820222315442,6.853624139132615e-12
2023-12-08,0.001052195839153829,8.255821690106678e-15,0.0,0.0,1.8853872020922153e-16,0.001052195839153829,8.067282969897457e-15,0.0,0.0,0.9212855094564383,6.881663287636585e-12
2023-12-11,0.0007993744143584533,9.693540459491517e-15,0.0,0.0,5.643437997428604e-16,0.0007993744143584533,9.129196659748657e-15,0.0,0.0,0.9213682454613816,6.866182896871467e-12
2023-12-12,-0.00021690733284223683,5.7477194830012224e-15,0.0,0.0,1.8769898169976814e-16,-0.00021690733284223683,5.560020501301454e-15,0.0,0.0,0.9214310514685925,6.851012832041538e-12
2023-12-13,0.007760584867927893,-1.2226095433254783e-13,0.0,0.0,1.87582197887342e-16,0.007760584867927893,-1.2244853653043518e-13,0.0,0.0,0.9214140055901411,6.846750222887983e-12
2023-12-14,0.006364007083946212,-8.337032345548894e-14,0.0,0.0,1.894614811707295e-16,0.006364007083946212,-8.355978493665968e-14,0.0,0.0,0.9220191823437458,6.915344062731625e-12
2023-12-15,3.340038889756987e-05,3.495788562575595e-14,0.0,0.0,1.9053304596731885e-16,3.340038889756987e-05,3.476735257978863e-14,0.0,0.0,0.9225123145231162,6.954456177807138e-12
2023-12-18,0.0013326626945201448,-1.4492614870667497e-14,0.0,0.0,5.687068919972255e-16,0.0013326626945201448,-1.506132176266472e-14,0.0,0.0,0.9225149025554727,6.9192671859662434e-12
2023-12-19,0.00334064003561322,-5.4494724834552144e-14,0.0,0.0,1.8971319823878921e-16,0.00334064003561322,-5.468443803279093e-14,0.0,0.0,0.9226180266246321,6.924531735715806e-12
2023-12-20,-0.0065883624808980665,8.267666873810512e-14,7.959679808127223e-07,0.0,1.9056958003003207e-16,-0.006589158448878879,8.248609915807509e-14,0.003971442466093947,0.0,0.9189042287789472,6.95578967109617e-12
2023-12-21,0.003076954518114419,-8.596823205215417e-14,0.0,0.0,1.8955346362436834e-16,0.003076954518114419,-8.615778551577854e-14,0.0,0.0,0.9183671328505684,6.918701422289444e-12
2023-12-22,0.0008379858877822869,1.0204246576612608e-15,0.0,0.0,1.9132007448561645e-16,0.0008379858877822869,8.291045831756443e-16,0.0,0.0,0.9186175429695029,6.983182718725e-12
2023-12-26,0.00316719574813165,-3.462599934952555e-14,0.0,0.0,7.645278070695799e-16,0.00316719574813165,-3.539052715659513e-14,0.0,0.0,0.9186856832194389,6.976316239509917e-12
2023-12-27,0.0015732317628666058,-2.625762083945668e-14,0.0,0.0,1.914741730969175e-16,0.0015732317628666058,-2.6449095012553597e-14,0.0,0.0,0.9189424084786916,6.988807318037489e-12
2023-12-28,-0.0009431582244156716,-1.0740387295801799e-15,0.0,0.0,1.9189166989912167e-16,-0.0009431582244156716,-1.2659303994793015e-15,0.0,0.0,0.919069730549193,7.004045951317941e-12
2023-12-29,-0.003532765750634885,2.8649779322458285e-14,0.0,0.0,1.9210227846160055e-16,-0.003532765750634885,2.8457677043996686e-14,0.0,0.0,0.9189933284406807,7.011733163848421e-12
2024-01-02,-0.003536486980985168,4.319738173577602e-14,0.0,0.0,7.679825143265226e-16,-0.003536486980985168,4.24293992214495e-14,0.0,0.0,0.918706136263108,7.007840443229519e-12
2024-01-03,-0.0014352116690702981,3.041236248002127e-14,0.0,0.0,1.9148933822267528e-16,-0.0014352116690702981,3.0220873141798597e-14,0.0,0.0,0.9184176212427161,6.989360845127647e-12
2024-01-04,-0.0006882327851829103,1.463414529243679e-14,0.0,0.0,1.9093014798862858e-16,-0.0006882327851829103,1.4443215144448164e-14,0.0,0.0,0.9183003649731389,6.968950401584943e-12
2024-01-05,-0.0003801326915676906,-1.6541452221122466e-14,5.0447675697300114e-05,8.75944657025223e-16,2.732635858994792e-16,-0.0004305803672649907,-1.7690660464047168e-14,0.2499999999928383,4.3408573581072305e-12,0.9999999999866681,9.974120885330989e-12
2024-01-08,0.0013155071962515535,-3.884175858007295e-14,0.0,0.0,8.21504052630578e-16,0.0013155071962515535,-3.9663262632703527e-14,0.0,0.0,1.000050469393513,9.994965973672032e-12
2024-01-09,0.0006553309445812904,1.8119244665990477e-14,0.0,0.0,2.7453768567836855e-16,0.0006553309445812904,1.784470698031211e-14,0.0,0.0,1.000050403087928,1.0020625527260453e-11
2024-01-10,0.0010675534263634126,1.054443744222012e-14,0.0,0.0,2.7386179790557553e-16,0.0010675534263634126,1.0270575644314546e-14,0.0,0.0,1.000050370078839,9.995955623553507e-12
2024-01-11,0.003018080527347665,-9.733562106286277e-16,0.0,0.0,2.7328116696237425e-16,0.003018080527347665,-1.246637377591002e-15,0.0,0.0,1.0000503163634225,9.974762594126664e-12
2024-01-12,0.0017505922944866087,-5.4183787711417467e-14,0.0,0.0,2.724854512214994e-16,0.0017505922944866087,-5.4456273162638965e-14,0.0,0.0,1.00005016496153,9.945718969584728e-12
2024-01-16,-0.003970631578809404,1.621588217548763e-13,0.0,0.0,1.0939646681058683e-15,-0.003970631578809404,1.6106485708677043e-13,0.0,0.0,1.000050077296655,9.982427596466048e-12
2024-01-17,-0.004238560169819144,7.270786511480625e-14,0.0,0.0,2.701210105958563e-16,-0.004238560169819144,7.243774410421039e-14,0.0,0.0,1.0000502769276507,9.859416886748754e-12
2024-01-18,0.004020608842791506,-1.3255165888350785e-14,0.0,0.0,2.692703327988365e-16,0.004020608842791506,-1.3524436221149621e-14,0.0,0.0,1.0000504909364503,9.828367147157535e-12
2024-01-19,0.0029206175423644926,-2.925744999071752e-14,0.0,0.0,2.685537384929087e-16,0.0029206175423644926,-2.952600372921043e-14,0.0,0.0,1.0000502887450906,9.802211454991169e-12
2024-01-22,0.0021099268856309195,2.896779644721216e-14,5.0760171736483665e-05,7.448006535569029e-16,8.831115350607983e-16,0.002059166713894436,2.7339884258594457e-14,0.24999999999556655,3.668233518841566e-12,0.9999999999800432,1.0744523676573044e-11
2024-01-23,-0.0008777748481354914,-3.691049557417312e-14,0.0,0.0,2.92973591959484e-16,-0.0008777748481354914,-3.7203469166132607e-14,0.0,0.0,1.0000506558429265,1.0693536106521164e-11
2024-01-24,0.00020538462857656303,3.2143135709994956e-15,0.0,0.0,2.9424311762146693e-16,0.00020538462857656303,2.9200704533780287e-15,0.0,0.0,1.0000507003464525,1.0739873793183542e-11
2024-01-25,0.0040379628827044494,-3.6790606224011e-14,0.0,0.0,2.940946517151503e-16,0.0040379628827044494,-3.708470087572615e-14,0.0,0.0,1.0000506899355162,1.0734454787602985e-11
2024-01-26,-8.71218831779233e-06,-5.858015103886635e-15,0.0,0.0,2.939157924688877e-16,-8.71218831779233e-06,-6.151930896355522e-15,0.0,0.0,1.0000504860746577,1.0727926425114399e-11
2024-01-29,0.0029667858702403247,-3.926340379164764e-14,0.0,0.0,8.822365443110534e-16,0.0029667858702403247,-4.0145640335958694e-14,0.0,0.0,1.000050486514512,1.0733877955784483e-11
2024-01-30,0.0012845307671167647,3.2910916516170186e-15,0.0,0.0,2.9428148763722275e-16,0.0012845307671167647,2.996810163979796e-15,0.0,0.0,1.0000503371749323,1.0741274298758627e-11
2024-01-31,-0.0009300353748758914,9.264524924869653e-14,0.0,0.0,2.9381390773836026e-16,-0.0009300353748758914,9.235143534095817e-14,0.0,0.0,1.0000502725982303,1.072420763245015e-11
2024-02-01,0.004298230034122612,-1.1393421855451278e-13,0.0,0.0,2.915468305974083e-16,0.004298230034122612,-1.142257653851102e-13,0.0,0.0,1.0000503193969572,1.0641459316805401e-11
2024-02-02,-0.002982467411189701,3.2229469882052754e-14,0.0,0.0,2.934071844647975e-16,-0.002982467411189701,3.193606269758796e-14,0.0,0.0,1.0000501040383887,1.0709362232965107e-11
2024-02-05,-0.004734226432517519,1.261177080710526e-13,5.067842040478176e-05,2.0943904420247094e-15,1.4729681183470886e-15,-0.004784904852922301,1.2255034951068078e-13,0.24999999997607578,1.0331766583764057e-11,0.9999999999712503,1.792111210655624e-11
2024-02-06,0.004381030862840102,-1.3878889488681198e-13,0.0,0.0,4.8987811327065225e-16,0.004381030862840102,-1.3927877300008262e-13,0.0,0.0,1.0000509220486906,1.788055113437881e-11
2024-02-07,0.0004407446315320803,1.8881417813040845e-15,0.0,0.0,4.915271531193322e-16,0.0004407446315320803,1.3966146281847524e-15,0.0,0.0,1.000050699930868,1.794074108885562e-11
2024-02-08,-0.0003726795059377144,4.001868089205791e-14,0.0,0.0,4.912589034831123e-16,-0.0003726795059377144,3.9527421988574795e-14,0.0,0.0,1.0000506775949884,1.7930949977133602e-11
2024-02-09,0.0006172296826413598,-1.7705883095294467e-14,0.0,0.0,4.903452428897313e-16,0.0006172296826413598,-1.8196228338184198e-14,0.0,0.0,1.0000506964884912,1.7897601365475196e-11
2024-02-12,-2.3492283430317415e-05,-3.1165349956067717e-14,0.0,0.0,1.4715827022075833e-15,-2.3492283430317415e-05,-3.26369326582753e-14,0.0,0.0,1.000050665216434,1.790425621019226e-11
2024-02-13,-0.007031618593035914,2.6186783128068867e-13,0.0,0.0,4.913929565494305e-16,-0.007031618593035914,2.6137643832413923e-13,0.0,0.0,1.0000506664067363,1.7935842914054215e-11
2024-02-14,0.00362609919419581,-7.313136838608049e-14,0.0,0.0,4.876474462683524e-16,0.00362609919419581,-7.361901583234884e-14,0.0,0.0,1.0000510251961932,1.7799131788794855e-11
2024-02-15,0.0030800877461167773,-1.538675315468062e-13,0.0,0.0,4.878819371032606e-16,0.0030800877461167773,-1.5435541348390947e-13,0.0,0.0,1.0000508408423292,1.7807690704269014e-11
2024-02-16,-0.0027885547841526555,-7.014642764481508e-15,0.0,0.0,4.905864366409292e-16,-0.0027885547841526555,-7.505229201122437e-15,0.0,0.0,1.0000506847290709,1.7906404937393913e-11
2024-02-20,0.0008416645861963133,-3.770247643025533e-15,5.053742243575359e-05,3.071516943196561e-15,3.0873463754025857e-16,0.0007911271637605597,-7.150499223762352e-15,0.24999999997906774,1.5194269884084884e-11,0.9999999999942323,2.8172035675548593e-12
2024-02-21,-0.0007005503982959622,-6.301181390382376e-15,0.0,0.0,7.722585836673984e-17,-0.0007005503982959622,-6.378407248749116e-15,0.0,0.0,1.0000504974667572,2.8187438303860035e-12
2024-02-22,0.0027572142935652667,-1.3613915021846962e-14,0.0,0.0,7.745275303031065e-17,0.0027572142935652667,-1.3691367774877272e-14,0.0,0.0,1.0000505328675842,2.8270254856063377e-12
2024-02-23,0.0025679782227262414,1.0333277422760485e-14,0.0,0.0,7.761174479142555e-17,0.0025679782227262414,1.025566567796906e-14,0.0,0.0,1.0000503939207595,2.832828684887033e-12
2024-02-26,-0.00147297730030408,-5.786174447187243e-16,0.0,0.0,2.313917150160901e-16,-0.00147297730030408,-8.100091597348144e-16,0.0,0.0,1.0000502648417302,2.815265866029095e-12
2024-02-27,-0.0003292153520537726,-1.5654563693677182e-14,0.0,0.0,7.726022676500331e-17,-0.0003292153520537726,-1.5731823920442184e-14,0.0,0.0,1.0000503389899205,2.8199982769226205e-12
2024-02-28,0.0006393165643060787,1.1100891422296603e-16,0.0,0.0,7.771470379456516e-17,0.0006393165643060787,3.3294210428400875e-17,0.0,0.0,1.000050355567762,2.8365866885016287e-12
2024-02-29,0.0014321379631477235,-7.57785903125608e-15,0.0,0.0,7.766201184386032e-17,0.0014321379631477235,-7.65552104309994e-15,0.0,0.0,1.0000503233951819,2.8346634323009024e-12
2024-03-01,0.004248518968595454,-1.675579161366015e-14,0.0,0.0,7.775826385843959e-17,0.004248518968595454,-1.6833549877518588e-14,0.0,0.0,1.0000502514282117,2.8381766308330446e-12
2024-03-04,-0.0005498188287748639,-1.0947582107921807e-14,0.0,0.0,2.3365927406905974e-16,-0.0005498188287748639,-1.1181241381990867e-14,0.0,0.0,1.000050038837279,2.8428545011735604e-12
2024-03-05,0.0015695754582541058,5.236793058563919e-14,5.069710213788762e-05,4.178057393471124e-15,6.426961792304013e-16,0.001518878356116218,4.7547177012937666e-14,0.24999999997578307,2.0603038521328052e-11,0.9999999999680277,2.345841054190964e-11
2024-03-06,0.0025000580638113003,-1.5595136024149636e-13,0.0,0.0,6.402889204232148e-16,0.0025000580638113003,-1.5659164916191959e-13,0.0,0.0,1.0000506201842159,2.3370545595447334e-11
2024-03-07,0.001811080507451153,-7.470912275214446e-14,0.0,0.0,6.429541377531811e-16,0.001811080507451153,-7.535207688989765e-14,0.0,0.0,1.000050493946574,2.3467826027991113e-11
2024-03-08,0.00028365849165330097,2.7609110911575897e-14,0.0,0.0,6.4383492614934495e-16,0.00028365849165330097,2.696527598542655e-14,0.0,0.0,1.0000504026633683,2.3499974804451086e-11
2024-03-11,-0.0005333367641800437,3.735343081804104e-14,0.0,0.0,1.9286884475993354e-15,-0.0005333367641800437,3.5424742370441704e-14,0.0,0.0,1.000050388370252,2.3465709445791916e-11
2024-03-12,-0.00046511819297916703,-1.472817551229902e-14,0.0,0.0,6.422152845552796e-16,-0.00046511819297916703,-1.53703907968543e-14,0.0,0.0,1.0000504152585274,2.344085788626771e-11
2024-03-13,-0.000533951758792489,-1.2016184194683582e-14,0.0,0.0,6.429178289920155e-16,-0.000533951758792489,-1.2659102023675597e-14,0.0,0.0,1.0000504387185087,2.3466500758208567e-11
2024-03-14,-0.004762654212454204,1.169820964134517e-13,0.0,0.0,6.435906858965823e-16,-0.004762654212454204,1.163385057275551e-13,0.0,0.0,1.0000504656647518,2.3491060035225256e-11
2024-03-15,-0.0010944595135364157,1.3986499219724867e-14,0.0,0.0,6.434502278920479e-16,-0.0010944595135364157,1.3343048991832819e-14,0.0,0.0,1.00005070716533,2.348593331805975e-11
2024-03-18,0.00033015086524620777,-1.1372718357541352e-13,0.0,0.0,1.9313148543137223e-15,0.00033015086524620777,-1.1565849842972723e-13,0.0,0.0,1.0000507627230617,2.349766406081695e-11
2024-03-19,0.0037142358763459574,9.970795690888886e-15,5.042106008225549e-05,4.670647063364588e-15,2.831115877870385e-17,0.003663814816263702,5.271837468745594e-15,0.2499999999831671,2.315821531434754e-11,1.00000000000975,1.0333572954226905e-12
2024-03-20,0.003918977986388595,1.0154872539189296e-15,0.0,0.0,2.7935635299509736e-17,0.003918977986388595,9.875516186194198e-16,0.0,0.0,1.0000502370107232,1.0196506884321053e-12
2024-03-21,0.002468625042739999,1.6705998512484426e-15,0.0,0.0,2.779887056910241e-17,0.002468625042739999,1.6428009806793402e-15,0.0,0.0,1.000050040901531,1.014658775772238e-12
2024-03-22,0.00011880057415285459,-1.0090321949449893e-15,0.0,0.0,2.7684757424683293e-17,0.00011880057415285459,-1.0367169523696727e-15,0.0,0.0,1.00004991767351,1.0104936460009402e-12
2024-03-25,-0.0027177327375613406,4.742705747842161e-16,0.0,0.0,8.312733085242608e-17,-0.0027177327375613406,3.9114324393179003e-16,0.0,0.0,1.0000499117439676,1.0113825253711839e-12
2024-03-26,0.00048551228785612073,3.0526699255716954e-15,0.0,0.0,2.777159233542857e-17,0.00048551228785612073,3.024898333236267e-15,0.0,0.0,1.0000500477604037,1.0136631202431427e-12
2024-03-27,0.006591060362939214,5.069833483412543e-16,0.0,0.0,2.7674521222832852e-17,0.006591060362939214,4.793088271184214e-16,0.0,0.0,1.0000500234733893,1.010120024633399e-12
2024-03-28,-0.0001503149623809367,-5.088466426704623e-15,0.0,0.0,2.7479512144793305e-17,-0.0001503149623809367,-5.115945938849416e-15,0.0,0.0,1.0000496959245508,1.0030021932849556e-12
2024-04-01,-0.006314598130468855,2.368218219226954e-15,0.0,0.0,1.1049229738104921e-16,-0.006314598130468855,2.257725921845905e-15,0.0,0.0,1.0000497033957199,1.008242213602074e-12
2024-04-02,-0.0032181680943349903,2.369257209667773e-15,0.0,0.0,2.7733316402229734e-17,-0.0032181680943349903,2.3415238932655433e-15,0.0,0.0,1.0000500192471622,1.0122660486813853e-12
2024-04-03,0.0003933497861017497,2.763221965962547e-16,5.0891580589137156e-05,5.790222944833813e-17,3.033101835275686e-17,0.00034245820551261254,1.8808894879515968e-16,0.25000000000261147,2.844391389432609e-13,1.0000000000076568,1.1070821698756252e-12
2024-04-04,-0.0026996613567106293,-3.2780387485119513e-15,0.0,0.0,3.0313066923115156e-17,-0.0026996613567106293,-3.3083518154350665e-15,0.0,0.0,1.0000508741659704,1.106426942693703e-12
2024-04-05,0.0016445272936139582,3.044160257429774e-15,0.0,0.0,3.048517585510496e-17,0.0016445272936139582,3.013675081574669e-15,0.0,0.0,1.0000510118807764,1.112708918711331e-12
2024-04-08,-0.00017861650209787316,1.3425078981382176e-15,0.0,0.0,9.105557922737392e-17,-0.00017861650209787316,1.2514523189108436e-15,0.0,0.0,1.0000509281280765,1.1078428805997158e-12
2024-04-09,0.0016138723638431487,5.1762152379287897e-17,0.0,0.0,3.0320494444812387e-17,0.0016138723638431487,2.144165793447551e-17,0.0,0.0,1.000050937226305,1.106698047235652e-12
2024-04-10,-0.008916850703017622,8.035216022217407e-15,0.0,0.0,3.0270224025648966e-17,-0.008916850703017622,8.004945798191759e-15,0.0,0.0,1.0000508551525793,1.1048631769361873e-12
2024-04-11,-0.0014571047585380404,2.087645386899118e-15,0.0,0.0,3.032044399326761e-17,-0.0014571047585380404,2.0573249429058504e-15,0.0,0.0,1.0000513127002588,1.106696205754268e-12
2024-04-12,-0.002393347625034922,-3.703690225509566e-16,0.0,0.0,3.030740929955226e-17,-0.002393347625034922,-4.0067643185050886e-16,0.0,0.0,1.0000513875773402,1.1062204394336574e-12
2024-04-15,-0.004735106424694368,6.8809120057327576e-15,0.0,0.0,9.117087278002198e-17,-0.004735106424694368,6.789741132952736e-15,0.0,0.0,1.000051510860737,1.1092456188236007e-12
2024-04-16,-0.002534377653964141,3.4329390795666025e-15,0.0,0.0,3.034546178056791e-17,-0.002534377653964141,3.4025936177860347e-15,0.0,0.0,1.000051755930569,1.1076093549907286e-12
2024-04-17,0.001645333127451263,-1.2163719293683054e-15,5.035861901530183e-05,8.69034238553387e-16,1.4852629686878412e-16,0.0015949745084359612,-2.2339324647904765e-15,0.2500000000040078,4.314227909542438e-12,0.9999999999943269,5.421209835710619e-12
2024-04-18,-0.000478698563162449,-6.877473756691231e-15,0.0,0.0,1.4832305064233532e-16,-0.000478698563162449,-7.025796807333566e-15,0.0,0.0,1.0000502784205454,5.413791348445239e-12
2024-04-19,0.002637634440615687,-2.4884075080524948e-14,0.0,0.0,1.4858260085841772e-16,0.002637634440615687,-2.5032657681383365e-14,0.0,0.0,1.000050302500287,5.423264931332247e-12
2024-04-22,0.0048785771798545655,-1.0533379146093144e-14,0.0,0.0,4.46615061751665e-16,0.0048785771798545655,-1.0979994207844809e-14,0.0,0.0,1.0000501701697444,5.4338165846452575e-12
2024-04-23,0.0045849718472908835,-2.0765625545730486e-14,0.0,0.0,1.484361159327309e-16,0.0045849718472908835,-2.0914061661663216e-14,0.0,0.0,1.0000499265989888,5.417918231544678e-12
2024-04-24,-0.0024449671895754033,2.164161170506471e-15,0.0,0.0,1.4832497136261443e-16,-0.0024449671895754033,2.0158361991438567e-15,0.0,0.0,1.000049698731724,5.4138614547354266e-12
2024-04-25,-0.0027903292251452456,-1.52774200210574e-14,0.0,0.0,1.4862907248138498e-16,-0.0027903292251452456,-1.5426049093538786e-14,0.0,0.0,1.0000498205413109,5.424961145570551e-12
2024-04-26,0.002381878292480534,8.871697618061638e-15,0.0,0.0,1.494646876200123e-16,0.002381878292480534,8.722232930441625e-15,0.0,0.0,1.0000499599460235,5.455461098130449e-12
2024-04-29,0.0025980979397530603,-4.137683064432866e-14,0.0,0.0,4.466011326905382e-16,0.0025980979397530603,-4.18234317770192e-14,0.0,0.0,1.0000498412302707,5.433647114401548e-12
2024-04-30,-0.006023531243746335,8.500109006636255e-14,0.0,0.0,1.4961194953082192e-16,-0.006023531243746335,8.485147811683172e-14,0.0,0.0,1.0000497120734764,5.460836157874999e-12
2024-05-01,0.0005155026145985431,-9.613621982886102e-16,6.033710714178576e-05,8.769138253630854e-16,2.870170457261333e-17,0.00045516550745675733,-1.866977728224309e-15,0.30005011334234055,4.360800594456075e-12,0.700000000008483,1.0476122169003865e-12
2024-05-02,0.002841696399147822,-2.7430706984248813e-14,0.0,0.0,2.8714973197630344e-17,0.002841696399147822,-2.7459421957446442e-14,0.0,0.0,0.7001967971925688,1.0480965217135076e-12
2024-05-03,0.0031378574908657313,-3.002908167273364e-15,0.0,0.0,2.938300184583623e-17,0.0031378574908657313,-3.0322911691192e-15,0.0,0.0,0.701046332752318,1.0724795673730224e-12
2024-05-06,0.00283700492663253,5.429944739066242e-15,0.0,0.0,8.811931405771587e-17,0.00283700492663253,5.341825425008526e-15,0.0,0.0,0.701981472421499,1.0721183210355432e-12
2024-05-07,0.0019963731852779727,4.126968528113867e-15,0.0,0.0,2.9141664032186066e-17,0.0019963731852779727,4.097826864081681e-15,0.0,0.0,0.7028245606071271,1.0636707371747915e-12
2024-05-08,-0.0007052668904334021,7.0582874615041134e-15,0.0,0.0,2.897075995295152e-17,-0.0007052668904334021,7.029316701551162e-15,0.0,0.0,0.7034166516509681,1.0574327382827304e-12
2024-05-09,0.002958081894710502,-1.5348621219780128e-15,0.0,0.0,2.879769227316112e-17,0.002958081894710502,-1.5636598142511739e-15,0.0,0.0,0.7032073336100348,1.051115767970381e-12
2024-05-10,0.0001446694473844627,2.213356242613661e-15,0.0,0.0,2.8754684578362295e-17,0.0001446694473844627,2.1846015580352987e-15,0.0,0.0,0.7040826812728938,1.0495459871102237e-12
2024-05-13,-0.0005961233116744365,5.860349194454585e-16,0.0,0.0,8.606968239052498e-17,-0.0005961233116744365,4.999652370549335e-16,0.0,0.0,0.7041254852754327,1.0471811357513873e-12
2024-05-14,0.0015223471430466115,1.6940325964252772e-15,0.0,0.0,2.8690941718149375e-17,0.0015223471430466115,1.6653416547071278e-15,0.0,0.0,0.7039490023743031,1.0472193727124521e-12
2024-05-15,0.005193291545323841,-2.1737955364078442e-13,5.2461632756598364e-05,4.165764945387267e-15,5.724772491217182e-16,0.005140829912567243,-2.221177958352934e-13,0.24999999999235858,1.9851483485976657e-11,0.9543990096674502,2.0895419592942714e-11
2024-05-16,-0.0004208732194317382,1.7648622170855743e-14,0.0,0.0,5.754744371308624e-16,-0.0004208732194317382,1.707314773372488e-14,0.0,0.0,0.9546844309333815,2.1004816955276474e-11
2024-05-17,0.0015884517372022127,-2.7352347913551584e-13,0.0,0.0,5.752330134060363e-16,0.0015884517372022127,-2.740987121489219e-13,0.0,0.0,0.9546653507936017,2.0996004989320322e-11
2024-05-20,-0.00036786785624479996,-4.9401326720809085e-14,0.0,0.0,1.7454079258134573e-15,-0.00036786785624479996,-5.114673464662254e-14,0.0,0.0,0.95473724849013,2.1235796430730392e-11
2024-05-21,0.0007596322580097091,4.101972797421058e-15,0.0,0.0,5.833707062750118e-16,0.0007596322580097091,3.5186020911460457e-15,0.0,0.0,0.9547205916512976,2.1293030779037935e-11
2024-05-22,-0.0036736299805671746,3.0211734946291084e-13,0.0,0.0,5.828155979299834e-16,-0.0036736299805671746,3.0153453386498087e-13,0.0,0.0,0.9547549612422495,2.1272769324444396e-11
2024-05-23,-0.006019651519702361,2.1305776030711814e-13,0.0,0.0,5.766568341075678e-16,-0.006019651519702361,2.1248110347301057e-13,0.0,0.0,0.9545881348526831,2.1047974444926223e-11
2024-05-24,0.0029002604280548095,-6.282585580441447e-14,0.0,0.0,5.742765800829479e-16,0.0029002604280548095,-6.340013238449742e-14,0.0,0.0,0.9543131157301545,2.0961095173027595e-11
2024-05-28,-0.002471326099537082,-1.9585139024826223e-13,0.0,0.0,2.2973284947021443e-15,-0.002471326099537082,-1.9814871874296438e-13,0.0,0.0,0.9544452364083694,2.0963122514157058e-11
2024-05-29,-0.0064777324692194245,2.547814366544817e-13,0.0,0.0,5.811340870259e-16,-0.0064777324692194245,2.5420030256745577e-13,0.0,0.0,0.9543323768194887,2.1211394176445344e-11
2024-05-30,0.0007295878845746616,7.014806345087075e-14,2.4903922984584875e-05,2.194805300624243e-15,7.693154733561135e-16,0.0007046839615900768,6.71839426768904e-14,0.11912549078927875,1.0498637455055223e-11,0.9999999999801815,2.808001477749814e-11
2024-05-31,0.0048284259028621565,-4.5630141405256366e-14,0.0,0.0,7.668532194393509e-16,0.0048284259028621565,-4.6396994624695715e-14,0.0,0.0,1.000024886366076,2.79901425095363e-11
2024-06-03,-0.003047473612451333,3.4055212737674775e-14,0.0,0.0,2.2932373542567087e-15,-0.003047473612451333,3.176197538341807e-14,0.0,0.0,1.0000247667815527,2.790105447678995e-11
2024-06-04,-0.001506901846210078,2.5151922718963854e-13,0.0,0.0,7.658132274946751e-16,-0.001506901846210078,2.507534139621439e-13,0.0,0.0,1.0000248424883484,2.7952182803555643e-11
2024-06-05,0.0035381824935158623,-2.2539144615411842e-13,0.0,0.0,7.600676370888353e-16,0.0035381824935158623,-2.2615151379120727e-13,0.0,0.0,1.0000248799797853,2.7742468753742486e-11
2024-06-06,0.0027760809431002288,-1.387388194845805e-13,0.0,0.0,7.635411971061405e-16,0.0027760809431002288,-1.3950236068168666e-13,0.0,0.0,1.0000247922604697,2.7869253694374124e-11
2024-06-07,-0.005870757174799559,3.9223172951118706e-13,0.0,0.0,7.652179536752542e-16,-0.005870757174799559,3.914665115575118e-13,0.0,0.0,1.0000247236258226,2.793045530914677e-11
2024-06-10,0.0030646515542463847,-1.9899056387948118e-13,0.0,0.0,2.2767820713623915e-15,0.0030646515542463847,-2.0126734595084356e-13,0.0,0.0,1.0000248696289842,2.7700848534909097e-11
2024-06-11,-0.0027380921098549,-9.784750232908238e-16,0.0,0.0,7.620437548140267e-16,-0.0027380921098549,-1.7405187781048504e-15,0.0,0.0,1.0000247936453015,2.7814597050711974e-11
2024-06-12,0.0038012084269309783,-6.077724463573037e-14,0.0,0.0,7.641629107855784e-16,0.0038012084269309783,-6.154140754651594e-14,0.0,0.0,1.00002486171898,2.789194624367361e-11
2024-06-13,-0.0006725395801044128,3.0624337719836404e-14,2.6005378475319328e-05,3.789574293451742e-15,2.565142078866484e-16,-0.0006985449585797321,2.6578249218498014e-14,0.12927625344827087,1.883848632644458e-11,0.9999999999922791,9.362768587862668e-12
2024-06-14,-0.0020502619300365654,7.769184409697293e-15,0.0,0.0,2.558539103946524e-16,-0.0020502619300365654,7.513330499302641e-15,0.0,0.0,1.000026023549347,9.338667729404812e-12
2024-06-17,0.0021888688776551223,1.711657528367364e-14,0.0,0.0,7.684987918980922e-16,0.0021888688776551223,1.6348076491775548e-14,0.0,0.0,1.0000260770140488,9.350068634760121e-12
2024-06-18,0.0040857930569669154,-2.7667238836853712e-14,0.0,0.0,2.5513885120709287e-16,0.0040857930569669154,-2.7922377688060805e-14,0.0,0.0,1.000026020059534,9.312568069058891e-12
2024-06-20,0.0014484981883855447,-1.690319358294267e-14,0.0,0.0,5.097111412591356e-16,0.0014484981883855447,-1.7412904724201807e-14,0.0,0.0,1.0000259141795869,9.302228327979226e-12
2024-06-21,-0.002336036420174988,7.95483437939526e-14,0.0,0.0,2.549493781113012e-16,-0.002336036420174988,7.92933944158413e-14,0.0,0.0,1.0000258766972552,9.305652301062493e-12
2024-06-24,0.004725396505347823,-3.306853294950375e-14,0.0,0.0,7.600855017104267e-16,0.004725396505347823,-3.382861845121418e-14,0.0,0.0,1.0000259372876243,9.247706937476859e-12
2024-06-25,-0.0035047507793927253,5.891941197186342e-14,0.0,0.0,2.5307195577217273e-16,-0.0035047507793927253,5.866634001609125e-14,0.0,0.0,1.0000258153001291,9.237126385684307e-12
2024-06-26,-0.0023236520983578764,2.9500637585547525e-14,0.0,0.0,2.523421215543667e-16,-0.0023236520983578764,2.924829546399316e-14,0.0,0.0,1.0000259060944752,9.210487436734385e-12
2024-06-27,0.0004125326682892715,-1.971810394337715e-14,0.0,0.0,2.521197234325715e-16,0.0004125326682892715,-1.9970223666809722e-14,0.0,0.0,1.0000259664313988,9.202369905288856e-12
2024-06-28,-0.0021452456445230387,3.646892193176614e-16,6.028833910176058e-07,1.820935760905099e-15,9.218681000162946e-18,-0.0021458485279140563,-1.4654652225876006e-15,0.0030031599340837704,9.070678345376479e-12,1.0000000000045768,3.3648185650594753e-13
2024-07-01,-1.87917977427105e-05,1.5079343060010365e-15,0.0,0.0,2.7685477384997802e-17,-1.87917977427105e-05,1.4802488286160388e-15,0.0,0.0,1.0000006041844576,3.368399748508066e-13
2024-07-02,0.002785945780621195,-1.2361631245844192e-16,0.0,0.0,9.187351839865923e-18,0.002785945780621195,-1.3280366429830784e-16,0.0,0.0,1.00000060419581,3.353383421551062e-13
2024-07-03,0.003409942637196088,-5.504080080490015e-16,0.0,0.0,9.16520482444327e-18,0.003409942637196088,-5.595732128734447e-16,0.0,0.0,1.0000006025172297,3.345299760921794e-13
2024-07-05,0.004142726664110688,-1.591114091718083e-15,0.0,0.0,1.8298173270575207e-17,0.004142726664110688,-1.6094122649886582e-15,0.0,0.0,1.0000006004696633,3.3394166218799755e-13
2024-07-08,-0.0032760981949442763,0.0,0.0,0.0,2.7464259486467372e-17,-0.0032760981949442763,-2.7464259486467372e-17,0.0,0.0,1.000000597992346,3.341484904186863e-13
2024-07-09,-0.0025324469778019057,7.475511604762508e-16,0.0,0.0,9.184843611733035e-18,-0.0025324469778019057,7.383663168645178e-16,0.0,0.0,1.000000599957867,3.3524679182825575e-13
2024-07-10,0.004033473751250917,9.225143114218615e-16,0.0,0.0,9.18762994370545e-18,0.004033473751250917,9.133266814781561e-16,0.0,0.0,1.0000006014810852,3.353484929452489e-13
2024-07-11,0.0034899608533815593,-5.7586386525292335e-15,0.0,0.0,9.1255479210038e-18,0.0034899608533815593,-5.767764200450237e-15,0.0,0.0,1.0000005990647727,3.330824991166387e-13
2024-07-12,0.002214598577589278,-2.265259641952545e-15,0.0,0.0,9.251033099619945e-18,0.002214598577589278,-2.274510675052165e-15,0.0,0.0,1.0000005969813368,3.37662708136128e-13
2024-07-15,-0.002382835963862747,4.0342214063955056e-14,3.084116175570131e-05,1.040150238159427e-15,4.493505350988752e-16,-0.0024136771256184483,3.885271329069675e-14,0.1531032428276147,5.163566008037455e-12,0.9999999999946998,5.467098177036316e-12
2024-07-16,0.00452715295213519,-2.8191684733528728e-14,0.0,0.0,1.4903797511225774e-16,0.00452715295213519,-2.8340722708640985e-14,0.0,0.0,1.0000309157771208,5.439886091597406e-12
2024-07-17,0.0007126056842570001,2.7497324892095678e-14,0.0,0.0,1.4913519221078394e-16,0.0007126056842570001,2.7348189699884895e-14,0.0,0.0,1.000030776447464,5.443434515693613e-12
2024-07-18,-0.005640687785303993,3.7489309275507214e-14,0.0,0.0,1.4827617839630804e-16,-0.005640687785303993,3.734103309711091e-14,0.0,0.0,1.0000307545315827,5.412080511465243e-12
2024-07-19,-0.004567441293641776,2.8023721490211983e-14,0.0,0.0,1.4808437173945512e-16,-0.004567441293641776,2.787563711847253e-14,0.0,0.0,1.0000309289923346,5.4050795684901116e-12
2024-07-22,0.0028946765725158053,-4.528651482345551e-14,0.0,0.0,4.439776374385052e-16,0.0028946765725158053,-4.5730492460894014e-14,0.0,0.0,1.0000310709068494,5.401727922168481e-12
2024-07-23,-0.0027645640554496294,1.7256166595230092e-14,0.0,0.0,1.488025370284939e-16,-0.0027645640554496294,1.71073640582016e-14,0.0,0.0,1.0000309812262655,5.4312926015400284e-12
2024-07-24,-0.004400468114077426,4.8380785341338323e-14,0.0,0.0,1.4874096927819005e-16,-0.004400468114077426,4.8232044372060135e-14,0.0,0.0,1.000031067113273,5.429045378653938e-12
2024-07-25,0.0014753081397494998,2.572809675966506e-14,0.0,0.0,1.480670325654775e-16,0.0014753081397494998,2.5580029727099582e-14,0.0,0.0,1.000031204427312,5.404446688639928e-12
2024-07-26,0.004649784532669718,-2.1980499006988692e-14,0.0,0.0,1.4714506888434615e-16,0.004649784532669718,-2.2127644075873037e-14,0.0,0.0,1.0000311584589585,5.370795014278635e-12
2024-07-29,-0.0006763550611561019,-6.412645786474691e-15,6.116541894565054e-05,4.0056599701541773e-16,3.9094746794052575e-16,-0.0007375204801017524,-7.204159251430633e-15,0.3000311142613265,1.964872708981602e-12,0.6999999999971085,4.756527526609729e-12
2024-07-30,0.0003308234792521169,-1.6677075633440423e-16,0.0,0.0,1.3058782276624175e-16,0.0003308234792521169,-2.97358579100646e-16,0.0,0.0,0.6998397911146947,4.766455530967823e-12
2024-07-31,0.004726600969671712,-5.929622284416583e-14,0.0,0.0,1.3054920308648048e-16,0.004726600969671712,-5.942677204725231e-14,0.0,0.0,0.6999390583194095,4.765045912656536e-12
2024-08-01,-0.0035594975667009557,2.864038649041828e-14,0.0,0.0,1.3155196349877783e-16,-0.0035594975667009557,2.850883452691951e-14,0.0,0.0,0.7013506546049868,4.801646667705391e-12
2024-08-02,-0.0036690804274814416,5.85013588831217e-15,0.0,0.0,1.312344239886038e-16,-0.0036690804274814416,5.718901464323566e-15,0.0,0.0,0.7002838155758079,4.790056475584039e-12
2024-08-05,-0.007482028738770007,5.322216495454981e-14,0.0,0.0,3.9467051674740043e-16,-0.007482028738770007,5.2827494437802414e-14,0.0,0.0,0.6991800831065338,4.801824620426704e-12
2024-08-06,0.00014219698846979173,1.4490083167682078e-16,0.0,0.0,1.3107943752884172e-16,0.00014219698846979173,1.3821394147979061e-17,0.0,0.0,0.6969123727691903,4.784399469802722e-12
2024-08-07,0.0008434669282051944,8.198586234879131e-15,0.0,0.0,1.310568317562482e-16,0.0008434669282051944,8.067529403122883e-15,0.0,0.0,0.6969554647894695,4.7835743591030585e-12
2024-08-08,0.005494380568125674,-3.952828705622102e-14,0.0,0.0,1.3072195331088341e-16,0.005494380568125674,-3.96590090095319e-14,0.0,0.0,0.6972108574174517,4.771351295847244e-12
2024-08-09,0.002153841074745549,-2.0898819701644228e-14,0.0,0.0,1.3108469090108647e-16,0.002153841074745549,-2.1029904392545316e-14,0.0,0.0,0.6988654054819896,4.784591217889657e-12
2024-08-12,0.0006798788959736664,-1.5320386163155315e-15,6.0916364557529087e-05,9.517736815472116e-16,1.1349688145746943e-17,0.0006189625314161374,-2.49516198600849e-15,0.29951270757406845,4.679667186782421e-12,0.4000000000012755,1.3808787243992112e-13
2024-08-13,0.0016156048589115158,9.104050882872517e-16,0.0,0.0,3.8228368498628476e-18,0.0016156048589115158,9.065822514373888e-16,0.0,0.0,0.40043202647648224,1.3953354501999395e-13
2024-08-14,0.0006891541591363982,-9.051181791409878e-16,0.0,0.0,3.791768245502989e-18,0.0006891541591363982,-9.089099473864908e-16,0.0,0.0,0.40139912895229524,1.383995409608591e-13
2024-08-15,0.0016594735762198486,7.5217074176028e-16,0.0,0.0,3.8139376128670286e-18,0.0016594735762198486,7.48356804147413e-16,0.0,0.0,0.4018113731324495,1.3920872286964653e-13
2024-08-16,0.00031496951182671606,1.494110275365196e-15,0.0,0.0,3.78704569302504e-18,0.00031496951182671606,1.4903232296721708e-15,0.0,0.0,0.40280240675821605,1.3822716779541395e-13
2024-08-19,0.0008845679545531162,-2.711582479550281e-15,0.0,0.0,1.1234794876940648e-17,0.0008845679545531162,-2.722817274427222e-15,0.0,0.0,0.40299044656581645,1.366900043361112e-13
2024-08-20,-0.00013333266623445118,5.243464395179467e-16,0.0,0.0,3.815846181341957e-18,-0.00013333266623445118,5.205305933366047e-16,0.0,0.0,0.40351807536182266,1.3927838561898143e-13
2024-08-21,0.0008473066511354277,2.500598238871766e-16,0.0,0.0,3.801987454589061e-18,0.0008473066511354277,2.4625783643258755e-16,0.0,0.0,0.40343853423101866,1.3877254209250073e-13
2024-08-22,-0.0006999756530830714,1.7502185399108147e-15,0.0,0.0,3.7919235784413485e-18,-0.0006999756530830714,1.7464266163323733e-15,0.0,0.0,0.40394357680284565,1.3840521061310924e-13
2024-08-23,0.003274474419471755,1.6895247696317758e-16,0.0,0.0,3.74659491078659e-18,0.003274474419471755,1.6520588205239098e-16,0.0,0.0,0.4035260595668431,1.3675071424371052e-13
2024-08-26,0.0003688026013644604,1.2609291559340764e-14,3.9822325633189954e-05,2.1075323007167122e-15,8.730680727588196e-16,0.00032898027573127043,9.628691185865231e-15,0.19813910397365223,1.0486192230609025e-11,0.39999999998424574,1.0622328218565639e-11
2024-08-27,0.00015222052341188645,-4.1547382751998986e-15,0.0,0.0,2.90581635250395e-16,0.00015222052341188645,-4.445319910450294e-15,0.0,0.0,0.40023713246341064,1.0606229686639418e-11
2024-08-28,-0.0006651998667998972,7.208513917589067e-14,0.0,0.0,2.906512206153598e-16,-0.0006651998667998972,7.179448795527531e-14,0.0,0.0,0.40032841478598885,1.0608769552460633e-11
2024-08-29,0.000710318166997272,-2.170384457002998e-14,0.0,0.0,2.8886844054362395e-16,0.000710318166997272,-2.19927130105736e-14,0.0,0.0,0.3999292478015272,1.0543698079842275e-11
2024-08-30,-7.486306320015146e-05,-3.123443313638417e-14,0.0,0.0,2.8925760149297875e-16,-7.486306320015146e-05,-3.1523690737877146e-14,0.0,0.0,0.4003551864063773,1.0557902454493724e-11
2024-09-03,-0.0013822566475898876,1.1772358488962034e-13,0.0,0.0,1.1605402391458114e-15,-0.0013822566475898876,1.1656304465047453e-13,0.0,0.0,0.40031029179786426,1.0589929682205528e-11
2024-09-04,0.0004568630265916916,1.1351550256557003e-14,0.0,0.0,2.873068879465758e-16,0.0004568630265916916,1.1064243368610427e-14,0.0,0.0,0.3994802193389898,1.0486701410050016e-11
2024-09-05,-0.00030908226395179707,-2.976679790434144e-14,0.0,0.0,2.8686482863584735e-16,-0.00030908226395179707,-3.0053662732977285e-14,0.0,0.0,0.39975444933795906,1.047056624520843e-11
2024-09-06,-0.0014679393261399028,1.1853508614107583e-13,0.0,0.0,2.8776930173283944e-16,-0.0014679393261399028,1.1824731683934298e-13,0.0,0.0,0.399568866723951,1.0503579513248638e-11
2024-09-09,0.001657566263717099,-5.983668771962614e-14,0.0,0.0,8.548201194487169e-16,0.001657566263717099,-6.069150783907486e-14,0.0,0.0,0.3986861745121185,1.0400311453292723e-11
2024-09-10,0.000795968598913426,-1.02049001182067e-14,5.0753596268342915e-05,8.17840135518138e-16,2.4642929415611114e-16,0.0007452150026450831,-1.126916954788095e-14,0.2499999999954388,4.0284836722660816e-12,0.6496812426254884,8.994669236698057e-12
2024-09-11,0.00031889825112031705,-7.233641907143744e-14,0.0,0.0,2.4652516620833436e-16,0.00031889825112031705,-7.258294423764578e-14,0.0,0.0,0.6499928268182524,8.998168566604202e-12
2024-09-12,0.0014567920169659,-1.098190963068607e-13,0.0,0.0,2.4842776272987533e-16,0.0014567920169659,-1.1006752406959058e-13,0.0,0.0,0.6501044079106916,9.06761333964045e-12
2024-09-13,0.002728676287161699,-5.2643442730427355e-14,0.0,0.0,2.5107074723421005e-16,0.002728676287161699,-5.289451347766157e-14,0.0,0.0,0.650613391532813,9.164082274048669e-12
2024-09-16,0.002750475629880319,-4.924418894398799e-14,0.0,0.0,7.554776460709662e-16,0.002750475629880319,-4.9999666590058956e-14,0.0,0.0,0.6515641601466525,9.19164469386342e-12
2024-09-17,-0.0007249655623707825,-4.842689443018572e-15,0.0,0.0,2.524805961583958e-16,-0.0007249655623707825,-5.095170039176968e-15,0.0,0.0,0.6525198957054158,9.215541759781446e-12
2024-09-18,-0.0019946998679079763,4.687990836025282e-14,0.0,0.0,2.5279654136827196e-16,-0.0019946998679079763,4.662711181888455e-14,0.0,0.0,0.6522678018368231,9.227073759941925e-12
2024-09-19,0.0017538993898414481,-1.4725204703614214e-13,0.0,0.0,2.520148543139052e-16,0.0017538993898414481,-1.4750406189045604e-13,0.0,0.0,0.651572794135279,9.198542182457536e-12
2024-09-20,0.001080624446172771,-9.911505540925448e-15,0.0,0.0,2.5560085878220623e-16,0.001080624446172771,-1.0167106399707654e-14,0.0,0.0,0.6521828304568134,9.329431345550526e-12
2024-09-23,0.001336221290281063,-6.923543278811197e-14,0.0,0.0,7.667886101205186e-16,0.001336221290281063,-7.000222139823249e-14,0.0,0.0,0.6525582844682439,9.329261423132977e-12
2024-09-24,0.0010936234140078204,-2.311773712725509e-13,5.060013135823622e-05,2.2540941625780534e-15,5.335528938193801e-16,0.0010430232826495842,-2.339650183289483e-13,0.24999999998892625,1.1136799954726341e-11,0.9030219239221549,1.9474680624407365e-11
2024-09-25,-0.0023045415868405998,1.2212784821113398e-13,0.0,0.0,5.393239929481767e-16,-0.0023045415868405998,1.215885242181858e-13,0.0,0.0,0.9031735163305687,1.9685325742608447e-11
2024-09-26,-0.00013548302361277134,-1.576173463629292e-13,0.0,0.0,5.372160612582589e-16,-0.00013548302361277134,-1.5815456242418746e-13,0.0,0.0,0.9029498602473901,1.960838623592645e-11
2024-09-27,0.0022316375594019387,-6.571628489615165e-14,0.0,0.0,5.416077233723172e-16,0.0022316375594019387,-6.625789261952397e-14,0.0,0.0,0.9029367098194977,1.976868190308958e-11
2024-09-30,-0.0002940285788481788,9.322108808442175e-14,0.0,0.0,1.6265945391342248e-15,-0.0002940285788481788,9.159449354528753e-14,0.0,0.0,0.9031528375847249,1.97902335594664e-11
2024-10-01,0.0013112892909167254,-6.43135052889105e-14,0.0,0.0,5.398028947760962e-16,0.0013112892909167254,-6.48533081836866e-14,0.0,0.0,0.9031243533759404,1.970280565932751e-11
2024-10-02,-0.0007318704530764702,-8.395449946385215e-14,0.0,0.0,5.408556903449823e-16,-0.0007318704530764702,-8.449535515419713e-14,0.0,0.0,0.9032512190164119,1.9741232697591853e-11
2024-10-03,-0.002636944670118864,6.60224840738246e-14,0.0,0.0,5.435536244554121e-16,-0.002636944670118864,6.547893044936918e-14,0.0,0.0,0.9031803595823893,1.983970729262254e-11
2024-10-04,-0.002437461294885479,-3.4514541765463145e-14,0.0,0.0,5.431771172796127e-16,-0.002437461294885479,-3.505771888274276e-14,0.0,0.0,0.9029243765344339,1.9825964780705858e-11
2024-10-07,-0.003698007344376902,6.445633976425431e-14,0.0,0.0,1.6363567196596472e-15,-0.003698007344376902,6.281998304459466e-14,0.0,0.0,0.9026871803029579,1.9909006755859045e-11
2024-10-08,0.0014100103699293042,5.962344973741033e-15,5.085956678271053e-05,3.917116325748139e-15,1.8181869643345917e-17,0.0013591508031465937,2.027046778349548e-15,0.24999999997999456,1.9254569853936948e-11,0.9999999999980351,6.63638241982126e-13
2024-10-09,-0.0013032543962968356,2.5695845578987867e-15,0.0,0.0,1.799406108368333e-17,-0.0013032543962968356,2.5515904968151035e-15,0.0,0.0,1.0000507905328222,6.567832295544417e-13
2024-10-10,-0.0010012570098614328,-3.38302024255565e-15,0.0,0.0,1.794705107997509e-17,-0.0010012570098614328,-3.400967293635625e-15,0.0,0.0,1.000050856812184,6.550673644190908e-13
2024-10-11,0.0026523555815566834,-4.667723123210296e-16,0.0,0.0,1.8057817082008724e-17,0.0026523555815566834,-4.848301294030383e-16,0.0,0.0,1.0000509077839626,6.591103234933185e-13
2024-10-14,0.0012762927347096382,2.897126344086697e-15,0.0,0.0,5.406840745132483e-17,0.0012762927347096382,2.8430579366353722e-15,0.0,0.0,1.0000507731156068,6.578322906577855e-13
2024-10-15,0.0019893802790010634,4.511054938822309e-15,0.0,0.0,1.792055728221812e-17,0.0019893802790010634,4.493134381540091e-15,0.0,0.0,1.000050708396845,6.541003408009615e-13
2024-10-16,0.0029923288449375768,-1.1755805084166013e-15,0.0,0.0,1.7761632095335605e-17,0.0029923288449375768,-1.193342140511937e-15,0.0,0.0,1.0000506077188427,6.482995714797495e-13
2024-10-17,-0.003793073222490942,2.8477126453497705e-15,0.0,0.0,1.77407536117344e-17,-0.003793073222490942,2.8299718917380363e-15,0.0,0.0,1.0000504567356985,6.475375068283055e-13
2024-10-18,0.002042413012897406,-2.40360703171118e-15,0.0,0.0,1.7729985219374992e-17,0.002042413012897406,-2.421337016930555e-15,0.0,0.0,1.0000506488504943,6.471444605071873e-13
2024-10-21,-0.0063891210893848175,3.2583137357131934e-15,0.0,0.0,5.3278695299866886e-17,-0.0063891210893848175,3.2050350404133266e-15,0.0,0.0,1.0000505456154738,6.482241261483804e-13
2024-10-22,-0.0004880547563140939,-2.941656531657067e-14,4.7693626249105307e-05,2.1311829177310466e-15,3.0608530888571525e-16,-0.0005357483825631992,-3.185383354318743e-14,0.2354936585798082,1.0523000699882605e-11,0.9999999999771451,1.1172113774328606e-11
2024-10-23,-0.001060031548660068,7.632086398737345e-14,0.0,0.0,3.070557468017753e-16,-0.001060031548660068,7.601380824057167e-14,0.0,0.0,1.0000477191688935,1.1207534758264797e-11
2024-10-24,0.0015330198535195932,-4.930635709817406e-14,0.0,0.0,3.0528837954050777e-16,0.0015330198535195932,-4.961164547771457e-14,0.0,0.0,1.0000477698063193,1.1143025853228534e-11
2024-10-25,-0.0032822575292835166,1.841154899724122e-14,0.0,0.0,3.0616987414349154e-16,-0.0032822575292835166,1.8105379123097728e-14,0.0,0.0,1.0000476966864016,1.117520040623744e-11
2024-10-28,0.0006834666825838905,3.217864106485316e-14,0.0,0.0,9.20016074117017e-16,0.0006834666825838905,3.125862499073614e-14,0.0,0.0,1.0000478537547304,1.1193528901757034e-11
2024-10-29,-0.0017300557956632543,-2.1936827044336835e-14,0.0,0.0,3.055815632838298e-16,-0.0017300557956632543,-2.2242408607620665e-14,0.0,0.0,1.0000478210705905,1.1153727059859786e-11
2024-10-30,-0.0002850571444981773,-2.6105097032270674e-15,0.0,0.0,3.0671320319875586e-16,-0.0002850571444981773,-2.9172229064258235e-15,0.0,0.0,1.000047903947114,1.1195031916754589e-11
2024-10-31,-0.001136349002528246,7.009969916545287e-14,0.0,0.0,3.068722001256375e-16,-0.001136349002528246,6.979282696532723e-14,0.0,0.0,1.0000479176063732,1.1200835304585771e-11
2024-11-01,-0.0047091530751225755,4.60075652951898e-14,0.0,0.0,3.052985861663165e-16,-0.0047091530751225755,4.5702266709023486e-14,0.0,0.0,1.0000479721193734,1.1143398395070553e-11
2024-11-04,0.002828351935933765,-7.41247617202175e-14,0.0,0.0,9.164299235687231e-16,0.002828351935933765,-7.504119164378622e-14,0.0,0.0,1.00004819909625,1.1149897403419467e-11
2024-11-05,0.004486947933939832,0.0,4.4962752896045666e-05,2.276405493105033e-15,0.0,0.004441985181043787,-2.276405493105033e-15,0.22106764280284075,1.119236621449009e-11,1.0000000000041804,0.0
2024-11-06,-0.004420732448250553,0.0,0.0,0.0,0.0,-0.004420732448250553,0.0,0.0,0.0,1.0000447639164254,0.0
2024-11-07,0.006887029925277314,0.0,0.0,0.0,0.0,0.006887029925277314,0.0,0.0,0.0,1.0000449626844237,0.0
2024-11-08,0.0020867272484167546,0.0,0.0,0.0,0.0,0.0020867272484167546,0.0,0.0,0.0,1.0000446551431168,0.0
2024-11-11,-0.001417308746876284,0.0,0.0,0.0,0.0,-0.001417308746876284,0.0,0.0,0.0,1.0000445621540555,0.0
2024-11-12,-0.004612525245387786,0.0,0.0,0.0,0.0,-0.004612525245387786,0.0,0.0,0.0,1.0000446254020279,0.0
2024-11-13,-0.0009381315306382296,0.0,0.0,0.0,0.0,-0.0009381315306382296,0.0,0.0,0.0,1.0000448321916435,0.0
2024-11-14,-0.001738052690846546,0.0,0.0,0.0,0.0,-0.001738052690846546,0.0,0.0,0.0,1.00004487428963,0.0
2024-11-15,-0.0015548018459170278,0.0,0.0,0.0,0.0,-0.0015548018459170278,0.0,0.0,0.0,1.0000449524193031,0.0
2024-11-18,0.0038904682472349766,0.0,0.0,0.0,0.0,0.0038904682472349766,0.0,0.0,0.0,1.0000450224202453,0.0
2024-11-19,0.0017816496265310997,0.0,6.065890382933698e-05,0.0,0.0,0.0017209907227017627,0.0,0.30004484794075603,0.0,0.7000000000000002,0.0
2024-11-20,-0.0005769934093764322,0.0,0.0,0.0,0.0,-0.0005769934093764322,0.0,0.0,0.0,0.7005759648904071,0.0
2024-11-21,0.0007870054042346858,0.0,0.0,0.0,0.0,0.0007870054042346858,0.0,0.0,0.0,0.700403099453322,0.0
2024-11-22,-0.00029964447773737793,0.0,0.0,0.0,0.0,-0.00029964447773737793,0.0,0.0,0.0,0.7006386984154876,0.0
2024-11-25,0.004737208867139065,0.0,0.0,0.0,0.0,0.004737208867139065,0.0,0.0,0.0,0.7005489695678657,0.0
2024-11-26,0.0006059039665854976,0.0,0.0,0.0,0.0,0.0006059039665854976,0.0,0.0,0.0,0.7019608433037218,0.0
2024-11-27,0.00233769887958787,0.0,0.0,0.0,0.0,0.00233769887958787,0.0,0.0,0.0,0.7021413170611963,0.0
2024-11-29,0.001978256127533793,0.0,0.0,0.0,0.0,0.001978256127533793,0.0,0.0,0.0,0.7028359970180212,0.0
2024-12-02,-0.0016193355519962258,0.0,0.0,0.0,0.0,-0.0016193355519962258,0.0,0.0,0.0,0.7034227028733495,0.0
2024-12-03,-0.0007069361266255559,0.0,0.0,0.0,0.0,-0.0007069361266255559,0.0,0.0,0.0,0.7029416657516843,0.0
2024-12-04,0.0015151665059089255,4.19691646809298e-15,2.748421799834633e-05,1.0405920074921878e-15,1.4192908265567954e-16,0.0014876822879105792,3.014395377945113e-15,0.13682553625954155,5.180411516932305e-12,0.8395570521690375,5.180411516932305e-12
2024-12-05,0.0005092110211304855,-1.203734748452392e-14,0.0,0.0,1.4160343771665638e-16,0.0005092110211304855,-1.2178950922240576e-14,0.0,0.0,0.8398228291270686,5.168525476657957e-12
2024-12-06,0.0007945840029650513,8.368558586792462e-15,0.0,0.0,1.4186099087867594e-16,0.0007945840029650513,8.226697595913787e-15,0.0,0.0,0.8399043515956814,5.177926167071673e-12
2024-12-09,-0.003775322451940739,-2.4575822501613046e-14,0.0,0.0,4.245577990673903e-16,-0.003775322451940739,-2.5000380300680435e-14,0.0,0.0,0.8400314600385057,5.165453221986582e-12
2024-12-10,0.0005388656985194419,1.2033696100607425e-14,0.0,0.0,1.4273143374774954e-16,0.0005388656985194419,1.1890964666859676e-14,0.0,0.0,0.8394252385363579,5.2096973317928585e-12
2024-12-11,8.726907144726773e-05,-3.56525364642071e-14,0.0,0.0,1.4232504935648336e-16,8.726907144726773e-05,-3.579486151356358e-14,0.0,0.0,0.8395117201653655,5.194864301511642e-12
2024-12-12,-0.0015894382726497605,2.8455888419835536e-14,0.0,0.0,1.4328932645095798e-16,-0.0015894382726497605,2.8312599093384578e-14,0.0,0.0,0.8395257246064002,5.2300604154599655e-12
2024-12-13,-0.0027527207030478614,2.856757432934748e-14,0.0,0.0,1.4273658405919958e-16,-0.0027527207030478614,2.842483774528828e-14,0.0,0.0,0.8392702545974804,5.209885318160784e-12
2024-12-16,0.00012963615860185775,1.728278486777741e-14,0.0,0.0,4.270372466394921e-16,0.00012963615860185775,1.6855747621137918e-14,0.0,0.0,0.8388265892128017,5.195619834113821e-12
2024-12-17,-0.001367243585289957,5.220374265124435e-15,0.0,0.0,1.4185385853524336e-16,-0.001367243585289957,5.078520406589191e-15,0.0,0.0,0.8388474804063766,5.177665836536383e-12
2024-12-18,-0.012962962906201674,7.976465197715124e-15,4.570680805230838e-05,1.0205402427588586e-15,2.4620955058442838e-17,-0.013008669714253983,6.931303999897823e-15,0.22018812812001864,4.9163539371871246e-12,1.0000000000097864,8.986648596331637e-13
2024-12-19,-0.0020059078943344025,1.1521740103816667e-14,0.0,0.0,2.4724048749536414e-17,-0.0020059078943344025,1.149701605506713e-14,0.0,0.0,1.0000463092394325,9.024277793580792e-13
2024-12-20,0.003546272709885037,-2.6449721749764798e-15,0.0,0.0,2.4457444017132004e-17,0.003546272709885037,-2.6694296189936116e-15,0.0,0.0,1.0000464023181972,8.926967066253182e-13
2024-12-23,-7.490332247886509e-06,2.1844964962774314e-16,0.0,0.0,7.332967998173811e-17,-7.490332247886509e-06,1.4511996964600501e-16,0.0,0.0,1.000046238344421,8.921777731111471e-13
2024-12-24,0.004811610566739462,-6.255222439592771e-16,0.0,0.0,2.443742478310267e-17,0.004811610566739462,-6.499596687423797e-16,0.0,0.0,1.000046238690764,8.919660045832474e-13
2024-12-26,-0.0001792226530425087,-3.712805633476981e-15,0.0,0.0,4.867491999825638e-17,-0.0001792226530425087,-3.761480553475237e-15,0.0,0.0,1.0000460172735652,8.88317289968179e-13
2024-12-27,-0.004086164610183419,1.4257287320527362e-15,0.0,0.0,2.444356154136458e-17,-0.004086164610183419,1.4012851705113716e-15,0.0,0.0,1.000046025522385,8.92189996259807e-13
2024-12-30,-0.0019996443870283365,-3.4387530827285637e-15,0.0,0.0,7.351389130163084e-17,-0.0019996443870283365,-3.5122669740301944e-15,0.0,0.0,1.0000462143618731,8.944190108365085e-13
2024-12-31,0.0005231303587954016,5.206044704619288e-15,0.0,0.0,2.4648130342592774e-17,0.0005231303587954016,5.181396574276696e-15,0.0,0.0,1.0000463069593282,8.996567575046363e-13
