session,eligible_assets,gross,net,long_gross,long_gross_cap,long_gross_budget_ratio,short_gross,short_gross_cap,short_gross_budget_ratio,maximum_name_cap_excess,turnover,turnover_limit,forecast_volatility,optimizer_converged,optimizer_status,risk_scaler,long_gross_scaler,short_gross_scaler,net_budget_ratio,maximum_factor_budget_ratio,maximum_sleeve_budget_ratio,exposure_equity,exposure_duration,exposure_credit,exposure_commodity,exposure_usd
2008-01-15,31,0.0,0.0,0.0,0.7,0.0,0.0,0.175,0.0,0.0,0.0,0.25,0.0,True,0,0.7,1.0,0.25,0.0,0.0,0.0,0.0,0.0,0.0,0.0,0.0
2008-01-30,31,0.0,0.0,0.0,0.35,0.0,0.0,0.7,0.0,0.0,0.0,0.25,0.0,True,0,0.7,0.5,1.0,0.0,0.0,0.0,0.0,0.0,0.0,0.0,0.0
2008-02-13,31,0.0,0.0,0.0,0.35,0.0,0.0,0.7,0.0,0.0,0.0,0.25,0.0,True,0,0.7,0.5,1.0,0.0,0.0,0.0,0.0,0.0,0.0,0.0,0.0
2008-02-28,32,0.0,0.0,0.0,0.7,0.0,0.0,0.175,0.0,0.0,0.0,0.25,0.0,True,0,0.7,1.0,0.25,0.0,0.0,0.0,0.0,0.0,0.0,0.0,0.0
2008-03-13,33,0.0,0.0,0.0,0.2,0.0,0.0,0.4,0.0,0.0,0.0,0.25,0.0,True,0,0.4,0.5,1.0,0.0,0.0,0.0,0.0,0.0,0.0,0.0,0.0
2008-03-28,33,0.0,0.0,0.0,0.2,0.0,0.0,0.4,0.0,0.0,0.0,0.25,0.0,True,0,0.4,0.5,1.0,0.0,0.0,0.0,0.0,0.0,0.0,0.0,0.0
2008-04-11,34,0.0,0.0,0.0,0.35,0.0,0.0,0.7,0.0,0.0,0.0,0.25,0.0,True,0,0.7,0.5,1.0,0.0,0.0,0.0,0.0,0.0,0.0,0.0,0.0
2008-04-25,35,0.0,0.0,0.0,1.0,0.0,0.0,0.25,0.0,0.0,0.0,0.25,0.0,True,0,1.0,1.0,0.25,0.0,0.0,0.0,0.0,0.0,0.0,0.0,0.0
2008-05-09,35,0.0,0.0,0.0,0.7,0.0,0.0,0.175,0.0,0.0,0.0,0.25,0.0,True,0,0.7,1.0,0.25,0.0,0.0,0.0,0.0,0.0,0.0,0.0,0.0
2008-05-23,35,0.0,0.0,0.0,0.7,0.0,0.0,0.175,0.0,0.0,0.0,0.25,0.0,True,0,0.7,1.0,0.25,0.0,0.0,0.0,0.0,0.0,0.0,0.0,0.0
2008-06-09,36,0.0,0.0,0.0,0.7,0.0,0.0,0.175,0.0,0.0,0.0,0.25,0.0,True,0,0.7,1.0,0.25,0.0,0.0,0.0,0.0,0.0,0.0,0.0,0.0
2008-06-23,36,0.0,0.0,0.0,0.7,0.0,0.0,0.175,0.0,0.0,0.0,0.25,0.0,True,0,0.7,1.0,0.25,0.0,0.0,0.0,0.0,0.0,0.0,0.0,0.0
2008-07-08,36,0.0,0.0,0.0,0.4,0.0,0.0,0.1,0.0,0.0,0.0,0.25,0.0,True,0,0.4,1.0,0.25,0.0,0.0,0.0,0.0,0.0,0.0,0.0,0.0
2008-07-22,36,0.0,0.0,0.0,0.4,0.0,0.0,0.1,0.0,0.0,0.0,0.25,0.0,True,0,0.4,1.0,0.25,0.0,0.0,0.0,0.0,0.0,0.0,0.0,0.0
2008-08-05,36,0.0,0.0,0.0,0.2,0.0,0.0,0.4,0.0,0.0,0.0,0.25,0.0,True,0,0.4,0.5,1.0,0.0,0.0,0.0,0.0,0.0,0.0,0.0,0.0
2008-08-19,36,0.0,0.0,0.0,0.2,0.0,0.0,0.4,0.0,0.0,0.0,0.25,0.0,True,0,0.4,0.5,1.0,0.0,0.0,0.0,0.0,0.0,0.0,0.0,0.0
2008-09-03,36,0.0,0.0,0.0,0.4,0.0,0.0,0.1,0.0,0.0,0.0,0.25,0.0,True,0,0.4,1.0,0.25,0.0,0.0,0.0,0.0,0.0,0.0,0.0,0.0
2008-09-17,37,0.0,0.0,0.0,0.2,0.0,0.0,0.4,0.0,0.0,0.0,0.25,0.0,True,0,0.4,0.5,1.0,0.0,0.0,0.0,0.0,0.0,0.0,0.0,0.0
2008-10-01,37,0.0,0.0,0.0,0.2,0.0,0.0,0.4,0.0,0.0,0.0,0.25,0.0,True,0,0.4,0.5,1.0,0.0,0.0,0.0,0.0,0.0,0.0,0.0,0.0
2008-10-15,37,0.0,0.0,0.0,0.2,0.0,0.0,0.4,0.0,0.0,0.0,0.25,0.0,True,0,0.4,0.5,1.0,0.0,0.0,0.0,0.0,0.0,0.0,0.0,0.0
2008-10-29,37,0.0,0.0,0.0,0.2,0.0,0.0,0.4,0.0,0.0,0.0,0.25,0.0,True,0,0.4,0.5,1.0,0.0,0.0,0.0,0.0,0.0,0.0,0.0,0.0
2008-11-12,37,0.0,0.0,0.0,0.2,0.0,0.0,0.4,0.0,0.0,0.0,0.25,0.0,True,0,0.4,0.5,1.0,0.0,0.0,0.0,0.0,0.0,0.0,0.0,0.0
2008-11-26,37,0.0,0.0,0.0,0.2,0.0,0.0,0.4,0.0,0.0,0.0,0.25,0.0,True,0,0.4,0.5,1.0,0.0,0.0,0.0,0.0,0.0,0.0,0.0,0.0
2008-12-11,37,0.0,0.0,0.0,0.2,0.0,0.0,0.4,0.0,0.0,0.0,0.25,0.0,True,0,0.4,0.5,1.0,0.0,0.0,0.0,0.0,0.0,0.0,0.0,0.0
2008-12-26,38,0.0,0.0,0.0,0.2,0.0,0.0,0.4,0.0,0.0,0.0,0.25,0.0,True,0,0.4,0.5,1.0,0.0,0.0,0.0,0.0,0.0,0.0,0.0,0.0
2009-01-12,38,0.0,0.0,0.0,0.4,0.0,0.0,0.1,0.0,0.0,0.0,0.25,0.0,True,0,0.4,1.0,0.25,0.0,0.0,0.0,0.0,0.0,0.0,0.0,0.0
2009-01-27,38,0.0,0.0,0.0,0.2,0.0,0.0,0.4,0.0,0.0,0.0,0.25,0.0,True,0,0.4,0.5,1.0,0.0,0.0,0.0,0.0,0.0,0.0,0.0,0.0
2009-02-10,38,0.0,0.0,0.0,0.2,0.0,0.0,0.4,0.0,0.0,0.0,0.25,0.0,True,0,0.4,0.5,1.0,0.0,0.0,0.0,0.0,0.0,0.0,0.0,0.0
2009-02-25,38,0.0,0.0,0.0,0.4,0.0,0.0,0.1,0.0,0.0,0.0,0.25,0.0,True,0,0.4,1.0,0.25,0.0,0.0,0.0,0.0,0.0,0.0,0.0,0.0
2009-03-11,38,0.0,0.0,0.0,0.2,0.0,0.0,0.4,0.0,0.0,0.0,0.25,0.0,True,0,0.4,0.5,1.0,0.0,0.0,0.0,0.0,0.0,0.0,0.0,0.0
2009-03-25,38,0.0,0.0,0.0,0.2,0.0,0.0,0.4,0.0,0.0,0.0,0.25,0.0,True,0,0.4,0.5,1.0,0.0,0.0,0.0,0.0,0.0,0.0,0.0,0.0
2009-04-08,38,0.0,0.0,0.0,0.4,0.0,0.0,0.1,0.0,0.0,0.0,0.25,0.0,True,0,0.4,1.0,0.25,0.0,0.0,0.0,0.0,0.0,0.0,0.0,0.0
2009-04-23,38,0.0,0.0,0.0,0.4,0.0,0.0,0.1,0.0,0.0,0.0,0.25,0.0,True,0,0.4,1.0,0.25,0.0,0.0,0.0,0.0,0.0,0.0,0.0,0.0
2009-05-07,38,0.0,0.0,0.0,0.4,0.0,0.0,0.1,0.0,0.0,0.0,0.25,0.0,True,0,0.4,1.0,0.25,0.0,0.0,0.0,0.0,0.0,0.0,0.0,0.0
2009-05-21,38,0.0,0.0,0.0,0.4,0.0,0.0,0.1,0.0,0.0,0.0,0.25,0.0,True,0,0.4,1.0,0.25,0.0,0.0,0.0,0.0,0.0,0.0,0.0,0.0
2009-06-05,38,0.08000000000157809,0.0800000000015712,0.08000000000157464,0.4,0.2000000000039366,3.4416913763379853e-15,0.1,3.441691376337985e-14,0.0,0.08000000000157809,0.25,0.012745862977864803,True,0,0.4,1.0,0.25,0.200000000003928,0.4666666666669101,0.5000000000003816,0.018181818182739277,0.029333333333382648,0.05600000000002921,1.2709833185908792e-13,-2.275513111271721e-13
2009-06-19,38,0.08000000000137641,0.07999999999829766,0.07999999999983703,0.4,0.1999999999995926,1.5393893670891993e-12,0.1,1.5393893670891993e-11,0.0,0.0006589289367581325,0.25,0.01247339034210711,True,0,0.4,1.0,0.25,0.19999999999574414,0.46666666666416673,0.4999999999986497,0.01818181818097842,0.029333333333206785,0.055999999999700005,-1.0802263205300884e-13,3.002634070966582e-13
2009-07-06,38,0.20000000000091184,0.1999999999992957,0.20000000000010376,0.4,0.5000000000002593,8.080796950498001e-13,0.1,8.080796950498e-12,0.0,0.12116018018483374,0.25,0.029102100252193557,True,0,0.4,1.0,0.25,0.49999999999823924,0.4727272727258397,0.5000000000002895,0.09454545454516794,0.02933333333329656,0.0559999999999445,0.007999999999939403,-0.011999999999882209
2009-07-20,38,0.23985058268833365,0.23985058268531312,0.23985058268682338,0.4,0.5996264567170584,1.5103044152779898e-12,0.1,1.5103044152779898e-11,0.0,0.04736590122738119,0.25,0.0361444009736086,True,0,0.4,1.0,0.25,0.5996264567132827,0.6181139012170275,0.5000000000024474,0.12362278024340549,0.02925364409969198,0.055940233074730165,0.007999999999846276,-0.023999999999703855
2009-08-03,38,0.23984035849026863,0.23984035848713844,0.23984035848870355,0.4,0.5996008962217588,1.5650606039094799e-12,0.1,1.5650606039094798e-11,0.0,0.007812465776784953,0.25,0.03399074886551572,True,0,0.4,1.0,0.25,0.5996008962178461,0.6181818181782738,0.5000000000035736,0.12363636363565476,0.02933333333328172,0.055999999999937274,0.00796807169757009,-0.023952107546320843
2009-08-17,38,0.323588125644032,0.32358812564354317,0.3235881256437876,0.4,0.808970314109469,2.444008026308305e-13,0.1,2.4440080263083048e-12,0.0,0.08964551722436162,0.25,0.04707018912067657,True,0,0.4,1.0,0.25,0.8089703141088579,1.000000000009287,0.8518518518609325,0.20000000000185741,0.02933333333350413,0.05600000000003959,0.007828736239459273,-0.025076437693113504
2009-08-31,38,0.3643750190551379,0.3639628006762067,0.3641689098656723,0.4,0.9104222746641807,0.00020610918946557303,0.1,0.0020610918946557303,0.0,0.046644518956770416,0.25,0.04568126301378959,True,0,0.4,1.0,0.25,0.9099070016905166,1.0000000000485787,0.8536648493933005,0.20000000000971577,0.029333333334209604,0.05600000000029915,0.007899091040259052,-0.06525067295776185
2009-09-15,38,0.39999999997452906,0.3999999999509487,0.39999999996273883,0.4,0.9999999999068471,1.1790181457496791e-11,0.1,1.179018145749679e-10,0.0,0.04219317619204881,0.25,0.041749647671457835,True,0,0.4,1.0,0.25,0.9999999998773718,0.9993976390960525,0.8509717943542715,0.1998795278192105,0.04364004106444435,0.06315335386308932,0.007999999998592725,-0.06526996919024053
2009-09-29,38,0.40000000001335423,0.40000000001288283,0.40000000001311853,0.4,1.0000000000327962,2.3571959470704484e-13,0.1,2.3571959470704484e-12,0.0,0.009514799250029356,0.25,0.03604652395987904,True,0,0.4,1.0,0.25,1.000000000032207,1.0000000000433054,0.8506190191305935,0.20000000000866108,0.04533333333377376,0.06400000000015332,0.007660744663568763,-0.061982143454573355
2009-10-13,38,0.40000000003393604,0.40000000003291253,0.4000000000334243,0.4,1.0000000000835607,5.117818104024639e-13,0.1,5.117818104024639e-12,0.0,0.07725073322005507,0.25,0.03327840063175861,True,0,0.4,1.0,0.25,1.0000000000822813,0.9983669059667203,0.8496218283029902,0.19967338119334407,0.06220821298253342,0.06342118451312563,0.008000000001881353,-0.024964830444940755
2009-10-27,38,0.40000000004692937,0.4000000000456361,0.4000000000462827,0.4,1.0000000001157068,6.466478128693053e-13,0.1,6.466478128693053e-12,0.0,0.08067981662576217,0.25,0.033393834658760106,True,0,0.4,1.0,0.25,1.00000000011409,1.0000000001342249,0.8499606528620315,0.20000000002684498,0.047810280700523546,0.0558577105251314,0.007836986589106771,-0.06157468864513243
2009-11-10,38,0.400000000008283,0.40000000000728225,0.40000000000778263,0.4,1.0000000000194564,5.003907497169803e-13,0.1,5.003907497169803e-12,0.0,0.08450285464124115,0.25,0.03089511315077533,True,0,0.4,1.0,0.25,1.0000000000182057,1.0000000000175728,0.8361513715731106,0.2000000000035146,0.04769094031690295,0.05563649974094251,0.008000000005829806,-0.05884331794986133
2009-11-24,38,0.3999999999891597,0.3999999999866898,0.3999999999879247,0.4,0.9999999999698117,1.2349919854372225e-12,0.1,1.2349919854372225e-11,0.0,0.004542534801076567,0.25,0.030041185913200045,True,0,0.4,1.0,0.25,0.9999999999667244,0.9995755291722732,0.8346045060690611,0.19991510583445465,0.04783728987973161,0.05587796740901935,0.008000000004289467,-0.05855193533849661
2009-12-09,38,0.40000000000929065,0.40000000000827723,0.40000000000878394,0.4,1.0000000000219598,5.066781475367358e-13,0.1,5.066781475367357e-12,0.0,0.004751823916326475,0.25,0.029582190738894655,True,0,0.4,1.0,0.25,1.000000000020693,1.000000000018138,0.8366078991721971,0.20000000000362758,0.0477610432881844,0.05582078246579751,0.008174162131576507,-0.05846017579980994
2009-12-23,38,0.3999999999938938,0.3999999999918892,0.3999999999928915,0.4,0.9999999999822287,1.0023114912594059e-12,0.1,1.0023114912594059e-11,0.0,0.00768388651068605,0.25,0.028396053185961317,True,0,0.4,1.0,0.25,0.9999999999797229,0.9999999999841642,0.8367639428662581,0.19999999999683285,0.047614991879126496,0.05571124390924088,0.0094604358531196,-0.0576896315462596
2010-01-08,38,0.4000000000027123,0.40000000000142266,0.4000000000020675,0.4,1.0000000000051685,6.447971111797303e-13,0.1,6.447971111797303e-12,0.0,0.0030510587791045774,0.25,0.027152503757475112,True,0,0.4,1.0,0.25,1.0000000000035565,0.9964566914668704,0.8340537591555411,0.1992913382933741,0.047386940369306726,0.055437448522879566,0.009755959992671003,-0.05806443469643725
2010-01-25,38,0.4000000000036565,0.40000000000240915,0.4000000000030328,0.4,1.000000000007582,6.236619139946445e-13,0.1,6.2366191399464445e-12,0.0,0.07462254546248831,0.25,0.02434510604025934,True,0,0.4,1.0,0.25,1.0000000000060227,0.8916098655541806,0.7450125150539889,0.17832197311083614,0.06017501880314902,0.05879133444256732,0.007430122505717947,-0.052154591019396616
2010-02-08,38,0.4000000000071325,0.40000000000624697,0.4000000000066897,0.4,1.0000000000167242,4.4275873697368675e-13,0.1,4.427587369736867e-12,0.0,0.0067883393788505594,0.25,0.025432192806080757,True,0,0.4,1.0,0.25,1.0000000000156173,0.8694136261049596,0.7248881543111404,0.17388272522099193,0.06038425119926532,0.058499202070417596,0.01062262913630954,-0.052665112520477834
2010-02-23,38,0.4000000000011153,0.3999999999990424,0.4000000000000789,0.4,1.0000000000001972,1.0364555521661706e-12,0.1,1.0364555521661705e-11,0.0,0.0038173187991978525,0.25,0.025198456148354812,True,0,0.4,1.0,0.25,0.9999999999976059,0.8803663943532467,0.734583231918878,0.17607327887064936,0.05939929608461654,0.05826550986951869,0.01073055800887905,-0.051880666766424825
2010-03-09,38,0.4000000000011005,0.39999999999010905,0.3999999999956048,0.4,0.999999999989012,5.4957291268032694e-12,0.1,5.4957291268032694e-11,0.0,0.09262464982329051,0.25,0.021974246589363533,True,0,0.4,1.0,0.25,0.9999999999752726,0.7846923113480919,0.6522901187720935,0.15693846226961838,0.059140668822831595,0.05244995330412092,0.007845334549775767,-0.04432790024523337
2010-03-23,38,0.37385757047506313,0.3738575704575476,0.3738575704663053,0.4,0.9346439261657632,8.757734589299249e-12,0.1,8.757734589299248e-11,0.0,0.0285169348820815,0.25,0.02087640472874893,True,0,0.4,1.0,0.25,0.9346439261438689,0.8004336249029705,0.6666493919191798,0.16008672498059412,0.0591757184999615,0.05247112700696569,0.007719811038217909,-0.015427042711462332
2010-04-07,38,0.37482178202467353,0.37482178200693045,0.374821782015802,0.4,0.937054455039505,8.871547200443754e-12,0.1,8.871547200443753e-11,0.0,0.0,0.25,0.020113864107699633,True,0,0.4,1.0,0.25,0.9370544550173261,0.8024031699183398,0.6685598127587978,0.16048063398366796,0.058878686012897787,0.05236608615575825,0.00795852459473251,-0.015844935201900615
2010-04-21,38,0.3770969514155416,0.377096951397809,0.3770969514066753,0.4,0.9427423785166883,8.866356712596532e-12,0.1,8.866356712596532e-11,0.0,0.0001923233350112491,0.25,0.020209840209532554,True,0,0.4,1.0,0.25,0.9427423784945225,0.8114779721685397,0.6757539808500413,0.16229559443370795,0.05916913340278905,0.05277326115108946,0.007939804090659553,-0.015720365147746943
2010-05-05,38,0.4000000000037028,0.40000000000184593,0.40000000000277436,0.4,1.0000000000069358,9.284057547254987e-13,0.1,9.284057547254987e-12,0.0,0.02634273933012002,0.25,0.02265512617767472,True,0,0.4,1.0,0.25,1.0000000000046148,0.9214430690621015,0.766723076124541,0.18428861381242032,0.05930359417662234,0.05231587099208555,0.008115446608610521,-0.015817275406859618
2010-05-19,38,0.3961834169090379,0.3961834169071479,0.39618341690809294,0.4,0.9904585422702323,9.450058381912736e-13,0.1,9.450058381912736e-12,0.0,0.0005005742940359173,0.25,0.02442152663237641,True,0,0.4,1.0,0.25,0.9904585422678698,0.8989143547330967,0.7471188444398034,0.17978287094661935,0.05950276022949068,0.05211192797428341,0.008194966693938889,-0.01586817966337798
2010-06-03,38,0.4000000000013807,0.3999999999911683,0.3999999999962745,0.4,0.9999999999906862,5.106227811476879e-12,0.1,5.106227811476879e-11,0.0,0.0752413171955408,0.25,0.02271998280901238,True,0,0.4,1.0,0.25,0.9999999999779208,0.8087242466498336,0.6695446736937384,0.16174484932996672,0.055136700487172445,0.0478362830070709,0.0064267840024344,0.026411995333413547
2010-06-17,38,0.400000000004629,0.39999999999187574,0.39999999999825236,0.4,0.9999999999956308,6.376622004974973e-12,0.1,6.376622004974972e-11,0.0,0.002445732286857772,0.25,0.023805480233622136,True,0,0.4,1.0,0.25,0.9999999999796894,0.8115974872828794,0.671821504032349,0.1623194974565759,0.055048288862104645,0.04809802230770256,0.006502468516313301,0.025244744461777643
2010-07-01,38,0.4000000000005161,0.40000000000046004,0.4000000000004881,0.4,1.0000000000012201,2.8121559567159185e-14,0.1,2.8121559567159183e-13,0.0,0.03407658942308913,0.25,0.021754057917890868,True,0,0.4,1.0,0.25,1.00000000000115,0.7190266201097496,0.5878540229658924,0.14380532402194993,0.06167041968219107,0.048781764179799667,0.006325752182260802,0.029497185661869794
2010-07-16,38,0.4000000000012082,0.4000000000011112,0.4000000000011597,0.4,1.0000000000028992,4.851066855040328e-14,0.1,4.851066855040327e-13,0.0,0.0034798963628432317,0.25,0.022906884975418637,True,0,0.4,1.0,0.25,1.000000000002778,0.7345153596689319,0.5904558673190604,0.14690307193378638,0.061137520928192794,0.048863426821892715,0.00620672768428178,0.02815188800058907
2010-07-30,38,0.400000000004416,0.4000000000037505,0.40000000000408326,0.4,1.000000000010208,3.3273489313615124e-13,0.1,3.3273489313615122e-12,0.0,0.11355484681617382,0.25,0.016968640426164618,True,0,0.4,1.0,0.25,1.0000000000093763,0.5022695193392718,0.6295976049026385,0.09754618554933003,0.10045390386785437,0.04944601362258229,0.0061120733307079384,0.02768040389412992
2010-08-13,38,0.40000000000542596,0.40000000000542596,0.40000000000542596,0.4,1.000000000013565,0.0,0.1,0.0,0.0,0.011267063468673776,0.25,0.015392652572261462,True,0,0.4,1.0,0.25,1.000000000013565,0.5345240620608036,0.6565696779390171,0.08950138880772798,0.10690481241216072,0.04925297076008306,0.00628003364337914,0.02797870959017234
2010-08-27,38,0.40000000000408675,0.40000000000408675,0.40000000000408675,0.4,1.0000000000102167,0.0,0.1,0.0,0.0,0.0014100688946646137,0.25,0.015363121488499868,True,0,0.4,1.0,0.25,1.0000000000102167,0.535750031039429,0.6565077361470594,0.08866370064332917,0.1071500062078858,0.04933057810745517,0.006385662341476759,0.027676186322192358
2010-09-13,38,0.3999999999941549,0.39999999999198155,0.39999999999306823,0.4,0.9999999999826705,1.086721835743217e-12,0.1,1.0867218357432168e-11,0.0,0.10637667754358117,0.25,0.013663907480954182,True,0,0.4,1.0,0.25,0.9999999999799538,0.5304774660630664,0.6528804043404455,0.039524447603219624,0.10609549321261329,0.04987259682531842,0.012469794826406078,-0.016444226757617558
2010-09-27,38,0.40000000000689206,0.4000000000063899,0.40000000000664093,0.4,1.0000000000166023,2.510998050320049e-13,0.1,2.5109980503200492e-12,0.0,0.017660253837393117,0.25,0.013707587250112384,True,0,0.4,1.0,0.25,1.0000000000159748,0.5500998450655656,0.6575575292155698,0.03195600289084364,0.11001996901311314,0.05126161184380947,0.012858631113022996,-0.018149904879034968
2010-10-11,38,0.4000000000015616,0.39999999999509067,0.39999999999832614,0.4,0.9999999999958153,3.235495418626196e-12,0.1,3.235495418626196e-11,0.0,0.002433694779371301,0.25,0.01370977096482969,True,0,0.4,1.0,0.25,0.9999999999877266,0.548399062287438,0.6564412678312633,0.032095548437091344,0.10967981245748759,0.05150686005473847,0.013114727915003262,-0.019558126410273068
2010-10-25,38,0.4000000000050308,0.4000000000045887,0.40000000000480973,0.4,1.0000000000120242,2.210168334855553e-13,0.1,2.2101683348555528e-12,0.0,0.081228645695135,0.25,0.012593916697029545,True,0,0.4,1.0,0.25,1.0000000000114717,0.48353637324339643,0.756517241497433,0.025999632328811934,0.09670727464867929,0.04476293899437076,0.010620451792345978,-0.02326786858496057
2010-11-08,38,0.40000000001920605,0.4000000000182136,0.4000000000187098,0.4,1.0000000000467744,4.96193364174502e-13,0.1,4.96193364174502e-12,0.0,0.05673463931533913,0.25,0.013060337871448753,True,0,0.4,1.0,0.25,1.000000000045534,0.4782066292992196,0.7516128495649417,0.0516873935853178,0.09564132585984392,0.04512035714160795,0.011126939474452096,-0.0529543915464136
2010-11-22,38,0.399999999999052,0.399999999995899,0.3999999999974755,0.4,0.9999999999936887,1.576507830242309e-12,0.1,1.5765078302423087e-11,0.0,0.02268126261471467,0.25,0.014446051160647164,True,0,0.4,1.0,0.25,0.9999999999897475,0.4614248197186175,0.7319572957045775,0.061505487775240536,0.0922849639437235,0.04320827624589258,0.010178535419846901,-0.05211071331510308
2010-12-07,38,0.4000000000084667,0.40000000000720015,0.4000000000078334,0.4,1.0000000000195834,6.332663620112989e-13,0.1,6.332663620112989e-12,0.0,0.07909310066075381,0.25,0.014727813943715926,True,0,0.4,1.0,0.25,1.0000000000180003,0.5704790994206501,0.6666666666779677,0.056533174698993875,0.07932862006822972,0.037017765399647774,0.00970668639491122,-0.09127665590730404
2010-12-21,38,0.43636289809914136,0.4363628980975773,0.4363628980983593,0.7,0.6233755687119419,7.820118055163503e-13,0.175,4.468638888664859e-12,0.0,0.10319073965482276,0.25,0.022230588144035175,True,0,0.7,1.0,0.25,0.6233755687108247,0.3460443260036958,0.37693919606002546,0.12111551410129351,0.06572879461168317,0.030329696248615753,0.009827010772893769,-0.09045573347917876
2011-01-05,38,0.4989848477290826,0.49898484772789997,0.49898484772849133,0.7,0.7128354967549877,5.913293910653731e-13,0.175,3.3790250918021324e-12,0.0,0.064429699851622,0.25,0.027807221408783393,True,0,0.7,1.0,0.25,0.7128354967541428,0.39112067739980433,0.37790908040381516,0.12165536191823742,0.06502987420769037,0.030716185912216278,0.04343525519162086,-0.1095137896719452
2011-01-20,38,0.6382856816513348,0.638285681650062,0.6382856816506983,0.7,0.9118366880724262,6.364267985796433e-13,0.175,3.6367245633122474e-12,0.0,0.14324328443906204,0.25,0.04282281229669916,True,0,0.7,1.0,0.25,0.9118366880715173,0.5305452915720816,0.4602851680562114,0.18569085205022856,0.06454471405755663,0.030543822814223374,0.08992787627363531,-0.1309396002133728
2011-02-03,38,0.7000000000029118,0.7000000000016438,0.7000000000022778,0.7,1.000000000003254,6.341259181985996e-13,0.175,3.6235766754205695e-12,0.0,0.07493631457518786,0.25,0.04710875508168485,True,0,0.7,1.0,0.25,1.0000000000023483,0.6804807958469264,0.6152610962552267,0.23816827854642422,0.0632935246548334,0.030326587841065376,0.08988281958148217,-0.14190835411479447
2011-02-17,38,0.9519222203928599,0.9519222203912955,0.9519222203920776,1.0,0.9519222203920776,7.821442465095232e-13,0.25,3.1285769860380926e-12,0.0,0.25000000002283124,0.25,0.06173901306303818,True,0,1.0,1.0,0.25,0.9519222203912955,0.9025664070318968,0.8007246063853928,0.4512832035159484,0.06917429833265548,0.061624807915444155,0.09019908405302292,-0.1411051679032124
2011-03-04,38,1.0000000000052196,1.0000000000046867,1.0000000000049531,1.0,1.0000000000049531,2.664691509140504e-13,0.25,1.0658766036562017e-12,0.0,0.2500000000016086,0.25,0.063911439364674,True,0,1.0,1.0,0.25,1.0000000000046867,0.8864162196755091,0.7562335971884202,0.44320810983775455,0.05561764899991357,0.10433133612379561,0.09093983580153056,-0.23210765567256625
2011-03-18,38,0.6999999999977511,0.6999999999918458,0.6999999999947986,0.7,0.9999999999925694,2.9525878253208152e-12,0.175,1.687193043040466e-11,0.0,0.3000527121349466,0.3000527121286451,0.04931027615222696,True,0,0.7,1.0,0.25,0.9999999999883512,0.8021635457064913,0.6788953758488617,0.28075724099727195,0.03750083856544486,0.07248455020867274,0.07812102273096738,-0.17350813789985958
2011-04-01,38,0.7953214577360528,0.7953214577360528,0.7953214577360528,1.0,0.7953214577360528,0.0,0.25,0.0,0.0,0.09078313313818233,0.25,0.05579447504645888,True,0,1.0,1.0,0.25,0.7953214577360528,0.5987885898884735,0.5107332308019011,0.29939429494423675,0.04295141490840533,0.10243182448204302,0.09822945228134289,-0.2108317762345892
2011-04-15,38,0.8674281426251997,0.8674281426220956,0.8674281426236476,1.0,0.8674281426236476,1.5521288704193827e-12,0.25,6.208515481677531e-12,0.0,0.07885285397158269,0.25,0.053771623890169616,True,0,1.0,1.0,0.25,0.8674281426220956,0.5908870648118167,0.5131821988174795,0.29544353240590837,0.04362885991873107,0.1024469870212189,0.09799466042792476,-0.21136046212139362
2011-05-02,38,0.9541798123967863,0.9541798123967863,0.9541798123967863,1.0,0.9541798123967863,0.0,0.25,0.0,0.0,0.08561351207902052,0.25,0.0582391015138116,True,0,1.0,1.0,0.25,0.9541798123967863,0.5988766421979115,0.5148573380760207,0.29943832109895574,0.04339874536149478,0.10182903885696608,0.11437209793892374,-0.23735906593073328
2011-05-16,38,1.0000000000206257,1.0000000000191984,1.000000000019912,1.0,1.000000000019912,7.135983008554394e-13,0.25,2.8543932034217576e-12,0.0,0.25000000000089984,0.25,0.058862433036949866,True,0,1.0,1.0,0.25,1.0000000000191984,0.7115818356147389,0.7031453935688075,0.3420252903309066,0.030630401632315944,0.0949152372181083,0.10141356351070485,-0.2846327342458956
2011-05-31,38,0.9999999999963372,0.9999999999950291,0.999999999995683,1.0,0.999999999995683,6.540939956260009e-13,0.25,2.6163759825040035e-12,0.0,0.2500000000017073,0.25,0.05426597529692212,True,0,1.0,1.0,0.25,0.9999999999950291,0.803310333233675,0.676363258231975,0.4016551666168375,0.024585897084154408,0.10033988812802419,0.08854346640872884,-0.2663907416234768
2011-06-14,39,0.6999999999965838,0.6999999999839475,0.6999999999902655,0.7,0.9999999999860937,6.318158829063616e-12,0.175,3.610376473750638e-11,0.0,0.300051622296207,0.3000516222830982,0.03923504587552846,True,0,0.7,1.0,0.25,0.9999999999770679,0.8766985798438194,0.7379227388684704,0.3068445029453368,0.017466157919237443,0.06999999999814727,0.06365631912485936,-0.15790368499404772
2011-06-28,39,0.7000000000072065,0.7000000000072065,0.7000000000072065,0.7,1.000000000010295,0.0,0.175,0.0,0.0,0.2500000000092904,0.25,0.0331669446534771,True,0,0.7,1.0,0.25,1.000000000010295,0.7754807928261687,0.649437979664871,0.27141827748915903,0.06121850858963182,0.069256709111435,0.04552699139676351,-0.1471889640273248
2011-07-13,39,0.7036670631251076,0.7036670631251076,0.7036670631251076,1.0,0.7036670631251076,0.0,0.25,0.0,0.0,0.0,0.25,0.03413791440077239,True,0,1.0,1.0,0.25,0.7036670631251076,0.5436301716553179,0.4550082851632817,0.27181508582765895,0.06162690855979135,0.06977439133466957,0.04734368700380044,-0.14694729146830832
2011-07-27,39,0.7332164552986498,0.7332164552986498,0.7332164552986498,1.0,0.7332164552986498,0.0,0.25,0.0,0.0,0.029424832878882465,0.25,0.0348707354642429,True,0,1.0,1.0,0.25,0.7332164552986498,0.538945968868218,0.4508526684175329,0.269472984434109,0.07526419551951834,0.06953587106916047,0.04765088870378568,-0.1489914707657612
2011-08-10,39,0.4000000000001632,0.3999999999889488,0.39999999999455593,0.4,0.9999999999863898,5.607199928629847e-12,0.1,5.6071999286298465e-11,0.0,0.32595284418534626,0.32595294417429505,0.025580740213216914,True,0,0.4,1.0,0.25,0.999999999972372,0.689341142067741,0.568698922134907,0.1378682284135482,0.035079150403369425,0.041841909933883106,0.03376266500725061,-0.08689584902073283
2011-08-24,39,0.4000000000056779,0.39999999999432206,0.39999999999999997,0.4,0.9999999999999999,5.677915483693396e-12,0.1,5.6779154836933963e-11,0.0,0.006135414015960884,0.25,0.028259595557611428,True,0,0.4,1.0,0.25,0.9999999999858051,0.7153088346258039,0.5934982788804709,0.1430617669251608,0.03338681050819556,0.041040026850803026,0.03381698799214247,-0.08600596847017059
2011-09-08,39,0.4000000000015464,0.39999999999843944,0.3999999999999929,0.4,0.9999999999999822,1.553494943535256e-12,0.1,1.553494943535256e-11,0.0,0.0026017248150634453,0.25,0.02871779357730958,True,0,0.4,1.0,0.25,0.9999999999960986,0.7195520992235783,0.5964219568690422,0.14391041984471567,0.034093359538870764,0.041721204498745584,0.03332485573779505,-0.0838087177959622
2011-09-22,39,0.3914164989320299,0.3914164989291784,0.39141649893060415,0.4,0.9785412473265104,1.4257456800190181e-12,0.1,1.425745680019018e-11,0.0,0.0,0.25,0.029088882224257807,True,0,0.4,1.0,0.25,0.978541247322946,0.7057588585546732,0.5838964335682818,0.14115177171093465,0.03442653723396587,0.04170900144051514,0.030884173235667844,-0.08099543799176778
2011-10-06,39,0.40000000000179503,0.3999999999989599,0.4000000000003775,0.4,1.0000000000009437,1.417555522221334e-12,0.1,1.417555522221334e-11,0.0,0.009139656304265303,0.25,0.03121584892082796,True,0,0.4,1.0,0.25,0.9999999999973997,0.7170400706741132,0.5950669826539722,0.14340801413482265,0.034672642145091886,0.041144979846381026,0.03008578465812383,-0.0804331534024145
2011-10-20,39,0.40000000000032804,0.40000000000028985,0.40000000000030894,0.4,1.0000000000007723,1.9119109435055806e-14,0.1,1.9119109435055806e-13,0.0,0.004735241348996566,0.25,0.03264383778935203,True,0,0.4,1.0,0.25,1.0000000000007245,0.7360810396518654,0.610685226726854,0.1472162079303731,0.034757522180661075,0.04226618508568576,0.03022116838770772,-0.07648010495803982
2011-11-03,39,0.4765264211837585,0.476526421182602,0.4765264211831803,0.7,0.6807520302616862,5.782155221989513e-13,0.175,3.3040886982797224e-12,0.0,0.07000000000176748,0.25,0.03188341831655915,True,0,0.7,1.0,0.25,0.6807520302608601,0.42802731853334,0.5951287415590046,0.149809561486669,0.03525097903722909,0.04301267666123766,0.03111771241853105,-0.007281555941595064
2011-11-17,39,0.4710892529170225,0.4710892529158829,0.4710892529164527,0.7,0.6729846470235039,5.698476524045047e-13,0.175,3.2562722994543128e-12,0.0,0.0018490584121906434,0.25,0.032400925968985056,True,0,0.7,1.0,0.25,0.6729846470226899,0.4213017825003969,0.5912877231685172,0.1474556238751389,0.034827583568162436,0.04192289858522661,0.030569567582475605,-0.006054889371527171
2011-12-02,39,0.5180358993191035,0.5180358993175571,0.5180358993183303,0.7,0.7400512847404719,7.732789316526074e-13,0.175,4.418736752300614e-12,0.0,0.044727968439392196,0.25,0.03444374004514452,True,0,0.7,1.0,0.25,0.7400512847393673,0.4388501202622563,0.5877607287537879,0.1535975420917897,0.058735898543434376,0.0601921068980102,0.03080234935988097,-0.005772425164175376
2011-12-16,39,0.5129856779687798,0.512985677967259,0.5129856779680194,0.7,0.7328366828114563,7.604326190429488e-13,0.175,4.345329251673993e-12,0.0,0.0026814292382151272,0.25,0.03428386001096576,True,0,0.7,1.0,0.25,0.7328366828103701,0.43826086093441285,0.5852439646223457,0.15339130132704448,0.05888042630458589,0.06055563709318976,0.029010453100741844,-0.003515059113511996
2012-01-03,39,0.5784342941137712,0.57843429410993,0.5784342941118507,0.7,0.8263347058740724,1.920587337509828e-12,0.175,1.0974784785770446e-11,0.0,0.06104242550804975,0.25,0.035713121262547755,True,0,0.7,1.0,0.25,0.8263347058713286,0.45075827166921406,0.5779423733566352,0.1577653950842249,0.06292032541147166,0.06128881388036657,0.030005507620741386,-0.0049792766896362105
2012-01-18,39,0.8296487907134081,0.8296487907071182,0.8296487907102632,1.0,0.8296487907102632,3.1449283536376316e-12,0.25,1.2579713414550526e-11,0.0,0.25000000000158906,0.25,0.03219243189947059,True,0,1.0,1.0,0.25,0.8296487907071182,0.31693870307089766,0.508709642246216,0.15846935153544883,0.14892649301284472,0.0812499270671908,0.030004426718974235,0.026969356967028697
2012-02-01,39,0.9441852162418589,0.9441852162373408,0.9441852162396,1.0,0.9441852162396,2.2590694110880435e-12,0.25,9.036277644352174e-12,0.0,0.11562741257146374,0.25,0.03633670830981962,True,0,1.0,1.0,0.25,0.9441852162373408,0.4647858949404653,0.6008143130055985,0.15846253359207046,0.23239294747023265,0.08185582181735014,0.030497735164326766,0.02557315691548587
2012-02-15,39,0.8918003923486704,0.891800392346557,0.8918003923476138,1.0,0.8918003923476138,1.0567255152529467e-12,0.25,4.226902061011787e-12,0.0,0.11458900928719232,0.25,0.03229219616138986,True,0,1.0,1.0,0.25,0.891800392346557,0.4950075427252005,0.5832430803854014,0.16223434166087158,0.24750377136260024,0.09329723215415155,0.0308567810722415,0.07810492571676862
2012-03-01,39,0.9999999999933942,0.9999999999850883,0.9999999999892414,1.0,0.9999999999892414,4.1529192372049175e-12,0.25,1.661167694881967e-11,0.0,0.23236605332062601,0.25,0.03200577526042584,True,0,1.0,1.0,0.25,0.9999999999850883,0.6351016333089943,0.8069739968715709,0.15743026625278073,0.31755081665449714,0.16833774595280937,0.025622354338230985,0.07627850101637057
2012-03-15,39,0.9999999999967717,0.9999999999551592,0.9999999999759654,1.0,0.9999999999759654,2.0806238841914043e-11,0.25,8.322495536765617e-11,0.0,0.2500000000188991,0.25,0.035678028534154825,True,0,1.0,1.0,0.25,0.9999999999551592,0.5768211739204013,0.7507153059194622,0.24431774552674448,0.28841058696020067,0.15539592474611186,0.015218912439544057,0.07541105721057112
2012-03-29,39,0.9999999999986988,0.999999999954729,0.999999999976714,1.0,0.999999999976714,2.1984909746342014e-11,0.25,8.793963898536805e-11,0.0,0.24999999999183037,0.25,0.037856357836361744,True,0,1.0,1.0,0.25,0.999999999954729,0.6643630905453485,0.6969180940188618,0.33218154527267424,0.2635655221068565,0.1420443151589029,0.0050671641420806475,0.06914823549664029
2012-04-13,39,1.0000000000192537,1.0000000000180067,1.0000000000186302,1.0,1.0000000000186302,6.235746529705893e-13,0.25,2.4942986118823574e-12,0.0,0.2500000000115956,0.25,0.04695249019243797,True,0,1.0,1.0,0.25,1.0000000000180067,0.8356204286587277,0.703797716987654,0.4178102143293638,0.23594173209969552,0.1280251100158594,0.000283713463510612,0.06346445940267262
2012-04-27,39,0.9999999999765388,0.99999999995995,0.9999999999682443,1.0,0.9999999999682443,8.294353519390969e-12,0.25,3.3177414077563875e-11,0.0,0.00075270017896642,0.25,0.046766767827313316,True,0,1.0,1.0,0.25,0.99999999995995,0.8426805840066302,0.7103589468984672,0.4213402920033151,0.23495270240815777,0.12784324858304164,0.0002750992868290412,0.061780963405114894
2012-05-11,39,0.9999999999996045,0.9999999999967492,0.9999999999981768,1.0,0.9999999999981768,1.4276589948567933e-12,0.25,5.710635979427173e-12,0.0,0.0014443891028085437,0.25,0.042159246254956276,True,0,1.0,1.0,0.25,0.9999999999967492,0.8270392013471187,0.6963233519849562,0.41351960067355936,0.2386259122529919,0.12856701191875317,0.0002615363404845673,0.06351531859511318
2012-05-25,39,1.0000000000076426,1.0000000000070437,1.000000000007343,1.0,1.000000000007343,2.993572880619638e-13,0.25,1.1974291522478552e-12,0.0,0.1999448748973618,0.25,0.040053943634576435,True,0,1.0,1.0,0.25,1.0000000000070437,0.9142869118994083,0.7820056088054411,0.4571434559497041,0.21860103827479743,0.11710482164614004,2.612098513081736e-13,0.058762455792938526
2012-06-11,39,1.000000000000123,0.99999999999692,0.9999999999985214,1.0,0.9999999999985214,1.6014557732558532e-12,0.25,6.405823093023413e-12,0.0,0.05929882987547075,0.25,0.035701892797434784,True,0,1.0,1.0,0.25,0.99999999999692,0.8851020024357661,0.7562411045001395,0.44255100121788304,0.21376389490324482,0.11529328737914556,-3.1080438651074415e-13,0.026895270356552634
2012-06-25,39,0.9999999999996606,0.9999999999970158,0.9999999999983381,1.0,0.9999999999983381,1.3224688891357526e-12,0.25,5.28987555654301e-12,0.0,0.08797254911667193,0.25,0.03338650091333788,True,0,1.0,1.0,0.25,0.9999999999970158,0.8462052227530681,0.7221476335769086,0.42310261137653404,0.20487867795393666,0.11199530445839881,-2.0428647413144066e-13,0.07324903295838979
2012-07-10,39,1.0000000000078522,1.0000000000075708,1.0000000000077114,1.0,1.0000000000077114,1.4062352401194738e-13,0.25,5.624940960477895e-13,0.0,0.007871333607310526,0.25,0.03428003211536096,True,0,1.0,1.0,0.25,1.0000000000075708,0.853946824822133,0.729265130779833,0.4269734124110665,0.20414370527081385,0.11178977143120428,4.623040979989437e-13,0.07328828810359223
2012-07-24,39,0.9999999999941207,0.999999999993576,0.9999999999938483,1.0,0.9999999999938483,2.7242144999033404e-13,0.25,1.0896857999613361e-12,0.0,0.0009119573140395076,0.25,0.03513733744792019,True,0,1.0,1.0,0.25,0.999999999993576,0.8472830067694365,0.7229325614145798,0.42364150338471823,0.2063827550412869,0.11268729710441786,6.974565808597176e-14,0.07404896633203117
2012-08-07,39,1.000000000001602,1.000000000001163,1.0000000000013824,1.0,1.0000000000013824,2.1944823789266018e-13,0.25,8.777929515706407e-13,0.0,0.007806049716080235,0.25,0.037083483804905046,True,0,1.0,1.0,0.25,1.000000000001163,0.8675120322510719,0.7407555187144897,0.43375601612553594,0.2020937647401847,0.11308656531611526,2.2925378388305334e-13,0.07820761077748345
2012-08-21,39,0.9999999999976675,0.9999999999896184,0.9999999999936431,1.0,0.9999999999936431,4.024557964840396e-12,0.25,1.6098231859361584e-11,0.0,0.046862895829490936,0.25,0.03655888332786928,True,0,1.0,1.0,0.25,0.9999999999896184,0.8586060736846192,0.729258461491289,0.4293030368423096,0.20713328285212182,0.12079096380776387,-8.066700676390049e-13,0.07990650799754599
2012-09-05,39,1.0000000000006215,0.9999999999576268,0.9999999999791241,1.0,0.9999999999791241,2.149748252169802e-11,0.25,8.598993008679208e-11,0.0,0.2500000000158602,0.25,0.035348924143621244,True,0,1.0,1.0,0.25,0.9999999999576268,0.8256246524719454,0.8986554136466299,0.4128123262359727,0.21964507734641833,0.23189243308658394,-3.9018500993469304e-12,0.07849047451835733
2012-09-19,40,1.000000000007374,1.000000000007374,1.000000000007374,1.0,1.000000000007374,0.0,0.25,0.0,0.0,0.08237622424151181,0.25,0.0347430648875575,True,0,1.0,1.0,0.25,1.000000000007374,0.8020821300666914,0.9914790953016202,0.4010410650333457,0.22613575865955773,0.23863665524825922,1.2897459682751692e-12,0.07523105458339516
2012-10-03,40,0.9999999999949104,0.9999999999798573,0.9999999999873839,1.0,0.9999999999873839,7.526392687900284e-12,0.25,3.0105570751601135e-11,0.0,0.25000000001021233,0.25,0.03821067050825388,True,0,1.0,1.0,0.25,0.9999999999798573,0.799999999988599,0.9999999999858439,0.3987015833650705,0.20851414006410476,0.2399999999965797,-1.7470865752208704e-12,0.03971493174698784
2012-10-17,40,1.0000000000157097,1.0000000000140454,1.0000000000148777,1.0,1.0000000000148777,8.32115632315527e-13,0.25,3.328462529262108e-12,0.0,0.2500000000127144,0.25,0.04139165122612654,True,0,1.0,1.0,0.25,1.0000000000140454,0.7901648294329646,0.9750654004213923,0.37861425181108244,0.1942150527238875,0.23704944882988938,0.019090709842692104,-0.08503173822141666
2012-11-02,40,1.0000000000377371,1.0000000000341995,1.0000000000359683,1.0,1.0000000000359683,1.7687708971308569e-12,0.25,7.0750835885234274e-12,0.0,0.25000000002684997,0.25,0.04135390016201497,True,0,1.0,1.0,0.25,1.0000000000341995,0.7471946479083583,0.9395257561975574,0.3155912166530275,0.1718989839998017,0.22415839437250748,0.018615145948207408,-0.20623647790053384
2012-11-16,40,1.0000000000197016,1.0000000000147835,1.0000000000172427,1.0,1.0000000000172427,2.4590722548046265e-12,0.25,9.836289019218506e-12,0.0,0.20926471806664076,0.25,0.041913458045685976,True,0,1.0,1.0,0.25,1.0000000000147835,0.7938470381808085,0.9769263931780314,0.32580336133484006,0.16192913652062454,0.23815411145424253,0.017384853493347074,-0.22607728024342802
2012-12-03,40,1.0000000000059932,1.00000000000084,1.0000000000034166,1.0,1.0000000000034166,2.576587502765541e-12,0.25,1.0306350011062163e-11,0.0,0.005213163995923822,0.25,0.041477504192436405,True,0,1.0,1.0,0.25,1.00000000000084,0.7931389102936388,0.9742709136011451,0.328308406267316,0.1613378709032941,0.23794167308809164,0.017064701240332117,-0.22559705186747578
2012-12-17,41,0.9975209034200954,0.9975209034147403,0.9975209034174178,1.0,0.9975209034174178,2.6775503997376645e-12,0.25,1.0710201598950658e-11,0.0,0.004531672846681337,0.25,0.03954487518615984,True,0,1.0,1.0,0.25,0.9975209034147403,0.7908211604619039,0.9667537935284781,0.32957847667371815,0.16004820995156277,0.23724634813857115,0.016877064381659413,-0.22531559657874112
2013-01-02,40,1.0000000000054163,1.0000000000041507,1.0000000000047835,1.0,1.0000000000047835,6.327870695631443e-13,0.25,2.531148278252577e-12,0.0,0.12359052764635772,0.25,0.04089655251579445,True,0,1.0,1.0,0.25,1.0000000000041507,0.7912877072066492,0.968231503092254,0.327096445081292,0.16017398808710712,0.23738631216199477,0.01659204704478228,-0.24292640754418668
2013-01-16,41,1.0000000000137717,1.0000000000100187,1.0000000000118954,1.0,1.0000000000118954,1.8764767093193e-12,0.25,7.5059068372772e-12,0.0,0.004669223231264202,0.25,0.03990790136061739,True,0,1.0,1.0,0.25,1.0000000000100187,0.787501016199224,0.96469234733657,0.3276082287942002,0.15946427361131563,0.23625030485976717,0.016514650925165898,-0.243425653387878
2013-01-31,40,0.999999999990852,0.9999999999880399,0.999999999989446,1.0,0.999999999989446,1.405947858075819e-12,0.25,5.623791432303276e-12,0.0,0.2500000000046293,0.25,0.044148781853109526,True,0,1.0,1.0,0.25,0.9999999999880399,0.7654789056608774,0.8409756187617484,0.3827394528304387,0.1348888396579509,0.20635637093001277,0.014126453933100537,-0.27739262242650076
2013-02-14,41,1.0000000000006515,0.9999999999605209,0.9999999999805862,1.0,0.9999999999805862,2.0065302224289836e-11,0.25,8.026120889715934e-11,0.0,0.250000000010977,0.25,0.04786929577872232,True,0,1.0,1.0,0.25,0.9999999999605209,0.8405366564400659,0.7758606990781358,0.42026832822003296,0.1189005386751581,0.2006666578085866,0.011290098281056706,-0.29147856142379036
2013-03-01,43,1.0000000000002147,1.0000000000000813,1.000000000000148,1.0,1.000000000000148,6.667421277290515e-14,0.25,2.666968510916206e-13,0.0,0.04631939369680976,0.25,0.050584422024316254,True,0,1.0,1.0,0.25,1.0000000000000813,0.8610805521698875,0.7660683272939434,0.4305402760849438,0.11739781949403379,0.1974513378943778,0.010619257771460455,-0.2846628747852831
2013-03-15,43,1.0000000000167018,1.0000000000137526,1.0000000000152272,1.0,1.0000000000152272,1.4745594271561945e-12,0.25,5.898237708624778e-12,0.0,0.09161670721110683,0.25,0.05083703662469411,True,0,1.0,1.0,0.25,1.0000000000137526,0.9461958122517916,0.8456115579007423,0.4730979061258958,0.11577349024671627,0.19602460389307344,0.010644650359691104,-0.2408333559894035
2013-04-01,42,0.9450390722883475,0.9450390722820576,0.9450390722852027,1.0,0.9450390722852027,3.144901226039374e-12,0.25,1.2579604904157495e-11,0.0,0.2500000000069452,0.25,0.04798645192051114,True,0,1.0,1.0,0.25,0.9450390722820576,1.000000000013392,0.8944419529137043,0.500000000006696,0.11626555060455943,0.1966251612930126,0.0013257662027954655,-0.16929694668552042
2013-04-15,43,0.9503417896568095,0.9503417896498136,0.9503417896533116,1.0,0.9503417896533116,3.497919687876311e-12,0.25,1.3991678751505244e-11,0.0,0.25000000000914324,0.25,0.047935542103791334,True,0,1.0,1.0,0.25,0.9503417896498136,1.0000000000139762,0.8977131504368852,0.5000000000069881,0.11764924656398543,0.19955714316151954,0.0011169643628836346,-0.13271408452455502
2013-04-29,43,0.9999999999998892,0.9999999999827076,0.9999999999912984,1.0,0.9999999999912984,8.590902604188158e-12,0.25,3.436361041675263e-11,0.0,0.15127528707525606,0.25,0.04646622077660801,True,0,1.0,1.0,0.25,0.9999999999827076,0.9730626276669831,0.8755031785884976,0.4865313138334916,0.11418489067707789,0.18465558361132126,8.416340417989283e-05,-0.12186115592582046
2013-05-13,43,0.9952576502373883,0.9952576502284188,0.9952576502329036,1.0,0.9952576502329036,4.484863782133044e-12,0.25,1.7939455128532177e-11,0.0,0.1971663052498617,0.25,0.04293144770483244,True,0,1.0,1.0,0.25,0.9952576502284188,1.0000000000088116,0.8674651967411423,0.5000000000044058,0.11369756770361035,0.18894790883092602,8.124443400257135e-05,-0.0903952839766821
2013-05-28,43,0.9934298806795092,0.9934298806459447,0.993429880662727,1.0,0.993429880662727,1.6782126052131212e-11,0.25,6.712850420852485e-11,0.0,0.006960749215037185,0.25,0.0423185871888335,True,0,1.0,1.0,0.25,0.9934298806459447,0.9999999999601633,0.8671521026874476,0.49999999998008166,0.11274201275973657,0.18769978101742452,7.87122287838032e-05,-0.09058776687229458
2013-06-11,43,1.0000000000215605,1.0000000000175975,1.000000000019579,1.0,1.000000000019579,1.9814844426297855e-12,0.25,7.925937770519142e-12,0.0,0.20718467532017665,0.25,0.04814905356434222,True,0,1.0,1.0,0.25,1.0000000000175975,0.9974042989710975,0.8975873949484386,0.49870214948554875,0.10775436432695656,0.17887437554483135,2.0341307894762698e-12,-0.12307556252720472
2013-06-25,43,0.4000000000209932,0.40000000001480207,0.4000000000178976,0.4,1.000000000044744,3.0955466976034617e-12,0.1,3.0955466976034616e-11,0.0,0.600043989429379,0.6000440894247118,0.023345025907349198,True,0,0.4,1.0,0.25,1.000000000037005,1.00000000005185,0.8935574230167311,0.20000000001037002,0.041680672267413864,0.07099159663637997,4.257314519302552e-12,-0.04739495798529239
2013-07-10,43,0.43706114331350665,0.4370611433075938,0.43706114331055024,0.7,0.6243730618722146,2.9564183801154197e-12,0.175,1.6893819314945257e-11,0.0,0.108523311621914,0.25,0.028388363454419443,True,0,0.7,1.0,0.25,0.6243730618679912,0.786642696208788,0.6919583601643166,0.2753249436730758,0.026482353264069607,0.06379460521800906,3.886915980663944e-12,-0.046605217124262986
2013-07-24,43,0.44218223296189607,0.4421822329559641,0.44218223295893005,1.0,0.44218223295893005,2.9660009437327666e-12,0.25,1.1864003774931066e-11,0.0,0.0,0.25,0.0297529483028628,True,0,1.0,1.0,0.25,0.4421822329559641,0.5574249911223755,0.49050718616491223,0.27871249556118777,0.026958475161921746,0.06479717823504455,3.84530573850705e-12,-0.047457525234323825
2013-08-07,42,0.6050681100576865,0.6050681100517938,0.6050681100547401,1.0,0.6050681100547401,2.9463108290354635e-12,0.25,1.1785243316141854e-11,0.0,0.23769658679207945,0.25,0.04888767017310921,True,0,1.0,1.0,0.25,0.6050681100517938,0.7420716681645028,0.6592754359764704,0.3710358340822514,0.024081757473137334,0.06386883194367152,0.08000000000221542,-0.07778323474059115
2013-08-21,43,0.7005327554974987,0.7005327554918902,0.7005327554946945,1.0,0.7005327554946945,2.8042582931579964e-12,0.25,1.1217033172631986e-11,0.0,0.1036196572955999,0.25,0.0585328880644156,True,0,1.0,1.0,0.25,0.7005327554918902,0.9340722644415481,0.8182393145213163,0.46703613222077406,0.023864463466581658,0.06354182374751915,0.08000000000289496,-0.07839761727737653
2013-09-05,43,0.7260289639423277,0.7260289639368563,0.726028963939592,1.0,0.726028963939592,2.7356758995341236e-12,0.25,1.0942703598136494e-11,0.0,0.031156348760520723,0.25,0.05991323500839129,True,0,1.0,1.0,0.25,0.7260289639368563,0.9883650280201633,0.863372900353721,0.4941825140100817,0.0236173091200144,0.06303036703953384,0.08000000000281808,-0.07751625717165553
2013-09-19,42,0.7322914053744587,0.7322914053695218,0.7322914053719903,1.0,0.7322914053719903,2.4684142540111975e-12,0.25,9.87365701604479e-12,0.0,0.008946209260108709,0.25,0.06099482237291816,True,0,1.0,1.0,0.25,0.7322914053695218,0.9972898451365513,0.8723464270201087,0.49864492256827564,0.023960654024452674,0.06357737774030384,0.08000000000300964,-0.07786152366408179
2013-10-03,43,0.7252543725910044,0.7252543725859104,0.7252543725884575,1.0,0.7252543725884575,2.5470246347183613e-12,0.25,1.0188098538873445e-11,0.0,0.05937648209349612,0.25,0.060057725719128784,True,0,1.0,1.0,0.25,0.7252543725859104,0.999999999999825,0.8589555745109333,0.4999999999999125,0.02402025819576545,0.06384926986331284,0.08000000000292844,-0.0784606187134001
2013-10-17,43,0.7681936624227943,0.7681936624182935,0.7681936624205439,1.0,0.7681936624205439,2.2504813791111744e-12,0.25,9.001925516444698e-12,0.0,0.2500000000054471,0.25,0.05735607340128036,True,0,1.0,1.0,0.25,0.7681936624182935,1.0000000000069942,0.8978938014977489,0.5000000000034971,0.024247352452845244,0.06429924650001202,0.08000000000328708,-0.11773150252359328
2013-10-31,43,0.8411219321535179,0.8411219321500636,0.8411219321517907,1.0,0.8411219321517907,1.727166672234118e-12,0.25,6.908666688936472e-12,0.0,0.08687687245475462,0.25,0.05632576670135866,True,0,1.0,1.0,0.25,0.8411219321500636,1.000000000012512,0.8980564032707083,0.500000000006256,0.024114832233723432,0.063986829556831,0.07583494656999235,-0.19456472607936687
2013-11-14,42,0.837608841055529,0.8376088410466961,0.8376088410511126,1.0,0.8376088410511126,4.416464205933227e-12,0.25,1.766585682373291e-11,0.0,0.09419888099994211,0.25,0.05721223413891075,True,0,1.0,1.0,0.25,0.8376088410466961,0.9999999999835312,0.8980867827340058,0.4999999999917656,0.02363921357656849,0.06310767470083063,0.07391682043512085,-0.19346224719450694
2013-11-29,42,0.8361179882464923,0.836117988239285,0.8361179882428886,1.0,0.8361179882428886,3.603765769749728e-12,0.25,1.4415063078998912e-11,0.0,0.12635355555950212,0.25,0.05634788323193051,True,0,1.0,1.0,0.25,0.836117988239285,1.00000000004365,0.8985665633406208,0.500000000021825,0.023548479420130726,0.06288343102149281,0.07237560419286264,-0.193610448231133
2013-12-13,42,0.8395986618140744,0.839598661803448,0.8395986618087612,1.0,0.8395986618087612,5.3131639086107165e-12,0.25,2.1252655634442866e-11,0.0,0.007725387412812104,0.25,0.054408542066597905,True,0,1.0,1.0,0.25,0.839598661803448,0.999999999988144,0.897436394923266,0.499999999994072,0.023687501507802102,0.06322999615585542,0.07534489926080687,-0.1938575679545788
2013-12-30,42,0.8350410430004469,0.8350410429928844,0.8350410429966656,1.0,0.8350410429966656,3.781329291046176e-12,0.25,1.5125317164184703e-11,0.0,0.008794749092265838,0.25,0.04827414014416821,True,0,1.0,1.0,0.25,0.8350410429928844,1.0000000000016924,0.8972674383766979,0.5000000000008462,0.02315728122174651,0.06181558695760479,0.07524001593046488,-0.19028464886263347
2014-01-14,43,0.8692953043518252,0.8692953043445761,0.8692953043482006,1.0,0.8692953043482006,3.6245314081014648e-12,0.25,1.4498125632405859e-11,0.0,0.04241812276589108,0.25,0.04966187742112693,True,0,1.0,1.0,0.25,0.8692953043445761,1.000000000013288,0.8970166870734314,0.500000000006644,0.0235031366697379,0.06278587470654463,0.07056039454783583,-0.2279821410260156
2014-01-29,43,0.9014707121608225,0.9014707121546891,0.9014707121577558,1.0,0.9014707121577558,3.066746616373045e-12,0.25,1.226698646549218e-11,0.0,0.034145034037015756,0.25,0.05359668730672905,True,0,1.0,1.0,0.25,0.9014707121546891,1.0000000000052014,0.8964021438654829,0.5000000000026007,0.023631737594820713,0.06322734492900088,0.07535146296360527,-0.25529869274651623
2014-02-12,42,0.654401962983236,0.6544019629773165,0.6544019629802762,0.7,0.9348599471146803,2.959854997686728e-12,0.175,1.6913457129638445e-11,0.0,0.2491614980712572,0.25,0.04088173601012869,True,0,0.7,1.0,0.25,0.9348599471104522,1.0000000000011011,0.8922221500476596,0.35000000000038534,0.02336795489101572,0.062493761848886456,0.056057525174730005,-0.18202588633243166
2014-02-27,42,0.7893140128097726,0.7893140128035808,0.7893140128066767,1.0,0.7893140128066767,3.095850204226462e-12,0.25,1.2383400816905848e-11,0.0,0.13049188311569593,0.25,0.04140383320060414,True,0,1.0,1.0,0.25,0.7893140128035808,0.7075134413216155,0.6317271265623068,0.35375672066080777,0.06339189395721108,0.08256861061646756,0.05672323956613157,-0.2123088007923678
2014-03-13,43,0.9950316241209703,0.9950316241161534,0.9950316241185618,1.0,0.9950316241185618,2.4085002193918643e-12,0.25,9.634000877567457e-12,0.0,0.21043343061670905,0.25,0.04347678654388066,True,0,1.0,1.0,0.25,0.9950316241161534,0.7035956556348864,0.6270972775339536,0.3517978278174432,0.16704498779389587,0.08276087562105235,0.10843040319673844,-0.2421966424963422
2014-03-27,43,1.0000000000045783,1.0000000000000158,1.000000000002297,1.0,1.000000000002297,2.281265379294418e-12,0.25,9.125061517177673e-12,0.0,0.01511578537721467,0.25,0.04157983464064578,True,0,1.0,1.0,0.25,1.0000000000000158,0.6956584305377472,0.6201696334544875,0.3478292152688736,0.1704016298597894,0.08283436359106723,0.1099143207562112,-0.2415029510691521
2014-04-10,43,0.9999999999961682,0.9999999999807344,0.9999999999884513,1.0,0.9999999999884513,7.71684450934231e-12,0.25,3.086737803736924e-11,0.0,0.25000000001117656,0.25,0.04024131671381167,True,0,1.0,1.0,0.25,0.9999999999807344,0.7090159065226705,0.62225067220564,0.2844164745568309,0.14855559134971896,0.06554404149951468,0.17035248981508827,-0.28360636260906824
2014-04-25,43,1.0000000000025449,1.0000000000025449,1.0000000000025449,1.0,1.0000000000025449,0.0,0.25,0.0,0.0,0.0012212475102466314,0.25,0.038836869732278574,True,0,1.0,1.0,0.25,1.0000000000025449,0.7057331278303478,0.6177205244581523,0.2865294365860685,0.1490133612851246,0.06510334478063018,0.16924761253989348,-0.28229325113213916
2014-05-09,43,0.9999999999977485,0.9999999999924882,0.9999999999951183,1.0,0.9999999999951183,2.6301066864976264e-12,0.25,1.0520426745990506e-11,0.0,0.03415022624962048,0.25,0.03777874633179364,True,0,1.0,1.0,0.25,0.9999999999924882,0.739709327477224,0.6666666666633481,0.2810063782782316,0.1462713577052995,0.06308828769126941,0.16666288852385824,-0.2958837309908896
2014-05-23,43,1.0000000000206009,1.0000000000184353,1.0000000000195182,1.0,1.0000000000195182,1.0828150574624398e-12,0.25,4.331260229849759e-12,0.0,0.2500000000178513,0.25,0.031077385809402537,True,0,1.0,1.0,0.25,1.0000000000184353,0.7163968762999287,0.6606158499028052,0.204941552182336,0.19679867232329934,0.06710304817635161,0.15747075949830888,-0.2865587505199715
2014-06-09,43,0.9999999999972731,0.9999999999952124,0.9999999999962428,1.0,0.9999999999962428,1.0303618079771389e-12,0.25,4.1214472319085555e-12,0.0,0.2500000000014498,0.25,0.026925916577349072,True,0,1.0,1.0,0.25,0.9999999999952124,0.6481560283648514,0.6376818375917378,0.1514274806931984,0.25496771740731344,0.1288885984870972,0.13208082313963782,-0.2592624113459406
2014-06-23,43,1.000000000071617,1.000000000068954,1.0000000000702856,1.0,1.0000000000702856,1.331482993106711e-12,0.25,5.325931972426844e-12,0.0,0.25000000007513273,0.25,0.026032993306431617,True,0,1.0,1.0,0.25,1.000000000068954,0.5691925255824629,0.63725866324991,0.100359430875152,0.28459626279123146,0.12880772519034447,0.1219568501983924,-0.22243526509699182
2014-07-08,43,0.99999999993021,0.9999999999210892,0.9999999999256496,1.0,0.9999999999256496,4.560436864795488e-12,0.25,1.8241747459181952e-11,0.0,0.25000000005977213,0.25,0.023710139751067543,True,0,1.0,1.0,0.25,0.9999999999210892,0.7248929446164334,0.8591742711779993,0.15537816660618842,0.30380581726318123,0.21746788338493,0.06151685460851141,-0.17796273981463534
2014-07-22,43,1.0000000000156648,1.0000000000145266,1.0000000000150957,1.0,1.0000000000150957,5.691386798380176e-13,0.25,2.2765547193520705e-12,0.0,0.25000000001521117,0.25,0.02532674593686693,True,0,1.0,1.0,0.25,1.0000000000145266,0.659702518641832,0.7698462553798381,0.21189147463678976,0.27774852359601643,0.19791075559254961,0.08553301314695036,-0.14200488048743368
2014-08-05,43,1.0000000000252685,1.0000000000230302,1.0000000000241493,1.0,1.0000000000241493,1.1191031429427755e-12,0.25,4.476412571771102e-12,0.0,0.2500000000146528,0.25,0.027811102508576165,True,0,1.0,1.0,0.25,1.0000000000230302,0.6016038596719915,0.6708934879249473,0.30080192983599574,0.23625835745424173,0.17644796387190395,0.06551316314198534,-0.14785740702007527
2014-08-19,43,1.000000000077502,1.0000000000711424,1.000000000074322,1.0,1.000000000074322,3.1797575485713803e-12,0.25,1.2719030194285521e-11,0.0,0.2500000000477366,0.25,0.028130363312535073,True,0,1.0,1.0,0.25,1.0000000000711424,0.6668887931262475,0.5698997226794847,0.33344439656312375,0.237778149878637,0.15536979335524292,0.04743665965571535,-0.11494036307657812
2014-09-03,43,1.0000000000074196,1.0000000000006535,1.0000000000040365,1.0,1.0000000000040365,3.3831152132129783e-12,0.25,1.3532460852851913e-11,0.0,0.24999999999986527,0.25,0.024626568918582257,True,0,1.0,1.0,0.25,1.0000000000006535,0.5829392470460288,0.5498782342075367,0.2914696235230144,0.21875896418573,0.13269920453990683,0.039983481115915265,0.0011340168262049671
2014-09-17,42,0.9999999999886364,0.9999999999805249,0.9999999999845806,1.0,0.9999999999845806,4.0557532266915805e-12,0.25,1.6223012906766322e-11,0.0,0.2500000000015837,0.25,0.021552302311481024,True,0,1.0,1.0,0.25,0.9999999999805249,0.5335134214526568,0.6503178441486179,0.2667567107263284,0.22007836625975405,0.12649165520107772,3.660653816043798e-12,0.0287111934562908
2014-10-01,42,0.9819730454614852,0.9819730454491497,0.9819730454553175,1.0,0.9819730454553175,6.167853565282302e-12,0.25,2.467141426112921e-11,0.0,0.041539229733872904,0.25,0.021570986542131857,True,0,1.0,1.0,0.25,0.9819730454491497,0.5193100953870787,0.6765454277880925,0.25965504769353936,0.22835465033115385,0.1264773285579549,3.0044262353307994e-12,0.05568540764560382
2014-10-15,43,0.40000000000252084,0.39999999999554986,0.39999999999903535,0.4,0.9999999999975884,3.4855178188423276e-12,0.1,3.4855178188423276e-11,0.006013312830136827,0.5818663762521279,0.581866476251143,0.009755762571846323,True,0,0.4,1.0,0.25,0.9999999999888746,0.5411255149141545,0.6793167625622214,0.10609437806817491,0.1082251029828309,0.06297648175616652,3.2413220985585236e-12,0.03691987148921598
2014-10-29,43,0.39669054970811246,0.3966905497012454,0.3966905497046789,0.4,0.9917263742616972,3.4335714824921063e-12,0.1,3.433571482492106e-11,0.0,0.005693528345309465,0.25,0.01045509242244829,True,0,0.4,1.0,0.25,0.9917263742531135,0.5521599531567443,0.6459667845189788,0.11043199063134887,0.10457252515651426,0.06347970477161645,3.3267923977744968e-12,0.03686056795880919
2014-11-12,42,0.6196791671816471,0.619679167173006,0.6196791671773265,1.0,0.6196791671773265,4.320622883311716e-12,0.25,1.7282491533246865e-11,0.0,0.2208567783217437,0.25,0.012583073677967503,True,0,1.0,1.0,0.25,0.619679167173006,0.27072045801663075,0.5263281040196833,0.1128571432183245,0.13536022900831537,0.06319682301815496,3.810271085327311e-12,0.09689920347470231
2014-11-26,43,0.5915682493279719,0.5915682493182551,0.5915682493231136,1.0,0.5915682493231136,4.858418590395453e-12,0.25,1.9433674361581812e-11,0.0,0.030035390570763182,0.25,0.012409239138958727,True,0,1.0,1.0,0.25,0.5915682493182551,0.2600319015765215,0.5267458516433652,0.1038804704670002,0.13001595078826075,0.03355309896937437,2.794468110585137e-12,0.09612175616303818
2014-12-11,43,0.7892930639624421,0.7892930639530454,0.7892930639577439,1.0,0.7892930639577439,4.698296400683348e-12,0.25,1.8793185602733393e-11,0.0,0.2012775537003927,0.25,0.02699709567626857,True,0,1.0,1.0,0.25,0.7892930639530454,0.5104518796999429,0.5287298463044459,0.25522593984997144,0.13055436470000178,0.03274928249550035,2.7885717745082e-12,0.09707427399955539
2014-12-26,43,0.639351896475334,0.6393518964661706,0.6393518964707523,0.7,0.9133598521010747,4.581577929627103e-12,0.175,2.6180445312154875e-11,0.0,0.15238716919286832,0.25,0.022872176169613907,True,0,0.7,1.0,0.25,0.9133598520945295,0.6013911937135937,0.6090776942118225,0.21048691779975778,0.11953994989108768,0.03274221837440218,2.608943409040684e-12,0.0670332864738482
2015-01-12,42,0.4000000000118497,0.40000000001087377,0.40000000001136177,0.4,1.0000000000284044,4.879696636603216e-13,0.1,4.879696636603216e-12,0.0,0.2413535872315637,0.25,0.014839494845296036,True,0,0.4,1.0,0.25,1.0000000000271843,0.6772844994896555,0.6502305334661206,0.1354568998979311,0.08924503345667334,0.027183395415355225,3.656825005180578e-12,0.031397301861211355
2015-01-27,43,0.5080329380445712,0.5080329380431392,0.5080329380438552,0.7,0.7257613400626504,7.159929957085576e-13,0.175,4.091388546906043e-12,0.0,0.10502948346357255,0.25,0.023132964966423437,True,0,0.7,1.0,0.25,0.7257613400616275,0.6632616344839646,0.6193358327420088,0.2321415720693876,0.08990677610031396,0.02744917604146476,2.340563171347931e-12,0.031903009205803155
2015-02-10,43,0.5060833401012552,0.5060833400998008,0.506083340100528,1.0,0.506083340100528,7.27213453081638e-13,0.25,2.908853812326552e-12,0.0,0.0,0.25,0.023601541422778982,True,0,1.0,1.0,0.25,0.5060833400998008,0.4637695386976731,0.43238921939812597,0.23188476934883656,0.0887997067290437,0.02742253895360034,2.4227817658574067e-12,0.032279586177340745
2015-02-25,43,0.5722858323445369,0.5722858323426199,0.5722858323435783,1.0,0.5722858323435783,9.583964585822426e-13,0.25,3.8335858343289705e-12,0.0,0.06553807717614069,0.25,0.02535492189109752,True,0,1.0,1.0,0.25,0.5722858323426199,0.4646746254921413,0.4328299416158186,0.23233731274607064,0.08911737625644935,0.02771753610989116,2.277102768263118e-12,0.09751361351202231
2015-03-11,43,0.5628116993680349,0.5628116993661295,0.5628116993670822,1.0,0.5628116993670822,9.52653513542733e-13,0.25,3.810614054170932e-12,0.0,0.006479692316452304,0.25,0.025556787474245682,True,0,1.0,1.0,0.25,0.5628116993661295,0.44889535400683556,0.41803262876449876,0.22444767700341778,0.08858107806145073,0.02755436266168483,2.2550937928701737e-12,0.09763311519359101
2015-03-25,42,0.6648200801356212,0.6648200801336183,0.6648200801346197,1.0,0.6648200801346197,1.0014469171100316e-12,0.25,4.0057876684401265e-12,0.0,0.10000000000470124,0.25,0.03587229667108793,True,0,1.0,1.0,0.25,0.6648200801336183,0.6000105990829108,0.5904288894922066,0.3000052995414554,0.08987968762985646,0.02784303387418683,2.754567268054847e-12,0.06405338220391099
2015-04-09,42,0.7665954270726818,0.7665954270708868,0.7665954270717843,1.0,0.7665954270717843,8.974767938388782e-13,0.25,3.5899071753555128e-12,0.0,0.10025415882573785,0.25,0.04407490334456477,True,0,1.0,1.0,0.25,0.7665954270708868,0.785238850878362,0.7597400763134482,0.392619425439181,0.08912262490566665,0.027964195138665528,3.135685771364379e-12,0.06540140373369194
2015-04-23,43,0.8646540851836041,0.8646540851827408,0.8646540851831724,1.0,0.8646540851831724,4.3162875634619856e-13,0.25,1.7265150253847942e-12,0.0,0.10244616343911786,0.25,0.05013898752040918,True,0,1.0,1.0,0.25,0.8646540851827408,0.9864338505383238,0.9274449560352666,0.4932169252691619,0.088765864855908,0.027936261547644854,4.200052232760402e-12,0.06331704754819897
2015-05-07,43,0.8649613313830077,0.8649613313742398,0.8649613313786237,1.0,0.8649613313786237,4.383942870279244e-12,0.25,1.7535771481116976e-11,0.0,0.004065772097283801,0.25,0.05088536511676028,True,0,1.0,1.0,0.25,0.8649613313742398,0.9885551048029356,0.9290090457048016,0.4942775524014678,0.08835601807921241,0.028105997492238157,1.9460000480786723e-12,0.062223603634235576
2015-05-21,43,0.8625049022188976,0.8625049022101258,0.8625049022145118,1.0,0.8625049022145118,4.385977346885038e-12,0.25,1.7543909387540152e-11,0.0,0.004149972463925178,0.25,0.05212359393631138,True,0,1.0,1.0,0.25,0.8625049022101258,0.9904382425788213,0.9307877019421881,0.49521912128941065,0.08688783127560025,0.02779706835702294,1.888455095035139e-12,0.06169098547693374
2015-06-05,42,0.8583792244889162,0.8583792244801857,0.8583792244845511,1.0,0.8583792244845511,4.365376148618507e-12,0.25,1.746150459447403e-11,0.0,0.0022928258889252096,0.25,0.051894531413932035,True,0,1.0,1.0,0.25,0.8583792244801857,0.9791730958966401,0.9196953079529981,0.48958654794832007,0.08678310185205107,0.02770731234240261,1.7450837123843058e-12,0.06442045498281537
2015-06-19,43,0.8750413113289552,0.8750413113041428,0.8750413113165489,1.0,0.8750413113165489,1.2406379003611294e-11,0.25,4.9625516014445175e-11,0.0,0.11601076641078303,0.25,0.04908771570336148,True,0,1.0,1.0,0.25,0.8750413113041428,0.9809944867942368,0.921172891478375,0.4904972433971184,0.07078496979232436,0.02283990440726773,-4.1002427950634507e-13,0.06197271113502789
2015-07-06,43,0.7924173061819999,0.7924173061445956,0.7924173061632976,1.0,0.7924173061632976,1.87021353706959e-11,0.25,7.48085414827836e-11,0.0,0.08193416379912394,0.25,0.04892840470786733,True,0,1.0,1.0,0.25,0.7924173061445956,0.9707420590624931,0.9136626075995993,0.48537102953124656,0.04177173563720425,0.019343905761835183,-1.9556334503194995e-12,0.06439751055799288
2015-07-20,43,0.7936579646484037,0.7936579646119912,0.7936579646301973,1.0,0.7936579646301973,1.8206206799690856e-11,0.25,7.282482719876342e-11,0.0,0.0014523226216757307,0.25,0.04886377537360976,True,0,1.0,1.0,0.25,0.7936579646119912,0.9757998944614374,0.9186455504249079,0.4878999472307187,0.041238283793060035,0.019097980064429698,-1.8138632570635315e-12,0.06473578348777423
2015-08-03,43,0.7683950760503567,0.7683950760136543,0.7683950760320054,1.0,0.7683950760320054,1.835124791830216e-11,0.25,7.340499167320864e-11,0.0,0.02494664432618056,0.25,0.04643548994077468,True,0,1.0,1.0,0.25,0.7683950760136543,0.9622808029167003,0.9145407793227527,0.48114040145835013,0.03127007986718423,-1.4345413073516113e-12,-1.9224053438446666e-12,0.06465773914525982
2015-08-17,43,0.7686051655262145,0.7686051654896604,0.7686051655079373,1.0,0.7686051655079373,1.827705194026462e-11,0.25,7.310820776105848e-11,0.0,0.0,0.25,0.04568376576978335,True,0,1.0,1.0,0.25,0.7686051654896604,0.9638081351289874,0.9163858249097758,0.4819040675644937,0.03142901694121302,-1.415374497687933e-12,-1.915340958752367e-12,0.0637339507810809
2015-08-31,43,0.0,0.0,0.0,0.4,0.0,0.0,0.1,0.0,0.0,0.7603560346855728,0.7603560346855729,0.0,False,-3,0.4,1.0,0.25,0.0,0.0,0.0,0.0,0.0,0.0,0.0,0.0
2015-09-15,43,0.023142725086667263,0.023142725085558643,0.023142725086112953,0.4,0.05785681271528238,5.54310070066677e-13,0.1,5.54310070066677e-12,0.0,0.023142725086667263,0.25,0.0020741350248356257,True,0,0.4,1.0,0.25,0.0578568127138966,0.14464203173473983,0.19285604230838602,3.8620237058866796e-12,9.706694707271404e-13,1.5127898933542387e-13,1.4347634191835822e-12,-0.023142725077558376
2015-09-29,43,0.0228676030920302,0.022867603090946736,0.022867603091488466,0.35,0.0653360088328242,5.417317928777099e-13,0.7,7.739025612538712e-13,0.0,0.0,0.25,0.0019293176802321127,True,0,0.7,0.5,1.0,0.0326680044156382,0.08167001101105048,0.1088933480122305,3.692444283853181e-12,9.884344702347684e-13,1.5897007054820865e-13,1.4122319054079726e-12,-0.022867603083094133
2015-10-13,43,0.12302554434218246,0.12302554434057282,0.12302554434137765,1.0,0.12302554434137765,8.04826149677845e-13,0.25,3.21930459871138e-12,0.0,0.10000000000281375,0.25,0.012006000047537173,True,0,1.0,1.0,0.25,0.12302554434057282,0.3075638608368524,0.41008514778242033,3.0002907845135314e-12,7.025967180110821e-13,8.524143544213492e-15,8.50856906794787e-13,-0.12302554433474097
2015-10-27,42,0.20301674021168475,0.2030167402100618,0.20301674021087326,1.0,0.20301674021087326,8.114725785092996e-13,0.25,3.2458903140371982e-12,0.0,0.08259737546535346,0.25,0.015851977385190074,True,0,1.0,1.0,0.25,0.2030167402100618,0.5075418505113699,0.6767224673486187,2.9223183092345917e-12,6.758117587661716e-13,3.1887065395787447e-14,7.153280367692063e-13,-0.203016740204548
2015-11-10,44,0.22298561179870008,0.222985611797286,0.22298561179799303,1.0,0.22298561179799303,7.070332194845983e-13,0.25,2.828132877938393e-12,0.0,0.02406559067391164,0.25,0.01712549233168699,True,0,1.0,1.0,0.25,0.222985611797286,0.5574640294700026,0.7432853726255884,4.818755994132272e-12,1.1125795359037167e-12,3.1220786393227567e-13,1.3642731032956808e-12,-0.22298561178800108
2015-11-24,44,0.2222840539845335,0.22228405398312545,0.22228405398382944,1.0,0.22228405398382944,7.040190820298611e-13,0.25,2.8160763281194445e-12,0.0,0.0006437080311649385,0.25,0.016475388648638095,True,0,1.0,1.0,0.25,0.22228405398312545,0.5557101349345154,0.7409468465783106,4.863755367270066e-12,1.1256176663411405e-12,3.199981907673509e-13,1.3283582453842025e-12,-0.22228405397380618
2015-12-09,44,0.22297112551499532,0.22297112551359918,0.22297112551429726,1.0,0.22297112551429726,6.98060157779642e-13,0.25,2.792240631118568e-12,0.0,0.002741656188593636,0.25,0.016508227401675468,True,0,1.0,1.0,0.25,0.22297112551359918,0.5574278137612931,0.7432370850140844,4.70872010963801e-12,1.1203041135432704e-12,3.169595259498306e-13,1.271528436122306e-12,-0.22297112550451725
2015-12-23,44,0.16252089545020484,0.1625208954488112,0.162520895449508,0.7,0.23217270778501145,6.968143250831341e-13,0.175,3.981796143332195e-12,0.0,0.059722470393460916,0.25,0.011805921513753051,True,0,0.7,1.0,0.25,0.23217270778401602,0.5804317694274337,0.7739090259018867,4.770734126270715e-12,1.117624806907665e-12,3.165562931289119e-13,1.2499730760142227e-12,-0.1625208954396814
2016-01-08,44,0.30181447267529254,0.021814472672030877,0.16181447267366172,0.35,0.4623270647818907,0.14000000000163085,0.7,0.2000000000023298,0.0,0.1419144038457215,0.25,0.013441107785852717,True,0,0.7,0.5,1.0,0.03116353238861554,0.5779088309602106,0.7705451079417591,-0.025454545454442378,-0.018666666666500846,-0.06999999999860096,1.7304109163627315e-12,-0.16181447266885896
2016-01-25,44,0.369218463737704,-0.04823949796883185,0.16048948288443615,0.35,0.4585413796698176,0.20872898085326796,0.7,0.2981842583618114,0.0,0.07018083162499093,0.25,0.013812806265188835,True,0,0.7,0.5,1.0,0.06891356852690264,0.5731767245780355,0.7642356327693438,-0.024992356674358118,-0.051079129503168924,-0.0687289808473182,6.349533094795414e-13,-0.16048948288184992
2016-02-08,44,0.4391772336898025,0.024300623758770304,0.23173892872428642,0.35,0.6621112249265326,0.20743830496551607,0.7,0.296340435665023,0.0,0.07272711540862743,0.25,0.014853438891459587,True,0,0.7,0.5,1.0,0.03471517679824329,0.5776390311465615,0.7701853748636919,-0.02452301998893602,-0.0228209943250781,-0.05343830495869552,5.363525471098132e-13,-0.16173892872103718
2016-02-23,44,0.42516394184115014,0.007166299332522778,0.21616512058683646,0.35,0.6176146302481041,0.2089988212543137,0.7,0.2985697446490196,0.0,0.016665281991653874,0.25,0.014818015632189263,True,0,0.7,0.5,1.0,0.01023757047503254,0.5223495039005468,0.6964660052027686,-0.025090480456642465,-0.023170193786301516,-0.05501736934857055,-1.4631307030160268e-13,-0.14625786109215308
2016-03-08,44,0.5383120245935699,0.25390024842691317,0.39610613651024146,1.0,0.39610613651024146,0.1422058880833283,0.25,0.5688235523333132,0.0,0.2500000000163236,0.25,0.017341300854439065,True,0,1.0,1.0,0.25,0.25390024842691317,0.36606648020031196,0.4880886402655265,-0.02603619618037571,0.039268947197236184,-0.05159953949554667,1.8275764439962736e-12,-0.1464265920801248
2016-03-22,44,0.7910321305724441,0.5023694468812532,0.6467007887268488,1.0,0.6467007887268488,0.14433134184559548,0.25,0.5773253673823819,0.0,0.25000000000186484,0.25,0.028524732664936946,True,0,1.0,1.0,0.25,0.5023694468812532,0.4448085981466217,0.5930781308615513,0.064293340622259,0.12760760681234562,-0.05319331327890975,1.3601083934771108e-12,-0.1779234392586487
2016-04-06,44,1.000000000000204,0.7122112226049409,0.8561056113025723,1.0,0.8561056113025723,0.1438943886976316,0.25,0.5755775547905264,0.0,0.2107682015340309,0.25,0.04607854722909187,True,0,1.0,1.0,0.25,0.7122112226049409,0.6523365063015891,0.6909595236821676,0.06456352491364739,0.12886789863952114,-0.052462504978146286,0.04627416157445358,-0.26093460252063566
2016-04-20,44,1.0000000000007114,0.9618257069244744,0.9809128534625928,1.0,0.9809128534625928,0.019087146538118417,0.25,0.07634858615247367,0.0,0.2499999999998674,0.25,0.04800119997663514,True,0,1.0,1.0,0.25,0.9618257069244744,0.653998812815588,0.6838214981689554,0.12184604083274235,0.21727237896309398,0.08083950899801452,0.04939230630706621,-0.26159952512623524
2016-05-04,44,1.0000000000117275,1.0000000000109386,1.000000000011333,1.0,1.000000000011333,3.9455439411381284e-13,0.25,1.5782175764552513e-12,0.0,0.25000000001158096,0.25,0.04408648755726693,True,0,1.0,1.0,0.25,1.0000000000109386,0.533853773328803,0.6608632458266908,0.13871882437499164,0.2594033723018854,0.13163129064023169,0.038879876241478525,-0.21354150933152122
2016-05-18,44,1.0000000000043179,1.0000000000037597,1.0000000000040388,1.0,1.0000000000040388,2.790555734928773e-13,0.25,1.1162222939715093e-12,0.0,0.2500000000039023,0.25,0.04257060398817969,True,0,1.0,1.0,0.25,1.0000000000037597,0.5813266704966616,0.729697210432941,0.13723266199589462,0.2906633352483308,0.13837577683500532,0.03852197378034453,-0.16954890693531385
2016-06-02,44,0.9999999999784516,0.9999999999329238,0.9999999999556878,1.0,0.9999999999556878,2.2763877351974656e-11,0.25,9.105550940789862e-11,0.0,0.25000000003937606,0.25,0.038913515923730886,True,0,1.0,1.0,0.25,0.9999999999329238,0.612303697443486,0.7499999999731518,0.02853232707303476,0.306151848721743,0.13999999999418433,0.036858844065976934,-0.17005986089323363
2016-06-16,43,1.0000000000002327,0.9999999999990955,0.9999999999996639,1.0,0.9999999999996639,5.686502101539723e-13,0.25,2.2746008406158893e-12,0.0,0.2500000000001268,0.25,0.03778157279637507,True,0,1.0,1.0,0.25,0.9999999999990955,0.8,1.0,0.06490687879074529,0.33480927035111385,0.24000000000000002,0.03842392808806759,-0.09583574682222283
2016-06-30,44,1.0000000000144642,0.999999999960801,0.9999999999876326,1.0,0.9999999999876326,2.6831645646949394e-11,0.25,1.0732658258779758e-10,0.0,0.10539611167506824,0.25,0.037085171896460024,True,0,1.0,1.0,0.25,0.999999999960801,0.775777157045454,0.9589850299198251,0.06226772764229457,0.31612229668432845,0.2327331471136362,0.03734748976602448,-0.08756930908865046
2016-07-15,44,1.0000000000066644,1.0000000000066644,1.0000000000066644,1.0,1.0000000000066644,0.0,0.25,0.0,0.0,0.2500000000057576,0.25,0.03519810959165405,True,0,1.0,1.0,0.25,1.0000000000066644,0.6960278988809703,0.8582641858641277,0.05461237945495598,0.3187059243669374,0.2088083696642911,0.033446692784820334,-0.055846728127295804
2016-07-29,44,1.0000000000411329,1.0000000000411329,1.0000000000411329,1.0,1.0000000000411329,0.0,0.25,0.0,0.0,0.1113035140384967,0.25,0.03567362906407529,True,0,1.0,1.0,0.25,1.0000000000411329,0.656706692162049,0.9127147183380143,0.051014400230606397,0.3196002944994751,0.1970120076486147,0.03190059775028661,-0.044261669304518886
2016-08-12,44,0.9999999999828094,0.9999999999618189,0.9999999999723143,1.0,0.9999999999723143,1.0495387236990106e-11,0.25,4.198154894796042e-11,0.0,0.25000000002645784,0.25,0.03260986805138606,True,0,1.0,1.0,0.25,0.9999999999618189,0.7615626646381378,0.8558599924303668,0.13792433608155721,0.2833854908291867,0.22846879939144132,0.027895973842437298,-0.030442750664013467
2016-08-26,44,1.0000000000146134,1.0000000000129234,1.0000000000137685,1.0,1.0000000000137685,8.449036106662521e-13,0.25,3.3796144426650084e-12,0.0,0.2500000000144116,0.25,0.03529312587638871,True,0,1.0,1.0,0.25,1.0000000000129234,0.7005343757704321,0.7801239463847496,0.2181696136962402,0.25582339995847814,0.21016031273112962,0.023916114788112904,-0.025004705256412796
2016-09-12,44,1.000000000064877,1.0000000000638658,1.0000000000643714,1.0,1.0000000000643714,5.05556960212599e-13,0.25,2.022227840850396e-12,0.0,8.483520295160529e-05,0.25,0.039179711744710875,True,0,1.0,1.0,0.25,1.0000000000638658,0.7003393677926687,0.7789953864192675,0.21694412835301743,0.2549349567859411,0.2101018103378006,0.024492849846424917,-0.025551829975250084
2016-09-26,44,1.000000000016734,1.0000000000154523,1.0000000000160931,1.0,1.0000000000160931,6.408184033428089e-13,0.25,2.5632736133712356e-12,0.0,0.2500000000126724,0.25,0.040129391381688154,True,0,1.0,1.0,0.25,1.0000000000154523,0.7061343223131685,0.7452007168612427,0.30385618434300166,0.22403351094855262,0.21184029669395055,0.019530957523035495,-0.01994463134831754
2016-10-10,44,1.0000000000003344,0.9999999999999768,1.0000000000001557,1.0,1.0000000000001557,1.7872422527791296e-13,0.25,7.148969011116518e-13,0.0,0.0481526973099386,0.25,0.039763033100635684,True,0,1.0,1.0,0.25,0.9999999999999768,0.7012630058771064,0.7386719988544658,0.29636409688908827,0.2201759796546116,0.21037890176313193,0.01745197918311905,-0.01781586007645858
2016-10-24,44,1.0000000000001779,0.9999999999998226,1.0,1.0,1.0,1.776852062110618e-13,0.25,7.107408248442472e-13,0.0,9.641288361238079e-06,0.25,0.039527886021835275,True,0,1.0,1.0,0.25,0.9999999999998226,0.7005346412606179,0.7378640330417874,0.2962647832812473,0.22001074553177452,0.21016039237818537,0.017434655355733703,-0.017806799821724447
2016-11-07,44,0.999376067627594,0.999376067627236,0.999376067627415,1.0,0.999376067627415,1.790944577507737e-13,0.25,7.163778310030948e-13,0.0,0.0006239343133900149,0.25,0.04045003544887028,True,0,1.0,1.0,0.25,0.999376067627236,0.6984939416523954,0.73612202680068,0.29421999668182364,0.21976571846144843,0.2095481824957186,0.018088863420955652,-0.01843736203689116
2016-11-21,44,0.9999999999998774,0.9999999999972536,0.9999999999985655,1.0,0.9999999999985655,1.311806343874061e-12,0.25,5.247225375496244e-12,0.0,0.19982524046591216,0.25,0.03641364487676608,True,0,1.0,1.0,0.25,0.9999999999972536,0.684070138190309,0.6895403956033431,0.22561335002842814,0.20960940541390682,0.2052210414570927,0.017106723732712076,0.08258614529418162
2016-12-06,44,0.9897879548714644,0.9897879548688283,0.9897879548701464,1.0,0.9897879548701464,1.318044533668042e-12,0.25,5.272178134672168e-12,0.0,0.010997232236627782,0.25,0.036627731276021425,True,0,1.0,1.0,0.25,0.9897879548688283,0.6849458115839472,0.6900194339787575,0.21807634361505543,0.2087150852599367,0.20548374347518414,0.017298581674303752,0.0818878505621647
2016-12-20,44,0.9398336052018655,0.9398336051974385,0.9398336051996521,1.0,0.9398336051996521,2.213539959874887e-12,0.25,8.854159839499547e-12,0.0,0.25000000000703326,0.25,0.04212538443904348,True,0,1.0,1.0,0.25,0.9398336051974385,0.6838697243955433,0.6880282078814494,0.31054703629124425,0.1670233978552976,0.20516091731866298,0.01656850093265018,0.08332705159938215
2017-01-05,44,1.0000000000000488,0.9999999999966644,0.9999999999983565,1.0,0.9999999999983565,1.6921786800958112e-12,0.25,6.768714720383245e-12,0.0,0.21485570660256412,0.25,0.046675311733754124,True,0,1.0,1.0,0.25,0.9999999999966644,0.8749091232836064,0.7293282518568688,0.4374545616418032,0.13221435919737837,0.20656609332902395,0.013659760343003891,0.08512136456826931
2017-01-20,44,1.0000000000130203,1.0000000000037093,1.0000000000083646,1.0,1.0000000000083646,4.655422832392579e-12,0.25,1.8621691329570317e-11,0.0,0.2500000000094885,0.25,0.04720534863643324,True,0,1.0,1.0,0.25,1.0000000000037093,1.0000000000117697,0.8615659796772559,0.5000000000058848,0.09879549172551111,0.18112950715593634,0.013453101716870438,0.05807051736233982
2017-02-03,44,1.0000000000104383,0.9999999999993979,1.000000000004918,1.0,1.000000000004918,5.5202261181323366e-12,0.25,2.2080904472529346e-11,0.0,0.250000000009533,0.25,0.046596971555981866,True,0,1.0,1.0,0.25,0.9999999999993979,1.000000000009911,0.8943811820598337,0.5000000000049555,0.0987538341025322,0.1813816593294339,0.007097390533586197,0.03378946263977777
2017-02-17,44,1.0000000000227585,1.00000000000509,1.0000000000139242,1.0,1.0000000000139242,8.834331670483573e-12,0.25,3.5337326681934294e-11,0.0,0.25000000001324724,0.25,0.046159521335218986,True,0,1.0,1.0,0.25,1.00000000000509,1.0000000000217197,0.8713392242118175,0.5000000000108599,0.10129937979771275,0.19631561509708453,0.007225138887909412,0.03367828631825817
2017-03-06,44,1.0000000000070233,1.0000000000069336,1.0000000000069784,1.0,1.0000000000069784,4.487729632352e-14,0.25,1.7950918529408e-13,0.0,0.2500000000035571,0.25,0.04743073032630348,True,0,1.0,1.0,0.25,1.0000000000069336,1.000000000005052,0.8665207724456375,0.500000000002526,0.10120247409327951,0.19632604613288243,0.009543251587181771,0.03268568041620103
2017-03-20,44,1.0000000000245755,0.982711319464943,0.9913556597447591,1.0,0.9913556597447591,0.008644340279816216,0.25,0.03457736111926486,0.0,0.10230027864598368,0.25,0.04123423976711343,True,0,1.0,1.0,0.25,0.982711319464943,1.0000000000292424,0.8744670024461664,0.5000000000146212,0.10059955658187898,0.19467575188792208,0.009274983819130835,0.03241020738084829
2017-04-03,44,1.0000000000807898,0.9584420646329985,0.9792210323568944,1.0,0.9792210323568944,0.020778967723895772,0.25,0.08311587089558309,0.0,0.18728265711976966,0.25,0.03837990535912179,True,0,1.0,1.0,0.25,0.9584420646329985,1.00000000009973,1.0000000000896645,0.500000000049865,0.08251477941341165,0.10226545320677462,0.01639848386543208,0.011564832272925834
2017-04-18,44,1.0000000000137808,0.9472863836233187,0.9736431918185497,1.0,0.9736431918185497,0.026356808195230952,0.25,0.10542723278092381,0.0,0.16123383085850532,0.25,0.03651169976517149,True,0,1.0,1.0,0.25,0.9472863836233187,1.0000000000172418,0.9977821927719029,0.5000000000086209,0.08354439281666713,0.10342472471137984,0.016385686020470178,0.03077049623527064
2017-05-02,44,0.9886209981709867,0.9354111581021781,0.9620160781365824,1.0,0.9620160781365824,0.02660492003440425,0.25,0.106419680137617,0.0,0.06499798528211673,0.25,0.03599990469771879,True,0,1.0,1.0,0.25,0.9354111581021781,0.9999999999673757,0.9941633760139381,0.4999999999836878,0.08212336434177846,0.10196148310354751,0.015497104121835917,0.03826439206655443
2017-05-16,44,0.9915305117070455,0.9447426676303047,0.968136589668675,1.0,0.968136589668675,0.023393922038370447,0.25,0.09357568815348179,0.0,0.24999999999973258,0.25,0.030258200161176998,True,0,1.0,1.0,0.25,0.9447426676303047,0.9999999999963852,0.9999999999991498,0.4999999999981926,0.08180560010553184,0.10148563129416588,0.015316070748376683,0.03624123388027409
2017-05-31,44,1.0000000000300369,1.000000000027739,1.0000000000288878,1.0,1.0000000000288878,1.1488956370901207e-12,0.25,4.595582548360483e-12,0.0,0.2500000000092721,0.25,0.030214127846991533,True,0,1.0,1.0,0.25,1.000000000027739,0.955327720430861,0.8820838490463166,0.4776638602154305,0.0726239026849935,0.08598130491438012,0.00500256625168787,-0.09849582063296304
2017-06-14,43,1.0000000000161666,1.0000000000144977,1.0000000000153322,1.0,1.0000000000153322,8.344913482013555e-13,0.25,3.337965392805422e-12,0.0,0.24999999999471248,0.25,0.03050582148617919,True,0,1.0,1.0,0.25,1.0000000000144977,0.8804587092266871,0.8474408627729018,0.44022935461334356,0.0778610080623536,0.1028957560464835,1.2411541687795764e-12,-0.1786814437013144
2017-06-28,44,1.000000000020695,1.000000000016473,1.0000000000185838,1.0,1.0000000000185838,2.110914707064789e-12,0.25,8.443658828259156e-12,0.0,0.25000000001777173,0.25,0.03473073434048426,True,0,1.0,1.0,0.25,1.000000000016473,0.969397793453004,0.9174898633902966,0.484698896726502,0.07287162569233109,0.11568406728516463,1.9765751861196202e-12,-0.2774764028910415
2017-07-13,43,1.0000000000185016,1.0000000000115992,1.0000000000150504,1.0,1.0000000000150504,3.4512352636051907e-12,0.25,1.3804941054420763e-11,0.0,0.026110704860247608,0.25,0.034196516296284375,True,0,1.0,1.0,0.25,1.0000000000115992,0.9526309325122299,0.9029758843491361,0.4763154662561149,0.07124125270049605,0.11280918737219553,2.2771787538773145e-12,-0.2892206404883046
2017-07-27,44,0.9997827932226712,0.9997827932143163,0.9997827932184937,1.0,0.9997827932184937,4.177529872627625e-12,0.25,1.67101194905105e-11,0.0,0.0026529743359055696,0.25,0.033811118386327985,True,0,1.0,1.0,0.25,0.9997827932143163,0.9543563304647209,0.9048118380306257,0.47717816523236045,0.07082056094480622,0.11220335247531624,3.044275841152643e-12,-0.28879724243078014
2017-08-10,44,0.997265253459369,0.9972652534509706,0.9972652534551698,1.0,0.9972652534551698,4.199127087603729e-12,0.25,1.6796508350414917e-11,0.0,0.002516523982667898,0.25,0.03453911280882355,True,0,1.0,1.0,0.25,0.9972652534509706,0.9487583615181995,0.8993694115571781,0.47437918075909974,0.07122290260569507,0.11263646198147267,2.9506600646927903e-12,-0.2886292291577293
2017-08-24,44,0.7000000000172826,0.7000000000099027,0.7000000000135926,0.7,1.000000000019418,3.689990622412517e-12,0.175,2.10856606995001e-11,0.0,0.29726678416741187,0.2972668841771557,0.024473369095295943,True,0,0.7,1.0,0.25,1.0000000000141467,0.9596360453157766,0.8952388010900103,0.3358726158605218,0.05139511575141853,0.07969643197367177,3.789115662763274e-12,-0.1924829969712758
2017-09-08,44,0.8925672832460747,0.8925672832396272,0.892567283242851,1.0,0.892567283242851,3.2237060875064567e-12,0.25,1.2894824350025827e-11,0.0,0.18912970867653012,0.25,0.0263396643871725,True,0,1.0,1.0,0.25,0.8925672832396272,0.6759660663168068,0.6666666666701719,0.3379830331584034,0.058176857133411516,0.07954960354165254,0.00013860000473207504,-0.2529387342852782
2017-09-22,44,0.9927145856344806,0.9927145856153021,0.9927145856248911,1.0,0.9927145856248911,9.589270353669284e-12,0.25,3.8357081414677137e-11,0.0,0.10398392866555603,0.25,0.04567353482713931,True,0,1.0,1.0,0.25,0.9927145856153021,0.8768186218435551,0.7991313603262038,0.43840931092177754,0.05781205048099302,0.07907390003669114,0.00013377711261872716,-0.2834573841195194
2017-10-06,44,0.9999999999995094,0.999999999967251,0.9999999999833802,1.0,0.9999999999833802,1.6129193209336733e-11,0.25,6.451677283734693e-11,0.0,0.25000000000689415,0.25,0.04396139388836427,True,0,1.0,1.0,0.25,0.999999999967251,0.7828568107344119,0.7294980630319402,0.39142840536720597,0.08908351105214769,0.07925096001283821,0.0001383768029370862,-0.26493935439781213
2017-10-20,44,1.000000000008076,1.0000000000077842,1.00000000000793,1.0,1.00000000000793,1.45840852490198e-13,0.25,5.83363409960792e-13,0.0,0.24143624008126915,0.25,0.04096584409005262,True,0,1.0,1.0,0.25,1.0000000000077842,0.8327177313336658,0.7745520594795825,0.4163588656668329,0.07539966171476241,0.06569095773206636,1.0062286799752199e-12,-0.26490036487168334
2017-11-03,44,0.9999999999952596,0.9999999999935427,0.9999999999944011,1.0,0.9999999999944011,8.584148983590705e-13,0.25,3.433659593436282e-12,0.0,0.25000000000378514,0.25,0.03632750937077509,True,0,1.0,1.0,0.25,0.9999999999935427,0.7908895005482308,0.7498768214698669,0.3954447502741154,0.10502300848289316,0.08514167173507348,5.841356239739915e-13,-0.23284510317990142
2017-11-17,44,0.9999999999998377,0.9999999999990389,0.9999999999994382,1.0,0.9999999999994382,3.9939189385520543e-13,0.25,1.5975675754208217e-12,0.0,0.2500000000002326,0.25,0.03131642306465242,True,0,1.0,1.0,0.25,0.9999999999990389,0.8836748985525738,0.8436523774271995,0.4418374492762869,0.09910960396051621,0.08243938400082336,5.47720414126144e-13,-0.20165034924133493
2017-12-04,44,0.9999999999987352,0.9999999999981447,0.9999999999984399,1.0,0.9999999999984399,2.9519768283954894e-13,0.25,1.1807907313581957e-12,0.0,0.07801546340982506,0.25,0.0317603080818107,True,0,1.0,1.0,0.25,0.9999999999981447,0.8981959468693226,0.8727319789865045,0.4490979734346613,0.09652768596961715,0.07972700973424578,5.52129821010639e-14,-0.19871753421799812
2017-12-18,44,0.9999999999989422,0.9999999999873803,0.9999999999931612,1.0,0.9999999999931612,5.780973964225252e-12,0.25,2.3123895856901008e-11,0.0,0.25000000000790623,0.25,0.028545019954742522,True,0,1.0,1.0,0.25,0.9999999999873803,0.7860705450489702,0.7689018676285768,0.3930352725244851,0.13044388796444242,0.06770426096742074,0.004998444465458555,-0.17698469260532393
2018-01-03,44,1.0000000000361196,1.0000000000333717,1.0000000000347458,1.0,1.0000000000347458,1.3739527011301837e-12,0.25,5.495810804520735e-12,0.0,0.25000000002661443,0.25,0.028506902367961846,True,0,1.0,1.0,0.25,1.0000000000333717,0.8553018342025754,0.8242880032076437,0.4276509171012877,0.11836738430500963,0.06036944943808994,0.00515570171705234,-0.1845889134903928
2018-01-18,44,1.0000000000042029,1.0000000000010985,1.0000000000026505,1.0,1.0000000000026505,1.5522848349885636e-12,0.25,6.2091393399542545e-12,0.0,0.20329033283755701,0.25,0.028571130773141173,True,0,1.0,1.0,0.25,1.0000000000010985,0.810175439681491,0.7803877339936551,0.4050877198407455,0.20876162459284542,0.053998620599926536,0.004376431563670808,-0.1761245238706636
2018-02-01,44,0.7000000000114643,0.7000000000061578,0.700000000008811,0.7,1.0000000000125873,2.653236111662211e-12,0.175,1.516134920949835e-11,0.0,0.3000408734216476,0.300040873418801,0.02191676291993438,True,0,0.7,1.0,0.25,1.000000000008797,0.8235712864289442,0.7876884264472042,0.28824995025013045,0.13479306035903096,0.044290664647565495,0.004438692226893981,-0.11989308252298038
2018-02-15,44,0.4000000000109456,0.4000000000085625,0.400000000009754,0.4,1.000000000024385,1.1915547268109843e-12,0.1,1.1915547268109842e-11,0.0,0.2960653089456635,0.29606530893866734,0.017323819324230227,True,0,0.4,1.0,0.25,1.0000000000214062,0.7035815400444835,0.633112918174673,0.1407163080088967,0.07398985857488882,0.028756088130871767,0.004508709140584098,-0.0879221112993187
2018-03-02,44,0.39999999999548874,0.3999999999866607,0.39999999999107466,0.4,0.9999999999776866,4.414011231166565e-12,0.1,4.4140112311665643e-11,0.0,0.24999999999980768,0.25,0.016754731646661265,True,0,0.4,1.0,0.25,0.9999999999666517,0.850252576148088,0.7866579877706991,0.08167193892187169,0.04449823424904447,0.014231462363475729,0.05216059222607306,-0.13604041218369411
2018-03-16,44,0.3976325859537661,0.3976325859465644,0.39763258595016526,0.7,0.568046551357379,3.6008159186298046e-12,0.175,2.0576090963598884e-11,0.0,0.12420253457945304,0.25,0.018476802857410105,True,0,0.7,1.0,0.25,0.5680465513522349,0.6261223524818534,0.5938742443179709,0.08061508381079024,0.003487767993376381,0.005522328231228645,0.05813965445449711,-0.17531425869491896
2018-04-02,44,0.3879073194840807,0.3879073194718547,0.3879073194779677,0.7,0.5541533135399539,6.112996322026669e-12,0.175,3.493140755443811e-11,0.0,0.008757882830479166,0.25,0.01931877767131692,True,0,0.7,1.0,0.25,0.554153313531221,0.627678010775023,0.5958037592418888,0.0758778663434009,0.00026703826927721206,3.758930851013464e-13,0.0585195106725214,-0.17574984301700644
2018-04-16,44,0.40319281311355715,0.4031928130974438,0.4031928131055006,0.7,0.575989733007858,8.056654373590664e-12,0.175,4.6038024991946654e-11,0.0,0.012718154912489718,0.25,0.019832206993067227,True,0,0.7,1.0,0.25,0.5759897329963484,0.643551582523139,0.598891892891451,0.07724142799073618,0.0002660934841640461,3.70231922660647e-13,0.06733667918051463,-0.18019444310647892
2018-04-30,44,0.40210424954205604,0.4021042495120851,0.4021042495270705,0.7,0.5744346421815294,1.4985485028653536e-11,0.175,8.563134302087735e-11,0.0,0.0011439975349215314,0.25,0.02005619854922565,True,0,0.7,1.0,0.25,0.5744346421601216,0.6380269768727245,0.5903794667864737,0.07727347175355123,0.00026720691954917517,8.202742760579227e-13,0.06831721375332583,-0.17864755352436285
2018-05-14,44,0.6395827738154832,0.6395827737977472,0.6395827738066152,1.0,0.6395827738066152,8.867990811933458e-12,0.25,3.547196324773383e-11,0.0,0.23637405065889808,0.25,0.033947624655866676,True,0,1.0,1.0,0.25,0.6395827737977472,0.754875116839876,0.663114607843952,0.07825443956091335,0.00026685057399443007,1.0420967757998165e-12,0.16121183363065214,-0.3019500467359504
2018-05-29,44,0.6952403293722629,0.6952403293418503,0.6952403293570566,1.0,0.6952403293570566,1.520629446514276e-11,0.25,6.082517786057104e-11,0.0,0.06126782669503702,0.25,0.03322412823644926,True,0,1.0,1.0,0.25,0.6952403293418503,0.7487199594354018,0.6572519722407812,0.07622328355512789,0.0006666666679363026,1.2111591644783696e-12,0.1611333841997391,-0.29948798377416075
2018-06-12,44,0.8826872746315623,0.8826872745997444,0.8826872746156532,1.0,0.8826872746156532,1.5908940095625893e-11,0.25,6.363576038250357e-11,0.0,0.21471541663864735,0.25,0.0437658279158583,True,0,1.0,1.0,0.25,0.8826872745997444,0.46209165002815417,0.9425156942669004,0.16938903417867518,0.0006665896599484542,4.4093580757441576e-13,0.16084375671125276,-0.18483666001126167
2018-06-26,44,0.8530654713396864,0.8530654713087509,0.8530654713242185,1.0,0.8530654713242185,1.5467685368178317e-11,0.25,6.187074147271327e-11,0.0,0.0652130139253157,0.25,0.045141325000798545,True,0,1.0,1.0,0.25,0.8530654713087509,0.3685856611318016,0.8043249962483858,0.16729430242286947,0.0006666666666724409,3.4647595330966236e-13,0.1710609466733316,-0.14743426445272065
2018-07-11,44,0.9862178026059907,0.9862178025780644,0.9862178025920275,1.0,0.9862178025920275,1.3963151342113304e-11,0.25,5.5852605368453216e-11,0.0,0.22377119190546096,0.25,0.06200538261098771,True,0,1.0,1.0,0.25,0.9862178025780644,0.6824328448311311,0.6625925598309721,0.34121642241556555,0.000666666666636805,6.932678044825119e-14,0.1676422913298942,-0.10322583579543214
2018-07-25,44,0.8733519613375559,0.8733519613039935,0.8733519613207746,1.0,0.8733519613207746,1.6781188025133182e-11,0.25,6.712475210053273e-11,0.0,0.11600977683090616,0.25,0.05805820455239602,True,0,1.0,1.0,0.25,0.8733519613039935,0.655766926513221,0.6626136939611136,0.3278834632566105,0.0006605755355575053,-6.124672654137311e-13,0.15057749807525378,-0.06993459342806475
2018-08-08,44,0.9999999999996609,0.9999999999959801,0.9999999999978204,1.0,0.9999999999978204,1.8403451683796385e-12,0.25,7.361380673518554e-12,0.0,0.24999999999882716,0.25,0.054080403953587784,True,0,1.0,1.0,0.25,0.9999999999959801,0.7160690214424885,0.6836249938269554,0.35803451072124426,0.04729219946641182,-1.8433439728680574e-13,0.1386852603097694,-0.06124021327715033
2018-08-22,44,0.9969389547977057,0.9969389547940426,0.9969389547958742,1.0,0.9969389547958742,1.831463297791856e-12,0.25,7.325853191167425e-12,0.0,0.0031116761870567528,0.25,0.051334379548660755,True,0,1.0,1.0,0.25,0.9969389547940426,0.7133519362715094,0.681423816893088,0.3566759681357547,0.04729067474330604,-1.8398038409724166e-13,0.1377229706601605,-0.06124869757366207
2018-09-06,44,0.9409032911524493,0.9409032911435931,0.9409032911480212,1.0,0.9409032911480212,4.428095445414745e-12,0.25,1.771238178165898e-11,0.0,0.0668927678734699,0.25,0.04942573771420859,True,0,1.0,1.0,0.25,0.9409032911435931,0.7109461046357233,0.6796275944785309,0.35547305231786164,0.047166530156882464,-4.734810658385915e-13,0.1377901025565005,0.005035477556651945
2018-09-20,44,1.0000000000223594,1.0000000000178246,1.0000000000200922,1.0,1.0000000000200922,2.2674826976104577e-12,0.25,9.06993079044183e-12,0.0,0.2500000000193659,0.25,0.04456687859282943,True,0,1.0,1.0,0.25,1.0000000000178246,0.8124788202813501,0.7719749373627162,0.40623941014067505,0.05316891176185252,1.0816209956189029e-12,0.0764337436732493,0.0315596396888998
2018-10-04,44,1.0000000000172737,1.0000000000130864,1.00000000001518,1.0,1.00000000001518,2.093743806196613e-12,0.25,8.374975224786451e-12,0.0,0.09759484666283659,0.25,0.03929344203833429,True,0,1.0,1.0,0.25,1.0000000000130864,0.8532994145840638,0.8069849112541334,0.4266497072920319,0.05075399501052967,1.021822036610312e-12,0.07497030995148504,0.03428826649818411
2018-10-18,44,0.7000000000021466,0.6999999999978537,0.7000000000000002,0.7,1.0000000000000002,2.146472544651656e-12,0.175,1.2265557398009462e-11,0.0,0.30002020845634664,0.3000203084584933,0.03140867761112523,True,0,0.7,1.0,0.25,0.9999999999969339,0.8438096942251694,0.803908847739159,0.2953333929788093,0.03449245618881769,9.478615083072758e-13,0.05356807258326088,0.013262786594460037
2018-11-01,44,0.6334236505562897,0.6334236505518854,0.6334236505540877,0.7,0.9048909293629824,2.202145838162488e-12,0.175,1.2583690503785647e-11,0.0,0.06413170248998976,0.25,0.033997698349819964,True,0,0.7,1.0,0.25,0.9048909293598364,0.8362456216670522,0.7981151656155093,0.29268596758346827,0.004730234540776906,1.0028008853144295e-12,0.05192999286010479,0.014762515424808123
2018-11-15,44,0.6323583993092712,0.6323583993049278,0.6323583993070995,0.7,0.903369141867285,2.1717378188696184e-12,0.175,1.2409930393540677e-11,0.0,0.0,0.25,0.03520914542309373,True,0,0.7,1.0,0.25,0.9033691418641826,0.8365927256452591,0.7994544051326357,0.2928074539758407,0.004748633818864147,9.984155916109521e-13,0.05005483752366136,0.016558981995544852
2018-11-30,44,0.6336886314780138,0.6336886314736807,0.6336886314758472,1.0,0.6336886314758472,2.166551937921176e-12,0.25,8.666207751684704e-12,0.0,0.0,0.25,0.03731281203679773,True,0,1.0,1.0,0.25,0.6336886314736807,0.5935560552520457,0.5675947941792868,0.29677802762602284,0.004741666262475666,9.95202227333182e-13,0.04809899737871646,0.017323053115802494
2018-12-17,44,0.3500001000208676,0.3499999000040143,0.35000000001244097,0.35,1.0000000000355458,1.0000842666612733e-07,0.7,1.428691809516105e-07,0.0,0.2738213206103233,0.2738213205928371,0.014422609393773073,True,0,0.7,0.5,1.0,0.4999998571485919,0.2599400847492797,0.4190458723288756,0.09097902966224788,0.004843879235135826,1.885026035287363e-12,0.01136709780393784,0.02832264109298309
2019-01-02,44,0.20000010090577702,0.19999989910805666,0.20000000000691684,0.2,1.0000000000345841,1.0089886019276301e-07,0.4,2.522471504819075e-07,0.0,0.1480032062403257,0.25,0.008795196513402648,True,0,0.4,0.5,1.0,0.4999997477701416,0.24268518828006966,0.44396262379105894,0.048537037656013936,0.002875995040138898,5.436961027734321e-13,0.008337019796257842,0.005785463204222833
2019-01-16,44,0.3500001008094147,0.34999989918305807,0.3499999999962364,0.35,0.9999999999892468,1.0081317823991311e-07,0.7,1.4401882605701873e-07,0.0,0.1930461355824957,0.25,0.0088319623718611,True,0,0.7,0.5,1.0,0.49999985597579727,0.1471905771740328,0.5655058547275508,0.04507851338069732,0.05151670201091148,-3.1011466041338136e-13,0.005768719483636398,0.006723250044142197
2019-01-31,44,0.6024383145442941,0.6024381116303029,0.6024382130872985,1.0,0.6024382130872985,1.0145699569604031e-07,0.25,4.0582798278416125e-07,0.0,0.24999999999767564,0.25,0.013358539228342844,True,0,1.0,1.0,0.25,0.6024381116303029,0.3479254504288245,0.646469003220839,0.04674265625789752,0.17396272521441225,0.019999999999305382,0.0057688048125494554,0.006584608350859631
2019-02-14,44,0.8523777855591204,0.8523775833456454,0.8523776844523829,1.0,0.8523776844523829,1.0110673746241031e-07,0.25,4.0442694984964125e-07,0.0,0.25000000001202355,0.25,0.021471787202322394,True,0,1.0,1.0,0.25,0.8523775833456454,0.5203655840676862,0.7123766390259478,0.06536591869202915,0.2601827920338431,0.10000000000038034,0.028968003440338935,-0.02557724053303241
2019-03-01,44,1.000000000023998,1.000000000023998,1.000000000023998,1.0,1.000000000023998,0.0,0.25,0.0,0.0,0.15269899902274697,0.25,0.027576744676351416,True,0,1.0,1.0,0.25,1.000000000023998,0.6270348057428339,0.7500000000024388,0.07497259287911692,0.31351740287141694,0.14000000000097557,0.04458171584760881,-0.03948406155954902
2019-03-15,44,0.9991102978869466,0.9991102978869466,0.9991102978869466,1.0,0.9991102978869466,0.0,0.25,0.0,0.0,0.0035055679400635975,0.25,0.027637936987656538,True,0,1.0,1.0,0.25,0.9991102978869466,0.627031391571969,0.7499999999975594,0.0748009174368373,0.3135156957859845,0.1399999999999876,0.04447966212349101,-0.03951595212010789
2019-03-29,44,1.0000000000510776,1.000000000050501,1.0000000000507894,1.0,1.0000000000507894,2.8827366286958145e-13,0.25,1.1530946514783258e-12,0.0,0.25000000000641764,0.25,0.027252871476356053,True,0,1.0,1.0,0.25,1.000000000050501,0.8,1.0,0.11672366982395109,0.3135512094191276,0.24000000000000002,0.03364572247450064,-0.02994497648124139
2019-04-12,44,1.0000000000497746,1.0000000000457547,1.0000000000477647,1.0,1.0000000000477647,2.0100013715461006e-12,0.25,8.040005486184402e-12,0.0,0.25000000000256895,0.25,0.02408508902898642,True,0,1.0,1.0,0.25,1.0000000000457547,0.8,1.0,0.10114209169482447,0.3395909597492153,0.24000000000000002,0.020409883111998806,-0.02618124983036622
2019-04-29,44,1.0000000000614158,1.0000000000602969,1.0000000000608564,1.0,1.0000000000608564,5.594527247220766e-13,0.25,2.2378108988883063e-12,0.0,0.17650068331445246,0.25,0.025102386910343923,True,0,1.0,1.0,0.25,1.0000000000602969,0.8,1.0,0.17084544832358708,0.344818731256554,0.24000000000000002,4.633765986155485e-12,-8.824276716444519e-12
2019-05-13,44,0.9999999999729771,0.999999999948371,0.999999999960674,1.0,0.999999999960674,1.2303024848849352e-11,0.25,4.9212099395397406e-11,0.0,0.11942623024751582,0.25,0.020623230596388938,True,0,1.0,1.0,0.25,0.999999999948371,0.7973275523077606,0.9974945802803601,0.1334945699294731,0.34608402799369636,0.2391982656923282,-1.923477883346209e-12,7.707577478221396e-13
2019-05-28,44,1.000000000027641,1.0000000000267215,1.0000000000271811,1.0,1.0000000000271811,4.597360918609123e-13,0.25,1.8389443674436493e-12,0.0,0.2500000000181669,0.25,0.023666224354787095,True,0,1.0,1.0,0.25,1.0000000000267215,0.7322852475375248,0.9365174195664294,0.20256502607816584,0.29304430072903564,0.21968557426125743,2.2869704144486773e-12,-4.1129617486469705e-12
2019-06-11,44,1.0000000000018956,0.99999999998183,0.9999999999918631,1.0,0.9999999999918631,1.0032775046218333e-11,0.25,4.013110018487333e-11,0.0,0.1501596665335564,0.25,0.023268549375375626,True,0,1.0,1.0,0.25,0.99999999998183,0.6806291173596227,0.8700782182768602,0.19229421057083343,0.2678069114310628,0.2041887352078868,-9.780885621162146e-13,-0.07505500383792178
2019-06-25,45,1.0000000000020854,0.9999999999840948,0.9999999999930903,1.0,0.9999999999930903,8.995327627505507e-12,0.25,3.598131051002203e-11,0.0,0.050142573457984764,0.25,0.02306570411749023,True,0,1.0,1.0,0.25,0.9999999999840948,0.6606120196746839,0.8450768979151986,0.19165668822150686,0.25864167402771554,0.19818360590240514,-1.5825923414768723e-12,-0.09999999999668967
2019-07-10,45,1.0000000000123561,1.0000000000122677,1.000000000012312,1.0,1.000000000012312,4.421993709315583e-14,0.25,1.7687974837262333e-13,0.0,0.0026072075427663044,0.25,0.022787507758905808,True,0,1.0,1.0,0.25,1.0000000000122677,0.6630364642026114,0.8478296123269371,0.19203868377274416,0.2585664559538378,0.1989109392607834,2.009030885557206e-12,-0.10000000000176787
2019-07-24,45,0.9999999999987178,0.9999999999930704,0.9999999999958942,1.0,0.9999999999958942,2.8237131804426506e-12,0.25,1.1294852721770603e-11,0.0,0.25000000000223777,0.25,0.025631873138590215,True,0,1.0,1.0,0.25,0.9999999999930704,0.5965034865904141,0.8194626924674245,0.1780266833189504,0.29825174329520704,0.1496314522122834,-1.5271514366715403e-13,-0.09999999999904083
2019-08-07,45,1.0000000000041955,1.0000000000003169,1.0000000000022564,1.0,1.0000000000022564,1.9393516708932643e-12,0.25,7.757406683573057e-12,0.0,0.005013632862101741,0.25,0.026108309018222284,True,0,1.0,1.0,0.25,1.0000000000003169,0.6031671100171822,0.8239706669257303,0.17691738143432895,0.3015835550085911,0.14763749599623907,9.552787916667873e-15,-0.09999999999979527
2019-08-21,45,0.7000000000321993,0.7000000000321993,0.7000000000321993,0.7,1.000000000045999,0.0,0.175,0.0,0.0,0.3000009937689353,0.30000109374914813,0.018481259957876948,True,0,0.7,1.0,0.25,1.000000000045999,0.5929989602369897,0.7627086225540737,0.12553265581891523,0.2075496360829464,0.1203006419998254,4.952462354560175e-12,-0.07000000000582335
2019-09-05,45,0.9313402453144836,0.9313402453144836,0.9313402453144836,1.0,0.9313402453144836,0.0,0.25,0.0,0.0,0.23050845280876364,0.25,0.04010557575066127,True,0,1.0,1.0,0.25,0.9313402453144836,0.41513872807978214,0.5337501575275888,0.12687629942199688,0.20756936403989107,0.12069751993668118,0.05333333333354078,-0.15999999999885292
2019-09-19,45,1.0000000000116294,1.0000000000086333,1.0000000000101312,1.0,1.0000000000101312,1.4979653254754508e-12,0.25,5.991861301901803e-12,0.0,0.13055794291659012,0.25,0.03940130513405081,True,0,1.0,1.0,0.25,1.0000000000086333,0.39558730052771285,0.6666666666689597,0.12302892264118928,0.19779365026385642,0.11617816805731532,0.05140905180250453,-0.058255429320807586
2019-10-03,45,0.9999999999979593,0.9999999999776269,0.9999999999877932,1.0,0.9999999999877932,1.0166217345793479e-11,0.25,4.0664869383173917e-11,0.0,0.1117329337915301,0.25,0.042810717751737455,True,0,1.0,1.0,0.25,0.9999999999776269,0.36438972692679555,0.651285670902476,0.16582324132456505,0.18219486346339778,0.10403604301379565,0.050804734014142844,-0.06230012012422187
2019-10-17,45,1.0000000000110678,1.0000000000107825,1.000000000010925,1.0,1.000000000010925,1.4265617429773621e-13,0.25,5.706246971909449e-13,0.0,0.0006921582296098017,0.25,0.04366991134005155,True,0,1.0,1.0,0.25,1.0000000000107825,0.3619284141439345,0.6471436866873432,0.16693245525351127,0.18096420707196725,0.10527527348004456,0.050963270618144374,-0.06204149913370138
2019-10-31,45,1.0000000000109905,1.0000000000109905,1.0000000000109905,1.0,1.0000000000109905,0.0,0.25,0.0,0.0,0.20000013749891618,0.25,0.04245607202853722,True,0,1.0,1.0,0.25,1.0000000000109905,0.4566077460010893,0.5959028106034097,0.22830387300054464,0.15360003824270435,0.0875089047235327,0.049426150636626136,-0.09142042925713155
2019-11-14,45,1.0000000000123261,1.0000000000123261,1.0000000000123261,1.0,1.0000000000123261,0.0,0.25,0.0,0.0,0.24999999999488126,0.25,0.04040978238890741,True,0,1.0,1.0,0.25,1.0000000000123261,0.5746008898557087,0.5497145462798757,0.28730044492785434,0.13564716843005256,0.13333573651981273,0.04325660489565461,-0.1040185883853112
2019-11-29,45,1.0000000000706797,1.0000000000706797,1.0000000000706797,1.0,1.0000000000706797,0.0,0.25,0.0,0.0,0.2500000000406555,0.25,0.040855484720360075,True,0,1.0,1.0,0.25,1.0000000000706797,0.759074549496939,0.6772109963959028,0.3795372747484695,0.10668000631268416,0.11465335976737363,0.038950230422519126,-0.10764468242921264
2019-12-13,45,0.9999999999628161,0.9999999999468806,0.9999999999548485,1.0,0.9999999999548485,7.967708083540735e-12,0.25,3.187083233416294e-11,0.0,0.15906427259840983,0.25,0.03980117433933142,True,0,1.0,1.0,0.25,0.9999999999468806,0.7477905511777792,0.7009694484082118,0.3738952755888896,0.08791013955925721,0.10362089004502772,0.03615259069789416,-0.1784854610493527
2019-12-30,45,1.0000000000774014,1.0000000000761302,1.000000000076766,1.0,1.000000000076766,6.356367395096555e-13,0.25,2.542546958038622e-12,0.0,0.2500000000609871,0.25,0.04298817929917124,True,0,1.0,1.0,0.25,1.0000000000761302,0.9443094410568755,0.8462167271270201,0.47215472052843777,0.06665208587059192,0.10945353133541738,0.03370239781399693,-0.13792328667293327
2020-01-14,45,1.0000000001122586,1.000000000100357,1.0000000001063079,1.0,1.0000000001063079,5.950735519045929e-12,0.25,2.3802942076183716e-11,0.0,0.2500000001021441,0.25,0.04494055690903846,True,0,1.0,1.0,0.25,1.000000000100357,0.9961566881719072,0.8947301085323744,0.4980783440859536,0.0564575627880186,0.1065267111989597,0.032119444016463355,-0.1410522446091019
2020-01-29,45,1.0000000000764904,1.0000000000764904,1.0000000000764904,1.0,1.0000000000764904,0.0,0.25,0.0,0.0,0.25000000007157414,0.25,0.04659183544891866,True,0,1.0,1.0,0.25,1.0000000000764904,1.000000000080636,0.8545261689051652,0.500000000040318,0.05717718085681023,0.10605044324579678,0.04392990029193339,-0.12187911395244319
2020-02-12,45,0.9999999999897207,0.9999999999871427,0.9999999999884317,1.0,0.9999999999884317,1.2890347181579422e-12,0.25,5.156138872631769e-12,0.0,0.25000000000984035,0.25,0.04237930228512199,True,0,1.0,1.0,0.25,0.9999999999871427,0.9999999999848557,0.8730923907574766,0.49999999999242783,0.07796783754398326,0.09841724938150541,0.04255905417082369,-0.11435771218840582
2020-02-27,45,0.39999999999987984,0.39999999999803554,0.3999999999989577,0.4,0.9999999999973942,9.221017250827993e-13,0.1,9.221017250827992e-12,0.016537024030573763,0.6000531192260362,0.6000531192231877,0.017609138703464644,True,0,0.4,1.0,0.25,0.9999999999950888,0.7886619642701654,0.7019948748651015,0.1577323928540331,0.03404115982966554,0.03436057803522092,0.02268150793676882,-0.058214427863353915
2020-03-12,45,0.20000000000279022,0.20000000000245377,0.200000000002622,0.2,1.00000000001311,1.6822601260405285e-13,0.4,4.205650315101321e-13,0.0,0.17581539782848474,0.25,0.01815047785723132,True,0,0.4,0.5,1.0,0.5000000000061344,0.38128373864375303,0.3295974481739638,0.07625674772875062,0.01835775783518909,0.01732513591202676,0.012043868845536482,-0.022810162880084715
2020-03-26,45,0.2000000000014066,0.20000000000115248,0.20000000000127954,0.2,1.0000000000063975,1.2706898669117077e-13,0.4,3.176724667279269e-13,0.0,0.003151463012360645,0.25,0.02806663298270383,True,0,0.4,0.5,1.0,0.5000000000028811,0.39090705116932134,0.3432100308738624,0.07818141023386427,0.0181821250485971,0.014346600332673178,0.011817142431380769,-0.021948932176834787
2020-04-09,45,0.20000000000256865,0.20000000000208346,0.20000000000232604,0.2,1.00000000001163,2.4259191884132387e-13,0.4,6.064797971033097e-13,0.0,0.006153592544019894,0.25,0.03077440622689485,True,0,0.4,0.5,1.0,0.5000000000052086,0.4065597345462408,0.3642175722367324,0.08131194690924816,0.016130759626205415,0.009212285909979096,0.011895478425949377,-0.02259386628276402
2020-04-24,45,0.19999999999837043,0.19999999999806878,0.1999999999982196,0.2,0.999999999991098,1.508256292294377e-13,0.4,3.7706407307359424e-13,0.0,0.0003142992374100468,0.25,0.03140504622003017,True,0,0.4,0.5,1.0,0.4999999999951719,0.4086391095066481,0.3664430229334473,0.08172782190132963,0.016003197800564754,0.008853422351206926,0.011795587232708155,-0.022240403086280648
2020-05-08,45,0.20135929835009392,0.20135929834979857,0.20135929834994626,0.7,0.2876561404999232,1.4767080856305183e-13,0.175,8.438331917888676e-13,0.0,0.0,0.25,0.03221900779475865,True,0,0.7,1.0,0.25,0.2876561404997123,0.2366305458737976,0.21190953294738063,0.08282069105582915,0.015981037220373404,0.009184940454488387,0.011964407044680055,-0.02257176162734072
2020-05-22,45,0.2030312257616934,0.20303122576141777,0.2030312257615556,0.7,0.29004460823079375,1.3782431936237955e-13,0.175,7.875675392135975e-13,0.0,0.0,0.25,0.0329488834334903,True,0,0.7,1.0,0.25,0.29004460823059686,0.237436562559857,0.21240966304973666,0.08310279689594995,0.016215399093263864,0.009499743814989034,0.012401728300676568,-0.022602356278752577
2020-06-08,45,0.21042245088644138,0.21042245088617595,0.21042245088630868,1.0,0.21042245088630868,1.3270804701779017e-13,0.25,5.308321880711607e-13,0.0,0.0,0.25,0.035637950831845164,True,0,1.0,1.0,0.25,0.21042245088617595,0.18004120504393467,0.16126433294888043,0.09002060252196734,0.015975363871575395,0.00974917165531003,0.012485161184987699,-0.02459021588671976
2020-06-22,45,0.40264258229505717,0.4026425822949771,0.40264258229501715,1.0,0.40264258229501715,4.002841891413418e-14,0.25,1.601136756565367e-13,0.0,0.19545516207984592,0.25,0.0337432475127036,True,0,1.0,1.0,0.25,0.4026425822949771,0.1729329843281232,0.36124533225587774,0.0864664921640616,0.04837735973379663,0.009769311706077205,0.012512588760760295,-0.024070434137633132
2020-07-07,45,0.48998596988327764,0.48998596988327764,0.48998596988327764,1.0,0.48998596988327764,0.0,0.25,0.0,0.0,0.08646606883955994,0.25,0.03554617626234099,True,0,1.0,1.0,0.25,0.48998596988327764,0.27628713808273947,0.4146815716988395,0.08666167922415502,0.048508295038508925,0.00984676282953624,0.012763087230347024,-0.11051485523309579
2020-07-21,45,0.509005970149406,0.509005970149406,0.509005970149406,1.0,0.509005970149406,0.0,0.25,0.0,0.0,0.014371381419725889,0.25,0.037446879681654645,True,0,1.0,1.0,0.25,0.509005970149406,0.31472449770548055,0.4602809713988495,0.08920169627164205,0.04857099397854838,0.0099492566337182,0.013549894901408543,-0.12588979908219222
2020-08-04,45,0.7093779603840487,0.7093779603840487,0.7093779603840487,1.0,0.7093779603840487,0.0,0.25,0.0,0.0,0.19721651102773358,0.25,0.04336018997392711,True,0,1.0,1.0,0.25,0.7093779603840487,0.32365794513260143,0.6794385849470335,0.08939455365186179,0.13135522729258364,0.0100083230401422,0.017782190237308967,-0.12946317805304058
2020-08-18,45,0.7183069444531752,0.7183069444531752,0.7183069444531752,1.0,0.7183069444531752,0.0,0.25,0.0,0.0,0.01007151166826488,0.25,0.04566982136033934,True,0,1.0,1.0,0.25,0.7183069444531752,0.3306027241075879,0.6791136554395465,0.09091732751102222,0.13113005391111882,0.009949838076858513,0.022339830828310363,-0.13224108964303516
2020-09-01,45,0.8090320362619666,0.8090320362619666,0.8090320362619666,1.0,0.8090320362619666,0.0,0.25,0.0,0.0,0.09128310736407871,0.25,0.05619178248443339,True,0,1.0,1.0,0.25,0.8090320362619666,0.3987202895729197,0.6788366181124645,0.09138443437757152,0.13109606597208387,0.010012146746826668,0.04440436504081137,-0.1594881158291679
2020-09-16,45,0.999999999994536,0.999999999991989,0.9999999999932625,1.0,0.9999999999932625,1.2735247950923313e-12,0.25,5.094099180369325e-12,0.0,0.250000000003162,0.25,0.05568502788735358,True,0,1.0,1.0,0.25,0.999999999991989,0.4907082225785507,0.6753713999282972,0.09997058702765396,0.21676863443242209,0.10433047847027024,0.04309746804465029,-0.19628328903142028
2020-09-30,45,1.0000000000375318,1.0000000000363825,1.000000000036957,1.0,1.000000000036957,5.746016360133231e-13,0.25,2.2984065440532925e-12,0.0,0.047607944218567726,0.25,0.042989961419700705,True,0,1.0,1.0,0.25,1.0000000000363825,0.5446848212193269,0.6654290322138565,0.09356636247519488,0.21236049221604095,0.10176962649440893,0.040907370635436896,-0.2178739284877308
2020-10-14,45,0.9999999999963071,0.9999999999790516,0.9999999999876792,1.0,0.9999999999876792,8.627753199668896e-12,0.25,3.451101279867558e-11,0.0,0.2500000000133417,0.25,0.03714337663466056,True,0,1.0,1.0,0.25,0.9999999999790516,0.6509447821583155,0.6473742469206936,0.055068365639160795,0.18984521476550495,0.09234526530475767,0.08193151527207017,-0.26037791286332623
2020-10-28,45,1.0000000000083837,0.9999999999916162,1.0,1.0,1.0,8.383855622633486e-12,0.25,3.3535422490533944e-11,0.0,5.3140604243665516e-05,0.25,0.036732860734754305,True,0,1.0,1.0,0.25,0.9999999999916162,0.6533102641494983,0.65259219839997,0.05329338083250499,0.19030161865838005,0.09170981113988476,0.08122117446737337,-0.26132410565979936
2020-11-11,45,1.0000000000004705,0.9999999999893553,0.999999999994913,1.0,0.999999999994913,5.5574367890350254e-12,0.25,2.2229747156140102e-11,0.0,1.0541352995402634e-08,0.25,0.038207929065242466,True,0,1.0,1.0,0.25,0.9999999999893553,0.6527432255914728,0.6497884283863847,0.05680955256868415,0.18932380063039161,0.0934221893772925,0.08238923134798497,-0.2610972902365891
2020-11-25,45,1.000000000004206,0.9999999999998799,1.000000000002043,1.0,1.000000000002043,2.1628542290730053e-12,0.25,8.651416916292021e-12,0.0,0.062478278076957855,0.25,0.03608687492213578,True,0,1.0,1.0,0.25,0.9999999999998799,0.7185939913341175,0.747177113617293,0.047653418024161134,0.18518566285353935,0.09108356685630732,0.08006130632758422,-0.28743759653364703
2020-12-10,45,1.0000000000068185,1.0000000000053588,1.0000000000060887,1.0,1.0000000000060887,7.298231543641482e-13,0.25,2.9192926174565927e-12,0.0,0.25000000000833,0.25,0.04668740636159971,True,0,1.0,1.0,0.25,1.0000000000053588,0.8128621439233938,0.7472182304915471,0.1370460719364948,0.1400273887605957,0.09137755828191789,0.09834020052528021,-0.32514485756935757
2020-12-24,45,0.9999999999989091,0.9999999999925289,0.9999999999957191,1.0,0.9999999999957191,3.19011785198239e-12,0.25,1.276047140792956e-11,0.0,0.11811070613072619,0.25,0.045432236266948894,True,0,1.0,1.0,0.25,0.9999999999925289,0.928145400024249,0.9106180281735288,0.11690577857914534,0.13161710322873726,0.08652839894279976,0.0983625772127876,-0.3712581600096996
2021-01-11,45,1.000000000002129,0.9999999999800521,0.9999999999910906,1.0,0.9999999999910906,1.1038489973732751e-11,0.25,4.4153959894931004e-11,0.0,0.01627526989690009,0.25,0.04360714128614961,True,0,1.0,1.0,0.25,0.9999999999800521,0.9427631299735814,0.9280236414172771,0.12031966338999471,0.1291900814564128,0.08457427967298692,0.09797183110307542,-0.37710525198943257
2021-01-26,45,1.0000000000042482,1.0000000000036586,1.0000000000039533,1.0,1.0000000000039533,2.9480721773807164e-13,0.25,1.1792288709522866e-12,0.0,0.10064780210507163,0.25,0.04691102324346243,True,0,1.0,1.0,0.25,1.0000000000036586,0.9728177858511406,0.9171494318938711,0.1570672967896333,0.11625392892784418,0.083351746209564,0.09861327549228098,-0.38912711434045627
2021-02-09,45,1.000000000020992,1.0000000000185418,1.0000000000197669,1.0,1.0000000000197669,1.2251051672916213e-12,0.25,4.900420669166485e-12,0.0,0.20002025503511037,0.25,0.04520898863704402,True,0,1.0,1.0,0.25,1.0000000000185418,0.8889675985684534,0.8289503906418976,0.1914004048486283,0.11870573143676608,0.17080452299775384,0.09275613676572453,-0.3555870394273814
2021-02-24,45,1.000000000016218,1.000000000011294,1.0000000000137559,1.0,1.0000000000137559,2.4618161954340215e-12,0.25,9.847264781736086e-12,0.0,0.2500000000078048,0.25,0.047161189363283874,True,0,1.0,1.0,0.25,1.000000000011294,0.8653155819434639,0.8817634494246518,0.2802290836443964,0.10639920950544644,0.16183045612138844,0.06980531081163456,-0.3461262327773856
2021-03-10,45,1.000000000015215,1.0000000000095295,1.000000000012372,1.0,1.000000000012372,2.8427181760893084e-12,0.25,1.1370872704357234e-11,0.0,0.0041002692187289,0.25,0.04853514331681707,True,0,1.0,1.0,0.25,1.0000000000095295,0.8612405680865006,0.8795365756196726,0.2777264045482746,0.10755067994544788,0.16205130191600037,0.06967612074776391,-0.34449622723460027
2021-03-24,45,1.0000000000046623,0.9999999999986997,1.000000000001681,1.0,1.000000000001681,2.981322748416625e-12,0.25,1.19252909936665e-11,0.0,0.006154768335718954,0.25,0.04841459471769434,True,0,1.0,1.0,0.25,0.9999999999986997,0.8605612949218792,0.881194288212902,0.274798083657787,0.10846940872683404,0.16277263444531734,0.0697120717004992,-0.3442245179687517
2021-04-08,45,1.0000000000094542,1.0000000000023674,1.0000000000059108,1.0,1.0000000000059108,3.5434916540538616e-12,0.25,1.4173966616215446e-11,0.0,0.07593338697839762,0.25,0.051369679790757766,True,0,1.0,1.0,0.25,1.0000000000023674,0.79501497955234,0.7533058144660192,0.30796635181583826,0.1075631028482609,0.16223832565315022,0.0703263328611445,-0.31800599182093603
2021-04-22,45,0.9999999999653065,0.9999999999495292,0.9999999999574178,1.0,0.9999999999574178,7.888696610488762e-12,0.25,3.155478644195505e-11,0.0,0.08516971388114473,0.25,0.052909056468662535,True,0,1.0,1.0,0.25,0.9999999999495292,0.7022298973616277,0.6301945919794743,0.3308487040003604,0.10658455778260402,0.1602354841597101,0.07216803579057672,-0.2808919589446511
2021-05-06,45,1.000000000000116,0.9999999999997059,0.9999999999999107,1.0,0.9999999999999107,2.0504269276825058e-13,0.25,8.201707710730023e-13,0.0,0.2000174195886558,0.25,0.050492577492297616,True,0,1.0,1.0,0.25,0.9999999999997059,0.7982976776264087,0.6931082764463202,0.39914883881320434,0.09655321446783463,0.14742053492202822,0.06741015019028015,-0.2357233240841638
2021-05-20,45,1.0000000000056408,0.9999999999670995,0.9999999999863702,1.0,0.9999999999863702,1.927079011556067e-11,0.25,7.708316046224267e-11,0.0,0.002722208409077262,0.25,0.04955691999216491,True,0,1.0,1.0,0.25,0.9999999999670995,0.8012764042704886,0.696489036534489,0.4006382021352443,0.09684224281204641,0.1477919176981879,0.06381349192581116,-0.23698021272190606
2021-06-04,45,1.0000000000050657,1.0000000000048697,1.0000000000049676,1.0,1.0000000000049676,9.801861003350466e-14,0.25,3.9207444013401863e-13,0.0,0.006560017172394976,0.25,0.04915930669612848,True,0,1.0,1.0,0.25,1.0000000000048697,0.8051795724896067,0.7016209650018562,0.40258978624480335,0.09605922131467633,0.14671130833018925,0.06520607020619196,-0.23554168907395295
2021-06-18,45,1.0000000000421019,1.0000000000398799,1.000000000040991,1.0,1.000000000040991,1.1109892594701918e-12,0.25,4.443957037880767e-12,0.0,0.006085580021186601,0.25,0.05018574845556955,True,0,1.0,1.0,0.25,1.0000000000398799,0.806605383967858,0.7014549936800804,0.403302691983929,0.09772758202741327,0.14945574264460187,0.06305131693716517,-0.23261891526372167
2021-07-02,45,1.000000000004806,1.000000000002393,1.0000000000035996,1.0,1.0000000000035996,1.2065020288458609e-12,0.25,4.8260081153834434e-12,0.0,0.007712001253519632,0.25,0.04992794607660025,True,0,1.0,1.0,0.25,1.000000000002393,0.8096939156066321,0.7065132348184628,0.40484695780331603,0.09709021670670737,0.14867790616651927,0.063504436553802,-0.23073324308112664
2021-07-19,45,0.9999999999963384,0.9999999999936913,0.9999999999950148,1.0,0.9999999999950148,1.3235469615480535e-12,0.25,5.294187846192214e-12,0.0,0.15856225207125815,0.25,0.049137002114049706,True,0,1.0,1.0,0.25,0.9999999999936913,0.807140710190637,0.7042047826898816,0.4035703550953185,0.09815147005708583,0.14905701661471366,0.06294207268736374,-0.22957873650449423
2021-08-02,45,0.9999999999910211,0.9999999999900465,0.9999999999905338,1.0,0.9999999999905338,4.872967924660447e-13,0.25,1.9491871698641786e-12,0.0,0.0941644995926691,0.25,0.05042740875093902,True,0,1.0,1.0,0.25,0.9999999999900465,0.8932356198935791,0.7844387832517845,0.44661780994678957,0.09703810260251909,0.14732556020890505,0.06348140258638957,-0.18493418878417658
2021-08-16,45,0.9999999999917937,0.999999999959837,0.9999999999758153,1.0,0.9999999999758153,1.5978231954940887e-11,0.25,6.391292781976355e-11,0.0,0.2500000000218984,0.25,0.04552725644819393,True,0,1.0,1.0,0.25,0.999999999959837,0.8476662852180791,0.7396432305824929,0.42383314260903954,0.08378210073003022,0.13067239899987096,0.055944829199214834,-0.0556728971527391
2021-08-30,45,0.999999999995975,0.9999999999859166,0.9999999999909459,1.0,0.9999999999909459,5.029184263446215e-12,0.25,2.011673705378486e-11,0.0,0.24999999999450073,0.25,0.051315625060682435,True,0,1.0,1.0,0.25,0.9999999999859166,0.9999999999842594,0.8649963766009363,0.4999999999921297,0.06895563936707015,0.11111239515090916,0.044641902149668705,-0.029706572849346517
2021-09-14,45,0.9992888914196004,0.9992888914137752,0.9992888914166879,1.0,0.9992888914166879,2.9125788477590694e-12,0.25,1.1650315391036278e-11,0.0,0.026420962744412455,0.25,0.04686530838568626,True,0,1.0,1.0,0.25,0.9992888914137752,1.0000000000000153,0.865104926498654,0.5000000000000077,0.06943001637678016,0.11197939230108934,0.043020743334485446,-0.026827348583878245
2021-09-28,45,0.9999999999987268,0.9999999999692748,0.9999999999840008,1.0,0.9999999999840008,1.4726012950159033e-11,0.25,5.890405180063613e-11,0.0,0.22381917689792075,0.25,0.04730783288909802,True,0,1.0,1.0,0.25,0.9999999999692748,0.9999999999661816,0.8362068967766708,0.4999999999830908,0.09137294335851179,0.1507251186045692,0.038239127928890095,-0.02917358345058261
2021-10-12,45,0.9999825586576192,0.9999825586308333,0.9999825586442261,1.0,0.9999825586442261,1.3393025723105641e-11,0.25,5.3572102892422565e-11,0.0,0.0013241152206149367,0.25,0.04761968729528976,True,0,1.0,1.0,0.25,0.9999825586308333,0.9954572040546896,0.8323848669166481,0.4977286020273448,0.09140031956619518,0.1503831537627711,0.03894553627236717,-0.02894948927052337
2021-10-26,45,0.993835024047997,0.9938350240201861,0.9938350240340914,1.0,0.9938350240340914,1.3905555424761871e-11,0.25,5.5622221699047486e-11,0.0,0.023076579800492353,0.25,0.046914873830919857,True,0,1.0,1.0,0.25,0.9938350240201861,0.9999999999991943,0.838130416857529,0.49999999999959716,0.08997730954010794,0.1479604366809157,0.03790625953498511,-0.01587410346426512
2021-11-09,45,0.9814829729234197,0.981482972885486,0.9814829729044529,1.0,0.9814829729044529,1.8966828063200752e-11,0.25,7.586731225280301e-11,0.0,0.01526421367611848,0.25,0.042911849428312394,True,0,1.0,1.0,0.25,0.981482972885486,0.9999999999905693,0.8380617315050733,0.49999999999528466,0.0897429667218572,0.14753693611955274,0.03760990837509325,-0.004818774068379043
2021-11-23,45,0.9804784638531534,0.9804784638172419,0.9804784638351975,1.0,0.9804784638351975,1.795579757881444e-11,0.25,7.182319031525776e-11,0.0,0.007097610974775265,0.25,0.04243379654481504,True,0,1.0,1.0,0.25,0.9804784638172419,0.99999999999789,0.8396296776333408,0.499999999998945,0.08786195707563492,0.1441751083007064,0.039441879377357165,-0.004528335030450643
2021-12-08,45,0.6999999000009042,0.6999998999607432,0.6999998999808237,0.7,0.9999998571154625,2.0080438449717462e-11,0.175,1.1474536256981408e-10,0.0,0.28051629757413926,0.2805162975699071,0.03390989673257268,True,0,0.7,1.0,0.25,0.9999998570867761,0.999999999994537,0.8637819538672945,0.34999999999808795,0.03899720279241603,0.06609541696426272,0.037939028597118125,-0.02478271346090553
2021-12-22,45,0.4000000000098663,0.40000000000776287,0.40000000000881464,0.4,1.0000000000220366,1.0516857577669472e-12,0.1,1.0516857577669471e-11,0.0,0.3014521666997869,0.3014522666948763,0.018553836807587078,True,0,0.4,1.0,0.25,1.0000000000194071,0.8699607611437069,0.7485618210646109,0.1739921522287414,0.027715347413692724,0.035680961677878716,0.02194543357871189,-0.021413010243115635
2022-01-06,45,0.389353455253518,0.38935345525157644,0.3893534552525472,1.0,0.3893534552525472,9.707759345874303e-13,0.25,3.883103738349721e-12,0.0,0.010100300072435703,0.25,0.018546208343904053,True,0,1.0,1.0,0.25,0.38935345525157644,0.34778970630156203,0.29954139950311526,0.17389485315078101,0.027428113557092095,0.03539531407308958,0.021720560804257476,-0.012027095243492235
2022-01-21,45,0.3738913533988821,0.3738913533967487,0.37389135339781543,1.0,0.37389135339781543,1.0666481377116783e-12,0.25,4.266592550846713e-12,0.0,0.010238410223098363,0.25,0.01818474348068126,True,0,1.0,1.0,0.25,0.3738913533967487,0.33466567876196285,0.2875294579893834,0.16733283938098142,0.027498275706677455,0.03541802235328612,0.02243638446691572,-0.002350119247296896
2022-02-04,45,0.3568623432899144,0.3568623432870677,0.35686234328849104,0.4,0.8921558582212276,1.423322636605687e-12,0.1,1.423322636605687e-11,0.0,0.01789889138072194,0.25,0.01969277966579023,True,0,0.4,1.0,0.25,0.8921558582176692,0.8427872267395248,0.7251046852654428,0.16855744534790496,0.02066036299099595,0.03159448013102503,0.021969038299273023,-0.002046747570108722
2022-02-18,45,0.32152888441527216,0.32152888441244243,0.32152888441385724,0.4,0.803822211034643,1.4148771642097972e-12,0.1,1.414877164209797e-11,0.0,0.03283945718601142,0.25,0.01970958097221652,True,0,0.4,1.0,0.25,0.8038222110311061,0.7664002924600744,0.7078432217847087,0.15328005849201487,0.014416619899655973,-2.679764598372455e-13,0.02200120930652976,-0.002095427214847817
2022-03-07,45,0.28754173217948525,0.2875417321766681,0.28754173217807666,0.4,0.7188543304451916,1.4085276883573938e-12,0.1,1.4085276883573938e-11,0.0,0.03234913065952043,0.25,0.020009621442686424,True,0,0.4,1.0,0.25,0.7188543304416702,0.7382848402407495,0.682752554216266,0.1476569680481499,0.001587649453728398,-3.30571477573972e-13,0.022087330336647275,-0.00046760863582003334
2022-03-21,45,0.33338377529159535,0.33338377528615554,0.3333837752888755,0.4,0.8334594382221886,2.719907138210031e-12,0.1,2.719907138210031e-11,0.0,0.04000000001391564,0.25,0.022136655042483272,True,0,0.4,1.0,0.25,0.8334594382153888,0.7731978137755391,0.7143059160462253,0.15463956275510782,0.0015586056407998312,-1.085343089579665e-12,0.029777665326341844,-0.013614894252187898
2022-04-04,45,0.36787039092037954,0.36787039091562473,0.36787039091800217,0.7,0.5255291298828603,2.3773886129731613e-12,0.175,1.3585077788418065e-11,0.0,0.030315793560248834,0.25,0.023690613010968337,True,0,0.7,1.0,0.25,0.525529129879464,0.4562292989263736,0.4214208021348232,0.15968025462423074,0.0015424962691924277,-8.120755488048495e-13,0.03547765042265476,-0.022846805603696868
2022-04-19,45,0.39619866965302014,0.3961986696485858,0.3961986696508029,1.0,0.3961986696508029,2.2171485758763454e-12,0.25,8.868594303505382e-12,0.0,0.029325288380512946,0.25,0.024757113480319646,True,0,1.0,1.0,0.25,0.3961986696485858,0.3120214819975738,0.2886215182732476,0.1560107409987869,0.0015412292727064918,-7.571687392746189e-13,0.042259855018090244,-0.030779651140887
2022-05-03,45,0.3291903842412837,0.329190384236887,0.32919038423908537,0.4,0.8229759605977134,2.198358795900738e-12,0.1,2.198358795900738e-11,0.0,0.05875829552502947,0.25,0.023834984470215297,True,0,0.4,1.0,0.25,0.8229759605922174,0.7537546888777737,0.697172301730282,0.15075093777555476,0.0015597425320120833,-7.550750691445308e-13,0.029833201519659982,-0.012280839316179744
2022-05-17,45,0.3999999999995556,0.3999999999948693,0.3999999999972125,0.4,0.9999999999930311,2.343175665799382e-12,0.1,2.343175665799382e-11,0.0,0.08701228943044034,0.25,0.028450734656860276,True,0,0.4,1.0,0.25,0.9999999999871731,0.9197013285824919,0.8489016007457905,0.18394026571649838,0.0014720334282352933,-8.405153915245816e-13,0.029990346559179627,-0.011705196505341027
2022-06-01,45,0.20000000001992774,0.1999999999995887,0.2000000000097582,0.2,1.000000000048791,1.0169503177950676e-11,0.4,2.542375794487669e-11,0.0,0.19896186337781246,0.25,0.010959975347376584,True,0,0.4,0.5,1.0,0.4999999999989717,0.3477939404765464,0.4181333200556893,0.06955878809530928,0.00026666666357929496,-1.5188945449082843e-12,0.012807287174867362,0.015371647785636964
2022-06-15,45,0.20000000000799675,0.19999999999023363,0.19999999999911522,0.2,0.9999999999955761,8.881541760267971e-12,0.4,2.2203854400669926e-11,0.0,0.05344831661474073,0.25,0.012200611078835154,True,0,0.4,0.5,1.0,0.49999999997558403,0.21716721388936747,0.41843423838831545,0.0434334427778735,0.0002666666639738614,-1.3719318448213928e-12,0.031936821287911955,0.010910137616350988
2022-06-30,45,0.19683482774266398,0.196834827724814,0.19683482773373903,0.2,0.9841741386686951,8.924990650398803e-12,0.4,2.2312476625997007e-11,0.0,0.0003388513793030415,0.25,0.012110640445257007,True,0,0.4,0.5,1.0,0.492087069312035,0.22387867296865152,0.41855379178480684,0.044775734593730306,0.00026666666394812005,-1.3576049502887343e-12,0.02903385768527265,0.012293558975071743
2022-07-15,45,0.17255369028832468,0.17255369026382497,0.17255369027607484,0.2,0.8627684513803742,1.2249858745149434e-11,0.4,3.0624646862873585e-11,0.0,0.023874570271320256,0.25,0.011815851840511388,True,0,0.4,0.5,1.0,0.4313842256595624,0.1670870667101879,0.3400883518402085,0.03341741334203758,0.0002666666633756211,-1.2088000306964914e-12,0.027983200295108382,0.0224092987664972
2022-07-29,45,0.20557217051084764,0.20557217048740428,0.20557217049912596,0.7,0.2936745292844657,1.1721670110807774e-11,0.175,6.698097206175872e-11,0.0,0.030118167776527458,0.25,0.012543530028299863,True,0,0.7,1.0,0.25,0.2936745292677204,0.10218240296887586,0.19000861043835066,0.03576384103910655,0.0004666666634099373,-9.936160291069433e-13,0.028673966364767354,0.021037841025938482
2022-08-12,45,0.23820113746481617,0.23820113744493884,0.2382011374548775,1.0,0.2382011374548775,9.938679747656528e-12,0.25,3.9754718990626113e-11,0.0,0.030158369479749488,0.25,0.012781250816861787,True,0,1.0,1.0,0.25,0.23820113744493884,0.074313145094843,0.16666666667460112,0.0371565725474215,0.0006666666640844302,-6.014409687643096e-13,0.029366348559064212,0.02046962525128418
2022-08-26,45,0.20813799160119073,0.208137991581762,0.2081379915914764,0.7,0.2973399879878234,9.714373085394471e-12,0.175,5.5510703345111264e-11,0.0,0.03007569327263325,0.25,0.012670854046040403,True,0,0.7,1.0,0.25,0.29733998797394573,0.10133624834386318,0.19478428859924168,0.03546768692035211,0.000466666664124541,-5.807081223219915e-13,0.029994797678849452,0.021547081221524572
2022-09-12,45,0.20924393245521722,0.20924393244429781,0.20924393244975753,0.7,0.29891990349965364,5.459717766222552e-12,0.175,3.1198387235557443e-11,0.0,3.385364424890458e-05,0.25,0.01241142227947086,True,0,0.7,1.0,0.25,0.29891990349185404,0.10286053110575094,0.19391457679074314,0.03600118588701283,0.0004666666653766571,1.7847409718247106e-13,0.03052853169142522,0.0211609190477621
2022-09-26,45,0.17292165310533997,0.17292165309483085,0.17292165310008542,0.4,0.4323041327502135,5.254557100572186e-12,0.1,5.254557100572186e-11,0.0,0.03272873993888583,0.25,0.011604848780412314,True,0,0.4,1.0,0.25,0.4323041327370771,0.16138956280621494,0.33940807429737113,0.03227791256124299,0.0002666666654282232,1.7109768327364832e-13,0.029442534145715907,0.021997539776618367
2022-10-10,45,0.17266410504837307,0.17266410503792629,0.1726641050431497,0.2,0.8633205252157484,5.223371886384966e-12,0.4,1.3058429715962416e-11,0.0,5.182968214292871e-05,0.25,0.01184331090527177,True,0,0.4,0.5,1.0,0.4316602625948157,0.15268869043112585,0.3372080737754168,0.03043053298103711,0.0002666666654512859,1.798957655437969e-13,0.03053773808622517,0.02107791603472114
2022-10-24,45,0.15689748490665142,0.15689748489370023,0.15689748490017583,0.2,0.784487424500879,6.475571110804528e-12,0.4,1.618892777701132e-11,0.0,0.01666001324642924,0.25,0.011209052551420852,True,0,0.4,0.5,1.0,0.39224371223425053,0.16874670016469795,0.33333333334665893,0.03133422283780812,0.00026666666531689255,4.622172585864336e-13,0.02691297999832305,0.026999472026351678
2022-11-07,45,0.15620012770632238,0.1562001276931698,0.1562001276997461,0.4,0.3905003192493652,6.5763046782542295e-12,0.1,6.576304678254229e-11,0.0,8.10729803672472e-05,0.25,0.01086652736210078,True,0,0.4,1.0,0.25,0.39050031923292444,0.16493060255539035,0.328265874988779,0.03121404289094715,0.0002666666653060144,4.596263881399187e-13,0.0268992148274319,0.02638889640886246
2022-11-21,45,0.14149035959086262,0.14149035957807002,0.14149035958446632,0.2,0.7074517979223316,6.396302351143134e-12,0.4,1.5990755877857834e-11,0.0,0.014849647997061302,0.25,0.009943833267585384,True,0,0.4,0.5,1.0,0.35372589894517503,0.1894079376845329,0.3215719496973581,0.032915882709250666,0.0002666666651374172,8.266519963295125e-13,0.018407475403308234,0.03030527002952527
2022-12-06,45,0.14041524070334543,0.14041524069027295,0.14041524069680922,0.2,0.7020762034840461,6.536237118511553e-12,0.4,1.634059279627888e-11,0.0,0.000110758216693152,0.25,0.009684216840855846,True,0,0.4,0.5,1.0,0.35103810172568234,0.18635683884786533,0.31550895342197366,0.0333256427521414,0.0002666666650641643,8.313246506320296e-13,0.01787551153816997,0.02981709421565846
2022-12-20,45,0.1796006104849286,0.17960061047339637,0.17960061047916248,0.4,0.4490015261979062,5.766120804507039e-12,0.1,5.766120804507039e-11,0.0,0.04009100843679652,0.25,0.014729163931811324,True,0,0.4,1.0,0.25,0.44900152618349093,0.344325481123331,0.3119624606724852,0.0688650962246662,0.00026666666528615975,9.40910457741736e-13,0.018205658561259573,0.0292285857180869
2023-01-05,45,0.21941105549753087,0.21941105548668538,0.2194110554921081,0.4,0.5485276387302702,5.422732630970009e-12,0.1,5.422732630970008e-11,0.0,0.040448580311957825,0.25,0.015464623447152034,True,0,0.4,1.0,0.25,0.5485276387167134,0.34138986506172486,0.6494416393289764,0.06827797301234498,0.0002666666653930846,1.00960195635644e-12,0.018151091037109428,-0.01023499424835653
2023-01-20,45,0.3032449895201016,0.3032449895072934,0.3032449895136975,0.4,0.7581124737842437,6.404113185405648e-12,0.1,6.404113185405648e-11,0.0,0.12295004502906907,0.25,0.024197368663050018,True,0,0.4,1.0,0.25,0.7581124737682334,0.5822620208785606,0.9999999999880794,0.07678050401611612,0.018933078630125215,0.032000000000452236,0.018497074486419872,-0.09316192334056972
2023-02-03,45,0.46548233339890993,0.46548233338667183,0.4654823333927909,0.7,0.6649747619897013,6.11903100881676e-12,0.175,3.496589147895292e-11,0.0,0.16090209855158918,0.25,0.041317532621099926,True,0,0.7,1.0,0.25,0.6649747619809598,0.6190619978288269,0.8549735746775138,0.14835564720465383,0.03293303162912829,0.05600000000086308,0.01852505794546642,-0.1733373593920715
2023-02-17,45,0.7000000000214711,0.7000000000163221,0.7000000000188965,0.7,1.000000000026995,2.5745484841535525e-12,0.175,1.4711705623734587e-11,0.0,0.2500000000275584,0.25,0.05047362354020431,True,0,0.7,1.0,0.25,1.0000000000233173,0.7010610926235685,0.9117708538664209,0.15876376510835166,0.10507504738644438,0.11161340473173395,0.018686921632796057,-0.19629710593459918
2023-03-06,45,0.7000000000137018,0.7000000000122605,0.7000000000129812,0.7,1.0000000000185447,7.206439347736891e-13,0.175,4.117965341563938e-12,0.0,0.24858358491135674,0.25,0.05601820796800655,True,0,0.7,1.0,0.25,1.000000000017515,0.7936988925721019,0.9940927117863454,0.17727263853309896,0.11603132434194159,0.1666767674401414,0.004426373494979768,-0.207650617962262
2023-03-20,45,0.39999999999933067,0.39999999998088476,0.3999999999901077,0.4,0.9999999999752692,9.222889502273282e-12,0.1,9.222889502273281e-11,0.0,0.29930097535549816,0.29930107533779543,0.03110601008216091,True,0,0.4,1.0,0.25,0.9999999999522119,0.7627281616605981,0.9132528544253079,0.10350675999199153,0.06100795734630205,0.08767227402482687,0.003823353137746373,-0.12203650586569571
2023-04-03,45,0.6552921521042099,0.6552921520980006,0.6552921521011054,0.7,0.936131645858722,3.104656532310227e-12,0.175,1.7740894470344154e-11,0.0,0.25000000001261663,0.25,0.05951139658953946,True,0,0.7,1.0,0.25,0.9361316458542867,0.7652201323069702,0.7630005457657815,0.26782704630743953,0.08360788885395762,0.1481453831286873,0.003869649187394762,-0.17819154782170385
2023-04-18,45,0.7000000000119649,0.7000000000101847,0.7000000000110748,0.7,1.0000000000158211,8.900994455945347e-13,0.175,5.086282546254484e-12,0.0,0.2500000000062006,0.25,0.05113564541505157,True,0,0.7,1.0,0.25,1.0000000000145497,0.6994611153945084,0.8491535857565964,0.23097832990013914,0.12895462818529704,0.14688683423284676,4.0042673501822347e-13,-0.1401697233786426
2023-05-02,45,0.7000000000024522,0.700000000001287,0.7000000000018697,0.7,1.000000000002671,5.825950810840558e-13,0.175,3.3291147490517477e-12,0.0,0.2500000000010826,0.25,0.04528375902577779,True,0,0.7,1.0,0.25,1.0000000000018388,0.8,1.0,0.18415925304497577,0.17856020067143452,0.168,3.969392836059091e-13,-0.08194533054357911
2023-05-16,45,0.6999999999973137,0.699999999988516,0.6999999999929148,0.7,0.9999999999898784,4.398860838614195e-12,0.175,2.5136347649223972e-11,0.0,0.1331545585598347,0.25,0.03681066508354845,True,0,0.7,1.0,0.25,0.9999999999835943,0.750981173529136,0.9380635464527585,0.15905749185603016,0.18679013937959055,0.15770604644111855,-7.045105298126983e-13,-0.06164489021379216
2023-05-31,45,0.700000000019065,0.7000000000181535,0.7000000000186092,0.7,1.0000000000265845,4.557312109206613e-13,0.175,2.604178348118065e-12,0.0,0.1389111021811006,0.25,0.03467601225289801,True,0,0.7,1.0,0.25,1.0000000000259337,0.6891761704042706,0.8606972342992147,0.19888660147454315,0.17289649119475725,0.1447269957848968,1.447630355234122e-12,-0.04833420270659618
2023-06-14,45,0.952747801991631,0.9527478019910068,0.952747801991319,1.0,0.952747801991319,3.1205181619501075e-13,0.25,1.248207264780043e-12,0.0,0.2500000000047565,0.25,0.04169276710807427,True,0,1.0,1.0,0.25,0.9527478019910068,0.6010578639501825,0.6898847011612732,0.24459416185127028,0.189689324684914,0.18031735918505473,0.05285403631691868,-0.09051336234150806
2023-06-29,45,0.9999999999960257,0.9999999999943066,0.9999999999951661,1.0,0.9999999999951661,8.597046146296303e-13,0.25,3.4388184585185212e-12,0.0,0.25000000000218564,0.25,0.04329310233965097,True,0,1.0,1.0,0.25,0.9999999999943066,0.7019966112857556,0.7620601942201861,0.3145969128420264,0.19424196190573975,0.2105989833857267,0.048091248184378405,-0.10020844095052449
2023-07-14,45,1.0000000000294018,1.0000000000288256,1.0000000000291136,1.0,1.0000000000291136,2.881331683740119e-13,0.25,1.1525326734960476e-12,0.0,0.18791845743063626,0.25,0.044353278335197255,True,0,1.0,1.0,0.25,1.0000000000288256,0.7442674062391389,0.6875022055879187,0.37213370311956945,0.1729699862002088,0.19289613660203314,0.04895543341790573,-0.08787175417110885
2023-07-28,45,1.0000000000346387,1.0000000000333051,1.000000000033972,1.0,1.000000000033972,6.667821023414073e-13,0.25,2.6671284093656293e-12,0.0,0.0019150048340777978,0.25,0.04508506182101757,True,0,1.0,1.0,0.25,1.0000000000333051,0.7494168598650954,0.6849599014270904,0.3747084299325477,0.17180256723498905,0.1923281452844588,0.0495073598076912,-0.0882763583322158
2023-08-11,45,1.000000000004279,1.0000000000031437,1.0000000000037113,1.0,1.0000000000037113,5.676040165109976e-13,0.25,2.2704160660439904e-12,0.0,0.02113254094298377,0.25,0.04353779674678672,True,0,1.0,1.0,0.25,1.0000000000031437,0.7396416252405338,0.6810932651807542,0.3698208126202669,0.17033886223727357,0.19179738752152103,0.048998113894209126,-0.09585869727546918
2023-08-25,45,0.999999999987956,0.9999999999771919,0.9999999999825739,1.0,0.9999999999825739,5.382057831096602e-12,0.25,2.1528231324386408e-11,0.0,0.2325266183416228,0.25,0.04432431915621744,True,0,1.0,1.0,0.25,0.9999999999771919,0.8764184346768322,0.7155069017520004,0.4382092173384161,0.13847199696898585,0.1807987830900729,0.04982046219268462,-0.097245298813252
2023-09-11,45,1.000000000000299,1.0000000000002827,1.0000000000002909,1.0,1.0000000000002909,8.263398822044574e-15,0.25,3.3053595288178296e-14,0.0,0.2500000000012496,0.25,0.04659309244415215,True,0,1.0,1.0,0.25,1.0000000000002827,0.997000738607235,0.8247886980000125,0.4985003693036175,0.11827710330052382,0.1678835205684221,0.046800395832025846,-0.07159491866810036
2023-09-25,45,1.0000000000182068,1.0000000000182068,1.0000000000182068,1.0,1.0000000000182068,0.0,0.25,0.0,0.0,0.2500000000121552,0.25,0.050030038351164034,True,0,1.0,1.0,0.25,1.0000000000182068,0.9199275948044806,0.7556758327199965,0.4599637974022403,0.0938562371629372,0.1547529669185508,0.12532982255261033,-0.0910791708519584
2023-10-09,45,0.9999999999998869,0.9999999999998869,0.9999999999998869,1.0,0.9999999999998869,0.0,0.25,0.0,0.0,0.003630994538763907,0.25,0.05063562277181883,True,0,1.0,1.0,0.25,0.9999999999998869,0.9209610893638865,0.75682687286179,0.46048054468194327,0.09390278071709196,0.1542640453743484,0.12398329056215707,-0.09061540031435847
2023-10-23,45,0.9999999999988942,0.9999999999861836,0.999999999992539,1.0,0.999999999992539,6.355362617565039e-12,0.25,2.5421450470260157e-11,0.0,0.2000007331051185,0.25,0.04559640907126646,True,0,1.0,1.0,0.25,0.9999999999861836,0.7435515860836818,0.5950434377782073,0.3717757930418409,0.0920916441855424,0.15231981909673,0.1256246306435534,0.00948874352939208
2023-11-06,45,0.9996945689670166,0.9996945689541311,0.9996945689605738,1.0,0.9996945689605738,6.442780433652278e-12,0.25,2.577112173460911e-11,0.0,0.00034568076101346157,0.25,0.0449707925398083,True,0,1.0,1.0,0.25,0.9996945689541311,0.7491189744621252,0.5990702801005557,0.3745594872310626,0.09268757998650927,0.1542129657540243,0.12407291259255747,0.008501308306701313
2023-11-20,45,0.9229359402388526,0.9229359402249917,0.9229359402319222,1.0,0.9229359402319222,6.930601296506717e-12,0.25,2.772240518602687e-11,0.0,0.11852531898504227,0.25,0.042491453003472304,True,0,1.0,1.0,0.25,0.9229359402249917,0.5844115097939864,0.46777436456958327,0.2922057548969932,0.09334515067749716,0.15496653307250152,0.13160094411162523,0.001372349478377428
2023-12-05,45,0.9214768394976948,0.9214768394839931,0.9214768394908439,1.0,0.9214768394908439,6.850973141452794e-12,0.25,2.7403892565811176e-11,0.0,0.0021234742983393395,0.25,0.040504131535522125,True,0,1.0,1.0,0.25,0.9214768394839931,0.5895369704318384,0.47161971242404316,0.2947684852159192,0.09430843395872646,0.15599674746315612,0.12759852716533573,0.0023862988114146336
2023-12-19,45,0.9189042287859032,0.9189042287719914,0.9189042287789473,1.0,0.9189042287789473,6.955789671096171e-12,0.25,2.7823158684384683e-11,0.0,0.003971442466093947,0.25,0.04088094865648044,True,0,1.0,1.0,0.25,0.9189042287719914,0.5961495248085864,0.47330606890019694,0.2980747624042932,0.09459963657105355,0.15657504538846798,0.1259832810115417,-0.00023364744215776702
2024-01-04,45,0.9999999999966424,0.9999999999766939,0.9999999999866681,1.0,0.9999999999866681,9.97412088533099e-12,0.25,3.989648354132396e-11,0.0,0.24999999999717917,0.25,0.041350489134711295,True,0,1.0,1.0,0.25,0.9999999999766939,0.6811976662909774,0.7772456243046206,0.28374762448252433,0.14056807861831952,0.20435929988729323,0.11037484789264966,0.010696537885347418
2024-01-19,45,0.9999999999907877,0.9999999999692987,0.9999999999800432,1.0,0.9999999999800432,1.0744523676573047e-11,0.25,4.297809470629219e-11,0.0,0.24999999999923478,0.25,0.03946949578718425,True,0,1.0,1.0,0.25,0.9999999999692987,0.6787947151969688,0.7725279128473068,0.23638094448793504,0.19528492268495043,0.20363841455909062,0.07870571361425664,0.014263657751124724
2024-02-02,45,0.9999999999891717,0.9999999999533294,0.9999999999712506,1.0,0.9999999999712506,1.7921112106556243e-11,0.25,7.168444842622497e-11,0.0,0.24999999998640757,0.25,0.03989472956021862,True,0,1.0,1.0,0.25,0.9999999999533294,0.6942852853260738,0.8041807479803306,0.18322467716420976,0.23828911524489307,0.20828558559782215,0.05398826061323514,0.012212725925484181
2024-02-16,45,0.9999999999970495,0.9999999999914149,0.9999999999942322,1.0,0.9999999999942322,2.8172035675548593e-12,0.25,1.1268814270219437e-11,0.0,0.24999999999426198,0.25,0.04398745013650683,True,0,1.0,1.0,0.25,0.9999999999914149,0.7881153353824649,0.9554325076956979,0.18311458776616193,0.27286920123057673,0.23643460061473948,0.03300235309379194,0.010481724411848633
2024-03-04,45,0.9999999999914861,0.9999999999445691,0.9999999999680277,1.0,0.9999999999680277,2.3458410541909644e-11,0.25,9.383364216763858e-11,0.0,0.2499999999963861,0.25,0.046012819993254045,True,0,1.0,1.0,0.25,0.9999999999445691,0.7999999999735168,0.9999999999668719,0.22891346301471718,0.2799999999886777,0.239999999992055,0.006200912761624731,0.003080465803620588
2024-03-18,45,1.0000000000107836,1.000000000008717,1.0000000000097504,1.0,1.0000000000097504,1.0333572954226905e-12,0.25,4.133429181690762e-12,0.0,0.2500000000063253,0.25,0.04945091649709096,True,0,1.0,1.0,0.25,1.000000000008717,0.7043500154933021,0.8804375193666194,0.32602887471489567,0.2458817721240066,0.21130500464799062,0.0001813523791664753,-0.00010201071336072082
2024-04-02,45,1.0000000000087637,1.0000000000065494,1.0000000000076565,1.0,1.0000000000076565,1.1070821698756252e-12,0.25,4.428328679502501e-12,0.0,0.2500000000028959,0.25,0.043858454515619934,True,0,1.0,1.0,0.25,1.0000000000065494,0.663514097914864,0.7738265165032429,0.331757048957432,0.2094003223975087,0.1919234338371232,0.00018840145120014117,0.09610024568135543
2024-04-16,45,0.9999999999997479,0.9999999999889058,0.9999999999943269,1.0,0.9999999999943269,5.42120983571062e-12,0.25,2.168483934284248e-11,0.0,0.25000000000832195,0.25,0.0468362962740553,True,0,1.0,1.0,0.25,0.9999999999889058,0.8269636751447731,0.6941826048074989,0.41348183757238655,0.17850271276350668,0.1706092649658297,0.00019449305257264552,0.056411429844920896
2024-04-30,45,0.7000000000095306,0.7000000000074353,0.7000000000084828,0.7,1.0000000000121183,1.0476122169003865e-12,0.175,5.986355525145066e-12,0.0,0.30005011334670145,0.30005011333565745,0.03110446025448193,True,0,0.7,1.0,0.25,1.000000000010622,0.8372594951137112,0.7058107774952448,0.2930408232897989,0.12010556480432583,0.11640259700275185,0.00018984645016561504,0.048893211371688616
2024-05-14,45,0.9543990096883457,0.9543990096465547,0.9543990096674502,1.0,0.9543990096674502,2.0895419592942714e-11,0.25,8.358167837177086e-11,0.0,0.25000000001221007,0.25,0.0389469862988251,True,0,1.0,1.0,0.25,0.9543990096465547,0.7418716959935074,0.6703198178329466,0.3709358479967537,0.12043151287161374,0.11698822669686415,0.0790129499013218,0.012744711004491042
2024-05-29,45,1.0000000000082614,0.9999999999521014,0.9999999999801815,1.0,0.9999999999801815,2.8080014777498145e-11,0.25,1.1232005910999258e-10,0.0,0.1191254907997774,0.25,0.04169931970468308,True,0,1.0,1.0,0.25,0.9999999999521014,0.7096328836636284,0.6431133819244527,0.3548164418318142,0.1135285483938129,0.11107933331353664,0.13333333332451883,-0.01080673902869221
2024-06-12,45,1.000000000001642,0.9999999999829163,0.9999999999922791,1.0,0.9999999999922791,9.362768587862668e-12,0.25,3.745107435145067e-11,0.0,0.12927625346710936,0.25,0.04284349541235371,True,0,1.0,1.0,0.25,0.9999999999829163,0.7911576821550999,0.7223404099521327,0.3955788410775499,0.10104064827145784,0.10050840572888385,0.12944363003061676,-0.01342808142499068
2024-06-27,45,1.0000000000049132,1.0000000000042404,1.0000000000045768,1.0,1.0000000000045768,3.3648185650594753e-13,0.25,1.3459274260237901e-12,0.0,0.0030031599431544487,0.25,0.0396382402317712,True,0,1.0,1.0,0.25,1.0000000000042404,0.7878813553141545,0.7192402383638196,0.39394067765707724,0.10092099065064855,0.10021084228022038,0.1302355871781022,-0.012323381847478297
2024-07-12,45,1.000000000000167,0.9999999999892326,0.9999999999946999,1.0,0.9999999999946999,5.467098177036315e-12,0.25,2.186839270814526e-11,0.0,0.15310324283277826,0.25,0.03856166744207273,True,0,1.0,1.0,0.25,0.9999999999892326,0.7360302535945948,0.6752053536129531,0.3680151267972974,0.12174743397607636,0.0885563036882613,0.12179531839843828,-0.0015610388705373868
2024-07-26,45,0.700000000001865,0.6999999999923517,0.6999999999971085,0.7,0.9999999999958693,4.75652752660973e-12,0.175,2.7180157294912746e-11,0.0,0.3000311142632914,0.3000311142547713,0.026868010310238773,True,0,0.7,1.0,0.25,0.999999999989074,0.7321214537322424,0.6639430783113226,0.2562425088062848,0.09325952590064226,0.06680458809232567,0.0732817174322183,0.006629033210169315
2024-08-09,45,0.40000000000141367,0.4000000000011375,0.4000000000012756,0.4,1.000000000003189,1.3808787243992112e-13,0.1,1.3808787243992111e-12,0.0,0.29951270757874804,0.2995127075750578,0.016509469870463707,True,0,0.4,1.0,0.25,1.0000000000028437,0.7136776233550718,0.640830390316668,0.14273552467101436,0.06242616830629702,0.040318693348787044,0.03591133779108361,-0.005386700668836071
2024-08-23,45,0.39999999999486807,0.3999999999736234,0.39999999998424574,0.4,0.9999999999606143,1.0622328218565639e-11,0.1,1.0622328218565638e-10,0.0,0.19813910398413845,0.25,0.013121030678054273,True,0,0.4,1.0,0.25,0.9999999999340584,0.5109113449742343,0.8333333332894706,0.10218226899484686,0.06184664095039968,0.02220021485816228,0.025182818039207563,-0.005369058975438437
2024-09-09,45,0.6496812426344831,0.6496812426164937,0.6496812426254884,0.7,0.9281160608935549,8.994669236698057e-12,0.175,5.13981099239889e-11,0.0,0.2499999999994673,0.25,0.025591561556165734,True,0,0.7,1.0,0.25,0.9281160608807054,0.537915716087486,0.7621657789686389,0.1882705006306201,0.09788146103530543,0.02224798953559553,0.02414615241207153,-0.029941309716344275
2024-09-23,45,0.9030219239416294,0.9030219239026801,0.9030219239221546,1.0,0.9030219239221546,1.9474680624407372e-11,0.25,7.789872249762949e-11,0.0,0.25000000000006306,0.25,0.032080604766119396,True,0,1.0,1.0,0.25,0.9030219239026801,0.45444201384969507,0.7221287828991779,0.22722100692484754,0.15041025525619578,0.11799263148953067,0.024925787749473752,-0.0693935500020893
2024-10-07,45,0.9999999999986987,0.9999999999973713,0.999999999998035,1.0,0.999999999998035,6.63638241982126e-13,0.25,2.654552967928504e-12,0.0,0.24999999999924913,0.25,0.03756891906911368,True,0,1.0,1.0,0.25,0.9999999999973713,0.5210019055836355,0.7288970381590444,0.25836373120855166,0.20410551579599837,0.15630057167509062,-6.575546456359449e-14,-0.10393489353889329
2024-10-21,45,0.9999999999883171,0.999999999965973,0.9999999999771451,1.0,0.9999999999771451,1.1172113774328607e-11,0.25,4.468845509731443e-11,0.0,0.23549365859033122,0.25,0.036449284976013616,True,0,1.0,1.0,0.25,0.999999999965973,0.738773851235392,0.770401942172734,0.20874136876459867,0.24326431074402968,0.2216321553706176,-1.8586508067636887e-12,-0.12148215276406259
2024-11-04,45,1.0000000000041807,1.0000000000041807,1.0000000000041807,1.0,1.0000000000041807,0.0,0.25,0.0,0.0,0.22106764281403307,0.25,0.03661927847076125,True,0,1.0,1.0,0.25,1.0000000000041807,0.6940218092590845,0.7008605949072683,0.2691034910606122,0.2183769093706219,0.20820654277772535,4.700442201342666e-13,-0.12230167092626155
2024-11-18,45,0.7000000000000001,0.7000000000000001,0.7000000000000001,0.7,1.0000000000000002,0.0,0.175,0.0,0.0,0.30004484794075603,0.30004494794075603,0.02719678750184338,True,0,0.7,1.0,0.25,1.0000000000000002,0.6415998529297128,0.6561816677691332,0.1988199013469365,0.14698469358032745,0.1347359691152397,4.032956015973202e-13,-0.08870996297342201
2024-12-03,45,0.8395570521742179,0.8395570521638571,0.8395570521690375,1.0,0.8395570521690375,5.180411516932303e-12,0.25,2.0721646067729213e-11,0.0,0.13682553626472194,0.25,0.02917254716601044,True,0,1.0,1.0,0.25,0.8395570521638571,0.46975168008982354,0.5753138079849475,0.23487584004491177,0.14831208577072547,0.13528976280199603,-1.176889256648708e-12,-0.08749695649654536
2024-12-17,45,1.0000000000106852,1.000000000008888,1.0000000000097866,1.0,1.0000000000097866,8.986648596331637e-13,0.25,3.5946594385326547e-12,0.0,0.220188128124935,0.25,0.037063960263483846,True,0,1.0,1.0,0.25,1.000000000008888,0.6292556819489122,0.5752036084098725,0.3146278409744561,0.14806867580202684,0.135348876479914,5.272994122687522e-13,0.039408594079921595
