session,gross_return,transaction_cost,borrow_cost,net_return,gross,net,turnover
2007-01-03,0.0,0.0,0.0,0.0,0.0,0.0,0.0
2007-01-04,0.0,0.0,0.0,0.0,0.0,0.0,0.0
2007-01-05,0.0,0.0,0.0,0.0,0.0,0.0,0.0
2007-01-08,0.0,0.0,0.0,0.0,0.0,0.0,0.0
2007-01-09,0.0,0.0,0.0,0.0,0.0,0.0,0.0
2007-01-10,0.0,0.0,0.0,0.0,0.0,0.0,0.0
2007-01-11,0.0,0.0,0.0,0.0,0.0,0.0,0.0
2007-01-12,0.0,0.0,0.0,0.0,0.0,0.0,0.0
2007-01-16,0.0,0.0,0.0,0.0,0.0,0.0,0.0
2007-01-17,0.0,0.0,0.0,0.0,0.0,0.0,0.0
2007-01-18,0.0,0.0,0.0,0.0,0.0,0.0,0.0
2007-01-19,0.0,0.0,0.0,0.0,0.0,0.0,0.0
2007-01-22,0.0,0.0,0.0,0.0,0.0,0.0,0.0
2007-01-23,0.0,0.0,0.0,0.0,0.0,0.0,0.0
2007-01-24,0.0,0.0,0.0,0.0,0.0,0.0,0.0
2007-01-25,0.0,0.0,0.0,0.0,0.0,0.0,0.0
2007-01-26,0.0,0.0,0.0,0.0,0.0,0.0,0.0
2007-01-29,0.0,0.0,0.0,0.0,0.0,0.0,0.0
2007-01-30,0.0,0.0,0.0,0.0,0.0,0.0,0.0
2007-01-31,0.0,0.0,0.0,0.0,0.0,0.0,0.0
2007-02-01,0.0,0.0,0.0,0.0,0.0,0.0,0.0
2007-02-02,0.0,0.0,0.0,0.0,0.0,0.0,0.0
2007-02-05,0.0,0.0,0.0,0.0,0.0,0.0,0.0
2007-02-06,0.0,0.0,0.0,0.0,0.0,0.0,0.0
2007-02-07,0.0,0.0,0.0,0.0,0.0,0.0,0.0
2007-02-08,0.0,0.0,0.0,0.0,0.0,0.0,0.0
2007-02-09,0.0,0.0,0.0,0.0,0.0,0.0,0.0
2007-02-12,0.0,0.0,0.0,0.0,0.0,0.0,0.0
2007-02-13,0.0,0.0,0.0,0.0,0.0,0.0,0.0
2007-02-14,0.0,0.0,0.0,0.0,0.0,0.0,0.0
2007-02-15,0.0,0.0,0.0,0.0,0.0,0.0,0.0
2007-02-16,0.0,0.0,0.0,0.0,0.0,0.0,0.0
2007-02-20,0.0,0.0,0.0,0.0,0.0,0.0,0.0
2007-02-21,0.0,0.0,0.0,0.0,0.0,0.0,0.0
2007-02-22,0.0,0.0,0.0,0.0,0.0,0.0,0.0
2007-02-23,0.0,0.0,0.0,0.0,0.0,0.0,0.0
2007-02-26,0.0,0.0,0.0,0.0,0.0,0.0,0.0
2007-02-27,0.0,0.0,0.0,0.0,0.0,0.0,0.0
2007-02-28,0.0,0.0,0.0,0.0,0.0,0.0,0.0
2007-03-01,0.0,0.0,0.0,0.0,0.0,0.0,0.0
2007-03-02,0.0,0.0,0.0,0.0,0.0,0.0,0.0
2007-03-05,0.0,0.0,0.0,0.0,0.0,0.0,0.0
2007-03-06,0.0,0.0,0.0,0.0,0.0,0.0,0.0
2007-03-07,0.0,0.0,0.0,0.0,0.0,0.0,0.0
2007-03-08,0.0,0.0,0.0,0.0,0.0,0.0,0.0
2007-03-09,0.0,0.0,0.0,0.0,0.0,0.0,0.0
2007-03-12,0.0,0.0,0.0,0.0,0.0,0.0,0.0
2007-03-13,0.0,0.0,0.0,0.0,0.0,0.0,0.0
2007-03-14,0.0,0.0,0.0,0.0,0.0,0.0,0.0
2007-03-15,0.0,0.0,0.0,0.0,0.0,0.0,0.0
2007-03-16,0.0,0.0,0.0,0.0,0.0,0.0,0.0
2007-03-19,0.0,0.0,0.0,0.0,0.0,0.0,0.0
2007-03-20,0.0,0.0,0.0,0.0,0.0,0.0,0.0
2007-03-21,0.0,0.0,0.0,0.0,0.0,0.0,0.0
2007-03-22,0.0,0.0,0.0,0.0,0.0,0.0,0.0
2007-03-23,0.0,0.0,0.0,0.0,0.0,0.0,0.0
2007-03-26,0.0,0.0,0.0,0.0,0.0,0.0,0.0
2007-03-27,0.0,0.0,0.0,0.0,0.0,0.0,0.0
2007-03-28,0.0,0.0,0.0,0.0,0.0,0.0,0.0
2007-03-29,0.0,0.0,0.0,0.0,0.0,0.0,0.0
2007-03-30,0.0,0.0,0.0,0.0,0.0,0.0,0.0
2007-04-02,0.0,0.0,0.0,0.0,0.0,0.0,0.0
2007-04-03,0.0,0.0,0.0,0.0,0.0,0.0,0.0
2007-04-04,0.0,0.0,0.0,0.0,0.0,0.0,0.0
2007-04-05,0.0,0.0,0.0,0.0,0.0,0.0,0.0
2007-04-09,0.0,0.0,0.0,0.0,0.0,0.0,0.0
2007-04-10,0.0,0.0,0.0,0.0,0.0,0.0,0.0
2007-04-11,0.0,0.0,0.0,0.0,0.0,0.0,0.0
2007-04-12,0.0,0.0,0.0,0.0,0.0,0.0,0.0
2007-04-13,0.0,0.0,0.0,0.0,0.0,0.0,0.0
2007-04-16,0.0,0.0,0.0,0.0,0.0,0.0,0.0
2007-04-17,0.0,0.0,0.0,0.0,0.0,0.0,0.0
2007-04-18,0.0,0.0,0.0,0.0,0.0,0.0,0.0
2007-04-19,0.0,0.0,0.0,0.0,0.0,0.0,0.0
2007-04-20,0.0,0.0,0.0,0.0,0.0,0.0,0.0
2007-04-23,0.0,0.0,0.0,0.0,0.0,0.0,0.0
2007-04-24,0.0,0.0,0.0,0.0,0.0,0.0,0.0
2007-04-25,0.0,0.0,0.0,0.0,0.0,0.0,0.0
2007-04-26,0.0,0.0,0.0,0.0,0.0,0.0,0.0
2007-04-27,0.0,0.0,0.0,0.0,0.0,0.0,0.0
2007-04-30,0.0,0.0,0.0,0.0,0.0,0.0,0.0
2007-05-01,0.0,0.0,0.0,0.0,0.0,0.0,0.0
2007-05-02,0.0,0.0,0.0,0.0,0.0,0.0,0.0
2007-05-03,0.0,0.0,0.0,0.0,0.0,0.0,0.0
2007-05-04,0.0,0.0,0.0,0.0,0.0,0.0,0.0
2007-05-07,0.0,0.0,0.0,0.0,0.0,0.0,0.0
2007-05-08,0.0,0.0,0.0,0.0,0.0,0.0,0.0
2007-05-09,0.0,0.0,0.0,0.0,0.0,0.0,0.0
2007-05-10,0.0,0.0,0.0,0.0,0.0,0.0,0.0
2007-05-11,0.0,0.0,0.0,0.0,0.0,0.0,0.0
2007-05-14,0.0,0.0,0.0,0.0,0.0,0.0,0.0
2007-05-15,0.0,0.0,0.0,0.0,0.0,0.0,0.0
2007-05-16,0.0,0.0,0.0,0.0,0.0,0.0,0.0
2007-05-17,0.0,0.0,0.0,0.0,0.0,0.0,0.0
2007-05-18,0.0,0.0,0.0,0.0,0.0,0.0,0.0
2007-05-21,0.0,0.0,0.0,0.0,0.0,0.0,0.0
2007-05-22,0.0,0.0,0.0,0.0,0.0,0.0,0.0
2007-05-23,0.0,0.0,0.0,0.0,0.0,0.0,0.0
2007-05-24,0.0,0.0,0.0,0.0,0.0,0.0,0.0
2007-05-25,0.0,0.0,0.0,0.0,0.0,0.0,0.0
2007-05-29,0.0,0.0,0.0,0.0,0.0,0.0,0.0
2007-05-30,0.0,0.0,0.0,0.0,0.0,0.0,0.0
2007-05-31,0.0,0.0,0.0,0.0,0.0,0.0,0.0
2007-06-01,0.0,0.0,0.0,0.0,0.0,0.0,0.0
2007-06-04,0.0,0.0,0.0,0.0,0.0,0.0,0.0
2007-06-05,0.0,0.0,0.0,0.0,0.0,0.0,0.0
2007-06-06,0.0,0.0,0.0,0.0,0.0,0.0,0.0
2007-06-07,0.0,0.0,0.0,0.0,0.0,0.0,0.0
2007-06-08,0.0,0.0,0.0,0.0,0.0,0.0,0.0
2007-06-11,0.0,0.0,0.0,0.0,0.0,0.0,0.0
2007-06-12,0.0,0.0,0.0,0.0,0.0,0.0,0.0
2007-06-13,0.0,0.0,0.0,0.0,0.0,0.0,0.0
2007-06-14,0.0,0.0,0.0,0.0,0.0,0.0,0.0
2007-06-15,0.0,0.0,0.0,0.0,0.0,0.0,0.0
2007-06-18,0.0,0.0,0.0,0.0,0.0,0.0,0.0
2007-06-19,0.0,0.0,0.0,0.0,0.0,0.0,0.0
2007-06-20,0.0,0.0,0.0,0.0,0.0,0.0,0.0
2007-06-21,0.0,0.0,0.0,0.0,0.0,0.0,0.0
2007-06-22,0.0,0.0,0.0,0.0,0.0,0.0,0.0
2007-06-25,0.0,0.0,0.0,0.0,0.0,0.0,0.0
2007-06-26,0.0,0.0,0.0,0.0,0.0,0.0,0.0
2007-06-27,0.0,0.0,0.0,0.0,0.0,0.0,0.0
2007-06-28,0.0,0.0,0.0,0.0,0.0,0.0,0.0
2007-06-29,0.0,0.0,0.0,0.0,0.0,0.0,0.0
2007-07-02,0.0,0.0,0.0,0.0,0.0,0.0,0.0
2007-07-03,0.0,0.0,0.0,0.0,0.0,0.0,0.0
2007-07-05,0.0,0.0,0.0,0.0,0.0,0.0,0.0
2007-07-06,0.0,0.0,0.0,0.0,0.0,0.0,0.0
2007-07-09,0.0,0.0,0.0,0.0,0.0,0.0,0.0
2007-07-10,0.0,0.0,0.0,0.0,0.0,0.0,0.0
2007-07-11,0.0,0.0,0.0,0.0,0.0,0.0,0.0
2007-07-12,0.0,0.0,0.0,0.0,0.0,0.0,0.0
2007-07-13,0.0,0.0,0.0,0.0,0.0,0.0,0.0
2007-07-16,0.0,0.0,0.0,0.0,0.0,0.0,0.0
2007-07-17,0.0,0.0,0.0,0.0,0.0,0.0,0.0
2007-07-18,0.0,0.0,0.0,0.0,0.0,0.0,0.0
2007-07-19,0.0,0.0,0.0,0.0,0.0,0.0,0.0
2007-07-20,0.0,0.0,0.0,0.0,0.0,0.0,0.0
2007-07-23,0.0,0.0,0.0,0.0,0.0,0.0,0.0
2007-07-24,0.0,0.0,0.0,0.0,0.0,0.0,0.0
2007-07-25,0.0,0.0,0.0,0.0,0.0,0.0,0.0
2007-07-26,0.0,0.0,0.0,0.0,0.0,0.0,0.0
2007-07-27,0.0,0.0,0.0,0.0,0.0,0.0,0.0
2007-07-30,0.0,0.0,0.0,0.0,0.0,0.0,0.0
2007-07-31,0.0,0.0,0.0,0.0,0.0,0.0,0.0
2007-08-01,0.0,0.0,0.0,0.0,0.0,0.0,0.0
2007-08-02,0.0,0.0,0.0,0.0,0.0,0.0,0.0
2007-08-03,0.0,0.0,0.0,0.0,0.0,0.0,0.0
2007-08-06,0.0,0.0,0.0,0.0,0.0,0.0,0.0
2007-08-07,0.0,0.0,0.0,0.0,0.0,0.0,0.0
2007-08-08,0.0,0.0,0.0,0.0,0.0,0.0,0.0
2007-08-09,0.0,0.0,0.0,0.0,0.0,0.0,0.0
2007-08-10,0.0,0.0,0.0,0.0,0.0,0.0,0.0
2007-08-13,0.0,0.0,0.0,0.0,0.0,0.0,0.0
2007-08-14,0.0,0.0,0.0,0.0,0.0,0.0,0.0
2007-08-15,0.0,0.0,0.0,0.0,0.0,0.0,0.0
2007-08-16,0.0,0.0,0.0,0.0,0.0,0.0,0.0
2007-08-17,0.0,0.0,0.0,0.0,0.0,0.0,0.0
2007-08-20,0.0,0.0,0.0,0.0,0.0,0.0,0.0
2007-08-21,0.0,0.0,0.0,0.0,0.0,0.0,0.0
2007-08-22,0.0,0.0,0.0,0.0,0.0,0.0,0.0
2007-08-23,0.0,0.0,0.0,0.0,0.0,0.0,0.0
2007-08-24,0.0,0.0,0.0,0.0,0.0,0.0,0.0
2007-08-27,0.0,0.0,0.0,0.0,0.0,0.0,0.0
2007-08-28,0.0,0.0,0.0,0.0,0.0,0.0,0.0
2007-08-29,0.0,0.0,0.0,0.0,0.0,0.0,0.0
2007-08-30,0.0,0.0,0.0,0.0,0.0,0.0,0.0
2007-08-31,0.0,0.0,0.0,0.0,0.0,0.0,0.0
2007-09-04,0.0,0.0,0.0,0.0,0.0,0.0,0.0
2007-09-05,0.0,0.0,0.0,0.0,0.0,0.0,0.0
2007-09-06,0.0,0.0,0.0,0.0,0.0,0.0,0.0
2007-09-07,0.0,0.0,0.0,0.0,0.0,0.0,0.0
2007-09-10,0.0,0.0,0.0,0.0,0.0,0.0,0.0
2007-09-11,0.0,0.0,0.0,0.0,0.0,0.0,0.0
2007-09-12,0.0,0.0,0.0,0.0,0.0,0.0,0.0
2007-09-13,0.0,0.0,0.0,0.0,0.0,0.0,0.0
2007-09-14,0.0,0.0,0.0,0.0,0.0,0.0,0.0
2007-09-17,0.0,0.0,0.0,0.0,0.0,0.0,0.0
2007-09-18,0.0,0.0,0.0,0.0,0.0,0.0,0.0
2007-09-19,0.0,0.0,0.0,0.0,0.0,0.0,0.0
2007-09-20,0.0,0.0,0.0,0.0,0.0,0.0,0.0
2007-09-21,0.0,0.0,0.0,0.0,0.0,0.0,0.0
2007-09-24,0.0,0.0,0.0,0.0,0.0,0.0,0.0
2007-09-25,0.0,0.0,0.0,0.0,0.0,0.0,0.0
2007-09-26,0.0,0.0,0.0,0.0,0.0,0.0,0.0
2007-09-27,0.0,0.0,0.0,0.0,0.0,0.0,0.0
2007-09-28,0.0,0.0,0.0,0.0,0.0,0.0,0.0
2007-10-01,0.0,0.0,0.0,0.0,0.0,0.0,0.0
2007-10-02,0.0,0.0,0.0,0.0,0.0,0.0,0.0
2007-10-03,0.0,0.0,0.0,0.0,0.0,0.0,0.0
2007-10-04,0.0,0.0,0.0,0.0,0.0,0.0,0.0
2007-10-05,0.0,0.0,0.0,0.0,0.0,0.0,0.0
2007-10-08,0.0,0.0,0.0,0.0,0.0,0.0,0.0
2007-10-09,0.0,0.0,0.0,0.0,0.0,0.0,0.0
2007-10-10,0.0,0.0,0.0,0.0,0.0,0.0,0.0
2007-10-11,0.0,0.0,0.0,0.0,0.0,0.0,0.0
2007-10-12,0.0,0.0,0.0,0.0,0.0,0.0,0.0
2007-10-15,0.0,0.0,0.0,0.0,0.0,0.0,0.0
2007-10-16,0.0,0.0,0.0,0.0,0.0,0.0,0.0
2007-10-17,0.0,0.0,0.0,0.0,0.0,0.0,0.0
2007-10-18,0.0,0.0,0.0,0.0,0.0,0.0,0.0
2007-10-19,0.0,0.0,0.0,0.0,0.0,0.0,0.0
2007-10-22,0.0,0.0,0.0,0.0,0.0,0.0,0.0
2007-10-23,0.0,0.0,0.0,0.0,0.0,0.0,0.0
2007-10-24,0.0,0.0,0.0,0.0,0.0,0.0,0.0
2007-10-25,0.0,0.0,0.0,0.0,0.0,0.0,0.0
2007-10-26,0.0,0.0,0.0,0.0,0.0,0.0,0.0
2007-10-29,0.0,0.0,0.0,0.0,0.0,0.0,0.0
2007-10-30,0.0,0.0,0.0,0.0,0.0,0.0,0.0
2007-10-31,0.0,0.0,0.0,0.0,0.0,0.0,0.0
2007-11-01,0.0,0.0,0.0,0.0,0.0,0.0,0.0
2007-11-02,0.0,0.0,0.0,0.0,0.0,0.0,0.0
2007-11-05,0.0,0.0,0.0,0.0,0.0,0.0,0.0
2007-11-06,0.0,0.0,0.0,0.0,0.0,0.0,0.0
2007-11-07,0.0,0.0,0.0,0.0,0.0,0.0,0.0
2007-11-08,0.0,0.0,0.0,0.0,0.0,0.0,0.0
2007-11-09,0.0,0.0,0.0,0.0,0.0,0.0,0.0
2007-11-12,0.0,0.0,0.0,0.0,0.0,0.0,0.0
2007-11-13,0.0,0.0,0.0,0.0,0.0,0.0,0.0
2007-11-14,0.0,0.0,0.0,0.0,0.0,0.0,0.0
2007-11-15,0.0,0.0,0.0,0.0,0.0,0.0,0.0
2007-11-16,0.0,0.0,0.0,0.0,0.0,0.0,0.0
2007-11-19,0.0,0.0,0.0,0.0,0.0,0.0,0.0
2007-11-20,0.0,0.0,0.0,0.0,0.0,0.0,0.0
2007-11-21,0.0,0.0,0.0,0.0,0.0,0.0,0.0
2007-11-23,0.0,0.0,0.0,0.0,0.0,0.0,0.0
2007-11-26,0.0,0.0,0.0,0.0,0.0,0.0,0.0
2007-11-27,0.0,0.0,0.0,0.0,0.0,0.0,0.0
2007-11-28,0.0,0.0,0.0,0.0,0.0,0.0,0.0
2007-11-29,0.0,0.0,0.0,0.0,0.0,0.0,0.0
2007-11-30,0.0,0.0,0.0,0.0,0.0,0.0,0.0
2007-12-03,0.0,0.0,0.0,0.0,0.0,0.0,0.0
2007-12-04,0.0,0.0,0.0,0.0,0.0,0.0,0.0
2007-12-05,0.0,0.0,0.0,0.0,0.0,0.0,0.0
2007-12-06,0.0,0.0,0.0,0.0,0.0,0.0,0.0
2007-12-07,0.0,0.0,0.0,0.0,0.0,0.0,0.0
2007-12-10,0.0,0.0,0.0,0.0,0.0,0.0,0.0
2007-12-11,0.0,0.0,0.0,0.0,0.0,0.0,0.0
2007-12-12,0.0,0.0,0.0,0.0,0.0,0.0,0.0
2007-12-13,0.0,0.0,0.0,0.0,0.0,0.0,0.0
2007-12-14,0.0,0.0,0.0,0.0,0.0,0.0,0.0
2007-12-17,0.0,0.0,0.0,0.0,0.0,0.0,0.0
2007-12-18,0.0,0.0,0.0,0.0,0.0,0.0,0.0
2007-12-19,0.0,0.0,0.0,0.0,0.0,0.0,0.0
2007-12-20,0.0,0.0,0.0,0.0,0.0,0.0,0.0
2007-12-21,0.0,0.0,0.0,0.0,0.0,0.0,0.0
2007-12-24,0.0,0.0,0.0,0.0,0.0,0.0,0.0
2007-12-26,0.0,0.0,0.0,0.0,0.0,0.0,0.0
2007-12-27,0.0,0.0,0.0,0.0,0.0,0.0,0.0
2007-12-28,0.0,0.0,0.0,0.0,0.0,0.0,0.0
2007-12-31,0.0,0.0,0.0,0.0,0.0,0.0,0.0
2008-01-02,0.0,0.0,0.0,0.0,0.0,0.0,0.0
2008-01-03,0.0,0.0,0.0,0.0,0.0,0.0,0.0
2008-01-04,0.0,0.0,0.0,0.0,0.0,0.0,0.0
2008-01-07,0.0,0.0,0.0,0.0,0.0,0.0,0.0
2008-01-08,0.0,0.0,0.0,0.0,0.0,0.0,0.0
2008-01-09,0.0,0.0,0.0,0.0,0.0,0.0,0.0
2008-01-10,0.0,0.0,0.0,0.0,0.0,0.0,0.0
2008-01-11,0.0,0.0,0.0,0.0,0.0,0.0,0.0
2008-01-14,0.0,0.0,0.0,0.0,0.0,0.0,0.0
2008-01-15,0.0,0.0,0.0,0.0,0.0,0.0,0.0
2008-01-16,-0.0009754037259260769,5.2193653543981675e-05,0.0,-0.0010275973794700586,0.25000000000087913,0.25000000000087913,0.25000000000087913
2008-01-17,0.00024917152182830243,0.0,0.0,0.00024917152182830243,0.24928075652711262,0.24928075652711262,0.0
2008-01-18,0.0003645424973977669,0.0,0.0,0.0003645424973977669,0.24946776778559474,0.24946776778559474,0.0
2008-01-22,0.0010078821615012838,0.0,0.0,0.0010078821615012838,0.24974126897709628,0.24974126897709628,0.0
2008-01-23,-0.0012093303727906382,0.0,0.0,-0.0012093303727906382,0.25049668000330694,0.25049668000330694,0.0
2008-01-24,0.00019024582225528113,0.0,0.0,0.00019024582225528113,0.24958918541315647,0.24958918541315647,0.0
2008-01-25,0.002172477498806405,0.0,0.0,0.002172477498806405,0.2497319207807994,0.2497319207807994,0.0
2008-01-28,6.584994268409146e-05,0.0,0.0,6.584994268409146e-05,0.2513583279679579,0.2513583279679579,0.0
2008-01-29,0.00032386692024400396,0.0,0.0,0.00032386692024400396,0.25140762273309464,0.25140762273309464,0.0
2008-01-30,-0.00034570931003353214,0.0,0.0,-0.00034570931003353214,0.2516499885465686,0.2516499885465686,0.0
2008-01-31,-0.0002077911588244379,5.116976017327962e-05,7.208619796473015e-17,-0.0002589609189977896,0.29860881248898286,0.29860881248372056,0.25000000000378153
2008-02-01,-0.003285154123314242,0.0,7.238144508998682e-17,-0.0032851541233143143,0.2984783155490741,0.29847831554379023,0.0
2008-02-04,0.0004098329367751706,0.0,2.1700267863396128e-16,0.0004098329367749536,0.29616611275223304,0.2961661127469526,0.0
2008-02-05,-0.00223689435979706,0.0,7.227561379030744e-17,-0.0022368943597971323,0.29645444889159683,0.2964544488863207,0.0
2008-02-06,0.0010721441280762158,0.0,7.171392072559211e-17,0.001072144128076144,0.2948771635958275,0.2948771635905924,0.0
2008-02-07,0.00043784424192278666,0.0,7.13372884012432e-17,0.0004378442419227153,0.2956323472387205,0.2956323472335129,0.0
2008-02-08,0.0034848630866769524,0.0,7.128899203929422e-17,0.0034848630866768813,0.2959406155861566,0.29594061558095247,0.0
2008-02-11,0.0008756201516511565,0.0,2.1692820045834794e-16,0.0008756201516509395,0.298385645551151,0.2983856455458724,0.0
2008-02-12,-0.0030849288126794075,0.0,7.325693602406262e-17,-0.003084928812679481,0.29899945575408504,0.2989994557487373,0.0
2008-02-13,7.94977713391262e-05,0.0,7.30091294276075e-17,7.949777133905319e-05,0.29683022706130674,0.2968302270559771,0.0
2008-02-14,0.0028193483495853014,5.1850234265959834e-05,3.289493703142812e-17,0.0027674981153193085,0.44833604038624836,0.448336040383847,0.24999999999723352
2008-02-15,-0.0003905203857490488,0.0,3.278275184062275e-17,-0.0003905203857490816,0.44991026293110736,0.4499102629287143,0.0
2008-02-19,0.007458413791926638,0.0,1.3127725138451371e-16,0.007458413791926507,0.4496953577499381,0.4496953577475422,0.0
2008-02-20,0.002779186285529812,0.0,3.323080495230633e-17,0.0027791862855297785,0.4537693718009191,0.4537693717984932,0.0
2008-02-21,-0.0017974491236960807,0.0,3.3540999657222826e-17,-0.0017974491236961143,0.45528324114665203,0.4552832411442035,0.0
2008-02-22,0.0021542598300026243,0.0,3.3510643125548396e-17,0.002154259830002591,0.45430237743315965,0.45430237743071333,0.0
2008-02-25,-0.0007557236961792714,0.0,1.0124158440521576e-16,-0.0007557236961793726,0.45547542485187303,0.4554754248494095,0.0
2008-02-26,0.00457306755382293,0.0,3.426884391167259e-17,0.004573067553822896,0.45506360350416686,0.4550636035016652,0.0
2008-02-27,-0.00012223927029804838,0.0,3.473152407633381e-17,-0.0001222392702980831,0.4575442901104939,0.4575442901079585,0.0
2008-02-28,0.006650155185125224,0.0,3.490921438796983e-17,0.006650155185125189,0.4574779726137582,0.4574779726112099,0.0
2008-02-29,-0.001622630208068293,5.289325259737926e-05,4.2972526485144947e-17,-0.0016755234606657152,0.4828940830299911,0.4828940830268541,0.2499999999998216
2008-03-03,0.004856771574701897,0.0,1.2741365864905826e-16,0.00485677157470177,0.48207918781095704,0.4820791878078566,0.0
2008-03-04,-0.006391155393623099,0.0,4.2748489572945304e-17,-0.006391155393623142,0.48458245310186976,0.48458245309874914,0.0
2008-03-05,0.006283018204123682,0.0,4.234770043574901e-17,0.0062830182041236395,0.48126715085515925,0.4812671508520679,0.0
2008-03-06,3.1224723219507066e-05,0.0,4.2884241502986405e-17,3.122472321946418e-05,0.4845060089848825,0.48450600898175195,0.0
2008-03-07,-0.004963603782701837,0.0,4.22167563530731e-17,-0.0049636037827018795,0.4845221046394423,0.4845221046363604,0.0
2008-03-10,0.004486282362999455,0.0,1.2613186099625545e-16,0.004486282362999329,0.48195071324002664,0.48195071323695743,0.0
2008-03-11,0.0036262260022619903,0.0,4.1367553152943904e-17,0.003626226002261949,0.48426444854843975,0.48426444854541995,0.0
2008-03-12,0.0031017848812141197,0.0,4.1925535784863674e-17,0.0031017848812140776,0.4861278650460993,0.48612786504303873,0.0
2008-03-13,0.002726181271843779,0.0,4.206769431551376e-17,0.002726181271843737,0.48771685715350144,0.48771685715043045,0.0
2008-03-14,-0.0011170497661346533,5.201926589985596e-05,1.583243296074516e-17,-0.001169069032034525,0.34120425526580844,0.3412042552646527,0.2500000000007524
2008-03-17,-0.007529834170398602,0.0,4.7014103864255877e-17,-0.007529834170398649,0.3404852562686287,0.3404852562674847,0.0
2008-03-18,0.00015878497610828754,0.0,1.5285731038181605e-17,0.00015878497610827226,0.33548154248029977,0.3354815424791839,0.0
2008-03-19,-0.010834746503041164,0.0,1.5600609274110078e-17,-0.01083474650304118,0.33558704127609995,0.3355870412749611,0.0
2008-03-20,-0.010165666168905407,0.0,1.4708371344444005e-17,-0.010165666168905421,0.32830944437736503,0.3283094443762913,0.0
2008-03-24,0.0026966974830488115,0.0,5.7738202878447e-17,0.002696697483048754,0.3214111365253138,0.32141113652426007,0.0
2008-03-25,0.005790343062452733,0.0,1.4530559210903814e-17,0.005790343062452718,0.32323616385886395,0.32323616385780324,0.0
2008-03-26,0.006719457789726075,0.0,1.5059804623399378e-17,0.0067194577897260604,0.32713229868516586,0.32713229868406646,0.0
2008-03-27,0.0005126776005412769,0.0,1.5190228895301143e-17,0.0005126776005412617,0.3316234268560652,0.3316234268549564,0.0
2008-03-28,-0.00549247532913907,0.0,1.5028099905661423e-17,-0.005492475329139085,0.3319659129688729,0.33196591296777583,0.0
2008-03-31,-0.0017838106188479406,5.942847737727913e-05,2.778175474130255e-17,-0.0018432390962252474,0.05000000000033802,0.04999999999966199,0.27827648815168826
2008-04-01,-0.00017811843101834095,0.0,9.296997359271141e-18,-0.00017811843101835025,0.0483052274653076,0.04830522746462892,0.0
2008-04-02,0.0016152124371193056,0.0,9.642689264918153e-18,0.001615212437119296,0.04813568288662613,0.04813568288592221,0.0
2008-04-03,-7.707150076200818e-05,0.0,9.810333946048782e-18,-7.707150076201799e-05,0.04967066664523343,0.04967066664451728,0.0
2008-04-04,0.0007292840495445055,0.0,9.970184572084587e-18,0.0007292840495444955,0.049597417691898474,0.04959741769117065,0.0
2008-04-07,0.0012145936635818606,0.0,3.0242863439602636e-17,0.0012145936635818305,0.050290026027618485,0.050290026026882574,0.0
2008-04-08,0.00015386018437583103,0.0,1.0067522210286913e-17,0.00015386018437582097,0.051442138395863535,0.05144213839512861,0.0
2008-04-09,0.0010117620713993097,0.0,1.0175427071388063e-17,0.0010117620713992995,0.051588061231634674,0.051588061230891866,0.0
2008-04-10,-0.000425575451932968,0.0,1.0087033246303843e-17,-0.0004255754519329781,0.052546658586891296,0.05254665858615494,0.0
2008-04-11,0.00017740010529208576,0.0,1.0106960624564518e-17,0.00017740010529207565,0.05214327403237106,0.05214327403163325,0.0
2008-04-14,-0.0002355210721176199,5.116693788586589e-05,3.3882119210916135e-18,-0.0002866880100034892,0.29768860590935275,0.2976886059092703,0.25000000000018374
2008-04-15,-0.000679533303847331,0.0,1.1280109473664602e-18,-0.0006795333038473321,0.2975383855248808,0.29753838552479844,0.0
2008-04-16,-0.0012945102599983566,0.0,1.1299315455648925e-18,-0.0012945102599983577,0.2970607148700524,0.29706071486997,0.0
2008-04-17,-0.00044880316216841385,0.0,1.1491545423801085e-18,-0.000448803162168415,0.296149573271149,0.2961495732710651,0.0
2008-04-18,0.0005977553209749033,0.0,1.1497466607601282e-18,0.0005977553209749021,0.2958335411377187,0.29583354113763477,0.0
2008-04-21,0.0006974502654324013,0.0,3.478726036857512e-18,0.0006974502654323978,0.2962542089289459,0.2962542089288613,0.0
2008-04-22,0.0009091881431337201,0.0,1.1576478206791065e-18,0.0009091881431337189,0.29674469452841373,0.29674469452832924,0.0
2008-04-23,-0.00046553527801399425,0.0,1.1521538459419366e-18,-0.0004655352780139954,0.29738350511473327,0.29738350511464917,0.0
2008-04-24,-0.0028943430553558984,0.0,1.1539280938815377e-18,-0.0028943430553558997,0.29705626000530666,0.2970562600052225,0.0
2008-04-25,0.0007029307394432855,0.0,1.1609814165898835e-18,0.0007029307394432843,0.2950157938641421,0.2950157938640573,0.0
2008-04-28,0.0010089597713231536,5.255476640490123e-05,2.325456085683018e-17,0.0009564050049182291,0.5455110008367121,0.5455110008361462,0.24999999999994213
2008-04-29,-0.0019418656128273137,0.0,7.77867999808256e-18,-0.0019418656128273215,0.545997765612332,0.545997765611764,0.0
2008-04-30,0.0011114357127661911,0.0,7.702487684928438e-18,0.0011114357127661833,0.5451144389836159,0.5451144389830536,0.0
2008-05-01,-0.0029388458581822694,0.0,7.716896670070205e-18,-0.0029388458581822772,0.5456194537499062,0.5456194537493427,0.0
2008-05-02,-0.000457387643890792,0.0,7.713464172886003e-18,-0.0004573876438907997,0.5442801633956079,0.5442801633950448,0.0
2008-05-05,0.003761472423125081,0.0,2.323771403476209e-17,0.0037614724231250576,0.5440716273914796,0.5440716273909142,0.0
2008-05-06,0.0007576828788737051,0.0,7.769394224600016e-18,0.0007576828788736973,0.5457801627832108,0.5457801627826437,0.0
2008-05-07,0.0017762427472937244,0.0,7.804121863555025e-18,0.0017762427472937166,0.546124056814498,0.5461240568139284,0.0
2008-05-08,0.004010114759314689,0.0,7.717529846952985e-18,0.004010114759314681,0.5469288212098266,0.5469288212092631,0.0
2008-05-09,0.003157923314397031,0.0,7.724411956984064e-18,0.003157923314397023,0.5487384318844409,0.5487384318838772,0.0
2008-05-12,-0.003346715027690106,1.0926643654856158e-05,1.1208013163352841e-07,-0.0033577537514765956,0.6027272832110482,0.6000000000079655,0.053260664174748666
2008-05-13,-0.0025361280744961435,0.0,3.743643679669056e-08,-0.0025361655109329404,0.6013963093096074,0.5986634494234491,0.0
2008-05-14,-0.0019170895860000348,0.0,3.769695847535882e-08,-0.0019171272829585102,0.6003949209912168,0.5976430430225155,0.0
2008-05-15,0.0032071064770346916,0.0,3.781905996791467e-08,0.0032070686579747237,0.5996310210157983,0.5968702296381405,0.0
2008-05-16,0.001816690080693855,0.0,3.766513548433466e-08,0.0018166524155583707,0.6009085540269153,0.5981589991365588,0.0
2008-05-19,0.000919610359596573,0.0,1.1170265875018436e-07,0.0009194986569378228,0.6016058164265665,0.5988877183969786,0.0
2008-05-20,0.0037642301981219897,0.0,3.739762039422705e-08,0.0037641928005015955,0.6019863396700382,0.5992563133812596,0.0
2008-05-21,0.004095367817971517,0.0,3.688004563225423e-08,0.004095330937925885,0.6034514135670986,0.600759170235944,0.0
2008-05-22,-0.006097420405032802,0.0,3.646821440586323e-08,-0.006097456873247207,0.6050497412877534,0.6023875616361254,0.0
2008-05-23,0.0030842639673825533,0.0,3.6922083822446474e-08,0.0030842270452987306,0.6026436122362739,0.5999483001172354,0.0
2008-05-27,-0.005561422001472336,2.05540432738956e-05,5.62583409329373e-06,-0.005587601878839526,0.7026714722072639,0.6000000000046533,0.0994586588744654
2008-05-28,-0.001949420926964581,0.0,1.4202880050317904e-06,-0.0019508412149696127,0.7014597519116588,0.597778727544338,0.0
2008-05-29,-0.007418507064762886,0.0,1.4219083891234524e-06,-0.00741992897315201,0.7007932594203083,0.5969939470142963,0.0
2008-05-30,0.00270993102179063,0.0,1.4630001490760966e-06,0.002708468021641554,0.7007817606466155,0.5939827497640603,0.0
2008-06-02,0.003462875708233105,0.0,4.3703583858946004e-06,0.0034585053498472104,0.7014263105253521,0.5950809231352502,0.0
2008-06-03,-0.002234937854008491,0.0,1.4349636454689869e-06,-0.0022363728176539597,0.7012332126945869,0.5964808665753509,0.0
2008-06-04,-0.0035761570753728824,0.0,1.447656870316783e-06,-0.003577604732243199,0.7012568143977745,0.5955778628646493,0.0
2008-06-05,0.0023949354047131076,0.0,1.4533979595759528e-06,0.0023934820067535315,0.7002253093290983,0.5941272582800539,0.0
2008-06-06,0.012100617618638522,0.0,1.4621308421086748e-06,0.012099155487796413,0.7018333891918643,0.5950978377179311,0.0
2008-06-09,-0.004366830709928886,0.0,4.23040493764839e-06,-0.0043710611148665346,0.7028795452058886,0.5999396917231111,0.0
2008-06-10,-0.0034186471381004863,2.5591511914298243e-05,1.4072047107078023e-06,-0.0034456458547254924,0.7027259438790634,0.5999999999973937,0.12477745249393579
2008-06-11,0.0033363620786904264,0.0,1.3992705935224049e-06,0.003334962808096904,0.7007908216388633,0.5986440683117277,0.0
2008-06-12,-0.004373771961030353,0.0,1.3807817651506446e-06,-0.004375152742795503,0.7007765898582528,0.5999795210022557,0.0
2008-06-13,-0.0021068794559010525,0.0,1.3757150963958451e-06,-0.0021082551709974483,0.6986502683675823,0.5982230663306856,0.0
2008-06-16,0.0007519591783353592,0.0,4.199555639129857e-06,0.0007477596226962294,0.6995647943062809,0.5973756070874544,0.0
2008-06-17,0.0019862717488408643,0.0,1.4030502316532584e-06,0.001984868698609211,0.70010331172302,0.5976806448123321,0.0
2008-06-18,0.003628853383450923,0.0,1.3966674576677645e-06,0.0036274567159932554,0.7004357387086634,0.5984790142989165,0.0
2008-06-19,-0.0036240199418700095,0.0,1.3762400163668694e-06,-0.0036253961818863765,0.7003971628146183,0.5999316416198367,0.0
2008-06-20,0.0036591408794451386,0.0,1.3830407078602616e-06,0.003657757838737278,0.6994393108120229,0.598477339138224,0.0
2008-06-23,-0.000812466448690656,0.0,4.076699091375501e-06,-0.0008165431477820315,0.6991417152179823,0.5999420373278451,0.0
2008-06-24,0.0013819240312046227,5.134535382068907e-05,3.761219533536267e-08,0.0013305410651885984,0.49852176193584197,0.4957760716763605,0.25000000000789174
2008-06-25,0.0002951917056181883,0.0,3.746345580246923e-08,0.00029515424216238585,0.49923221782091587,0.4964973855473356,0.0
2008-06-26,0.004575404247999803,0.0,3.7271393577797655e-08,0.004575366976606225,0.4993668018133074,0.4966459900821282,0.0
2008-06-27,0.0016127375560451838,0.0,3.687231505562605e-08,0.0016127006837301282,0.501630246285073,0.4989385672860123,0.0
2008-06-30,-0.0009621990559476895,0.0,1.1009538995687823e-07,-0.0009623091513376464,0.5024243529722732,0.4997453651499892,0.0
2008-07-01,0.000878822287358516,0.0,3.681566420405888e-08,0.000878785471694312,0.5019511555237307,0.49926361203683445,0.0
2008-07-02,0.002332551928676916,0.0,3.675062238315312e-08,0.002332515178054533,0.5023860977559249,0.4997033023219548,0.0
2008-07-03,-0.0009180046076508906,0.0,3.648561424474151e-08,-0.0009180410932651353,0.5035310228741999,0.5008675730343338,0.0
2008-07-07,-0.0005993842166303733,0.0,1.4751381560724234e-07,-0.0005995317304459805,0.5031010915542904,0.5004089644194581,0.0
2008-07-08,-0.002201656722863913,0.0,3.686789386660488e-08,-0.0022016935907577797,0.5028007679160771,0.500109411663815,0.0
2008-07-09,0.002581731886746884,3.402000944826516e-05,8.605325132665177e-07,0.0025468513447853523,0.6628188734474402,0.5999999999789843,0.16674074545901105
2008-07-10,0.0014526036519191296,0.0,8.522856088438469e-07,0.0014517513663102857,0.6632677939051508,0.6010509444595499,0.0
2008-07-11,0.000451563752769225,0.0,8.502935475393992e-07,0.0004507134592216856,0.6637015597175194,0.6016301307471433,0.0
2008-07-14,0.001889858805239565,0.0,2.532718604164315e-06,0.0018873260866354006,0.6634399364646686,0.6018104504300035,0.0
2008-07-15,-4.3939564928736875e-05,0.0,8.411397887820522e-07,-4.478070471751893e-05,0.6639662808037345,0.6025630762226448,0.0
2008-07-16,-0.0032254755580889347,0.0,8.404226406795021e-07,-0.0032263159807296143,0.6638969718671577,0.602546119097554,0.0
2008-07-17,-0.0040125911373078025,0.0,8.473074667294531e-07,-0.004013438444774532,0.6631139449701203,0.6012604998988703,0.0
2008-07-18,-0.0018082661493922503,0.0,8.522421466074503e-07,-0.0018091183915388577,0.6618682622310526,0.5996545855287089,0.0
2008-07-21,0.0015441494743846959,0.0,2.561360243744751e-06,0.0015415881141409512,0.6612562869919316,0.5989298543941426,0.0
2008-07-22,-0.00349896297380331,0.0,8.494308686079326e-07,-0.003499812404671918,0.6615581985160123,0.5995497451076331,0.0
2008-07-23,-0.0024716996938661663,4.511261875869247e-05,8.585191345215952e-07,-0.0025176708317593806,0.4783862711348512,0.41571437431477476,0.21123089176851642
2008-07-24,0.001040161282257383,0.0,8.641288085688633e-07,0.0010392971534488142,0.4773671126936818,0.4142857096681548,0.0
2008-07-25,-0.0013182692989196242,0.0,8.624675102475632e-07,-0.001319131766429872,0.47785480034679106,0.414894672098719,0.0
2008-07-28,0.0016258985171051636,0.0,2.594263882176785e-06,0.0016233042532229867,0.47724977298866644,0.4141226851890314,0.0
2008-07-29,-0.0024798775560911073,0.0,8.614429200469191e-07,-0.0024807389990111543,0.4779601241958731,0.41507479103244793,0.0
2008-07-30,0.0013102409021236829,0.0,8.708615311315188e-07,0.0013093700405925515,0.4771938909925325,0.4136209992199317,0.0
2008-07-31,0.00040777506418343914,0.0,8.689579304736872e-07,0.0004069061062529655,0.47782258096049707,0.41438865203591796,0.0
2008-08-01,-0.0005964203695721395,0.0,8.686044900027863e-07,-0.0005972889740621422,0.47803584032224555,0.4146277125520421,0.0
2008-08-04,-0.0014743113122980204,0.0,2.6154044610743923e-06,-0.0014769267167590947,0.47792024485666307,0.4142787363038528,0.0
2008-08-05,-0.0019171805078938178,0.0,8.734739348775864e-07,-0.0019180539818286955,0.47717860590902217,0.4134150086629583,0.0
2008-08-06,-0.0006237429053775396,3.130486844057283e-05,8.816776775929978e-07,-0.0006559294514957054,0.5321812352252944,0.4678187647610055,0.14711863096710368
2008-08-07,0.0014853059927585131,0.0,8.849453094893134e-07,0.0014844210474490238,0.5321026775623043,0.4675016699695845,0.0
2008-08-08,-0.0027665043211695392,0.0,8.882357137250022e-07,-0.0027673925568832644,0.5331330408099635,0.4682918337080383,0.0
2008-08-11,-0.002423662594816929,0.0,2.714790541802888e-06,-0.002426377385358732,0.5328770990038764,0.4668171958200062,0.0
2008-08-12,0.0015041927938859595,0.0,9.121430361874279e-07,0.0015032806508497721,0.5321095095111128,0.4655230678694305,0.0
2008-08-13,-9.987652917925505e-05,0.0,9.088492013200106e-07,-0.00010078537838057506,0.5326722331439256,0.46632624144756485,0.0
2008-08-14,-0.00013579181484449344,0.0,9.089408092633975e-07,-0.00013670075565375684,0.5326260375314743,0.4662733584552463,0.0
2008-08-15,-0.0004009375777933596,0.0,9.144556219125532e-07,-0.0004018520334152722,0.5329565571095651,0.4662012967099487,0.0
2008-08-18,0.0006666434540359908,0.0,2.7652699610482963e-06,0.0006638781840749426,0.5332758529225169,0.46598761720367504,0.0
2008-08-19,0.0006377160899727628,0.0,9.184506479514914e-07,0.0006367976393248113,0.5333915619090766,0.4663446646086177,0.0
2008-08-20,0.0008392751893427253,2.7628850146419622e-05,0.0,0.0008116463391963057,0.4,0.4,0.13338051640234058
2008-08-21,-0.00010622263586746762,0.0,0.0,-0.00010622263586746762,0.40051419930568016,0.40051419930568016,0.0
2008-08-22,-0.000836605349496771,0.0,0.0,-0.000836605349496771,0.4004505135788996,0.4004505135788996,0.0
2008-08-25,0.001186341207754123,0.0,0.0,0.001186341207754123,0.399948507290125,0.399948507290125,0.0
2008-08-26,5.722384310234496e-05,0.0,0.0,5.722384310234496e-05,0.40065952958764983,0.40065952958764983,0.0
2008-08-27,0.0004693859983824189,0.0,0.0,0.0004693859983824189,0.4006938241902247,0.4006938241902247,0.0
2008-08-28,-0.000504239271295907,0.0,0.0,-0.000504239271295907,0.40097499813877935,0.40097499813877935,0.0
2008-08-29,-0.0004108242879093542,0.0,0.0,-0.0004108242879093542,0.4006727938250699,0.4006727938250699,0.0
2008-09-02,0.0006922926072971351,0.0,0.0,0.0006922926072971351,0.40042647445838997,0.40042647445838997,0.0
2008-09-03,0.00011293480323409583,0.0,0.0,0.00011293480323409583,0.4008412676194145,0.4008412676194145,0.0
2008-09-04,0.0004093001042929258,2.5158144244863515e-07,7.701601913290127e-18,0.0004090485228504694,0.4000000000011138,0.4000000000005516,0.0012526850329155903
2008-09-05,-0.0002084742230375386,0.0,7.731886308808664e-18,-0.00020847422303754633,0.4002455802420337,0.4002455802414693,0.0
2008-09-08,0.00035234948452387036,0.0,2.318044060512555e-17,0.00035234948452384716,0.4001205208336978,0.4001205208331338,0.0
2008-09-09,0.0007619744420877394,0.0,7.714897786361706e-18,0.0007619744420877317,0.40033181361005704,0.4003318136094939,0.0
2008-09-10,-0.00023564139345039995,0.0,7.725731050607086e-18,-0.00023564139345040767,0.40078839753653783,0.40078839753597395,0.0
2008-09-11,-0.00016003582423604286,0.0,7.684947280837595e-18,-0.00016003582423605055,0.40064716519937393,0.40064716519881294,0.0
2008-09-12,-0.0011567011128825507,0.0,7.686177344564155e-18,-0.0011567011128825583,0.40055123192168723,0.4005512319211261,0.0
2008-09-15,0.0033244935953304577,0.0,2.3085234750419433e-17,0.0033244935953304347,0.39985704589878973,0.399857045898228,0.0
2008-09-16,-0.00141915661441124,0.0,7.387811588332365e-18,-0.0014191566144112473,0.401845606349479,0.4018456063489397,0.0
2008-09-17,0.002188065852581859,0.0,7.227997910392146e-18,0.002188065852581852,0.4009955251869738,0.4009955251864461,0.0
2008-09-18,-0.002783529408115164,2.2132454795874908e-05,0.0,-0.0028056618629110387,0.29396697443275766,0.29396697443275766,0.10969044656780337
2008-09-19,-0.0016949139929786385,0.0,0.0,-0.0016949139929786385,0.29200270588039795,0.29200270588039795,0.0
2008-09-22,0.0001918598896932313,0.0,0.0,0.0001918598896932313,0.2908006740189817,0.2908006740189817,0.0
2008-09-23,-0.0008441377826006261,0.0,0.0,-0.0008441377826006261,0.2909367148226614,0.2909367148226614,0.0
2008-09-24,-0.0002630654963133102,0.0,0.0,-0.0002630654963133102,0.29033766203029243,0.29033766203029243,0.0
2008-09-25,-0.00037547355499126776,0.0,0.0,-0.00037547355499126776,0.2901509252311308,0.2901509252311308,0.0
2008-09-26,-0.00019990425848595274,0.0,0.0,-0.00019990425848595274,0.2898842955631308,0.2898842955631308,0.0
2008-09-29,0.0022292081677548776,0.0,0.0,0.0022292081677548776,0.28974231202668255,0.28974231202668255,0.0
2008-09-30,-0.003351451852608995,0.0,0.0,-0.003351451852608995,0.29132210258390984,0.29132210258390984,0.0
2008-10-01,0.0021227678932906513,0.0,0.0,0.0021227678932906513,0.2889390159315356,0.2889390159315356,0.0
2008-10-02,0.0,5.992912050354948e-05,0.0,-5.992912050354948e-05,0.0,0.0,0.2904452360030797
2008-10-03,0.0,0.0,0.0,0.0,0.0,0.0,0.0
2008-10-06,0.0,0.0,0.0,0.0,0.0,0.0,0.0
2008-10-07,0.0,0.0,0.0,0.0,0.0,0.0,0.0
2008-10-08,0.0,0.0,0.0,0.0,0.0,0.0,0.0
2008-10-09,0.0,0.0,0.0,0.0,0.0,0.0,0.0
2008-10-10,0.0,0.0,0.0,0.0,0.0,0.0,0.0
2008-10-13,0.0,0.0,0.0,0.0,0.0,0.0,0.0
2008-10-14,0.0,0.0,0.0,0.0,0.0,0.0,0.0
2008-10-15,0.0,0.0,0.0,0.0,0.0,0.0,0.0
2008-10-16,0.0,0.0,0.0,0.0,0.0,0.0,0.0
2008-10-17,0.0,0.0,0.0,0.0,0.0,0.0,0.0
2008-10-20,0.0,0.0,0.0,0.0,0.0,0.0,0.0
2008-10-21,0.0,0.0,0.0,0.0,0.0,0.0,0.0
2008-10-22,0.0,0.0,0.0,0.0,0.0,0.0,0.0
2008-10-23,0.0,0.0,0.0,0.0,0.0,0.0,0.0
2008-10-24,0.0,0.0,0.0,0.0,0.0,0.0,0.0
2008-10-27,0.0,0.0,0.0,0.0,0.0,0.0,0.0
2008-10-28,0.0,0.0,0.0,0.0,0.0,0.0,0.0
2008-10-29,0.0,0.0,0.0,0.0,0.0,0.0,0.0
2008-10-30,0.0,0.0,0.0,0.0,0.0,0.0,0.0
2008-10-31,0.0,0.0,0.0,0.0,0.0,0.0,0.0
2008-11-03,0.0,0.0,0.0,0.0,0.0,0.0,0.0
2008-11-04,0.0,0.0,0.0,0.0,0.0,0.0,0.0
2008-11-05,0.0,0.0,0.0,0.0,0.0,0.0,0.0
2008-11-06,0.0,0.0,0.0,0.0,0.0,0.0,0.0
2008-11-07,0.0,0.0,0.0,0.0,0.0,0.0,0.0
2008-11-10,0.0,0.0,0.0,0.0,0.0,0.0,0.0
2008-11-11,0.0,0.0,0.0,0.0,0.0,0.0,0.0
2008-11-12,0.0,0.0,0.0,0.0,0.0,0.0,0.0
2008-11-13,0.0,0.0,0.0,0.0,0.0,0.0,0.0
2008-11-14,0.0,0.0,0.0,0.0,0.0,0.0,0.0
2008-11-17,0.0,0.0,0.0,0.0,0.0,0.0,0.0
2008-11-18,0.0,0.0,0.0,0.0,0.0,0.0,0.0
2008-11-19,0.0,0.0,0.0,0.0,0.0,0.0,0.0
2008-11-20,0.0,0.0,0.0,0.0,0.0,0.0,0.0
2008-11-21,0.0,0.0,0.0,0.0,0.0,0.0,0.0
2008-11-24,0.0,0.0,0.0,0.0,0.0,0.0,0.0
2008-11-25,0.0,0.0,0.0,0.0,0.0,0.0,0.0
2008-11-26,0.0,0.0,0.0,0.0,0.0,0.0,0.0
2008-11-28,0.0,0.0,0.0,0.0,0.0,0.0,0.0
2008-12-01,0.0,0.0,0.0,0.0,0.0,0.0,0.0
2008-12-02,0.0,0.0,0.0,0.0,0.0,0.0,0.0
2008-12-03,0.0,0.0,0.0,0.0,0.0,0.0,0.0
2008-12-04,0.0,0.0,0.0,0.0,0.0,0.0,0.0
2008-12-05,0.0,0.0,0.0,0.0,0.0,0.0,0.0
2008-12-08,0.0,0.0,0.0,0.0,0.0,0.0,0.0
2008-12-09,0.0,0.0,0.0,0.0,0.0,0.0,0.0
2008-12-10,0.0,0.0,0.0,0.0,0.0,0.0,0.0
2008-12-11,0.0,0.0,0.0,0.0,0.0,0.0,0.0
2008-12-12,4.703201317084072e-05,2.0189433935352023e-05,5.438558155138413e-18,2.684257923548326e-05,0.10000000000014804,0.09999999999975102,0.10000000000014804
2008-12-15,7.077041935662194e-05,0.0,1.6313605156582263e-17,7.077041935660562e-05,0.10004434656501911,0.10004434656462212,0.0
2008-12-16,4.7228091817047484e-05,0.0,5.3998177044017764e-18,4.7228091817042084e-05,0.10010803229694633,0.10010803229655217,0.0
2008-12-17,-0.000212191779783912,0.0,5.389117031606939e-18,-0.0002121917797839174,0.10015053047031404,0.10015053046992063,0.0
2008-12-18,4.7188660416623795e-05,0.0,5.389925923891384e-18,4.718866041661841e-05,0.09995954928519933,0.09995954928480587,0.0
2008-12-19,-9.434925658109536e-05,0.0,5.407623377397279e-18,-9.434925658110077e-05,0.10000201898430246,0.10000201898390769,0.0
2008-12-22,-0.00018853921975768706,0.0,1.6290446413303466e-17,-0.00018853921975770335,0.09991709683152876,0.09991709683113235,0.0
2008-12-23,2.3700267419278897e-05,0.0,5.42899387728037e-18,2.370026741927347e-05,0.09974736390193387,0.09974736390153754,0.0
2008-12-24,2.3416301176559414e-05,0.0,5.4167539349737e-18,2.3416301176553997e-05,0.09976869962449107,0.09976869962409567,0.0
2008-12-26,0.0001179289580820205,0.0,1.0837974640545697e-17,0.00011792895808200966,0.0997897792181433,0.09978977921774773,0.0
2008-12-29,0.0002202263084425723,2.0821231943416266e-08,1.953838404487013e-16,0.00022020548721043352,0.1000000000014838,0.09999999999672947,0.0001040724479121069
2008-12-30,9.478056817772085e-05,0.0,6.51378815301837e-17,9.478056817765572e-05,0.10019816212481987,0.10019816212006478,0.0
2008-12-31,-4.736806967460261e-05,0.0,6.524593197322127e-17,-4.736806967466786e-05,0.1002834377717951,0.10028343776703214,0.0
2009-01-02,-0.0005327830972695388,0.0,1.2968009922767411e-16,-0.0005327830972696684,0.10024081791613791,0.10024081791140464,0.0
2009-01-05,0.00020136908459959967,0.0,1.924320532634993e-16,0.00020136908459940725,0.09976118589242217,0.09976118588773963,0.0
2009-01-06,4.738602301197917e-05,0.0,6.37664284701645e-17,4.738602301191541e-05,0.09994242966142157,0.09994242965676663,0.0
2009-01-07,-7.096338268918402e-05,0.0,6.359219871233638e-17,-7.09633826892476e-05,0.09998507778922411,0.09998507778458185,0.0
2009-01-08,2.3581278406508517e-05,0.0,6.379179401635582e-17,2.3581278406444725e-05,0.09992120515326923,0.0999212051486124,0.0
2009-01-09,7.10494847177042e-05,0.0,6.39517468653251e-17,7.104948471764024e-05,0.09994242966142904,0.09994242965676058,0.0
2009-01-12,2.375633312268222e-05,0.0,1.9295203739185399e-16,2.375633312248927e-05,0.10000637374485072,0.10000637374015556,0.0
2009-01-13,1.1827326697276415e-05,5.551743747519731e-09,6.473183877269461e-17,1.1821774953464163e-05,0.10000000000236273,0.09999999999763728,2.7753783000641907e-05
2009-01-14,0.00011833094567920095,0.0,6.484943608283245e-17,0.0001183309456791361,0.1000106450257302,0.10001064502099619,0.0
2009-01-15,-0.0001065029715766811,0.0,6.514189325874361e-17,-0.00010650297157674625,0.10011712901687606,0.10011712901212069,0.0
2009-01-16,4.7402710442773415e-05,0.0,6.502862697782318e-17,4.7402710442708384e-05,0.10002127860868334,0.10002127860393623,0.0
2009-01-20,4.730594612694689e-05,0.0,2.5809954528712597e-16,4.730594612668879e-05,0.10006393801720999,0.10006393801249965,0.0
2009-01-21,-0.0001539142639518363,0.0,6.485634029451124e-17,-0.00015391426395190117,0.10010650833027131,0.10010650832553682,0.0
2009-01-22,4.740551768798637e-05,0.0,6.436038395521061e-17,4.740551768792201e-05,0.0999679805644299,0.09996798055973158,0.0
2009-01-23,-2.37607121070217e-05,0.0,6.418531309591294e-17,-2.3760712107085883e-05,0.10001064502570357,0.10001064502101802,0.0
2009-01-26,-0.00013020848789596184,0.0,1.923057902325911e-16,-0.00013020848789615415,0.09998926012961407,0.09998926012493464,0.0
2009-01-27,0.00010657924524397431,0.0,6.383902260610244e-17,0.00010657924524391048,0.09987205583107116,0.09987205582641091,0.0
2009-01-28,-0.0006772353954892071,2.117277730865362e-05,0.0,-0.0006984081727978607,0.20000000000010973,0.20000000000010973,0.10003201944037146
2009-01-29,-0.0014845146405639198,0.0,0.0,-0.0014845146405639198,0.19946207054485224,0.19946207054485224,0.0
2009-01-30,1.7913733968878384e-05,0.0,0.0,1.7913733968878384e-05,0.19827189343290177,0.19827189343290177,0.0
2009-02-02,0.0008895414383005227,0.0,0.0,0.0008895414383005227,0.1982862551196468,0.1982862551196468,0.0
2009-02-03,-0.0009589545177782832,0.0,0.0,-0.0009589545177782832,0.19899877889794637,0.19899877889794637,0.0
2009-02-04,-0.000666007191639897,0.0,0.0,-0.000666007191639897,0.19822991785545438,0.19822991785545438,0.0
2009-02-05,0.0002528161218572749,0.0,0.0,0.0002528161218572749,0.19769557734007837,0.19769557734007837,0.0
2009-02-06,-0.0006526784861650667,0.0,0.0,-0.0006526784861650667,0.19789836156564267,0.19789836156564267,0.0
2009-02-09,-0.00023359629687984244,0.0,0.0,-0.00023359629687984244,0.19737450517272132,0.19737450517272132,0.0
2009-02-10,0.0015283046758410813,0.0,0.0,0.0015283046758410813,0.19718697102206514,0.19718697102206514,0.0
2009-02-11,0.0005847167109305055,2.285235403350426e-05,0.0,0.0005618643568970012,0.3000000000003943,0.3000000000003943,0.10160557518891412
2009-02-12,-0.0004472807092147336,0.0,0.0,-0.0004472807092147336,0.3004159237115469,0.3004159237115469,0.0
2009-02-13,-0.002205920653917382,0.0,0.0,-0.002205920653917382,0.30010287322830714,0.30010287322830714,0.0
2009-02-17,0.0016373683778224827,0.0,0.0,0.0016373683778224827,0.2985555424117373,0.2985555424117373,0.0
2009-02-18,-0.0025477366651213192,0.0,0.0,-0.0025477366651213192,0.299702187904321,0.299702187904321,0.0
2009-02-19,-0.001079267983944104,0.0,0.0,-0.001079267983944104,0.297913456274784,0.297913456274784,0.0
2009-02-20,0.001689366396841176,0.0,0.0,0.001689366396841176,0.2971548980585867,0.2971548980585867,0.0
2009-02-23,-0.0013972722372297952,0.0,0.0,-0.0013972722372297952,0.29834025844798095,0.29834025844798095,0.0
2009-02-24,-0.002791206207484614,0.0,0.0,-0.002791206207484614,0.2973584769551054,0.2973584769551054,0.0
2009-02-25,-0.0017815806989709916,0.0,0.0,-0.0017815806989709916,0.2953917700899357,0.2953917700899357,0.0
2009-02-26,-0.0004865396948608519,2.0002679627167487e-05,0.0,-0.0005065423744880194,0.20000000000031026,0.20000000000031026,0.0941342132278487
2009-02-27,0.0004043096072707228,0.0,0.0,0.0004043096072707228,0.19961457354551557,0.19961457354551557,0.0
2009-03-02,0.0008136623283201558,0.0,0.0,0.0008136623283201558,0.19993804627981643,0.19993804627981643,0.0
2009-03-03,-0.0006076365788902114,0.0,0.0,-0.0006076365788902114,0.20058849730438566,0.20058849730438566,0.0
2009-03-04,-0.0007353782439479743,0.0,0.0,-0.0007353782439479743,0.20010245029381957,0.20010245029381957,0.0
2009-03-05,0.001304067729065642,0.0,0.0,0.001304067729065642,0.19951379015051585,0.19951379015051585,0.0
2009-03-06,-0.0005265422176215744,0.0,0.0,-0.0005265422176215744,0.20055631885630082,0.20055631885630082,0.0
2009-03-09,-0.00035338137604179514,0.0,0.0,-0.00035338137604179514,0.20013515624767392,0.20013515624767392,0.0
2009-03-10,-0.0003638413618643986,0.0,0.0,-0.0003638413618643986,0.19985239898739152,0.19985239898739152,0.0
2009-03-11,0.001169701040251076,0.0,0.0,0.001169701040251076,0.19956116623202422,0.19956116623202422,0.0
2009-03-12,-1.567214383135795e-05,3.196519615203088e-08,0.0,-1.5704109027509982e-05,0.20033715289851706,0.20033715289851706,0.00015919358870560615
2009-03-13,-0.0001588744007883375,0.0,0.0,-0.0001588744007883375,0.20032462667446388,0.20032462667446388,0.0
2009-03-16,-0.0004921383792884013,0.0,0.0,-0.0004921383792884013,0.200197558540828,0.200197558540828,0.0
2009-03-17,-0.0003200268404220557,0.0,0.0,-0.0003200268404220557,0.1998037512558584,0.1998037512558584,0.0
2009-03-18,0.0033352000162970596,0.0,0.0,0.0033352000162970596,0.19954758499857728,0.19954758499857728,0.0
2009-03-19,0.0006069829213191799,0.0,0.0,0.0006069829213191799,0.20220837962385743,0.20220837962385743,0.0
2009-03-20,-0.0006212021027115267,0.0,0.0,-0.0006212021027115267,0.20269233176151505,0.20269233176151505,0.0
2009-03-23,-0.0008529571606115014,0.0,0.0,-0.0008529571606115014,0.2021967346955578,0.2021967346955578,0.0
2009-03-24,-0.0006101091412668945,0.0,0.0,-0.0006101091412668945,0.20151566176162122,0.20151566176162122,0.0
2009-03-25,-0.00016655861864517014,0.0,0.0,-0.00016655861864517014,0.20102820176390296,0.20102820176390296,0.0
2009-03-26,0.000768158132311643,4.425892181442999e-05,1.1061815019131465e-18,0.000723899210497212,0.20000000000082976,0.200000000000749,0.20089510395709506
2009-03-27,0.0012415526122042573,0.0,1.0992848112366941e-18,0.0012415526122042562,0.20062292735442144,0.20062292735434117,0.0
2009-03-30,0.0007309790095075908,0.0,3.23994074683169e-18,0.0007309790095075875,0.20161416537294824,0.2016141653728694,0.0
2009-03-31,-0.0002148955095765567,0.0,1.070511182146874e-18,-0.00021489550957655776,0.20219734236940495,0.2021973423693268,0.0
2009-04-01,5.679991355917055e-05,0.0,1.078124954136977e-18,5.679991355916947e-05,0.2020258613102428,0.2020258613101641,0.0
2009-04-02,-0.0015173297497917638,0.0,1.074208501823351e-18,-0.001517329749791765,0.20207118359804052,0.20207118359796208,0.0
2009-04-03,-0.0005445962060100375,0.0,1.092504471286411e-18,-0.0005445962060100386,0.20085862261184112,0.20085862261176135,0.0
2009-04-06,0.000549228324873532,0.0,3.2902787914104032e-18,0.0005492283248735287,0.20042317610713578,0.20042317610705573,0.0
2009-04-07,0.0007915676663309518,0.0,1.0900612352569403e-18,0.0007915676663309507,0.20086208528537694,0.2008620852852974,0.0
2009-04-08,3.976252248436752e-05,0.0,1.0777466933630824e-18,3.9762522484366444e-05,0.2014941566923148,0.20149415669223614,0.0
2009-04-09,0.000272162553113793,3.261466120413439e-07,0.0,0.00027183640650175166,0.1999223426693818,0.1999223426693818,0.0016035633670472911
2009-04-13,-0.0011392850764963048,0.0,0.0,-0.0011392850764963048,0.20014009985695358,0.20014009985695358,0.0
2009-04-14,0.00031841489732033017,0.0,0.0,0.00031841489732033017,0.1992277920307412,0.1992277920307412,0.0
2009-04-15,0.0002041607309744728,0.0,0.0,0.0002041607309744728,0.19948268866823207,0.19948268866823207,0.0
2009-04-16,0.00020932775198686173,0.0,0.0,0.00020932775198686173,0.1996460895076365,0.1996460895076365,0.0
2009-04-17,0.0009100884203354898,0.0,0.0,0.0009100884203354898,0.19981359072985944,0.19981359072985944,0.0
2009-04-20,0.0008771043185117074,0.0,0.0,0.0008771043185117074,0.2005411689545289,0.2005411689545289,0.0
2009-04-21,-0.00022240969231288737,0.0,0.0,-0.00022240969231288737,0.20124176325342613,0.20124176325342613,0.0
2009-04-22,-0.00027348956969407135,0.0,0.0,-0.00027348956969407135,0.20106407215953745,0.20106407215953745,0.0
2009-04-23,-0.0012047264698267432,0.0,0.0,-0.0012047264698267432,0.20084551174242482,0.20084551174242482,0.0
2009-04-24,-0.00021440285842847607,4.1291021624065834e-05,0.0,-0.0002556938800525419,0.18422744168271038,0.18422744168271038,0.1842778521600149
2009-04-27,0.0002100325231486292,0.0,0.0,0.0002100325231486292,0.18406010186589083,0.18406010186589083,0.0
2009-04-28,-0.00020249690136011543,0.0,0.0,-0.00020249690136011543,0.18423143979489603,0.18423143979489603,0.0
2009-04-29,-1.8503915218325831e-06,0.0,0.0,-1.8503915218325831e-06,0.1840662157318667,0.1840662157318667,0.0
2009-04-30,-7.312527832454153e-05,0.0,0.0,-7.312527832454153e-05,0.1840647059321162,0.1840647059321162,0.0
2009-05-01,0.0002993332588925401,0.0,0.0,0.0002993332588925401,0.1840050360732676,0.1840050360732676,0.0
2009-05-04,-0.00020574697343026994,0.0,0.0,-0.00020574697343026994,0.18424921741346342,0.18424921741346342,0.0
2009-05-05,-0.00036295845014525725,0.0,0.0,-0.00036295845014525725,0.18408134461955358,0.18408134461955358,0.0
2009-05-06,0.0002665651203136837,0.0,0.0,0.0002665651203136837,0.18378509252174982,0.18378509252174982,0.0
2009-05-07,1.3737234345088415e-05,0.0,0.0,1.3737234345088415e-05,0.18400260896446685,0.18400260896446685,0.0
2009-05-08,-5.2252608039398325e-05,4.081321350607776e-09,0.0,-5.2256689360748934e-05,0.1840342227447738,0.1840342227447738,2.0404387236724586e-05
2009-05-11,0.00034088895181712996,0.0,0.0,0.00034088895181712996,0.18399158492783296,0.18399158492783296,0.0
2009-05-12,0.00011212109748682214,0.0,0.0,0.00011212109748682214,0.18426965838895018,0.18426965838895018,0.0
2009-05-13,-7.626665139859094e-05,0.0,0.0,-7.626665139859094e-05,0.1843611087165938,0.1843611087165938,0.0
2009-05-14,0.0003665348397732415,0.0,0.0,0.0003665348397732415,0.18429889792499643,0.18429889792499643,0.0
2009-05-15,-8.63540298388883e-05,0.0,0.0,-8.63540298388883e-05,0.18459777125026194,0.18459777125026194,0.0
2009-05-18,-4.604526139226668e-06,0.0,0.0,-4.604526139226668e-06,0.18452735190087521,0.18452735190087521,0.0
2009-05-19,0.00017543851337559863,0.0,0.0,0.00017543851337559863,0.18452359701846177,0.18452359701846177,0.0
2009-05-20,0.0004700835408202467,0.0,0.0,0.0004700835408202467,0.18466663789141563,0.18466663789141563,0.0
2009-05-21,-0.00013950197180670793,0.0,0.0,-0.00013950197180670793,0.18504973259870805,0.18504973259870805,0.0
2009-05-22,-0.00011879751792391309,7.445605954717106e-06,0.0,-0.0001262431238786302,0.21669292018504122,0.21669292018504122,0.03206117735014847
2009-05-26,-0.00028168692585504743,0.0,0.0,-0.00028168692585504743,0.21660146711296233,0.21660146711296233,0.0
2009-05-27,-0.000449087200790056,0.0,0.0,-0.000449087200790056,0.21638073181026518,0.21638073181026518,0.0
2009-05-28,-0.000469482156183664,0.0,0.0,-0.000469482156183664,0.2160286603158268,0.2160286603158268,0.0
2009-05-29,5.278253984144978e-05,0.0,0.0,5.278253984144978e-05,0.2156604268818591,0.2156604268818591,0.0
2009-06-01,-0.0002574498582429467,0.0,0.0,-0.0002574498582429467,0.2157018241315744,0.2157018241315744,0.0
2009-06-02,-0.0006451170049409473,0.0,0.0,-0.0006451170049409473,0.2154998546803703,0.2154998546803703,0.0
2009-06-03,0.00035395712392821015,0.0,0.0,0.00035395712392821015,0.2149934335953924,0.2149934335953924,0.0
2009-06-04,0.0004108857570535891,0.0,0.0,0.0004108857570535891,0.2152711939466467,0.2152711939466467,0.0
2009-06-05,-0.0009153845896169304,0.0,0.0,-0.0009153845896169304,0.2155934954071241,0.2155934954071241,0.0
2009-06-08,-0.0007732007406956439,5.706220824769411e-06,1.2484990210620321e-16,-0.0007789069615205382,0.23808218382671706,0.23808218382367904,0.02320737992839881
2009-06-09,-5.230378509111994e-05,0.0,4.1588849598049335e-17,-5.2303785091161526e-05,0.23749396879162799,0.23749396878859197,0.0
2009-06-10,-0.0016851788537133692,0.0,4.180135447746875e-17,-0.001685178853713411,0.2374540847539702,0.23745408475091867,0.0
2009-06-11,0.0007620121585038462,0.0,4.184811849783211e-17,0.0007620121585038043,0.2361668893481318,0.2361668893450769,0.0
2009-06-12,0.000157137709975165,0.0,4.1887936100609555e-17,0.00015713770997512314,0.2367484962739726,0.23674849627091482,0.0
2009-06-15,0.00019820760905878214,0.0,1.2560669909746467e-16,0.00019820760905865653,0.23686841302395886,0.23686841302090242,0.0
2009-06-16,-0.00011552979368859881,0.0,4.160618493335478e-17,-0.00011552979368864042,0.23701964153655014,0.23701964153351288,0.0
2009-06-17,0.0008046705865581224,0.0,4.162288679497525e-17,0.0008046705865580808,0.23693148438837214,0.23693148438533365,0.0
2009-06-18,-0.000412890964593999,0.0,4.154068757786041e-17,-0.0004128909645940405,0.2375450094928042,0.2375450094897717,0.0
2009-06-19,-0.0005625382995013798,0.0,4.136493731574513e-17,-0.0005625382995014212,0.23723006868008414,0.23723006867706448,0.0
2009-06-22,-0.0001494045380991603,1.651549104196562e-05,0.0,-0.0001659200291411259,0.21210942470888777,0.21210942470888777,0.0761521609807693
2009-06-23,-0.0008243836969301189,0.0,0.0,-0.0008243836969301189,0.2119951944196245,0.2119951944196245,0.0
2009-06-24,0.00042868751375720043,0.0,0.0,0.00042868751375720043,0.2113450401282031,0.2113450401282031,0.0
2009-06-25,-3.211005321673325e-05,0.0,0.0,-3.211005321673325e-05,0.21168298179079173,0.21168298179079173,0.0
2009-06-26,0.0013819234261819176,0.0,0.0,0.0013819234261819176,0.21165766807656067,0.21165766807656067,0.0
2009-06-29,0.0004308890224438136,0.0,0.0,0.0004308890224438136,0.2127455933834291,0.2127455933834291,0.0
2009-06-30,3.6303550377971653e-05,0.0,0.0,3.6303550377971653e-05,0.21308466656220013,0.21308466656220013,0.0
2009-07-01,0.0006398257716262931,0.0,0.0,0.0006398257716262931,0.21311323334557514,0.21311323334557514,0.0
2009-07-02,-0.0004101337710595281,0.0,0.0,-0.0004101337710595281,0.21361638185085172,0.21361638185085172,0.0
2009-07-06,0.00021741154121888962,0.0,0.0,0.00021741154121888962,0.2132937270404066,0.2132937270404066,0.0
2009-07-07,-0.0009721925668571116,5.213291706481868e-05,2.198696880958173e-17,-0.0010243254839219522,0.46205731070433803,0.46205731070273304,0.24999999999875328
2009-07-08,-0.0006170619644509182,0.0,2.1952886604017616e-17,-0.0006170619644509401,0.46155790366050176,0.46155790365889926,0.0
2009-07-09,-8.728018607427713e-05,0.0,2.2326615695640562e-17,-8.728018607429945e-05,0.46122544637607277,0.46122544637444296,0.0
2009-07-10,0.00173746247387456,0.0,2.2416333490213137e-17,0.0017374624738745376,0.4611784179281352,0.4611784179264987,0.0
2009-07-13,0.0010826177612095786,0.0,6.714239189048997e-17,0.0010826177612095114,0.4621129764467432,0.4621129764451094,0.0
2009-07-14,0.0003019750203874195,0.0,2.2307886413321116e-17,0.0003019750203873972,0.46269467273722686,0.4626946727355984,0.0
2009-07-15,0.0006909658454772671,0.0,2.2271404009690412e-17,0.0006909658454772448,0.46285687654288166,0.46285687654125585,0.0
2009-07-16,0.0008774432136478697,0.0,2.232003169623016e-17,0.0008774432136478473,0.4632277678221218,0.4632277678204924,0.0
2009-07-17,-4.473587483554417e-05,0.0,2.2399400199331985e-17,-4.473587483556657e-05,0.4636983420723458,0.4636983420707106,0.0
2009-07-20,0.0020619567129465596,0.0,6.698676627973964e-17,0.002061956712946493,0.46367434907514976,0.46367434907351973,0.0
2009-07-21,0.0015511087284748501,1.808158010407244e-05,2.7536438560098353e-17,0.00153302714837075,0.40130111575310723,0.40130111575109706,0.08461627898866395
2009-07-22,0.00042419416407114537,0.0,2.75512795879669e-17,0.00042419416407111783,0.4022355864075826,0.40223558640557133,0.0
2009-07-23,-0.0005331135080667767,0.0,2.7557655818954656e-17,-0.0005331135080668042,0.40248904706678684,0.4024890470647751,0.0
2009-07-24,0.0008485021441685207,0.0,2.768874101976128e-17,0.000848502144168493,0.40217033599739255,0.4021703359953712,0.0
2009-07-27,0.0006562789247734419,0.0,8.319573197003181e-17,0.0006562789247733587,0.4026771657030592,0.40267716570103473,0.0
2009-07-28,-0.0014223935276059029,0.0,2.773561318096252e-17,-0.0014223935276059306,0.4030689189910692,0.4030689189890446,0.0
2009-07-29,-0.0011553539532105218,0.0,2.779171993477282e-17,-0.0011553539532105496,0.4022186386517653,0.40221863864973656,0.0
2009-07-30,0.0011911093250234878,0.0,2.7864823778230767e-17,0.0011911093250234598,0.4015271907256842,0.4015271907236501,0.0
2009-07-31,0.003527728483854256,0.0,2.793448807552773e-17,0.0035277284838542283,0.40223918920156737,0.4022391891995281,0.0
2009-08-03,0.0006416997471387989,0.0,8.40677344668201e-17,0.0006416997471387149,0.40434051413653954,0.4043405141344939,0.0
2009-08-04,-0.000898482441631794,5.077665471894323e-05,5.1286958842662754e-17,-0.0009492590963507885,0.3927381719263873,0.3927381719226434,0.24999999999901673
2009-08-05,0.0010266100039241562,0.0,5.122536826177348e-17,0.001026610003924105,0.3922120002937242,0.39221200028998476,0.0
2009-08-06,5.816237693090651e-05,0.0,5.1144417594949816e-17,5.816237693085536e-05,0.3928353216265698,0.39283532162283624,0.0
2009-08-07,-0.00024895447392498624,0.0,5.092711229386082e-17,-0.00024895447392503714,0.3928706337136019,0.3928706337098842,0.0
2009-08-10,0.0002705507553198551,0.0,1.5270756642593537e-16,0.0002705507553197024,0.3927194485033765,0.39271944849966056,0.0
2009-08-11,0.0005912322803137297,0.0,5.0967525380420734e-17,0.0005912322803136788,0.39288370427575736,0.3928837042720368,0.0
2009-08-12,-0.0010749383219159944,0.0,5.098257234564081e-17,-0.0010749383219160454,0.39324243893218847,0.3932424389284668,0.0
2009-08-13,0.0005419564076514779,0.0,5.098590842989293e-17,0.000541956407651427,0.3925895101194784,0.3925895101157564,0.0
2009-08-14,0.0009385915017571738,0.0,5.087051288346766e-17,0.000938591501757123,0.39291852181653997,0.3929185218128265,0.0
2009-08-17,-0.0004478911076525489,0.0,1.5189196572798767e-16,-0.0004478911076527008,0.39348778902346065,0.3934877890197646,0.0
2009-08-18,0.0012897577538912696,2.3504374266943613e-05,8.31882798681715e-18,0.0012662533796243178,0.5000000000044706,0.5000000000038634,0.10787012234739284
2009-08-19,0.001353211817366596,0.0,8.287174534098113e-18,0.0013532118173665878,0.5006558006587477,0.5006558006581426,0.0
2009-08-20,3.5515226446644044e-05,0.0,8.223217821629963e-18,3.551522644663582e-05,0.5013306059756966,0.5013306059750964,0.0
2009-08-21,0.0014030560951804787,0.0,8.198306513558075e-18,0.0014030560951804705,0.5013483157031805,0.5013483157025821,0.0
2009-08-24,-0.0002447693271958491,0.0,2.4476168836369553e-17,-0.0002447693271958736,0.5020469717345998,0.5020469717340043,0.0
2009-08-25,0.0007564039429432853,0.0,8.178285063382546e-18,0.0007564039429432772,0.5019250582662198,0.5019250582656227,0.0
2009-08-26,0.001011490772051496,0.0,8.172103651958064e-18,0.0010114907720514877,0.5023015193593733,0.5023015193587766,0.0
2009-08-27,-0.0009661925587592188,0.0,8.195407140774832e-18,-0.0009661925587592271,0.5028044280922651,0.5028044280916669,0.0
2009-08-28,0.0012126176940295318,0.0,8.157699574205543e-18,0.0012126176940295236,0.5023235768355303,0.5023235768349348,0.0
2009-08-31,0.0007896415169750611,0.0,2.448553282825702e-17,0.0007896415169750366,0.5029263371543341,0.5029263371537384,0.0
2009-09-01,-0.0013396361525870593,2.219787813431424e-05,4.318886239825806e-17,-0.0013618340307214166,0.5999999999898157,0.5999999999866629,0.1054884039592506
2009-09-02,0.0002096760719613939,0.0,4.3133628017962956e-17,0.00020967607196135078,0.5994767516782822,0.5994767516751335,0.0
2009-09-03,0.0013837142256428547,0.0,4.316631753938561e-17,0.0013837142256428116,0.5995607142147877,0.5995607142116366,0.0
2009-09-04,0.0006460380421363801,0.0,4.3173990774143155e-17,0.000646038042136337,0.600114042103369,0.6001140421002175,0.0
2009-09-08,0.0018804737755340373,0.0,1.730349940131658e-16,0.0018804737755338643,0.6003722168539843,0.6003722168508264,0.0
2009-09-09,0.00025267708010982555,0.0,4.334640920326035e-17,0.0002526770801097822,0.6011222959161717,0.6011222959130074,0.0
2009-09-10,0.0025276358246786334,0.0,4.3393853572586554e-17,0.00252763582467859,0.6012230577095691,0.6012230577064012,0.0
2009-09-11,0.002511777914664472,0.0,4.346044374744193e-17,0.0025117779146644286,0.6022284792554528,0.6022284792522801,0.0
2009-09-14,0.00014625591079647413,0.0,1.3042778108299495e-16,0.0001462559107963437,0.6032250897122157,0.603225089709042,0.0
2009-09-15,0.001645435494866357,0.0,4.337290472739023e-17,0.0016454354948663137,0.6032831119020059,0.6032831118988398,0.0
2009-09-16,0.001798573911518884,1.2193724314143728e-05,0.0,0.0017863801872047402,0.6000000000226472,0.6000000000226472,0.05993257046154482
2009-09-17,0.0022238268201285887,0.0,0.0,0.0022238268201285887,0.6007254498925286,0.6007254498925286,0.0
2009-09-18,-0.0012212295397420717,0.0,0.0,-0.0012212295397420717,0.6016113971523745,0.6016113971523745,0.0
2009-09-21,0.00017342153967069354,0.0,0.0,0.00017342153967069354,0.6011242783383955,0.6011242783383955,0.0
2009-09-22,0.0005159342478105045,0.0,0.0,0.0005159342478105045,0.6011934399860638,0.6011934399860638,0.0
2009-09-23,0.00039643394058415713,0.0,0.0,0.00039643394058415713,0.601399091845789,0.601399091845789,0.0
2009-09-24,-0.0003272544158451064,0.0,0.0,-0.0003272544158451064,0.6015570481552867,0.6015570481552867,0.0
2009-09-25,0.0011751847458701331,0.0,0.0,0.0011751847458701331,0.6014266132544358,0.6014266132544358,0.0
2009-09-28,0.0014865413404558333,0.0,0.0,0.0014865413404558333,0.6018944608113369,0.6018944608113369,0.0
2009-09-29,-0.0007644778626585818,0.0,0.0,-0.0007644778626585818,0.6024853827233541,0.6024853827233541,0.0
2009-09-30,0.0016656400103059548,4.217841605337572e-05,8.05684558043167e-07,0.0016226559096945358,0.6588149727036954,0.5999999999665442,0.20495781567651378
2009-10-01,-0.005298409809770635,0.0,7.998170274229231e-07,-0.005299209626798058,0.6590775682988903,0.600690925297017,0.0
2009-10-02,-0.0007111672996758889,0.0,8.097231755347154e-07,-0.0007119770228514236,0.6576742257116498,0.5985644338976156,0.0
2009-10-05,0.0035149091408129473,0.0,2.4256040783873383e-06,0.00351248353673456,0.6573022602353756,0.5982792276612837,0.0
2009-10-06,0.0016659568001398106,0.0,8.011308608188114e-07,0.0016651556692789918,0.6581702963157291,0.5996877434759559,0.0
2009-10-07,0.0012724517396169668,0.0,7.96286482750053e-07,0.0012716554531342168,0.6584829306212339,0.60035401738048,0.0
2009-10-08,0.0006383552210354197,0.0,7.959767120498571e-07,0.0006375592443233699,0.658968679178645,0.6008623791990054,0.0
2009-10-09,-0.001929567120555917,0.0,7.902108755154225e-07,-0.0019303573314314324,0.6588028803222818,0.601117486409656,0.0
2009-10-12,0.0010617668128034333,0.0,2.394185595557529e-06,0.0010593726272078757,0.6586053193005131,0.6003468031419467,0.0
2009-10-13,-0.00015731455798381844,0.0,7.937085200195634e-07,-0.000158108266503838,0.6587128503681546,0.6007721284067266,0.0
2009-10-14,-0.0002679941619149532,4.286509059356208e-05,2.739726027326003e-06,-0.0003135989785358413,0.800000000024366,0.6000000000295678,0.20791390273190358
2009-10-15,0.0013105601924558532,0.0,2.721880054988925e-06,0.0013078383124008643,0.7986173842250175,0.5999201402108261,0.0
2009-10-16,1.2101317245693133e-05,0.0,2.7094270557700286e-06,9.391890189923105e-06,0.7982335899564016,0.6004454148851895,0.0
2009-10-19,0.0013726996748114591,0.0,8.165569296651659e-06,0.0013645341055148075,0.7991473963762008,0.6004518768243439,0.0
2009-10-20,0.0009511145658724959,0.0,2.722292317885699e-06,0.0009483922735546101,0.799731824586941,0.601004485381285,0.0
2009-10-21,-0.0010461928984428007,0.0,2.7259260798097426e-06,-0.0010489188245226104,0.8003778546479594,0.6013852508218482,0.0
2009-10-22,0.0007154902968312056,0.0,2.722568716703191e-06,0.0007127677281145024,0.7997169423867031,0.6009694260673702,0.0
2009-10-23,-0.0016797211781992263,0.0,2.7126408243235233e-06,-0.0016824338190235498,0.7992791404099201,0.6012563602343028,0.0
2009-10-26,-0.0016309790316742427,0.0,8.111616956638266e-06,-0.001639090648630881,0.7979697663608781,0.6005870870826804,0.0
2009-10-27,-0.000163526700752373,0.0,2.692871977385076e-06,-0.00016621957272975807,0.7965191175640168,0.5999394632149062,0.0
2009-10-28,-0.0037225391136628417,4.149743032793939e-05,0.0,-0.003764036543990781,0.6000000001195339,0.6000000001195339,0.20124901087889274
2009-10-29,0.003146948147171332,0.0,0.0,0.003146948147171332,0.5985303511201752,0.5985303511201752,0.0
2009-10-30,-0.0009139853203100993,0.0,0.0,-0.0009139853203100993,0.5997897918930564,0.5997897918930564,0.0
2009-11-02,0.0011845696615535467,0.0,0.0,0.0011845696615535467,0.5994236710086945,0.5994236710086945,0.0
2009-11-03,-0.0014795678598691325,0.0,0.0,-0.0014795678598691325,0.599897620149381,0.599897620149381,0.0
2009-11-04,0.0012514756354928202,0.0,0.0,0.0012514756354928202,0.5993047643571211,0.5993047643571211,0.0
2009-11-05,0.001022393261626038,0.0,0.0,0.001022393261626038,0.5998055979008088,0.5998055979008088,0.0
2009-11-06,0.0010155002808447122,0.0,0.0,0.0010155002808447122,0.6002143360697058,0.6002143360697058,0.0
2009-11-09,0.002909785942291452,0.0,0.0,0.002909785942291452,0.6006199066666497,0.6006199066666497,0.0
2009-11-10,6.433789773667716e-05,0.0,0.0,6.433789773667716e-05,0.6017786455657028,0.6017786455657028,0.0
2009-11-11,0.0011280356970093937,5.489776166280848e-07,0.0,0.0011274867193927657,0.6000000000080993,0.6000000000080993,0.002731738114342283
2009-11-12,-0.0008906737543624347,0.0,0.0,-0.0008906737543624347,0.6004510351373458,0.6004510351373458,0.0
2009-11-13,0.0011075903296525213,0.0,0.0,0.0011075903296525213,0.6000948501161099,0.6000948501161099,0.0
2009-11-16,0.0025277516869917672,0.0,0.0,0.0025277516869917672,0.6005372911494895,0.6005372911494895,0.0
2009-11-17,0.0006756461696309694,0.0,0.0,0.0006756461696309694,0.6015444877427889,0.6015444877427889,0.0
2009-11-18,-0.000670544985025631,0.0,0.0,-0.000670544985025631,0.6018135209121835,0.6018135209121835,0.0
2009-11-19,8.384316698921514e-05,0.0,0.0,8.384316698921514e-05,0.601546339808577,0.601546339808577,0.0
2009-11-20,-0.0004656590562057255,0.0,0.0,-0.0004656590562057255,0.6015797446245803,0.6015797446245803,0.0
2009-11-23,0.0011051372390628053,0.0,0.0,0.0011051372390628053,0.6013941301914474,0.6013941301914474,0.0
2009-11-24,0.001041196257807158,0.0,0.0,0.001041196257807158,0.601834158090664,0.601834158090664,0.0
2009-11-25,0.0004236921661985592,1.1990912355921468e-05,7.772475254742365e-07,0.0004109240063171635,0.6567390693891555,0.6000000000295362,0.05852882995810858
2009-11-27,-0.0009866418519541762,0.0,1.5768451353923393e-06,-0.0009882186970895685,0.6577319124734926,0.6001770650316722,0.0
2009-11-30,3.9632943594127905e-05,0.0,2.2947383310550487e-06,3.7338205263072856e-05,0.6556217728152964,0.599783140092957,0.0
2009-12-01,0.0005498459183914827,0.0,7.734065553124989e-07,0.0005490725118361703,0.6562590561047491,0.5998003775669367,0.0
2009-12-02,-0.00024890513106025564,0.0,7.99812962874628e-07,-0.0002497049440231303,0.6584071148646208,0.600020768574773,0.0
2009-12-03,-0.000756859080641868,0.0,8.04698585145401e-07,-0.0007576637792270134,0.658664663565566,0.5999216668499517,0.0
2009-12-04,0.0005733282823063878,0.0,7.937982990729114e-07,0.0005725344840073149,0.6575663932882608,0.5996191174559383,0.0
2009-12-07,0.0006799999678665844,0.0,2.3199560914300766e-06,0.0006776800117751544,0.6563012763854319,0.5998490114939667,0.0
2009-12-08,0.00026579668050260907,0.0,7.587441743894115e-07,0.00026503793632821963,0.6555106452909962,0.6001223205605692,0.0
2009-12-09,-0.000732557850368228,0.0,7.36408295405747e-07,-0.0007332942586636337,0.653986839341255,0.6002290337766355,0.0
2009-12-10,0.0005791764759110403,1.2500422667872104e-05,8.034276854894981e-07,0.0005658726255576787,0.658650221054302,0.6000000000135687,0.060871247077166186
2009-12-11,0.0004039854539429692,0.0,8.002504535005799e-07,0.0004031852034894686,0.6586578004833599,0.6002395173778176,0.0
2009-12-14,0.0020827457184399937,0.0,2.387929721008709e-06,0.0020803577887189848,0.658507719736966,0.6004014298590874,0.0
2009-12-15,-0.0012332208876130158,0.0,7.943240953510388e-07,-0.0012340152117083667,0.6592190539620242,0.6012333950013984,0.0
2009-12-16,0.00028950433098104774,0.0,7.927619644048354e-07,0.0002887115690166429,0.6586131216624969,0.6007414982609439,0.0
2009-12-17,-0.000558688199176988,0.0,7.92533150915337e-07,-0.0005594807323279033,0.6587124480890593,0.6008575280722396,0.0
2009-12-18,-0.0002927200815775663,0.0,7.999961519197584e-07,-0.00029352007772948606,0.6590346026076972,0.6006348835175549,0.0
2009-12-21,0.0001376556649642804,0.0,2.3888439499876205e-06,0.00013526682101429278,0.6586469637679051,0.6005184276515396,0.0
2009-12-22,0.0001937562994634532,0.0,7.880127699860536e-07,0.00019296828669346716,0.6580997776753583,0.6005748454663764,0.0
2009-12-23,0.0006532844725473195,0.0,7.843512356092466e-07,0.0006525001213117102,0.657910335043893,0.600652694844418,0.0
2009-12-24,-0.0003279361697471031,2.1021349924760853e-05,1.3698630136986302e-06,-0.0003503273826855626,0.7000000000012426,0.6000000000012425,0.10341955307596505
2009-12-28,-0.0005002772292522089,0.0,5.4813723296162805e-06,-0.0005057586015818252,0.6999172640146941,0.5998822189991969,0.0
2009-12-29,0.00024325691113186455,0.0,1.3674644604828112e-06,0.00024188944667138175,0.6995101433524171,0.599685237737172,0.0
2009-12-30,0.00035893466786453135,0.0,1.3713004038904641e-06,0.0003575633674606409,0.699888342854325,0.599783413370321,0.0
2009-12-31,-0.0007246572692501151,0.0,1.3708102523604807e-06,-0.0007260280795024755,0.6999969842432913,0.5999278358209762,0.0
2010-01-04,0.0030345477415741604,0.0,5.496750438225893e-06,0.0030290509911359348,0.6999542284618323,0.5996385329642098,0.0
2010-01-05,0.0021161390908287017,0.0,1.3605399636188494e-06,0.002114778550865083,0.7001724834744708,0.6008530661302948,0.0
2010-01-06,-0.0002403049496302858,0.0,1.3570765660198877e-06,-0.0002416620261963057,0.7007633391598875,0.6016967498404358,0.0
2010-01-07,-5.361142121072254e-05,0.0,1.3538496913492728e-06,-5.496527090207182e-05,0.7004328566763122,0.6016018292078152,0.0
2010-01-08,0.0007826704382007088,0.0,1.3628119358553666e-06,0.0007813076262648534,0.7010665551822837,0.601581283864842,0.0
2010-01-11,0.0006820954450018745,2.1014834629753425e-05,4.0594748548596295e-06,0.0006570211355172615,0.6987805548098759,0.6000000000082916,0.10161011795273334
2010-01-12,0.0017706077916815413,0.0,1.3567400888459964e-06,0.0017692510515926953,0.6993297202368657,0.6002876937511079,0.0
2010-01-13,-0.0014527278148852212,0.0,1.3320318792243253e-06,-0.0014540598467644454,0.6982333177071791,0.6009949905238035,0.0
2010-01-14,0.0001308186699469766,0.0,1.3607850979526743e-06,0.00012945788484902392,0.6997526146421993,0.6004153024916541,0.0
2010-01-15,0.00017392366443833813,0.0,1.3635877745347163e-06,0.0001725600766638034,0.7000102933354918,0.6004683857944575,0.0
2010-01-19,-0.00036090310107033074,0.0,5.375972159715165e-06,-0.0003662790732300459,0.6986501723729581,0.6005386804581564,0.0
2010-01-20,0.0017380450929769952,0.0,1.374280304198182e-06,0.001736670812672797,0.7007201526731871,0.6003976904667199,0.0
2010-01-21,-0.0012448409224619682,0.0,1.306463002312026e-06,-0.0012461473854642803,0.6964636360795757,0.6010918369107979,0.0
2010-01-22,-0.0009180302372746904,0.0,1.2708678912110136e-06,-0.0009193011051659014,0.6933687824670809,0.6005954264086768,0.0
2010-01-25,6.235390235538538e-05,0.0,3.751280624685173e-06,5.860262173070021e-05,0.6915103493941878,0.6002291875268485,0.0
2010-01-26,-0.00017899519479154635,2.0223122785309243e-05,0.0,-0.0001992183175768556,0.6000000000138258,0.6000000000138258,0.09871414947492324
2010-01-27,-0.0006889331643789678,0.0,0.0,-0.0006889331643789678,0.599940523960864,0.599940523960864,0.0
2010-01-28,-0.0010408277359510191,0.0,0.0,-0.0010408277359510191,0.5996647197094008,0.5996647197094008,0.0
2010-01-29,-4.3217769313049804e-05,0.0,0.0,-4.3217769313049804e-05,0.5992476055019584,0.5992476055019584,0.0
2010-02-01,0.0008418838981906369,0.0,0.0,0.0008418838981906369,0.5992302851288736,0.5992302851288736,0.0
2010-02-02,0.0020117650280338634,0.0,0.0,0.0020117650280338634,0.5995674028846955,0.5995674028846955,0.0
2010-02-03,-0.0008187532823665282,0.0,0.0,-0.0008187532823665282,0.6003713618032207,0.6003713618032207,0.0
2010-02-04,-0.0038719612324787825,0.0,0.0,-0.0038719612324787825,0.6000438964306207,0.6000438964306207,0.0
2010-02-05,-0.0016393034980019452,0.0,0.0,-0.0016393034980019452,0.5984892624202881,0.5984892624202881,0.0
2010-02-08,-0.00019746339897303055,0.0,0.0,-0.00019746339897303055,0.5978299837057854,0.5978299837057854,0.0
2010-02-09,0.0006407514623226219,1.4644066883418206e-06,2.5365187865221837e-08,0.0006392616904464148,0.6018516587219239,0.6000000000077628,0.007292397361816819
2010-02-10,-0.0021225441046460454,0.0,2.5682779620666024e-08,-0.002122569787425666,0.6021318730586003,0.6002570301462916,0.0
2010-02-11,0.0019014458256911002,0.0,2.566660106135901e-08,0.001901420159090039,0.6012804306168295,0.5994067687393502,0.0
2010-02-12,-0.00010328990423253719,0.0,2.6107729140895746e-08,-0.00010331601196167808,0.6020729090744328,0.6001670448471474,0.0
2010-02-16,0.0028470655323985157,0.0,1.0435396906928177e-07,0.0028469611784294464,0.602030217478374,0.6001257575428597,0.0
2010-02-17,0.0014829210378874517,0.0,2.6641460061457757e-08,0.0014828943964273903,0.6032058827746697,0.6012610561901832,0.0
2010-02-18,0.0010425160533279226,0.0,2.6512221744799926e-08,0.0010424895411061778,0.6037868872059966,0.6018514950186262,0.0
2010-02-19,0.0014857483540609182,0.0,2.6661580743331795e-08,0.001485721692480175,0.6042124502987671,0.602266154904504,0.0
2010-02-22,-9.272976760606092e-05,0.0,7.949572637481876e-08,-9.280926333243574e-05,0.604790622693586,0.6028562266851321,0.0
2010-02-23,-0.0008161098833512912,0.0,2.6404200667854036e-08,-0.000816136287551959,0.604746950794813,0.6028194441460596,0.0
2010-02-24,0.001569506794462912,1.6415457202909816e-06,2.613987406372131e-08,0.0015678391088685573,0.6019082108170709,0.6000000000104193,0.008179000971036382
2010-02-25,0.0003679530272148557,0.0,2.5970746607165207e-08,0.0003679270564682485,0.6025236835226707,0.6006278190203477,0.0
2010-02-26,0.0019197505585612647,0.0,2.6190917728976062e-08,0.0019197243676435357,0.6026866677634855,0.6007747307692701,0.0
2010-03-01,0.0009463779758760623,0.0,7.923314578306281e-08,0.0009462987427302792,0.6034676974724457,0.6015396909250579,0.0
2010-03-02,0.002222626374998021,0.0,2.6386079480516276e-08,0.0022225999889185404,0.6038426598984529,0.6019164760963751,0.0
2010-03-03,0.00028527525842743124,0.0,2.671009815132541e-08,0.0002852485483292799,0.6047491578728946,0.6027993207078478,0.0
2010-03-04,0.0007864771947642353,0.0,2.684919838879338e-08,0.0007864503455658465,0.6048726075001688,0.6029126160177869,0.0
2010-03-05,0.0010502592158887372,0.0,2.6635836075258188e-08,0.001050232580052662,0.60516910298254,0.6032246869490462,0.0
2010-03-08,0.00015404117416352767,0.0,7.980926701953022e-08,0.00015396136489650815,0.6055830082356835,0.6036409827382082,0.0
2010-03-09,0.0004596863935879342,0.0,2.6375755156450475e-08,0.00045966001783277776,0.6056275072430088,0.603702077116588,0.0
2010-03-10,-0.000391016917491924,2.155595426578745e-05,1.3698630136986302e-06,-0.0004139427347714101,0.7000000000058446,0.6000000000058445,0.10642191297464007
2010-03-11,0.0001594282517295107,0.0,1.3755812822878642e-06,0.00015805267044722283,0.7002747232623192,0.5998572896553052,0.0
2010-03-12,0.001091195214729533,0.0,1.3779880003307129e-06,0.0010898172267292023,0.7005150226730354,0.5999218986488934,0.0
2010-03-15,0.0009678302653982971,0.0,4.154277114720818e-06,0.0009636759882835763,0.7014462222790953,0.6003588124875553,0.0
2010-03-16,0.0014471247623198795,0.0,1.3747603392069297e-06,0.0014457500019806726,0.7011052213655525,0.6007477166034466,0.0
2010-03-17,0.0015457873983312986,0.0,1.3831393412056675e-06,0.001544404258990093,0.7022946469670227,0.601325475059009,0.0
2010-03-18,-5.872741481557216e-05,0.0,1.3773897025120003e-06,-6.010480451808416e-05,0.7024910695371884,0.6019416212538125,0.0
2010-03-19,-0.0004404475553593723,0.0,1.364311389242257e-06,-0.0004418118667486146,0.7015138034818439,0.6019190720671591,0.0
2010-03-22,0.001037914510613648,0.0,4.072431487745445e-06,0.0010338420791259025,0.7008403152333317,0.6017444823648591,0.0
2010-03-23,0.0009134297203966514,0.0,1.3575810598516384e-06,0.0009120721393367998,0.7012632760443833,0.6021598586752137,0.0
2010-03-24,-0.0019221648400444984,1.0651093764777735e-06,1.3698630136986302e-06,-0.0019245998124346748,0.7000000000187184,0.6000000000187183,0.005310632866677623
2010-03-25,-0.0008093869143460524,0.0,1.354872856205104e-06,-0.0008107417872022575,0.6981368337737015,0.599231115270729,0.0
2010-03-26,-3.116161991099193e-05,0.0,1.3516880394362142e-06,-3.251330795042815e-05,0.6975805143998798,0.5989072875210361,0.0
2010-03-29,0.00022389027634320133,0.0,4.094367326159619e-06,0.0002197959090170417,0.6985252029146831,0.5988955979781323,0.0
2010-03-30,0.00036474816020579847,0.0,1.3712197207163305e-06,0.0003633769404850821,0.6990868727914837,0.5989878331791917,0.0
2010-03-31,-0.0006492690062200493,0.0,1.3642990934574425e-06,-0.0006506333053135068,0.6987287033659582,0.5991348695435648,0.0
2010-04-01,0.00041299946555389583,0.0,1.3743678179415605e-06,0.00041162509773595425,0.6992040994296238,0.5988752487198898,0.0
2010-04-05,-0.0015477293397176337,0.0,5.527023415895053e-06,-0.0015532563631335287,0.6999098449405545,0.5990416676004697,0.0
2010-04-06,0.0012207885860758482,0.0,1.3733864888076836e-06,0.0012194151995870406,0.6986806569648388,0.5984234432818779,0.0
2010-04-07,0.001086704385871152,0.0,1.3640638906073498e-06,0.0010853403219805446,0.698490571160672,0.5989139071463355,0.0
2010-04-08,0.000354837050112256,6.432625585865656e-07,1.3715031700196234e-06,0.00035282228438364985,0.7001197314484449,0.6000000000370123,0.0032099539722007728
2010-04-09,0.0003647150550979795,0.0,1.3703982562543213e-06,0.0003633446568417252,0.7001821659365797,0.600143093230014,0.0
2010-04-12,0.0009339836231065939,0.0,4.1535547324069435e-06,0.0009298300683741869,0.7013595280533316,0.6002896962314294,0.0
2010-04-13,0.00048820355439390214,0.0,1.3924517868526736e-06,0.00048681110260704946,0.702314143764897,0.6006651633246517,0.0
2010-04-14,0.0003432392782953842,0.0,1.3920858857117069e-06,0.0003418471924096725,0.7024831307976749,0.6008608611407202,0.0
2010-04-15,0.0014732383731869626,0.0,1.398914478674379e-06,0.0014718394587082883,0.7031194076608557,0.6009986507176259,0.0
2010-04-16,-0.00027022228673022927,0.0,1.3891766308598559e-06,-0.00027161146336108913,0.7029963444680368,0.6015864504152674,0.0
2010-04-19,-0.000561396256025896,0.0,4.146968614159611e-06,-0.0005655432246400556,0.7023891664932453,0.6014795968820281,0.0
2010-04-20,0.0022751441631591192,0.0,1.3804356684387052e-06,0.0022737637274906804,0.7020300419448717,0.6012582381488463,0.0
2010-04-21,0.0011312845403655116,0.0,1.3731203216965048e-06,0.0011299114200438152,0.7024019866726462,0.6021642031888014,0.0
2010-04-22,0.0015854773500921268,4.192544081188842e-05,4.1047887344143694e-06,0.001539447120545824,0.8996495776512229,0.6000000000389738,0.20261458661183354
2010-04-23,-0.0013460598372864708,0.0,4.07386640403438e-06,-0.001350133703690505,0.8980530393571181,0.6006607918626083,0.0
2010-04-26,0.0011334476837249088,0.0,1.2367907167678916e-05,0.0011210797765572298,0.9010773887354349,0.6001249809885811,0.0
2010-04-27,-0.005927468472360975,0.0,4.113500641010093e-06,-0.005931581973001985,0.9008706716284895,0.6005851248347528,0.0
2010-04-28,0.0007886688680429697,0.0,4.137873634690297e-06,0.0007845309944082794,0.9002707394074333,0.5982059640750416,0.0
2010-04-29,0.0028294367903865633,0.0,4.12272357485786e-06,0.0028253140668117057,0.8994838924382067,0.598525071473583,0.0
2010-04-30,-0.002242586724818323,0.0,4.145353987679341e-06,-0.0022467320788060025,0.9022711207411847,0.5996602796405928,0.0
2010-05-03,0.00244005087508789,0.0,1.2553014430193373e-05,0.002427497860657697,0.9042196373175809,0.5987629528495421,0.0
2010-05-04,-0.0018325625447063558,0.0,4.179150823449455e-06,-0.0018367416955298052,0.9048251289884315,0.5997471188766214,0.0
2010-05-05,-0.0014963114193541696,0.0,4.092573959248348e-06,-0.001500403993313418,0.897772690801339,0.5990147917762095,0.0
2010-05-06,-0.013873931970882256,4.11479545306792e-05,1.4047404719046918e-06,-0.013916484665884838,0.702546054433158,0.5999999999841154,0.200619436350672
2010-05-07,-0.00018837581241927314,0.0,1.4666500852384933e-06,-0.00018984246250451165,0.7014634548692444,0.5943979986468344,0.0
2010-05-10,0.011401911111187536,0.0,4.392614741620929e-06,0.011397518496445914,0.7012094091847104,0.5943224504719344,0.0
2010-05-11,-0.0011760121240369946,0.0,1.4391362374554547e-06,-0.0011774512602744501,0.7039553512583582,0.59889840592411,0.0
2010-05-12,0.0027479933062992895,0.0,1.478701072349363e-06,0.00274651460522694,0.7063721907215563,0.5984270124400528,0.0
2010-05-13,-0.0011759764614174503,0.0,1.4836948346932005e-06,-0.0011774601562521436,0.7078381151933633,0.5995283922607596,0.0
2010-05-14,-0.0025717036489526428,0.0,1.475165642342992e-06,-0.002573178814594986,0.7067448743605311,0.5990577824694928,0.0
2010-05-17,0.0016259061821341622,0.0,4.429921608576146e-06,0.001621476260525586,0.7058196629757048,0.5980249038336851,0.0
2010-05-18,-0.0009029668365967454,0.0,1.4618799185851642e-06,-0.0009044287165153306,0.7053972985602939,0.5986800645035768,0.0
2010-05-19,-0.0009482972205880747,0.0,1.4647968842553623e-06,-0.00094976201747233,0.7052484064099387,0.5983182338592972,0.0
2010-05-20,-0.004491132788933089,5.2231833128552436e-05,9.452837328798379e-08,-0.004543459150434929,0.454733902967936,0.4478333317179132,0.25000000000628175
2010-05-21,0.0020559086693224273,0.0,9.431660280015266e-08,0.002055814352719627,0.4522508117974055,0.44536569979299434,0.0
2010-05-24,-6.532454782659447e-05,0.0,2.8085802154913576e-07,-6.56054058481436e-05,0.4533378916465604,0.44650367978886474,0.0
2010-05-25,-0.0012428566136296765,0.0,9.494185868703078e-08,-0.0012429515554883634,0.45339840161630085,0.4464676459321476,0.0
2010-05-26,-0.0013198134121661313,0.0,9.548308467173026e-08,-0.001319908895250803,0.4527491360404928,0.4457788708594565,0.0
2010-05-27,0.001253750530224642,0.0,9.651356070567675e-08,0.0012536540166639364,0.4520919681842506,0.4450464782527362,0.0
2010-05-28,0.00042648081667441594,0.0,9.657172084054538e-08,0.0004263842449535754,0.45279115887866067,0.4457414232573009,0.0
2010-06-01,-0.000972848358259817,0.0,3.8674033793141605e-07,-0.0009732350985977484,0.4530357573566485,0.44597774618940017,0.0
2010-06-02,0.0016340126493024543,0.0,9.761779360828265e-08,0.001633915031508846,0.4525645130634401,0.44543841413003543,0.0
2010-06-03,-0.0001298435018016974,0.0,9.735289130026898e-08,-0.00012994085469299766,0.4534499010785784,0.4463431400136587,0.0
2010-06-04,0.0022514816853873945,5.1504963459178635e-05,9.588612015966246e-08,0.002199880835808056,0.404393503221241,0.3973938164495857,0.25000000002379374
2010-06-07,0.000649916724264347,0.0,2.900198490971777e-07,0.0006496267044152498,0.40582520559216306,0.3987680559307984,0.0
2010-06-08,-0.00042904914912108655,0.0,9.847480411300201e-08,-0.00042914762392519954,0.4063473292249395,0.39915866852469034,0.0
2010-06-09,-0.00028252894355211425,0.0,9.811973981624179e-08,-0.0002826270632919305,0.40606354771553593,0.3989008067089503,0.0
2010-06-10,-0.0024430242355234486,0.0,9.779057704621951e-08,-0.002443122026100495,0.4058696820528467,0.39873096992847257,0.0
2010-06-11,0.0012440899253146837,0.0,9.673721429410025e-08,0.0012439931881003895,0.40432031331970375,0.3972584966762344,0.0
2010-06-14,-0.0012297838523553939,0.0,2.92384863310372e-07,-0.0012300762372187042,0.4051221663630684,0.398007468022516,0.0
2010-06-15,-0.0012447787262562069,0.0,9.724827480235802e-08,-0.0012448759745310092,0.4043654761302602,0.3972663520696881,0.0
2010-06-16,0.000819203539071711,0.0,9.850112260663485e-08,0.0008191050379491043,0.4037057675217709,0.3965151855714866,0.0
2010-06-17,0.000653449063814894,0.0,9.788362559869534e-08,0.0006533511801892953,0.40415470154598876,0.397009196877284,0.0
2010-06-18,0.0004676419241417775,5.0575942250113454e-05,9.275381071694613e-17,0.0004170659818915713,0.5471136040771415,0.5471136040703705,0.24999999999921088
2010-06-21,-0.001460088471975591,0.0,2.8022858670259674e-16,-0.0014600884719758712,0.5473529637000871,0.5473529636932682,0.0
2010-06-22,0.0016680217047590209,0.0,9.315984241994697e-17,0.0016680217047589276,0.5466910925901061,0.5466910925833054,0.0
2010-06-23,-7.622105949642944e-05,0.0,9.271231391362064e-17,-7.622105949652216e-05,0.5474459625471326,0.5474459625403646,0.0
2010-06-24,-0.0003827141300515303,0.0,9.242713425995859e-17,-0.0003827141300516227,0.5474114657695163,0.5474114657627691,0.0
2010-06-25,0.0015116333464511905,0.0,9.20242614325464e-17,0.0015116333464510986,0.5472381874262647,0.5472381874195469,0.0
2010-06-28,-0.0001825157215450209,0.0,2.7719288345158205e-16,-0.0001825157215452981,0.5479215642649707,0.5479215642582257,0.0
2010-06-29,0.0004972640780868984,0.0,9.221775017833412e-17,0.0004972640780868061,0.5478390377806825,0.5478390377739506,0.0
2010-06-30,0.0007151376866907746,0.0,9.104578581325153e-17,0.0007151376866906835,0.5480637694336471,0.5480637694270006,0.0
2010-07-01,-0.004996353648780719,0.0,9.084470144358933e-17,-0.00499635364878081,0.5483867350991771,0.5483867350925455,0.0
2010-07-02,1.0881083095237057e-05,3.0144404732858923e-05,0.0,-1.9263321637621866e-05,0.6000000000026402,0.6000000000026402,0.1472942294748032
2010-07-06,-0.00032462497039082865,0.0,0.0,-0.00032462497039082865,0.6000224395109774,0.6000224395109774,0.0
2010-07-07,-0.0001254963978107467,0.0,0.0,-0.0001254963978107467,0.5998925546433754,0.5998925546433754,0.0
2010-07-08,-0.0006018970232273769,0.0,0.0,-0.0006018970232273769,0.5998423362980245,0.5998423362980245,0.0
2010-07-09,0.0002999699200119852,0.0,0.0,0.0002999699200119852,0.5996013375349826,0.5996013375349826,0.0
2010-07-12,-6.942731079012958e-05,0.0,0.0,-6.942731079012958e-05,0.5997214090718859,0.5997214090718859,0.0
2010-07-13,-0.00052651891990453,0.0,0.0,-0.00052651891990453,0.5996936168762135,0.5996936168762135,0.0
2010-07-14,0.0013648916876522138,0.0,0.0,0.0013648916876522138,0.5994827369594743,0.5994827369594743,0.0
2010-07-15,0.00046818256031932765,0.0,0.0,0.00046818256031932765,0.6000286545242132,0.6000286545242132,0.0
2010-07-16,3.628571677882282e-05,0.0,0.0,3.628571677882282e-05,0.6002158265021367,0.6002158265021367,0.0
2010-07-19,-0.0011513084111268784,7.392303571501399e-07,0.0,-0.0011520476414840285,0.6000000000063469,0.6000000000063469,0.003690497661346062
2010-07-20,0.0009742330041944797,0.0,0.0,0.0009742330041944797,0.5995393895349104,0.5995393895349104,0.0
2010-07-21,0.001817395686485005,0.0,0.0,0.001817395686485005,0.5999291517592826,0.5999291517592826,0.0
2010-07-22,-0.0006681909115974551,0.0,0.0,-0.0006681909115974551,0.6006549197854835,0.6006549197854835,0.0
2010-07-23,-0.000964082152517392,0.0,0.0,-0.000964082152517392,0.6003879026138456,0.6003879026138456,0.0
2010-07-26,-0.0004133817838773282,0.0,0.0,-0.0004133817838773282,0.6000022719431786,0.6000022719431786,0.0
2010-07-27,-0.0013044168303604194,0.0,0.0,-0.0013044168303604194,0.5998368517871283,0.5998368517871283,0.0
2010-07-28,0.0017431477772894826,0.0,0.0,0.0017431477772894826,0.5993141904734954,0.5993141904734954,0.0
2010-07-29,-7.032664505784639e-05,0.0,0.0,-7.032664505784639e-05,0.6000114296608233,0.6000114296608233,0.0
2010-07-30,0.0018917052681394378,0.0,0.0,0.0018917052681394378,0.5999832978281924,0.5999832978281924,0.0
2010-08-02,-0.0006485861016035806,6.841970324717152e-07,0.0,-0.0006492702986360524,0.6000000000048507,0.6000000000048507,0.0034159129801801524
2010-08-03,0.0013036489167629834,0.0,0.0,0.0013036489167629834,0.5997408077966293,0.5997408077966293,0.0
2010-08-04,-0.00043264211402832347,0.0,0.0,-0.00043264211402832347,0.6002619259039136,0.6002619259039136,0.0
2010-08-05,0.0011014776033505228,0.0,0.0,0.0011014776033505228,0.6000889075234411,0.6000889075234411,0.0
2010-08-06,0.0015836515578724734,0.0,0.0,0.0015836515578724734,0.60052891597568,0.60052891597568,0.0
2010-08-09,0.00024517413095092287,0.0,0.0,0.00024517413095092287,0.6011605387098933,0.6011605387098933,0.0
2010-08-10,0.0014497603202219362,0.0,0.0,0.0014497603202219362,0.6012582998596989,0.6012582998596989,0.0
2010-08-11,0.0014276898661147327,0.0,0.0,0.0014276898661147327,0.6018355428905391,0.6018355428905391,0.0
2010-08-12,-0.00028227298286927227,0.0,0.0,-0.00028227298286927227,0.6024031878300734,0.6024031878300734,0.0
2010-08-13,0.0013288811838821247,0.0,0.0,0.0013288811838821247,0.6022909253032448,0.6022909253032448,0.0
2010-08-16,0.0028044646758952872,2.0363213178201848e-05,0.0,0.0027841014627170853,0.6000000000207175,0.6000000000207175,0.09817524568888128
2010-08-17,-0.0006223130085726736,0.0,0.0,-0.0006223130085726736,0.6011308554028014,0.6011308554028014,0.0
2010-08-18,0.00053700096060778,0.0,0.0,0.00053700096060778,0.6008824793777691,0.6008824793777691,0.0
2010-08-19,0.000971693075912474,0.0,0.0,0.000971693075912474,0.6010966908379786,0.6010966908379786,0.0
2010-08-20,-0.00013072982817987237,0.0,0.0,-0.00013072982817987237,0.6014839261475808,0.6014839261475808,0.0
2010-08-23,0.00033113285836340367,0.0,0.0,0.00033113285836340367,0.6014318213980742,0.6014318213980742,0.0
2010-08-24,0.0018126480456006067,0.0,0.0,0.0018126480456006067,0.6015637567301837,0.6015637567301837,0.0
2010-08-25,0.00022329807164957497,0.0,0.0,0.00022329807164957497,0.6022846746374076,0.6022846746374076,0.0
2010-08-26,0.0006481284073398744,0.0,0.0,0.0006481284073398744,0.6023734638761608,0.6023734638761608,0.0
2010-08-27,-0.002857921095611371,0.0,0.0,-0.002857921095611371,0.6026310100067712,0.6026310100067712,0.0
2010-08-30,0.0013379609973795566,5.134926463842186e-05,0.0,0.0012866117327411347,0.6000000000204356,0.6000000000204356,0.25000000000777045
2010-08-31,0.0009755699525160754,0.0,0.0,0.0009755699525160754,0.600565266699403,0.600565266699403,0.0
2010-09-01,-0.00020028606597477768,0.0,0.0,-0.00020028606597477768,0.6009545634370025,0.6009545634370025,0.0
2010-09-02,-0.00013469006560498114,0.0,0.0,-0.00013469006560498114,0.6008746241856501,0.6008746241856501,0.0
2010-09-03,-0.0011785111329679402,0.0,0.0,-0.0011785111329679402,0.600820858720923,0.600820858720923,0.0
2010-09-07,0.0012469989385925939,0.0,0.0,0.0012469989385925939,0.6003498665894065,0.6003498665894065,0.0
2010-09-08,-0.0014556747362797426,0.0,0.0,-0.0014556747362797426,0.6008476091970745,0.6008476091970745,0.0
2010-09-09,-0.0010338744554709276,0.0,0.0,-0.0010338744554709276,0.6002657261133525,0.6002657261133525,0.0
2010-09-10,-1.3010461023445874e-05,0.0,0.0,-1.3010461023445874e-05,0.5998520233418773,0.5998520233418773,0.0
2010-09-13,0.0014713781894553832,0.0,0.0,0.0014713781894553832,0.5998468171644885,0.5998468171644885,0.0
2010-09-14,0.0011647170185400905,4.079639920492482e-05,0.0,0.0011239206193351657,0.6000000000104255,0.6000000000104255,0.19851248570731855
2010-09-15,-0.0019528144457727286,0.0,0.0,-0.0019528144457727286,0.6004898141451472,0.6004898141451472,0.0
2010-09-16,-0.00017328101623855947,0.0,0.0,-0.00017328101623855947,0.5997081183761868,0.5997081183761868,0.0
2010-09-17,0.0001423259992043175,0.0,0.0,0.0001423259992043175,0.5996387433707754,0.5996387433707754,0.0
2010-09-20,0.0005237638906840838,0.0,0.0,0.0005237638906840838,0.5996957170778281,0.5996957170778281,0.0
2010-09-21,0.001904551014230712,0.0,0.0,0.001904551014230712,0.5999052722490771,0.5999052722490771,0.0
2010-09-22,0.0006873988136775256,0.0,0.0,0.0006873988136775256,0.6006658245579322,0.6006658245579322,0.0
2010-09-23,0.0001288949941227875,0.0,0.0,0.0001288949941227875,0.6009401378337715,0.6009401378337715,0.0
2010-09-24,0.00014611129718183286,0.0,0.0,0.00014611129718183286,0.6009915680232661,0.6009915680232661,0.0
2010-09-27,0.0012728762126403212,0.0,0.0,0.0012728762126403212,0.6010498591458572,0.6010498591458572,0.0
2010-09-28,0.0011730262846107043,2.852327992212216e-05,0.0,0.0011445030046885823,0.6000000000018698,0.6000000000018698,0.14063947569378304
2010-09-29,0.00040146806240546576,0.0,0.0,0.00040146806240546576,0.6004857685201364,0.6004857685201364,0.0
2010-09-30,0.001171475809654221,0.0,0.0,0.001171475809654221,0.6006460963580457,0.6006460963580457,0.0
2010-10-01,0.00019570828077809978,0.0,0.0,0.00019570828077809978,0.6011133823813806,0.6011133823813806,0.0
2010-10-04,-0.0007216051896463753,0.0,0.0,-0.0007216051896463753,0.6011914325204817,0.6011914325204817,0.0
2010-10-05,0.0023934883263918793,0.0,0.0,0.0023934883263918793,0.6009034423733283,0.6009034423733283,0.0
2010-10-06,0.0014712259990159505,0.0,0.0,0.0014712259990159505,0.6018563944454506,0.6018563944454506,0.0
2010-10-07,0.00023722145066264544,0.0,0.0,0.00023722145066264544,0.602441293151102,0.602441293151102,0.0
2010-10-08,0.0013436383185693789,0.0,0.0,0.0013436383185693789,0.6025355802373448,0.6025355802373448,0.0
2010-10-11,0.0010374138515920335,0.0,0.0,0.0010374138515920335,0.6030689120569365,0.6030689120569365,0.0
2010-10-12,-0.00023378008798091688,1.3064329525451735e-06,7.06068733895367e-08,-0.00023515712780685158,0.6051543017223385,0.5999999999649024,0.006491551128291417
2010-10-13,0.001573970441234721,0.0,7.078784947274195e-08,0.0015738996533852482,0.6050748053642517,0.5999072923527415,0.0
2010-10-14,-0.0015082555538492685,0.0,7.077920359073625e-08,-0.0015083263330528593,0.6057029611290965,0.6005360792669727,0.0
2010-10-15,-0.0008339606460895652,0.0,7.080394633388401e-08,-0.0008340314500358991,0.6051014061121613,0.5999327180297878,0.0
2010-10-18,0.0004019823791017365,0.0,2.1413135071681754e-07,0.00040176824775101967,0.6048093712091696,0.5995988416750603,0.0
2010-10-19,-0.001820624343135215,0.0,7.14512618516057e-08,-0.0018206957943970666,0.6049758017014718,0.5997598595863046,0.0
2010-10-20,0.0010571557492999864,0.0,7.028424036239523e-08,0.001057085465059624,0.6041606359845804,0.5990298864381256,0.0
2010-10-21,-0.0012075589406354925,0.0,7.111511160589879e-08,-0.0012076300557470985,0.6046447718915754,0.5994533687443447,0.0
2010-10-22,0.000875427031361702,0.0,7.161302208259607e-08,0.0008753554183396194,0.6041968935552221,0.5989691429431926,0.0
2010-10-25,0.0021507521275502175,0.0,2.1582416152080688e-07,0.0021505363033886967,0.6045716732709187,0.5993199520072457,0.0
2010-10-26,-0.001888820866591073,4.138284402501996e-05,2.8165334734757414e-06,-0.0019330202440895688,0.8056069435749088,0.6000000000111799,0.20199967713557807
2010-10-27,-0.001821524102159604,0.0,2.824557665822123e-06,-0.0018243486598254262,0.8054622889781993,0.5992695793731843,0.0
2010-10-28,0.001952651117886165,0.0,2.809860657823621e-06,0.0019498412572283414,0.8036598289406786,0.5985400009195541,0.0
2010-10-29,0.001770651720724979,0.0,2.8133457855185207e-06,0.0017678383749394606,0.8046983075914209,0.599324065248569,0.0
2010-11-01,-0.0012480396518560325,0.0,8.443803751567903e-06,-0.0012564834556076003,0.8054998452074409,0.6000339539192886,0.0
2010-11-02,0.0005881959377419756,0.0,2.8341469736430167e-06,0.0005853617907683325,0.806431954461057,0.5995392253851167,0.0
2010-11-03,-0.0003572173690812622,0.0,2.8640520508635384e-06,-0.00036008142113212575,0.8088521348862796,0.5997763351732412,0.0
2010-11-04,0.0036954702828827356,0.0,2.8819291990765362e-06,0.0036925883536836593,0.8100158667723969,0.5996350352398098,0.0
2010-11-05,-0.0015635556263755086,0.0,2.925365331418465e-06,-0.0015664809917069272,0.8146625197900549,0.6011108505965069,0.0
2010-11-08,-5.3500378472084184e-05,0.0,8.77997363215271e-06,-6.228035210423689e-05,0.8141339729753565,0.6004879479263072,0.0
2010-11-09,-0.0036631014806860476,4.119573953409026e-05,4.2508839201954956e-06,-0.0037085481041403334,0.9103145260864661,0.5999999999121951,0.20243907767192265
2010-11-10,-0.0008591421996332377,0.0,4.215962319782735e-06,-0.0008633581619530204,0.9063219239966516,0.5985566746525122,0.0
2010-11-11,-0.000359189177794661,0.0,4.227720347069189e-06,-0.0003634168981417302,0.906837590733084,0.5982140053970331,0.0
2010-11-12,-0.0016220956157271444,0.0,4.178526897491152e-06,-0.0016262741426246357,0.9031046292674345,0.5980721657505803,0.0
2010-11-15,-0.006908178861567282,0.0,1.233066772131915e-05,-0.006920509529288601,0.897467889388106,0.5974216415026733,0.0
2010-11-16,0.001804818295557707,0.0,4.136655965048598e-06,0.0018006816395926583,0.8966044809512175,0.5946285955026698,0.0
2010-11-17,0.0003720119482042244,0.0,4.031602995704877e-06,0.0003679803452085195,0.8896683762192512,0.5953613575327952,0.0
2010-11-18,-0.0007442659975808381,0.0,4.042848288205191e-06,-0.0007483088458690433,0.8906421569873292,0.5955142319483504,0.0
2010-11-19,0.0006263469253635901,0.0,4.137132159347947e-06,0.0006222097932042422,0.897226018510395,0.5952153708779947,0.0
2010-11-22,0.0024755189277006757,0.0,1.242266723247041e-05,0.0024630962604682053,0.897756112441839,0.595471209785059,0.0
2010-11-23,0.0010284483387818912,9.077389675677343e-05,2.815093813807325e-06,0.0009348593482113105,0.4546272733135389,0.24912542490560413,0.44255444084075274
2010-11-24,-0.0020730160942036223,0.0,2.7478115964984466e-06,-0.0020757639058001207,0.4505104795226657,0.24992023297827914,0.0
2010-11-26,0.0006538984166113074,0.0,5.616511305788868e-06,0.0006482819053055185,0.4533654219967426,0.24836275933544893,0.0
2010-11-29,-9.183615937582476e-05,0.0,8.276001612830758e-06,-0.00010011216098865552,0.45023803525722217,0.24885532934500704,0.0
2010-11-30,0.0019792390680191726,0.0,2.7657599750007446e-06,0.0019764733080441716,0.4506888781050315,0.24878839992997712,0.0
2010-12-01,-0.0018081514235727533,0.0,2.7357960255112056e-06,-0.0018108872195982644,0.44998609099338405,0.2502729811310661,0.0
2010-12-02,-0.001158331433245979,0.0,2.808769593285174e-06,-0.0011611402028392642,0.45395576807395194,0.24891558776413422,0.0
2010-12-03,0.0021300248773508178,0.0,2.856229709015407e-06,0.002127168647641802,0.4565500404260708,0.24804527166794604,0.0
2010-12-06,0.0007357629442956086,0.0,8.575762168732354e-06,0.0007271871821268762,0.45832114053917516,0.24964426110002122,0.0
2010-12-07,-0.001262740168027588,0.0,2.854232977624106e-06,-0.001265594401005212,0.458557090571777,0.2501980832052173,0.0
2010-12-08,-0.0010075910854245626,5.091850455779403e-05,1.369863013690454e-06,-0.001059879452996047,0.49950092224406734,0.3995009222446642,0.2500000000227254
2010-12-09,0.0008226305492763936,0.0,1.3625335097288219e-06,0.0008212680157666648,0.4983810803835225,0.3989161341733185,0.0
2010-12-10,6.698953060710534e-06,0.0,1.35673480514706e-06,5.3422182555634735e-06,0.4984523822312193,0.3994107414554839,0.0
2010-12-13,-0.0006093806282591551,0.0,4.088611035098506e-06,-0.0006134692392942535,0.49890484183219885,0.39941530664480196,0.0
2010-12-14,0.0008465714331449992,0.0,1.372487533483013e-06,0.0008451989456115162,0.4992423213094131,0.3990507313651532,0.0
2010-12-15,-0.0009536118616689604,0.0,1.3733763422951023e-06,-0.0009549852380112556,0.4998160684370577,0.3995595954495153,0.0
2010-12-16,0.0009363606438999662,0.0,1.3524412469859246e-06,0.0009350082026529803,0.4977152213228067,0.3989870102928343,0.0
2010-12-17,0.0006553186119869262,0.0,1.3549797332205121e-06,0.0006539636322537057,0.4984633091321158,0.3995497886070184,0.0
2010-12-20,0.0010201624472940117,0.0,4.068420410254561e-06,0.001016094026883757,0.4989417886595376,0.39994355867667664,0.0
2010-12-21,-0.00014129927958713578,0.0,1.3486313781038054e-06,-0.00014264791096523958,0.4990068084371276,0.40055671783554986,0.0
2010-12-22,0.0008508350408839733,5.1319740930323044e-05,2.005767404120138e-06,0.0007975095325495301,0.7464210204905091,0.599999999989739,0.25000000000115524
2010-12-23,9.760559571247995e-05,0.0,2.008327501739133e-06,9.559726821074082e-05,0.7469799402384959,0.6003720326115392,0.0
2010-12-27,-0.00013727582074640038,0.0,8.01900742327517e-06,-0.00014529482816967555,0.7467591259120373,0.6004122404372655,0.0
2010-12-28,0.0010872964087630841,0.0,1.99926481621192e-06,0.0010852971439468723,0.7463085257218262,0.6003621941383559,0.0
2010-12-29,0.0017289175403279054,0.0,1.998545301246772e-06,0.0017269189950266588,0.7466912537850372,0.6007974467940229,0.0
2010-12-30,-0.0008364848934815187,0.0,2.0081964635126837e-06,-0.0008384930899450314,0.7480859857332576,0.6014876438968316,0.0
2010-12-31,0.0009203482964601083,0.0,2.0147461294631334e-06,0.0009183335503306451,0.7482316909550514,0.6011552235042427,0.0
2011-01-03,0.0015308877698098572,0.0,6.050563996592415e-06,0.001524837205813265,0.7487535634734854,0.6015231728897368,0.0
2011-01-04,-0.0021125217187345216,0.0,2.0302540801157705e-06,-0.0021145519728146375,0.7503444492825354,0.6021359014340842,0.0
2011-01-05,-0.0001732150900086429,0.0,2.042650911293468e-06,-0.00017525774091993636,0.7504083654488091,0.6012948489243859,0.0
2011-01-06,-0.000569363128430919,9.55245748232311e-06,1.4152430983879376e-06,-0.0005803308290116301,0.7033127462048504,0.6000000000225308,0.04739203093635648
2011-01-07,-0.00015633493703751675,0.0,1.4010810881001462e-06,-0.0001577360181256169,0.7020576263996492,0.5997787069683386,0.0
2011-01-10,0.0013068160341251059,0.0,4.165120702630639e-06,0.0013026509134224753,0.701068239428672,0.5997169689979931,0.0
2011-01-11,-0.00027928607192244327,0.0,1.3721884809572644e-06,-0.00028065826040340054,0.7004116385095241,0.6002418793996438,0.0
2011-01-12,0.0017152270461824595,0.0,1.3872504368915725e-06,0.001713839795745568,0.7014003069503129,0.600131025057228,0.0
2011-01-13,0.00026400862289627475,0.0,1.4127148730683883e-06,0.00026259590802320634,0.7039447345261404,0.600816548792148,0.0
2011-01-14,0.0006671495382623656,0.0,1.400040134332543e-06,0.0006657494981280331,0.7031256873641474,0.6009227575578717,0.0
2011-01-18,0.0013220562008503186,0.0,5.612829157419183e-06,0.0013164433716928994,0.7036237975010288,0.6011896653781287,0.0
2011-01-19,-0.0015694795808228242,0.0,1.3993160192227066e-06,-0.001570878896842047,0.7038696612139795,0.601719591810722,0.0
2011-01-20,-0.0020257631107160425,0.0,1.390682700183075e-06,-0.002027153793416226,0.7026141957863137,0.6010943586729492,0.0
2011-01-21,0.0012500219040443158,5.108381547141391e-05,2.7481120742918642e-06,0.0011961899764986101,0.8006121813880177,0.5999999999647116,0.2500000000047593
2011-01-24,0.002656245057122688,0.0,8.22719428587774e-06,0.00264801786283681,0.8007267328586148,0.6005316719022565,0.0
2011-01-25,0.00119683057506289,0.0,2.7525382644587245e-06,0.0011940780367984312,0.8025301762685886,0.6015948829631017,0.0
2011-01-26,0.0009058493606041035,0.0,2.7395416439679255e-06,0.0009031098189601355,0.8020593316507706,0.602072791641112,0.0
2011-01-27,-0.0008595871942776345,0.0,2.759364831635761e-06,-0.0008623465591092703,0.8038682091298802,0.6024345764204697,0.0
2011-01-28,-0.006851201429250132,0.0,2.7552573002932367e-06,-0.0068539566865504255,0.803227986011893,0.6020942030904868,0.0
2011-01-31,0.0019049347521764759,0.0,8.200744080817854e-06,0.001896734008095658,0.7989023662545286,0.5993509269546274,0.0
2011-02-01,0.005709766944226627,0.0,2.7350442694471208e-06,0.00570703189995718,0.7997758299189874,0.6001175982493476,0.0
2011-02-02,-0.000797860147673963,0.0,2.758732199833925e-06,-0.0008006188798737969,0.8037769596371072,0.6023895090492307,0.0
2011-02-03,0.0026382602943970674,0.0,2.7463754007503206e-06,0.002635513918996317,0.8025590847119792,0.6020736804572059,0.0
2011-02-04,0.0017818241712790697,1.5886234282233082e-06,2.7242637873718665e-06,0.0017775112840634744,0.7988712564628353,0.599999999984689,0.007915251209781898
2011-02-07,0.002093870761760072,0.0,8.14745316420555e-06,0.0020857233085958666,0.798968741819209,0.6007140481568739,0.0
2011-02-08,0.003827845302415713,0.0,2.712733958869626e-06,0.0038251325684568434,0.7995828242910464,0.6015532452935638,0.0
2011-02-09,0.0008898034187360682,0.0,2.702424534951238e-06,0.0008871009942011169,0.8003512426862935,0.6030742516348532,0.0
2011-02-10,-0.000534234560681531,0.0,2.672986454727465e-06,-0.0005369075471362585,0.7985567640021496,0.6034287528070447,0.0
2011-02-11,0.0017174665520648495,0.0,2.667506074759037e-06,0.0017147990459900906,0.7979463342103394,0.6032183907529297,0.0
2011-02-14,0.000527119005616142,0.0,8.101938429719001e-06,0.0005190170671864231,0.8010474581209006,0.6039002896644049,0.0
2011-02-15,-0.0009492418137242436,0.0,2.67833467553143e-06,-0.000951920148399775,0.7996322945782572,0.6041138632644629,0.0
2011-02-16,0.0024406938301161207,0.0,2.6815591819621633e-06,0.0024380122709341586,0.7994931533695229,0.6037393330862849,0.0
2011-02-17,0.0015504301800320249,0.0,2.683231894803332e-06,0.0015477469481372215,0.8005816752058336,0.6047057468851904,0.0
2011-02-18,0.0010615791216924486,5.0634293335689035e-05,4.109589040986903e-06,0.0010068352393157727,0.9000000000885731,0.6000000000965292,0.25000000008294765
2011-02-22,-0.010346673354402886,0.0,1.6475923348368848e-05,-0.010363149277751255,0.9011426190406037,0.6004570179328723,0.0
2011-02-23,-0.005197239935728413,0.0,4.104654702932275e-06,-0.005201344590431345,0.895929577943438,0.596289784629382,0.0
2011-02-24,0.0014459840546971873,0.0,4.13510593008043e-06,0.001441848948767107,0.8960458286201962,0.5941830957243249,0.0
2011-02-25,0.005280430830057531,0.0,4.146629955717731e-06,0.005276284200101814,0.8974754958712585,0.5947715091038641,0.0
2011-02-28,0.0025671022552574492,0.0,1.2436449493427916e-05,0.0025546658057640213,0.8995227836442374,0.5969025126374915,0.0
2011-03-01,-0.008329352969629047,0.0,4.150986484107621e-06,-0.008333503956113155,0.9009640860655851,0.5979420727257289,0.0
2011-03-02,0.0012851414917156568,0.0,4.166284048141529e-06,0.0012809752076675153,0.8987062863071398,0.5945675507928082,0.0
2011-03-03,0.008095952488654867,0.0,4.1723996410038234e-06,0.008091780089013862,0.8996755700338978,0.5950903962406187,0.0
2011-03-04,-0.0037798941062392633,0.0,4.169145668395139e-06,-0.003784063251907658,0.9026923089929668,0.5983446752001216,0.0
2011-03-07,-0.00353739753969901,3.7612479277051846e-06,1.2325882344479891e-05,-0.003553484669971195,0.8999298036903881,0.5999999999747107,0.018715080782169116
2011-03-08,0.0032909498117484467,0.0,4.086344125956089e-06,0.0032868634676224908,0.8968928028873034,0.5985896816925089,0.0
2011-03-09,-0.001167678616300058,0.0,4.1014753519000814e-06,-0.001171780091651958,0.8993165138311408,0.5999088131424349,0.0
2011-03-10,-0.007588113117425377,0.0,4.114955819159414e-06,-0.007592228073244537,0.8998353253433694,0.5994435505447321,0.0
2011-03-11,0.004173222267959454,0.0,4.107984483939413e-06,0.004169114283475515,0.8962661829058318,0.5963833155782546,0.0
2011-03-14,-0.004281680612437568,0.0,1.230339849623512e-05,-0.004293984010933803,0.8974458409908264,0.5980631442491049,0.0
2011-03-15,-0.004755406328813995,0.0,4.124008029960842e-06,-0.004759530336843956,0.8973947334692844,0.5963421472821429,0.0
2011-03-16,-0.009100093148744227,0.0,4.127331574713564e-06,-0.00910422048031894,0.8957110863275175,0.5944158813734275,0.0
2011-03-17,0.006964858067071403,0.0,4.14756735531101e-06,0.0069607104997160925,0.8934660098687429,0.5906935929310393,0.0
2011-03-18,-0.0003688018890161335,0.0,4.131594118145327e-06,-0.00037293348313427883,0.8951334514394261,0.5935270808148171,0.0
2011-03-21,0.008063457599301207,4.533561974931076e-05,4.026638244582788e-06,0.008014095341307313,0.6979815306199455,0.6000000000017645,0.21787949283902625
2011-03-22,-0.0021707473572881446,0.0,1.3571537872359316e-06,-0.0021721045110753806,0.702301348373685,0.6032291219054621,0.0
2011-03-23,0.0016132185282835957,0.0,1.3642388238695273e-06,0.0016118542894597262,0.7019562122867786,0.6023667781443032,0.0
2011-03-24,0.006000103780045014,0.0,1.3800111912770231e-06,0.005998723768853738,0.7037488525470751,0.6030080355838523,0.0
2011-03-25,0.0008815079083661726,0.0,1.3875940739949641e-06,0.0008801203142921775,0.7066710194537557,0.6053766520521232,0.0
2011-03-28,-0.0018246381499970846,0.0,4.154732968283993e-06,-0.0018287928829653687,0.7068235512681976,0.6057250490399537,0.0
2011-03-29,0.003013809191993486,0.0,1.3804142345816265e-06,0.0030124287777589043,0.7057770822232198,0.605006843098761,0.0
2011-03-30,0.0023611919598150836,0.0,1.3920475003191221e-06,0.0023597999123147646,0.7078140019536123,0.6061945344303163,0.0
2011-03-31,-0.0008191830394358334,0.0,1.4065525656694406e-06,-0.0008205895920015029,0.709801374793345,0.6071230374994758,0.0
2011-04-01,0.0007345501421417158,0.0,1.4199613296635999e-06,0.0007331301808120522,0.710458966758513,0.6068017896930702,0.0
2011-04-04,0.0007223659578043877,2.339058742141178e-05,1.1271853391181431e-07,0.0006988626518490642,0.6027428176588279,0.600000000000307,0.1144041275337447
2011-04-05,-0.00036789291671547234,0.0,3.755559026027965e-08,-0.0003679304723057326,0.603044394814725,0.6003028367257246,0.0
2011-04-06,0.0013762535857976819,0.0,3.752903457178398e-08,0.00137621605676311,0.6028953789247627,0.6001557594010226,0.0
2011-04-07,-0.0008292397076072337,0.0,3.747745749322256e-08,-0.0008292771850647269,0.6034411670871185,0.6007053126901132,0.0
2011-04-08,-0.0026674946256463232,0.0,3.753548413643371e-08,-0.0026675321611304595,0.6031140397432113,0.6003739494012517,0.0
2011-04-11,-0.00018976798369013616,0.0,1.1286714668265424e-07,-0.00018988085083681882,0.6020515543613705,0.5993051204587593,0.0
2011-04-12,-0.002320073051242863,0.0,3.7625024673532e-08,-0.0023201106762675366,0.6019757614141635,0.5992291346129958,0.0
2011-04-13,0.0017311581469228521,0.0,3.777560196844482e-08,0.0017311203713208836,0.6010547961739219,0.5982971772302254,0.0
2011-04-14,-0.00024564022864431565,0.0,3.7728316304942674e-08,-0.0002456779569606206,0.6017455762367893,0.5989914091465286,0.0
2011-04-15,0.0013195054537905294,0.0,3.7701605188569054e-08,0.0013194677521853409,0.6016451208816697,0.5988929037029042,0.0
2011-04-18,-0.0036323003264524204,4.150442456877421e-05,1.1317143594120071e-07,-0.003673917922457136,0.6027538382736873,0.5999999999991181,0.19942149182888694
2011-04-19,0.002448635808374828,0.0,3.787191241072114e-08,0.002448597936462417,0.6013314345175225,0.5985667849115397,0.0
2011-04-20,0.006301872378035369,0.0,3.778842233029676e-08,0.006301834589613038,0.6023059250963808,0.5995473702662691,0.0
2011-04-21,0.002497130300330234,0.0,3.754731658411744e-08,0.00249709275301365,0.6047961445310973,0.6020551904204569,0.0
2011-04-25,-0.0005472209870377463,0.0,1.4977955043818692e-07,-0.0005473707665881845,0.6057799345768278,0.6030464577813307,0.0
2011-04-26,0.0038960374752672446,0.0,3.746981271068469e-08,0.003896000005454534,0.6055645042078119,0.602829207879932,0.0
2011-04-27,0.002471382015995624,0.0,3.7359989976133426e-08,0.0024713446560056477,0.6070978966946672,0.6043706174264094,0.0
2011-04-28,0.002133158533443129,0.0,3.728116376852541e-08,0.0021331212522793606,0.6080675058426066,0.6053459808875044,0.0
2011-04-29,0.0014699631174887498,0.0,3.7201807801823364e-08,0.001469925915680948,0.6089018029995307,0.6061860710299977,0.0
2011-05-02,-7.28790645737523e-05,0.0,1.1149468555417905e-07,-7.299055925930649e-05,0.6094771731680244,0.6067641358195395,0.0
2011-05-03,-0.0014769210491378199,4.165786779068974e-05,5.189253454043222e-16,-0.0015185789169290286,0.5999999999998005,0.5999999999619189,0.1998695506921423
2011-05-04,-0.003628627833053963,0.0,5.174401175496815e-16,-0.0036286278330544806,0.599433365821938,0.5994333657841646,0.0
2011-05-05,-0.005402448861307635,0.0,5.166496116075164e-16,-0.005402448861308152,0.5979745651392121,0.5979745651014967,0.0
2011-05-06,0.003285951134349764,0.0,5.161882310402526e-16,0.003285951134349248,0.5957908458544314,0.5957908458167496,0.0
2011-05-09,0.002755944143894587,0.0,1.5461729481501603e-15,0.002755944143893041,0.597114707239257,0.5971147072016336,0.0
2011-05-10,0.004233543661904245,0.0,5.1646227620741995e-16,0.004233543661903729,0.5982219850070055,0.5982219849693039,0.0
2011-05-11,-0.004439269489673184,0.0,5.173045805108099e-16,-0.004439269489673701,0.5999157591094771,0.5999157590717138,0.0
2011-05-12,0.0033781247868977533,0.0,5.142025651152207e-16,0.003378124786897239,0.5981317576820939,0.598131757644557,0.0
2011-05-13,-0.00412553563454075,0.0,5.142633189499961e-16,-0.004125535634541265,0.5994847481819227,0.5994847481443815,0.0
2011-05-16,-0.0028635676689327473,0.0,1.5374196619842456e-15,-0.0028635676689342847,0.597825563211365,0.5978255631739545,0.0
2011-05-17,-0.0011048480054851547,2.1310660956512025e-06,3.052998417297536e-16,-0.0011069790715811112,0.6000000000236758,0.6000000000013889,0.010607373023305064
2011-05-18,0.004183463201335152,0.0,3.0520502939367775e-16,0.0041834632013348465,0.5995588511185284,0.5995588510962485,0.0
2011-05-19,0.0017484437348937512,0.0,3.0661281141654545e-16,0.0017484437348934446,0.6012271028596018,0.6012271028372188,0.0
2011-05-20,-0.0020084622500462393,0.0,3.065706671778413e-16,-0.002008462250046546,0.6019231178901688,0.6019231178677893,0.0
2011-05-23,-0.004607176487791976,0.0,9.144415051070844e-16,-0.0046071764877928904,0.6011219864574225,0.601121986435171,0.0
2011-05-24,-0.0010801799839222676,0.0,3.0249148491370817e-16,-0.00108017998392257,0.5992757792492199,0.599275779227138,0.0
2011-05-25,0.0005421624807323422,0.0,3.033372220149999e-16,0.0005421624807320388,0.5988424569008027,0.5988424568786591,0.0
2011-05-26,0.0016885395265814878,0.0,3.045829297286412e-16,0.0016885395265811831,0.5990598316172215,0.5990598315949871,0.0
2011-05-27,0.00284605796120304,0.0,3.0627212575371775e-16,0.0028460579612027337,0.599735693719617,0.5997356936972592,0.0
2011-05-31,0.003990876627732321,0.0,1.2309982874994218e-15,0.00399087662773109,0.6008716361771891,0.600871636154723,0.0
2011-06-01,-0.009044609579043635,5.125700708451513e-05,3.4583311853233984e-06,-0.009099324917313474,0.8524581765892862,0.6000000000606781,0.25000000006271594
2011-06-02,-0.0014065539351782405,0.0,3.478604531947735e-06,-0.0014100325397101883,0.8503201954950448,0.5963820646628601,0.0
2011-06-03,-0.005398955481372215,0.0,3.489214952775575e-06,-0.005402444696324991,0.8505283217064836,0.5958156301538666,0.0
2011-06-06,-0.0019971663497816384,0.0,1.0563487570135518e-05,-0.002007729837351774,0.8506685580555725,0.5936236938489415,0.0
2011-06-07,-0.0006023710269213806,0.0,3.4933624508361204e-06,-0.0006058643893722167,0.8478322022739282,0.5928167433628913,0.0
2011-06-08,-0.0027363001054249783,0.0,3.5035357548682294e-06,-0.0027398036411798465,0.848331501557321,0.5925733914519402,0.0
2011-06-09,0.0034829746852719804,0.0,3.5122311043677446e-06,0.003479462454167613,0.8478504395663665,0.5914575689475211,0.0
2011-06-10,-0.007328012790337922,0.0,3.498676772924421e-06,-0.007331511467110846,0.8482810525397402,0.5928776481162574,0.0
2011-06-13,-0.0005207035394618482,0.0,1.052530799514905e-05,-0.0005312288474569973,0.8459901334432564,0.5898743055612962,0.0
2011-06-14,0.007241997242838378,0.0,3.5007725914576864e-06,0.00723849647024692,0.845223249239388,0.5896668500629768,0.0
2011-06-15,-0.007950232099425438,5.070515578568332e-05,5.389486489766166e-06,-0.008006326741700888,0.9934325137586788,0.6000000000057486,0.25000000000531253
2011-06-16,-0.0018460426885933024,0.0,5.437340412680683e-06,-0.0018514800290059831,0.9937540193635827,0.5968281692378928,0.0
2011-06-17,0.004106449284207746,0.0,5.456893544120971e-06,0.004100992390663625,0.9944389961641265,0.5960857674432956,0.0
2011-06-20,0.004328845114508875,0.0,1.6268555322395138e-05,0.0043125765591864795,0.9936090654144425,0.5977408859028274,0.0
2011-06-21,0.0064360207217668145,0.0,5.406018044503542e-06,0.006430614703722311,0.9941237258579292,0.5994844086091706,0.0
2011-06-22,-0.0034778218207955095,0.0,5.402114223233195e-06,-0.0034832239350187427,0.9964032232152394,0.6020488849192163,0.0
2011-06-23,-0.002014399345545348,0.0,5.414849654937994e-06,-0.002019814195200286,0.995947332719892,0.6006633079094185,0.0
2011-06-24,-0.006511062990866095,0.0,5.432386519665949e-06,-0.00651649537738576,0.9964247312835272,0.599860515347913,0.0
2011-06-27,0.004718152914409808,0.0,1.6326312233412742e-05,0.004701826602176396,0.994514970683117,0.597241373003407,0.0
2011-06-28,0.006717481121306991,0.0,5.3972560366168595e-06,0.006712083865270374,0.9931421526247496,0.5991424619517188,0.0
2011-06-29,0.0021872093371037627,5.155781146670592e-05,5.379159123787816e-06,0.0021302723665132693,0.9461993824634708,0.5535207664269601,0.25000000000780015
2011-06-30,0.003039908094778163,0.0,5.370335310094314e-06,0.003034537759468069,0.9465611605318834,0.5545266828949984,0.0
2011-07-01,0.005828285814983706,0.0,5.371649362644338e-06,0.005822914165621062,0.9480101563629451,0.5558797528899084,0.0
2011-07-05,0.0007136303918266673,0.0,2.1404676992209105e-05,0.0006922257148344582,0.9490915513169235,0.5584561962091072,0.0
2011-07-06,0.0012752547764405331,0.0,5.37283526561295e-06,0.0012698819411749202,0.9509999970134063,0.5587830226236609,0.0
2011-07-07,0.003585927842714971,0.0,5.37614519663932e-06,0.0035805516975183317,0.9518065708669157,0.5593479715122452,0.0
2011-07-08,-0.0029173199339633015,0.0,5.374141507494056e-06,-0.0029226940754707954,0.9532378067342925,0.5609254766872264,0.0
2011-07-11,-0.0057474642473496025,0.0,1.6244426230140405e-05,-0.0057637086735797425,0.9549248627100873,0.5596438244433376,0.0
2011-07-12,-0.0019314124176143294,0.0,5.438144430841645e-06,-0.001936850562045171,0.9540919081977314,0.5571073647462913,0.0
2011-07-13,0.002312275746437885,0.0,5.449117140895648e-06,0.002306826629296989,0.9540388831926033,0.556253331907221,0.0
2011-07-14,-0.0008592809020597133,5.066676714802229e-05,4.214655920021373e-06,-0.000914162325127757,0.9076698822237749,0.6000000000622147,0.25000000006473216
2011-07-15,-0.0009428020979556016,0.0,4.181396483621932e-06,-0.0009469834944392235,0.904930875493159,0.599688932188758,0.0
2011-07-18,-0.0014823595752743324,0.0,1.2690798277966903e-05,-0.0014950503735522993,0.9081230950083771,0.5993136702445158,0.0
2011-07-19,0.002188624344717459,0.0,4.2178258534362204e-06,0.0021844065188640228,0.9066277241531572,0.5987264368523132,0.0
2011-07-20,0.0011528410068203068,0.0,4.267579257067886e-06,0.001148573427563239,0.9111385652816668,0.5996052795157111,0.0
2011-07-21,0.0032130742922343563,0.0,4.235637727934919e-06,0.003208838654506421,0.9092704514715976,0.6000688973323484,0.0
2011-07-22,0.0007870227610565768,0.0,4.231327348800828e-06,0.000782791433707776,0.9102392254886864,0.6013523290262259,0.0
2011-07-25,-0.0012676330768526995,0.0,1.2752710410246e-05,-0.0012803857872629456,0.9119843242565633,0.6016683709405773,0.0
2011-07-26,-0.0019079024248662968,0.0,4.2311616701490925e-06,-0.0019121335865364458,0.910045269907541,0.6011704679866572,0.0
2011-07-27,-0.005762422830938002,0.0,4.247676419794313e-06,-0.005766670507357796,0.9104910095398233,0.6004106308948385,0.0
2011-07-28,0.0003679780920855284,5.0427181169138546e-05,2.768934577761051e-06,0.00031478197633862885,0.802132224189117,0.6000000000125603,0.2500000000101163
2011-07-29,0.0009676877432660312,0.0,2.767305172061763e-06,0.0009649204380939695,0.8021923301168337,0.600179052556325,0.0
2011-08-01,-0.0018310918279894576,0.0,8.33222564432937e-06,-0.001839424053633787,0.8033180647066099,0.6005672406945952,0.0
2011-08-02,-0.0016842987719192625,0.0,2.794493831814061e-06,-0.0016870932657510765,0.8038375578085256,0.5998395080860991,0.0
2011-08-03,0.0012677191952122629,0.0,2.802283214369956e-06,0.0012649169119978928,0.8037327329852726,0.5991660583362657,0.0
2011-08-04,-0.006857727831112357,0.0,2.793900693605746e-06,-0.006860521731805963,0.8036299888142159,0.5996752381809964,0.0
2011-08-05,0.0014177214422776059,0.0,2.77176299509168e-06,0.0014149496792825141,0.7992513411474774,0.5969126425057848,0.0
2011-08-08,-0.006941483496042144,0.0,8.136942497765549e-06,-0.006949620438539909,0.7954838869180088,0.5974849528057138,0.0
2011-08-09,0.006947154284229746,0.0,2.6705011497965552e-06,0.006944483783079949,0.7896228274208625,0.5946762434857141,0.0
2011-08-10,-0.000425140605546076,0.0,2.7149514341332582e-06,-0.0004278555569802093,0.7956657022387733,0.5974742475470455,0.0
2011-08-11,-0.0018870566484752533,0.00011702385484320426,6.852063702109855e-17,-0.0020040805033185263,0.22304631589214796,0.22304631588714596,0.5727832772512615
2011-08-12,0.0004158231845199435,0.0,7.020068136155073e-17,0.0004158231845198733,0.22160337023754784,0.22160337023242316,0.0
2011-08-15,0.000862308477587587,0.0,2.106533410377505e-16,0.0008623084775873763,0.22192691106718052,0.2219269110620546,0.0
2011-08-16,0.0009035947106786761,0.0,7.101713351961776e-17,0.0009035947106786051,0.22259727203007154,0.2225972720248873,0.0
2011-08-17,0.00038928670912983854,0.0,7.110819532429784e-17,0.0003892867091297674,0.223299094859747,0.2232990948545561,0.0
2011-08-18,0.0013460463287962158,0.0,7.110355714734559e-17,0.0013460463287961447,0.22360133654041964,0.2236013365352291,0.0
2011-08-19,0.00040890825714012135,0.0,7.00723604156939e-17,0.00040890825714005126,0.22464500029122308,0.2246450002861078,0.0
2011-08-22,0.0014600786942004643,0.0,2.121539052409735e-16,0.0014600786942002523,0.2249619197618797,0.22496191975671725,0.0
2011-08-23,-0.0021038788432423414,0.0,7.112657728271578e-17,-0.0021038788432424125,0.22609188650969325,0.22609188650450102,0.0
2011-08-24,-0.0017784434546963639,0.0,7.197451288987595e-17,-0.0017784434546964359,0.2244602448267417,0.22446024482148755,0.0
2011-08-25,0.0001225017429609275,3.5969045498946056e-05,0.0,8.653269746198143e-05,0.3000000000071383,0.3000000000071383,0.17710790055691575
2011-08-26,0.0009829653391858378,0.0,0.0,0.0009829653391858378,0.30009653358754884,0.30009653358754884,0.0
2011-08-29,1.2231013373619658e-05,0.0,0.0,1.2231013373619658e-05,0.30078383883856913,0.30078383883856913,0.0
2011-08-30,-0.0003748564013036463,0.0,0.0,-0.0003748564013036463,0.30079239085618753,0.30079239085618753,0.0
2011-08-31,0.00012233692536710755,0.0,0.0,0.00012233692536710755,0.3005301901204355,0.3005301901204355,0.0
2011-09-01,-0.0010460389076268183,0.0,0.0,-0.0010460389076268183,0.30061575063915247,0.30061575063915247,0.0
2011-09-02,-0.0012024260649981591,0.0,0.0,-0.0012024260649981591,0.29988340143718045,0.29988340143718045,0.0
2011-09-06,-0.0009636673175497608,0.0,0.0,-0.0009636673175497608,0.29904054952342063,0.29904054952342063,0.0
2011-09-07,0.0006261554610802566,0.0,0.0,0.0006261554610802566,0.2983644062328776,0.2983644062328776,0.0
2011-09-08,-0.0011290853515507522,0.0,0.0,-0.0011290853515507522,0.29880346427301363,0.29880346427301363,0.0
2011-09-09,-0.00010270322075941029,4.132119565377313e-05,0.0,-0.00014402441641318342,0.30000000000424343,0.30000000000424343,0.19801085860654577
2011-09-12,0.00046143366345386734,0.0,0.0,0.00046143366345386734,0.2999404955383126,0.2999404955383126,0.0
2011-09-13,0.0003876570940412675,0.0,0.0,0.0003876570940412675,0.3002633775714526,0.3002633775714526,0.0
2011-09-14,0.0003596640871555047,0.0,0.0,0.0003596640871555047,0.30053453032280986,0.30053453032280986,0.0
2011-09-15,-0.00014660034537550696,0.0,0.0,-0.00014660034537550696,0.3007860124833564,0.3007860124833564,0.0
2011-09-16,-0.0003874635750984512,0.0,0.0,-0.0003874635750984512,0.3006834924418216,0.3006834924418216,0.0
2011-09-19,0.0007002512066583968,0.0,0.0,0.0007002512066583968,0.3004124277399792,0.3004124277399792,0.0
2011-09-20,0.00022888216155140877,0.0,0.0,0.00022888216155140877,0.30090197197767443,0.30090197197767443,0.0
2011-09-21,-0.00033248594080631023,0.0,0.0,-0.00033248594080631023,0.301061946430166,0.301061946430166,0.0
2011-09-22,0.0010342216924853892,0.0,0.0,0.0010342216924853892,0.3008294820627256,0.3008294820627256,0.0
2011-09-23,-0.0010495625807697437,2.0911467843869853e-05,1.4971281444397317e-17,-0.0010704740486136286,0.39999999999929714,0.39999999999820424,0.10214876940221519
2011-09-26,-0.0003942904437823007,0.0,4.3528864304550866e-17,-0.00039429044378234425,0.3993779611615042,0.399377961160445,0.0
2011-09-27,-0.0011270336983531335,0.0,1.4431189987926634e-17,-0.001127033698353148,0.3991410482187497,0.3991410482176962,0.0
2011-09-28,-0.0002148588430527252,0.0,1.4641884729243735e-17,-0.00021485884305273982,0.3984630958569916,0.3984630958559227,0.0
2011-09-29,-0.00016201901725829956,0.0,1.4337186892098292e-17,-0.0001620190172583139,0.39833382255818006,0.39833382255713345,0.0
2011-09-30,0.00019422166641508198,0.0,1.451110294081048e-17,0.00019422166641506748,0.398236325399012,0.39823632539795273,0.0
2011-10-03,0.001796244617902629,0.0,4.340421331241254e-17,0.0017962446179025857,0.3983531782473232,0.39835317824626704,0.0
2011-10-04,-0.0011419297660241936,0.0,1.4480460044252037e-17,-0.0011419297660242081,0.3994319453831159,0.39943194538205884,0.0
2011-10-05,-0.0009218869127387316,0.0,1.428078489502395e-17,-0.0009218869127387459,0.39874535480679374,0.39874535480575124,0.0
2011-10-06,-0.000844706698245772,0.0,1.4401753047673222e-17,-0.0008447066982457865,0.39819055455508334,0.398190554554032,0.0
2011-10-07,-0.0010276248935579134,4.1387113274016166e-05,0.0,-0.0010690120068319296,0.6000000000010496,0.6000000000010496,0.20292964622525939
2011-10-10,-0.00143258180617795,0.0,0.0,-0.00143258180617795,0.599613368998408,0.599613368998408,0.0
2011-10-11,0.00034612272797082715,0.0,0.0,0.00034612272797082715,0.5990389595068113,0.5990389595068113,0.0
2011-10-12,-0.0010321291044803334,0.0,0.0,-0.0010321291044803334,0.5991776932170666,0.5991776932170666,0.0
2011-10-13,0.0018566706621268663,0.0,0.0,0.0018566706621268663,0.5987635654151536,0.5987635654151536,0.0
2011-10-14,-0.0015790849830855254,0.0,0.0,-0.0015790849830855254,0.599507148742475,0.599507148742475,0.0
2011-10-17,0.0013040442964342112,0.0,0.0,0.0013040442964342112,0.5988737362831185,0.5988737362831185,0.0
2011-10-18,0.001062746396928236,0.0,0.0,0.001062746396928236,0.5993961414599771,0.5993961414599771,0.0
2011-10-19,0.0002206082529776989,0.0,0.0,0.0002206082529776989,0.599821429793592,0.599821429793592,0.0
2011-10-20,0.00013984124430898985,0.0,0.0,0.00013984124430898985,0.5999096930172488,0.5999096930172488,0.0
2011-10-21,0.0011650824288117127,8.049374106346539e-07,0.0,0.001164277491401078,0.6000000000014192,0.6000000000014192,0.004015644052317163
2011-10-24,0.0006647460837651325,0.0,0.0,0.0006647460837651325,0.6004659734130338,0.6004659734130338,0.0
2011-10-25,0.0025114598414666175,0.0,0.0,0.0025114598414666175,0.600731385660786,0.600731385660786,0.0
2011-10-26,-0.0010937522037793505,0.0,0.0,-0.0010937522037793505,0.6017316207015201,0.6017316207015201,0.0
2011-10-27,-0.001739743417866885,0.0,0.0,-0.001739743417866885,0.6012955368162564,0.6012955368162564,0.0
2011-10-28,0.0016046841880405429,0.0,0.0,0.0016046841880405429,0.6006006844859902,0.6006006844859902,0.0
2011-10-31,-0.0007077889531378495,0.0,0.0,-0.0007077889531378495,0.6012405674422476,0.6012405674422476,0.0
2011-11-01,0.003404905139046052,0.0,0.0,0.003404905139046052,0.6009581300148327,0.6009581300148327,0.0
2011-11-02,0.0005793790112350724,0.0,0.0,0.0005793790112350724,0.6023122191834707,0.6023122191834707,0.0
2011-11-03,-0.0012867489690704867,0.0,0.0,-0.0012867489690704867,0.6025424977181508,0.6025424977181508,0.0
2011-11-04,0.0006282397941523271,4.18556328854389e-05,3.3854197983775322e-18,0.0005863841612668848,0.4003042868735539,0.40030428687330677,0.20270365266326462
2011-11-07,-0.00020431518993609373,0.0,1.0086702879287144e-17,-0.00020431518993610382,0.4006975639627387,0.40069756396249323,0.0
2011-11-08,-0.0014174074963212747,0.0,3.3633145127826827e-18,-0.0014174074963212782,0.40057509234887956,0.40057509234863403,0.0
2011-11-09,0.00045013776750863497,0.0,3.4119076148687313e-18,0.00045013776750863155,0.3997242570109102,0.39972425701066117,0.0
2011-11-10,-0.0004929164228235203,0.0,3.2625610632355305e-18,-0.0004929164228235235,0.39999434221818586,0.3999943422179477,0.0
2011-11-11,-0.0005898022399624419,0.0,3.2959292675015505e-18,-0.0005898022399624452,0.3996984437224525,0.39969844372221186,0.0
2011-11-14,0.00035039084058542365,0.0,1.0142215169587732e-17,0.0003503908405854135,0.39934417557176427,0.39934417557151747,0.0
2011-11-15,-0.0005855077298461447,0.0,3.344445006396794e-18,-0.000585507729846148,0.39955456615205326,0.3995545661518091,0.0
2011-11-16,-0.0002350728007292925,0.0,3.377786422402698e-18,-0.0002350728007292959,0.3992027947443084,0.39920279474406184,0.0
2011-11-17,-0.0005672489425550721,0.0,3.3263166058812645e-18,-0.0005672489425550755,0.39906153045520276,0.39906153045495996,0.0
2011-11-18,7.03367937675869e-05,2.1735252901018903e-07,0.0,7.01194412385767e-05,0.39763558259437015,0.39763558259437015,0.001084872674900273
2011-11-21,-0.00013969175132549536,0.0,0.0,-0.00013969175132549536,0.3976780344265709,0.3976780344265709,0.0
2011-11-22,0.00018360985534953225,0.0,0.0,0.00018360985534953225,0.39759388326111444,0.39759388326111444,0.0
2011-11-23,-1.3499933959860663e-05,0.0,0.0,-1.3499933959860663e-05,0.3977044706561349,0.3977044706561349,0.0
2011-11-25,-0.000969323457211645,0.0,0.0,-0.000969323457211645,0.39769633959649564,0.39769633959649564,0.0
2011-11-28,4.372939670833635e-05,0.0,0.0,4.372939670833635e-05,0.39711194606374256,0.39711194606374256,0.0
2011-11-29,-0.00033536624143355037,0.0,0.0,-0.00033536624143355037,0.39713830884179546,0.39713830884179546,0.0
2011-11-30,-5.46094511146406e-05,0.0,0.0,-5.46094511146406e-05,0.3969360615554152,0.3969360615554152,0.0
2011-12-01,0.0001853569521610838,0.0,0.0,0.0001853569521610838,0.396903126766199,0.396903126766199,0.0
2011-12-02,0.001600316696590781,0.0,0.0,0.001600316696590781,0.3970148942475998,0.3970148942475998,0.0
2011-12-05,0.00042263054673015454,4.1458054769207326e-05,5.578184140095767e-17,0.00038117249196089145,0.5999999999985399,0.5999999999971827,0.20292451113311813
2011-12-06,-0.0014512754090131392,0.0,1.8629487454551514e-17,-0.001451275409013158,0.6001938531586052,0.6001938531572453,0.0
2011-12-07,0.0016290577804945693,0.0,1.8689945762295745e-17,0.0016290577804945507,0.5996127810336387,0.5996127810322742,0.0
2011-12-08,0.0013856732077272562,0.0,1.868103882868547e-17,0.0013856732077272376,0.6002639741167494,0.6002639741153856,0.0
2011-12-09,-0.0035146862245774165,0.0,1.8442041414725962e-17,-0.003514686224577435,0.6008171111507953,0.6008171111494488,0.0
2011-12-12,0.001952786725103278,0.0,5.594737183247717e-17,0.001952786725103222,0.59940916004392,0.5994091600425586,0.0
2011-12-13,0.001898163926048315,0.0,1.8424361922327568e-17,0.0018981639260482967,0.6001899038921479,0.600189903890803,0.0
2011-12-14,0.002834828517770462,0.0,1.829433246028327e-17,0.002834828517770444,0.6009473711967303,0.6009473711953947,0.0
2011-12-15,-0.00045798507921149235,0.0,1.8049055203658136e-17,-0.0004579850792115104,0.6020754191464416,0.602075419145124,0.0
2011-12-16,0.0026885525324043904,0.0,1.8097571119302845e-17,0.002688552532404372,0.6018930921227056,0.6018930921213846,0.0
2011-12-19,0.0024350330208288153,1.157674349301752e-06,1.9412830359004834e-16,0.0024338753464793195,0.5999999999942858,0.599999999989562,0.005772930207870807
2011-12-20,-0.0033948931184653985,0.0,6.430593887539463e-17,-0.0033948931184654627,0.6009723412498127,0.6009723412451183,0.0
2011-12-21,-0.0024113269709793417,0.0,6.511069546799678e-17,-0.0024113269709794068,0.5996130704178935,0.5996130704131404,0.0
2011-12-22,0.0014229003196444589,0.0,6.552111149842921e-17,0.0014229003196443934,0.5986452729396213,0.5986452729348383,0.0
2011-12-23,-0.0020245470512853594,0.0,6.544152179594817e-17,-0.002024547051285425,0.5992155492626849,0.5992155492579077,0.0
2011-12-27,0.0009792175642994948,0.0,2.6289123343926315e-16,0.000979217564299232,0.5984024962206156,0.5984024962158179,0.0
2011-12-28,0.0028872764488245355,0.0,6.595093475393985e-17,0.0028872764488244696,0.5987953628482144,0.5987953628434003,0.0
2011-12-29,0.0009685879015464172,0.0,6.564337062272924e-17,0.0009685879015463516,0.5999504165887514,0.5999504165839595,0.0
2011-12-30,0.0001989829853896891,0.0,6.586681772413934e-17,0.00019898298538962322,0.6003375248269271,0.6003375248221188,0.0
2012-01-03,-0.0021958111720583617,0.0,2.6372391324298353e-16,-0.0021958111720586254,0.6004170350382118,0.6004170350333987,0.0
2012-01-04,-0.001114414155773345,9.638828940666776e-07,1.3177282295883309e-16,-0.0011153780386675435,0.5999999999954102,0.5999999999857909,0.004797061590714746
2012-01-05,7.475701489548303e-05,0.0,1.3179754821301406e-16,7.475701489535123e-05,0.5995543155561877,0.5995543155465665,0.0
2012-01-06,0.0032521333957514897,0.0,1.319098497506962e-16,0.003252133395751358,0.5995842494424255,0.599584249432796,0.0
2012-01-09,0.00016201903277121254,0.0,3.93890663782512e-16,0.00016201903277081865,0.6008822336591668,0.600882233649582,0.0
2012-01-10,-0.001207897802682262,0.0,1.3135502853547718e-16,-0.0012078978026823933,0.6009468878584262,0.6009468878488374,0.0
2012-01-11,0.0023947314639134114,0.0,1.3198974776072272e-16,0.0023947314639132795,0.6004642895517175,0.6004642895420822,0.0
2012-01-12,-0.0002199729168997908,0.0,1.3152718209543634e-16,-0.0002199729168999223,0.6014187845293193,0.6014187845197178,0.0
2012-01-13,0.002342337360795494,0.0,1.3170780494117563e-16,0.0023423373607953622,0.601331088165917,0.6013310881563023,0.0
2012-01-17,0.0010564783882627683,0.0,5.244724064101099e-16,0.0010564783882622438,0.6022627230494787,0.602262723039907,0.0
2012-01-18,-0.0017446072146837628,0.0,1.3139442283929092e-16,-0.0017446072146838942,0.6026824804222214,0.6026824804126296,0.0
2012-01-19,-0.002197753452025641,5.819565898477103e-07,0.0,-0.0021983354086154887,0.6000000000064796,0.6000000000064796,0.002898498736036233
2012-01-20,-0.0023144019305098495,0.0,0.0,-0.0023144019305098495,0.5991193117514625,0.5991193117514625,0.0
2012-01-23,-0.0009554807981367025,0.0,0.0,-0.0009554807981367025,0.5981893604315459,0.5981893604315459,0.0
2012-01-24,0.0009305037550499695,0.0,0.0,0.0009305037550499695,0.5978050708996825,0.5978050708996825,0.0
2012-01-25,0.0020927106259256397,0.0,0.0,0.0020927106259256397,0.5981789668798589,0.5981789668798589,0.0
2012-01-26,0.004034610617346442,0.0,0.0,0.004034610617346442,0.5990181059503404,0.5990181059503404,0.0
2012-01-27,0.0008063688075691453,0.0,0.0,0.0008063688075691453,0.6006294107699041,0.6006294107699041,0.0
2012-01-30,0.0017060158710197734,0.0,0.0,0.0017060158710197734,0.600951191281952,0.600951191281952,0.0
2012-01-31,0.0016760374220237291,0.0,0.0,0.0016760374220237291,0.6016308154333478,0.6016308154333478,0.0
2012-02-01,-0.0004315539854747637,0.0,0.0,-0.0004315539854747637,0.6022973799074599,0.6022973799074599,0.0
2012-02-02,0.0007666067419243469,2.1608327604932572e-05,1.4926752516054654e-16,0.0007449984143192651,0.599999999979234,0.5999999999683375,0.10497923150578299
2012-02-03,-0.004114367707965269,0.0,1.489966416983087e-16,-0.004114367707965418,0.6003193697426032,0.6003193697317265,0.0
2012-02-06,0.0014895608449297724,0.0,4.4953085303643e-16,0.001489560844929323,0.5986681429096299,0.5986681428986913,0.0
2012-02-07,-0.0022574102957730884,0.0,1.4926698365901494e-16,-0.0022574102957732376,0.5992650619824708,0.5992650619715741,0.0
2012-02-08,0.0004531205267687525,0.0,1.4992687595141077e-16,0.00045312052676860253,0.5983583920815683,0.5983583920706235,0.0
2012-02-09,-0.0015947081783548786,0.0,1.4979823021583206e-16,-0.0015947081783550285,0.5985403017115288,0.5985403017005936,0.0
2012-02-10,0.002369937953377938,0.0,1.4941060802566842e-16,0.0023699379533777885,0.5978990680668052,0.5978990680558983,0.0
2012-02-13,0.0013681618928036887,0.0,4.455573575020347e-16,0.0013681618928032431,0.5988497692236892,0.5988497692128473,0.0
2012-02-14,0.0008327930848601069,0.0,1.487115942525067e-16,0.0008327930848599581,0.5993978578088397,0.5993978577979838,0.0
2012-02-15,-0.0001343251071503174,0.0,1.4831272281682748e-16,-0.00013432510715046572,0.5997311988984623,0.5997311988876356,0.0
2012-02-16,-0.0010773248576661934,2.164716842733767e-05,5.4236563057727215e-08,-0.0010990262626565889,0.6039592690980202,0.599999999994806,0.1055351262855419
2012-02-17,-0.00045657849689474537,0.0,5.430808947584954e-08,-0.0004566328049842212,0.6035461216280582,0.5995816310963211,0.0
2012-02-21,-0.002276969732275102,0.0,2.1728416326724507e-07,-0.0022771870164383693,0.6033641937151024,0.5993987577354752,0.0
2012-02-22,0.00259277645547284,0.0,5.444502231465513e-08,0.0025927220104505254,0.6024591361054956,0.5984846494765257,0.0
2012-02-23,0.0008251289033911595,0.0,5.4304226551153903e-08,0.0008250745991646083,0.6034872379161926,0.5995230293779584,0.0
2012-02-24,0.0011409994535956634,0.0,5.425945845040352e-08,0.001140945194137213,0.6038141750811221,0.5998532346142427,0.0
2012-02-27,0.001768976440753409,0.0,1.6262836150230595e-07,0.0017688138123919067,0.6042666041708769,0.6003093140409874,0.0
2012-02-28,0.00041398809142306476,0.0,5.410192570088428e-08,0.0004139339894973639,0.6049646470592205,0.601015206483056,0.0
2012-02-29,-0.001182862180972008,0.0,5.4079540341110806e-08,-0.001182916260512349,0.6051281520405204,0.6011803455956193,0.0
2012-03-01,-0.0019075405676185027,0.0,5.415540777480035e-08,-0.0019075947230262774,0.60466141552693,0.6007080707593695,0.0
2012-03-02,0.0014052472022653348,5.114025814474329e-05,3.368486638085044e-06,0.0013507384574825065,0.8458995245451008,0.5999999999648926,0.25000000000365
2012-03-05,-0.0009386917535644523,0.0,1.0073991110397722e-05,-0.0009487657446748501,0.8457277854380032,0.6005940017516587,0.0
2012-03-06,0.001610152499221391,0.0,3.3397557564768827e-06,0.001606812743464914,0.8440269529338478,0.6002247827110354,0.0
2012-03-07,-0.0007349090416703912,0.0,3.2733953530777943e-06,-0.0007381824370234689,0.8398273112946814,0.6008694505200024,0.0
2012-03-08,-0.0011479078882628412,0.0,3.292598926650943e-06,-0.001151200487189492,0.8409375991651007,0.6005778775195818,0.0
2012-03-09,5.175604767061661e-05,0.0,3.3336144496977514e-06,4.842243322091886e-05,0.8434746838499977,0.6001208290220618,0.0
2012-03-12,0.0012366637565089848,0.0,1.0055119751583722e-05,0.001226608636757401,0.8448181052818571,0.6001435246599865,0.0
2012-03-13,-0.00020544009080253377,0.0,3.32272951064386e-06,-0.00020876282031317763,0.8432026882697502,0.6006434339927484,0.0
2012-03-14,-0.004787225218701306,0.0,3.2880077709029186e-06,-0.004790513226472209,0.8405879364805908,0.6005633692046778,0.0
2012-03-15,-0.0012275746120630063,0.0,3.2564167099718863e-06,-0.0012308310287729783,0.8363623756020075,0.5986439557740597,0.0
2012-03-16,-0.00012698168087026595,5.052208205778726e-05,6.282693858035905e-07,-0.0001781320323138568,0.6458636651920453,0.6000000000283832,0.25000000002687733
2012-03-19,-0.0016742146345301437,0.0,1.8887582785578219e-06,-0.0016761033928087015,0.6459396787636162,0.599979893985376,0.0
2012-03-20,-4.258137529915683e-05,0.0,6.345525350821088e-07,-4.3215927834238936e-05,0.6456325202465741,0.5993101851855802,0.0
2012-03-21,0.0017678862205652165,0.0,6.31010251705759e-07,0.0017672552103135107,0.6453572512095714,0.599293502835051,0.0
2012-03-22,0.0009118007543273915,0.0,6.298970628394761e-07,0.000911170857264552,0.645983519689188,0.6000010341019062,0.0
2012-03-23,0.0013405997214976343,0.0,6.19151558590919e-07,0.0013399805699390434,0.6455638628135905,0.6003657990364534,0.0
2012-03-26,0.0008345772041525176,0.0,1.8747782600995583e-06,0.000832702425892418,0.6465208071508062,0.6009012028217169,0.0
2012-03-27,0.002438293579171373,0.0,6.325263481192688e-07,0.002437661052823254,0.6474095534872312,0.6012351300745246,0.0
2012-03-28,-0.000880229939028615,0.0,6.296381216759572e-07,-0.000880859577150291,0.648169033762632,0.6022054508802872,0.0
2012-03-29,0.0013000496553516173,0.0,6.214099047011832e-07,0.001299428245446916,0.6472182940520574,0.6018553710088712,0.0
2012-03-30,-0.00021710086266010645,5.122633745443885e-05,1.9913097596509285e-06,-0.00027031850987419627,0.7453656124904717,0.6000000000359538,0.2500000000373908
2012-04-02,0.0022273630229598775,0.0,5.963522709040168e-06,0.0022213995002508375,0.7450574613520683,0.5999450754320907,0.0
2012-04-03,-0.0027547671765110427,0.0,2.0042206760155687e-06,-0.0027567713971870583,0.7471458471536964,0.6008377378045597,0.0
2012-04-04,-0.0006330494738890824,0.0,1.992509942312501e-06,-0.0006350419838313949,0.7451895323125406,0.599736306523728,0.0
2012-04-05,0.00060211133073836,0.0,1.9916601015172944e-06,0.0006001196706368427,0.7448751419403611,0.5994839545295986,0.0
2012-04-09,0.0001936454841100853,0.0,7.949519511656094e-06,0.0001856959645984292,0.7448048894834118,0.5997261583956881,0.0
2012-04-10,-0.0019102313809446177,0.0,1.9913904838314395e-06,-0.0019122227714284492,0.7451799271960187,0.5998084218763235,0.0
2012-04-11,0.001378281016752268,0.0,1.998805002003133e-06,0.0013762822117502648,0.7449564606372061,0.5990436954909775,0.0
2012-04-12,0.0011846028886206687,0.0,1.998337816777368e-06,0.0011826045508038913,0.7454754227745078,0.59959676214976,0.0
2012-04-13,0.0004941064210630217,0.0,2.0129144079833948e-06,0.0004920935066550383,0.7470144692772508,0.600071717494463,0.0
2012-04-16,-0.002132150816091142,5.095481812100866e-05,1.6084268642232307e-05,-0.0021991899028543827,0.9913838704927782,0.6000000001984588,0.2500000001745623
2012-04-17,0.005834899993081467,0.0,5.395271488341752e-06,0.005829504721593126,0.9930403908917278,0.5991855722427799,0.0
2012-04-18,-0.0005310098213825596,0.0,5.366475695620043e-06,-0.0005363762970781796,0.9932666696402884,0.6015139438600254,0.0
2012-04-19,-0.0019066796402409957,0.0,5.357058364117401e-06,-0.0019120366986051132,0.9923707206152792,0.601305460034709,0.0
2012-04-20,0.0012584890704208634,0.0,5.352529291537574e-06,0.0012531365411293258,0.9912816866724721,0.6005470483902292,0.0
2012-04-23,-0.0035469247788280306,0.0,1.6037887398967177e-05,-0.003562962666226998,0.9913075968557917,0.601052336814257,0.0
2012-04-24,-6.150181168139776e-06,0.0,5.37089621283345e-06,-1.1521077380973225e-05,0.9917173373242001,0.5996419137873583,0.0
2012-04-25,0.0058479929531671014,0.0,5.356633319915162e-06,0.005842636319847186,0.9906769044896235,0.5996426721358166,0.0
2012-04-26,0.0023933403989738634,0.0,5.3460023398587375e-06,0.0023879943966340048,0.9922317233569714,0.6019735525472836,0.0
2012-04-27,-0.0005801115756939232,0.0,5.351981276835814e-06,-0.000585463556970759,0.9936217396036228,0.6029271063946083,0.0
2012-04-30,-0.0017791749539295273,2.13602045238459e-05,1.618285073452513e-05,-0.0018167180091878984,0.9937827011770894,0.5999999999703114,0.1045238821271037
2012-05-01,0.001502530852552788,0.0,5.422953564667888e-06,0.0014971078989881202,0.9951852117833758,0.5993096015626198,0.0
2012-05-02,0.0008099379231272375,0.0,5.390095463297281e-06,0.0008045478276639402,0.9933909652531017,0.5999139964324003,0.0
2012-05-03,-0.0012515723331476625,0.0,5.404355042662661e-06,-0.0012569766881903252,0.9947589298678207,0.6002410117534466,0.0
2012-05-04,-0.005637502671679179,0.0,5.410253068246896e-06,-0.005642912924747426,0.9946917767528033,0.59974330277078,0.0
2012-05-07,0.00036699931324954454,0.0,1.64190196413149e-05,0.00035058029360822966,0.9970067904869855,0.597477312548323,0.0
2012-05-08,-0.000976816018463357,0.0,5.469068146913085e-06,-0.0009822850866102702,0.9968767676050693,0.5976347928804141,0.0
2012-05-09,-0.002298016767906783,0.0,5.491543095243369e-06,-0.0023035083110020263,0.9981272873189887,0.5972446413662226,0.0
2012-05-10,0.00027916099342181793,0.0,5.513289366636736e-06,0.0002736477040551812,0.9987903770221956,0.5963202532577139,0.0
2012-05-11,-0.000483062609813008,0.0,5.492241881976631e-06,-0.0004885548516949846,0.9973698582384506,0.5964362008541565,0.0
2012-05-14,-0.004425825296561621,2.9485103191701508e-06,1.6430887663043076e-05,-0.004445204694543834,0.9998182664587872,0.5999999999914059,0.014657027844580058
2012-05-15,-0.0015931300188593218,0.0,5.5414044706821295e-06,-0.001598671423330004,1.0027559711719518,0.5982334448121562,0.0
2012-05-16,-0.0025199821411842384,0.0,5.548355159929077e-06,-0.0025255304963441674,1.002625600594721,0.5975956739198983,0.0
2012-05-17,-0.009005834139507661,0.0,5.5686926276499065e-06,-0.009011402832135312,1.0030969405883223,0.596582378769879,0.0
2012-05-18,-0.0032802528607962143,0.0,5.706626314326553e-06,-0.003285959487110541,1.0095033027751348,0.5929195818292964,0.0
2012-05-21,0.007022624192309992,0.0,1.719479777141012e-05,0.007005429394538581,1.0099899933241927,0.5915832475532133,0.0
2012-05-22,0.0012518847305462216,0.0,5.678010539333632e-06,0.001246206720006888,1.0089363227852575,0.5944415534139023,0.0
2012-05-23,-0.0017504136867381268,0.0,5.615475399957863e-06,-0.0017560291621380847,1.0048817091547126,0.5949520049577885,0.0
2012-05-24,0.0003548886642600138,0.0,5.6620500990520145e-06,0.0003492266141609618,1.0075747602321758,0.5942451030013787,0.0
2012-05-25,-0.0003372414168814476,0.0,5.644186610603129e-06,-0.00034288560349205073,1.0064180365894377,0.5943924140154091,0.0
2012-05-29,0.002740606396383761,4.308680774654236e-05,2.1440081747825158e-05,0.0026760795068893934,0.991281492011838,0.6000000001140289,0.20929770095806474
2012-05-30,-0.0018322345938603106,0.0,5.373886314585608e-06,-0.0018376084801748963,0.9934256306372286,0.6011319296724792,0.0
2012-05-31,-0.0013495559364357233,0.0,5.405253470651267e-06,-0.0013549611899063747,0.9949865040818149,0.6004030007242722,0.0
2012-06-01,-0.00695083952433026,0.0,5.438571769808426e-06,-0.006956278096100069,0.9968819794585424,0.5998662402625272,0.0
2012-06-04,0.0024411575604131523,0.0,1.6405594152930177e-05,0.002424751966260222,0.9962715682494971,0.5970687771948628,0.0
2012-06-05,0.002151867262916478,0.0,5.416617194860622e-06,0.0021464506457216175,0.9934728433329452,0.5980597881081198,0.0
2012-06-06,0.006028843801794729,0.0,5.387049456966418e-06,0.006023456752337762,0.9921807004367968,0.5989260900782484,0.0
2012-06-07,0.0005145018834036012,0.0,5.362815035803832e-06,0.0005091390683677975,0.9928183291889681,0.6013328315752884,0.0
2012-06-08,0.003034595590693739,0.0,5.36216721892029e-06,0.0030292334234748187,0.9929792723822497,0.6015410654010687,0.0
2012-06-11,-0.00240317650421238,0.0,1.611857804695535e-05,-0.0024192950822593353,0.9949685236542462,0.6027497911783326,0.0
2012-06-12,0.00248554561625743,5.086710875845515e-05,2.73972602732324e-06,0.002431938781471652,0.8000000000418537,0.6000000000472572,0.25000000003261125
2012-06-13,-0.0006044955633663115,0.0,2.7080913002131903e-06,-0.0006072036546665247,0.7987145572666778,0.6010238923511149,0.0
2012-06-14,0.0027214516595392754,0.0,2.7364796504236122e-06,0.0027187151798888517,0.8005472096276313,0.6007841951467076,0.0
2012-06-15,0.0026200234555414565,0.0,2.725590272259201e-06,0.002617297865269197,0.8008374253824146,0.6018693355074929,0.0
2012-06-18,0.0006833640084673665,0.0,8.2008404053074e-06,0.0006751631680620591,0.802465143542466,0.6029113603466526,0.0
2012-06-19,0.0027460988101736,0.0,2.746465458390341e-06,0.0027433523447152096,0.8036794528514709,0.603187474388976,0.0
2012-06-20,-0.0009565802712833019,0.0,2.7031746487118212e-06,-0.0009592834459320137,0.8016075810354202,0.6042758316794572,0.0
2012-06-21,-0.005446619182225584,0.0,2.719146342564274e-06,-0.005449338328568148,0.8023962443082441,0.6038985613010521,0.0
2012-06-22,0.002722294444064694,0.0,2.748576738550623e-06,0.0027195458673261435,0.8023770797138323,0.6017309777996369,0.0
2012-06-25,-0.0031862189647230534,0.0,8.113689280393547e-06,-0.003194332654003447,0.8002469980372727,0.6028138922143631,0.0
2012-06-26,0.0002678902523225555,5.088668593495658e-05,1.3321001482770008e-06,0.0002156714662393219,0.6972433108292266,0.6000000000050056,0.250000000001891
2012-06-27,0.0016776726711515847,0.0,1.3265627191678194e-06,0.001676346108432417,0.6969775360154998,0.6001384575162491,0.0
2012-06-28,0.0007332221957663673,0.0,1.3264391783491795e-06,0.0007318957565880181,0.6976390264341302,0.6008089664146401,0.0
2012-06-29,0.0033491799135274515,0.0,1.3287157370867602e-06,0.0033478511977903646,0.6980984932357673,0.6011022444284339,0.0
2012-07-02,0.001312669801469131,0.0,3.9211708592965734e-06,0.0013087486306098343,0.697849720644619,0.6024345630684024,0.0
2012-07-03,0.0010759305631590618,0.0,1.3188160130825035e-06,0.0010746117471459793,0.6992316812211508,0.602958112266128,0.0
2012-07-05,0.0002527181813938236,0.0,2.61455364757629e-06,0.0002501036277462473,0.6988168456716672,0.6033856375351326,0.0
2012-07-06,0.00031567173233224384,0.0,1.3136279380825746e-06,0.00031435810439416127,0.6993822608031823,0.6034874213231544,0.0
2012-07-09,0.00033516358134513585,0.0,3.976261628083837e-06,0.000331187319717052,0.7003690419261179,0.6036133423094112,0.0
2012-07-10,0.00021363104185175257,0.0,1.3366603968342196e-06,0.00021229438145491835,0.7013247609949258,0.6037485520260277,0.0
2012-07-11,0.00036791793452020774,5.060780270967678e-05,6.80338845264909e-07,0.00031662979296526606,0.6496647357121875,0.6000000000078493,0.25000000000407685
2012-07-12,0.0017535222439676724,0.0,6.763673095401127e-07,0.0017528458766581324,0.6495526973397255,0.6001778837432974,0.0
2012-07-13,0.0017347570913535748,0.0,6.68862608261293e-07,0.0017340882287453137,0.6497051295866408,0.6008781591835665,0.0
2012-07-16,0.0004883268566414104,0.0,2.033595242960807e-06,0.00048629326139844965,0.6510538921798643,0.601569741267818,0.0
2012-07-17,0.00043671629655944364,0.0,6.756115026065864e-07,0.00043604068505683706,0.6510850733394142,0.6017654336491334,0.0
2012-07-18,0.0009362961341824302,0.0,6.788430726559402e-07,0.0009356172911097743,0.6514952240592531,0.6019396797553694,0.0
2012-07-19,0.00012075803082322372,0.0,6.873896906497687e-07,0.00012007064113257395,0.6524918893716422,0.6023124419542091,0.0
2012-07-20,0.000806931836431437,0.0,6.948854945371922e-07,0.0008062369509368999,0.6530875152298975,0.6023608741286824,0.0
2012-07-23,-0.0016913359623177203,0.0,2.055460771818581e-06,-0.001693391423089539,0.6526981136606784,0.6026819015464262,0.0
2012-07-24,-0.000417166605756078,0.0,6.779821672154863e-07,-0.0004178445879232935,0.6515027023685007,0.6020100041617702,0.0
2012-07-25,0.0006015208178852224,4.062179823114119e-07,6.72921872575835e-07,0.0006004416780303351,0.6491232967178656,0.6000000000198297,0.002028225318853363
2012-07-26,0.0024551019227783055,0.0,6.680318719597208e-07,0.002454433890906346,0.6490074377108281,0.6002411110577685,0.0
2012-07-27,-0.0002857730520268729,0.0,6.752400739706939e-07,-0.0002864482921008436,0.6505130822697165,0.6012205568698559,0.0
2012-07-30,0.0020812547603412234,0.0,2.074265041703544e-06,0.00207918049529952,0.6515807525641748,0.6011069698827219,0.0
2012-07-31,0.00010228551915958068,0.0,6.894548486438368e-07,0.00010159606431093685,0.652266893569603,0.6019366896186029,0.0
2012-08-01,-0.0014614122633122076,0.0,6.891724913562595e-07,-0.0014621014358035637,0.6522874084298044,0.6019778165607975,0.0
2012-08-02,-0.0008330142834523816,0.0,6.881578208896252e-07,-0.0008337024412732711,0.651631226747397,0.6013957058224543,0.0
2012-08-03,0.0012307647739995913,0.0,6.862801039559207e-07,0.0012300784938956354,0.6511622474851188,0.6010637998963366,0.0
2012-08-06,0.00011365816516135587,0.0,2.0952787599642583e-06,0.0001115628864013916,0.6525397217799318,0.6015546052874682,0.0
2012-08-07,-0.0030681769360516144,0.0,7.036706906686272e-07,-0.003068880606742283,0.6529691075110072,0.6016011470921975,0.0
2012-08-08,0.00010890874299816018,1.0101418843524761e-05,1.3734090736320916e-06,9.743391508100332e-05,0.7002588624006277,0.600000000025485,0.05015478320161364
2012-08-09,-0.00118579491574883,0.0,1.371961533428477e-06,-0.0011871668772822585,0.7002036354448054,0.6000504435045264,0.0
2012-08-10,0.0009457712015496457,0.0,1.3788789687066703e-06,0.000944392322580939,0.7002346106013188,0.5995764458857318,0.0
2012-08-13,-0.0006740436682030509,0.0,4.1270618449935645e-06,-0.0006781707300480444,0.700380795163972,0.599955623602462,0.0
2012-08-14,-0.0010453474832415235,0.0,1.3772540413436692e-06,-0.001046724737282867,0.7002278159848696,0.5996882709667818,0.0
2012-08-15,-0.0028343531001541597,0.0,1.3774424879881063e-06,-0.0028357305426421476,0.6998234960434881,0.5992701944203565,0.0
2012-08-16,-0.001535994025228186,0.0,1.389005275470545e-06,-0.0015373830305036565,0.6995293675607204,0.5981319824513707,0.0
2012-08-17,-2.188160880566997e-05,0.0,1.406736487684981e-06,-2.3288345293354952e-05,0.7002063608294032,0.5975145972283996,0.0
2012-08-20,0.0004891059811946692,0.0,4.24422347567133e-06,0.0004848617577189979,0.7007827351349906,0.5975066305603216,0.0
2012-08-21,-0.0007200907648644275,0.0,1.413630957206103e-06,-0.0007215043958216336,0.7009009916688737,0.5977059317928282,0.0
2012-08-22,0.0017653448513550505,2.1219593832737145e-05,2.7811956418624908e-06,0.001741344061880451,0.8030272818443214,0.5999999999883595,0.10481401971246115
2012-08-23,-0.0007766649510808792,0.0,2.7908439932260602e-06,-0.0007794557950741053,0.8044508973838954,0.6007192858783931,0.0
2012-08-24,0.0012991870490866747,0.0,2.7938958788766958e-06,0.0012963931532077979,0.804365013618176,0.6004106144601771,0.0
2012-08-27,0.0014753115914949684,0.0,8.391899619498069e-06,0.0014669196918754704,0.8051336497288799,0.6009307589877602,0.0
2012-08-28,9.35090394302133e-06,0.0,2.7911311676121235e-06,6.559772775409206e-06,0.8052762588782754,0.6015236836425903,0.0
2012-08-29,-0.0005179249788324106,0.0,2.7965900017566656e-06,-0.0005207215688341673,0.8056801587806306,0.601529088652394,0.0
2012-08-30,-0.00013545851632936547,0.0,2.791096182351822e-06,-0.0001382496125117173,0.8050743075109325,0.6013242861992494,0.0
2012-08-31,0.0004502684630172494,0.0,2.7767591771578605e-06,0.00044749170384009157,0.8039753732300015,0.6012719532974776,0.0
2012-09-04,9.476275630960563e-07,0.0,1.1259503118509516e-05,-1.031187555541346e-05,0.8069390084113113,0.6014530764985127,0.0
2012-09-05,9.29173765923377e-05,0.0,2.824608637633689e-06,9.009276795470401e-05,0.8076566568563404,0.6014602263090809,0.0
2012-09-06,-0.0025805400211431433,5.063139390949549e-05,4.706884763670968e-06,-0.0026358782998163097,0.9436025877267831,0.5999999999788024,0.2500000000178469
2012-09-07,-0.00155407198847274,0.0,4.818204090308871e-06,-0.001558890192563049,0.9507272452939027,0.5989983467013552,0.0
2012-09-10,0.0009047472793301382,0.0,1.461616969873301e-05,0.0008901311096314053,0.9540372082084282,0.5983770788725914,0.0
2012-09-11,-0.00033239908003468725,0.0,4.8437186182962475e-06,-0.0003372427986529835,0.9523403202993694,0.5987488611637434,0.0
2012-09-12,-0.002655199456023672,0.0,4.854965395472034e-06,-0.002660054421419144,0.9530308156780838,0.5986183418086253,0.0
2012-09-13,0.002105300334270105,0.0,4.881863024068911e-06,0.0021004184712460363,0.9539286657180926,0.5975526649610621,0.0
2012-09-14,-0.004667713131542191,0.0,4.952446028475512e-06,-0.004672665577570666,0.9599296327078808,0.5984010726291683,0.0
2012-09-17,0.0013011709614038419,0.0,1.5079224424026274e-05,0.0012860917369798156,0.9634484955626129,0.5965207012446403,0.0
2012-09-18,0.0013701967042091497,0.0,4.984438765050509e-06,0.0013652122654440992,0.9609180358311066,0.5970540059824194,0.0
2012-09-19,0.00103061529189173,0.0,4.965441025272187e-06,0.001025649850866458,0.9600855352951836,0.5976083404503142,0.0
2012-09-20,0.00046360456733184703,3.1328812307006546e-05,4.917459469320739e-06,0.00042735829555551975,0.9589745412715928,0.6000000000111789,0.15341199684370554
2012-09-21,-0.00024656125410381954,0.0,4.906254801923963e-06,-0.0002514675089057435,0.9583637016352557,0.6002071010948065,0.0
2012-09-24,0.0019954983104372363,0.0,1.4761448169229534e-05,0.001980736862268007,0.9593066871562757,0.6001114483716903,0.0
2012-09-25,0.0014459886476105197,0.0,4.890251659364021e-06,0.0014410983959511558,0.9579050599789531,0.6009166888453796,0.0
2012-09-26,0.0021947288957225334,0.0,4.818180723927723e-06,0.0021899107149986057,0.9532230556167048,0.601495862769981,0.0
2012-09-27,-0.0011819064833995627,0.0,4.770962597171e-06,-0.0011866774459967338,0.9506517215621112,0.6023714519686281,0.0
2012-09-28,0.0014473719061118043,0.0,4.8325505483676435e-06,0.0014425393555634366,0.9546800011934329,0.601903811162595,0.0
2012-10-01,0.00017537783969044733,0.0,1.4388962289884809e-05,0.0001609888774005625,0.9526134946793172,0.6024820789587868,0.0
2012-10-02,0.001145260193495731,0.0,4.8089805693122e-06,0.001140451212926419,0.9536160328276523,0.6025604512678617,0.0
2012-10-03,0.002360079665340108,0.0,4.813208484199569e-06,0.002355266456855908,0.9543822181997174,0.6030179988531488,0.0
2012-10-04,-0.0009548953265338739,4.290022815313636e-05,5.479452053916323e-06,-0.0010032750067409265,1.0000000001423759,0.6000000002064844,0.2083177053332775
2012-10-05,-0.0001222270410586129,0.0,5.527940915024712e-06,-0.0001277549819736376,1.0031864022392318,0.5996467154424281,0.0
2012-10-08,0.0007368978795116286,0.0,1.656411233290538e-05,0.0007203337671787232,1.0026611571952329,0.5996010904278685,0.0
2012-10-09,-0.00044499106212784437,0.0,5.494631521049275e-06,-0.0004504856936488936,1.0010139568988714,0.5999058558622743,0.0
2012-10-10,0.001591810730064186,0.0,5.449827868947204e-06,0.0015863609021952386,0.9975684694846203,0.5997310350514744,0.0
2012-10-11,0.0003869010165739375,0.0,5.400663536051037e-06,0.00038150035303788647,0.9946188797178982,0.6003704415861725,0.0
2012-10-12,0.0017361210272955078,0.0,5.419631395569789e-06,0.0017307013958999381,0.9961613327434413,0.6005282408668466,0.0
2012-10-15,0.0011755939238039107,0.0,1.6130814519218755e-05,0.0011594631092846919,0.9937403096187776,0.6012238229844544,0.0
2012-10-16,-0.0017203130010794948,0.0,5.4047208934973155e-06,-0.0017257177219729921,0.9962463911332008,0.6017017659078968,0.0
2012-10-17,-0.002375282442288353,0.0,5.481614197199189e-06,-0.002380764056485552,1.0011764778231056,0.601018641427565,0.0
2012-10-18,0.0008397529309738235,5.040592706049228e-05,5.479452054373671e-06,0.0007838675518589575,1.000000000028059,0.6000000000587811,0.24677008593047733
2012-10-19,-0.0001324691422512826,0.0,5.454144086361887e-06,-0.0001379232863376445,0.9985216614037598,0.600369143099342,0.0
2012-10-22,-0.0008097387765160546,0.0,1.6052972432291535e-05,-0.0008257917489483461,0.990941801177281,0.6003194719915204,0.0
2012-10-23,-0.0010816432329426055,0.0,5.354601309469437e-06,-0.001086997834252075,0.9908911081601386,0.6000052125688696,0.0
2012-10-24,0.00022220773288621608,0.0,5.288151432948316e-06,0.00021691958145326776,0.9856103610006769,0.5995753063954499,0.0
2012-10-25,-0.00023504378415320623,0.0,5.268948934280522e-06,-0.00024031273308748675,0.9843007067219072,0.5996674345194289,0.0
2012-10-26,-0.0006533122235201677,0.0,5.2912504473556335e-06,-0.0006586034739675233,0.9858377592540231,0.5995764765970617,0.0
2012-10-31,0.0010597395619344743,0.0,2.6430394474520604e-05,0.0010333091674599537,0.9852016365374835,0.5993178772094827,0.0
2012-11-01,-0.0018146887164342228,0.0,5.290826916765191e-06,-0.001819979543350988,0.9859882463781131,0.599757881454254,0.0
2012-11-02,0.0018259301655399473,0.0,5.355593540363905e-06,0.0018205745719995835,0.9899917497569533,0.5990334213103884,0.0
2012-11-05,-0.0014694487213902378,5.0706003486048986e-05,1.6408196045449032e-05,-0.0015365629209217358,0.999266103825398,0.6000000000528051,0.25000000003509043
2012-11-06,0.0010692458067939293,0.0,5.510719375774853e-06,0.0010637350874181544,1.001734160935883,0.5994516465043188,0.0
2012-11-07,-0.0028240318372777205,0.0,5.500059918350036e-06,-0.0028295318971960706,1.0013871499935454,0.5998827759539926,0.0
2012-11-08,-0.003214420414151904,0.0,5.514084108612845e-06,-0.003219934498260517,1.001281074572567,0.5987529346438294,0.0
2012-11-09,-0.0004975235845685709,0.0,5.535017911067262e-06,-0.0005030586024796381,1.0015186112207228,0.5974623037128126,0.0
2012-11-12,0.0009811198372836382,0.0,1.662156973173095e-05,0.0009644982675519072,1.0017234363504124,0.5972652395449591,0.0
2012-11-13,-0.0009320955343586277,0.0,5.534643235667743e-06,-0.0009376301775942955,1.001698863995355,0.59766990779161,0.0
2012-11-14,-0.003679943962288783,0.0,5.538148302999002e-06,-0.003685482110591782,1.001582682871682,0.5972978567527552,0.0
2012-11-15,-0.0002822888275800811,0.0,5.5187821840363404e-06,-0.0002878076097641174,0.9986848732296849,0.5958137737950321,0.0
2012-11-16,0.001471529995647511,0.0,5.504127509120438e-06,0.0014660258681383905,0.9975042409704641,0.595702932804672,0.0
2012-11-19,0.003246335992761675,8.211774878490005e-05,7.88591957206613e-06,0.003156332324404709,0.7918907098735275,0.6000000002865851,0.3910890811777237
2012-11-20,0.0007740695719258261,0.0,2.656799016153756e-06,0.0007714127729096723,0.7952946094402018,0.6013482812609777,0.0
2012-11-21,-0.0002867079192943962,0.0,2.6564956906493394e-06,-0.0002893644149850456,0.79558240941139,0.6016582239939884,0.0
2012-11-23,0.002249716983573721,0.0,5.31556683769043e-06,0.0022444014167360303,0.7955637715358054,0.6015455819601048,0.0
2012-11-26,-0.0006631915661977116,0.0,8.02261988796684e-06,-0.0006712141860856784,0.7976602585695646,0.602443174629038,0.0
2012-11-27,-0.0010694954243549216,0.0,2.680779324733622e-06,-0.0010721762036796552,0.7978810683310534,0.6021841776254989,0.0
2012-11-28,0.0029270622632493835,0.0,2.700348949991079e-06,0.0029243619142993926,0.7988853481686032,0.6017598748192544,0.0
2012-11-29,0.0027863784296186063,0.0,2.6753986709370936e-06,0.002783703030947669,0.7982278727513618,0.602923769772954,0.0
2012-11-30,0.0016282760608154758,0.0,2.6656435926449543e-06,0.001625610417222831,0.7986206939102626,0.6040287116471809,0.0
2012-12-03,6.627244761605218e-05,0.0,7.933080601522403e-06,5.8339367014529775e-05,0.7977123179537139,0.6046740233166689,0.0
2012-12-04,-0.00021741312464189957,5.1374959984346214e-05,4.677141675838299e-06,-0.0002734652263020841,0.941431342336319,0.600000000000123,0.25000000000029987
2012-12-05,0.0010086552813863418,0.0,4.673863449153755e-06,0.001003981417937188,0.9411386832105058,0.5999466514222815,0.0
2012-12-06,0.0014916867871495989,0.0,4.661433335232369e-06,0.0014870253538143666,0.9406371973572789,0.600352563885316,0.0
2012-12-07,0.0009081405569162219,0.0,4.650847113390977e-06,0.0009034897098028309,0.9404624611389085,0.6009506218613672,0.0
2012-12-10,0.00028313699411161027,0.0,1.3889919510225608e-05,0.00026924707460138466,0.9393035214851851,0.6013154800696955,0.0
2012-12-11,0.0011650104375640945,0.0,4.626329597409029e-06,0.0011603841079666855,0.9391587426074806,0.6014366819966214,0.0
2012-12-12,4.776094238822094e-05,0.0,4.6051490497971144e-06,4.315579333842383e-05,0.9380791340995216,0.6019032534643322,0.0
2012-12-13,-0.0019040668416754523,0.0,4.58311909815044e-06,-0.0019086499607736027,0.9364927320191636,0.6019250378541816,0.0
2012-12-14,-0.002433514694112781,0.0,4.565647091000604e-06,-0.002438080341203782,0.934460628681524,0.60116839103848,0.0
2012-12-17,0.0021509043242849725,0.0,1.376412482674604e-05,0.0021371401994582265,0.9351252452464398,0.6001982077956194,0.0
2012-12-18,0.0018608092461827874,2.9644321784196402e-05,3.9097139198896355e-06,0.0018272552104787014,0.8854091160793089,0.5999999999273655,0.1457059659129218
2012-12-19,0.0008232887852957491,0.0,3.8765368471163845e-06,0.0008194122484486328,0.8837502515782192,0.6007630617387231,0.0
2012-12-20,0.002494688042985852,0.0,3.839394675635163e-06,0.0024908486483102166,0.8813696182175484,0.6010938068961814,0.0
2012-12-21,-0.0018369726908800317,0.0,3.7979905737022482e-06,-0.001840770681453734,0.8793420947883621,0.6020887829080979,0.0
2012-12-24,-0.0006235084255031309,0.0,1.1455623857640568e-05,-0.0006349640493607715,0.8801122876863492,0.6013587738170953,0.0
2012-12-26,0.00045224504164595783,0.0,7.634269469994971e-06,0.00044461077217596283,0.8797677887010543,0.6011169530462379,0.0
2012-12-27,0.0010574645399140463,0.0,3.7854183157027873e-06,0.0010536791215983437,0.8776373898531,0.6013018528067965,0.0
2012-12-28,-0.0019471005293314673,0.0,3.774401087121904e-06,-0.0019508749304185892,0.8772565713295235,0.6017252919696245,0.0
2012-12-31,0.0021130053208096786,0.0,1.1341309833130047e-05,0.0021016640109765487,0.8769224434495367,0.6009505708433721,0.0
2013-01-02,0.00690982186981539,0.0,7.554627325720077e-06,0.00690226724248967,0.8775426946788512,0.6017987972900682,0.0
2013-01-03,-0.0009107100330897454,2.2200707982757734e-05,3.1087543107556633e-06,-0.0009360194953832588,0.8269390646219111,0.5999999999367478,0.1039267896661501
2013-01-04,0.0013627744640956575,0.0,3.0940324984714656e-06,0.001359680431597186,0.8255149469202547,0.5996505745318377,0.0
2013-01-07,0.0008373913287523104,0.0,9.189901273830793e-06,0.0008282014274784796,0.8238182035059536,0.6001972725094041,0.0
2013-01-08,-0.0011361941819040763,0.0,3.0606726437565793e-06,-0.0011392548545478328,0.8239664009849369,0.6005372979907065,0.0
2013-01-09,0.0019886095784315575,0.0,3.086646004946931e-06,0.0019855229324266107,0.8254099116382396,0.6000847532771134,0.0
2013-01-10,0.0009749568016857639,0.0,3.0719720087659372e-06,0.000971884829676998,0.8251342578777076,0.600880301237794,0.0
2013-01-11,0.0010015769143035332,0.0,3.0742777920012844e-06,0.000998502636511532,0.8256931707971309,0.6012708919810372,0.0
2013-01-14,-0.0001186755267948451,0.0,9.158934917346215e-06,-0.00012783446171219133,0.8245391144405463,0.6016716981184551,0.0
2013-01-15,0.00030477421009144045,0.0,3.061099578775293e-06,0.00030171311051266516,0.8250902008807164,0.6016299316301199,0.0
2013-01-16,-0.0009026941408096911,0.0,3.0826037459739975e-06,-0.000905776744555665,0.8267832224819598,0.601753149025858,0.0
2013-01-17,0.002384110586921935,2.7487837596409765e-05,1.369863013909697e-06,0.0023552528863116156,0.7000000000266029,0.6000000000111949,0.13347567715408587
2013-01-18,0.0014373640771876996,0.0,1.3444684007228134e-06,0.0014360196087869767,0.6991148706388858,0.6009686773861205,0.0
2013-01-22,-0.0002799610120512437,0.0,5.3578597319000755e-06,-0.0002853188717831438,0.6993231551541639,0.6015422150469876,0.0
2013-01-23,6.403856535724927e-05,0.0,1.3596594401355167e-06,6.267890591711376e-05,0.7006889935936368,0.601433854463744,0.0
2013-01-24,0.0022193544762968806,0.0,1.3600664328932779e-06,0.0022179944098639874,0.7007450437633878,0.6014601941621787,0.0
2013-01-25,0.0005779836872453673,0.0,1.334097210835254e-06,0.000576649590034532,0.6997326503938531,0.6023435540028795,0.0
2013-01-28,-0.0015950106167361357,0.0,3.9690628709412425e-06,-0.001598979679607077,0.6991545934629528,0.6025740636033825,0.0
2013-01-29,-0.00020768517698849812,0.0,1.3269833919555573e-06,-0.00020901216038045367,0.6988113328986254,0.6019415452858699,0.0
2013-01-30,-0.002126580886863525,0.0,1.3282442574295914e-06,-0.0021279091311209547,0.6988214868882079,0.6018596560958478,0.0
2013-01-31,-0.0009462663261663778,0.0,1.3255330250819721e-06,-0.0009475918591914599,0.6977758849075187,0.6010119740765347,0.0
2013-02-01,0.0011362843107285184,2.1984504327187418e-05,6.2512000149659235e-18,0.0011142998064013246,0.6000000000132254,0.600000000012769,0.10773489385616886
2013-02-04,-0.0021263166678967115,0.0,1.8958629833148302e-17,-0.0021263166678967306,0.600467183857237,0.6004671838567758,0.0
2013-02-05,0.0020827342834120522,0.0,6.247511225145241e-18,0.002082734283412046,0.5996158403449946,0.5996158403445385,0.0
2013-02-06,0.000440785837548551,0.0,6.296068283046728e-18,0.0004407858375485447,0.6004480009913403,0.6004480009908806,0.0
2013-02-07,-0.0005508063359702357,0.0,6.2863258182306046e-18,-0.000550806335970242,0.6006240402582513,0.6006240402577924,0.0
2013-02-08,0.0022254496854977207,0.0,6.275640760135849e-18,0.0022254496854977146,0.6004039402166929,0.6004039402162347,0.0
2013-02-11,-0.000537810429137497,0.0,1.8936352072979253e-17,-0.000537810429137516,0.6012912464868077,0.6012912464863469,0.0
2013-02-12,0.0004218178864437879,0.0,6.31241704109699e-18,0.0004218178864437816,0.6010767013763817,0.601076701375921,0.0
2013-02-13,-0.0007006200591367947,0.0,6.298414127627312e-18,-0.000700620059136801,0.601244903408434,0.6012449034079741,0.0
2013-02-14,0.0006591577161661376,0.0,6.325208235381734e-18,0.0006591577161661313,0.6009653317155444,0.6009653317150827,0.0
2013-02-15,0.00021834612793815856,4.0604450346983385e-05,2.1191373802585536e-16,0.00017774167759096327,0.6000000001020681,0.6000000000865984,0.1994716940027196
2013-02-19,0.001979785955211865,0.0,8.469353158257408e-16,0.001979785955211018,0.6001116813730067,0.6001116813575501,0.0
2013-02-20,-0.003179021517661383,0.0,2.12734675464135e-16,-0.003179021517661596,0.6009018103637034,0.6009018103481738,0.0
2013-02-21,-0.001933650640654118,0.0,2.1049455845558105e-16,-0.0019336506406543285,0.5996290224106876,0.5996290223953216,0.0
2013-02-22,0.0021884045281367294,0.0,2.091906138795231e-16,0.0021884045281365203,0.5988533449239789,0.598853344908708,0.0
2013-02-25,-0.004150303060596643,0.0,6.338874932840639e-16,-0.004150303060597277,0.5997292991384124,0.5997292991229878,0.0
2013-02-26,0.002787874134118175,0.0,2.0917494664612712e-16,0.002787874134117966,0.5980611310200945,0.5980611310048247,0.0
2013-02-27,0.0035054360115429235,0.0,2.0980495626104942e-16,0.0035054360115427136,0.5991785707152864,0.5991785706999706,0.0
2013-02-28,0.00019603266701701398,0.0,2.1084743869450418e-16,0.00019603266701680313,0.6005787164664915,0.6005787164510996,0.0
2013-03-01,0.0013447280095699825,0.0,2.1038005871871614e-16,0.0013447280095697722,0.6006570007396602,0.6006570007243024,0.0
2013-03-04,0.003767718969580805,4.138560700941853e-05,8.219178082191782e-06,0.003718114184489195,0.8000000000656053,0.6000000000656054,0.20312169381690293
2013-03-05,0.003776754855782466,0.0,2.715115566929925e-06,0.003774039740215536,0.7997345938919352,0.6015311575060508,0.0
2013-03-06,8.225653031772035e-05,0.0,2.6971303625919157e-06,7.955939995512844e-05,0.7999225619268624,0.6030320454576527,0.0
2013-03-07,-0.00014048894655787936,0.0,2.6724464269815063e-06,-0.00014316139298486087,0.7981549115628775,0.6030663223932275,0.0
2013-03-08,0.0020234260060830477,0.0,2.6522448347547415e-06,0.002020773761248293,0.796626034444794,0.6030121615076979,0.0
2013-03-11,0.0007221524093432864,0.0,7.857829272480068e-06,0.0007142945800708063,0.7950225921338909,0.6038154131702094,0.0
2013-03-12,-0.0006401141424124141,0.0,2.6199154451432605e-06,-0.0006427340578575573,0.7953598833934946,0.6041060558980367,0.0
2013-03-13,0.000757364890409083,0.0,2.640547199453206e-06,0.0007547243432096298,0.7966140048856123,0.6038540593255283,0.0
2013-03-14,0.0017421881481757022,0.0,2.635818079772905e-06,0.0017395523300959292,0.7965701732116045,0.6041554533881824,0.0
2013-03-15,-0.0010650846527559708,0.0,2.623270184656885e-06,-0.0010677079229406278,0.796344204650193,0.6048454811702404,0.0
2013-03-18,-0.002036661175648354,4.0017315426426365e-05,7.956418805106922e-06,-0.0020846349098798873,0.7936061909971099,0.6000000000728415,0.19780827320333966
2013-03-19,-0.00018471240590715496,0.0,2.651860165318156e-06,-0.0001873642660724731,0.7927982702158005,0.5992124781475752,0.0
2013-03-20,0.002693739467545679,0.0,2.6473133709485715e-06,0.0026910921541747302,0.7923938992516302,0.5991400231723845,0.0
2013-03-21,-0.0011015413345890515,0.0,2.6587823526131678e-06,-0.0011042001169416647,0.7943096310326345,0.6002185192918733,0.0
2013-03-22,0.0023693206606156714,0.0,2.631505785214532e-06,0.002366689154830457,0.7918791766006603,0.5997792542799995,0.0
2013-03-25,-0.0003365584579157489,0.0,7.952398123394767e-06,-0.00034451085603914367,0.7942351955763752,0.6007268412404358,0.0
2013-03-26,0.0033041181788139207,0.0,2.6420480812846332e-06,0.003301476130732636,0.793466704970095,0.6005971950363167,0.0
2013-03-27,0.0006390219521122517,0.0,2.6476109499086856e-06,0.000636374341162343,0.7951897074976421,0.601914108154308,0.0
2013-03-28,0.0019287412200592454,0.0,2.649393361453763e-06,0.0019260918266977916,0.7955756400034988,0.6021699246173741,0.0
2013-04-01,0.000513010113290261,0.0,1.0603336684114699e-05,0.0005024067766061463,0.7964482476146528,0.6029373531295597,0.0
2013-04-02,0.003604616870650415,4.090145408879931e-05,0.0,0.0035637154165616158,0.6000000000514867,0.6000000000514867,0.202485143347354
2013-04-03,-0.002598839513822536,0.0,0.0,-0.002598839513822536,0.6014611804409364,0.6014611804409364,0.0
2013-04-04,0.00369306710500927,0.0,0.0,0.00369306710500927,0.6004227432773408,0.6004227432773408,0.0
2013-04-05,-0.0008175461243229939,0.0,0.0,-0.0008175461243229939,0.6018929792200565,0.6018929792200565,0.0
2013-04-08,0.00337747815809574,0.0,0.0,0.00337747815809574,0.6015672420630017,0.6015672420630017,0.0
2013-04-09,0.0003802551398931687,0.0,0.0,0.0003802551398931687,0.6029084102341993,0.6029084102341993,0.0
2013-04-10,0.004302798031057979,0.0,0.0,0.004302798031057979,0.6030593489569909,0.6030593489569909,0.0
2013-04-11,0.002970404903228107,0.0,0.0,0.002970404903228107,0.6047599869071222,0.6047599869071222,0.0
2013-04-12,0.0018825888932503091,0.0,0.0,0.0018825888932503091,0.6059305327847508,0.6059305327847508,0.0
2013-04-15,-0.008884983652332864,0.0,0.0,-0.008884983652332864,0.606671009573521,0.606671009573521,0.0
2013-04-16,0.006882660925362238,5.0750557331679085e-05,0.0,0.006831910368030559,0.6000000000268152,0.6000000000268152,0.250000000026419
2013-04-17,-0.003767977890066788,0.0,0.0,-0.003767977890066788,0.6027646270471718,0.6027646270471718,0.0
2013-04-18,-0.0018741349975655922,0.0,0.0,-0.0018741349975655922,0.6012621918019478,0.6012621918019478,0.0
2013-04-19,0.005998195408329433,0.0,0.0,0.005998195408329433,0.6005135001715645,0.6005135001715645,0.0
2013-04-22,0.0009659370617619548,0.0,0.0,0.0009659370617619548,0.6028954110933706,0.6028954110933706,0.0
2013-04-23,0.0032802709923188504,0.0,0.0,0.0032802709923188504,0.6032786189784929,0.6032786189784929,0.0
2013-04-24,-0.0008448859328779504,0.0,0.0,-0.0008448859328779504,0.604575717781114,0.604575717781114,0.0
2013-04-25,0.0012315297549160401,0.0,0.0,0.0012315297549160401,0.6042413468622632,0.6042413468622632,0.0
2013-04-26,-0.0005280632308331352,0.0,0.0,-0.0005280632308331352,0.6047281359241536,0.6047281359241536,0.0
2013-04-29,0.002745878851038132,0.0,0.0,0.002745878851038132,0.6045192971064515,0.6045192971064515,0.0
2013-04-30,0.0019465949036972536,4.144653046233439e-05,1.7041257409168407e-08,0.0019051313319775102,0.6012440118116816,0.6000000000208123,0.20560226544271484
2013-05-01,-0.002385608022951969,0.0,1.7034691356365658e-08,-0.002385625057643325,0.6020455207014284,0.6008019882324136,0.0
2013-05-02,0.002378294983155691,0.0,1.6773210642793072e-08,0.002378278209945048,0.6010718355535385,0.5998473911766147,0.0
2013-05-03,0.001149417736431244,0.0,1.6854011031962117e-08,0.0011494008824202118,0.6020271669695895,0.6007968241642562,0.0
2013-05-06,-0.00040717587488556093,0.0,5.1394555912042016e-08,-0.00040722726944147295,0.6025057595512551,0.6012551586907287,0.0
2013-05-07,0.0023651018151712973,0.0,1.718583783296512e-08,0.002365084629333464,0.602347330342688,0.6010927641808814,0.0
2013-05-08,-0.00019059994741619344,0.0,1.730846283311113e-08,-0.00019061725587902654,0.6032975224121944,0.6020340046253773,0.0
2013-05-09,-0.002492347630926622,0.0,1.746206579297085e-08,-0.002492365092992415,0.6032328790912286,0.6019581482883417,0.0
2013-05-10,0.0005658933739574915,0.0,1.748417410284456e-08,0.0005658758897833887,0.6022399661190824,0.6009636214095747,0.0
2013-05-13,-0.0006014790318974786,0.0,5.237120994409209e-08,-0.0006015314031074228,0.6024636823529138,0.6011893162442743,0.0
2013-05-14,0.0019318419655162068,3.0269978457571284e-05,1.734272163022355e-08,0.0019015546443370052,0.6012660188822194,0.6000000002032131,0.14964485145298606
2013-05-15,0.002138068594551869,0.0,1.7524665781511794e-08,0.0021380510698860876,0.602068708881198,0.6007894082791476,0.0
2013-05-16,-0.0014834884056944189,0.0,1.7585912748657347e-08,-0.0014835059916071675,0.602924909026854,0.6016411373962021,0.0
2013-05-17,0.0019336860974737372,0.0,1.7530446887906094e-08,0.0019336685670268492,0.6023290318648367,0.6010493092420196,0.0
2013-05-20,-0.0004563083854781584,0.0,5.305559745723398e-08,-0.0004563614410756156,0.6031102958599649,0.6018192763218388,0.0
2013-05-21,0.0014647368617655612,0.0,1.7710434965926916e-08,0.0014647191513305952,0.6029303938600311,0.6016375321075185,0.0
2013-05-22,-0.005557958896127069,0.0,1.7663124732107256e-08,-0.005557976559251801,0.6035095936356639,0.60222018553022,0.0
2013-05-23,-0.003153441865321509,0.0,1.752070290176612e-08,-0.003153459386024411,0.6012760071846044,0.5999969958727754,0.0
2013-05-24,-0.0016911417086026405,0.0,1.7584771745666514e-08,-0.0016911592933743862,0.6000153182228595,0.5987316298854258,0.0
2013-05-28,-0.001708237883901253,0.0,7.021594389428961e-08,-0.0017083080998451473,0.5993333301632128,0.598051889187142,0.0
2013-05-29,-0.00312612022585093,5.0626246366985324e-05,1.774439698426584e-08,-0.0031767642166148995,0.40717760078847914,0.40588225980862774,0.25000000001146216
2013-05-30,6.953559334613938e-05,0.0,1.774441819202249e-08,6.951784892794737e-05,0.40533502090314927,0.4040396783751316,0.0
2013-05-31,-0.004130065249754887,0.0,1.779970899631055e-08,-0.004130083049463884,0.4053805018747368,0.4040811231180061,0.0
2013-06-03,0.0009566105087711007,0.0,5.278233405779764e-08,0.0009565577264370428,0.40289410957437505,0.40160973944563527,0.0
2013-06-04,-0.001331562184440508,0.0,1.7664535099015283e-08,-0.0013315798489756069,0.40347115106146214,0.402181639999234,0.0
2013-06-05,-0.003655639355212845,0.0,1.7666253588726483e-08,-0.0036556570214664338,0.4026741899097651,0.4013845533977881,0.0
2013-06-06,0.0032006801014905803,0.0,1.733655675097959e-08,0.0032006627649338293,0.40045377786532765,0.39918820922250614,0.0
2013-06-07,0.002450743447907578,0.0,1.739484531382378e-08,0.002450726053062264,0.40237491091445826,0.4011050872065491,0.0
2013-06-10,-0.0009137685491182411,0.0,5.254082206269412e-08,-0.0009138210899403038,0.4038477370575677,0.4025692437207088,0.0
2013-06-11,-0.002704635074535281,0.0,1.761251111369079e-08,-0.0027046526870463947,0.40330856544380667,0.4020228521325072,0.0
2013-06-12,-0.0025111561267844437,5.017813686139472e-05,1.7415293246444846e-08,-0.002561351678939085,0.2956066284478135,0.29433531204082297,0.2500000000130211
2013-06-13,0.00510693405013557,0.0,1.7372304596920327e-08,0.005106916677830973,0.2938417178765864,0.29257353964101124,0.0
2013-06-14,-0.0006988268813953695,0.0,1.7602575243884336e-08,-0.0006988444839706134,0.2974529565459072,0.2961679685531036,0.0
2013-06-17,0.0014340734170132543,0.0,5.2464773808239e-08,0.0014340209522394462,0.29695241588408516,0.29567577305475135,0.0
2013-06-18,0.002171703904451746,0.0,1.7611466062361587e-08,0.0021716862929856834,0.2979700318559234,0.296684394833371,0.0
2013-06-19,-0.004743475636233943,0.0,1.7651614126335676e-08,-0.004743493287848069,0.2994970512930592,0.2982084834618367,0.0
2013-06-20,-0.007478934950872523,0.0,1.760022806867691e-08,-0.007478952551100591,0.2961485084173493,0.29486369176833593,0.0
2013-06-21,0.0007903671175734624,0.0,1.727476643759902e-08,0.0007903498428070248,0.29081134764519634,0.2895502896952516,0.0
2013-06-24,-0.0029300283313277936,0.0,5.160777304044045e-08,-0.002930079939100834,0.291367156483236,0.29011136733925197,0.0
2013-06-25,0.0032636830050251,0.0,1.6977372843373282e-08,0.0032636660276522565,0.2892646243089197,0.2880252760913534,0.0
2013-06-26,-2.9121580775093625e-06,5.899607838851521e-05,1.7021379512062422e-08,-6.192525784553663e-05,0.0006212804508120474,-0.0006212802535685095,0.2909628620442929
2013-06-27,3.2379523430428827e-07,0.0,1.7102223746816527e-08,3.0669301055747173e-07,0.0006242312662017889,-0.0006242310673158176,0.0
2013-06-28,3.397787946242579e-06,0.0,1.7093347425957246e-08,3.3806945988166217e-06,0.0006239072813613066,-0.0006239070807335723,0.0
2013-07-01,-3.559873647731308e-06,0.0,5.1000599580514225e-08,-3.6108742473118224e-06,0.0006205073947505056,-0.0006205071950420071,0.0
2013-07-02,1.941880567838422e-06,0.0,1.7097792409578935e-08,1.924782775428843e-06,0.0006240695237736801,-0.0006240693221255822,0.0
2013-07-03,-1.6185647469980095e-07,0.0,1.7044557379825015e-08,-1.7890103207962597e-07,0.0006221264446273612,-0.0006221262440998649,0.0
2013-07-05,-4.206984800086245e-06,0.0,3.409798971652093e-08,-4.241082789802766e-06,0.0006222884127504459,-0.0006222882119025681,0.0
2013-07-08,-3.5594134048013754e-06,0.0,5.14929826426217e-08,-3.6109063874439973e-06,0.0006264980572385413,-0.0006264978537319199,0.0
2013-07-09,-9.7082973326574e-06,0.0,1.726190806163801e-08,-9.725559240719039e-06,0.0006300597462768282,-0.0006300595422227466,0.0
2013-07-10,1.616986980411889e-07,0.0,1.752805931142151e-08,1.441706387297674e-07,0.0006397742680178282,-0.000639774061715942,0.0
2013-07-11,0.004382633192187919,5.079729591946676e-05,3.811136591345963e-17,0.004331835896268414,0.24936038772647673,0.2493603877236946,0.24999999999909578
2013-07-12,0.0007453109681093166,0.0,3.8483767574023914e-17,0.0007453109681092781,0.25264858869306184,0.25264858869025253,0.0
2013-07-15,0.0003897273957953874,0.0,1.155036734182775e-16,0.00038972739579527186,0.253205183061057,0.2532051830582464,0.0
2013-07-16,-0.0003400642291540381,0.0,3.857931564124591e-17,-0.0003400642291540767,0.2534961160756968,0.25349611607288053,0.0
2013-07-17,0.0003774502335174163,0.0,3.837565866065351e-17,0.0003774502335173779,0.2532421704500103,0.25324217044720887,0.0
2013-07-18,-0.00022581663517257615,0.0,3.8539206028286995e-17,-0.0002258166351726147,0.2535239280177082,0.2535239280148949,0.0
2013-07-19,-0.0028091478967462264,0.0,3.866388939889475e-17,-0.002809147896746265,0.2533553232291388,0.25335532322631626,0.0
2013-07-22,0.0005510426519017669,0.0,1.1716136007947055e-16,0.0005510426519016497,0.25125197930162146,0.2512519792987705,0.0
2013-07-23,-0.0012261809216429639,0.0,3.913831707216377e-17,-0.001226180921643003,0.2516643441659327,0.2516643441630756,0.0
2013-07-24,0.000825796290194437,0.0,3.914430883119497e-17,0.0008257962901943979,0.25074562274307965,0.25074562274022216,0.0
2013-07-25,0.0015624465213525626,5.064529703143086e-05,4.5277328309747304e-17,0.0015118012243210863,0.4981922504810965,0.49819225047779125,0.2500000000059234
2013-07-26,0.0018969127773057423,0.0,4.515141964043584e-17,0.0018969127773056972,0.49900030772628756,0.49900030772299153,0.0
2013-07-29,-0.001463990535819923,0.0,1.3424288010141597e-16,-0.0014639905358200572,0.49994886112091036,0.4999488611176438,0.0
2013-07-30,0.0008080185767273461,0.0,4.447034585412673e-17,0.0008080185767273016,0.4992157176710685,0.49921571766782213,0.0
2013-07-31,0.0004713484797103577,0.0,4.4476813830560865e-17,0.00047134847971031326,0.49962003397903876,0.4996200339757919,0.0
2013-08-01,0.005413324549601736,0.0,4.4438550066081796e-17,0.005413324549601692,0.4998557761985622,0.4998557761953182,0.0
2013-08-02,0.001937483246341178,0.0,4.47894285679152e-17,0.001937483246341133,0.5025486418479228,0.5025486418446532,0.0
2013-08-05,-0.0002128253660344305,0.0,1.34669736315076e-16,-0.00021282536603456516,0.5035105817777278,0.5035105817744508,0.0
2013-08-06,-0.002590039179611093,0.0,4.4943295963447097e-17,-0.002590039179611138,0.5034048937424709,0.5034048937391901,0.0
2013-08-07,-0.0015645275562736333,0.0,4.5014026578124117e-17,-0.0015645275562736784,0.5021153529998104,0.5021153529965243,0.0
2013-08-08,0.001991703343439219,1.0288890694396722e-05,2.518726046852298e-07,0.0019811625801401367,0.5455569864437105,0.5271702863016888,0.050953622074584794
2013-08-09,-0.001807079494334782,0.0,2.5147716133844705e-07,-0.0018073309714961203,0.5464735393469954,0.5281157065692887,0.0
2013-08-12,0.0004359681196223902,0.0,7.564132351240604e-07,0.00043521170638726614,0.5456676186162746,0.5272615632282558,0.0
2013-08-13,0.001908053683515378,0.0,2.5161744183850444e-07,0.0019078020660735395,0.5458360443663167,0.5274679711121059,0.0
2013-08-14,-0.003010077785794713,0.0,2.5001125227890597e-07,-0.003010327797046992,0.546618824643777,0.528368003227417,0.0
2013-08-15,-0.008780668072497924,0.0,2.507661405623715e-07,-0.008780918838638487,0.5452501284760752,0.5269442002150221,0.0
2013-08-16,-0.0014157555018509819,0.0,2.5236531378190026e-07,-0.0014160078671647638,0.5411764586577843,0.5227537907517056,0.0
2013-08-19,-0.0017037076198823744,0.0,7.575470623331925e-07,-0.0017044651669447077,0.540510945998518,0.5220773008150769,0.0
2013-08-20,0.002844466464701942,0.0,2.522188635311864e-07,0.002844214245838411,0.5396740432677096,0.521262066229933,0.0
2013-08-21,-0.0028027594190297546,0.0,2.522294319556895e-07,-0.0028030116484617103,0.5410328377245597,0.5226200891917943,0.0
2013-08-22,0.004500634200274897,1.2613164623249793e-06,2.5221048261259133e-07,0.00449912067332996,0.5455693190262243,0.5271579537955051,0.006291232994142607
2013-08-23,0.0020835509108796373,0.0,2.5097724821717375e-07,0.0020832999336314203,0.5475986446484058,0.529277305528552,0.0
2013-08-26,-0.0008680591451377306,0.0,7.532258870095335e-07,-0.0008688123710247402,0.5485846703716707,0.530256173787772,0.0
2013-08-27,-0.009591544257328737,0.0,2.5170717914333085e-07,-0.00959179596450788,0.548223077611296,0.5298484535338328,0.0
2013-08-28,0.0018586136197836331,0.0,2.5487587640097903e-07,0.001858358743907232,0.5439013748961972,0.5252954359189257,0.0
2013-08-29,0.0025517780361221515,0.0,2.538822493237544e-07,0.0025515241538728276,0.5447096295501291,0.5261762253494949,0.0
2013-08-30,-0.003018208969262268,0.0,2.532361112691874e-07,-0.0030184622053735376,0.5458686106413566,0.5273823745187058,0.0
2013-09-03,0.0027531510875900755,0.0,1.016428118337541e-06,0.002752134659471738,0.5445015441308911,0.525951730971231,0.0
2013-09-04,0.00538036225688642,0.0,2.5254580076221936e-07,0.0053801097110856575,0.5456896520335375,0.5272538085778955,0.0
2013-09-05,0.0006349670139606584,0.0,2.5098738633478013e-07,0.0006347160265743237,0.5481059546640731,0.5297838754616341,0.0
2013-09-06,0.0002382568790710696,7.201483726804308e-07,2.4969043750244867e-07,0.00023728704026088673,0.5454697638281845,0.5272423618905058,0.00359474232016453
2013-09-09,0.00536719191944406,0.0,7.498242007166603e-07,0.0053664420952433435,0.5456012063650169,0.527355484147578,0.0
2013-09-10,0.003831319356534565,0.0,2.4891583041931937e-07,0.0038310704407041457,0.5480499661236389,0.5298791105030285,0.0
2013-09-11,0.0010685780473347999,0.0,2.476584667222429e-07,0.0010683303888680776,0.5497526191048161,0.5316735510340923,0.0
2013-09-12,-0.0009051093427568014,0.0,2.480083153276412e-07,-0.000905357351072129,0.5502781988800066,0.5321735918610887,0.0
2013-09-13,0.00110499964281387,0.0,2.482330549488278e-07,0.0011047514097589212,0.5498709192161109,0.5317499062048464,0.0
2013-09-16,0.001601709242638913,0.0,7.444913401332833e-07,0.0016009647512987798,0.5503828392012563,0.5322668832580131,0.0
2013-09-17,0.0026171951128082568,0.0,2.4786924128953186e-07,0.002616947243566967,0.5511097084814417,0.5330152538673059,0.0
2013-09-18,0.0057536163983254235,0.0,2.476299197280419e-07,0.005753368768405695,0.5523113699169838,0.5342343857768368,0.0
2013-09-19,-0.0002619120617525215,0.0,2.4773311608571305e-07,-0.0002621597948686072,0.5549835415723856,0.5368990240981286,0.0
2013-09-20,-0.0027541619312605008,2.291229161650233e-05,3.0292868584205742e-06,-0.0027801035097354235,0.6483636497524419,0.42722570908773994,0.10955212451874538
2013-09-23,-0.002005794830941706,0.0,9.119043668249974e-06,-0.002014913874609956,0.6475516411316573,0.4256549118709078,0.0
2013-09-24,-0.001073552590185407,0.0,3.0508696426600365e-06,-0.001076603459828067,0.6472179408743116,0.42450445696012895,0.0
2013-09-25,-0.002352671552204137,0.0,3.0620451169484366e-06,-0.0023557335973210854,0.6474165564009556,0.42388726286371964,0.0
2013-09-26,0.0030311548966440905,0.0,3.0722819929402867e-06,0.0030280826146511504,0.6468065448172309,0.42252995933259,0.0
2013-09-27,-0.0013516821441733925,0.0,3.062889098601183e-06,-0.0013547450332719937,0.6478672745263216,0.42427637032843524,0.0
2013-09-30,-0.0020694385162113964,0.0,9.200944680044145e-06,-0.0020786394608914406,0.6473880744471966,0.4234984205661224,0.0
2013-10-01,0.005346184752072402,0.0,3.076091923818878e-06,0.005343108660148583,0.6468615160794969,0.4223068056407188,0.0
2013-10-02,-0.0007206467365008337,0.0,3.054686039011059e-06,-0.0007237014225398447,0.6483722189408982,0.4253801380930909,0.0
2013-10-03,-0.005264382325994367,0.0,3.062339646348989e-06,-0.005267444665640716,0.6485178347918872,0.42496704060841095,0.0
2013-10-04,0.005007074918615934,5.106876217068551e-05,9.589041095894158e-06,0.004946417115349354,0.8894888592458133,0.18948885924553982,0.24972525565172576
2013-10-07,-0.00535724145761614,0.0,2.8570957935562344e-05,-0.005385812415551702,0.8887652545626135,0.19353861146392962,0.0
2013-10-08,-0.007747902679420719,0.0,9.581595981481673e-06,-0.007757484275402201,0.8886568743438379,0.18920036769567578,0.0
2013-10-09,-0.0003425148412798735,0.0,9.640684635483775e-06,-0.00035215552591535726,0.8866410629696203,0.18287108457930482,0.0
2013-10-10,0.011805425741787608,0.0,9.63588992766771e-06,0.011795789851859941,0.8860128355462219,0.18259287082647926,0.0
2013-10-11,0.004212382536852942,0.0,9.51385636344657e-06,0.004202868680489496,0.886643463011766,0.1921319484801664,0.0
2013-10-14,0.004004356498388339,0.0,2.8417169468107894e-05,0.003975939328920231,0.8870070323662167,0.19552257530892483,0.0
2013-10-15,-0.003828068138102551,0.0,9.4015480736726e-06,-0.0038374696861762235,0.8850497758594574,0.19873676648135752,0.0
2013-10-16,0.005787865054512742,0.0,9.440618509410587e-06,0.005778424436003331,0.8848246870679826,0.19565953588100965,0.0
2013-10-17,0.0016049779110429271,0.0,9.426700952502722e-06,0.0015955512100904244,0.8884392096063713,0.2002900400736726,0.0
2013-10-18,0.004822639830747986,5.1719134993897094e-05,9.589041095968324e-06,0.004761331654658121,0.9294843929821239,0.2294843929764362,0.2500000000175473
2013-10-21,0.0014163866660285775,0.0,2.865596969979772e-05,0.0013877306963287798,0.9304919686444633,0.2331967059493854,0.0
2013-10-22,0.0011490213610400252,0.0,9.52926155263592e-06,0.0011394920994873892,0.9299240573583907,0.23428796401596869,0.0
2013-10-23,-0.0032947833757186896,0.0,9.57123732628696e-06,-0.0033043546130449766,0.9338693369645725,0.23516901214562438,0.0
2013-10-24,0.0027246679603891433,0.0,9.617623285818223e-06,0.002715050337103325,0.9347294634846659,0.23264296361993578,0.0
2013-10-25,0.0017691250474257706,0.0,9.595395603867428e-06,0.0017595296518219032,0.9351942060093954,0.23473032692707324,0.0
2013-10-28,0.00043419669069156576,0.0,2.8770775696861755e-05,0.00040542591499470403,0.9361729303695674,0.23608405507926464,0.0
2013-10-29,0.001995681033415501,0.0,9.587281874763637e-06,0.001986093751540737,0.9362939768598556,0.23642240000211018,0.0
2013-10-30,-0.0018029616767155608,0.0,9.574291241068217e-06,-0.001812535967956629,0.9368687595648003,0.23794549896682043,0.0
2013-10-31,-0.001546362832074646,0.0,9.577422721000887e-06,-0.001555940254795647,0.9357231899702055,0.2365713313371408,0.0
2013-11-01,0.0017180009321250674,2.14329152896338e-05,9.589041096342445e-06,0.001686978975739091,0.9629296588031498,0.26292965877015123,0.10508734859550231
2013-11-04,0.0023140221242145733,0.0,2.8573770721177667e-05,0.002285448353493396,0.9594970441048734,0.26420195655621687,0.0
2013-11-05,-0.00012187779279447815,0.0,9.510960784055961e-06,-0.00013138875357853412,0.9602083963236047,0.2659082590875196,0.0
2013-11-06,0.0007619609772125402,0.0,9.479460603317567e-06,0.0007524815166092226,0.9578219312671385,0.26582130722495606,0.0
2013-11-07,-0.009207397237862248,0.0,9.497686659193434e-06,-0.009216894924521442,0.9597139461748566,0.2663828200537359,0.0
2013-11-08,0.00973863966666404,0.0,9.601787395843258e-06,0.009729037879268198,0.9604983121480796,0.25956783225152175,0.0
2013-11-11,0.0003908985076815231,0.0,2.828294722002581e-05,0.0003626155604614973,0.9549300067753108,0.26671162442134927,0.0
2013-11-12,7.868662661942376e-05,0.0,9.41544531481177e-06,6.927118130461198e-05,0.9543332104878292,0.26700570250656996,0.0
2013-11-13,0.003682773110428697,0.0,9.402730038403438e-06,0.0036733703803902935,0.9534651819670118,0.2670658891635609,0.0
2013-11-14,0.00033313108518019885,0.0,9.391875923708183e-06,0.0003237392092564907,0.9553646846047039,0.2697577421740066,0.0
2013-11-15,0.00221458068641052,3.274441747547949e-05,9.078910004045476e-06,0.0021727573589309947,1.0000000000245877,0.33723956972926783,0.16132246772532868
2013-11-18,-0.003677131425255756,0.0,2.7190716982357253e-05,-0.0037043221422381136,1.0003589778624866,0.33871819795846025,0.0
2013-11-19,-0.00012283293026672093,0.0,9.124380811378612e-06,-0.00013195731107809954,1.0023665803332233,0.3362867811025848,0.0
2013-11-20,-0.0005308878956588933,0.0,9.096329775352382e-06,-0.0005399842254342457,1.0002403869180292,0.3362083133173055,0.0
2013-11-21,0.005234355187298008,0.0,9.062097168742676e-06,0.005225293090129266,0.9973918771851237,0.3358587838669084,0.0
2013-11-22,0.002039496156605494,0.0,9.021085347602446e-06,0.002030475071257892,0.9978593224964802,0.33932009212150177,0.0
2013-11-25,-0.0003066222493907266,0.0,2.7062756408123213e-05,-0.0003336850057988498,0.9991949432568201,0.3406678706591553,0.0
2013-11-26,0.0008093345823887799,0.0,9.033476007421425e-06,0.0008003011063813585,0.999918608307084,0.34047485976531977,0.0
2013-11-27,0.0027727396019217587,0.0,9.032707938487166e-06,0.0027637068939832714,1.0003989621504858,0.34101128264092256,0.0
2013-11-29,0.0016654324349148074,0.0,1.7990482396863654e-05,0.0016474419525179438,0.999489130067399,0.3428365225818756,0.0
2013-12-02,-0.002067981378400132,5.8155539997197864e-05,5.772511049746321e-06,-0.002131909429447076,0.7404644356936978,0.6000000001498706,0.2813427367718941
2013-12-03,-0.0021063537260960444,0.0,1.9152060343885628e-06,-0.002108268932130433,0.7390195196205646,0.5992094791101995,0.0
2013-12-04,-0.0009141804495204401,0.0,1.918960762671767e-06,-0.0009160994102831118,0.7384487746375527,0.5983646389625137,0.0
2013-12-05,-0.0008099054220280703,0.0,1.912496753573809e-06,-0.0008118179187816441,0.7376105473995601,0.597998284388672,0.0
2013-12-06,0.005364724921573594,0.0,1.910073122899983e-06,0.005362814848450694,0.7371089190610536,0.5976735810893548,0.0
2013-12-09,0.001579812656861977,0.0,5.71962762068549e-06,0.0015740930292412916,0.7389991794043137,0.5998215739676335,0.0
2013-12-10,-0.0013473148779269695,0.0,1.90528997859009e-06,-0.0013492201679055596,0.7395423811228188,0.6004562126857422,0.0
2013-12-11,-0.00616387776715517,0.0,1.9118715715627574e-06,-0.006165789638726733,0.7394849444279369,0.5999183197038557,0.0
2013-12-12,-0.0024274382665578427,0.0,1.914438276091655e-06,-0.0024293527048339343,0.7371921138596486,0.5974381197049575,0.0
2013-12-13,-0.00042105427395431954,0.0,1.9129787947678427e-06,-0.0004229672527490874,0.7361071444235219,0.5964596924054695,0.0
2013-12-16,0.004651383422793418,5.116847645223231e-05,1.4255279878059669e-05,0.004585959666463126,0.9468784771910836,0.6000000001582985,0.25000000015293555
2013-12-17,-0.0018383670219721494,0.0,4.731401891513955e-06,-0.0018430984238636634,0.9472834731923859,0.6018911351118671,0.0
2013-12-18,0.00839885756832406,0.0,4.752071136111084e-06,0.00839410549718795,0.9480619594873234,0.6011607665512142,0.0
2013-12-19,-0.0003000665904471153,0.0,4.718014262214296e-06,-0.0003047846047093296,0.9489005501272354,0.6044855089855918,0.0
2013-12-20,0.003422330883976276,0.0,4.704375696505171e-06,0.003417626508279771,0.9477890708033593,0.6043696449584819,0.0
2013-12-23,0.0042948483721966775,0.0,1.4102926741821604e-05,0.004280745445454856,0.9488930621933205,0.6057218448089948,0.0
2013-12-24,0.002426538408702667,0.0,4.691816923264615e-06,0.0024218465917794025,0.9499191331731646,0.6074164977748476,0.0
2013-12-26,0.002270343414957969,0.0,9.334202832552138e-06,0.002261009212125417,0.949068061588449,0.608369658200296,0.0
2013-12-27,9.768347084408247e-05,0.0,4.661821718252138e-06,9.302164912583033e-05,0.9495754390274795,0.6092624535950735,0.0
2013-12-30,0.00012474938032418088,0.0,1.398167386200626e-05,0.00011076770646217461,0.949524189295528,0.6093034586533757,0.0
2013-12-31,0.0026784935288223684,5.142422782778839e-05,3.2290806380639086e-06,0.002623840220356516,0.8357228866437233,0.6000000000650579,0.2500000000364696
2014-01-02,-0.004284073395836421,0.0,6.438927143748482e-06,-0.004290512322980169,0.8361221405737055,0.601101299826886,0.0
2014-01-03,-0.0007964071921246681,0.0,3.211891382268791e-06,-0.0007996190835069369,0.8338569828496247,0.5993889119440029,0.0
2014-01-06,-0.0020949563743870763,0.0,9.65630110542106e-06,-0.0021046126754924975,0.8340415273479225,0.5990715337826766,0.0
2014-01-07,0.0038066645439504597,0.0,3.227571336209435e-06,0.0038034369726142503,0.8338483392449888,0.5982356317017001,0.0
2014-01-08,0.00018530341325063195,0.0,3.2205583772946157e-06,0.00018208285487333734,0.8348619040838784,0.5997611425413714,0.0
2014-01-09,0.000167077965108251,0.0,3.220194514240984e-06,0.00016385777059401002,0.8349114254196663,0.5998372258800745,0.0
2014-01-10,0.0016699831674890434,0.0,3.2211187354287218e-06,0.0016667620487536147,0.8350476722710022,0.5999060045847057,0.0
2014-01-13,-0.007054125503284036,0.0,9.703221399372465e-06,-0.007063828724683408,0.8366866928991952,0.6005749721811319,0.0
2014-01-14,0.007740377754217674,0.0,3.249167336874957e-06,0.007737128586880799,0.83493241787197,0.5977432022800983,0.0
2014-01-15,0.003322322217529096,5.092460671841199e-05,6.600849396330203e-06,0.003264796761414354,0.9999999998921854,0.5181379939600806,0.2500000000156266
2014-01-16,-0.0005158702453846561,0.0,6.585821957186059e-06,-0.0005224560673418422,1.0005283972056782,0.5197633943310959,0.0
2014-01-17,-0.0026062837992432758,0.0,6.590243848993457e-06,-0.002612874043092269,1.000606750889715,0.5195189499131926,0.0
2014-01-21,0.0028895381843964366,0.0,2.646800403567142e-05,0.002863070180360765,1.0013079057178556,0.5182668320668523,0.0
2014-01-22,0.0013527574666081085,0.0,6.589052857217908e-06,0.0013461684137508906,1.0006693813768555,0.5196685227999481,0.0
2014-01-23,-0.002958507639289009,0.0,6.5700744222116945e-06,-0.0029650777137112208,0.9999362736071279,0.5203208407856743,0.0
2014-01-24,-0.013098426272751077,0.0,6.567417971561891e-06,-0.01310499369072264,0.9983224266081575,0.5189009146841397,0.0
2014-01-27,-0.0025872611508201506,0.0,1.9891592970226503e-05,-0.002607152743790377,0.9965478095680439,0.5125190472925324,0.0
2014-01-28,0.002170834940232011,0.0,6.620798749380002e-06,0.002164214141482631,0.9945830400936964,0.5112647313889561,0.0
2014-01-29,-0.00636853674170505,0.0,6.636741917389437e-06,-0.0063751734836224394,0.996808941433113,0.5123267814636843,0.0
2014-01-30,0.005798205432227615,5.4209660812353746e-05,5.2187241965129435e-06,0.005738777047218748,0.7282497600322594,0.34728289368681453,0.26872192727080335
2014-01-31,-0.0018996427615516707,0.0,5.186489104575672e-06,-0.0019048292506562464,0.7296801119129244,0.3510664072789004,0.0
2014-02-03,-0.010446998410553543,0.0,1.5506925077308406e-05,-0.010462505335630852,0.7271683137905538,0.34983313690938256,0.0
2014-02-04,0.0036331369950666588,0.0,5.215599070405183e-06,0.0036279213959962537,0.7237132432913178,0.3429745111517395,0.0
2014-02-05,-0.0003660208277329661,0.0,5.194775123003442e-06,-0.00037121560285596956,0.724573312317909,0.3453547283386578,0.0
2014-02-06,0.005329691516994934,0.0,5.190699428085484e-06,0.005324500817566849,0.7240378785096535,0.34511682025941326,0.0
2014-02-07,0.005341339873272385,0.0,5.17875500434619e-06,0.0053361611182680384,0.7266395570019341,0.34859044168466224,0.0
2014-02-10,0.0008650215311968115,0.0,1.55537566928473e-05,0.0008494677745039641,0.7305279153179027,0.3520531691252852,0.0
2014-02-11,0.004958215904802969,0.0,5.1755951980157605e-06,0.004953040309604953,0.7304371019296665,0.35261865247451596,0.0
2014-02-12,0.001385635167012014,0.0,5.157354266689615e-06,0.0013804778127453246,0.7323013662626723,0.3558145047943305,0.0
2014-02-13,0.0010566633658385227,8.06579996589755e-05,2.691775526271818e-06,0.0009733135906532753,0.3356019690150813,0.13910235559723863,0.3964347463035182
2014-02-14,0.000790276802602787,0.0,2.698306262692333e-06,0.0007875784963400946,0.33699909011065227,0.14002273293411197,0.0
2014-02-18,0.00044219325682893194,0.0,1.0762598845746167e-05,0.0004314306579831858,0.33711962464785095,0.14070219571298337,0.0
2014-02-19,-0.0009602216559142055,0.0,2.694539564176624e-06,-0.0009629161954783821,0.3377849093983182,0.1410835212134246,0.0
2014-02-20,0.0014846326292735999,0.0,2.6918416513571423e-06,0.0014819407876222428,0.33676279714970375,0.14025835660063232,0.0
2014-02-21,-0.00022252217597232174,0.0,2.6796864447503254e-06,-0.00022520186241707207,0.33715035580760455,0.1415332453408308,0.0
2014-02-24,0.0009834020227098602,0.0,8.055294915205002e-06,0.0009753467277946553,0.33735473004119493,0.14134255377120652,0.0
2014-02-25,-0.0003786401907283263,0.0,2.682481955071784e-06,-0.00038132267268339804,0.33800845662182266,0.14218727390158245,0.0
2014-02-26,0.0002281065487035412,0.0,2.693835679775542e-06,0.00022541271302376566,0.33851273380951596,0.14186272918590145,0.0
2014-02-27,0.000935363551642031,0.0,2.699474179926245e-06,0.0009326640774621048,0.3391204290065771,0.14205881387196118,0.0
2014-02-28,0.00030923958797617263,5.085589495872244e-05,0.0,0.00025838369301745017,0.39194272688715814,0.39194272688715814,0.2500000000879298
2014-03-03,-0.001431408448769007,0.0,0.0,-0.001431408448769007,0.39215064114425624,0.39215064114425624,0.0
2014-03-04,0.0032180196813063975,0.0,0.0,0.0032180196813063975,0.3912793132102449,0.3912793132102449,0.0
2014-03-05,-0.00013366885497897795,0.0,0.0,-0.00013366885497897795,0.39323190488232246,0.39323190488232246,0.0
2014-03-06,-0.00013448184420168066,0.0,0.0,-0.00013448184420168066,0.3931507880430153,0.3931507880430153,0.0
2014-03-07,-0.001274361918195291,0.0,0.0,-0.001274361918195291,0.3930691668652724,0.3930691668652724,0.0
2014-03-10,1.6790155605221962e-05,0.0,0.0,1.6790155605221962e-05,0.3922947304122232,0.3922947304122232,0.0
2014-03-11,-0.0010132545816986932,0.0,0.0,-0.0010132545816986932,0.3923049337069468,0.3923049337069468,0.0
2014-03-12,0.0008513306620361185,0.0,0.0,0.0008513306620361185,0.3916885593526111,0.3916885593526111,0.0
2014-03-13,-0.002486286774422622,0.0,0.0,-0.002486286774422622,0.392205993026949,0.392205993026949,0.0
2014-03-14,-0.0014427580025599535,4.25110774429448e-05,0.0,-0.0014852690800028982,0.6000000000355932,0.6000000000355932,0.21018881280177695
2014-03-17,0.0028926582633396225,0.0,0.0,0.0028926582633396225,0.5994475829931352,0.5994475829931352,0.0
2014-03-18,0.003977418168868939,0.0,0.0,0.003977418168868939,0.6006029023081274,0.6006029023081274,0.0
2014-03-19,-0.0031422717284422894,0.0,0.0,-0.0031422717284422894,0.6021851782081676,0.6021851782081676,0.0
2014-03-20,0.001488938746288942,0.0,0.0,0.001488938746288942,0.6009311955863552,0.6009311955863552,0.0
2014-03-21,-0.002592822492309785,0.0,0.0,-0.002592822492309785,0.6015245011959715,0.6015245011959715,0.0
2014-03-24,-0.0021275327932998803,0.0,0.0,-0.0021275327932998803,0.6004886391536358,0.6004886391536358,0.0
2014-03-25,0.0014954496428106405,0.0,0.0,0.0014954496428106405,0.5996368534300796,0.5996368534300796,0.0
2014-03-26,-0.0022641829218115134,0.0,0.0,-0.0022641829218115134,0.6002346823315948,0.6002346823315948,0.0
2014-03-27,-0.00098999912474717,0.0,0.0,-0.00098999912474717,0.5993274864692192,0.5993274864692192,0.0
2014-03-28,0.00041297400786817246,8.631915749170081e-07,0.0,0.00041211081629325547,0.6000000001018956,0.6000000001018956,0.004306141911281033
2014-03-31,0.0032347860434497194,0.0,0.0,0.0032347860434497194,0.6001656393582168,0.6001656393582168,0.0
2014-04-01,0.0033208746493210506,0.0,0.0,0.0033208746493210506,0.6014548476547078,0.6014548476547078,0.0
2014-04-02,0.0005770082648110075,0.0,0.0,0.0005770082648110075,0.6027739854564563,0.6027739854564563,0.0
2014-04-03,-0.00130343637093508,0.0,0.0,-0.00130343637093508,0.6030030559742638,0.6030030559742638,0.0
2014-04-04,-0.005232843119643289,0.0,0.0,-0.005232843119643289,0.6024849203614678,0.6024849203614678,0.0
2014-04-07,-0.002873431040768875,0.0,0.0,-0.002873431040768875,0.6003938440376734,0.6003938440376734,0.0
2014-04-08,0.001844641678030794,0.0,0.0,0.001844641678030794,0.5992422944065939,0.5992422944065939,0.0
2014-04-09,0.004847876157518223,0.0,0.0,0.004847876157518223,0.5999801876245396,0.5999801876245396,0.0
2014-04-10,-0.008208736249144154,0.0,0.0,-0.008208736249144154,0.6019100782646687,0.6019100782646687,0.0
2014-04-11,-0.0013935482717299906,5.0501679943202046e-05,0.0,-0.0014440499516731927,0.4287962486126478,0.4287962486126478,0.2500000000563522
2014-04-14,0.001100019729504738,0.0,0.0,0.001100019729504738,0.4280207837329825,0.4280207837329825,0.0
2014-04-15,0.0012105401360501182,0.0,0.0,0.0012105401360501182,0.42864928079657305,0.42864928079657305,0.0
2014-04-16,0.0014246496690000496,0.0,0.0,0.0014246496690000496,0.4293400875246593,0.4293400875246593,0.0
2014-04-17,-0.0006071165002883187,0.0,0.0,-0.0006071165002883187,0.43015192140121533,0.43015192140121533,0.0
2014-04-21,0.0008042488524913495,0.0,0.0,0.0008042488524913495,0.42980574706188707,0.42980574706188707,0.0
2014-04-22,0.0010008396793549455,0.0,0.0,0.0010008396793549455,0.4302639566209976,0.4302639566209976,0.0
2014-04-23,-0.00013463696890898808,0.0,0.0,-0.00013463696890898808,0.4308336009373351,0.4308336009373351,0.0
2014-04-24,0.00024849704595948137,0.0,0.0,0.00024849704595948137,0.43075695977982736,0.43075695977982736,0.0
2014-04-25,-0.0013371681563810762,0.0,0.0,-0.0013371681563810762,0.430898379851285,0.430898379851285,0.0
2014-04-28,0.00015223103120014624,3.470570490564421e-05,0.0,0.00011752532629450202,0.5999999999721745,0.5999999999721745,0.17060038867200716
2014-04-29,0.0006619309581404434,0.0,0.0,0.0006619309581404434,0.6000817062050495,0.6000817062050495,0.0
2014-04-30,0.001601679913012841,0.0,0.0,0.001601679913012841,0.6003462493951119,0.6003462493951119,0.0
2014-05-01,0.0005012200897510049,0.0,0.0,0.0005012200897510049,0.6009853431559766,0.6009853431559766,0.0
2014-05-02,-0.0015825353772372173,0.0,0.0,-0.0015825353772372173,0.6011852371272178,0.6011852371272178,0.0
2014-05-05,0.00111767577480586,0.0,0.0,0.00111767577480586,0.6005530982739086,0.6005530982739086,0.0
2014-05-06,-0.0019834462237132205,0.0,0.0,-0.0019834462237132205,0.6009990519676487,0.6009990519676487,0.0
2014-05-07,0.0028865881173120497,0.0,0.0,0.0028865881173120497,0.6002060822311867,0.6002060822311867,0.0
2014-05-08,-0.0015827522103240156,0.0,0.0,-0.0015827522103240156,0.6013568009526042,0.6013568009526042,0.0
2014-05-09,-0.0009392469368146377,0.0,0.0,-0.0009392469368146377,0.6007248473221759,0.6007248473221759,0.0
2014-05-12,0.001369522757599927,4.0639459025854174e-05,0.0,0.001328883298574073,0.6000000000026425,0.6000000000026425,0.2003494767125895
2014-05-13,0.0010177960345459033,0.0,0.0,0.0010177960345459033,0.6005714334127794,0.6005714334127794,0.0
2014-05-14,1.649949399622336e-05,0.0,0.0,1.649949399622336e-05,0.6009775568730888,0.6009775568730888,0.0
2014-05-15,-0.002422275923248872,0.0,0.0,-0.002422275923248872,0.6009841404328682,0.6009841404328682,0.0
2014-05-16,0.0012357520610689246,0.0,0.0,0.0012357520610689246,0.6000152670445631,0.6000152670445631,0.0
2014-05-19,-0.00013143056095789313,0.0,0.0,-0.00013143056095789313,0.6005089389466385,0.6005089389466385,0.0
2014-05-20,-0.0014151627300518048,0.0,0.0,-0.0014151627300518048,0.6004564267106739,0.6004564267106739,0.0
2014-05-21,0.0014028227501159233,0.0,0.0,0.0014028227501159233,0.5998902062426197,0.5998902062426197,0.0
2014-05-22,0.0006071798461845568,0.0,0.0,0.0006071798461845568,0.6004507030861234,0.6004507030861234,0.0
2014-05-23,0.001191169865847951,0.0,0.0,0.001191169865847951,0.6006931541553636,0.6006931541553636,0.0
2014-05-27,0.0016377036853669061,5.529615354783125e-07,0.0,0.001637150723831428,0.6000000000234058,0.6000000000234058,0.0027625387271669717
2014-05-28,0.0007268282408375535,0.0,0.0,0.0007268282408375535,0.6006543420179654,0.6006543420179654,0.0
2014-05-29,0.0018916002124242696,0.0,0.0,0.0018916002124242696,0.6009443869072261,0.6009443869072261,0.0
2014-05-30,0.001198500528031949,0.0,0.0,0.001198500528031949,0.6016978154042165,0.6016978154042165,0.0
2014-06-02,-0.0009421018282236605,0.0,0.0,-0.0009421018282236605,0.602174609344981,0.602174609344981,0.0
2014-06-03,-0.0010624253333510047,0.0,0.0,-0.0010624253333510047,0.601799463891914,0.601799463891914,0.0
2014-06-04,0.0004363909824853094,0.0,0.0,0.0004363909824853094,0.6013759556086697,0.6013759556086697,0.0
2014-06-05,0.002266204201302972,0.0,0.0,0.002266204201302972,0.6015498356673543,0.6015498356673543,0.0
2014-06-06,0.0014060886845923498,0.0,0.0,0.0014060886845923498,0.6024507634175222,0.6024507634175222,0.0
2014-06-09,-0.0006476247928165204,0.0,0.0,-0.0006476247928165204,0.6030089680154802,0.6030089680154802,0.0
2014-06-10,-0.0008117108941102571,5.1051713215999825e-05,3.3712081653133457e-06,-0.0008661338154915703,0.846098196181626,0.6000000001137518,0.25000000010540563
2014-06-11,-0.0014713040399335475,0.0,3.372469633361031e-06,-0.0014746765095669085,0.8458979995875406,0.5997077163521853,0.0
2014-06-12,-0.0016890410070014958,0.0,3.3724830569323553e-06,-0.0016924134900584281,0.8453111835413195,0.5991199203852575,0.0
2014-06-13,0.0013195745484545116,0.0,3.3806765641895903e-06,0.001316193871890322,0.8452330827441146,0.5984436935582744,0.0
2014-06-16,6.441733511864298e-05,0.0,1.0096941814564982e-05,5.4320393304077994e-05,0.8446671518336812,0.5989749010126,0.0
2014-06-17,-0.0006433464750094627,0.0,3.360032950703654e-06,-0.0006467065079601664,0.8442891854652006,0.5990067800638337,0.0
2014-06-18,0.005525708592022442,0.0,3.369515611778287e-06,0.005522339076410664,0.8447252891903361,0.598750649530521,0.0
2014-06-19,0.0006815883619888685,0.0,3.3542988089015646e-06,0.0006782340631799669,0.8458214791694765,0.6009576661196623,0.0
2014-06-20,0.000372335958256295,0.0,3.3416826306836564e-06,0.00036899427562561135,0.8451743108527712,0.6012314788128643,0.0
2014-06-23,-0.0001502659286596588,0.0,1.0025072196184162e-05,-0.00016029100085584294,0.8453253317299783,0.6013819082894969,0.0
2014-06-24,-0.002152317389574507,5.1339546616067376e-05,5.479452054384056e-06,-0.0022091363882449588,1.000000000570218,0.6000000006001818,0.2500000004220999
2014-06-25,0.0006628498074345899,0.0,5.489940309728728e-06,0.0006573598671248611,0.999936977018439,0.5991713344082419,0.0
2014-06-26,0.00038161715442750095,0.0,5.508086335557078e-06,0.0003761090680919439,1.0015304388229775,0.599440136327311,0.0
2014-06-27,-6.005123937868832e-06,0.0,5.500155096217847e-06,-1.1505279034086678e-05,1.0011075619226215,0.5995962398987187,0.0
2014-06-30,-0.0002838049395188021,0.0,1.653537926495078e-05,-0.0003003403187837529,1.0019580287542431,0.5995971333071075,0.0
2014-07-01,0.0007233188353119304,0.0,5.514788196170985e-06,0.0007178040471157595,1.002072918721049,0.5994933804005671,0.0
2014-07-02,-0.0004521234653080402,0.0,5.542631030496544e-06,-0.0004576660963385368,1.0043982355216843,0.5997861702954366,0.0
2014-07-03,0.0012489168791921296,0.0,5.560021064475515e-06,0.0012433568581276542,1.0054900050034006,0.5996084672966879,0.0
2014-07-07,-0.0011045528951354989,0.0,2.2265491514082654e-05,-0.0011268183866495816,1.0064564518922399,0.6001112317602315,0.0
2014-07-08,-0.00032214266966450146,0.0,5.563230508437906e-06,-0.00032770590017293936,1.0057982391490925,0.5996824120331254,0.0
2014-07-09,0.00023923608267361306,4.0659195405306687e-05,5.4794520521337956e-06,0.00019309743521617257,1.000000000340842,0.6000000005350747,0.20179194810763137
2014-07-10,-0.00011763514574874147,0.0,5.518654691864314e-06,-0.00012315380044060578,1.0029851468433073,0.6001233543372124,0.0
2014-07-11,0.0008286323002041938,0.0,5.4524859763998816e-06,0.000823179814227794,0.9981110975545824,0.6000796212773909,0.0
2014-07-14,4.16437171721846e-05,0.0,1.6348922334781582e-05,2.529479483740302e-05,0.9982377817016097,0.6004140048885911,0.0
2014-07-15,-0.0008300342037188272,0.0,5.477419196215069e-06,-0.0008355116229150423,1.0002920619112008,0.6004404605875007,0.0
2014-07-16,0.0016144738595038114,0.0,5.467792560596414e-06,0.001609006066943215,0.9992606837136522,0.600111826790114,0.0
2014-07-17,-0.0020493528460352284,0.0,5.471105668478094e-06,-0.0020548239517037066,1.0001503884871703,0.6007596746882695,0.0
2014-07-18,0.0018479539351528883,0.0,5.422778364694546e-06,0.0018425311567881939,0.9958059199150213,0.5999430992923196,0.0
2014-07-21,-0.0007239301374030341,0.0,1.6410887149455013e-05,-0.0007403410245524891,1.0000158610411232,0.6006842737377179,0.0
2014-07-22,0.000277765343699257,0.0,5.4607824875075125e-06,0.0002723045612117495,0.999041969528634,0.6004048479405855,0.0
2014-07-23,0.0014619639188936304,8.27570042503893e-07,5.4794520554299015e-06,0.0014556568967956966,0.999999999943524,0.5999999998971413,0.0041339212649409976
2014-07-24,-0.00037640802255172454,0.0,5.4723949516075694e-06,-0.0003818804175033321,1.0000725456351285,0.6005877141677758,0.0
2014-07-25,0.0005280788276812505,0.0,5.473651534468798e-06,0.0005226051761467817,1.0000171646694733,0.6004406026532512,0.0
2014-07-28,-0.0013206581010952543,0.0,1.6305173735810166e-05,-0.0013369632748310644,0.9974140037572012,0.6006547761858205,0.0
2014-07-29,-0.001385216730619797,0.0,5.4497856142169705e-06,-0.001390666516234014,0.9979708283542268,0.600136478516388,0.0
2014-07-30,-0.0036378302766694307,0.0,5.447668537620031e-06,-0.003643277945207051,0.9972648879329375,0.5995850846866754,0.0
2014-07-31,-0.005026487055423455,0.0,5.485195082772436e-06,-0.005031972250506228,0.998545636156158,0.5981263951137701,0.0
2014-08-01,0.00011042712109277678,0.0,5.408240002741467e-06,0.00010501888109003531,0.9909009842199633,0.596099464019836,0.0
2014-08-04,0.0017401746658657798,0.0,1.6175499423914984e-05,0.0017239991664418648,0.9897511037354187,0.5961472844201541,0.0
2014-08-05,-0.0020769836441863116,0.0,5.422040050498507e-06,-0.0020824056842368103,0.9926673992580417,0.5968584755716506,0.0
2014-08-06,0.0014753848376529892,5.052946348673614e-05,5.4794520546773635e-06,0.0014193759221115757,1.0000000000109048,0.6000000000194572,0.2500000000152668
2014-08-07,-0.002863506237525869,0.0,5.454774613171475e-06,-0.0028689610121390404,0.9988214219712858,0.6006228752097681,0.0
2014-08-08,0.0026503571607403697,0.0,5.465584323983245e-06,0.0026448915764163863,0.9984669072233672,0.5994792515725902,0.0
2014-08-11,0.001291821953504242,0.0,1.6454986324589398e-05,0.0012753669671796526,1.000945909492061,0.6005412422603855,0.0
2014-08-12,0.00089241800645221,0.0,5.504852822463371e-06,0.0008869131536297466,1.0029207399151026,0.6010664838752764,0.0
2014-08-13,0.0015760772381361063,0.0,5.483569493235035e-06,0.0015705936686428712,1.0017260627101399,0.601425489703982,0.0
2014-08-14,0.0011642685958658011,0.0,5.506865908569481e-06,0.0011587617299572317,1.0040571929547748,0.6020559816292027,0.0
2014-08-15,0.0007867288639021425,0.0,5.537645446848419e-06,0.0007811912184552941,1.0067701883280118,0.6025220707080774,0.0
2014-08-18,0.0031302243668171795,0.0,1.6633355030615402e-05,0.003113591011786564,1.007582840335047,0.6028378679234057,0.0
2014-08-19,0.0009451714288439264,0.0,5.542898512453736e-06,0.0009396285303314726,1.0087188031864205,0.6040872117772977,0.0
2014-08-20,-0.00031124206837610083,5.0594464967292916e-05,4.939883041976067e-06,-0.0003667764163853698,0.9606114624221336,0.6000000003578807,0.25000000026363095
2014-08-21,0.0010460397349528988,0.0,4.938045355229755e-06,0.0010411016895976691,0.9603861016176827,0.5999087906859105,0.0
2014-08-22,-0.00044103072501918127,0.0,4.9482048525142275e-06,-0.0004459789298716955,0.9615487802582119,0.6003298260246733,0.0
2014-08-25,0.0018081118451986071,0.0,1.4850281990471115e-05,0.001793261563208136,0.9615133142001959,0.6001564524320654,0.0
2014-08-26,0.0006045247648623446,0.0,4.95557905902338e-06,0.0005995691858033213,0.9626442879951161,0.6008870166864095,0.0
2014-08-27,0.0008688598916418988,0.0,4.943577559157424e-06,0.0008639163140827414,0.9620122835725325,0.6011311217540406,0.0
2014-08-28,-0.00021051643944913417,0.0,4.950058133567061e-06,-0.00021546649758270124,0.962834596706559,0.6014803529561635,0.0
2014-08-29,0.001364667056544319,0.0,4.947899335507547e-06,0.0013597191572088116,0.9625960694349976,0.6013994179429467,0.0
2014-09-02,-0.0012823879109479445,0.0,1.9770433784970575e-05,-0.001302158344732915,0.9627560246003752,0.6019456080246623,0.0
2014-09-03,-0.000683316725753091,0.0,4.945208270133474e-06,-0.0006882619340232244,0.9624466022802531,0.6014463985605095,0.0
2014-09-04,-0.0005011028739073443,5.125895077426144e-05,5.479452054392578e-06,-0.0005578412767359983,1.0000000000473679,0.6000000000767098,0.25000000005215817
2014-09-05,0.0025510546769295303,0.0,5.46467704234379e-06,0.0025455899998871865,0.9987549331844408,0.5998335090933442,0.0
2014-09-08,-0.001159829793578398,0.0,1.6384938397208993e-05,-0.001176214731975607,0.9995552008717805,0.6008550332063617,0.0
2014-09-09,-0.0023595431766096765,0.0,5.454825901183155e-06,-0.0023649980025108597,0.9986036951760956,0.6004014043897254,0.0
2014-09-10,0.0010234275975217165,0.0,5.428593647341255e-06,0.0010179990038743753,0.9957469181828705,0.5994595819269589,0.0
2014-09-11,0.0001704331337694661,0.0,5.427964327512259e-06,0.00016500516944195385,0.9961137359882225,0.5998723400798276,0.0
2014-09-12,-0.002960745734014957,0.0,5.429291236599279e-06,-0.0029661750252515566,0.9962820396603708,0.5999437793886234,0.0
2014-09-15,-0.0013819314434224978,0.0,1.6203206466002736e-05,-0.0013981346498885005,0.9930370818241181,0.5987590578180515,0.0
2014-09-16,0.002827536234665871,0.0,5.410404419320045e-06,0.0028221258302465507,0.9931730320205301,0.5982135094101667,0.0
2014-09-17,0.0005769550890768428,0.0,5.413221073066031e-06,0.0005715418680037768,0.9945147439752242,0.5993496056414039,0.0
2014-09-18,0.0027578655881078016,4.635060782344467e-05,5.479452054479971e-06,0.0027060355282298772,1.0000000000502363,0.6000000000731982,0.22909995130555028
2014-09-19,-0.0003455989531658873,0.0,5.458810570116722e-06,-0.000351057763736004,0.9996243549406303,0.6011311833221096,0.0
2014-09-22,-0.0006294468009874876,0.0,1.646906209799553e-05,-0.0006459158630854831,1.001743746598319,0.6009965688804279,0.0
2014-09-23,-0.00043037980957987085,0.0,5.453587979500027e-06,-0.0004358333975593709,0.9988670818702077,0.6007551593667058,0.0
2014-09-24,0.002870491906448831,0.0,5.435900419705291e-06,0.002865056006029126,0.9974072658657888,0.6005865352273025,0.0
2014-09-25,-0.005155633505882289,0.0,5.432104777255216e-06,-0.005161065610659544,0.9982766770466052,0.6017330283069743,0.0
2014-09-26,0.0015647010262567276,0.0,5.42368129778771e-06,0.0015592773449589399,0.9956010778472772,0.5996723431087744,0.0
2014-09-29,-0.0009282118165700351,0.0,1.632612881514724e-05,-0.0009445379453851823,0.9975701428744359,0.6003010083725199,0.0
2014-09-30,-4.350964572772482e-06,0.0,5.451229907967899e-06,-9.802194480740382e-06,0.9978792454245344,0.5999394621428779,0.0
2014-10-01,-0.00304497791185935,0.0,5.439503264865869e-06,-0.003050417415124216,0.9970247302517932,0.5999409919165848,0.0
2014-10-02,-0.0007664367732803941,2.058201044604542e-05,4.351022034947028e-06,-0.0007913698057613865,0.9176246085530517,0.6000000000019187,0.10163629306031494
2014-10-03,0.0028455444489088734,0.0,4.3550051783061395e-06,0.002841189443730567,0.9176235321704529,0.5997081541541047,0.0
2014-10-06,0.00025411997156581014,0.0,1.3129649509954769e-05,0.00024099032205585538,0.9203347177191945,0.6008465796436284,0.0
2014-10-07,-0.004086478765224301,0.0,4.368991206261428e-06,-0.004090847756430562,0.9198922331224052,0.6009558750653209,0.0
2014-10-08,0.005137662680407951,0.0,4.366309404257059e-06,0.005133296371003694,0.9180617143018676,0.5993211277911022,0.0
2014-10-09,-0.004771251222428602,0.0,4.425646160598792e-06,-0.004775676868589201,0.9244439406658208,0.6013717709421089,0.0
2014-10-10,-0.006770828945311134,0.0,4.371611999799647e-06,-0.006775200557310933,0.9185910390214727,0.5994633630360984,0.0
2014-10-13,-0.004399868617136201,0.0,1.3215404018795695e-05,-0.0044130840211549964,0.918310368157895,0.5967355370338664,0.0
2014-10-14,-0.0001337025034668822,0.0,4.397888222039137e-06,-0.00013810039168892134,0.9160071227547966,0.5949612825459397,0.0
2014-10-15,0.00015816353881627568,0.0,4.433974424753404e-06,0.00015372956439152228,0.9185898703172134,0.5949097373102149,0.0
2014-10-16,-0.0011039540938548626,8.080375116731392e-05,2.8882024708713055e-06,-0.0011876460474930478,0.5157999750209856,0.30496119464738036,0.39944417566814316
2014-10-17,0.0002863594413557184,0.0,2.8932586978923114e-06,0.00028346618265782605,0.5154264294516203,0.3042185445054816,0.0
2014-10-20,-0.00030099820708966076,0.0,8.722995785815705e-06,-0.00030972120287547645,0.5166781756866025,0.3044186115650869,0.0
2014-10-21,0.00036655431321823797,0.0,2.9476343984440392e-06,0.00036360667881979393,0.5193891452996335,0.30421183421321873,0.0
2014-10-22,-0.0008808111253688776,0.0,2.9550182670696244e-06,-0.0008837661436359472,0.5201840155398437,0.3044676820437611,0.0
2014-10-23,-0.00020691959870158393,0.0,2.975140200165198e-06,-0.00020989473890174913,0.5210406426526386,0.30385540804057914,0.0
2014-10-24,-0.00030796997970638455,0.0,2.9796056404338955e-06,-0.00031094958534681847,0.5212234477940373,0.30371223604236297,0.0
2014-10-27,0.0006176705864824688,0.0,9.024971354989872e-06,0.0006086456151274789,0.5231062751433102,0.30349863883855677,0.0
2014-10-28,-0.00013644082063741755,0.0,3.0003365272144395e-06,-0.000139441157164632,0.5229558894446751,0.30393132295802094,0.0
2014-10-29,-0.00017716453523722498,0.0,3.019765186724245e-06,-0.00018018430042394924,0.524280108185921,0.3038372495550512,0.0
2014-10-30,0.0005182997390034829,5.067423013128287e-05,0.0,0.00046762550887220007,0.443444676821025,0.443444676821025,0.2500000000258684
2014-10-31,-0.0003090522676016098,0.0,0.0,-0.0003090522676016098,0.44375546518480663,0.44375546518480663,0.0
2014-11-03,-0.0007835491306897968,0.0,0.0,-0.0007835491306897968,0.4435835034048029,0.4435835034048029,0.0
2014-11-04,3.348824729540375e-05,0.0,0.0,3.348824729540375e-05,0.44314718186322966,0.44314718186322966,0.0
2014-11-05,-0.0004131434524084363,0.0,0.0,-0.0004131434524084363,0.4431658292636418,0.4431658292636418,0.0
2014-11-06,-0.001225221264040497,0.0,0.0,-0.001225221264040497,0.44293568178800213,0.44293568178800213,0.0
2014-11-07,0.00236807645318312,0.0,0.0,0.00236807645318312,0.4422523174673939,0.4422523174673939,0.0
2014-11-10,-0.0017003129814237546,0.0,0.0,-0.0017003129814237546,0.44356998628072686,0.44356998628072686,0.0
2014-11-11,7.395104812958683e-05,0.0,0.0,7.395104812958683e-05,0.4426222696903248,0.4426222696903248,0.0
2014-11-12,-6.63750520271933e-05,0.0,0.0,-6.63750520271933e-05,0.44266348530974703,0.44266348530974703,0.0
2014-11-13,0.00016600239452482378,5.035260388478458e-05,1.26885602204665e-06,0.00011438093461799255,0.6926264896143924,0.6000000000049871,0.25000000000682043
2014-11-14,0.0006160656540145021,0.0,1.2747551025321877e-06,0.00061479089891197,0.6931544851871538,0.6000973627023042,0.0
2014-11-17,-0.0007087917530211879,0.0,3.827352456003095e-06,-0.000712619105477191,0.6934765852146462,0.6003443421185708,0.0
2014-11-18,0.0002847526830744463,0.0,1.2716561500475054e-06,0.0002834810269243988,0.6928940657962027,0.6000631668427349,0.0
2014-11-19,-0.0013136846164974972,0.0,1.2851956258865097e-06,-0.0013149698121233838,0.6939970612019677,0.6001777805122526,0.0
2014-11-20,0.0017682614596330022,0.0,1.283055355146757e-06,0.0017669784042778553,0.693315661915831,0.5996526209901176,0.0
2014-11-21,0.001479102838897169,0.0,1.2731410911570973e-06,0.0014778296978060117,0.6932993588448385,0.6003600591903703,0.0
2014-11-24,0.0001431323662408176,0.0,3.846960218496122e-06,0.00013928540602232148,0.6945604240245202,0.6009510587077813,0.0
2014-11-25,0.001577474111478151,0.0,1.2895795584221789e-06,0.001576184531919729,0.6951497868502381,0.601010479085419,0.0
2014-11-26,0.0012423764628054763,0.0,1.2897577183095165e-06,0.0012410867050871668,0.6957919715106461,0.6016396580740514,0.0
2014-11-28,0.0033167399307749736,5.130236621781578e-05,6.569832767118847e-06,0.003258867731790039,0.8397988959981748,0.599999999998337,0.2500000000002938
2014-12-01,-0.002218046886063054,0.0,9.690048144919834e-06,-0.002227736934207974,0.8371481685426322,0.6013569970162497,0.0
2014-12-02,-0.001888811465529672,0.0,3.237053750026257e-06,-0.0018920485192796981,0.8367815779026846,0.6004766541507678,0.0
2014-12-03,0.0004271617628706126,0.0,3.2601875787387434e-06,0.0004239015752918739,0.8377162400898974,0.5997225468419691,0.0
2014-12-04,0.002393949272396854,0.0,3.258230895955666e-06,0.0023906910415008985,0.8377462673994485,0.5998954119946849,0.0
2014-12-05,-0.002808658667810342,0.0,3.232909570352647e-06,-0.002811891577380695,0.8368553062393574,0.6008529076036141,0.0
2014-12-08,0.0027442630690263595,0.0,9.74686188067862e-06,0.002734516207145681,0.8369042655294809,0.5997306264329678,0.0
2014-12-09,0.0024996457612127283,0.0,3.211432079995802e-06,0.0024964343291327324,0.8352664467599132,0.6008319049202197,0.0
2014-12-10,0.0015346497263043096,0.0,3.172065381503209e-06,0.0015314776609228063,0.8333898966462493,0.601829123796515,0.0
2014-12-11,0.0005657367999905525,0.0,3.1308164678715608e-06,0.0005626059835226809,0.830990750516706,0.602441148362082,0.0
2014-12-12,0.00281313455017679,5.271351408678283e-05,1.369863014468807e-06,0.0027590511730755385,0.569147315440213,0.46914731538399007,0.2607807831568836
2014-12-15,-0.0017428987348235242,0.0,3.975377273897902e-06,-0.001746874112097422,0.5673960500818259,0.4706618697503103,0.0
2014-12-16,0.0010150258507298276,0.0,1.3102827725968067e-06,0.0010137155679572308,0.565390189268908,0.4697395468693412,0.0
2014-12-17,4.815463809220011e-05,0.0,1.3313184506492843e-06,4.6823319641550826e-05,0.5674640916449828,0.470277844747585,0.0
2014-12-18,-0.0024579095969708515,0.0,1.3487425140561013e-06,-0.002459258339484908,0.568762181718273,0.4703039781921776,0.0
2014-12-19,0.0012158883684910138,0.0,1.3833162032210633e-06,0.0012145050522877926,0.5699815422621543,0.46899945942701665,0.0
2014-12-22,0.00199790689246185,0.0,4.186021622133925e-06,0.001993720870839716,0.5715048210887679,0.46964496161684244,0.0
2014-12-23,-0.0027726768820331305,0.0,1.3978820612736857e-06,-0.002774074764094404,0.5727498057655181,0.47070441529253915,0.0
2014-12-24,-0.0001767264275389369,0.0,1.3895813627797872e-06,-0.0001781160089017167,0.570672866501793,0.4692334270188685,0.0
2014-12-26,0.0009871492992251686,0.0,2.8025170626523616e-06,0.0009843467821625163,0.5714321347692203,0.46914026198240905,0.0
2014-12-29,0.00062128763312615,7.954571368882406e-05,2.0118196134348547e-15,0.0005417419194353141,0.2176104476512015,0.2176104476022472,0.3907660229025379
2014-12-30,-0.0004884939528656699,0.0,6.710132651311222e-16,-0.000488493952866341,0.21811357401814035,0.21811357396915637,0.0
2014-12-31,-0.0014016147846799905,0.0,6.678901929554267e-16,-0.0014016147846806584,0.21773144055708388,0.2177314405083279,0.0
2015-01-02,0.000583838532339483,0.0,1.3266516438234063e-15,0.0005838385323381563,0.21663346243580944,0.21663346238738665,0.0
2015-01-05,9.107057637587847e-05,0.0,1.988583222168857e-15,9.107057637388988e-05,0.21709055513704753,0.21709055508865865,0.0
2015-01-06,0.0008426776768308418,0.0,6.542487834565034e-16,0.0008426776768301876,0.21716184865807536,0.21716184861031518,0.0
2015-01-07,0.0017172755493722487,0.0,6.481426685019759e-16,0.0017172755493716006,0.21782097346261792,0.21782097341530354,0.0
2015-01-08,0.000697152551829742,0.0,6.549305760984073e-16,0.000697152551829087,0.21916188766153255,0.21916188761372257,0.0
2015-01-09,-0.00010774544748350624,0.0,6.653050720791418e-16,-0.00010774544748417155,0.21970587170504247,0.21970587165647518,0.0
2015-01-12,0.000428246864529847,0.0,1.982010170001582e-15,0.00042824686452786495,0.2196217895052029,0.21962178945697397,0.0
2015-01-13,0.0003503996330506512,5.113395543138629e-05,1.0252740883948604e-16,0.00029926567761916244,0.23004415905291645,0.23004415904543193,0.25000000001566924
2015-01-14,9.891110533171097e-05,0.0,1.0214499905028114e-16,9.891110533160882e-05,0.23032563013016746,0.2303256301227109,0.0
2015-01-15,0.0006909720105588603,0.0,1.0181255932246875e-16,0.0006909720105587585,0.2304017519435206,0.23040175193608828,0.0
2015-01-16,0.0001115050113808731,0.0,1.008965721821691e-16,0.0001115050113807722,0.23093315560718308,0.23093315559981764,0.0
2015-01-20,0.0006048140753522929,0.0,4.091298032926428e-16,0.0006048140753518838,0.23101890085349713,0.23101890084603052,0.0
2015-01-21,-0.0005414492534957368,0.0,1.0251541451921737e-16,-0.0005414492534958394,0.23148371032265316,0.23148371031516954,0.0
2015-01-22,0.001464929279490421,0.0,1.0303244052754593e-16,0.001464929279490318,0.231067372325444,0.23106737231792263,0.0
2015-01-23,0.001398548881718501,0.0,1.0427949733267642e-16,0.0013985488817183968,0.23219215651648759,0.23219215650887517,0.0
2015-01-26,-0.00032311899312498807,0.0,3.102771197148283e-16,-0.00032311899312529837,0.23326447362941527,0.2332644736218652,0.0
2015-01-27,-0.0008240139878850745,0.0,1.0383124684889156e-16,-0.0008240139878851784,0.2330166467405937,0.23301664673301398,0.0
2015-01-28,-0.0013765671402133717,5.090908356484551e-05,4.270425801357554e-16,-0.0014274762237786443,0.37812404317679843,0.3781240431456243,0.2500000000122546
2015-01-29,0.0020355591485968667,0.0,4.2558330458960986e-16,0.0020355591485964413,0.37728604289222634,0.37728604286115874,0.0
2015-01-30,-0.003365528279095316,0.0,4.275303607929981e-16,-0.0033655282790957435,0.37855103901036063,0.37855103897915093,0.0
2015-02-02,0.0011246549422589608,0.0,1.2742657132733159e-15,0.0011246549422576865,0.376452472171788,0.3764524721407809,0.0
2015-02-03,-5.776379883806965e-05,0.0,4.270697041906399e-16,-5.776379883849672e-05,0.3771529601736046,0.3771529601424286,0.0
2015-02-04,-0.0013797936677303,0.0,4.303814050400587e-16,-0.0013797936677307303,0.3771169800843827,0.37711698005296485,0.0
2015-02-05,0.0013162135065764385,0.0,4.304014451612077e-16,0.001316213506576008,0.37625634253548446,0.3762563425040652,0.0
2015-02-06,-0.004860608486016521,0.0,4.322353515875519e-16,-0.004860608486016953,0.37707624319793026,0.3770762431663771,0.0
2015-02-09,-0.0019507037571660428,0.0,1.2920428073360207e-15,-0.0019507037571673347,0.3740336659222855,0.37403366589084563,0.0
2015-02-10,0.003040739672423554,0.0,4.2981446931746824e-16,0.0030407396724231243,0.37281020443148977,0.37281020440011325,0.0
2015-02-11,0.00020423623190835485,5.0819504930798564e-05,1.759764399047724e-17,0.0001534167269775387,0.17063698365176744,0.1706369836504828,0.25000000001734396
2015-02-12,0.0004715604158459792,0.0,1.7559981395415395e-17,0.00047156041584596166,0.17081501400330626,0.17081501400202437,0.0
2015-02-13,-1.023800099953599e-05,0.0,1.777571109202809e-17,-1.0238000999553766e-05,0.17120584052181687,0.17120584052051924,0.0
2015-02-17,0.00047829135594377537,0.0,7.145604777834515e-17,0.0004782913559437039,0.1711973552395178,0.17119735523821372,0.0
2015-02-18,0.00046732194668774944,0.0,1.7873967263177663e-17,0.00046732194668773155,0.17159357487186622,0.17159357487056143,0.0
2015-02-19,-0.000266812602682436,0.0,1.7956861094593934e-17,-0.0002668126026824539,0.17198052654410365,0.1719805265427928,0.0
2015-02-20,0.0009506884217592053,0.0,1.7974980184114995e-17,0.0009506884217591874,0.17175954155173914,0.171759541550427,0.0
2015-02-23,0.0005774823235812677,0.0,5.4282727537102846e-17,0.0005774823235812134,0.1725461923062641,0.17254619230494322,0.0
2015-02-24,0.00017201378684025053,0.0,1.8025348031628115e-17,0.0001720137868402325,0.17302375646892065,0.17302375646760482,0.0
2015-02-25,-0.0002156935445412777,0.0,1.8110974338889994e-17,-0.0002156935445412958,0.17316598331922478,0.17316598331790267,0.0
2015-02-26,0.0011008539209534647,5.066621444510992e-05,2.234639306090064e-16,0.0010501877065081312,0.42298760204373204,0.42298760202741914,0.24999999997051475
2015-02-27,-6.781997231454967e-05,0.0,2.231109233756956e-16,-6.781997231477279e-05,0.42364355071577364,0.42364355069948656,0.0
2015-03-02,0.001447892940534965,0.0,6.714884832564815e-16,0.0014478929405342933,0.42360445958623205,0.42360445956989246,0.0
2015-03-03,-0.0017801176369503025,0.0,2.244077034022825e-16,-0.001780117636950527,0.42443781201512043,0.42443781199873865,0.0
2015-03-04,-6.09099979303924e-05,0.0,2.2413770051959107e-16,-6.0909997930616535e-05,0.4234114165083339,0.4234114164919719,0.0
2015-03-05,0.0009692692289939755,0.0,2.2308182113366825e-16,0.0009692692289937524,0.4233762943595387,0.4233762943432538,0.0
2015-03-06,-0.005077078315656744,0.0,2.228713048776913e-16,-0.005077078315656967,0.42393465677062137,0.4239346567543517,0.0
2015-03-09,0.0017010990089400078,0.0,6.630007866445298e-16,0.0017010990089393447,0.4209950030557604,0.4209950030396274,0.0
2015-03-10,-0.0029427206711901263,0.0,2.2093573253488168e-16,-0.002942720671190347,0.4219782752389203,0.42197827522279197,0.0
2015-03-11,-0.0007773484832831742,0.0,2.1865687159916942e-16,-0.0007773484832833929,0.42027229854798265,0.42027229853202064,0.0
2015-03-12,0.002939604775759337,5.0491553289985356e-05,1.7057750908292075e-17,0.002889113222469335,0.4638039258341421,0.4638039258328969,0.2500000000002534
2015-03-13,-0.0009136933220442357,0.0,1.7129117576939517e-17,-0.0009136933220442528,0.4653989403775423,0.4653989403762919,0.0
2015-03-16,0.004033904958478849,0.0,5.1101776758958556e-17,0.004033904958478798,0.46491003224730576,0.46491003224606225,0.0
2015-03-17,-0.0008215987379507907,0.0,1.707641032955256e-17,-0.0008215987379508079,0.46705986211211226,0.4670598621108657,0.0
2015-03-18,0.002555957901686422,0.0,1.7122073891632735e-17,0.002555957901686405,0.4666216391239686,0.4666216391227187,0.0
2015-03-19,0.000602620286621273,0.0,1.7289217846785487e-17,0.0006026202866212558,0.4679814561250448,0.4679814561237827,0.0
2015-03-20,0.002021639701096849,0.0,1.715057089689977e-17,0.0020216397010968316,0.4683018682056135,0.4683018682043615,0.0
2015-03-23,-0.0006421017940220416,0.0,5.1566168876662156e-17,-0.0006421017940220933,0.4693746015774801,0.46937460157622535,0.0
2015-03-24,-0.0014834698160282641,0.0,1.718934824546316e-17,-0.0014834698160282813,0.4690336671425864,0.4690336671413315,0.0
2015-03-25,-0.004096827488489418,0.0,1.7240263171845256e-17,-0.0040968274884894355,0.468244824390054,0.4682448243887955,0.0
2015-03-26,-0.0009814123260884803,5.06271039602522e-05,7.202342888310043e-17,-0.0010320394300488045,0.3265830236717869,0.32658302366652914,0.25000000007122086
2015-03-27,0.0015879508478961115,0.0,7.209783669338923e-17,0.0015879508478960395,0.3259379922054053,0.3259379922001422,0.0
2015-03-30,0.0029346882597721395,0.0,2.1595059115583814e-16,0.0029346882597719236,0.32700667253038906,0.32700667252513427,0.0
2015-03-31,-0.003369348099556972,0.0,7.175725625551458e-17,-0.0033693480995570435,0.3289759190228561,0.3289759190176178,0.0
2015-04-01,-0.0015590418545243846,0.0,7.20312933399137e-17,-0.0015590418545244566,0.3267073617517309,0.32670736174647264,0.0
2015-04-02,0.0009413358212514028,0.0,7.211227486400644e-17,0.0009413358212513307,0.3256560312801483,0.32565603127488413,0.0
2015-04-06,0.0015375616270180432,0.0,2.8824064996184266e-16,0.001537561627017755,0.32629021843066813,0.32629021842540773,0.0
2015-04-07,-0.0003572689911261502,0.0,7.194953564537061e-17,-0.00035726899112622216,0.32732449846925704,0.32732449846400474,0.0
2015-04-08,0.0019683089610763455,0.0,7.199098995940906e-17,0.0019683089610762735,0.3270840864797221,0.32708408647446674,0.0
2015-04-09,0.0015389922393831844,0.0,7.184956781123674e-17,0.0015389922393831126,0.32840599098586976,0.3284059909806248,0.0
2015-04-10,0.0020313216488535,5.104749069117745e-05,2.2630368275723877e-17,0.0019802741581623,0.5755824000069796,0.5755824000053276,0.2500000000019314
2015-04-13,-0.0025463482410992416,0.0,6.782823578431079e-17,-0.0025463482410993093,0.5764721487567516,0.576472148755101,0.0
2015-04-14,0.0006849121272365554,0.0,2.2638269034891055e-17,0.0006849121272365327,0.5753909462395518,0.5753909462378992,0.0
2015-04-15,0.0012917973315070173,0.0,2.2663095417885338e-17,0.0012917973315069945,0.5756815670800715,0.5756815670784171,0.0
2015-04-16,0.0005285046430412992,0.0,2.2721022058317097e-17,0.0005285046430412764,0.576228993335657,0.5762289933339984,0.0
2015-04-17,-0.005987276179844437,0.0,2.268477649791009e-17,-0.005987276179844459,0.5764528399762747,0.5764528399746187,0.0
2015-04-20,0.004281244113524603,0.0,6.831861800713508e-17,0.004281244113524534,0.5739016716043968,0.5739016716027343,0.0
2015-04-21,0.0029234943865014723,0.0,2.2709805099219305e-17,0.0029234943865014498,0.5757181258804488,0.575718125878791,0.0
2015-04-22,0.001856583838384626,0.0,2.2579905923146506e-17,0.0018565838383846035,0.5769548958676121,0.5769548958659637,0.0
2015-04-23,0.0009631259936731904,0.0,2.250307662796032e-17,0.0009631259936731678,0.5777388590774243,0.5777388590757815,0.0
2015-04-24,0.003066493947715182,6.050763269596998e-06,0.0,0.003060443184445585,0.6000000000155542,0.6000000000155542,0.03002694078259209
2015-04-27,-0.0036618783399506487,0.0,0.0,-0.0036618783399506487,0.6012264744970865,0.6012264744970865,0.0
2015-04-28,0.0003691796895091655,0.0,0.0,0.0003691796895091655,0.5997608474134295,0.5997608474134295,0.0
2015-04-29,-0.0041630008266503645,0.0,0.0,-0.0041630008266503645,0.59990855304959,0.59990855304959,0.0
2015-04-30,-0.007376251642251054,0.0,0.0,-0.007376251642251054,0.5982360092238705,0.5982360092238705,0.0
2015-05-01,0.006371479185698073,0.0,0.0,0.006371479185698073,0.595250474874463,0.595250474874463,0.0
2015-05-04,0.0016189125096105197,0.0,0.0,0.0016189125096105197,0.5978130009675566,0.5978130009675566,0.0
2015-05-05,-0.007044198783354363,0.0,0.0,-0.007044198783354363,0.5984630541522604,0.5984630541522604,0.0
2015-05-06,-0.0015805152568658088,0.0,0.0,-0.0015805152568658088,0.5956144821796239,0.5956144821796239,0.0
2015-05-07,0.0022078810343546147,0.0,0.0,0.0022078810343546147,0.5949743329334028,0.5949743329334028,0.0
2015-05-08,0.00653422320261215,3.204168335327441e-05,1.3698630136784666e-06,0.0065008116562451975,0.7000000000641498,0.6000000000656217,0.15646601648271943
2015-05-11,-0.002169398391057143,0.0,4.135132104718839e-06,-0.002173533523161862,0.7032382733167677,0.6026167254352759,0.0
2015-05-12,-0.001726542994887321,0.0,1.3681682582321083e-06,-0.001727911163145553,0.7016315451304662,0.6017552622795224,0.0
2015-05-13,-0.000576379827611234,0.0,1.366017916279996e-06,-0.0005777458455275141,0.7007866180881707,0.6010673101997309,0.0
2015-05-14,0.004651188619707539,0.0,1.3693915322951156e-06,0.004649819228175244,0.7008036439238569,0.6008380620663134,0.0
2015-05-15,0.001276271119468767,0.0,1.3765555788582835e-06,0.0012748945638899087,0.7031754229659319,0.6026868657092773,0.0
2015-05-18,0.0030918501019836448,0.0,4.1561926184828675e-06,0.003087693909365162,0.7043281482971812,0.603194127914098,0.0
2015-05-19,0.0009339161712480568,0.0,1.3670499930644793e-06,0.0009325491212549923,0.7042143644372574,0.6044197149435504,0.0
2015-05-20,7.44268125688846e-05,0.0,1.3680149584767359e-06,7.305879761040786e-05,0.7046547270408694,0.6047896350720676,0.0
2015-05-21,0.0016670946499798681,0.0,1.3669555256210748e-06,0.001665727694454247,0.7046076278421753,0.6048198744718368,0.0
2015-05-22,-0.0010060990307001717,4.234591908911351e-05,1.3598936230489525e-06,-0.001049804843412334,0.6992722344312994,0.5999999999487258,0.2080109805092568
2015-05-26,-0.002313964900571941,0.0,5.463188262594266e-06,-0.0023194280888345353,0.6993265742477948,0.5996233884554494,0.0
2015-05-27,0.004407045504829522,0.0,1.3471921672814452e-06,0.00440569831266224,0.6970430888650335,0.598698060653488,0.0
2015-05-28,3.77257484446273e-05,0.0,1.3416010196253676e-06,3.638414742500193e-05,0.6983965364711049,0.6004596620384531,0.0
2015-05-29,-0.0021513864393940788,0.0,1.3240135989794786e-06,-0.0021527104529930584,0.6971285327218273,0.6004755399963254,0.0
2015-06-01,0.0012541252181434517,0.0,3.94226197008067e-06,0.001250182956173371,0.6955433255348646,0.5996149509295683,0.0
2015-06-02,-0.0027916549718014863,0.0,1.3073390395272437e-06,-0.0027929623108410135,0.6955545677154708,0.6001188178299819,0.0
2015-06-03,0.00042783310630089064,0.0,1.3161224053582941e-06,0.00042651698389553237,0.6950770832860358,0.5990001476948803,0.0
2015-06-04,-0.0019366078030878793,0.0,1.3088425367126704e-06,-0.001937916645624592,0.6947179287662648,0.5991724235862399,0.0
2015-06-05,-0.002369873725335903,0.0,1.2915097576822196e-06,-0.0023711652350935854,0.6926756686093811,0.5983954562985792,0.0
2015-06-08,-0.0030426111856557024,4.145938409639579e-05,2.512647285071075e-16,-0.0030840705697523494,0.5999999999913015,0.5999999999851874,0.20456529268234644
2015-06-09,-0.0004265437752014845,0.0,8.366112851648233e-17,-0.0004265437752015681,0.5988041430402162,0.598804143034109,0.0
2015-06-10,0.005114300178828475,0.0,8.351134257407685e-17,0.005114300178828392,0.5986329424202211,0.5986329424141248,0.0
2015-06-11,0.0015228030245043943,0.0,8.404377530685536e-17,0.0015228030245043101,0.600675209268938,0.6006752092628028,0.0
2015-06-12,-0.0032527050330999306,0.0,8.396657869417528e-17,-0.0032527050331000147,0.6012823776701489,0.6012823776640194,0.0
2015-06-15,-0.0014130289143580487,0.0,2.5118621848229447e-16,-0.0014130289143582998,0.5999812346186213,0.5999812346125091,0.0
2015-06-16,0.002633180117945185,0.0,8.342209340290976e-17,0.0026331801179451018,0.5994151967088878,0.599415196702798,0.0
2015-06-17,0.0005776966202879879,0.0,8.359128585894658e-17,0.0005776966202879043,0.6004672384331418,0.6004672384270398,0.0
2015-06-18,0.005119174496755184,0.0,8.36358909536117e-17,0.0051191744967551,0.6006979138987631,0.6006979138926578,0.0
2015-06-19,-0.0008920867133637386,0.0,8.386408008329796e-17,-0.0008920867133638225,0.6027316001596408,0.6027316001535187,0.0
2015-06-22,0.0032724600238354983,1.456370123432658e-06,3.8752113031120437e-16,0.003271003653711678,0.5999999999953806,0.599999999985951,0.007267944621700863
2015-06-23,0.001372795892869183,0.0,1.297371022401543e-16,0.0013727958928690534,0.601305587246408,0.6013055872369372,0.0
2015-06-24,-0.0032766410206689646,0.0,1.295041412676234e-16,-0.0032766410206690943,0.6018521629618447,0.6018521629523909,0.0
2015-06-25,8.555614930125618e-05,0.0,1.2901309541655486e-16,8.555614930112717e-05,0.6005432867090272,0.6005432866996093,0.0
2015-06-26,0.00011011848771377855,0.0,1.2870405420654737e-16,0.00011011848771364984,0.6005774597634923,0.6005774597540969,0.0
2015-06-29,-0.0100330444634906,0.0,3.846977651355633e-16,-0.010033044463490985,0.6006214387266516,0.6006214387172907,0.0
2015-06-30,0.0015476922936118649,0.0,1.268711654508394e-16,0.001547692293611738,0.596573846187524,0.5965738461782625,0.0
2015-07-01,0.004913418037545483,0.0,1.2677532699726214e-16,0.004913418037545357,0.5971972608827091,0.5971972608734545,0.0
2015-07-02,-0.0006788993517041739,0.0,1.2668836587547137e-16,-0.0006788993517043005,0.5991667223392549,0.5991667223300067,0.0
2015-07-06,-0.0007788433612322652,0.0,5.076078833322444e-16,-0.0007788433612327728,0.5988944120156168,0.598894412006353,0.0
2015-07-07,0.002149123663105135,4.1031669839318866e-05,9.106870508843065e-18,0.002108091993265807,0.6000000000030432,0.6000000000023784,0.20090717165419475
2015-07-08,-0.0097486859064829,0.0,9.117583888521328e-18,-0.009748685906482908,0.6008824082723772,0.6008824082717117,0.0
2015-07-09,0.002309474459014867,0.0,9.218754110479347e-18,0.002309474459014858,0.5969532319247898,0.5969532319241168,0.0
2015-07-10,0.005055588237845414,0.0,9.138137988932305e-18,0.005055588237845405,0.597881913375353,0.5978819133746859,0.0
2015-07-13,0.006332964491113922,0.0,2.7147830563101737e-17,0.006332964491113895,0.5999046308178039,0.5999046308171432,0.0
2015-07-14,0.0023097408037397477,0.0,8.960965646740196e-18,0.0023097408037397386,0.6024224751650462,0.6024224751643921,0.0
2015-07-15,0.000531167134533956,0.0,8.95476217536756e-18,0.000531167134533947,0.6033386600472023,0.6033386600465486,0.0
2015-07-16,0.003429209939020244,0.0,8.974868261939795e-18,0.0034292099390202347,0.603549241660495,0.6035492416598398,0.0
2015-07-17,0.0015496429603010238,0.0,8.955385722627506e-18,0.0015496429603010149,0.6049041084187723,0.6049041084181185,0.0
2015-07-20,0.0007200717257809966,0.0,2.681501003060926e-17,0.0007200717257809698,0.6055154186731725,0.60551541867252,0.0
2015-07-21,-0.002099351252423173,5.038561782891702e-05,2.7234270033322827e-17,-0.002149736870252117,0.5482893450502057,0.5482893450482176,0.25000000000802103
2015-07-22,0.0004825231747698019,0.0,2.7353624027148654e-17,0.0004825231747697745,0.5473666881488484,0.5473666881468515,0.0
2015-07-23,-0.0026407970091819593,0.0,2.7362571331396848e-17,-0.0026407970091819866,0.5475849888763308,0.5475849888743334,0.0
2015-07-24,-0.00483638144778666,0.0,2.7496110115793547e-17,-0.004836381447786688,0.5463870892583224,0.5463870892563151,0.0
2015-07-27,-0.0029929596740110665,0.0,8.282314741256942e-17,-0.0029929596740111493,0.5441825823560495,0.5441825823540342,0.0
2015-07-28,0.0040992103570622,0.0,2.7724191608179876e-17,0.004099210357062172,0.5428142438242859,0.542814243822262,0.0
2015-07-29,0.0023972139533257435,0.0,2.7563782759054015e-17,0.0023972139533257157,0.5446806934414975,0.5446806934394853,0.0
2015-07-30,0.0011763640497908987,0.0,2.7486321968017342e-17,0.0011763640497908711,0.545769580940092,0.5457695809380855,0.0
2015-07-31,0.0014737631559268074,0.0,2.7482590987351964e-17,0.0014737631559267798,0.5463032934352055,0.5463032934331993,0.0
2015-08-03,-0.000993477715197145,0.0,8.26935338571128e-17,-0.0009934777151972276,0.5469709509562597,0.5469709509542474,0.0
2015-08-04,0.000486372686624661,3.2149620978715294e-05,1.4202782152493856e-06,0.0004528027874306963,0.7036803097137917,0.6000000000005866,0.15989263237924972
2015-08-05,0.0012361928939189093,0.0,1.4124315291231988e-06,0.0012347804623897862,0.7033220954720546,0.6002145938460612,0.0
2015-08-06,-0.006937760229314431,0.0,1.4052037708788266e-06,-0.0069391654330853095,0.7032889182243187,0.6007090429501645,0.0
2015-08-07,-0.0012706372711037029,0.0,1.4177239717401906e-06,-0.0012720549950754432,0.7014142008889476,0.5979203509519136,0.0
2015-08-10,0.004364964722880841,0.0,4.273341164006329e-06,0.004360691381716834,0.7013942866030702,0.5974096516122496,0.0
2015-08-11,-0.004858636063051581,0.0,1.4126319933243814e-06,-0.004860048695044905,0.7022839919043893,0.5991618563917095,0.0
2015-08-12,-0.0015038983770469861,0.0,1.4254345310582879e-06,-0.0015053238115780444,0.7012623897280191,0.5972056689607641,0.0
2015-08-13,0.0004936452487236691,0.0,1.4253656606100491e-06,0.000492219883063059,0.7006515397632292,0.5965998465386957,0.0
2015-08-14,0.0013148270054480077,0.0,1.4197400510859542e-06,0.0013134072653969218,0.7004407588208751,0.5967997350916006,0.0
2015-08-17,0.003998844408887342,0.0,4.257691772916372e-06,0.003994586717114426,0.7009338576439917,0.5973300245030266,0.0
2015-08-18,-0.0013510934307933667,1.982667937183842e-05,2.7397260273974735e-06,-0.0013736598361926027,0.800000000002921,0.6000000000029054,0.09813884747651898
2015-08-19,-0.004291061720153035,0.0,2.733068908271324e-06,-0.004293794789061306,0.7989864080040726,0.5994723777002658,0.0
2015-08-20,-0.012999845260865232,0.0,2.758180836578054e-06,-0.01300260344170181,0.7990951239668166,0.5977479228966186,0.0
2015-08-21,-0.015520775369832604,0.0,2.7962037535922564e-06,-0.015523571573586196,0.7965743634232451,0.5924514894110103,0.0
2015-08-24,-0.020257437793082762,0.0,8.523093326038901e-06,-0.0202659608864088,0.7934232319720946,0.5860279610384814,0.0
2015-08-25,-0.0013223319812641688,0.0,2.891798876997705e-06,-0.0013252237801411665,0.7885748982562157,0.5774735802353833,0.0
2015-08-26,0.019290438643778118,0.0,2.8808693718610155e-06,0.019287557774406258,0.7872192549250528,0.5769157907791987,0.0
2015-08-27,0.010480435506490839,0.0,2.824636888939454e-06,0.0104776108696019,0.7911229579030048,0.5849244650104246,0.0
2015-08-28,0.0006498163178796346,0.0,2.7980210147428656e-06,0.0006470182968648918,0.7934866997272118,0.5892311656509825,0.0
2015-08-31,-0.005116518670614997,0.0,8.403935132170465e-06,-0.005124922605747167,0.7939953198471509,0.5894995649643362,0.0
2015-09-01,-0.00026388458778973175,0.0001306350597870767,0.0,-0.00039451964757680844,0.15000000000044755,0.15000000000044755,0.6424258365508626
2015-09-02,0.000283083037906611,0.0,0.0,0.000283083037906611,0.14979521256712852,0.14979521256712852,0.0
2015-09-03,0.00023944816997437536,0.0,0.0,0.00023944816997437536,0.15003582300846305,0.15003582300846305,0.0
2015-09-04,-4.798040805556001e-05,0.0,0.0,-4.798040805556001e-05,0.15023929665379543,0.15023929665379543,0.0
2015-09-08,-0.00021500597821335916,0.0,0.0,-0.00021500597821335916,0.1501985228321547,0.1501985228321547,0.0
2015-09-09,-2.3569138299287774e-05,0.0,0.0,-2.3569138299287774e-05,0.15001577114156306,0.15001577114156306,0.0
2015-09-10,-0.00016417018880914965,0.0,0.0,-0.00016417018880914965,0.14999573727353988,0.14999573727353988,0.0
2015-09-11,-0.00018416728222837994,0.0,0.0,-0.00018416728222837994,0.1498561690002897,0.1498561690002897,0.0
2015-09-14,-3.6375343438641516e-06,0.0,0.0,-3.6375343438641516e-06,0.1496995714812918,0.1496995714812918,0.0
2015-09-15,5.79096383188093e-05,0.0,0.0,5.79096383188093e-05,0.1496964784730295,0.1496964784730295,0.0
2015-09-16,-1.1782739641362279e-05,1.0276504756662441e-05,0.0,-2.205924439802472e-05,0.09996260053311645,0.09996260053311645,0.04978311585795586
2015-09-17,0.00022440092833686176,0.0,0.0,0.00022440092833686176,0.09995302268163074,0.09995302268163074,0.0
2015-09-18,4.718829468717297e-05,0.0,0.0,4.718829468717297e-05,0.10015494874649138,0.10015494874649138,0.0
2015-09-21,-5.913303663461389e-05,0.0,0.0,-5.913303663461389e-05,0.10019740889632066,0.10019740889632066,0.0
2015-09-22,5.913653355742388e-05,0.0,0.0,5.913653355742388e-05,0.1001441976901968,0.1001441976901968,0.0
2015-09-23,-3.540626788318888e-05,0.0,0.0,-3.540626788318888e-05,0.10019740889632067,0.10019740889632067,0.0
2015-09-24,5.8967956066266025e-05,0.0,0.0,5.8967956066266025e-05,0.10016554911670218,0.10016554911670218,0.0
2015-09-25,-4.7129234909956717e-05,0.0,0.0,-4.7129234909956717e-05,0.10021860738633107,0.10021860738633107,0.0
2015-09-28,7.072504632647587e-05,0.0,0.0,7.072504632647587e-05,0.10017619937905402,0.10017619937905402,0.0
2015-09-29,4.723956338842885e-05,0.0,0.0,4.723956338842885e-05,0.1002398349584093,0.1002398349584093,0.0
2015-09-30,2.3546613349156865e-05,5.6475301347099386e-08,0.0,2.3490138047809766e-05,0.1,0.1,0.0002823372279714964
2015-10-01,-1.1111873645364898e-08,0.0,0.0,-1.1111873645364898e-08,0.10002119710162154,0.10002119710162154,0.0
2015-10-02,0.00014129858681112756,0.0,0.0,0.00014129858681112756,0.10002118710117068,0.10002118710117068,0.0
2015-10-05,-7.063931217057407e-05,0.0,0.0,-7.063931217057407e-05,0.1001483348697932,0.1001483348697932,0.0
2015-10-06,-1.1744420835852678e-05,0.0,0.0,-1.1744420835852678e-05,0.10008476547661464,0.10008476547661464,0.0
2015-10-07,-2.3544673634136205e-05,0.0,0.0,-2.3544673634136205e-05,0.10007419636925577,0.10007419636925577,0.0
2015-10-08,-2.358967392238461e-05,0.0,0.0,-2.358967392238461e-05,0.10005300741102724,0.10005300741102724,0.0
2015-10-09,0.0,0.0,0.0,0.0,0.10003177745411687,0.10003177745411687,0.0
2015-10-12,-2.353467169318917e-05,0.0,0.0,-2.353467169318917e-05,0.10003177745411687,0.10003177745411687,0.0
2015-10-13,3.5336174394067724e-05,0.0,0.0,3.5336174394067724e-05,0.10001059649897812,0.10001059649897812,0.0
2015-10-14,0.0,2.005960389720855e-05,0.0,-2.005960389720855e-05,0.0,0.0,0.10004239755776527
2015-10-15,0.0,0.0,0.0,0.0,0.0,0.0,0.0
2015-10-16,0.0,0.0,0.0,0.0,0.0,0.0,0.0
2015-10-19,0.0,0.0,0.0,0.0,0.0,0.0,0.0
2015-10-20,0.0,0.0,0.0,0.0,0.0,0.0,0.0
2015-10-21,0.0,0.0,0.0,0.0,0.0,0.0,0.0
2015-10-22,0.0,0.0,0.0,0.0,0.0,0.0,0.0
2015-10-23,0.0,0.0,0.0,0.0,0.0,0.0,0.0
2015-10-26,0.0,0.0,0.0,0.0,0.0,0.0,0.0
2015-10-27,0.0,0.0,0.0,0.0,0.0,0.0,0.0
2015-10-28,-0.0003876981126824013,4.048452404923292e-05,2.739726027417557e-06,-0.0004309223627590518,0.2000000000007932,-6.884525461209208e-13,0.2000000000007932
2015-10-29,0.00018463320675526706,0.0,2.748286002228676e-06,0.0001818849207530384,0.20023701290951115,-0.00038786525318218224,0.0
2015-10-30,6.520991532230462e-05,0.0,2.740730525358999e-06,6.246918479694562e-05,0.19987013326290257,-0.00020319508830439045,0.0
2015-11-02,-0.00036962226467976276,0.0,8.231299075893618e-06,-0.00037785356375565635,0.20015696762637877,-0.00013797655369926162,0.0
2015-11-03,-0.0002612275393913634,0.0,2.7533099463744612e-06,-0.00026398084933773787,0.20048383539643522,-0.0005077906889004823,0.0
2015-11-04,0.00033071068578983026,0.0,2.7569378568594055e-06,0.00032795374793297084,0.20048724226275583,-0.0007692212879807766,0.0
2015-11-05,0.0003789008892758231,0.0,2.7479768697725657e-06,0.00037615291240605055,0.2001639446552539,-0.00043836683814340845,0.0
2015-11-06,0.00014406506459594025,0.0,2.7363148253187087e-06,0.00014132874977062154,0.1996915386592773,-5.9443588988466946e-05,0.0
2015-11-09,0.0003475230616345824,0.0,8.168171868555355e-06,0.000339354889766027,0.1988434583193637,8.460951785009197e-05,0.0
2015-11-10,0.0002781090634475606,0.0,2.710533604204009e-06,0.0002753985298433566,0.1983009390898217,0.00043198598292903994,0.0
2015-11-11,0.0001649238978220286,9.906795722825545e-06,1.3698630136982484e-06,0.00015364723908550479,0.15000000000021038,0.05000000000023825,0.04929010046000901
2015-11-12,0.0004158822444795015,0.0,1.3663919521852213e-06,0.0004145158525273163,0.1499038298896108,0.05015721738008962,0.0
2015-11-13,0.00024374599274560663,0.0,1.356698717159958e-06,0.00024238929402844666,0.14959115131178125,0.05055214495910432,0.0
2015-11-16,-0.00028698707737472907,0.0,4.057378393593216e-06,-0.0002910444557683223,0.14951312246613674,0.050783581555368475,0.0
2015-11-17,0.000147886049442088,0.0,1.3592096730747302e-06,0.00014652683976901327,0.14973360164496108,0.05051129551050576,0.0
2015-11-18,8.836920726770165e-05,0.0,1.3599882482561369e-06,8.700921901944552e-05,0.14993090184036564,0.05065175971766765,0.0
2015-11-19,0.0006203791759778972,0.0,1.3624766595021963e-06,0.000619016699318395,0.15019651059370498,0.05073571445004466,0.0
2015-11-20,3.021976467683649e-05,0.0,1.3494205210938711e-06,2.8870344155742617e-05,0.14983202105284887,0.0513243230129963,0.0
2015-11-23,0.00013332075959165453,0.0,4.047166595861976e-06,0.00012927359299579256,0.14983411402979321,0.05135306019715178,0.0
2015-11-24,7.982901155497142e-06,0.0,1.3477418535867255e-06,6.6351593019104165e-06,0.14986488129942954,0.05147972598759858,0.0
2015-11-25,0.0002533853021789733,5.0896344091636296e-05,1.578729012454549e-16,0.00020248895808717916,0.29999745631506386,0.2999974563035392,0.2500000000037562
2015-11-27,0.00023417876262088607,0.0,3.16141213690093e-16,0.00023417876262056992,0.30019005644550184,0.3001900564339627,0.0
2015-11-30,-0.0002935637015212429,0.0,4.747172262449473e-16,-0.0002935637015217176,0.30035389870379103,0.30035389869223955,0.0
2015-12-01,0.0012020946263534772,0.0,1.5784638463048303e-16,0.0012020946263533194,0.3001484476915481,0.30014844768002524,0.0
2015-12-02,-0.0004904786208123602,0.0,1.5868076327294853e-16,-0.0004904786208125189,0.3009887253885938,0.3009887253770101,0.0
2015-12-03,-0.00200128179208953,0.0,1.5773622263894379e-16,-0.002001281792089688,0.3006457070594586,0.30064570704794386,0.0
2015-12-04,0.001651574635673524,0.0,1.5552716433099958e-16,0.0016515746356733686,0.2992432954257255,0.29924329541437195,0.0
2015-12-07,0.0006793373733066005,0.0,4.733862288727319e-16,0.0006793373733061271,0.30039873912345905,0.30039873911194004,0.0
2015-12-08,6.379249944962298e-05,0.0,1.5729365485161735e-16,6.379249944946569e-05,0.300873681760073,0.3008736817485906,0.0
2015-12-09,-0.00022858446733560998,0.0,1.5697773645396928e-16,-0.00022858446733576695,0.30091827793042103,0.3009182779189617,0.0
2015-12-10,0.00042649961223752895,5.11560082308907e-05,2.7530489303787103e-17,0.0003753436040066107,0.24259996605362547,0.24259996605161574,0.25000000001112416
2015-12-11,-0.0025196529008818767,0.0,2.7450286716674675e-17,-0.002519652900881904,0.24293528146177368,0.2429352814597698,0.0
2015-12-14,0.0007010472717417211,0.0,8.248229104261123e-17,0.0007010472717416386,0.2410229226671673,0.24102292266516023,0.0
2015-12-15,0.0007157860091250474,0.0,2.7270704792735835e-17,0.0007157860091250201,0.24155462872544955,0.2415546287234588,0.0
2015-12-16,0.0025019856909738155,0.0,2.7317900988776204e-17,0.002501985690973788,0.24209712499965538,0.24209712499766117,0.0
2015-12-17,-0.0018996236169665087,0.0,2.722163402595044e-17,-0.001899623616966536,0.24398865456813768,0.24398865456615051,0.0
2015-12-18,-0.0021448398293680586,0.0,2.729611414509394e-17,-0.002144839829368086,0.24254978424962356,0.24254978424763096,0.0
2015-12-21,0.0010435215433174988,0.0,8.219372686660512e-17,0.0010435215433174166,0.24092168284137522,0.24092168283937518,0.0
2015-12-22,0.001271615923375214,0.0,2.731306753601149e-17,0.0012716159233751867,0.24171297169142936,0.24171297168943548,0.0
2015-12-23,0.0008750920971702564,0.0,2.7306430390737954e-17,0.0008750920971702291,0.2426759969528604,0.24267599695086703,0.0
2015-12-24,-0.0004438078300319435,1.1440797175344525e-05,0.0,-0.00045524862720728806,0.29759830518473934,0.29759830518473934,0.055503621033302294
2015-12-28,0.00017538923154009257,0.0,0.0,0.00017538923154009257,0.29728983814540577,0.29728983814540577,0.0
2015-12-29,0.0017324677199326802,0.0,0.0,0.0017324677199326802,0.29741306432814335,0.29741306432814335,0.0
2015-12-30,-0.0009169467710763237,0.0,0.0,-0.0009169467710763237,0.2986281683860845,0.2986281683860845,0.0
2015-12-31,-0.001127615520382232,0.0,0.0,-0.001127615520382232,0.2979844575011448,0.2979844575011448,0.0
2016-01-04,-0.0024415633110550067,0.0,0.0,-0.0024415633110550067,0.2971919602476707,0.2971919602476707,0.0
2016-01-05,0.0005851076340842953,0.0,0.0,0.0005851076340842953,0.2954718100675276,0.2954718100675276,0.0
2016-01-06,-0.0008071567623219571,0.0,0.0,-0.0008071567623219571,0.2958837938350371,0.2958837938350371,0.0
2016-01-07,-0.002916942936835147,0.0,0.0,-0.002916942936835147,0.2953150025740579,0.2953150025740579,0.0
2016-01-08,-0.0012362029558003545,0.0,0.0,-0.0012362029558003545,0.2932534632555686,0.2932534632555686,0.0
2016-01-11,0.0007409020514911044,2.986235911409935e-05,0.0,0.0007110396923770051,0.2461635386755702,0.2461635386755702,0.14539152732995936
2016-01-12,0.00044636733734017124,0.0,0.0,0.00044636733734017124,0.24672900661010072,0.24672900661010072,0.0
2016-01-13,-0.0009674182128288993,0.0,0.0,-0.0009674182128288993,0.24706509216010372,0.24706509216010372,0.0
2016-01-14,0.0003107209129281488,0.0,0.0,0.0003107209129281488,0.24633598386454048,0.24633598386454048,0.0
2016-01-15,-0.0006540684685100427,0.0,0.0,-0.0006540684685100427,0.24657009029391172,0.24657009029391172,0.0
2016-01-19,0.0007329314027811406,0.0,0.0,0.0007329314027811406,0.24607697301427672,0.24607697301427672,0.0
2016-01-20,-0.0003823565892650647,0.0,0.0,-0.0003823565892650647,0.24662914217391765,0.24662914217391765,0.0
2016-01-21,-1.4052411877252594e-06,0.0,0.0,-1.4052411877252594e-06,0.2463409756799098,0.2463409756799098,0.0
2016-01-22,0.001203444630904208,0.0,0.0,0.001203444630904208,0.24633991660571908,0.24633991660571908,0.0
2016-01-25,-0.0006725676337693628,0.0,0.0,-0.0006725676337693628,0.24724581458854317,0.24724581458854317,0.0
2016-01-26,-0.0002810896234396078,5.070993699908676e-05,2.7397260273918458e-06,-0.0003345392864660864,0.199999999999486,-1.187383524836605e-13,0.2467763936989987
2016-01-27,-0.00020037561469828032,0.0,2.7476087215466293e-06,-0.00020312322341982695,0.20029425298235437,-0.0002811836905495385,0.0
2016-01-28,-0.00019094959540357122,0.0,2.7551347167747334e-06,-0.00019370473012034596,0.20064317718355668,-0.0004816571409988757,0.0
2016-01-29,-0.00027402008419043965,0.0,2.761393088248416e-06,-0.00027678147727868807,0.20090895839338346,-0.0006727370487509127,0.0
2016-02-01,-4.879729038098223e-05,0.0,8.320085560057528e-06,-5.7117375941039755e-05,0.2015083960444047,-0.0009470192503284736,0.0
2016-02-02,-4.772349296306588e-05,0.0,2.768538867081123e-06,-5.0492031830147e-05,0.20110746387453593,-0.0009958734223860927,0.0
2016-02-03,-3.717563060598069e-05,0.0,2.777144132059667e-06,-3.9952774738040356e-05,0.20168787202901714,-0.0010436496113385707,0.0
2016-02-04,6.288447015299706e-05,0.0,2.780741918103526e-06,6.0103728234893534e-05,0.2019132915959201,-0.001080868425637288,0.0
2016-02-05,0.00036273054400267864,0.0,2.7810723237474744e-06,0.0003599494716789312,0.20200035685903517,-0.0010179227745304859,0.0
2016-02-08,0.00018852462456336606,0.0,8.317072105743018e-06,0.00018020755245762304,0.2017271314271243,-0.0006549564792891205,0.0
2016-02-09,8.980250887127492e-06,2.073587511391597e-05,0.0,-1.175562422678848e-05,0.10000000000004915,0.10000000000004915,0.10202447577956286
2016-02-10,2.6772798391960038e-05,0.0,0.0,2.6772798391960038e-05,0.1000101559327483,0.1000101559327483,0.0
2016-02-11,0.00015184720860110504,0.0,0.0,0.00015184720860110504,0.1000342505343184,0.1000342505343184,0.0
2016-02-12,-0.0002500857107374448,0.0,0.0,-0.0002500857107374448,0.10017088707333434,0.10017088707333434,0.0
2016-02-16,5.3611424910469656e-05,0.0,0.0,5.3611424910469656e-05,0.09994579637811933,0.09994579637811933,0.0
2016-02-17,-0.00013395495325490878,0.0,0.0,-0.00013395495325490878,0.09999404697968864,0.09999404697968864,0.0
2016-02-18,-8.98172034263509e-06,0.0,0.0,-8.98172034263509e-06,0.09987347057251568,0.09987347057251568,0.0
2016-02-19,-7.151781202429759e-05,0.0,0.0,-7.151781202429759e-05,0.09986538581514033,0.09986538581514033,0.0
2016-02-22,-9.82487968088736e-05,0.0,0.0,-9.82487968088736e-05,0.09980100555267098,0.09980100555267098,0.0
2016-02-23,3.571182168445396e-05,0.0,0.0,3.571182168445396e-05,0.09971255339425981,0.09971255339425981,0.0
2016-02-24,-0.00013433501812328485,5.108752765359453e-08,7.555599981284626e-18,-0.000134386105650946,0.10000000000011393,0.09999999999956237,0.0002552968492225416
2016-02-25,7.162240199019557e-05,0.0,7.555301540094461e-18,7.162240199018802e-05,0.09987908734357463,0.09987908734302307,0.0
2016-02-26,-0.00016122102378127463,0.0,7.567614331770097e-18,-0.0001612210237812822,0.09994355154834045,0.099943551547788,0.0
2016-02-29,-8.981363969441618e-06,0.0,2.263397993745965e-17,-8.981363969464252e-06,0.0997984201280222,0.09979842012747145,0.0
2016-03-01,-0.0001876420114584116,0.0,7.55511627999005e-18,-0.00018764201145841916,0.09979033501737293,0.0997903350168214,0.0
2016-03-02,-0.00010769093828462272,0.0,7.516294212032446e-18,-0.00010769093828463024,0.09962138616319552,0.09962138616264682,0.0
2016-03-03,6.284425253789894e-05,0.0,7.51154448446266e-18,6.284425253789143e-05,0.09952441310233971,0.09952441310179137,0.0
2016-03-04,-0.0001796262348609486,0.0,7.514920622081633e-18,-0.0001796262348609561,0.09958099926141231,0.09958099926086374,0.0
2016-03-07,2.695544147643139e-05,0.0,2.2509594977626074e-17,2.695544147640888e-05,0.09941923132874679,0.09941923132819903,0.0
2016-03-08,8.984904966345861e-05,0.0,7.491391860557957e-18,8.984904966345111e-05,0.09944350622661007,0.09944350622606318,0.0
2016-03-09,-0.00046469762763818386,5.115646758506942e-05,2.0199556531251568e-17,-0.0005158540952232734,0.34952441310841115,0.34952441310693655,0.25000000000683653
2016-03-10,-0.00044665889930928747,0.0,2.0280384913133095e-17,-0.00044665889930930775,0.34923987229911885,0.34923987229763837,0.0
2016-03-11,-0.0005468466199145161,0.0,2.035073797524276e-17,-0.0005468466199145365,0.3489490746093941,0.3489490746079085,0.0
2016-03-14,0.0002076916033521336,0.0,6.198569528395905e-17,0.00020769160335207162,0.3485928548138828,0.3485928548123745,0.0
2016-03-15,9.602168315088095e-05,0.0,2.066122982688082e-17,9.602168315086028e-05,0.34872811851516683,0.3487281185136586,0.0
2016-03-16,0.0017142569649738312,0.0,2.058378052453021e-17,0.0017142569649738106,0.3487906487331536,0.348790648731651,0.0
2016-03-17,0.0005930974171242397,0.0,2.0698852436124484e-17,0.000593097417124219,0.3499050784802739,0.3499050784787629,0.0
2016-03-18,3.994611149916099e-05,0.0,2.0763058695065645e-17,3.994611149914023e-05,0.3502904195543227,0.35029041955280704,0.0
2016-03-21,-0.0005503256896257074,0.0,6.242308359433355e-17,-0.0005503256896257698,0.3503163718889738,0.35031637188745485,0.0
2016-03-22,-0.00047538926623564247,0.0,2.0834153784769786e-17,-0.0004753892662356633,0.3499586374278322,0.34995863742631134,0.0
2016-03-23,0.002844637271739882,5.068692640434429e-05,0.0,0.002793950345335538,0.5991850187646035,0.5991850187646035,0.25000000000057987
2016-03-24,-0.00011113701575038115,0.0,0.0,-0.00011113701575038115,0.6003523015161992,0.6003523015161992,0.0
2016-03-28,0.000553936719512364,0.0,0.0,0.000553936719512364,0.6003078809268665,0.6003078809268665,0.0
2016-03-29,0.004596551254208715,0.0,0.0,0.004596551254208715,0.6005291624921364,0.6005291624921364,0.0
2016-03-30,-0.0008424564456512678,0.0,0.0,-0.0008424564456512678,0.6023569491562197,0.6023569491562197,0.0
2016-03-31,0.0015796877260845063,0.0,0.0,0.0015796877260845063,0.6020216697466683,0.6020216697466683,0.0
2016-04-01,0.0014890797004407457,0.0,0.0,0.0014890797004407457,0.6026493596761398,0.6026493596761398,0.0
2016-04-04,-3.0398201103825273e-06,0.0,0.0,-3.0398201103825273e-06,0.6032401666898721,0.6032401666898721,0.0
2016-04-05,-0.0005642156715910532,0.0,0.0,-0.0005642156715910532,0.6032389606076856,0.6032389606076856,0.0
2016-04-06,-0.00039930387382392635,0.0,0.0,-0.00039930387382392635,0.6030149754354392,0.6030149754354392,0.0
2016-04-07,0.0012401207701543493,8.354433489172595e-07,0.0,0.001239285326805432,0.6000000000019936,0.6000000000019936,0.00417170657355197
2016-04-08,0.00022116046795915458,0.0,0.0,0.00022116046795915458,0.600495934971132,0.600495934971132,0.0
2016-04-11,-0.001380491665928631,0.0,0.0,-0.001380491665928631,0.6005842699409021,0.6005842699409021,0.0
2016-04-12,-1.6135597208852704e-05,0.0,0.0,-1.6135597208852704e-05,0.6000321176126272,0.6000321176126272,0.0
2016-04-13,-0.0009722611306118923,0.0,0.0,-0.0009722611306118923,0.6000256637878442,0.6000256637878442,0.0
2016-04-14,-0.0013824042756551986,0.0,0.0,-0.0013824042756551986,0.5996364058271179,0.5996364058271179,0.0
2016-04-15,0.0026199880985964784,0.0,0.0,0.0026199880985964784,0.5990821753120829,0.5990821753120829,0.0
2016-04-18,0.00034415669933086305,0.0,0.0,0.00034415669933086305,0.6001298303974254,0.6001298303974254,0.0
2016-04-19,-0.0004766254626258512,0.0,0.0,-0.0004766254626258512,0.6002674010492952,0.6002674010492952,0.0
2016-04-20,-0.005667806805256549,0.0,0.0,-0.005667806805256549,0.600076787463105,0.600076787463105,0.0
2016-04-21,-0.005032522651424775,2.1282109940654007e-05,1.3698630136986302e-06,-0.005055174624379127,0.7000000000314517,0.6000000000314516,0.10400637215127351
2016-04-22,0.0004660455362639735,0.0,1.3768230948700767e-06,0.0004646687131691034,0.6984985093195055,0.5979904233939899,0.0
2016-04-25,0.0001089401230753103,0.0,4.152133097388123e-06,0.00010478798997792217,0.6992137527929774,0.5981785140898663,0.0
2016-04-26,-0.0008408711583246897,0.0,1.3794078955041883e-06,-0.0008422505662201939,0.6989215438138123,0.5982247674420065,0.0
2016-04-27,0.004129188365738439,0.0,1.3766374748995984e-06,0.00412781172826354,0.698382003009257,0.5978874673415863,0.0
2016-04-28,0.001566223680844553,0.0,1.36929954901937e-06,0.0015648543812955336,0.6995007268653253,0.5995418597869113,0.0
2016-04-29,0.000868512794290917,0.0,1.3559859810582694e-06,0.0008671568083098587,0.6991558831421167,0.600168906524863,0.0
2016-05-02,0.0006302903630755806,0.0,4.035963750224234e-06,0.0006262543993253563,0.6987251284494781,0.6005166771940217,0.0
2016-05-03,0.001969680741359706,0.0,1.339458532442245e-06,0.0019683412828272635,0.698551205111328,0.6007707322430441,0.0
2016-05-04,0.002115390200093195,0.0,1.3407247401707998e-06,0.002114049475353024,0.6994292508294615,0.6015563447969932,0.0
2016-05-05,0.0006630009891577923,4.135654398301628e-05,4.109589041191776e-06,0.0006175348561335843,0.899999999967722,0.5999999999607224,0.2042681902371189
2016-05-06,-0.0016407269406341668,0.0,4.118177583393088e-06,-0.00164484511821756,0.9009192631187466,0.600292299531051,0.0
2016-05-09,0.0017195044798398273,0.0,1.2413085186480706e-05,0.0017070913946533467,0.9016896235743702,0.599637884036673,0.0
2016-05-10,-0.0005284285013630754,0.0,4.130544662210651e-06,-0.000532559046025286,0.9018623263006113,0.6003325659592337,0.0
2016-05-11,0.0023116904568524304,0.0,4.1882477032619305e-06,0.0023075022091491684,0.9058658211218154,0.6001237387836945,0.0
2016-05-12,-0.00033210948768475133,0.0,4.1335799848095415e-06,-0.0003362430676695609,0.9027998473705213,0.6010485084794247,0.0
2016-05-13,0.00115858555579977,0.0,4.150356267409364e-06,0.0011544351995323608,0.9038944611769002,0.6009184536560166,0.0
2016-05-16,-0.0024663554910177125,0.0,1.2355816897044817e-05,-0.0024787113079147573,0.9020409929215836,0.6013827817601598,0.0
2016-05-17,-0.0028722758115807914,0.0,4.163683385303476e-06,-0.0028764394949660948,0.9043535432066445,0.6004046560794909,0.0
2016-05-18,-0.00781360946927603,0.0,4.156023579768689e-06,-0.007817765492855799,0.9026458255167265,0.5992561041936122,0.0
2016-05-19,0.0021337348977157424,5.1277618022982986e-05,4.737326188833139e-06,0.0020777199535039264,0.9458248117939533,0.6000000000091342,0.250000000007646
2016-05-20,-0.0005272935668843153,0.0,4.738905765523974e-06,-0.0005320324726498393,0.9468253844881416,0.6008852636048915,0.0
2016-05-23,-0.0013029119170786662,0.0,1.4267406335419704e-05,-0.0013171793234140858,0.9478511041620785,0.6006775500001991,0.0
2016-05-24,0.00012696818242521505,0.0,4.784516347191312e-06,0.00012218366607802373,0.949434856571722,0.6001651632267563,0.0
2016-05-25,-0.0009003199039308415,0.0,4.8063393627629364e-06,-0.0009051262432936045,0.9510815679581177,0.6002187944764233,0.0
2016-05-26,0.0039979839255108555,0.0,4.828224605960808e-06,0.003993155700904895,0.9523218211256393,0.5998614248905002,0.0
2016-05-27,-0.0009917608036100673,0.0,4.782418780814553e-06,-0.0009965432223908819,0.9505742655934525,0.60145769459399,0.0
2016-05-31,0.0009174569296991811,0.0,1.920736896493405e-05,0.0008982495607342471,0.9515994045736296,0.6010649209635831,0.0
2016-06-01,0.0023998827730047105,0.0,4.792636509923519e-06,0.002395090136494787,0.951304597986139,0.6014421327617222,0.0
2016-06-02,0.0013135783906361308,0.0,4.768315320904268e-06,0.0013088100753152266,0.9504862335423809,0.6023992151163693,0.0
2016-06-03,0.008269025734116595,3.166969540288493e-05,4.842006486143155e-06,0.008232514032227568,0.953466473560269,0.6000000000718188,0.1538908886392944
2016-06-06,-0.0019025507477362378,0.0,1.4282066331090072e-05,-0.001916832814067328,0.950832611624308,0.6033023309011164,0.0
2016-06-07,0.00039406669658835513,0.0,4.785646080338245e-06,0.0003892810505080169,0.9519069407867491,0.6025547769220574,0.0
2016-06-08,0.0027710122389449955,0.0,4.7896159019553395e-06,0.0027662226230430404,0.9523561792372928,0.6027142183945529,0.0
2016-06-09,0.0025970275623728462,0.0,4.777673560804403e-06,0.002592249888812042,0.9525851140137875,0.6038149440750661,0.0
2016-06-10,0.0014332776202359457,0.0,4.7595024713097575e-06,0.0014285181177646359,0.9522877450836409,0.6048440646780286,0.0
2016-06-13,0.0007470640316967843,0.0,1.4215107309995305e-05,0.0007328489243867889,0.9513134441171212,0.6054124995739021,0.0
2016-06-14,6.28215704472268e-05,0.0,4.700164163352692e-06,5.8121406283874106e-05,0.9488276494563763,0.6057156655316299,0.0
2016-06-15,0.0003772614139598873,0.0,4.7086789214890815e-06,0.0003725527350383982,0.9494768417194733,0.6057432804507704,0.0
2016-06-16,0.0023965291683868254,0.0,4.715082945779183e-06,0.002391814085441046,0.950095869136474,0.6058948140945937,0.0
2016-06-17,-0.0006462064759635224,4.1461983847822515e-05,2.7397260273972604e-06,-0.0006904081858387422,0.8000000000022717,0.6000000000022717,0.20382664655761312
2016-06-20,-0.00128628288130687,0.0,8.187929394082576e-06,-0.0012944708107009526,0.7990074934350154,0.599767878179006,0.0
2016-06-21,-0.0013882145197561674,0.0,2.717160860758286e-06,-0.0013909316806169256,0.7976100592372353,0.5992573164018804,0.0
2016-06-22,0.001032128211829601,0.0,2.7344095044607963e-06,0.0010293938023251401,0.7983137490854875,0.5987018552598493,0.0
2016-06-23,-0.0013055111051517522,0.0,2.71926786380315e-06,-0.0013082303730155554,0.7976238099392382,0.5991172558816084,0.0
2016-06-24,0.002820895003220085,0.0,2.7104840503608857e-06,0.002818184519169724,0.7964601804098121,0.5985948447334675,0.0
2016-06-27,0.005416620640976716,0.0,8.320130096722583e-06,0.005408300510879993,0.8021821013487053,0.5997256023284557,0.0
2016-06-28,0.002311269713777263,0.0,2.7818348900486035e-06,0.0023084878788872144,0.8049609839732826,0.6018870369997346,0.0
2016-06-29,-4.403738070878782e-05,0.0,2.762100428868201e-06,-4.679948113765602e-05,0.8044400659805858,0.6028067346732072,0.0
2016-06-30,0.0035866455816675503,0.0,2.753344422059822e-06,0.0035838922372454906,0.8037850504045753,0.6027909075942083,0.0
2016-07-01,0.0019268392468573157,9.293231014022349e-05,0.0,0.0018339069367170923,0.4164902499510377,0.4164902499510377,0.45430717177554536
2016-07-05,0.0023006354862850084,0.0,0.0,0.0023006354862850084,0.41765115584606105,0.41765115584606105,0.0
2016-07-06,0.0006282711455290347,0.0,0.0,0.0006282711455290347,0.41898785300939023,0.41898785300939023,0.0
2016-07-07,-0.0020361746679448587,0.0,0.0,-0.0020361746679448587,0.4193526569807373,0.4193526569807373,0.0
2016-07-08,0.0026057342169628073,0.0,0.0,0.0026057342169628073,0.4181679452899384,0.4181679452899384,0.0
2016-07-11,-0.0011700452247207056,0.0,0.0,-0.0011700452247207056,0.41968010469791134,0.41968010469791134,0.0
2016-07-12,-0.0035095278314623006,0.0,0.0,-0.0035095278314623006,0.4190003087836395,0.4190003087836395,0.0
2016-07-13,0.0020716815348630077,0.0,0.0,0.0020716815348630077,0.4169540929458126,0.4169540929458126,0.0
2016-07-14,-0.002015474901200499,0.0,0.0,-0.002015474901200499,0.4181594812048357,0.4181594812048357,0.0
2016-07-15,-0.0008588520352665374,0.0,0.0,-0.0008588520352665374,0.4169844279523646,0.4169844279523646,0.0
2016-07-18,8.143862435493634e-05,5.064985132819171e-05,8.655177031701049e-18,3.078877302673598e-05,0.4005443123858174,0.4005443123856068,0.2500000000156913
2016-07-19,3.9703534184767725e-05,0.0,2.8872821751364867e-18,3.970353418476484e-05,0.4006134166146169,0.4006134166144062,0.0
2016-07-20,-0.0008346212181390453,0.0,2.901037082012674e-18,-0.0008346212181390482,0.4006372134355034,0.4006372134352916,0.0
2016-07-21,0.0007515321064952374,0.0,2.9057742002865653e-18,0.0007515321064952345,0.4001365546760502,0.40013655467583803,0.0
2016-07-22,0.0011948107272120663,0.0,2.898968403383406e-18,0.0011948107272120635,0.40058703276597574,0.40058703276576413,0.0
2016-07-25,-0.000693704969700632,0.0,8.731552494757577e-18,-0.0006937049697006408,0.4013023631248718,0.4013023631246593,0.0
2016-07-26,-0.0010973984102384537,0.0,2.9079165979993164e-18,-0.0010973984102384566,0.4008867552896023,0.40088675528939005,0.0
2016-07-27,8.57989680647251e-05,0.0,2.9076414323621084e-18,8.579896806472218e-05,0.4002285670726012,0.4002285670723889,0.0
2016-07-28,0.00018640566490063813,0.0,2.8935144419728365e-18,0.00018640566490063523,0.40028002242780364,0.40028002242759236,0.0
2016-07-29,0.0015062039815662168,0.0,2.8918186209541264e-18,0.001506203981566214,0.4003917927943476,0.40039179279413656,0.0
2016-08-01,-0.001608820778783023,4.09208441904383e-05,0.0,-0.0016497416229734614,0.6000000000653498,0.6000000000653498,0.20067563711234748
2016-08-02,-0.003770940485259357,0.0,0.0,-0.003770940485259357,0.599380001422892,0.599380001422892,0.0
2016-08-03,-0.0005668491471177209,0.0,0.0,-0.0005668491471177209,0.597863568874162,0.597863568874162,0.0
2016-08-04,0.0012911086683421633,0.0,0.0,0.0012911086683421633,0.5976354888942111,0.5976354888942111,0.0
2016-08-05,-0.002891958748061381,0.0,0.0,-0.002891958748061381,0.5981543153410103,0.5981543153410103,0.0
2016-08-08,0.0008159147657255364,0.0,0.0,0.0008159147657255364,0.5969888236439809,0.5969888236439809,0.0
2016-08-09,0.0021679931107441786,0.0,0.0,0.0021679931107441786,0.5973173783408936,0.5973173783408936,0.0
2016-08-10,0.0007855892841518587,0.0,0.0,0.0007855892841518587,0.5981885028984277,0.5981885028984277,0.0
2016-08-11,-0.0021169277409203774,0.0,0.0,-0.0021169277409203774,0.59850391392128,0.59850391392128,0.0
2016-08-12,0.0020540658165808297,0.0,0.0,0.0020540658165808297,0.5976521726440512,0.5976521726440512,0.0
2016-08-15,-0.0023471849548613033,1.3156945444249321e-06,0.0,-0.0023485006494057283,0.6000000000346505,0.6000000000346505,0.00656160090643719
2016-08-16,-0.003097914301385944,0.0,0.0,-0.003097914301385944,0.5990597071911605,0.5990597071911605,0.0
2016-08-17,0.0028882363930495345,0.0,0.0,0.0028882363930495345,0.5978137687134373,0.5978137687134373,0.0
2016-08-18,0.0016706518777437622,0.0,0.0,0.0016706518777437622,0.5989720322844241,0.5989720322844241,0.0
2016-08-19,-0.0031020923757329936,0.0,0.0,-0.0031020923757329936,0.5996408929783417,0.5996408929783417,0.0
2016-08-22,0.0016880534056997187,0.0,0.0,0.0016880534056997187,0.5983950774099182,0.5983950774099182,0.0
2016-08-23,-4.523384763192802e-05,0.0,0.0,-4.523384763192802e-05,0.59907186551278,0.59907186551278,0.0
2016-08-24,-0.0010723272409493764,0.0,0.0,-0.0010723272409493764,0.5990537291702567,0.5990537291702567,0.0
2016-08-25,0.00017678108714430055,0.0,0.0,0.00017678108714430055,0.598623322024582,0.598623322024582,0.0
2016-08-26,-0.004215366692432842,0.0,0.0,-0.004215366692432842,0.5986942652886414,0.5986942652886414,0.0
2016-08-29,0.0036286105073557538,1.1186633697502279e-06,1.246736674870925e-15,0.0036274918439847567,0.5999999999029115,0.5999999998725742,0.0055813142414383315
2016-08-30,-0.0014839433722354598,0.0,4.162359508010867e-16,-0.0014839433722358762,0.6014468668064947,0.6014468667761096,0.0
2016-08-31,-1.0487758030260177e-05,0.0,4.1650225453325684e-16,-1.048775803067668e-05,0.6008545575726213,0.6008545575422166,0.0
2016-09-01,-0.0006164303810819709,0.0,4.1534265795063075e-16,-0.0006164303810823863,0.6008503713878137,0.6008503713574938,0.0
2016-09-02,0.0019085964016080956,0.0,4.166077119481024e-16,0.001908596401607679,0.6006041716652246,0.6006041716348123,0.0
2016-09-06,0.003738492265377661,0.0,1.6747740969413388e-15,0.0037384922653759863,0.601365004982481,0.6013650049519164,0.0
2016-09-07,0.0009117508271037063,0.0,4.18924906698258e-16,0.0009117508271032874,0.6028497481274316,0.6028497480968501,0.0
2016-09-08,-0.002950333463464975,0.0,4.189124374819573e-16,-0.002950333463465394,0.6032115203519632,0.6032115203213826,0.0
2016-09-09,-0.01067136902939286,0.0,4.1860047522898557e-16,-0.010671369029393278,0.6020373979698734,0.6020373979393157,0.0
2016-09-12,0.0030453007143186298,0.0,1.2371853615560726e-15,0.0030453007143173925,0.5977447841164075,0.5977447840863026,0.0
2016-09-13,-0.004982155066106452,3.9232262577123124e-05,2.871665279838474e-17,-0.005021387328683604,0.6000000000667547,0.6000000000646584,0.19318644814594946
2016-09-14,0.0008928171594860968,0.0,2.829543782138031e-17,0.0008928171594860685,0.5980207387605092,0.5980207387584436,0.0
2016-09-15,0.0008874692801133149,0.0,2.837544806912992e-17,0.0008874692801132865,0.5983793126018306,0.5983793125997592,0.0
2016-09-16,0.00016059343986634484,0.0,2.8663927156745273e-17,0.00016059343986631617,0.5987354225875048,0.5987354225854123,0.0
2016-09-19,0.0008077913579761929,0.0,8.564680657031669e-17,0.0008077913579761073,0.5987998526992268,0.5987998526971428,0.0
2016-09-20,0.000319897785236035,0.0,2.865583122279487e-17,0.00031989778523600635,0.5991236771284691,0.5991236771263773,0.0
2016-09-21,0.0034899713636843154,0.0,2.8539579638990563e-17,0.003489971363684287,0.5992518755659053,0.5992518755638219,0.0
2016-09-22,0.0035367061523011193,0.0,2.888255466725316e-17,0.0035367061523010903,0.6006456109476919,0.6006456109455836,0.0
2016-09-23,0.00020067245799694892,0.0,2.912522920166966e-17,0.0002006724579969198,0.6020530324361897,0.6020530324340636,0.0
2016-09-26,0.0004099430670137287,0.0,8.648805020679915e-17,0.0004099430670136422,0.6021328734104175,0.602132873408313,0.0
2016-09-27,0.0003916909990182593,5.054545865284346e-05,1.2068057680244025e-15,0.00034114554036420905,0.5483410975490886,0.5483410974609917,0.2500000000871493
2016-09-28,0.0012291000635568923,0.0,1.2152658225532884e-15,0.0012291000635556771,0.5485456546449864,0.5485456545562719,0.0
2016-09-29,-0.0010874050338305183,0.0,1.2198064979734071e-15,-0.001087405033831738,0.5490998560410258,0.54909985595198,0.0
2016-09-30,-0.0003990501674651311,0.0,1.207674450304265e-15,-0.0003990501674663388,0.5486090112066053,0.5486090111184451,0.0
2016-10-03,-0.0016616706312412497,0.0,3.654125340968687e-15,-0.0016616706312449039,0.5484288116489933,0.5484288115600763,0.0
2016-10-04,-0.0024742892632204612,0.0,1.219526567412908e-15,-0.0024742892632216807,0.5476772001365819,0.5476772000475565,0.0
2016-10-05,-0.0013686869613074209,0.0,1.216252258266573e-15,-0.0013686869613086371,0.5465552466514499,0.5465552465626635,0.0
2016-10-06,-0.00014913257389835734,0.0,1.2237677497705249e-15,-0.0001491325738995811,0.5459337721262161,0.5459337720368811,0.0
2016-10-07,0.0005102173881010152,0.0,1.2241261361519696e-15,0.000510217388099791,0.5458660459607692,0.5458660458714079,0.0
2016-10-10,7.358831399046555e-05,0.0,3.6495904743076895e-15,7.358831398681596e-05,0.5460976348394656,0.546097634750659,0.0
2016-10-11,-0.0020561665554505197,3.1804681620771465e-05,1.7605017619751813e-16,-0.002087971237071467,0.6000000000643568,0.6000000000515051,0.15701340852119966
2016-10-12,3.112459169645664e-05,0.0,1.7377238778070035e-16,3.112459169628287e-05,0.5991949352990167,0.5991949352863314,0.0
2016-10-13,0.0001083748582411702,0.0,1.7352732976676003e-16,0.00010837485824099668,0.5992074098047242,0.5992074097920567,0.0
2016-10-14,-0.0008313192886674097,0.0,1.7220111165573748e-16,-0.0008313192886675819,0.5992508409379325,0.5992508409253618,0.0
2016-10-17,0.0007999843182273791,0.0,5.1684033245787125e-16,0.0007999843182268623,0.5989174132472117,0.5989174132346353,0.0
2016-10-18,0.0012424503344947877,0.0,1.7191137533697001e-16,0.0012424503344946158,0.5992380165492974,0.5992380165367479,0.0
2016-10-19,0.0007340188876032963,0.0,1.7331048786161355e-16,0.000734018887603123,0.5997353255280995,0.5997353255154478,0.0
2016-10-20,-0.0003236928167660773,0.0,1.7401005501736806e-16,-0.0003236928167662513,0.6000289118613489,0.6000289118486463,0.0
2016-10-21,0.0006532741666919183,0.0,1.7372987302037122e-16,0.0006532741666917446,0.5998994021718237,0.5998994021591415,0.0
2016-10-24,-0.00021381805817522964,0.0,5.206408974527586e-16,-0.00021381805817575027,0.6001606069181449,0.600160606905476,0.0
2016-10-25,-0.00011260042416890589,4.0541757982427885e-05,0.0,-0.00015314218215133378,0.6000000002044179,0.6000000002044179,0.19952000088024774
2016-10-26,-0.0020283822198298813,0.0,0.0,-0.0020283822198298813,0.5999792819167273,0.5999792819167273,0.0
2016-10-27,-0.0026625672154175634,0.0,0.0,-0.0026625672154175634,0.5991662378404554,0.5991662378404554,0.0
2016-10-28,-0.0007811668421877898,0.0,0.0,-0.0007811668421877898,0.5980961418038726,0.5980961418038726,0.0
2016-10-31,0.00024168908606604262,0.0,0.0,0.00024168908606604262,0.5977819423939417,0.5977819423939417,0.0
2016-11-01,-0.0010403112426502679,0.0,0.0,-0.0010403112426502679,0.5978791306193503,0.5978791306193503,0.0
2016-11-02,-0.00027613806431273135,0.0,0.0,-0.00027613806431273135,0.5974603641105221,0.5974603641105221,0.0
2016-11-03,-0.0008614699175260927,0.0,0.0,-0.0008614699175260927,0.5973491768916349,0.5973491768916349,0.0
2016-11-04,0.0007200184658240265,0.0,0.0,0.0007200184658240265,0.5970020062431902,0.5970020062431902,0.0
2016-11-07,0.0025740448990131232,0.0,0.0,0.0025740448990131232,0.5972919634658305,0.5972919634658305,0.0
2016-11-08,0.0004539655081926357,5.073945591171403e-05,0.0,0.0004032260522809217,0.5493211452392679,0.5493211452392679,0.2500000000646201
2016-11-09,-0.004289127856468132,0.0,0.0,-0.004289127856468132,0.5495535164525044,0.5495535164525044,0.0
2016-11-10,-0.007646600710216368,0.0,0.0,-0.007646600710216368,0.547613171504505,0.547613171504505,0.0
2016-11-11,-0.0018671914572253243,0.0,0.0,-0.0018671914572253243,0.5441272949543345,0.5441272949543345,0.0
2016-11-14,-0.00306575823788554,0.0,0.0,-0.00306575823788554,0.5432745010043128,0.5432745010043128,0.0
2016-11-15,0.005405262126289478,0.0,0.0,0.005405262126289478,0.5418699851372247,0.5418699851372247,0.0
2016-11-16,0.0011085814952812004,0.0,0.0,0.0011085814952812004,0.5443329847967024,0.5443329847967024,0.0
2016-11-17,-0.0002586173848587697,0.0,0.0,-0.0002586173848587697,0.5448375694445634,0.5448375694445634,0.0
2016-11-18,-0.0015196890385869104,0.0,0.0,-0.0015196890385869104,0.5447198260766053,0.5447198260766053,0.0
2016-11-21,0.003110238726202364,0.0,0.0,0.003110238726202364,0.5440268887375294,0.5440268887375294,0.0
2016-11-22,0.0012050075268954534,5.968318757771651e-05,0.0,0.001145324339317737,0.2505535819106998,0.2505535819106998,0.2948872948402473
2016-11-23,-0.0009758793886190235,0.0,0.0,-0.0009758793886190235,0.25147057406849244,0.25147057406849244,0.0
2016-11-25,0.0007091955804090691,0.0,0.0,0.0007091955804090691,0.2507393860786626,0.2507393860786626,0.0
2016-11-28,-4.355601520026693e-05,0.0,0.0,-4.355601520026693e-05,0.2512703818148009,0.2512703818148009,0.0
2016-11-29,0.00010923850915552028,0.0,0.0,0.00010923850915552028,0.25123776871567366,0.25123776871567366,0.0
2016-11-30,-0.0017587910105514501,0.0,0.0,-0.0017587910105514501,0.2513195534514885,0.2513195534514885,0.0
2016-12-01,-0.003388400788811295,0.0,0.0,-0.003388400788811295,0.2500004610043853,0.2500004610043853,0.0
2016-12-02,0.0010578214868514103,0.0,0.0,0.0010578214868514103,0.2474505217586929,0.2474505217586929,0.0
2016-12-05,0.0015891889462266305,0.0,0.0,0.0015891889462266305,0.24824574356398288,0.24824574356398288,0.0
2016-12-06,0.0009194073812541877,0.0,0.0,0.0009194073812541877,0.24943852755944898,0.24943852755944898,0.0
2016-12-07,0.0020743681710863157,3.108830488544097e-05,2.9702978497995402e-18,0.0020432798662008717,0.29889347333201466,0.29889347333179783,0.15123449211127896
2016-12-08,0.0011223871571998801,0.0,2.9387014861175996e-18,0.0011223871571998771,0.300354133948472,0.3003541339482575,0.0
2016-12-09,0.0011981693804642226,0.0,2.9410284134643087e-18,0.0011981693804642196,0.30113852709032807,0.30113852709011335,0.0
2016-12-12,-0.0010261815228899823,0.0,8.920059794008738e-18,-0.0010261815228899912,0.3019748794166085,0.30197487941639145,0.0
2016-12-13,0.0016300611688361954,0.0,2.9906733289999698e-18,0.0016300611688361923,0.30125784312596116,0.30125784312574283,0.0
2016-12-14,-0.00014802894048774413,0.0,3.0099762809423643e-18,-0.00014802894048774714,0.3023949819770274,0.3023949819768077,0.0
2016-12-15,0.0016150886454942763,0.0,2.9948818093484705e-18,0.0016150886454942733,0.3022917009567494,0.3022917009565308,0.0
2016-12-16,-0.0009907144809892204,0.0,3.0094462673057125e-18,-0.0009907144809892235,0.30341674466308693,0.3034167446628673,0.0
2016-12-19,0.0012919126469067965,0.0,9.044444490280656e-18,0.0012919126469067873,0.3027259451597388,0.30272594515951873,0.0
2016-12-20,0.0007052859838766186,0.0,2.9983755714871736e-18,0.0007052859838766155,0.3036256000540102,0.30362560005379136,0.0
2016-12-21,-0.001101690775334804,5.049501835541072e-05,5.1307512268846566e-17,-0.001152185793690266,0.5452332423423789,0.5452332423386335,0.2500000000007321
2016-12-22,-0.0003522714174004183,0.0,5.1249809055498174e-17,-0.0003522714174004695,0.5447592153959966,0.5447592153922555,0.0
2016-12-23,0.000530584165632235,0.0,5.099568392385642e-17,0.000530584165632184,0.5445987905664438,0.5445987905627211,0.0
2016-12-27,0.0007876701206506298,0.0,2.0419857517682231e-16,0.0007876701206504256,0.5448402911008253,0.5448402910970988,0.0
2016-12-28,-0.0031011144007901783,0.0,5.115530048360017e-17,-0.0031011144007902294,0.5451985246338099,0.5451985246300756,0.0
2016-12-29,-0.0007833790141546878,0.0,5.0957104829362845e-17,-0.0007833790141547388,0.543783745838128,0.5437837458344081,0.0
2016-12-30,-0.0016593015548228402,0.0,5.092326050326496e-17,-0.0016593015548228912,0.5434260754071863,0.5434260754034689,0.0
2017-01-03,0.004052516486894211,0.0,2.0293317745156616e-16,0.004052516486894008,0.5426672224182535,0.54266722241455,0.0
2017-01-04,0.0016854184446079123,0.0,5.08209158157933e-17,0.0016854184446078615,0.5445130906280693,0.5445130906243594,0.0
2017-01-05,-0.0018596076471937418,0.0,5.1356796564006325e-17,-0.0018596076471937932,0.5452794849712858,0.5452794849675366,0.0
2017-01-06,0.002403609306083661,5.095989149420238e-05,2.7397260274426817e-06,0.002349909688562016,0.6941972544461301,0.49419725444281426,0.2500000000007192
2017-01-09,-0.0018591698113144591,0.0,8.187816786828792e-06,-0.0018673576281012878,0.694673507552505,0.4954366324063378,0.0
2017-01-10,0.0006470193538127035,0.0,2.7411924802731757e-06,0.0006442781613324304,0.6946079236314643,0.4945008725715225,0.0
2017-01-11,0.0020060157983633957,0.0,2.738672275542832e-06,0.0020032771260878528,0.6947521604673212,0.4948290843526946,0.0
2017-01-12,-0.0019649468471365063,0.0,2.741501050810057e-06,-0.001967688348187316,0.6959713683408579,0.4958417916317238,0.0
2017-01-13,0.001077907653907095,0.0,2.755480880514832e-06,0.0010751521730265803,0.6960006607362077,0.49485055645862486,0.0
2017-01-17,-0.003662603820607574,0.0,1.1000011116231826e-05,-0.003673603831723806,0.6961460410718131,0.4953958382005823,0.0
2017-01-18,0.0026346944542988606,0.0,2.7619127681012856e-06,0.0026319325415307595,0.6951659601332698,0.4935463280618761,0.0
2017-01-19,-0.0005825088949031951,0.0,2.7486097196711453e-06,-0.0005852575046228662,0.695527045130233,0.4948785355942394,0.0
2017-01-20,0.0022424849094354582,0.0,2.738863417444988e-06,0.002239746046018013,0.6945225160405112,0.4945854865670271,0.0
2017-01-23,-0.0022055632683804782,5.099483628800001e-05,2.4373845121124292e-05,-0.002280931949789603,0.9407643134010726,0.3476674154537148,0.2500000000703355
2017-01-24,0.006257443818089331,0.0,8.169159803954142e-06,0.006249274658285377,0.942600294276299,0.34625162858764663,0.0
2017-01-25,0.005232131728876378,0.0,8.09814092589748e-06,0.00522403358795048,0.9414841151754307,0.35031982758491464,0.0
2017-01-26,0.0006191292836102702,0.0,8.030963225985983e-06,0.0006110983203842842,0.9399645122069559,0.35370419670997905,0.0
2017-01-27,-0.0005926000859671744,0.0,8.03203994650066e-06,-0.0006006321259136751,0.9404458479368523,0.35410693184230413,0.0
2017-01-30,-0.004068717348085342,0.0,2.4139005114039055e-05,-0.004092856353199381,0.9411092492060171,0.3537267914310668,0.0
2017-01-31,-0.003852893585094229,0.0,8.078622955580542e-06,-0.00386097220804981,0.94083453146971,0.3510950557123305,0.0
2017-02-01,0.0021200066702270677,0.0,8.128421511229374e-06,0.0021118782487158385,0.9419628212235786,0.34858805090383427,0.0
2017-02-02,-0.0009171908982475534,0.0,8.098206544093162e-06,-0.0009252891047916465,0.9411380434464163,0.3499689657276156,0.0
2017-02-03,0.0032568935018544827,0.0,8.110779790759063e-06,0.003248782722063724,0.941461972479953,0.3493750477545413,0.0
2017-02-06,-0.001882492124959652,1.3064060169080024e-05,2.4320918195374016e-05,-0.001919877103324106,1.000000000020953,0.4081909906001854,0.06497846579991666
2017-02-07,-0.0005658170127078066,0.0,8.149777367071187e-06,-0.0005739667900748778,1.0020238091592242,0.4070900613630274,0.0
2017-02-08,-0.001021323270139005,0.0,8.163579989004638e-06,-0.0010294868501280095,1.0026990489646714,0.406757709767333,0.0
2017-02-09,0.0047982867502286775,0.0,8.19841322805109e-06,0.004790088337000627,1.0046386828795337,0.40615451723180424,0.0
2017-02-10,0.0032465383646130427,0.0,8.126810601543567e-06,0.003238411554011499,1.0022508619995016,0.40899368808682135,0.0
2017-02-13,0.004261910247236154,0.0,2.4294588715050747e-05,0.004237615658521103,1.0020778576740315,0.4109095322744633,0.0
2017-02-14,0.0026383510607604203,0.0,8.053672830170189e-06,0.00263029738793025,1.0013376460525867,0.41341952945016297,0.0
2017-02-15,0.0023739719890736475,0.0,8.009221943381573e-06,0.002365962767130266,0.9996395973516556,0.4149663954848009,0.0
2017-02-16,-0.001621491594442722,0.0,7.975217778017947e-06,-0.0016294668122207399,0.9985461841637392,0.41635528636842906,0.0
2017-02-17,0.0003944761599719767,0.0,8.012074842312354e-06,0.0003864640851296643,1.000292156200003,0.41541069271120096,0.0
2017-02-21,0.003143129592312762,2.1206220159579268e-05,3.0032207218529035e-05,0.003091891164934654,1.0000000000151366,0.4519122182769816,0.10480480110146617
2017-02-22,-0.0006209717881901404,0.0,7.495275101358833e-06,-0.0006284670632914993,1.0008077854838728,0.4536527030846781,0.0
2017-02-23,-0.0023953906355394104,0.0,7.506492844078375e-06,-0.002402897128383489,1.001290603482808,0.4533166258650866,0.0
2017-02-24,0.00013761187845389333,0.0,7.543027526158892e-06,0.00013006885092773445,1.00264837183232,0.4520073624227209,0.0
2017-02-27,0.0018927816838948132,0.0,2.2689210199102996e-05,0.0018700924736957103,1.0041902868171058,0.45208617197226597,0.0
2017-02-28,-0.002411545063071145,0.0,7.529688948298685e-06,-0.0024190747520194435,1.0027988489699737,0.45313155574416963,0.0
2017-03-01,0.011187269136650323,0.0,7.547911539537988e-06,0.011179721225110784,1.0028105224400543,0.45181298005378134,0.0
2017-03-02,-0.004010967897312012,0.0,7.435883950955261e-06,-0.004018403781262967,1.0007007927210754,0.45788126430134135,0.0
2017-03-03,-0.0005678242871976305,0.0,7.442528530742223e-06,-0.0005752668157283727,0.9990060717346982,0.455701488990516,0.0
2017-03-06,-0.0021474845764976117,0.0,2.2363480026652595e-05,-0.0021698480565242643,0.9995736526841712,0.45539563870229127,0.0
2017-03-07,-0.0018947109116926484,5.0539994275009986e-05,3.975892833218329e-06,-0.0019492267988008769,0.8902401768634672,0.6000000000385293,0.250000000032182
2017-03-08,-0.00016634244211015013,0.0,3.977826356739436e-06,-0.00017032026846688957,0.8896547329572819,0.599273408915303,0.0
2017-03-09,-0.0010147948944145202,0.0,3.961634420914603e-06,-0.0010187565288354349,0.8884084366588147,0.5992091239320487,0.0
2017-03-10,0.0011321882755411915,0.0,3.9662831075063735e-06,0.0011282219924336851,0.8883430317418304,0.5988043648938651,0.0
2017-03-13,-0.00011220454613584244,0.0,1.1924717382010268e-05,-0.0001241292635178527,0.8894285773078674,0.5992604543456177,0.0
2017-03-14,-0.0027998650976869964,0.0,4.00315618797491e-06,-0.002803868253874971,0.8914530325855027,0.5992226308633342,0.0
2017-03-15,0.0037493429152032696,0.0,4.014476549916527e-06,0.0037453284386533532,0.8911565468355994,0.5980997586916931,0.0
2017-03-16,-0.001571628751553567,0.0,4.04009402398547e-06,-0.0015756688455775525,0.8945302537294363,0.599603389978497,0.0
2017-03-17,0.0007506264227149486,0.0,4.039071333829911e-06,0.0007465873513811186,0.8938277557073054,0.5989755483377219,0.0
2017-03-20,-0.0007299753295729942,0.0,1.2105552689902445e-05,-0.0007420808822628966,0.8938472096052852,0.599278760817659,0.0
2017-03-21,-0.009291623254326349,5.076662889106728e-05,4.125623706590422e-06,-0.009346515506924006,0.9005852652596096,0.5994147346785088,0.2500000000194874
2017-03-22,0.0017795498163482224,0.0,4.151855619174407e-06,0.001775397960729048,0.8987762044019312,0.5956907442021995,0.0
2017-03-23,-0.0004330715967759549,0.0,4.15307394350069e-06,-0.0004372246707194556,0.8995858242639325,0.5964114263883822,0.0
2017-03-24,0.00039322965860476343,0.0,4.159737910153911e-06,0.0003890699206946095,0.8998999126530546,0.5962390452118191,0.0
2017-03-27,-0.0015381445329135553,0.0,1.247131906515054e-05,-0.0015506158519787059,0.8998689973975453,0.596400233478882,0.0
2017-03-28,0.005596617664787828,0.0,4.1747948640135265e-06,0.005592442869923815,0.9005459491171646,0.5957859240441772,0.0
2017-03-29,0.0007680708655124091,0.0,4.152866970133167e-06,0.0007639179985422759,0.9011973369106967,0.5980380480909755,0.0
2017-03-30,0.0035411555588355337,0.0,4.1672864812367e-06,0.003536988272354297,0.9025609424938258,0.5983490293635466,0.0
2017-03-31,-0.001424006868402806,0.0,4.1431150877844046e-06,-0.0014281499834905905,0.9022162110846943,0.5997688096764326,0.0
2017-04-03,-0.0020174443882684367,0.0,1.2454202184347592e-05,-0.0020298985904527844,0.9022528042175992,0.5992005510651413,0.0
2017-04-04,0.0007122436776522234,2.579109361044224e-05,5.526450737656483e-06,0.0006809261333041247,1.0000000003288687,0.5965690964799454,0.12769470201154576
2017-04-05,-0.0020099604755634275,0.0,5.51379151974859e-06,-0.002015474267083176,0.9993816933730564,0.5968749124314094,0.0
2017-04-06,0.0010280272626650053,0.0,5.5284504298705976e-06,0.0010224988122351348,0.9996431896421762,0.5960663082616227,0.0
2017-04-07,0.0002857316585065875,0.0,5.536169083465886e-06,0.0002801954894231216,1.000624773995183,0.5964844309021734,0.0
2017-04-10,0.00041554808582801913,0.0,1.6564777414415692e-05,0.00039898330841360346,0.999679247509367,0.5966029970919184,0.0
2017-04-11,-0.0020881142843083107,0.0,5.517793471493869e-06,-0.0020936320777798045,0.9995793631625534,0.596780439743501,0.0
2017-04-12,-0.003712847548699826,0.0,5.548552999565477e-06,-0.0037183961016993916,1.0009843735374706,0.595940004569191,0.0
2017-04-13,-0.0033687140215074084,0.0,5.5740871762375315e-06,-0.003374288108683646,1.001345875009975,0.5944375111446353,0.0
2017-04-17,0.0054031038599606064,0.0,2.2385812817798436e-05,0.005380718047142808,1.0016110700497478,0.5930699861249263,0.0
2017-04-18,-0.0019683198509832947,0.0,5.569785662412543e-06,-0.0019738896366457074,1.0018644627206204,0.5952701093645048,0.0
2017-04-19,1.710039515828845e-05,6.153644425748123e-05,2.747321660522233e-06,-4.718337075971501e-05,0.8005544808615499,0.5999999996434269,0.30142386735108445
2017-04-20,0.005555996755534484,0.0,2.7390364749216217e-06,0.005553257719059562,0.7999950748730202,0.600045412203742,0.0
2017-04-21,-0.0004988728617515424,0.0,2.7316598561986035e-06,-0.000501604521607741,0.8016680905660214,0.6022569210635234,0.0
2017-04-24,0.0063514324456770575,0.0,8.156613473064658e-06,0.006343275832203993,0.8005376387534832,0.6020600442422431,0.0
2017-04-25,0.003460601311970063,0.0,2.7210906009128363e-06,0.00345788022136915,0.8032160951719741,0.604576481305337,0.0
2017-04-26,-0.0003780102069748988,0.0,2.712457988769914e-06,-0.0003807226649636687,0.8039512416028656,0.6059418084226619,0.0
2017-04-27,0.0019097277895123346,0.0,2.725041318292695e-06,0.001907002748194042,0.8047224541238667,0.6057944378885,0.0
2017-04-28,-0.0009663378847954345,0.0,2.712289100661594e-06,-0.000969050173896096,0.8045445823189087,0.6065474779706123,0.0
2017-05-01,0.0023340687685780605,0.0,8.151206504417536e-06,0.002325917562073643,0.8045145727633212,0.6061685478224945,0.0
2017-05-02,0.0006414543581894014,0.0,2.7009803776732226e-06,0.0006387533778117281,0.8042621415334673,0.607090573963322,0.0
2017-05-03,-0.0008837908347682887,3.4391625546887554e-05,3.835616438402294e-06,-0.0009220180767535786,0.8800000000264074,0.60000000002304,0.17055057618830782
2017-05-04,-0.00021996326308306878,0.0,3.8260653077132756e-06,-0.00022378932839078205,0.8789718824153976,0.5996691149523286,0.0
2017-05-05,0.0023589572586895963,0.0,3.8139468028845986e-06,0.002355143311886712,0.8780014486510128,0.5995833320404371,0.0
2017-05-08,0.0007776469465725982,0.0,1.1427398966172939e-05,0.0007662195476064252,0.8785946680676637,0.6005279598907889,0.0
2017-05-09,0.0007464706094545901,0.0,3.7890986598960717e-06,0.0007426815107946941,0.8774494296513943,0.6008452274789812,0.0
2017-05-10,8.078950916773939e-07,0.0,3.7926140024713544e-06,-2.9847189107939606e-06,0.8780060608148086,0.6011452386343998,0.0
2017-05-11,-0.0010077477438834523,0.0,3.8109191582124855e-06,-0.0010115586630416648,0.8793449393363313,0.6011478407868199,0.0
2017-05-12,-0.0007579884448346715,0.0,3.819350910121304e-06,-0.0007618077957447928,0.8795604011076765,0.6007477846688214,0.0
2017-05-15,0.0021619547017811174,0.0,1.151742351642395e-05,0.0021504372782646932,0.8807045271646496,0.6004472215983335,0.0
2017-05-16,-2.0813192289217405e-05,0.0,3.8398241635372465e-06,-2.465301645275465e-05,0.8816232477157585,0.6013160837775393,0.0
2017-05-17,-0.010003658698504923,5.0294571166056566e-05,3.829577994540878e-06,-0.01005778284766552,0.8795591935289099,0.5999999999274257,0.25000000005864914
2017-05-18,0.0030441859185191206,0.0,3.845605509636315e-06,0.003040340313009484,0.876719888332691,0.5959906861292399,0.0
2017-05-19,0.0033979857953577155,0.0,3.813330187894243e-06,0.0033941724651698215,0.8755922263896747,0.5972191226733949,0.0
2017-05-22,0.003943529876460948,0.0,1.1448477651060929e-05,0.0039320813988098875,0.8771650292069008,0.5985854063644181,0.0
2017-05-23,0.0011889721191328205,0.0,3.7941522585725984e-06,0.001185177966874248,0.8771421376660233,0.6001690227902237,0.0
2017-05-24,0.0020904784484406733,0.0,3.7700775817012217e-06,0.002086708370858972,0.875861785823437,0.6006461223592479,0.0
2017-05-25,0.003046111149807583,0.0,3.7692313094288085e-06,0.003042341918498154,0.8766353699476622,0.601481484359359,0.0
2017-05-26,0.0003521782588955172,0.0,3.7727880482098985e-06,0.0003484054708473073,0.8781075218255843,0.6026939943062617,0.0
2017-05-30,0.00025047826242040983,0.0,1.5133900716155702e-05,0.00023534436170425413,0.8790298292253956,0.6028361411555541,0.0
2017-05-31,0.0005615677790756025,0.0,3.791128607084941e-06,0.0005577766504685177,0.8796971080949563,0.6029447197777555,0.0
2017-06-01,0.00344058279211626,1.1172013320722575e-06,3.825715736703113e-06,0.0034356398750474844,0.8792772488728748,0.6000000000935476,0.005576831180502555
2017-06-02,0.003719598423412167,0.0,3.827363227073325e-06,0.0037157710601850935,0.8807719923298464,0.6013744767534936,0.0
2017-06-05,-0.0007465182091896501,0.0,1.1460125855553076e-05,-0.0007579783350452033,0.8817170701866968,0.6028540077015717,0.0
2017-06-06,-0.0021561538916485008,0.0,3.821338522102012e-06,-0.002159975230170603,0.8815219322301509,0.6025642201167041,0.0
2017-06-07,0.0007742285207154565,0.0,3.825352953937313e-06,0.0007704031677615192,0.8809585056767663,0.6017077400393424,0.0
2017-06-08,-0.0007055112289303581,0.0,3.823396032492396e-06,-0.0007093346249628505,0.8811260822253568,0.6020181718534119,0.0
2017-06-09,-0.004902396266194996,0.0,3.82899417900268e-06,-0.004906225260373999,0.8812560703508896,0.601739495283694,0.0
2017-06-12,-0.0007620784801419551,0.0,1.1508262178449275e-05,-0.0007735867423204043,0.879814133270848,0.5997797535952489,0.0
2017-06-13,0.0031266807973713315,0.0,3.83571701751272e-06,0.0031228450803538186,0.8794887682769552,0.5994814259985267,0.0
2017-06-14,-0.0006387475083002138,0.0,3.829627429590847e-06,-0.0006425771357298046,0.8802949158308673,0.6007321134707355,0.0
2017-06-15,-0.0020601418111686116,5.0365560259278616e-05,3.823973675424052e-06,-0.0021143313451033145,0.8791500783466732,0.6000000000407174,0.2500000000302771
2017-06-16,-1.6317878587886403e-05,0.0,3.817407767423636e-06,-2.013528635531004e-05,0.877877546928429,0.5992067799065035,0.0
2017-06-19,0.004357671326497217,0.0,1.146520356021846e-05,0.004346206122936998,0.8781891471077005,0.5992025271423845,0.0
2017-06-20,-0.004503259441608241,0.0,3.815393339906301e-06,-0.004507074834948148,0.8794720668704155,0.6009483530572555,0.0
2017-06-21,7.976515260542903e-05,0.0,3.81959369484107e-06,7.594555891058796e-05,0.8779758268867117,0.5991454871633137,0.0
2017-06-22,0.0004978984087641769,0.0,3.8172565641746085e-06,0.0004940811522000023,0.8778394764598709,0.5991797472751246,0.0
2017-06-23,0.0018945364129559071,0.0,3.807850298102314e-06,0.0018907285626578048,0.8773545743419552,0.5993815025804863,0.0
2017-06-26,7.8165178554393e-05,0.0,1.1380758855090065e-05,6.678441969930293e-05,0.8770731334376165,0.600141334630425,0.0
2017-06-27,-0.004806620302026534,0.0,3.8063951418883734e-06,-0.004810426697168422,0.8780462625327392,0.6001794171748879,0.0
2017-06-28,0.004876893870830701,0.0,3.810359525116843e-06,0.004873083511305584,0.8764068830456393,0.5982506377121097,0.0
2017-06-29,-0.00596605947590656,5.0762903923786495e-05,4.6532481181086955e-06,-0.0060214756279484555,0.93968711259708,0.5999999999751454,0.25000000000349903
2017-06-30,0.0014340804642674323,0.0,4.6728303148974475e-06,0.001429407633952535,0.9387491834442256,0.5976325704567121,0.0
2017-07-03,-0.0014241680905106519,0.0,1.4016899125600875e-05,-0.0014381849896362528,0.9392894414694256,0.598211562746471,0.0
2017-07-05,0.00025263907421320376,0.0,9.399846456923413e-06,0.00024323922775628035,0.9407413171652507,0.5976469214875461,0.0
2017-07-06,-0.004884644857865868,0.0,4.704560593528967e-06,-0.004889349418459397,0.9411870866283046,0.59775416330069,0.0
2017-07-07,0.002055806219846849,0.0,4.714583307666747e-06,0.002051091636539182,0.9399470887580845,0.5957825072984119,0.0
2017-07-10,0.000528774950855342,0.0,1.4140176272306346e-05,0.0005146347745830357,0.9406922249233707,0.5966146022972495,0.0
2017-07-11,0.000836626557727862,0.0,4.719445432651824e-06,0.0008319071122952101,0.9413557411557923,0.5968362245722092,0.0
2017-07-12,0.00500459315813599,0.0,4.7048422595822965e-06,0.0049998883158764084,0.9406295410710648,0.5971760561215571,0.0
2017-07-13,0.0003090667126352722,0.0,4.691198060418626e-06,0.00030437551457485355,0.9416422506484917,0.5991847922379319,0.0
2017-07-14,0.0030013500816127156,3.474609666058777e-05,3.5667432777815415e-06,0.002963037241674346,0.8603722594728395,0.6000000001947868,0.17303021226858567
2017-07-17,5.958085656065846e-05,0.0,1.0669841968622485e-05,4.8911014592035974e-05,0.8608527345193867,0.6012199132829062,0.0
2017-07-18,0.0014814087326794078,0.0,3.5525587970867163e-06,0.0014778561738823211,0.8605868785750486,0.6012500863877182,0.0
2017-07-19,0.0020393540729675913,0.0,3.543859941301023e-06,0.0020358102130262905,0.8605438348326031,0.6018420591176286,0.0
2017-07-20,0.0008738921365218767,0.0,3.5505621748027913e-06,0.000870341574347074,0.8618455617184358,0.6026545229578321,0.0
2017-07-21,4.260850536156238e-05,0.0,3.5381537361810153e-06,3.907035162538136e-05,0.8612888187364925,0.6030035959952783,0.0
2017-07-24,-0.0016967381798104022,0.0,1.0600380039484913e-05,-0.001707338559849887,0.8609652251546928,0.6030226441938933,0.0
2017-07-25,0.00028150451339007434,0.0,3.5521918152960623e-06,0.0002779523215747783,0.8616643313029247,0.6023543287863122,0.0
2017-07-26,0.0017358691039940657,0.0,3.558669906253922e-06,0.0017323104340878116,0.8622512789725052,0.6024683758159688,0.0
2017-07-27,0.0008593945803963207,0.0,3.549076731124216e-06,0.0008558455036651965,0.8622419869948982,0.6031593856228304,0.0
2017-07-28,0.00027491641043970885,5.0470180394141495e-05,4.942192488876258e-06,0.0002195040375566911,0.960780051710118,0.6000000000221511,0.25000000001694395
2017-07-31,0.000510288372082291,0.0,1.4826731988538908e-05,0.0004954616400937521,0.9609269943020157,0.6001431825809023,0.0
2017-08-01,0.00036133635677379207,0.0,4.937051044162839e-06,0.00035639930572962925,0.9607607437997635,0.6003560175758762,0.0
2017-08-02,4.797495883568917e-05,0.0,4.959333091728423e-06,4.3015625743960744e-05,0.9625346506571566,0.6005033349609816,0.0
2017-08-03,0.0006231176328815508,0.0,4.96215267619457e-06,0.0006181554802053563,0.9627626233028121,0.6005254779406084,0.0
2017-08-04,-0.0006293456591538148,0.0,4.9617391462534685e-06,-0.0006343073983000682,0.9629841795179294,0.6007772218414261,0.0
2017-08-07,0.0007678353994998269,0.0,1.4924218668606088e-05,0.0007529111808312209,0.9636847836432412,0.600528796040493,0.0
2017-08-08,-0.0019515248317562128,0.0,4.976205531377738e-06,-0.0019565010372875904,0.9641072528774921,0.6008442490869171,0.0
2017-08-09,-0.000946898141619973,0.0,4.9758758098332355e-06,-0.0009518740174298062,0.9633056896025348,0.6000667554847086,0.0
2017-08-10,-0.005878601195251391,0.0,4.9777997143093775e-06,-0.0058835789949657005,0.9630700664714342,0.5996906873268497,0.0
2017-08-11,0.0004244752826880836,4.505041220696399e-05,3.3676832031919124e-06,0.0003760571872779277,0.8458408739156755,0.6000000000826657,0.2236996304784443
2017-08-14,0.0037820246604503734,0.0,1.0111715217882818e-05,0.0037719129452324905,0.8462505032739712,0.6001987663054894,0.0
2017-08-15,-0.0009336296460796061,0.0,3.38947469606757e-06,-0.0009370191207756736,0.8491428415567582,0.6017111887438257,0.0
2017-08-16,0.0017266195220740261,0.0,3.398471976572568e-06,0.0017232210500974536,0.849429481428079,0.6013410271382815,0.0
2017-08-17,-0.006195675511066774,0.0,3.3954685406484687e-06,-0.006199070979607423,0.8498994189875146,0.6020302155201764,0.0
2017-08-18,-6.589471955306613e-05,0.0,3.3838696948377345e-06,-6.927858924790386e-05,0.8465736881798039,0.5995512004566493,0.0
2017-08-21,0.0010602658043819253,0.0,1.0142517816239144e-05,0.0010501232865656861,0.8463281069726145,0.5995268401107953,0.0
2017-08-22,0.003718539686926099,0.0,3.366005376223445e-06,0.0037151736815498756,0.8456754694819727,0.5999570770176612,0.0
2017-08-23,-0.0018120384304298753,0.0,3.382359276144938e-06,-0.0018154207897060203,0.8483533855006942,0.6014411583421138,0.0
2017-08-24,-0.0009179289737607994,0.0,3.381522312339808e-06,-0.0009213104960731391,0.8475708077063604,0.6007196789055547,0.0
2017-08-25,0.0024087715161613147,2.084878026019543e-05,2.42139880278704e-06,0.0023855013370983323,0.7767621126466031,0.6000000000431491,0.10368260969081791
2017-08-28,0.0005970210462278397,0.0,7.206374923708773e-06,0.0005898146713041309,0.7763302676920073,0.6009751445484272,0.0
2017-08-29,0.00012903442366785748,0.0,2.399999105450005e-06,0.00012663442456240748,0.7764174933557634,0.601217558657913,0.0
2017-08-30,0.0007890818638392008,0.0,2.405515577402851e-06,0.0007866763482617979,0.7768730886943513,0.6012704515439432,0.0
2017-08-31,0.00422654700783409,0.0,2.4244546979705178e-06,0.00422412255313612,0.7785714726619435,0.6015862797100957,0.0
2017-09-01,-0.0001131493791777639,0.0,2.4216888671261156e-06,-0.00011557106804489002,0.7800478505709166,0.6032645632707101,0.0
2017-09-05,-0.0023657693491522533,0.0,9.693242847884955e-06,-0.002375462592000138,0.7801228107755558,0.6032211288016553,0.0
2017-09-06,0.0017406295245433797,0.0,2.4121321330807376e-06,0.001738217392410299,0.7783717131903677,0.6022860674754739,0.0
2017-09-07,0.0030265987506462927,0.0,2.4100507090588606e-06,0.0030241886999372337,0.7789122908904389,0.602978589129142,0.0
2017-09-08,0.0011728149883441425,0.0,2.3957436506002104e-06,0.0011704192446935424,0.7790673259738579,0.6041780394800426,0.0
2017-09-11,0.0036577156723709902,3.0430663298884234e-05,1.3158421913140384e-05,0.0036141265871589656,0.9201882666427635,0.6000000000896808,0.1511938580747897
2017-09-12,0.0015766508634111381,0.0,4.384178054085129e-06,0.001572266685357053,0.9215288748390476,0.6014838768908332,0.0
2017-09-13,-0.0013210407233373521,0.0,4.376043588295195e-06,-0.0013254167669256474,0.9215650261617402,0.602113844216191,0.0
2017-09-14,0.0010533091084711725,0.0,4.387805098445338e-06,0.001048921303372727,0.9218999333658078,0.6015901611792981,0.0
2017-09-15,0.0005743100795526237,0.0,4.375979775378094e-06,0.0005699340997772456,0.9214585306712697,0.6020120070686688,0.0
2017-09-18,0.0006363857782148512,0.0,1.3114515241692778e-05,0.0006232712629731584,0.9213629491627449,0.602243078281554,0.0
2017-09-19,0.0006558204089589061,0.0,4.369992492190384e-06,0.0006514504164667157,0.9215133925976206,0.6025039406677225,0.0
2017-09-20,0.00027656154027748506,0.0,4.362748308799162e-06,0.0002721987919686859,0.9212477147483757,0.602767088206037,0.0
2017-09-21,-0.0005318196689399876,0.0,4.363781630033096e-06,-0.0005361834505700207,0.9214356056544265,0.6028795466620104,0.0
2017-09-22,0.0009205166501164747,0.0,4.351227281539394e-06,0.0009161654228349353,0.9203104606916194,0.6026708691392436,0.0
2017-09-25,-0.0004584415638766293,5.040911899852695e-05,9.158999227906638e-06,-0.0005180096821030629,0.822868980781093,0.5999999995686982,0.2500000003450119
2017-09-26,-0.0004110500374503624,0.0,3.0524257310943824e-06,-0.0004141024631814568,0.8226793656673632,0.5998522872974733,0.0
2017-09-27,-0.0004969256220623137,0.0,3.0629899083103922e-06,-0.0004999886119706241,0.8232878334948407,0.599689570188182,0.0
2017-09-28,0.00048653417929322583,0.0,3.0932760399923543e-06,0.00048344090325323346,0.8253015348504902,0.5994923839310482,0.0
2017-09-29,0.0013347600238250788,0.0,3.0891269535093315e-06,0.0013316708968715695,0.8251952715227984,0.5996890039166173,0.0
2017-10-02,0.00039180372865605994,0.0,9.27891342614336e-06,0.0003825248152299166,0.8260113558616395,0.600224462492151,0.0
2017-10-03,0.0017818935784174631,0.0,3.108752471846824e-06,0.0017787848259456162,0.8273255338910755,0.6003866034462574,0.0
2017-10-04,0.0001302484609470483,0.0,3.1063590710187888e-06,0.0001271421018760295,0.8278634829473264,0.6010992707629547,0.0
2017-10-05,0.00031591350494089153,0.0,3.103157283384949e-06,0.0003128103476575066,0.8276835690439273,0.6011530873568258,0.0
2017-10-06,-0.0004466537973543533,0.0,3.121770120383081e-06,-0.0004497755674747364,0.8291701327579929,0.601280913970028,0.0
2017-10-09,-0.00020684952154184064,5.050487531118745e-05,1.615158243496377e-05,-0.00027350597928799185,0.9930218393383715,0.6000000000875865,0.2500000000863682
2017-10-10,0.002758211576915916,0.0,5.38009988394932e-06,0.0027528314770319667,0.9927045339874746,0.5999572424591743,0.0
2017-10-11,0.001288346508305871,0.0,5.357641548754409e-06,0.0012829888667571167,0.9921686679093749,0.6010608348503033,0.0
2017-10-12,1.6843706389074e-05,0.0,5.343942865018606e-06,1.1499763524055393e-05,0.9916851934440802,0.601577364297722,0.0
2017-10-13,0.001808347815194592,0.0,5.350202212358083e-06,0.001802997612982234,0.9921520513946781,0.6015872898925382,0.0
2017-10-16,0.0002513745315367061,0.0,1.60486376688689e-05,0.0002353258938678372,0.9928265247442656,0.6023096748017889,0.0
2017-10-17,-0.00023675654562272728,0.0,5.3573778630230406e-06,-0.00024211392348575032,0.9935078684774049,0.602419284476723,0.0
2017-10-18,0.0005057808135711635,0.0,5.36225025569461e-06,0.0005004185633154689,0.9937726286792764,0.6023283600135698,0.0
2017-10-19,0.00042487798563822093,0.0,5.3534201609833575e-06,0.0004195245654772376,0.993332294069715,0.6025326223179299,0.0
2017-10-20,0.0009935362072297752,0.0,5.346355762243144e-06,0.0009881898514675321,0.992988621540539,0.6027046508967895,0.0
2017-10-23,-0.0012287524908092817,4.048771645781638e-05,1.643835616086577e-05,-0.0012856785634279637,1.0000000002230356,0.6000000003086351,0.19995286338552573
2017-10-24,0.000814981703022544,0.0,5.48796032575061e-06,0.0008094937426967934,1.000163169980007,0.5995420662002128,0.0
2017-10-25,-0.0029079423677673415,0.0,5.503631893129266e-06,-0.002913445999660471,1.0016365839118493,0.5998714557134128,0.0
2017-10-26,-0.0012060429785740777,0.0,5.506500195568726e-06,-0.0012115494787696465,1.000682330514346,0.5987078162378291,0.0
2017-10-27,0.0016841253204045443,0.0,5.553868933612984e-06,0.0016785714514709314,1.0036589864830865,0.5982265543293388,0.0
2017-10-30,0.00048082861363522,0.0,1.6711207755959707e-05,0.00046411740587926027,1.0055447629148542,0.5989053741865016,0.0
2017-10-31,0.00020644171258560155,0.0,5.540957597761825e-06,0.00020090075498783972,1.0035980509180567,0.5991081462814434,0.0
2017-11-01,-1.0377760027871068e-05,0.0,5.554076566592703e-06,-1.593183659446377e-05,1.0046417987862384,0.5991942094249711,0.0
2017-11-02,0.0008925011081035171,0.0,5.572281899299742e-06,0.0008869288262042174,1.00596995656481,0.5991933779159286,0.0
2017-11-03,-0.00017428683157748721,0.0,5.578065926611544e-06,-0.00017986489750409875,1.0067529298372655,0.5995541171946229,0.0
2017-11-06,6.506517792256132e-05,2.0513834409675623e-05,1.643835616474038e-05,2.811298734814531e-05,0.9999999999956427,0.5999999999869601,0.10104616948364557
2017-11-07,0.00208822146156519,0.0,5.48648908900272e-06,0.0020827349724761874,1.0005618995147383,0.6000481960175397,0.0
2017-11-08,0.00020232746902956172,0.0,5.4165597975144875e-06,0.00019691090923204722,0.9962937986324075,0.6008849334138499,0.0
2017-11-09,-0.0026236163129925326,0.0,5.423596898681304e-06,-0.0026290399098912137,0.9968914971494589,0.6009689235457238,0.0
2017-11-10,-0.0004630939575052932,0.0,5.404474786988386e-06,-0.0004684984322922816,0.9944491869505248,0.5999225275003726,0.0
2017-11-13,0.00010671308385121401,0.0,1.618664294939926e-05,9.052644090181475e-05,0.993615389420578,0.5997404109851961,0.0
2017-11-14,-0.000514006342882721,0.0,5.363403585233913e-06,-0.0005193697464679549,0.9913212886812199,0.5997928269591444,0.0
2017-11-15,-0.00131502472871537,0.0,5.334978619394482e-06,-0.0013203597073347647,0.9890436688576123,0.5995902296418154,0.0
2017-11-16,0.003315493632207717,0.0,5.3216353645745526e-06,0.003310171996843142,0.9875455693833997,0.5990661877694573,0.0
2017-11-17,-0.0022883848600800073,0.0,5.3604515933057e-06,-0.002293745311673313,0.9917072394031277,0.6003942730918114,0.0
2017-11-20,0.0006268915647716052,5.0570715679844935e-05,1.643835616912149e-05,0.0005598824929226388,0.9999999999733328,0.5999999998580431,0.25000000004056916
2017-11-21,0.002711203499065254,0.0,5.4874943594348175e-06,0.0027057160047058194,1.00087788735247,0.6002907991137283,0.0
2017-11-22,0.0013516250442597438,0.0,5.494661254978681e-06,0.0013461303830047651,1.0024851246615174,0.6013748530480738,0.0
2017-11-24,0.0013011735937635974,0.0,1.0920023095215863e-05,0.0012902535706683816,1.0004970633554355,0.6019162203800565,0.0
2017-11-27,-0.0010640847602879028,0.0,1.6402234614780792e-05,-0.0010804869949026835,1.0015611357850773,0.6024400934920782,0.0
2017-11-28,0.0037772586374835862,0.0,5.465173667646971e-06,0.003771793463815939,1.000984168263619,0.6020264905253899,0.0
2017-11-29,0.0011423630179062895,0.0,5.469544650619125e-06,0.0011368934732556703,1.0028041280740299,0.6035273685788337,0.0
2017-11-30,0.0047144738611453385,0.0,5.432311800991555e-06,0.004709041549344347,1.0005418286620786,0.6039830671896953,0.0
2017-12-01,-0.000827290328015783,0.0,5.37887050290274e-06,-0.0008326691985186857,0.9985021403986241,0.6058445936867242,0.0
2017-12-04,4.200443055311898e-05,0.0,1.6020862704203508e-05,2.5983567848915474e-05,0.995362494931802,0.60552150246285,0.0
2017-12-05,-0.0005733348157671475,6.0659255856971457e-05,1.862806325276843e-06,-0.0006358568779493959,0.735984861571342,0.5999999998261325,0.29669446024328655
2017-12-06,0.00038101875237108286,0.0,1.8668606834876257e-06,0.0003791518916875952,0.7360888869835115,0.5998080570889148,0.0
2017-12-07,0.0003159655722515072,0.0,1.846736364469871e-06,0.0003141188358870373,0.7347733538722849,0.5999615992659844,0.0
2017-12-08,0.0002613435459614161,0.0,1.872666837265522e-06,0.0002594708791241506,0.7367937446799167,0.6000890655595337,0.0
2017-12-11,0.0004165770577828474,0.0,5.683820418811877e-06,0.00041089323736403556,0.7385009729230065,0.6001946760652508,0.0
2017-12-12,0.001287827260311393,0.0,1.9038650249134944e-06,0.0012859233952864796,0.7393467142010284,0.6003645673823432,0.0
2017-12-13,0.001051460290799746,0.0,1.880592403458641e-06,0.0010495796983962873,0.738162954819108,0.6008797093666273,0.0
2017-12-14,-0.0025244259362530437,0.0,1.8920572410000481e-06,-0.0025263179934940437,0.7394202359176181,0.6013000573246146,0.0
2017-12-15,0.0014166878442420999,0.0,1.899976335276053e-06,0.001414787867906824,0.7389904327493675,0.6002921602742155,0.0
2017-12-18,0.0033527511376934497,0.0,5.716575705123249e-06,0.0033470345619883266,0.7399621025918695,0.6008587604338704,0.0
2017-12-19,-0.002542026323234188,5.0571492607837226e-05,2.60827706223622e-06,-0.002595206092904261,0.7904042255621008,0.6000000000188566,0.25000000002037487
2017-12-20,-0.0005066778005094702,0.0,2.614346211109494e-06,-0.0005092921467205798,0.789859808086331,0.5990125346753379,0.0
2017-12-21,0.0008270350796354984,0.0,2.621083288156159e-06,0.0008244139963473423,0.7901499065615492,0.5988108265261495,0.0
2017-12-22,0.0006461906725390351,0.0,2.6174915585730127e-06,0.0006435731809804621,0.7902208027489871,0.5991439189731572,0.0
2017-12-26,-0.0007705067721932768,0.0,1.0535741646175715e-05,-0.0007810425138394525,0.7916816341247708,0.5994043490820639,0.0
2017-12-27,0.0007223234506915982,0.0,2.6401945563511213e-06,0.0007196832561352471,0.7918359688730674,0.5991017662594357,0.0
2017-12-28,0.0008228463380262559,0.0,2.631364880410442e-06,0.0008202149731458455,0.7914823530779534,0.5993927168079911,0.0
2017-12-29,-0.0012759817278191353,0.0,2.62508035322642e-06,-0.0012786068081723618,0.791354526605192,0.5997236608196633,0.0
2018-01-02,0.004558139896625797,0.0,1.057434930452725e-05,0.00454756554732127,0.7921957127922648,0.5992138379846426,0.0
2018-01-03,0.003548420158977822,0.0,2.6411850876863983e-06,0.0035457789738901355,0.7938452263297594,0.6010387149286525,0.0
2018-01-04,0.004556932128567434,5.050347334524326e-05,4.42308999944222e-06,0.004502005565222749,0.9228855700054011,0.6000000000461189,0.25000000003388073
2018-01-05,0.0033183933952984136,0.0,4.402941185654367e-06,0.0033139904541127593,0.9232621183302181,0.6018474117774493,0.0
2018-01-08,0.0009347229339237686,0.0,1.3207478543763453e-05,0.0009215154553800052,0.924548893669888,0.6031669157716438,0.0
2018-01-09,0.000701059549432298,0.0,4.402880652300957e-06,0.000696656668779997,0.9249557498520642,0.6035454622340944,0.0
2018-01-10,-0.0005771292047807208,0.0,4.37854875943564e-06,-0.0005815077535401565,0.9234599219084572,0.6038258624696554,0.0
2018-01-11,0.004854422953437222,0.0,4.371881404954032e-06,0.004850051072032268,0.9227470737502398,0.6035997311885957,0.0
2018-01-12,0.004286587497595351,0.0,4.362732815305804e-06,0.004282224764780045,0.9239968595189464,0.6055173640016227,0.0
2018-01-16,-0.0018955007099039445,0.0,1.733673938635873e-05,-0.0019128374492903032,0.9235992622855925,0.6072037684845458,0.0
2018-01-17,0.0034177477949000855,0.0,4.32411871099101e-06,0.0034134236761890944,0.9221290090355397,0.606468343133196,0.0
2018-01-18,-0.0002886655378203424,0.0,4.33469857497385e-06,-0.00029300023639531627,0.9242443691692623,0.6078113731961714,0.0
2018-01-19,0.0015833652004447584,4.781643704398253e-05,3.7301027409102884e-06,0.0015318186606598655,0.8722975001258482,0.6000000000393971,0.2373182321295267
2018-01-22,0.002926483882458578,0.0,1.1251910226305352e-05,0.002915231972232273,0.8744597402258147,0.6006632580523846,0.0
2018-01-23,0.0011753150617345633,0.0,3.7461611448683014e-06,0.001171568900589695,0.8753050161399365,0.6018352525645504,0.0
2018-01-24,0.0005635230028840687,0.0,3.7622569930625315e-06,0.0005597607458910062,0.8769496863999858,0.6023049259064209,0.0
2018-01-25,0.0003017592937809209,0.0,3.748252414970704e-06,0.0002980110413659502,0.876153601901885,0.6025311756090237,0.0
2018-01-26,0.004558630863028985,0.0,3.7352615734045026e-06,0.00455489560145558,0.8753274324126262,0.6026533375540973,0.0
2018-01-29,-0.004166310904099123,0.0,1.1226780464219044e-05,-0.004177537684563342,0.8776437133388288,0.604458722042832,0.0
2018-01-30,-0.00385859943761612,0.0,3.7366130024356675e-06,-0.0038623360506185554,0.8755834246298948,0.6028106754520911,0.0
2018-01-31,0.00017536219964094774,0.0,3.7183945413662446e-06,0.0001716438050995815,0.8727172013248924,0.6012743998051564,0.0
2018-02-01,0.00022970699732684154,0.0,3.7280625932853295e-06,0.0002259789347335562,0.8734951139055287,0.6013465445956995,0.0
2018-02-02,-0.011422061761885519,5.068874981001559e-05,2.6465347366050053e-06,-0.01147539704643214,0.7406638100272471,0.5474667742550817,0.25000000017654883
2018-02-05,-0.018889964938491485,0.0,8.012399987317135e-06,-0.0188979773384788,0.7372358464413912,0.5422674467500076,0.0
2018-02-06,0.010300657698512301,0.0,2.711951989227225e-06,0.010297945746523074,0.7314312688401102,0.5334587736265228,0.0
2018-02-07,-0.003108327810194973,0.0,2.6983201026268687e-06,-0.0031110261302975998,0.7351942703512875,0.5382169028595261,0.0
2018-02-08,-0.014418860378792281,0.0,2.678095811870466e-06,-0.01442153847460415,0.7322795012773677,0.5367785070108237,0.0
2018-02-09,0.005438839670806517,0.0,2.6863066596322183e-06,0.0054361533641468845,0.7261034929819752,0.5300031068288231,0.0
2018-02-12,0.007004368012371383,0.0,8.015887484456449e-06,0.006996352124886926,0.7276002017837934,0.5325469396620197,0.0
2018-02-13,2.785283517050326e-06,0.0,2.6565744317131045e-06,1.2870908533722156e-07,0.7297325772246104,0.5358026437095538,0.0
2018-02-14,0.00678860371190962,0.0,2.648652284225504e-06,0.006785955059625394,0.7291569767785148,0.535805360030053,0.0
2018-02-15,0.004702373440025752,0.0,2.6375698699937312e-06,0.004699735870155758,0.7314793635972121,0.5389367630876696,0.0
2018-02-16,-0.0003315538785505182,0.00011857654200355088,1.3566074973241602e-06,-0.0004514870280513932,0.14951617365233183,0.05048382634766817,0.5842544309198644
2018-02-20,-0.00032126411528714537,0.0,5.46643464902279e-06,-0.0003267305499361682,0.14993735814191445,0.05017492579724854,0.0
2018-02-21,-0.00020379499754216978,0.0,1.3758599543184162e-06,-0.0002051708574964882,0.1503077323852635,0.0498699557200191,0.0
2018-02-22,0.00018240814041183679,0.0,1.3814260823548212e-06,0.00018102671432948197,0.15052045687429294,0.04967635286239099,0.0
2018-02-23,-8.522726257870843e-05,0.0,1.3764802060071628e-06,-8.66037427847156e-05,0.15033279190725019,0.04984973686872729,0.0
2018-02-26,4.2381332872669885e-05,0.0,4.1386041506524785e-06,3.8242728722017405e-05,0.15047485410475847,0.04976881977221481,0.0
2018-02-27,-0.000299489747635798,0.0,1.3777208001913655e-06,-0.00030086746843598934,0.1503829146756524,0.04980929626168271,0.0
2018-02-28,-0.0001391076448820377,0.0,1.386943358427902e-06,-0.0001404945882404656,0.15077157205246994,0.04952470688723311,0.0
2018-03-01,0.0001813030028456604,0.0,1.3912491225503904e-06,0.00017991175372311,0.15095372457290607,0.049392538626727586,0.0
2018-03-02,0.00022528416239527398,0.0,1.3863015635122908e-06,0.0002238978608317617,0.15076493845351344,0.049564924317116205,0.0
2018-03-05,0.0,1.0370997825639952e-05,9.305404340920139e-17,-1.0370997825733006e-05,0.10000000000113217,0.09999999999886784,0.05052789093515421
2018-03-06,2.710403736621212e-16,0.0,3.1018336160830677e-17,2.400220375012905e-16,0.10000103711167062,0.10000103710940629,0.0
2018-03-07,0.0,0.0,3.1010910397168694e-17,-3.1010910397168694e-17,0.10000103711167033,0.10000103710940653,0.0
2018-03-08,-1.0950610491818902e-05,0.0,3.1010910397168694e-17,-1.0950610491849914e-05,0.10000103711167033,0.10000103710940653,0.0
2018-03-09,2.1891110411194182e-05,0.0,3.101867583426771e-17,2.1891110411163164e-05,0.0999911814656599,0.09999118146339554,0.0
2018-03-12,1.0971191050260361e-05,0.0,9.300933321860747e-17,1.0971191050167352e-05,0.10001088322678298,0.10001088322451976,0.0
2018-03-13,-2.7166182939704864e-16,0.0,3.101765651523913e-17,-3.0267948591228777e-16,0.10002075707099953,0.10002075706873523,0.0
2018-03-14,1.357681752460241e-16,0.0,3.102509930508563e-17,1.0474307594093846e-16,0.10002075707099982,0.10002075706873499,0.0
2018-03-15,-1.0971070685226209e-05,0.0,3.102137962905149e-17,-1.097107068525723e-05,0.10002075707099968,0.10002075706873513,0.0
2018-03-16,2.1921681741678442e-05,0.0,3.1025439687377483e-17,2.1921681741647417e-05,0.1000108832267839,0.10001088322451905,0.0
2018-03-19,0.00017905392017148088,5.051514140063723e-05,2.054542914565063e-05,0.00010799334962519301,0.3499693879518988,-0.14996938792559983,0.2500000000189174
2018-03-20,0.00040578996553793746,0.0,6.842831814696394e-06,0.00039894713372324106,0.34975256308056846,-0.1497741593922683,0.0
2018-03-21,-0.0002045036324181306,0.0,6.828690112376358e-06,-0.00021133232253050694,0.34918557509578324,-0.14930880310769085,0.0
2018-03-22,-0.0007078465870885357,0.0,6.836335233077171e-06,-0.0007146829223216129,0.34950756160128416,-0.14954491041334927,0.0
2018-03-23,-0.0002192281724843311,0.0,6.860931223680171e-06,-0.00022608910370801126,0.3504877624490142,-0.15036021687963827,0.0
2018-03-26,0.0004495360008149709,0.0,2.0606371423604765e-05,0.00042892962939136616,0.35080820751835573,-0.1506134971226934,0.0
2018-03-27,-0.0009469869824750694,0.0,6.8532347555532665e-06,-0.0009538402172306227,0.35018655819028743,-0.15009957896510112,0.0
2018-03-28,0.0001059730919380766,0.0,6.886347472601394e-06,9.908674446547521e-05,0.35151258770799326,-0.15119077779190848,0.0
2018-03-29,-0.00032356250524199056,0.0,6.88306319777769e-06,-0.00033044556843976825,0.3513937777560055,-0.15106983568176577,0.0
2018-04-02,-0.0003186480648354932,0.0,2.7579219074497416e-05,-0.00034622728390999063,0.3518773061082915,-0.15144344200128634,0.0
2018-04-03,0.0005759675412081845,4.29563777750317e-07,6.853732744821946e-06,0.0005686842446856122,0.35016124519378244,-0.15016124517821958,0.0021456835420229584
2018-04-04,0.0001909158647954363,0.0,6.83376742056948e-06,0.0001840820973748668,0.34936476250654125,-0.14950025919503074,0.0
2018-04-05,0.0004126640756609551,0.0,6.827878456445266e-06,0.00040583619720450985,0.3491532641087491,-0.14928186321175527,0.0
2018-04-06,-0.0008417604802299664,0.0,6.81410665705997e-06,-0.0008485745868870263,0.34862097882968207,-0.1488088071356958,0.0
2018-04-09,-2.442306997979528e-06,0.0,2.052892608903745e-05,-2.297123308701698e-05,0.34975953636366763,-0.14977766513624363,0.0
2018-04-10,0.000308997270923447,0.0,6.843499088731016e-06,0.000302153771834716,0.3497918853213252,-0.14978354815603892,0.0
2018-04-11,-0.00015599000216021998,0.0,6.832669276817928e-06,-0.0001628226714370379,0.3493554569794952,-0.14942940022821358,0.0
2018-04-12,0.0006315722021729393,0.0,6.8386563650505165e-06,0.0006247335458078887,0.34961216455913136,-0.14960975008955638,0.0
2018-04-13,-7.525641640054673e-05,0.0,6.817094149647128e-06,-8.207351055019386e-05,0.3487627085934875,-0.14888516433075294,0.0
2018-04-16,7.622387173397562e-05,0.0,2.0459147061842672e-05,5.5764724672132947e-05,0.348866597716199,-0.14897264745530606,0.0
2018-04-17,-0.00013899814437638884,7.356834284676805e-09,6.817844859449598e-06,-0.0001458233460701231,0.3488513373814216,-0.14885133735839898,3.6783531172497774e-05
2018-04-18,0.0007422664324811871,0.0,6.822647929140982e-06,0.0007354437845520462,0.34904123388660174,-0.1490120649406899,0.0
2018-04-19,0.0004950791669714866,0.0,6.7970134917402494e-06,0.0004882821534797463,0.34802115035370856,-0.1481608345433297,0.0
2018-04-20,0.0005894303685330618,0.0,6.780737990022608e-06,0.0005826496305430392,0.34740018525911504,-0.14759368801253547,0.0
2018-04-23,0.00014302157020979964,0.0,2.0281950367513176e-05,0.00012273961984228646,0.3466088033991906,-0.14691865554363004,0.0
2018-04-24,0.0001957170025423809,0.0,6.755902506414582e-06,0.00018896110003596632,0.3464232619694546,-0.14675762099880985,0.0
2018-04-25,0.000350742218927922,0.0,6.749563116427175e-06,0.0003439926558114948,0.3461838927693245,-0.14653421472985928,0.0
2018-04-26,-0.0004427744605309989,0.0,6.737935703566189e-06,-0.0004495123962345651,0.34573610259826476,-0.146133203762067,0.0
2018-04-27,-0.0002865525478058148,0.0,6.753400213543749e-06,-0.00029330594801935854,0.3463563200162285,-0.14664189557246518,0.0
2018-04-30,-0.0001800990251413907,0.0,2.0290602796881452e-05,-0.00020038962793827216,0.3467664456390193,-0.14697155575176263,0.0
2018-05-01,7.622174798177069e-06,4.996974129278902e-05,0.0,-4.2347566494611955e-05,0.10000000000473132,0.10000000000473132,0.24718114837059738
2018-05-02,1.0968959909533e-05,0.0,0.0,1.0968959909533e-05,0.1000118574383126,0.1000118574383126,0.0
2018-05-03,2.0228855745346277e-15,0.0,0.0,2.0228855745346277e-15,0.10002172926388378,0.10002172926388378,0.0
2018-05-04,2.1906693859500323e-05,0.0,0.0,2.1906693859500323e-05,0.1000217292638856,0.1000217292638856,0.0
2018-05-07,5.040809558694955e-15,0.0,0.0,5.040809558694955e-15,0.10004144438044978,0.10004144438044978,0.0
2018-05-08,1.0927286355259002e-05,0.0,0.0,1.0927286355259002e-05,0.10004144438045431,0.10004144438045431,0.0
2018-05-09,1.0815480577953126e-14,0.0,0.0,1.0815480577953126e-14,0.10005127837784052,0.10005127837784052,0.0
2018-05-10,6.28075202854044e-14,0.0,0.0,6.28075202854044e-14,0.10005127837785024,0.10005127837785024,0.0
2018-05-11,6.7267292636681784e-15,0.0,0.0,6.7267292636681784e-15,0.10005127837790678,0.10005127837790678,0.0
2018-05-14,1.0441597508873422e-14,0.0,0.0,1.0441597508873422e-14,0.10005127837791283,0.10005127837791283,0.0
2018-05-15,-0.0009728577565526743,4.1284255780326206e-05,6.027750597014255e-17,-0.0010141420123330608,0.3000000000441518,0.3000000000397515,0.20005127841232562
2018-05-16,0.000530587832571946,0.0,5.990508789907929e-17,0.000530587832571886,0.2993307061322375,0.29933070612786444,0.0
2018-05-17,0.0006962106232336145,0.0,5.978126418743281e-17,0.0006962106232335548,0.29970227558398377,0.2997022755796197,0.0
2018-05-18,-0.0007305481827663258,0.0,5.96353576715633e-17,-0.0007305481827663854,0.3001894910945267,0.3001894910901733,0.0
2018-05-21,0.001413792836138958,0.0,1.7932321346387471e-16,0.0014137928361387787,0.299677872036599,0.29967787203223545,0.0
2018-05-22,-4.369523218436052e-05,0.0,5.994053023234134e-17,-4.369523218442046e-05,0.3006665846093692,0.30066658460499357,0.0
2018-05-23,-0.0024429137725055835,0.0,5.996671187685448e-17,-0.0024429137725056433,0.3006360257381342,0.3006360257337566,0.0
2018-05-24,-0.0008827053425458195,0.0,6.040765281195776e-17,-0.0008827053425458799,0.29892335594882097,0.2989233559444112,0.0
2018-05-25,-0.0015283806748668445,0.0,6.047100862948904e-17,-0.001528380674866905,0.2983039651099811,0.29830396510556667,0.0
2018-05-29,-0.0036593472733755152,0.0,2.428616949388955e-16,-0.003659347273375758,0.29722986481650415,0.297229864812072,0.0
2018-05-30,0.0027220358278300045,5.084842152368014e-05,4.493199248217014e-19,0.002671187406306324,0.35010837497342945,0.3501083749733966,0.25000000000062866
2018-05-31,-0.0012690221008885686,0.0,4.544257074972523e-19,-0.001269022100888569,0.3518904454749078,0.35189044547487464,0.0
2018-06-01,0.0017358251720767555,0.0,4.477006480784082e-19,0.001735825172076755,0.35106693507351816,0.3510669350734855,0.0
2018-06-04,0.0011201887326431099,0.0,1.340774593944974e-18,0.0011201887326431086,0.35219141751767835,0.3521914175176458,0.0
2018-06-05,5.921634617260481e-05,0.0,4.501106152584806e-19,5.9216346172604366e-05,0.35291627341727333,0.35291627341724047,0.0
2018-06-06,0.0018519236862691467,0.0,4.48016333827536e-19,0.0018519236862691462,0.35295458908231553,0.3529545890822829,0.0
2018-06-07,-0.0003682037503107728,0.0,4.477265636543578e-19,-0.00036820375031077325,0.3541506527861823,0.35415065278614966,0.0
2018-06-08,0.0005697871844562166,0.0,4.506739319457293e-19,0.0005697871844562161,0.3539127610417702,0.3539127610417373,0.0
2018-06-11,0.0010932476186985662,0.0,1.3679373388430337e-18,0.001093247618698565,0.35428068363299237,0.3542806836329591,0.0
2018-06-12,-0.001106075290705897,0.0,4.592447451551914e-19,-0.0011060752907058975,0.3549858438232597,0.3549858438232262,0.0
2018-06-13,-0.00035207076321281495,2.0785022787493773e-05,3.33414918071388e-16,-0.00037285578600064213,0.452429554399273,0.4524295543749337,0.10298609809254503
2018-06-14,0.0013164627029859858,0.0,3.3345288024715697e-16,0.0013164627029856523,0.4522461062134518,0.4522461061891098,0.0
2018-06-15,-0.0017287471513868138,0.0,3.3268027880955097e-16,-0.0017287471513871464,0.45296625573502713,0.4529662557107415,0.0
2018-06-18,-0.0008504408871935444,0.0,9.976364232982076e-16,-0.0008504408871945421,0.45201893502989454,0.45201893500561874,0.0
2018-06-19,-0.0017467506856110118,0.0,3.318820629135533e-16,-0.0017467506856113438,0.4515525128622855,0.4515525128380581,0.0
2018-06-20,0.0011455066830314757,0.0,3.310298341852736e-16,0.0011455066830311446,0.4505928355209478,0.45059283549678264,0.0
2018-06-21,-0.0023355538320129366,0.0,3.308285765481962e-16,-0.0023355538320132675,0.4512214650003074,0.4512214649761569,0.0
2018-06-22,0.00168044060660889,0.0,3.301520657034171e-16,0.0016804406066085597,0.4499367626984729,0.4499367626743717,0.0
2018-06-25,-0.006134288603828664,0.0,9.910815123284644e-16,-0.0061342886038296554,0.45085956059164156,0.4508595605675252,0.0
2018-06-26,0.0018511657326541657,0.0,3.292996563611604e-16,0.0018511657326538364,0.4474701832331487,0.44747018320910986,0.0
2018-06-27,-0.0020251375641941573,5.1726627736940735e-05,9.580982017940115e-17,-0.002076864191931194,0.40590255568887684,0.4059025556818827,0.2500000000050106
2018-06-28,0.001099872150357372,0.0,9.520451250999188e-17,0.0010998721503572768,0.40471796236849855,0.40471796236154867,0.0
2018-06-29,-0.0003497898290866433,0.0,9.545946817619874e-17,-0.00034978982908673875,0.405371977170657,0.40537197716368845,0.0
2018-07-02,0.0006558767584576065,0.0,2.867553965994506e-16,0.0006558767584573197,0.4051639095562529,0.40516390954927517,0.0
2018-07-03,-4.753727363165564e-05,0.0,9.584510382659539e-17,-4.753727363175148e-05,0.4055537930075962,0.40555379300059946,0.0
2018-07-05,0.001661535505361395,0.0,1.9089880567149958e-16,0.0016615355053612043,0.405525533312177,0.40552553330520924,0.0
2018-07-06,0.0011502208378134195,0.0,9.611928952887675e-17,0.0011502208378133235,0.4065116353022019,0.4065116352951852,0.0
2018-07-09,0.0017697104196114735,0.0,2.9092601337629327e-16,0.0017697104196111825,0.4071934936986118,0.4071934936915326,0.0
2018-07-10,-0.00021791570002998895,0.0,9.747252871576061e-17,-0.00021791570003008642,0.4082407362336497,0.4082407362265342,0.0
2018-07-11,-0.0013037558875580793,0.0,9.767951151928729e-17,-0.0013037558875581769,0.40811175449230397,0.40811175448517334,0.0
2018-07-12,0.002711321365049427,5.107324605096209e-05,5.547952107690142e-17,0.0026602481189984093,0.4559267613792981,0.45592676137524807,0.24999999999869754
2018-07-13,6.613633665123031e-05,0.0,5.574931486493426e-17,6.613633665117455e-05,0.4574212287809236,0.457421228776854,0.0
2018-07-16,-0.000547710886450828,0.0,1.673282089125834e-16,-0.0005477108864509953,0.4574571105801083,0.45745711057603666,0.0
2018-07-17,0.0007471413957988967,0.0,5.564308407443175e-17,0.0007471413957988411,0.45715979108807214,0.4571597910840102,0.0
2018-07-18,0.00040255811973539897,0.0,5.573531763368302e-17,0.00040255811973534324,0.4575650666812917,0.4575650666772231,0.0
2018-07-19,-0.00013055911432394463,0.0,5.571386277874857e-17,-0.00013055911432400033,0.4577833404002695,0.4577833403962024,0.0
2018-07-20,-0.0005289932104285517,0.0,5.560449617010974e-17,-0.0005289932104286073,0.45771253982975224,0.45771253982569315,0.0
2018-07-23,2.3519514974011666e-05,0.0,1.6674205478490701e-16,2.3519514973844922e-05,0.45742552161453065,0.45742552161047334,0.0
2018-07-24,-0.0003166914919454305,0.0,5.562393127564553e-17,-0.0003166914919454861,0.45743828240297535,0.4574382823989149,0.0
2018-07-25,0.0020992020717033166,0.0,5.58793679608854e-17,0.0020992020717032606,0.45726640329052193,0.45726640328644275,0.0
2018-07-26,-0.0010854503994318677,5.170566673663583e-05,3.618262224043429e-08,-0.001137192248790744,0.6026413314342566,0.6000000000107049,0.2500000000188146
2018-07-27,-0.004615387999633464,0.0,3.625837583951618e-08,-0.004615424258009303,0.6022432674328598,0.5995964059965752,0.0
2018-07-30,-0.0038612125976701063,0.0,1.0942153944123936e-07,-0.0038613220192095475,0.6004024317519521,0.5977398409588819,0.0
2018-07-31,0.0024528540170464966,0.0,3.6564521458942065e-08,0.0024528174525250378,0.5988498839913678,0.5961806739248652,0.0
2018-08-01,0.00027969307268016426,0.0,3.658885129649819e-08,0.00027965648382886774,0.5998397680761313,0.5971687819314869,0.0
2018-08-02,0.0037641947918829848,0.0,3.6449640160766843e-08,0.003764158342242824,0.5999422651081515,0.5972814413764156,0.0
2018-08-03,0.0008505793562007482,0.0,3.635716036691392e-08,0.0008505429990403813,0.6014457621420299,0.5987916894352452,0.0
2018-08-06,0.00229667398177199,0.0,1.0931945378433251e-07,0.0022965646623182056,0.6017927873931457,0.5991326806843936,0.0
2018-08-07,0.001308292996193596,0.0,3.639094718899413e-08,0.0013082566052464069,0.6027078372042606,0.600051298059464,0.0
2018-08-08,0.00011628023846688845,0.0,3.6230244655566985e-08,0.00011624400822223288,0.6032186941618208,0.6005738863019644,0.0
2018-08-09,0.0011361018966385794,7.218490716738594e-07,8.128428115293047e-09,0.0011353719191387903,0.6005933752170295,0.5999999999646132,0.003603385695475743
2018-08-10,-0.001848093636530644,0.0,8.16308082086068e-09,-0.001848101799611465,0.6010502677388829,0.60045436283896,0.0
2018-08-13,-0.001542882164101632,0.0,2.418021029199492e-08,-0.001542906344311924,0.600302987956295,0.5997146028391898,0.0
2018-08-14,0.0035724760179889877,0.0,7.991358363625237e-09,0.003572468026630624,0.5996794389625828,0.5990960698020381,0.0
2018-08-15,-0.0040922285785838525,0.0,8.030081192914339e-09,-0.004092236608665045,0.6011093918304948,0.6005231959034121,0.0
2018-08-16,0.002563932448334057,0.0,7.935069014590131e-09,0.0025639245132650424,0.5994609931152526,0.5988817330771875,0.0
2018-08-17,0.0005085369934781763,0.0,7.962827635074724e-09,0.0005085290306505412,0.6004888342752365,0.599907547857876,0.0
2018-08-20,0.0008105973221687936,0.0,2.4053354835694155e-08,0.0008105732688139579,0.6006962093324865,0.6001109110314845,0.0
2018-08-21,0.0017647635698934553,0.0,8.067507545537674e-09,0.0017647555023859098,0.6010237399962493,0.600434811945425,0.0
2018-08-22,0.0003202832755987489,0.0,8.084774248740951e-09,0.00032027519082450016,0.6017289011846049,0.6011387126644469,0.0
2018-08-23,0.0003466939794482159,7.335443698183991e-07,0.0,0.0003459604350783975,0.6000000000264276,0.6000000000264276,0.003664157628671826
2018-08-24,0.00225922018613103,0.0,0.0,0.00225922018613103,0.6001390696322384,0.6001390696322384,0.0
2018-08-27,0.002120998141881866,0.0,0.0,0.002120998141881866,0.6010404071977478,0.6010404071977478,0.0
2018-08-28,0.0005171518556499201,0.0,0.0,0.0005171518556499201,0.6018848087785833,0.6018848087785833,0.0
2018-08-29,0.0027172167880283086,0.0,0.0,0.0027172167880283086,0.6020905883691887,0.6020905883691887,0.0
2018-08-30,-0.0012583802723241699,0.0,0.0,-0.0012583802723241699,0.6031688645923309,0.6031688645923309,0.0
2018-08-31,0.0012906753813795998,0.0,0.0,0.0012906753813795998,0.6026688709379387,0.6026688709379387,0.0
2018-09-04,-0.00038001260727733437,0.0,0.0,-0.00038001260727733437,0.6031810354064044,0.6031810354064044,0.0
2018-09-05,-0.003264488076061068,0.0,0.0,-0.003264488076061068,0.6030301818708067,0.6030301818708067,0.0
2018-09-06,-0.0019663685872239466,0.0,0.0,-0.0019663685872239466,0.6017300343167806,0.6017300343167806,0.0
2018-09-07,-8.184585183428495e-05,5.0435300673512754e-05,3.4014171365831386e-06,-0.00013568256964438085,0.8483034509909801,0.600000000020411,0.25000000001561373
2018-09-10,0.0005874575440290521,0.0,1.0182492154484978e-05,0.0005772750518745671,0.847773539410293,0.5999995636511586,0.0
2018-09-11,0.0022071262023170145,0.0,3.4011944208389262e-06,0.0022037250078961756,0.8485277100406563,0.6002405173194146,0.0
2018-09-12,-0.00021112912960190538,0.0,3.3946398635024688e-06,-0.00021452376946540786,0.8489316439152017,0.6011229338795215,0.0
2018-09-13,0.0018061517409123562,0.0,3.3890888031780523e-06,0.0018027626521091781,0.8484442249075527,0.6010407422755549,0.0
2018-09-14,-0.0003739986771839827,0.0,3.393282958249169e-06,-0.00037739196014223187,0.8494717158017037,0.6017620598495143,0.0
2018-09-17,-0.004539791984533318,0.0,1.0242982844860525e-05,-0.004550034967378179,0.8508610217679943,0.6016151058763881,0.0
2018-09-18,0.0022309063944155657,0.0,3.4249172882049033e-06,0.002227481477127361,0.8498234071295638,0.5998044450906059,0.0
2018-09-19,-0.001504126104294017,0.0,3.4428219918960547e-06,-0.001507568926285913,0.8520233147634848,0.6006973093550729,0.0
2018-09-20,0.002758430676462976,0.0,3.4693784890906757e-06,0.0027549612979738854,0.8533625018591902,0.6000978721555708,0.0
2018-09-21,-0.000984259538187276,3.0536686837670127e-05,4.085312462641755e-06,-0.0010188815374875878,0.8982278097996187,0.6000000000267705,0.15066243086540937
2018-09-24,0.0012612809055734067,0.0,1.2288584600316542e-05,0.00124899232097309,0.8986489143258116,0.5996266890514426,0.0
2018-09-25,0.0006407944593469766,0.0,4.031235108520373e-06,0.0006367632242384562,0.8944185646237567,0.6001384017017695,0.0
2018-09-26,6.851711919003865e-05,0.0,4.0139653079401656e-06,6.450315388209849e-05,0.8934163529841119,0.6003968855044798,0.0
2018-09-27,0.0026088398993710273,0.0,3.990037248272508e-06,0.002604849862122755,0.8916993923334657,0.6004266732095729,0.0
2018-09-28,0.0017181554070726925,0.0,3.972605962190487e-06,0.001714182801110502,0.8914690124873652,0.6014687772474597,0.0
2018-10-01,-0.0011140923650207516,0.0,1.1840542873638824e-05,-0.0011259329078943904,0.8902746059657103,0.6021547293738323,0.0
2018-10-02,-0.002727665202635726,0.0,3.980378637405325e-06,-0.0027316455812731316,0.8922857717846561,0.6017181312540674,0.0
2018-10-03,-4.421298032648862e-05,0.0,3.998494031075639e-06,-4.821147435756426e-05,0.8925212418220924,0.6006311775535708,0.0
2018-10-04,-0.005889907927649899,0.0,4.015651775216239e-06,-0.005893923579425115,0.893758500743111,0.6006159211523256,0.0
2018-10-05,-0.003318806083024925,5.056791000571174e-05,5.479452054737671e-06,-0.0033748534450853745,1.000000000004872,0.6000000000090221,0.2500000000094802
2018-10-08,-0.001424506243729191,0.0,1.6424904642779954e-05,-0.0014409311483719709,0.9983744041444953,0.5987017245035166,0.0
2018-10-09,0.00042102895790558845,0.0,5.48816323621718e-06,0.00041554079466937126,0.9987750117574259,0.5981390955135718,0.0
2018-10-10,-0.014197802916855061,0.0,5.469600702300532e-06,-0.014203272517557361,0.9975923529025671,0.5983115016346283,0.0
2018-10-11,-0.00770044878876239,0.0,5.460146998395834e-06,-0.007705908935760786,0.9911202883805156,0.5925295574976197,0.0
2018-10-12,0.008140092192708065,0.0,5.4371558584930545e-06,0.008134655036849571,0.9862831236769813,0.5893707460069885,0.0
2018-10-15,-0.0028981986867167215,0.0,1.6221624341299115e-05,-0.0029144203110580205,0.9874157057686561,0.592689513463711,0.0
2018-10-16,0.010964848596978825,0.0,5.418977168650214e-06,0.010959429619810175,0.9871005721147286,0.591515238803263,0.0
2018-10-17,-0.0007072783058767245,0.0,5.4106753578782935e-06,-0.0007126889812346029,0.9909281292861183,0.5959488281610028,0.0
2018-10-18,-0.006182155574321017,0.0,5.411915166256732e-06,-0.006187567489487273,0.990735881639661,0.5956660745029196,0.0
2018-10-19,-0.0007606927535033665,9.31903328763273e-05,1.9460660521568938e-06,-0.0008558291524318506,0.5250924083413231,0.38302958653386987,0.46160746338113784
2018-10-22,0.0004038057054250897,0.0,5.8536937925852226e-06,0.00039795201163250445,0.5250362131601822,0.38259633087394185,0.0
2018-10-23,-0.0008996827478405246,0.0,1.945597327095664e-06,-0.0009016283451676203,0.5248763864125398,0.38284778153455623,0.0
2018-10-24,-0.004841092206833784,0.0,1.945213498485505e-06,-0.004843037420332269,0.5242933701870843,0.3822927847976424,0.0
2018-10-25,0.0034354916393496537,0.0,1.935712985712768e-06,0.003433555926363941,0.5205956494379181,0.37928860148088606,0.0
2018-10-26,-0.0031507764678340966,0.0,1.9380865130430727e-06,-0.00315271455434714,0.5228948006064774,0.381414485154333,0.0
2018-10-29,-0.0006722492664090311,0.0,5.8272438396412465e-06,-0.0006780765102486723,0.5212563046352906,0.37946003787068694,0.0
2018-10-30,0.0022798749925881548,0.0,1.9382181651106205e-06,0.0022779367744230443,0.5205347360393366,0.3790448099862613,0.0
2018-10-31,0.0017871605928946744,0.0,1.9397751441845906e-06,0.0017852208177504898,0.5220616111765696,0.3804580256510944,0.0
2018-11-01,0.0009190640442639504,0.0,1.936745112035868e-06,0.0009171272991519145,0.5229464034082412,0.38156401022962283,0.0
2018-11-02,-0.00010749860275356346,4.5803561859585857e-05,1.1799960141182717e-16,-0.0001533021646132673,0.3000001037965593,0.3000001037879454,0.22727295289767008
2018-11-05,0.00045331337917846543,0.0,3.523046376844023e-16,0.0004533133791781131,0.2999385864283137,0.29993858641974097,0.0
2018-11-06,0.00015252658528221397,0.0,1.1744253868527456e-16,0.00015252658528209652,0.3002557898407861,0.3002557898322128,0.0
2018-11-07,0.0015866121799721447,0.0,1.1733090985930376e-16,0.0015866121799720273,0.30036250315910784,0.3003625031505427,0.0
2018-11-08,0.000498006161891195,0.0,1.1714504610233438e-16,0.0004980061618910779,0.3014707980989103,0.3014707980903587,0.0
2018-11-09,-0.00021757596666588483,0.0,1.169735727875085e-16,-0.00021757596666600182,0.3018184967896193,0.3018184967810802,0.0
2018-11-12,-0.00012372483194728187,0.0,3.5208555088416845e-16,-0.00012372483194763396,0.30166655621555927,0.3016665562069919,0.0
2018-11-13,-0.0007774972253688297,0.0,1.1772310086986336e-16,-0.0007774972253689474,0.3015801443363141,0.3015801443277203,0.0
2018-11-14,-0.000861815704778568,0.0,1.178886483229115e-16,-0.0008618157047786859,0.3010367023117322,0.30103670230312635,0.0
2018-11-15,0.0006998047761099062,0.0,1.181926340040912e-16,0.000699804776109788,0.3004338051785177,0.3004338051698896,0.0
2018-11-16,-0.00021785513683970133,1.0224204822054112e-05,4.370678360964392e-17,-0.00022807934166179915,0.2500001046270753,0.25000010462388467,0.05102060743052847
2018-11-19,-0.0007302679034610672,0.0,1.3209174304917733e-16,-0.0007302679034611992,0.2498392326579644,0.24983923265475017,0.0
2018-11-20,5.741182958614142e-05,0.0,4.414649203119564e-17,5.7411829586097276e-05,0.2492910139806408,0.2492910139774181,0.0
2018-11-21,-0.0002582994203459869,0.0,4.4049958443064487e-17,-0.00025829942034603096,0.24933411108272457,0.24933411107950892,0.0
2018-11-23,0.0002646733487384535,0.0,8.766525687337059e-17,0.00026467334873836587,0.24914016442241713,0.24914016441921735,0.0
2018-11-26,0.0006819566440797217,0.0,1.3141308285170189e-16,0.0006819566440795903,0.24933884442423004,0.24933884442103232,0.0
2018-11-27,0.0007862504981698485,0.0,4.3885686814428224e-17,0.0007862504981698046,0.2498504139185201,0.24985041391531643,0.0
2018-11-28,0.0007158338820291515,0.0,4.396720010178247e-17,0.0007158338820291074,0.25043975603375535,0.2504397560305458,0.0
2018-11-29,2.6550360266188025e-05,0.0,4.3923514553245306e-17,2.65503602661441e-05,0.25097593283948333,0.2509759328362769,0.0
2018-11-30,0.001443187111290887,0.0,4.397944977350103e-17,0.001443187111290843,0.25099581917032937,0.2509958191671189,0.0
2018-12-03,3.984091723162027e-05,5.039392955617753e-05,3.960609190136416e-17,-1.0553012324596866e-05,0.39715196437969436,0.39715196437873057,0.24999999999310668
2018-12-04,-0.001750321001565491,0.0,1.3328976097852706e-17,-0.0017503210015655042,0.39719599691118584,0.39719599691021285,0.0
2018-12-06,0.000183542048177766,0.0,2.665321726361057e-17,0.00018354204817773936,0.3961390464020761,0.3961390464011033,0.0
2018-12-07,-0.0013617581562022866,0.0,1.3331656283035435e-17,-0.0013617581562022998,0.39624985993937106,0.3962498599383979,0.0
2018-12-10,0.000668743177612182,0.0,4.0114506423988797e-17,0.0006687431776121419,0.39542657714978324,0.395426577148807,0.0
2018-12-11,0.0009421544551365882,0.0,1.3366862271746322e-17,0.0009421544551365749,0.3958306113065943,0.39583061130561853,0.0
2018-12-12,-0.000497588841514251,0.0,1.3417187990028077e-17,-0.0004975888415142644,0.3963992963986205,0.39639929639764104,0.0
2018-12-13,0.0006956351972185538,0.0,1.336468058096062e-17,0.0006956351972185404,0.3960988019010651,0.3960988019000895,0.0
2018-12-14,-0.0011676554039469081,0.0,1.3453990083328345e-17,-0.0011676554039469216,0.39651860480043966,0.39651860479945755,0.0
2018-12-17,-0.0023440780539740825,0.0,4.0303520290565005e-17,-0.002344078053974123,0.39581312272819696,0.3958131227272162,0.0
2018-12-18,-0.0014593814914542202,3.0489473348271426e-05,2.739726027398385e-06,-0.0014926106908298902,0.4423652980142905,0.24236529801420842,0.15202823589300085
2018-12-19,-0.000766487457534011,0.0,2.753626160390885e-06,-0.0007692410836944019,0.44228074249115423,0.24126603278261957,0.0
2018-12-20,-0.0020432909787770947,0.0,2.753549802643477e-06,-0.002046044528579738,0.44169382546972885,0.240684689876755,0.0
2018-12-21,-0.00011116398786930215,0.0,2.7501452900884983e-06,-0.00011391413315939065,0.43989127707524633,0.23913067089878592,0.0
2018-12-24,-0.002710158993652672,0.0,8.243304540774265e-06,-0.0027184022981934465,0.43963381487166825,0.2390467377128278,0.0
2018-12-26,0.0029288828807318657,0.0,5.497762845906798e-06,0.002923385117885959,0.43764913171305825,0.23698078783746018,0.0
2018-12-27,0.0005012867882537794,0.0,2.7386670663843042e-06,0.0004985481211873951,0.43913306253821427,0.23921036669216011,0.0
2018-12-28,-0.0006630726314844667,0.0,2.7373023894209408e-06,-0.0006658099338738877,0.43941527966437066,0.23959220523664196,0.0
2018-12-31,-7.388628083085968e-05,0.0,8.256271828399618e-06,-8.21425526592593e-05,0.4399909344747332,0.23908831998367586,0.0
2019-01-02,-0.00010224252603916937,0.0,5.519800237777367e-06,-0.00010776232627694673,0.44050677725028387,0.23903406857141002,0.0
2019-01-03,-0.00017632206020458993,5.0591470637007106e-05,2.444652977665859e-07,-0.00022715799613936362,0.20892298336848036,0.1910770166315196,0.2500000000075192
2019-01-04,-0.00024258192372392546,0.0,2.4555641310178884e-07,-0.00024282748013702726,0.20886968719984422,0.19094406904341366,0.0
2019-01-07,-0.00028916312463815315,0.0,7.424263072028348e-07,-0.000289905550945356,0.20881351273734736,0.19074780592874505,0.0
2019-01-08,0.00013308749152295037,0.0,2.4860683759001664e-07,0.00013283888468536035,0.2086621729777346,0.19051387383366336,0.0
2019-01-09,-0.0004607282142889703,0.0,2.483854705494626e-07,-0.00046097659975951976,0.20875377870932774,0.19062163935921697,0.0
2019-01-10,0.00032608018100778566,0.0,2.4894750789510913e-07,0.00032583123349989054,0.2084217793792183,0.19024861130287535,0.0
2019-01-11,9.003041979377958e-05,0.0,2.484190805496879e-07,8.978200071322989e-05,0.20864720940317133,0.19051261652304413,0.0
2019-01-14,-6.480992809616541e-07,0.0,7.452608733348045e-07,-1.3933601542964587e-06,0.2087202170432744,0.19058553579212748,0.0
2019-01-15,0.00018451562548763746,0.0,2.4813810383675044e-07,0.00018426748738380072,0.2086992348266878,0.19058515324660505,0.0
2019-01-16,4.976252312149389e-05,0.0,2.489397292305277e-07,4.951358339226336e-05,0.20890712293466576,0.19073452270083724,0.0
2019-01-17,1.0952604565028779e-05,3.211033384035432e-05,0.0,-2.1157729275325544e-05,0.05,0.05,0.15896201004037525
2019-01-18,0.0,0.0,0.0,0.0,0.0500120107451489,0.0500120107451489,0.0
2019-01-22,5.445852096287448e-06,0.0,0.0,5.445852096287448e-06,0.0500120107451489,0.0500120107451489,0.0
2019-01-23,0.0,0.0,0.0,0.0,0.05001718421105769,0.05001718421105769,0.0
2019-01-24,1.63782218352176e-05,0.0,0.0,1.63782218352176e-05,0.05001718421105769,0.05001718421105769,0.0
2019-01-25,-5.440639016429735e-06,0.0,0.0,-5.440639016429735e-06,0.05003274298552927,0.05003274298552927,0.0
2019-01-28,5.440668617141236e-06,0.0,0.0,5.440668617141236e-06,0.05002757452848671,0.05002757452848671,0.0
2019-01-29,0.0,0.0,0.0,0.0,0.05003274298552926,0.05003274298552926,0.0
2019-01-30,1.0927126114460077e-05,0.0,0.0,1.0927126114460077e-05,0.05003274298552926,0.05003274298552926,0.0
2019-01-31,0.0,0.0,0.0,0.0,0.050043123284124434,0.050043123284124434,0.0
2019-02-01,-0.00017327005311989978,5.044160756963767e-05,1.2212168110853274e-17,-0.00022371166068954967,0.3000431232874935,0.300043123286602,0.2500000000033691
2019-02-04,0.0001672608467789652,0.0,3.6670635271620854e-17,0.00016726084677892852,0.2999369526281488,0.2999369526272565,0.0
2019-02-05,0.00014714623055807563,0.0,1.2290330628078013e-17,0.00014714623055806335,0.3000540261844338,0.3000540261835366,0.0
2019-02-06,0.00030695839882736645,0.0,1.2380640125620814e-17,0.0003069583988273541,0.3001570054430721,0.3001570054421683,0.0
2019-02-07,0.00033705328027951035,0.0,1.2331435437036364e-17,0.00033705328027949804,0.30037176220671624,0.300371762205816,0.0
2019-02-08,0.00020866638859339115,0.0,1.2215757788405428e-17,0.00020866638859337892,0.3006074947448073,0.3006074947439155,0.0
2019-02-11,0.00017719288091150082,0.0,3.656757470933783e-17,0.00017719288091146425,0.3007534040067277,0.30075340400583783,0.0
2019-02-12,-6.978074107581546e-05,0.0,1.2181401216071065e-17,-6.978074107582764e-05,0.3008772835749612,0.30087728357407195,0.0
2019-02-13,0.00012096552856703016,0.0,1.2332640312458545e-17,0.00012096552856701782,0.300828494869205,0.3008284948683047,0.0
2019-02-14,0.00022961206872539362,0.0,1.2364272699004392e-17,0.00022961206872538126,0.3009130602903838,0.30091306028948117,0.0
2019-02-15,-0.00021356884004841367,5.046612400556292e-05,3.079072709722191e-17,-0.0002640349640540074,0.5504685413755759,0.5504685413733281,0.24999999999820333
2019-02-19,0.0003986568681736472,0.0,1.239100006467736e-16,0.00039865686817352325,0.5504002974582952,0.5504002974560338,0.0
2019-02-20,-0.00011390049763860013,0.0,3.100850031878653e-17,-0.00011390049763863114,0.5505794620424536,0.5505794620401899,0.0
2019-02-21,-0.0010588491075249056,0.0,3.10693223699305e-17,-0.0010588491075249366,0.5505282669883933,0.5505282669861251,0.0
2019-02-22,0.0009758008275325095,0.0,3.102340871842138e-17,0.0009758008275324785,0.5500518397805066,0.5500518397782419,0.0
2019-02-25,-0.0005093201125521244,0.0,9.342458288796187e-17,-0.0005093201125522178,0.5504904715503623,0.550490471548089,0.0
2019-02-26,0.0007681874716555281,0.0,3.1160800826201785e-17,0.000768187471655497,0.5502614106414115,0.5502614106391368,0.0
2019-02-27,-0.001292068246795926,0.0,3.121408414051192e-17,-0.0012920682467959573,0.5506066289988654,0.5506066289965867,0.0
2019-02-28,-0.0005556238833150704,0.0,3.121766661651796e-17,-0.0005556238833151016,0.5500252308878336,0.5500252308855547,0.0
2019-03-01,-0.0008645193820315739,0.0,3.117165041795091e-17,-0.0008645193820316051,0.5497750751667277,0.5497750751644523,0.0
2019-03-04,0.0007954315481008157,5.02327359771973e-05,4.1095890410528785e-06,0.0007410892230825656,0.7000000000500698,0.6000000000511164,0.24917055870288168
2019-03-05,0.0002866671768922904,0.0,1.36458017696222e-06,0.0002853025967153282,0.6999648712182751,0.600350518300033,0.0
2019-03-06,0.0008327041585835038,0.0,1.3654460822058038e-06,0.000831338712501298,0.7001434350057126,0.600465871004689,0.0
2019-03-07,0.0016912722457873713,0.0,1.3562864799591475e-06,0.001689915959307412,0.6998080206437005,0.6007991076066828,0.0
2019-03-08,0.0005802681566332101,0.0,1.3379746213584822e-06,0.0005789301820118516,0.6991460868022669,0.6014739394430977,0.0
2019-03-11,-0.0006167548771471228,0.0,4.004845322896141e-06,-0.000620759722470019,0.6991570981060473,0.6017058619155744,0.0
2019-03-12,0.0008610580620167379,0.0,1.3502997774850767e-06,0.0008597077622392529,0.7000343544712351,0.6014624707148244,0.0
2019-03-13,-0.00047369127580786243,0.0,1.3523920874781932e-06,-0.0004750436678953406,0.7005307737430642,0.601806151357156,0.0
2019-03-14,0.00017706775023157718,0.0,1.3582906434714607e-06,0.0001757094595881057,0.7007734719973042,0.6016182550238875,0.0
2019-03-15,0.0004516420778734195,0.0,1.3435380096413861e-06,0.0004502985398637781,0.6997678749234459,0.6016896002196248,0.0
2019-03-18,-0.00028910481758103184,5.803406212040228e-07,4.165630737059762e-06,-0.00029385078893929563,0.701363681077128,0.5999999998086738,0.0028994705131848457
2019-03-19,-6.042314495249584e-05,0.0,1.3926658563659608e-06,-6.18158108088618e-05,0.7015517798246658,0.5998871723099507,0.0
2019-03-20,0.0019907803089525503,0.0,1.3930444773629603e-06,0.0019893872644751874,0.7015560770815351,0.599863830234039,0.0
2019-03-21,6.946259432016557e-05,0.0,1.3910822484753603e-06,6.80715120716902e-05,0.7022086699921601,0.6006596658534586,0.0
2019-03-22,0.0018524060479876334,0.0,1.400248093858984e-06,0.0018510057998937744,0.7029063495427933,0.6006882386910875,0.0
2019-03-25,0.0011246829394800746,0.0,4.148898947225978e-06,0.0011205340405328486,0.7023839401842266,0.601427399135061,0.0
2019-03-26,-0.0003210050255011775,0.0,1.3821874589439148e-06,-0.0003223872129601214,0.7027773421737904,0.6018776576708847,0.0
2019-03-27,0.0006083150167361056,0.0,1.3978359049207604e-06,0.0006069171808311848,0.7037926704193431,0.6017506493601277,0.0
2019-03-28,0.00044885294659911156,0.0,1.3920882679759574e-06,0.0004474608583311356,0.7036160476780202,0.6019936041157754,0.0
2019-03-29,-0.00023998277021144185,0.0,1.391997980352749e-06,-0.00024137476819179458,0.7037888607770071,0.6021730082112564,0.0
2019-04-01,-0.0033348788391967814,5.084873238004281e-05,1.0204174916213244e-05,-0.0033959317464930376,0.8483015898483047,0.6000000002204492,0.250000000175255
2019-04-02,0.00014552537265513567,0.0,3.4589227676153785e-06,0.0001420664498875203,0.8511996218442283,0.5986982598083056,0.0
2019-04-03,-0.0020683761871817118,0.0,3.4705912212179027e-06,-0.00207184677840293,0.8521118808039428,0.598758721655036,0.0
2019-04-04,0.0008271452876320089,0.0,3.5042508178484147e-06,0.0008236410368141604,0.8537394727810251,0.5979291630780907,0.0
2019-04-05,8.050013029306592e-05,0.0,3.489151379954841e-06,7.701097891311108e-05,0.8529716046885611,0.5982635539518578,0.0
2019-04-08,-0.0014632572720073443,0.0,1.0517578577768463e-05,-0.0014737748505851127,0.8542257239615054,0.5982979785691395,0.0
2019-04-09,0.0012707199894385476,0.0,3.5233950097112155e-06,0.0012671965944288364,0.8549234552539383,0.5977156195450195,0.0
2019-04-10,0.00014728812294556893,0.0,3.5032522070121472e-06,0.0001437848707385568,0.853965677824076,0.5982282667121891,0.0
2019-04-11,-0.0005738328980097024,0.0,3.5259616696396204e-06,-0.0005773588596793421,0.855684731736113,0.5982895298524207,0.0
2019-04-12,-0.0019814739294560873,0.0,3.5227881933237845e-06,-0.001984996717649411,0.8552245308798501,0.5980609927672138,0.0
2019-04-15,-0.00025475592036758597,5.057930683431125e-05,1.0228839805658497e-05,-0.0003155640670075557,0.7924835275256662,0.5435817589213096,0.2500000001748617
2019-04-16,-0.0033332637340141515,0.0,3.409726938067036e-06,-0.0033366734609522183,0.7924085780805691,0.5434985116016755,0.0
2019-04-17,-0.001288352842069444,0.0,3.4374196880221577e-06,-0.0012917902617574663,0.7929052741441205,0.5419736369185031,0.0
2019-04-18,0.0010782510919248088,0.0,3.459633672969767e-06,0.001074791458251839,0.7939378976083741,0.541384639481581,0.0
2019-04-22,-0.0017103766731335008,0.0,1.3858663344588809e-05,-0.0017242353364780895,0.7948010880987401,0.5418804820599944,0.0
2019-04-23,0.000858876632993477,0.0,3.4790278983173657e-06,0.0008553976050951597,0.7950721310401794,0.5411030944630116,0.0
2019-04-24,0.0015411710231594251,0.0,3.5151735840886646e-06,0.0015376558495753365,0.7981064459797441,0.5414987743412717,0.0
2019-04-25,-0.00010028237383748969,0.0,3.508680248608106e-06,-0.00010379105408609779,0.7983398769488083,0.5422062188004164,0.0
2019-04-26,0.0016299859219590898,0.0,3.5111140584732844e-06,0.0016264748079006166,0.7984735342821839,0.5421622080136342,0.0
2019-04-29,-0.0015120478758854862,0.0,1.0485919705079503e-05,-0.0015225337955905656,0.7980665453446208,0.5429091658543529,0.0
2019-04-30,0.001236002114277635,5.02450819591648e-05,5.479452053744773e-06,0.0011802775802647256,1.0000000002508083,0.6000000003274397,0.2500000001456189
2019-05-01,0.0007423704472339479,0.0,5.4677718183893984e-06,0.0007369026754155586,0.9996745563775512,0.6005272136351251,0.0
2019-05-02,-0.00016525127349349943,0.0,5.437929309174915e-06,-0.00017068920280267436,0.9977956727512949,0.6008268331815261,0.0
2019-05-03,-0.000509711011282453,0.0,5.427850320359204e-06,-0.0005151388616028122,0.9969971992439696,0.6007641258577476,0.0
2019-05-06,0.0022981772013512657,0.0,1.6488808178739004e-05,0.0022816883931725267,1.00179145427549,0.6005637885928408,0.0
2019-05-07,0.002320857251308646,0.0,5.430861785809473e-06,0.0023154263895228365,0.9979424644241703,0.6014895540600786,0.0
2019-05-08,-0.00015662784868633272,0.0,5.306952754602704e-06,-0.00016193480144093542,0.9898231135066966,0.6024155624206993,0.0
2019-05-09,0.001868416251027184,0.0,5.297873896032128e-06,0.0018631183771311518,0.9891012714588656,0.6023564770485204,0.0
2019-05-10,0.0006640552144981071,0.0,5.24330418613563e-06,0.0006588119103119715,0.9858624498759447,0.6031012442880438,0.0
2019-05-13,0.006081167784340597,0.0,1.5775573152117134e-05,0.00606539221118848,0.9872400736486608,0.6033677936138105,0.0
2019-05-14,-0.0016960873152011419,5.0698942620481997e-05,5.4794520559989916e-06,-0.0017522657098776229,0.9999999996819564,0.59999999959403,0.24999999994163424
2019-05-15,6.230091767693075e-05,0.0,5.5589205629561216e-06,5.674199711397463e-05,1.0051553410821972,0.5993541399864004,0.0
2019-05-16,-0.001571149409289981,0.0,5.59985802667305e-06,-0.001576749267316654,1.0081720666950544,0.5993824307479217,0.0
2019-05-17,0.0016878175915265182,0.0,5.655624679976557e-06,0.0016821619668465416,1.0116159700653897,0.598755368427101,0.0
2019-05-20,0.0017694399376297141,0.0,1.6794687050761836e-05,0.0017526452505789523,1.008105557765172,0.5994348395299675,0.0
2019-05-21,-0.0015021832088377796,0.0,5.523606348583905e-06,-0.0015077068151863634,1.0033756886166245,0.6001524251699994,0.0
2019-05-22,0.002036628585438077,0.0,5.588942931683571e-06,0.0020310396425063932,1.007547027918287,0.5995541939053863,0.0
2019-05-23,0.0036386729685910966,0.0,5.542365408737958e-06,0.0036331306031823587,1.0049641191251193,0.6003714442872484,0.0
2019-05-24,-0.00048225927678894524,0.0,5.435752730862449e-06,-0.00048769502951980767,0.9986335628209897,0.6018236134680309,0.0
2019-05-28,0.0017817300241357566,0.0,2.1817346941008035e-05,0.0017599126771947486,0.9998013501508114,0.6016347684774148,0.0
2019-05-29,0.001190459690213177,1.215194227540292e-05,5.479452059274365e-06,0.0011728282958784998,0.9999999996708986,0.59999999934387,0.06019597530524244
2019-05-30,0.0007895390772424577,0.0,5.4375775837236405e-06,0.000784101499658734,0.997429355448838,0.6004861918370122,0.0
2019-05-31,0.0032972403300901483,0.0,5.459725203119972e-06,0.0032917806048870283,0.9993645789234958,0.600804639095738,0.0
2019-06-03,0.0029175628658870256,0.0,1.6101124010903807e-05,0.002901461741876122,0.9939138506362762,0.602119833037617,0.0
2019-06-04,-0.004053451550154928,0.0,5.304774314619988e-06,-0.004058756324469548,0.99053550677368,0.6032869818064208,0.0
2019-06-05,-0.0010731661605936293,0.0,5.461952627101001e-06,-0.0010786281132207302,1.0003981266198934,0.6016755848415203,0.0
2019-06-06,-0.0012161160759970838,0.0,5.512711530804604e-06,-0.0012216287875278884,1.003678886601882,0.6012509448531458,0.0
2019-06-07,-0.0010948278859525872,0.0,5.566685779883525e-06,-0.0011003945717324706,1.0071368071023938,0.6007687451708964,0.0
2019-06-10,-0.002438437331142922,0.0,1.697209111365934e-05,-0.0024554094222565812,1.0133220725667011,0.600334522134324,0.0
2019-06-11,-4.029443934908332e-05,0.0,5.709045085640966e-06,-4.600348443472429e-05,1.016128069344698,0.5993677780929074,0.0
2019-06-12,0.0014187895937419182,5.055587051398349e-05,5.709382337771746e-06,0.001362524340890163,0.9517943997003714,0.535009489043034,0.2500000000542682
2019-06-13,0.0004854604005307385,0.0,5.674157283905967e-06,0.00047978624324683257,0.9499118582844741,0.5356983765593385,0.0
2019-06-14,0.0021078214699243652,0.0,5.689738186444804e-06,0.0021021317317379204,0.9512775943090774,0.5359267066986068,0.0
2019-06-17,-0.00016869649393956826,0.0,1.6908233983077456e-05,-0.0001856047279226457,0.9483395748667568,0.5369058812785387,0.0
2019-06-18,-0.0008155933438452208,0.0,5.635845650316208e-06,-0.000821229189495537,0.9482535567103838,0.5368368242373005,0.0
2019-06-19,0.0014340899717974582,0.0,5.732964075496677e-06,0.0014283570077219614,0.9549681664848668,0.5364617889736094,0.0
2019-06-20,-0.001115724634870038,0.0,5.740711008319908e-06,-0.001121465345878358,0.9562005710565608,0.5371286674492073,0.0
2019-06-21,-0.001869078777535739,0.0,5.819062712689952e-06,-0.001874897840248429,0.9614063156730621,0.5366147376466956,0.0
2019-06-24,0.0005353008323014677,0.0,1.741374542537506e-05,0.0005178870868760927,0.9594846076588465,0.5357501356413868,0.0
2019-06-25,0.0018208766970181224,0.0,5.809300731008766e-06,0.0018150673962871137,0.9600867982959734,0.5360078449323337,0.0
2019-06-26,-0.0022284011658642456,7.135590188186587e-05,4.320567997500615e-06,-0.002304077635743612,0.601118477936789,0.28571701411924416,0.3536322410516032
2019-06-27,0.0002683634133512628,0.0,4.364588531542768e-06,0.00026399882481972005,0.6027582639815948,0.28414330117897274,0.0
2019-06-28,-0.00042116597482724956,0.0,4.373840078116888e-06,-0.00042553981490536645,0.6036269257665867,0.2843366000640539,0.0
2019-07-01,-0.0011692650431415674,0.0,1.3160702544645644e-05,-0.001182425745686213,0.6042800647646764,0.28403630284496567,0.0
2019-07-02,0.0006272764038137313,0.0,4.444808625459768e-06,0.0006228315951882715,0.6076729326817492,0.28320190302318604,0.0
2019-07-03,-0.0001578643967622799,0.0,4.450779078324525e-06,-0.00016231517584060443,0.6085593843983609,0.2836525116806705,0.0
2019-07-05,-0.0001591145779537707,0.0,8.96681967219923e-06,-0.00016808139762596993,0.6108295882729278,0.2835406702376559,0.0
2019-07-08,0.0013748364702459153,0.0,1.3419758304844528e-05,0.0013614167119410708,0.6099766469194481,0.2834291948348979,0.0
2019-07-09,-0.0004979955104660786,0.0,4.43297499348946e-06,-0.000502428485459568,0.608023996015939,0.28441682149120856,0.0
2019-07-10,-0.0008519991749652227,0.0,4.445797078918678e-06,-0.0008564449720441414,0.6086047333544382,0.2840615465933747,0.0
2019-07-11,-0.0028621398580379537,5.0318355079276754e-05,4.458681484940751e-06,-0.0029169168946021713,0.8563533315232236,0.5308695831225487,0.24999999999268008
2019-07-12,-0.0010705699854889718,0.0,4.488192532584448e-06,-0.0010750581780215563,0.8571901576182286,0.529552102739564,0.0
2019-07-15,0.0009679702279676394,0.0,1.3604121919608543e-05,0.0009543661060480308,0.860083925974858,0.5290502925977169,0.0
2019-07-16,0.0004914746174723374,0.0,4.537760335100989e-06,0.0004869368571372364,0.8607694181105562,0.529512913648184,0.0
2019-07-17,0.002929174028894309,0.0,4.512216269001561e-06,0.002924661812625307,0.8591382228385336,0.5297464352014196,0.0
2019-07-18,-0.0005472190194847211,0.0,4.466839877735768e-06,-0.0005516858593624568,0.8572015673243364,0.5311222562496253,0.0
2019-07-19,-6.187760641676414e-05,0.0,4.492528149423478e-06,-6.637013456618762e-05,0.858822464456942,0.5308679095490281,0.0
2019-07-22,-0.0009378276616702271,0.0,1.3443349352292129e-05,-0.0009512710110225192,0.8579627648545081,0.5308412639487329,0.0
2019-07-23,-0.0012583656699915546,0.0,4.523413103007716e-06,-0.0012628890830945624,0.8606171545591755,0.5304079980396122,0.0
2019-07-24,-0.0006721954672642843,0.0,4.561975431917574e-06,-0.0006767574426962019,0.8628429411956319,0.5298187346656489,0.0
2019-07-25,0.00011814636251129575,5.0558209814229067e-05,4.5033807531708515e-06,6.308477194389583e-05,0.9287467950082425,0.6000000000267703,0.25000000002478584
2019-07-26,0.00033061636744671915,0.0,4.482667626572057e-06,0.0003261336998201471,0.92731502720077,0.60008029046101,0.0
2019-07-29,0.00040245710507328156,0.0,1.3476508847692641e-05,0.0003889805962255889,0.9281435383993202,0.6002151564387992,0.0
2019-07-30,0.0009929263689873963,0.0,4.4846783852696236e-06,0.0009884416906021268,0.9277655979127905,0.600384075788108,0.0
2019-07-31,0.002424151318909736,0.0,4.463550017733808e-06,0.0024196877688920024,0.9266223143263111,0.6007831630317431,0.0
2019-08-01,0.004763854220102973,0.0,4.390733576184562e-06,0.004759463486526788,0.9222748152382818,0.6017512641768088,0.0
2019-08-02,0.00296067512783173,0.0,4.333672015313979e-06,0.0029563414558164158,0.9200001629531793,0.6036421058352588,0.0
2019-08-05,0.005747897665691852,0.0,1.2784463559267085e-05,0.005735113202132585,0.9159033553435248,0.6048147420680258,0.0
2019-08-06,0.0001881850988264612,0.0,4.078812711480095e-06,0.00018410628611498112,0.9048342896335811,0.6070809616955343,0.0
2019-08-07,0.0006118077904835433,0.0,4.142297013438633e-06,0.0006076654934701047,0.909545047287767,0.6071573653067467,0.0
2019-08-08,-0.001879426076281822,5.062151760403039e-05,4.158524464092703e-06,-0.0019342061183499452,0.6594734898553454,0.355901203976578,0.2514990732955969
2019-08-09,0.001008263025321865,0.0,4.259119129244934e-06,0.0010040039061926201,0.6656235524404892,0.35470785600560895,0.0
2019-08-12,0.0013300699788162808,0.0,1.2632743362742113e-05,0.0013174372354535387,0.6627560920286708,0.35535933686861276,0.0
2019-08-13,-0.002755402480665769,0.0,4.150867638049743e-06,-0.0027595533483038186,0.6592334467891676,0.35622010921153635,0.0
2019-08-14,0.00438174273467199,0.0,4.25149691596179e-06,0.004377491237756028,0.6648020854407872,0.35444281057557664,0.0
2019-08-15,0.0020986726823359557,0.0,4.103761419774137e-06,0.0020945689209161816,0.6568352315977458,0.3572606479542339,0.0
2019-08-16,-0.0017913333518657338,0.0,4.0890641363509815e-06,-0.0017954224160020849,0.6571098730184013,0.35860819106477965,0.0
2019-08-19,-0.0024013332225465986,0.0,1.2517146817011325e-05,-0.00241385036936361,0.6620425528611052,0.35745864698049645,0.0
2019-08-20,0.0006978605452670285,0.0,4.240656094536162e-06,0.0006936198891724923,0.6654843376959925,0.35591644279485274,0.0
2019-08-21,-0.0012028514834381057,0.0,4.213880599328272e-06,-0.001207065364037434,0.6639804037687921,0.3563671200178283,0.0
2019-08-22,0.0003163705153388457,5.0242014550215095e-05,4.261202334358963e-06,0.00026186729845427165,0.5061396128885252,0.19507184248032086,0.25000000002056766
2019-08-23,0.00406662111334369,0.0,4.25307503649938e-06,0.00406236803830719,0.5058115382717653,0.19533706060731046,0.0
2019-08-26,-0.0008995725650331809,0.0,1.2310929472134168e-05,-0.0009118834945053151,0.4981628584777305,0.19859690798913243,0.0
2019-08-27,0.0008542744152690248,0.0,4.158884182149574e-06,0.0008501155310868752,0.5014763221997052,0.19787777690278632,0.0
2019-08-28,0.00030231182700054914,0.0,4.145268954685793e-06,0.00029816655804586336,0.5011678833077169,0.19856324961565402,0.0
2019-08-29,-0.0023380590355512967,0.0,4.159962066160187e-06,-0.002342218997617457,0.502483514886913,0.19880628405721928,0.0
2019-08-30,2.1493757250452697e-05,0.0,4.240234212432172e-06,1.7253523038020527e-05,0.506466574491399,0.19692947698385047,0.0
2019-09-03,0.0021432114618633474,0.0,1.6968172216625845e-05,0.0021262432896467214,0.5066167156550397,0.19694757270161803,0.0
2019-09-04,-0.001752711328540603,0.0,4.1821827322690244e-06,-0.0017568935112728722,0.5039677063371732,0.1986683668815344,0.0
2019-09-05,-0.00406615823407038,0.0,4.2550603445616865e-06,-0.004070413294414941,0.5078816294278448,0.19726222427484155,0.0
2019-09-06,0.0008406909819008228,5.045921716240702e-05,3.3307077825003112e-06,0.0007869010569559155,0.5865563190703059,0.34341465094778323,0.2500000000194807
2019-09-09,-0.0008415514171117916,0.0,9.975431092893355e-06,-0.0008515268482046849,0.5867201499641959,0.34398466003712425,0.0
2019-09-10,-0.0007844798775451296,0.0,3.3067005266730795e-06,-0.0007877865780718026,0.5848246916613371,0.3434355532142024,0.0
2019-09-11,-0.0006613703575723932,0.0,3.294007100890386e-06,-0.0006646643646732836,0.5833837404377403,0.3429212220727421,0.0
2019-09-12,-0.0005412936267383949,0.0,3.3298990696200374e-06,-0.0005446235258080149,0.5855701230280104,0.3424874909457477,0.0
2019-09-13,-0.0016840747908883104,0.0,3.3488914325746658e-06,-0.001687423682320885,0.5866016053221474,0.3421325307441968,0.0
2019-09-16,0.0013264387478701283,0.0,9.997504950119406e-06,0.001316441242920009,0.5842965282244252,0.34102390777151975,0.0
2019-09-17,1.1131271311438267e-05,0.0,3.318561718844986e-06,7.812709592593281e-06,0.5841552603985286,0.3419002549228446,0.0
2019-09-18,0.0007122322171896164,0.0,3.332550469326502e-06,0.0007088996667202899,0.5851848992214934,0.3419087149606589,0.0
2019-09-19,0.00019247644539580863,0.0,3.3295824277059907e-06,0.00018914686296810264,0.5854377525834462,0.34237823536090883,0.0
2019-09-20,0.0015533956241461338,5.0235361055748656e-05,2.657591162993146e-06,0.001500502671927392,0.4876026710771958,0.29359851617869626,0.2500000000258503
2019-09-23,5.014903572263799e-05,0.0,7.867991829898825e-06,4.228104389273917e-05,0.4861641669727534,0.294709699111882,0.0
2019-09-24,0.0009365756235276516,0.0,2.63072220185083e-06,0.0009339449013258008,0.4867901066555539,0.29474738592044325,0.0
2019-09-25,-0.0005441394131795339,0.0,2.602804181957166e-06,-0.000546742217361491,0.4854127719691519,0.29540806668627884,0.0
2019-09-26,0.00045710006074135574,0.0,2.635257974218839e-06,0.0004544648027671369,0.487399062139514,0.2950252300215388,0.0
2019-09-27,0.0009201917258418295,0.0,2.6369991470509362e-06,0.0009175547266947785,0.48784904249881933,0.295348104764101,0.0
2019-09-30,-0.0003088061140513309,0.0,7.798060943977348e-06,-0.00031660417499530824,0.48574951961917817,0.29599670331572936,0.0
2019-10-01,0.00018469458645414187,0.0,2.6275847075806133e-06,0.00018206700174656126,0.487595226526423,0.2957815428730382,0.0
2019-10-02,3.3279014752169095e-05,0.0,2.6026397808897066e-06,3.067637497127939e-05,0.48590506558798774,0.29591236158303924,0.0
2019-10-03,-0.0006362363696595303,0.0,2.5536274186674668e-06,-0.0006387899970781977,0.4823513638995625,0.2959365623368374,0.0
2019-10-04,0.0011329690725832313,5.0376667816453335e-05,2.586596209186008e-06,0.001080005808557592,0.7331812743112008,0.5443597510406223,0.2500000000263865
2019-10-07,-0.0005955136072922899,0.0,7.879564580787788e-06,-0.0006033931718730776,0.7366402918559127,0.5449042203900766,0.0
2019-10-08,0.00020555687866044708,0.0,2.617014513954422e-06,0.00020293986414649266,0.7356793967518909,0.544637337233218,0.0
2019-10-09,-0.0004275479703450551,0.0,2.5685307398480484e-06,-0.00043011650108490314,0.732235090212451,0.5447323462035436,0.0
2019-10-10,-0.0013212380888341342,0.0,2.6078188114115005e-06,-0.0013238459076455457,0.7349097866814068,0.5445390134483672,0.0
2019-10-11,-0.002237349129607434,0.0,2.62924789099178e-06,-0.002239978377498426,0.7358729613188928,0.5439378652764929,0.0
2019-10-14,-0.0002002728041344728,0.0,8.014513724933182e-06,-0.00020828731785940598,0.737936471649438,0.5429166376760639,0.0
2019-10-15,-0.0018771415395907039,0.0,2.670423193891189e-06,-0.001879811962784595,0.7377703225118823,0.5428294293578255,0.0
2019-10-16,0.0007430247876168439,0.0,2.7049901474606875e-06,0.0007403197974693832,0.7394353723242624,0.5419710915596322,0.0
2019-10-17,0.0006085441503778583,0.0,2.6842962637644785e-06,0.0006058598541140938,0.7382662588244872,0.5423126315696802,0.0
2019-10-18,0.0027499441913530257,5.066123239793566e-05,5.296464226006079e-06,0.002693986494729084,0.9866418884758432,0.5999999999773995,0.2500000000066112
2019-10-21,-0.0006999513015073304,0.0,1.570256541024036e-05,-0.0007156538669175707,0.9832262650179759,0.6011305067021273,0.0
2019-10-22,0.0012253939946956565,0.0,5.281887741589008e-06,0.0012201121069540675,0.9864383687224264,0.6008605635864287,0.0
2019-10-23,0.0008045053554107743,0.0,5.2600325436460875e-06,0.0007992453228671283,0.9853346161181936,0.6013522404320293,0.0
2019-10-24,-0.0008230566345573483,0.0,5.257779814568419e-06,-0.0008283144143719167,0.98549378563461,0.6016758591711154,0.0
2019-10-25,-0.0040342247462256085,0.0,5.304393352326474e-06,-0.004039529139577935,0.9885716248833747,0.6013509101635423,0.0
2019-10-28,-0.004088069718987731,0.0,1.6124799516121823e-05,-0.004104194518503853,0.9921094715567487,0.5997393499977841,0.0
2019-10-29,0.0011431656529029264,0.0,5.439132095167535e-06,0.0011377265208077588,0.9951626666901562,0.5981060237429263,0.0
2019-10-30,0.0007453998912778054,0.0,5.416754526477632e-06,0.0007399831367513278,0.9939912629329544,0.5985681825000873,0.0
2019-10-31,0.001825401517474389,0.0,5.4389952370636184e-06,0.0018199625222373255,0.9959170806789137,0.5988704283732698,0.0
2019-11-01,-0.0019615575896964337,5.091012436481087e-05,5.479452054799588e-06,-0.002017947166116044,0.9999999999995651,0.5999999999991953,0.25000000000466815
2019-11-04,-0.0029023041612589993,0.0,1.66245444302912e-05,-0.0029189287056892903,1.0037782737296534,0.5992476925925676,0.0
2019-11-05,-0.0031971148978768554,0.0,5.57358380460892e-06,-0.0032026884816814642,1.004962791663956,0.5980911739275049,0.0
2019-11-06,0.0010281385320197829,0.0,5.5923041362356645e-06,0.0010225462278835471,1.0050436428863387,0.5968054409411351,0.0
2019-11-07,-0.0036482719208866684,0.0,5.588240096843846e-06,-0.003653860160983512,1.0051644185278892,0.5972228914582886,0.0
2019-11-08,-0.0011417762165933975,0.0,5.614182174115775e-06,-0.0011473903987675132,1.0055867105975975,0.595751411887146,0.0
2019-11-11,-0.00031004959946985604,0.0,1.691305309825999e-05,-0.000326962652568116,1.0068436274874746,0.5952926687631481,0.0
2019-11-12,-0.00039430473158520545,0.0,5.63511632844136e-06,-0.00039993984791364683,1.0065407118624596,0.5951772198862403,0.0
2019-11-13,0.002868194640058418,0.0,5.645152246808625e-06,0.002862549487811609,1.007117001735024,0.5950208877179944,0.0
2019-11-14,0.0013954651289724517,0.0,5.626621178369471e-06,0.0013898385077940822,1.0069258265248158,0.5961824805038443,0.0
2019-11-15,0.00015107583694396254,4.251027735039865e-05,5.479452054720006e-06,0.00010308610753884389,1.0000000000256344,0.600000000031074,0.20754865747451925
2019-11-18,-0.00018122631318226735,0.0,1.651805872116461e-05,-0.00019774437190343196,1.0020286438883388,0.6000892150066669,0.0
2019-11-19,0.0004339669869304706,0.0,5.524839648774154e-06,0.00042844214728169646,1.0033399349451657,0.6000266405846524,0.0
2019-11-20,0.001960779822280423,0.0,5.497560399278003e-06,0.0019552822618811453,1.0015253642617619,0.6002034551144677,0.0
2019-11-21,-0.0011029313195177516,0.0,5.463774681084317e-06,-0.0011083950941988359,0.9998446832674035,0.6009891315482485,0.0
2019-11-22,-0.00018850724000063664,0.0,5.440564346133424e-06,-0.00019394780434677005,0.9977130462196611,0.6005518489519212,0.0
2019-11-25,-0.0018672148952197014,0.0,1.6369997235401402e-05,-0.0018835848924551029,0.9988164028461217,0.6004798034513543,0.0
2019-11-26,0.0017597539672200174,0.0,5.530882227439425e-06,0.001754223084992578,1.0034966566082237,0.5997422540051457,0.0
2019-11-27,-0.0009908234706547242,0.0,5.54248188771635e-06,-0.0009963659525424407,1.0050498648275277,0.6004486870242344,0.0
2019-11-29,-0.000133760418834774,0.0,1.117454417904481e-05,-0.00014493496301381883,1.0079266011963448,0.6000557386612094,0.0
2019-12-02,-0.0020345383881698455,5.0510502480152196e-05,1.64383561634382e-05,-0.002101487246813436,1.0000000001006286,0.6000000001236324,0.24896830526871191
2019-12-03,0.004150750019321177,0.0,5.458684651272219e-06,0.004145291334669905,0.9977087043955878,0.5992247248527158,0.0
2019-12-04,0.0001548496527991094,0.0,5.383480455357206e-06,0.0001494661723437522,0.9938787062507616,0.6008846330096856,0.0
2019-12-05,0.0004396563484747892,0.0,5.420513452663675e-06,0.0004342358350221255,0.9966471430613294,0.6009496610168813,0.0
2019-12-06,-0.0006750518122226985,0.0,5.419252685066614e-06,-0.0006804710649077651,0.9967337319320261,0.6011282859221632,0.0
2019-12-09,-8.113352190818898e-06,0.0,1.6335625766772017e-05,-2.4448977957590913e-05,0.9983623303767462,0.6008621033852938,0.0
2019-12-10,-0.0001046078509375415,0.0,5.450683627071646e-06,-0.00011005853456461314,0.998768585434462,0.6008686806582318,0.0
2019-12-11,-0.0002583995112698935,0.0,5.440536387114368e-06,-0.00026384004765700784,0.9979893555578999,0.6008301992985512,0.0
2019-12-12,-0.004045879342452367,0.0,5.4723400335411905e-06,-0.004051351682485909,1.000211118945845,0.6007302964973381,0.0
2019-12-13,0.0016477407987088935,0.0,5.5408158962882915e-06,0.0016421999828126052,1.0035911894903256,0.5991116290612801,0.0
2019-12-16,0.0018904798028541365,5.0744242110989156e-05,1.6438356163424627e-05,0.0018232972045797227,1.0000000002081588,0.600000000231493,0.25000000015877877
2019-12-17,-0.0009329482970883611,0.0,5.463815686613948e-06,-0.0009384121127749751,0.9996535972181546,0.6007950520953365,0.0
2019-12-18,0.0011766145621298052,0.0,5.506079938435578e-06,0.0011711084821913696,1.0023693859133673,0.6004255504075702,0.0
2019-12-19,-0.00036951565905444063,0.0,5.500747850194371e-06,-0.00037501640690463503,1.002453040764851,0.6008984477006623,0.0
2019-12-20,0.0008239078351800779,0.0,5.523138522180141e-06,0.0008183846966578977,1.0039433368515502,0.6007542247323996,0.0
2019-12-23,-0.0006577793522056787,0.0,1.658254443353669e-05,-0.0006743618966392154,1.0045947940257038,0.6010862128096444,0.0
2019-12-24,0.0008619717398769486,0.0,5.517785375015501e-06,0.0008564539545019331,1.00363194512823,0.6008336127520987,0.0
2019-12-26,0.0002922063075950463,0.0,1.1018392305140635e-05,0.0002811879152899057,1.0033520200409498,0.6011807009033168,0.0
2019-12-27,0.0002964053381608709,0.0,5.528262244774749e-06,0.00029087707591609615,1.004866971709662,0.6013038278411054,0.0
2019-12-30,0.0007044525218288046,0.0,1.6635209929439096e-05,0.0006878173118993656,1.0062154006318638,0.6014252923488457,0.0
2019-12-31,0.00010232232501424367,5.0435341618315254e-05,5.479452054689632e-06,4.640753134123878e-05,1.0000000000467293,0.6000000000543864,0.2500000000287541
2020-01-02,-0.0008940443642997269,0.0,1.097028559646521e-05,-0.0009050146498961921,1.0004898986754027,0.6000744744044225,0.0
2020-01-03,0.002270564795805433,0.0,5.54990649437428e-06,0.0022650148893110585,1.0048663624007497,0.599723188311427,0.0
2020-01-06,0.0008009447960581387,0.0,1.6400337808744514e-05,0.0007845444582493942,0.9997081963971557,0.6006333097177057,0.0
2020-01-07,-0.000745989536378369,0.0,5.440347375566479e-06,-0.0007514298837539354,0.9981081309173369,0.600962772500984,0.0
2020-01-08,-0.0005684766432237179,0.0,5.4331985476400925e-06,-0.0005739098417713581,0.9972916369351695,0.600668142957443,0.0
2020-01-09,3.768828017906521e-05,0.0,5.479111805097121e-06,3.220916837396809e-05,1.0004194289606838,0.6004442671885939,0.0
2020-01-10,0.0004296233946262531,0.0,5.527257335415602e-06,0.0004240961372908375,1.0039524005526408,0.6004626150673019,0.0
2020-01-13,-0.00023387439233187013,0.0,1.6563413914404783e-05,-0.00025043780624627493,1.0036805823310329,0.6006375104138497,0.0
2020-01-14,2.4063964633352952e-05,0.0,5.568279795885336e-06,1.8495684837467617e-05,1.0070384625568205,0.600554037457191,0.0
2020-01-15,0.0018066196797675398,2.2638490251704862e-05,5.479452054652773e-06,0.0017785017374611822,1.0000000001587845,0.600000000169132,0.11195310011354014
2020-01-16,0.0007756927449556518,0.0,5.460297855563894e-06,0.0007702324471000879,0.9993399493621007,0.6007382059059365,0.0
2020-01-17,-0.0008397964528450451,0.0,5.476450094391142e-06,-0.0008452729029394362,1.000831806597621,0.6010509497070675,0.0
2020-01-21,0.0029582004569506277,0.0,2.2033750132453187e-05,0.0029361667068181748,1.0028348646008112,0.6007189246835404,0.0
2020-01-22,0.00022773258899025963,0.0,5.419529896390882e-06,0.00022231305909386877,0.9975355000101584,0.601909817573624,0.0
2020-01-23,-3.795889010067588e-05,0.0,5.427393328934614e-06,-4.33862834296105e-05,0.9982034298869571,0.6020037168747303,0.0
2020-01-24,-0.0010289204253078003,0.0,5.424521195024045e-06,-0.0010343449465028242,0.9979819234115468,0.6019918761747916,0.0
2020-01-27,0.00023156929991380746,0.0,1.623125532667306e-05,0.0002153380445871344,0.9965457486458169,0.6015852023634393,0.0
2020-01-28,0.0011264588770413786,0.0,5.331708642635533e-06,0.001121127168398743,0.9909019364294579,0.601687205517064,0.0
2020-01-29,0.0004509490728769457,0.0,5.3629667060816e-06,0.00044558610617086413,0.9936351600051546,0.602138590461198,0.0
2020-01-30,0.002790831441513881,4.184585646613959e-05,5.479452054203101e-06,0.002743506132993538,1.0000000001585698,0.6000000002017435,0.20643089865909345
2020-01-31,-0.001846010649037201,0.0,5.4304642289840475e-06,-0.0018514411132661852,0.9975654847037028,0.6011415959878672,0.0
2020-02-03,0.002099953546154336,0.0,1.626014848155412e-05,0.002083693397672782,0.9960708169720204,0.6004072039208702,0.0
2020-02-04,0.0005445910397599262,0.0,5.368583738421378e-06,0.0005392224560215049,0.993160940698639,0.6012543277938782,0.0
2020-02-05,0.0021660789276972694,0.0,5.407397727239295e-06,0.00216067152997003,0.9962146243163295,0.6014745902278611,0.0
2020-02-06,-0.00024980927995883013,0.0,5.397177872268434e-06,-0.00025520645783109856,0.9963331966444682,0.6023392119688725,0.0
2020-02-07,0.000355200076907842,0.0,5.427024358331589e-06,0.00034977305254951037,0.9984158771751732,0.6022430990169672,0.0
2020-02-10,0.0008413387201799824,0.0,1.625076550780644e-05,0.000825087954672176,0.9978228941674449,0.6023876001441547,0.0
2020-02-11,-0.0007171755452112237,0.0,5.434955208797321e-06,-0.000722610500420021,0.9994833624968656,0.6027316322546613,0.0
2020-02-12,0.0004987726336902838,0.0,5.449855337842149e-06,0.0004933227783524417,1.0002892329185098,0.6024497932560328,0.0
2020-02-13,0.002266992465477203,4.1756596292731024e-05,5.479452055347231e-06,0.002219756417129125,0.999999999986148,0.5999999999458,0.20740165803665783
2020-02-14,0.002374167557969372,0.0,5.448802056081614e-06,0.0023687187559132904,0.9986956174726561,0.6009330673786983,0.0
2020-02-18,0.0008116431893247088,0.0,2.1690513966980067e-05,0.0007899526753577287,0.9977334267252447,0.6018815468278584,0.0
2020-02-19,-0.0017505736996106217,0.0,5.4140180197175025e-06,-0.0017559877176303391,0.9974407821575798,0.6022174667182019,0.0
2020-02-20,0.001202250141622816,0.0,5.455349899643713e-06,0.0011967947917231724,0.9997637029739392,0.6015231602999482,0.0
2020-02-21,-0.0008672077837241789,0.0,5.431684304277377e-06,-0.0008726394680284563,0.9985178882841309,0.6020049340718822,0.0
2020-02-24,-0.004346942624899873,0.0,1.6360218639796435e-05,-0.004363302843539669,0.9997614145281944,0.6016627609598146,0.0
2020-02-25,-0.006696726170474082,0.0,5.415463964930327e-06,-0.006702141634439013,0.9952623793646178,0.599933509924704,0.0
2020-02-26,-0.0019397578723938267,0.0,5.440752256367929e-06,-0.0019451986246501946,0.9944144826430344,0.5972395679281756,0.0
2020-02-27,-0.012644115717040615,0.0,5.442106140506762e-06,-0.012649557823181123,0.9937337915686841,0.5964600433116903,0.0
2020-02-28,-0.0008090437694738798,8.237563503367942e-05,2.364323972954602e-06,-0.0008937837284805137,0.5862979250225264,0.4137022749968405,0.40429555814237483
2020-03-02,0.0014879250759978772,0.0,7.259648925274279e-06,0.001480665427072603,0.5899140557952711,0.41326259861359704,0.0
2020-03-03,0.0014896137215917864,0.0,2.3985265988616605e-06,0.0014872151949929246,0.5892297665874999,0.4141373248705986,0.0
2020-03-04,0.0017861284710842256,0.0,2.4321501635228433e-06,0.0017836963209207028,0.5925566917531058,0.41500972981593826,0.0
2020-03-05,-0.0027788135891065333,0.0,2.4020382496821997e-06,-0.0027812156273562157,0.5914025369800013,0.4160537447532008,0.0
2020-03-06,-0.004263767455429558,0.0,2.468695319780444e-06,-0.004266236150749338,0.5946423018685242,0.41442754352455163,0.0
2020-03-09,-0.012025297374231475,0.0,7.824912839396008e-06,-0.01203312228707087,0.6023273413057121,0.4119211288804092,0.0
2020-03-10,0.0022927978652155147,0.0,2.711625124046157e-06,0.0022900862400914686,0.6027150695778916,0.40476643552252206,0.0
2020-03-11,-0.005746669912831493,0.0,2.5667550082456395e-06,-0.005749236667839739,0.593502278182743,0.40612916258081133,0.0
2020-03-12,-0.01455060897165956,0.0,2.4865993242518353e-06,-0.01455309557098381,0.5842194477042053,0.40269769703382136,0.0
2020-03-13,0.0,0.00011729224969752881,0.0,-0.00011729224969752881,0.0,0.0,0.579223357965225
2020-03-16,0.0,0.0,0.0,0.0,0.0,0.0,0.0
2020-03-17,0.0,0.0,0.0,0.0,0.0,0.0,0.0
2020-03-18,0.0,0.0,0.0,0.0,0.0,0.0,0.0
2020-03-19,0.0,0.0,0.0,0.0,0.0,0.0,0.0
2020-03-20,0.0,0.0,0.0,0.0,0.0,0.0,0.0
2020-03-23,0.0,0.0,0.0,0.0,0.0,0.0,0.0
2020-03-24,0.0,0.0,0.0,0.0,0.0,0.0,0.0
2020-03-25,0.0,0.0,0.0,0.0,0.0,0.0,0.0
2020-03-26,0.0,0.0,0.0,0.0,0.0,0.0,0.0
2020-03-27,0.0,0.0,0.0,0.0,0.0,0.0,0.0
2020-03-30,0.0,0.0,0.0,0.0,0.0,0.0,0.0
2020-03-31,0.0,0.0,0.0,0.0,0.0,0.0,0.0
2020-04-01,0.0,0.0,0.0,0.0,0.0,0.0,0.0
2020-04-02,0.0,0.0,0.0,0.0,0.0,0.0,0.0
2020-04-03,0.0,0.0,0.0,0.0,0.0,0.0,0.0
2020-04-06,0.0,0.0,0.0,0.0,0.0,0.0,0.0
2020-04-07,0.0,0.0,0.0,0.0,0.0,0.0,0.0
2020-04-08,0.0,0.0,0.0,0.0,0.0,0.0,0.0
2020-04-09,0.0,0.0,0.0,0.0,0.0,0.0,0.0
2020-04-13,0.0,0.0,0.0,0.0,0.0,0.0,0.0
2020-04-14,0.0,0.0,0.0,0.0,0.0,0.0,0.0
2020-04-15,0.0,0.0,0.0,0.0,0.0,0.0,0.0
2020-04-16,0.0,0.0,0.0,0.0,0.0,0.0,0.0
2020-04-17,0.0,0.0,0.0,0.0,0.0,0.0,0.0
2020-04-20,0.0,0.0,0.0,0.0,0.0,0.0,0.0
2020-04-21,0.0,0.0,0.0,0.0,0.0,0.0,0.0
2020-04-22,0.0,0.0,0.0,0.0,0.0,0.0,0.0
2020-04-23,0.0,0.0,0.0,0.0,0.0,0.0,0.0
2020-04-24,0.0,0.0,0.0,0.0,0.0,0.0,0.0
2020-04-27,7.442013371941098e-16,3.0054034722309145e-05,2.91365105558476e-17,-3.0054034721594083e-05,0.15000000000006974,0.14999999999936076,0.15000000000006974
2020-04-28,3.4628786319568256e-05,0.0,9.692072393431424e-18,3.4628786319558566e-05,0.15000450824076805,0.15000450824006056,0.0
2020-04-29,-1.6994038276452053e-05,0.0,9.728494400632895e-18,-1.699403827646178e-05,0.15003394153378824,0.15003394153307806,0.0
2020-04-30,0.00018405939389745925,0.0,9.75383391219949e-18,0.0001840593938974495,0.1500194969325867,0.1500194969318747,0.0
2020-05-01,-0.00015658377237243957,0.0,9.690304771277177e-18,-0.00015658377237244927,0.15017591503857966,0.15017591503787225,0.0
2020-05-04,-2.578849617733927e-16,0.0,2.8942895168420976e-17,-2.8682785694181367e-16,0.15004282553784412,0.15004282553713985,0.0
2020-05-05,-1.1569735820354248e-05,0.0,9.654697064225446e-18,-1.1569735820363903e-05,0.15004282553784443,0.15004282553713963,0.0
2020-05-06,4.0122664599228325e-05,0.0,9.661684085951358e-18,4.012266459921866e-05,0.15003299164410222,0.15003299164339692,0.0
2020-05-07,6.387037728291877e-05,0.0,9.607793160952948e-18,6.387037728290916e-05,0.15006709321704906,0.15006709321634765,0.0
2020-05-08,-2.312708635449569e-05,0.0,9.675323215658222e-18,-2.3127086354505368e-05,0.1501213752854592,0.15012137528475294,0.0
2020-05-11,-2.3647476819885095e-05,1.0025685306310475e-05,7.542247759540226e-16,-3.367316212694979e-05,0.20000000000164805,0.19999999998329523,0.05011668987497078
2020-05-12,2.3072461561878987e-05,0.0,2.5070477015029254e-16,2.3072461561628282e-05,0.1999830865876735,0.19998308656937208,0.0
2020-05-13,-2.4330657936147343e-14,0.0,2.5141291476170844e-16,-2.458207085090905e-14,0.20000154452133928,0.20000154450298616,0.0
2020-05-14,-1.2142470927408218e-05,0.0,2.520795081298282e-16,-1.2142470927660296e-05,0.20000154452136854,0.20000154450296673,0.0
2020-05-15,3.5821341377447444e-05,0.0,2.52935785953026e-16,3.5821341377194506e-05,0.19999183044549035,0.199991830427026,0.0
2020-05-18,-8.077031183777584e-05,0.0,7.592344479704469e-16,-8.077031183853508e-05,0.2000204867847393,0.2000204867662646,0.0
2020-05-19,5.767287989966646e-05,0.0,2.517128595744327e-16,5.767287989941475e-05,0.19995586697052956,0.19995586695215448,0.0
2020-05-20,-2.1256400509201173e-14,0.0,2.5236744856904863e-16,-2.150876795777022e-14,0.20000200515885486,0.20000200514043204,0.0
2020-05-21,-1.2152699882145773e-05,0.0,2.5294981570629244e-16,-1.2152699882398723e-05,0.20000200515888045,0.20000200514041508,0.0
2020-05-22,-1.0929584919460555e-05,0.0,2.5267733258384224e-16,-1.0929584919713232e-05,0.19999228290517113,0.19999228288672566,0.0
2020-05-26,1.0929342495113294e-05,4.61667957558761e-09,6.696380128147152e-17,1.0924725815470744e-05,0.20000000000039583,0.19999999999917378,2.3082692524458376e-05
2020-05-27,-3.4005982275704586e-05,0.0,1.6806151915229215e-17,-3.400598227572139e-05,0.20000874430220353,0.20000874430097668,0.0
2020-05-28,4.616532638707545e-05,0.0,1.683115546929456e-17,4.616532638705862e-05,0.19998153888859652,0.19998153888736783,0.0
2020-05-29,-2.0381618807890747e-15,0.0,1.6792364649143697e-17,-2.0549542454382186e-15,0.2000184702970161,0.20001847029579026,0.0
2020-06-01,-5.989110740525477e-07,0.0,5.0547188744324427e-17,-5.98911074103095e-07,0.20001847029701866,0.20001847029578865,0.0
2020-06-02,-4.618767878576803e-15,0.0,1.6916944857024638e-17,-4.6356848234338274e-15,0.20001799117893945,0.20001799117770455,0.0
2020-06-03,-8.088034173260068e-05,0.0,1.7043045805170976e-17,-8.088034173261773e-05,0.20001799117894498,0.20001799117770086,0.0
2020-06-04,2.3068120180200986e-05,0.0,1.7083551074829446e-17,2.3068120180183903e-05,0.1999532831270851,0.19995328312583802,0.0
2020-06-05,-5.646624310689134e-05,0.0,1.7014455078497925e-17,-5.6466243106908354e-05,0.1999717382751691,0.19997173827392703,0.0
2020-06-08,-1.2199695528579802e-05,0.0,5.1331327953337126e-17,-1.2199695528631134e-05,0.19992656113387364,0.1999265611326246,0.0
2020-06-09,3.470279552427795e-05,2.080165327273415e-08,1.8322362967524828e-16,3.4681993870821995e-05,0.20000000000072346,0.1999999999873481,0.00010400070908768417
2020-06-10,6.875128539273124e-05,0.0,1.8425932617911728e-16,6.875128539254698e-05,0.200027765434589,0.20002776542113804,0.0
2020-06-11,-6.812574373805861e-05,0.0,1.8612981856672494e-16,-6.812574373824474e-05,0.2000827607731312,0.20008276075954368,0.0
2020-06-12,5.653928179106378e-05,0.0,1.847181623386009e-16,5.653928179087906e-05,0.20002826210341362,0.2000282620899292,0.0
2020-06-15,-2.3139904393774175e-05,0.0,5.538557645981467e-16,-2.313990439432803e-05,0.2000734893738036,0.20007348936032643,0.0
2020-06-16,-1.1549723524084047e-05,0.0,1.8498258227195205e-16,-1.1549723524269029e-05,0.2000549787225173,0.2000549787090136,0.0
2020-06-17,3.469056402464063e-05,0.0,1.8508717106885235e-16,3.4690564024455546e-05,0.2000457394719838,0.20004573945847245,0.0
2020-06-18,-2.2447051183741687e-05,0.0,1.8536382024456063e-16,-2.244705118392705e-05,0.20007348937383643,0.20007348936030483,0.0
2020-06-19,2.310967922302985e-05,0.0,1.8602344551852326e-16,2.3109679222843827e-05,0.20005553297948894,0.20005553296590922,0.0
2020-06-22,-2.310914521356323e-05,0.0,5.586783994274827e-16,-2.3109145214121908e-05,0.20007401901232688,0.20007401899873237,0.0
2020-06-23,-0.0004586402158900164,5.086417774053165e-05,0.0,-0.000509504393630548,0.449930588999715,0.449930588999715,0.25000000002993494
2020-06-24,0.0009843462413379077,0.0,0.0,0.0009843462413379077,0.4497010734565714,0.4497010734565714,0.0
2020-06-25,0.0002434626079726024,0.0,0.0,0.0002434626079726024,0.45024222545559056,0.45024222545559056,0.0
2020-06-26,0.0010837381438891997,0.0,0.0,0.0010837381438891997,0.4503760383387009,0.4503760383387009,0.0
2020-06-29,-2.1086104992076252e-06,0.0,0.0,-2.1086104992076252e-06,0.45097104196262566,0.45097104196262566,0.0
2020-06-30,-0.000580996163387247,0.0,0.0,-0.000580996163387247,0.4509698842719593,0.4509698842719593,0.0
2020-07-01,-0.000398846634034322,0.0,0.0,-0.000398846634034322,0.4506507144446921,0.4506507144446921,0.0
2020-07-02,0.0006632662510266938,0.0,0.0,0.0006632662510266938,0.45043152090663435,0.45043152090663435,0.0
2020-07-06,-0.0008654844907663386,0.0,0.0,-0.0008654844907663386,0.4507957895243646,0.4507957895243646,0.0
2020-07-07,0.0013715553703185393,0.0,0.0,0.0013715553703185393,0.45032005005280007,0.45032005005280007,0.0
2020-07-08,-0.0005271439597487701,3.105318316366263e-05,7.251072369505797e-18,-0.00055819714291244,0.5999999999935351,0.5999999999930058,0.15020284585956067
2020-07-09,0.001868584027957672,0.0,7.202105522100679e-18,0.0018685840279576648,0.5998076669597763,0.5998076669592507,0.0
2020-07-10,-0.0006420932135018036,0.0,7.137907135474232e-18,-0.0006420932135018108,0.6005540652534725,0.6005540652529515,0.0
2020-07-13,0.0002430306025212661,0.0,2.1752104395135717e-17,0.00024303060252124433,0.6002974189387619,0.6002974189382326,0.0
2020-07-14,0.0005541646449511273,0.0,7.229512313196238e-18,0.0005541646449511201,0.6003945352956185,0.6003945352950907,0.0
2020-07-15,-0.00017330384038965316,0.0,7.343327392833572e-18,-0.0001733038403896605,0.6006158598658436,0.6006158598653075,0.0
2020-07-16,0.0006797421827138838,0.0,7.452677372845815e-18,0.0006797421827138764,0.6005466330633048,0.6005466330627608,0.0
2020-07-17,1.7949610081543783e-05,0.0,7.420899195881456e-18,1.7949610081536363e-05,0.6008179739250072,0.6008179739244655,0.0
2020-07-20,0.0005931624907896778,0.0,2.2372912618433946e-17,0.0005931624907896555,0.60082513895812,0.6008251389575756,0.0
2020-07-21,0.0002608808803473299,0.0,7.423851933262731e-18,0.00026088088034732245,0.6010617741498344,0.6010617741492925,0.0
2020-07-22,0.0005244298808207545,4.553303329563636e-07,3.2507539302668276e-08,0.0005239420429484956,0.6023730503042625,0.5999999999351677,0.0022700334527183917
2020-07-23,0.0010585220496645226,0.0,3.278225390113581e-08,0.0010584892674106216,0.6026030591209675,0.6002099545861845,0.0
2020-07-24,-8.051707834308342e-05,0.0,3.2600339399344965e-08,-8.054967868248276e-05,0.6030125381312591,0.6006327133551068,0.0
2020-07-27,-0.0007551826814443811,0.0,9.673204092865558e-08,-0.0007552794134853098,0.6029543874559837,0.6006005744600531,0.0
2020-07-28,0.0008287041630945745,0.0,3.2510935163346454e-08,0.0008286716521594111,0.6026720833598539,0.6002987850929296,0.0
2020-07-29,0.0004451993456681155,0.0,3.2447208584177116e-08,0.0004451668984595313,0.6029984106234703,0.6006297643968252,0.0
2020-07-30,0.0006966008355288802,0.0,3.27731356976415e-08,0.0006965680623931825,0.6031999430352368,0.6008075041293091,0.0
2020-07-31,0.00018299975433815215,0.0,3.252357333082886e-08,0.0001829672307648213,0.6034596289199585,0.601085408066808,0.0
2020-08-03,-0.000286251955931865,0.0,9.699221063227876e-08,-0.00028634894814249726,0.6035185593226577,0.6011584155306056,0.0
2020-08-04,0.0013767679393906702,0.0,3.267402730252474e-08,0.0013767352653633676,0.6034294759628237,0.6010442719697394,0.0
2020-08-05,-0.0024652830022968103,4.308269654931024e-05,2.810101787263694e-06,-0.0025111758006333843,0.8051374304489619,0.5999999999787122,0.20304658075093876
2020-08-06,0.0014465892503889568,0.0,2.857897883921729e-06,0.001443731352505035,0.8076655547663407,0.5990390092400545,0.0
2020-08-07,-0.0014685911323311337,0.0,2.842008550630954e-06,-0.0014714331408817647,0.8070865326251178,0.5996199084290581,0.0
2020-08-10,-0.0016405184369403995,0.0,8.564957910111316e-06,-0.0016490833948505108,0.8074467297560616,0.599032753943353,0.0
2020-08-11,-0.0018239636456186589,0.0,2.8868049755260545e-06,-0.0018268504505941849,0.8091157756129896,0.5983790123995877,0.0
2020-08-12,-0.00178541264272319,0.0,2.886797630917626e-06,-0.0017882994403541077,0.8083830872467896,0.597646860189803,0.0
2020-08-13,-0.0018235637814873347,0.0,2.9098092752248995e-06,-0.0018264735907625596,0.8093450123192966,0.5969289352278789,0.0
2020-08-14,-0.0007504339458924326,0.0,2.914523690541639e-06,-0.0007533484695829743,0.8089545340082439,0.5961943045987042,0.0
2020-08-17,0.0001494910522199718,0.0,8.759310623585215e-06,0.0001407317415963866,0.8090360107447641,0.5958927855708571,0.0
2020-08-18,0.001732519702359464,0.0,2.9327719895905023e-06,0.0017295869303698736,0.8100507615987378,0.5959584063586312,0.0
2020-08-19,-0.0014399599735438913,2.2553883306367536e-05,4.181455017695899e-06,-0.0014666953118679547,0.9052462163077561,0.6000000000159554,0.10962080598043719
2020-08-20,0.0014769895142169437,0.0,4.190135225841681e-06,0.001472799378991102,0.9053191062442232,0.5994392347577806,0.0
2020-08-21,0.0013448031927448196,0.0,4.1702795070156794e-06,0.001340632913237804,0.9044629007955051,0.6000324967833605,0.0
2020-08-24,-0.0019159901495790295,0.0,1.2467351480161536e-05,-0.001928457501059191,0.9039443725313745,0.6005721531807772,0.0
2020-08-25,-0.0009201268235070551,0.0,4.213979328407728e-06,-0.0009243408028354629,0.9074333676462132,0.5998128766724489,0.0
2020-08-26,-0.0011874542380719039,0.0,4.202588890061623e-06,-0.0011916568269619654,0.9062358319995794,0.599446843025081,0.0
2020-08-27,-0.002975854162721804,0.0,4.234954354066482e-06,-0.0029800891170758703,0.9081248270882393,0.5989731592413859,0.0
2020-08-28,0.0001734678991153158,0.0,4.241724258345321e-06,0.00016922617485697048,0.9074246098523655,0.5977787389931569,0.0
2020-08-31,0.0032932744402394925,0.0,1.2790569226100349e-05,0.0032804838710133923,0.9090882193502858,0.5978510348485107,0.0
2020-09-01,-0.0009893169854445667,0.0,4.2041824890242885e-06,-0.0009935211679335911,0.9060840348830674,0.5991787131842946,0.0
2020-09-02,-0.0011766354380099938,1.4829229105445034e-06,4.182131423645547e-06,-0.001182300492344184,0.9052955939373262,0.6000000000112011,0.007343095789454579
2020-09-03,0.002790204773700944,0.0,4.254854429585306e-06,0.002785949919271359,0.9101365651384347,0.5995321917787073,0.0
2020-09-04,-0.003785765653354311,0.0,4.164618652182729e-06,-0.003789930272006494,0.9046661800772364,0.6006490184678973,0.0
2020-09-08,0.002564074890786153,0.0,1.6736567459892806e-05,0.0025473383233262604,0.9045762847706789,0.5991339286276349,0.0
2020-09-09,-0.002548622629618965,0.0,4.1282658385839605e-06,-0.002552750895457549,0.9015325758088689,0.6001691695922399,0.0
2020-09-10,0.0014722609900986751,0.0,4.206877978871414e-06,0.0014680541121198038,0.9062521201900415,0.5991500277324283,0.0
2020-09-11,-0.0007018279935622736,0.0,4.176513635049701e-06,-0.0007060045071973233,0.9046273306136988,0.5997418352550705,0.0
2020-09-14,-0.0013827559432975313,0.0,1.263584746629624e-05,-0.0013953917907638276,0.9069355193510383,0.5994632310044966,0.0
2020-09-15,-0.0004467593497343462,0.0,4.255495529238833e-06,-0.00045101484526358505,0.9095673714414091,0.5989161978069744,0.0
2020-09-16,-0.0004091601807739422,0.0,4.272552719676495e-06,-0.0004134327334936187,0.9106358273870312,0.598739478850647,0.0
2020-09-17,0.0001266702377769578,4.274332609154994e-05,5.4794520536676765e-06,7.844745963174018e-05,1.0000000002370941,0.6000000003193535,0.20811560024927284
2020-09-18,0.0018647284579457466,0.0,5.468260832365032e-06,0.0018592601971133816,0.9992626365999077,0.6000795958372602,0.0
2020-09-21,0.0034017223484847487,0.0,1.614807373179027e-05,0.0033855742747529584,0.9937636909477597,0.6008272301408631,0.0
2020-09-22,-0.0009141044661458611,0.0,5.244952784820197e-06,-0.0009193494189306812,0.9850717461557537,0.6021901928638793,0.0
2020-09-23,0.0016188422968583763,0.0,5.274054473863125e-06,0.0016135682423845132,0.9868353564804374,0.6018293798884293,0.0
2020-09-24,-0.0005571807014606829,0.0,5.158397478367573e-06,-0.0005623390989390506,0.9790391018271061,0.6024760859062731,0.0
2020-09-25,-0.0010952189337705403,0.0,5.183594896234916e-06,-0.0011004025286667752,0.9806600056138094,0.6022575781886604,0.0
2020-09-28,-0.0013365395701219907,0.0,1.5722707159747558e-05,-0.0013522622772817383,0.9844104827965046,0.6018246085759809,0.0
2020-09-29,0.001224862735784359,0.0,5.3112477969679226e-06,0.001219551487987391,0.9890222750955171,0.6013011859168589,0.0
2020-09-30,-0.0015677879206178894,0.0,5.269740776403689e-06,-0.0015730576613942932,0.9864832088398748,0.6017921321624056,0.0
2020-10-01,0.0019454772062745382,2.134564542718852e-05,5.4794520542851e-06,0.0019186521087930645,1.0000000001681089,0.6000000002052964,0.10344318459674703
2020-10-02,-0.001607672280418011,0.0,5.428953257962626e-06,-0.0016131012336759736,0.9971063529371247,0.6007927651058531,0.0
2020-10-05,-0.003044035028365245,0.0,1.6401684955791265e-05,-0.0030604367133210365,0.9992608679514564,0.6001532006938689,0.0
2020-10-06,0.001326212443835304,0.0,5.524746868678786e-06,0.0013206876969666253,1.00224871174751,0.5989421903339587,0.0
2020-10-07,-0.0029140862874018187,0.0,5.491348313431121e-06,-0.00291957763571525,1.0003451081806543,0.5994766813001824,0.0
2020-10-08,0.0009057512234912503,0.0,5.5743132354424375e-06,0.0009001769102558079,1.005234271960412,0.5983094057731139,0.0
2020-10-09,0.00023759157877669226,0.0,5.596776477056563e-06,0.0002319948022996357,1.0072409252915469,0.5986762424664179,0.0
2020-10-12,0.0013774116258140185,0.0,1.6803107325236312e-05,0.0013606085184887822,1.0076505329564385,0.5987749213756881,0.0
2020-10-13,0.0004242782817047777,0.0,5.586472329910867e-06,0.00041869180937486683,1.007149350234024,0.5993368701505308,0.0
2020-10-14,0.000163976301097349,0.0,5.5752617400238655e-06,0.00015840103935732511,1.0065042454693727,0.5995101384476306,0.0
2020-10-15,-0.000595955402212234,2.00377775316469e-05,5.479452053664453e-06,-0.0006214726317975454,1.000000000191844,0.6000000002743391,0.09865401334184122
2020-10-16,-0.0005814466952062851,0.0,5.479814944447151e-06,-0.0005869265101507323,0.9998032806767748,0.5997767897321328,0.0
2020-10-19,0.00021545042588320092,0.0,1.6490761195565482e-05,0.00019895966468763543,1.0008224222942739,0.5995472332021803,0.0
2020-10-20,-0.0003683838656543414,0.0,5.453787521887199e-06,-0.0003738376531762286,0.9977698678802543,0.5996433787824889,0.0
2020-10-21,-0.00026807307057283525,0.0,5.446364730691333e-06,-0.0002735194353035266,0.9970837355977615,0.5994991102572942,0.0
2020-10-22,-0.0017588573540019644,0.0,5.425590808535408e-06,-0.0017642829448104998,0.9954631123871798,0.5993949833640949,0.0
2020-10-23,0.0006151457922450198,0.0,5.443977341847699e-06,0.0006097018149031721,0.9961027347356889,0.5986923887808068,0.0
2020-10-26,0.0024374819229791515,0.0,1.636656764865349e-05,0.002421115355330498,0.9971955044473905,0.5989423583301555,0.0
2020-10-27,0.0024891481390912043,0.0,5.38817451759033e-06,0.002483759964573614,0.9932640867254664,0.5999273469413723,0.0
2020-10-28,0.0008668592592972863,0.0,5.354754684848138e-06,0.0008615045046124382,0.9918210362399059,0.6009239442459918,0.0
2020-10-29,-0.003071438363023149,9.267639632470894e-07,5.337154621229772e-06,-0.0030777022816076255,0.9896122872578328,0.5999999999080592,0.004628136356554426
2020-10-30,-0.001222379785121499,0.0,5.401820255698127e-06,-0.0012277816053771972,0.9931042803200315,0.5987714016540684,0.0
2020-11-02,-0.002298831709453642,0.0,1.6182281612222272e-05,-0.0023150139910658642,0.9920524360115781,0.5982835834475028,0.0
2020-11-03,-0.0007276970390905401,0.0,5.507472800542528e-06,-0.0007332045118910826,0.999413180682817,0.5973676662432126,0.0
2020-11-04,0.006396270378192062,0.0,5.542854408976048e-06,0.006390727523783086,1.0017061211591127,0.5970777493038614,0.0
2020-11-05,-0.0027617130666095853,0.0,5.486763425846306e-06,-0.0027671998300354316,1.0001756019538797,0.5996418718670995,0.0
2020-11-06,-0.0012567910501750025,0.0,5.605678424397312e-06,-0.0012623967285993998,1.0077509536852742,0.5985364287042705,0.0
2020-11-09,-0.0039053711384392925,0.0,1.67964880033879e-05,-0.0039221676264426806,1.006749135985642,0.5980345945698696,0.0
2020-11-10,-0.0018641765012463677,0.0,5.672237048723717e-06,-0.0018698487382950914,1.0105419781098586,0.5964686735530271,0.0
2020-11-11,0.0023610395143219137,0.0,5.712109014760922e-06,0.002355327405307153,1.012702358428604,0.5957184003510565,0.0
2020-11-12,0.002694880164998647,5.102939512550914e-05,4.292133318391937e-06,0.0026395586365547457,0.7566628662099559,0.4433371339673445,0.25327938409088663
2020-11-13,-0.0010823655525759918,0.0,4.2207992425532556e-06,-0.001086586351818545,0.7529761306278631,0.4448577859214754,0.0
2020-11-16,-0.0015665264970744122,0.0,1.281688549495697e-05,-0.0015793433825693692,0.7561356922501176,0.44425814520616463,0.0
2020-11-17,0.0008933167907859466,0.0,4.333431169930171e-06,0.0008889833596160164,0.7597323621562183,0.4433918867513159,0.0
2020-11-18,0.001183734974079815,0.0,4.317758992387449e-06,0.0011794172150874276,0.7590869986364367,0.443890592192153,0.0
2020-11-19,0.0007944254416784538,0.0,4.288155785753524e-06,0.0007901372858927002,0.7575853895829598,0.4445500172229526,0.0
2020-11-20,0.0003322644622424662,0.0,4.295191045924051e-06,0.0003279692711965421,0.7585417835844345,0.4449928372319789,0.0
2020-11-23,-0.0009979564688951314,0.0,1.2880321068303524e-05,-0.001010836789963435,0.7586002426257332,0.4451790966303475,0.0
2020-11-24,-0.002525412801649872,0.0,4.3256557577871726e-06,-0.002529738457407659,0.7604034594373404,0.4446305891188769,0.0
2020-11-25,0.0013560100710523775,0.0,4.402627728310418e-06,0.001351607443324067,0.7646182474121106,0.4432264232454501,0.0
2020-11-27,0.0014724713739381419,5.087330233155228e-05,3.006261061725177e-06,0.0014185918105448644,0.5971353745045959,0.4874068457516269,0.25000000001777956
2020-11-30,-0.000930847427414376,0.0,4.496731115576067e-06,-0.000935344158529952,0.5976072365040354,0.4881867793583511,0.0
2020-12-01,0.0007457704888040241,0.0,1.5008629700360443e-06,0.0007442696258339881,0.5972751074172662,0.487712110604635,0.0
2020-12-02,-7.388197290743561e-05,0.0,1.4891212712906543e-06,-7.537109417872627e-05,0.5968004599070567,0.488094607102839,0.0
2020-12-03,0.00196635819158896,0.0,1.4877525626408838e-06,0.0019648704390263193,0.5966634476313091,0.4880575105585245,0.0
2020-12-04,-0.00039986574805228603,0.0,1.4785986663957733e-06,-0.0004013443467186818,0.5970006261158569,0.4890629234689655,0.0
2020-12-07,0.0003208269754052084,0.0,4.452889301748673e-06,0.0003163740861034597,0.5972128982965861,0.4888592586207018,0.0
2020-12-08,-0.00012550829500696892,0.0,1.4861490314361107e-06,-0.00012699444403840504,0.597514249936225,0.48902537064138896,0.0
2020-12-09,-0.0010914636282078928,0.0,1.4899325662102125e-06,-0.001092953560774103,0.597727035131714,0.4889619577983685,0.0
2020-12-10,0.00199780356354124,0.0,1.4909788838900573e-06,0.00199631258465735,0.5972457559100602,0.48840429738608615,0.0
2020-12-11,-0.00032681313322984823,2.2639101991483565e-05,1.33073939787884e-06,-0.00035078297461921064,0.6971439760718422,0.6000000000266869,0.11272025109407871
2020-12-14,-0.00020742839603069753,0.0,4.003407966428677e-06,-0.00021143180399712622,0.6972998763690823,0.5998836158526512,0.0
2020-12-15,0.0017073956500765729,0.0,1.3309442003912764e-06,0.0017060647058761817,0.69696193151655,0.5998030048879869,0.0
2020-12-16,0.00014717479989320077,0.0,1.324333549414987e-06,0.0001458504663437858,0.6971622817892336,0.6004859326819394,0.0
2020-12-17,0.0012674925604454783,0.0,1.3225116749056909e-06,0.0012661700487705725,0.6970888699061399,0.6005455176380244,0.0
2020-12-18,-0.00032406414014749706,0.0,1.31379016498606e-06,-0.0003253779303124831,0.6969586582324482,0.6010519761884657,0.0
2020-12-21,-0.0015565651550568092,0.0,3.9475353607716905e-06,-0.001560512690417581,0.6969801330520431,0.6009234392732653,0.0
2020-12-22,3.100769692818931e-05,0.0,1.320617870882326e-06,2.968707905730698e-05,0.6967087601652718,0.6003036555908621,0.0
2020-12-23,0.0013223937049029778,0.0,1.3276407550791156e-06,0.0013210660641478987,0.6972346167550287,0.6003168416342533,0.0
2020-12-24,0.0006973188747005771,0.0,1.3199214384655112e-06,0.0006959989532621116,0.6971997437753423,0.6008454787673599,0.0
2020-12-28,0.00042236030862235395,1.1246644388908042e-06,5.479452054794521e-06,0.00041575619212866864,0.7000000000180475,0.6000000000180474,0.005606248313821596
2020-12-29,0.0009174544120932667,0.0,1.3692937213551338e-06,0.0009160851183719115,0.7001312764131981,0.6001728347542733,0.0
2020-12-30,0.0014073925995978427,0.0,1.3635459070647027e-06,0.001406029053690778,0.700078994493848,0.6005401432781247,0.0
2020-12-31,0.0002425238530334156,0.0,1.3560211791576636e-06,0.00024116783185425792,0.700091914561902,0.6011023684833925,0.0
2021-01-04,-0.0009462019699756335,0.0,5.438481985143821e-06,-0.0009516404519607773,0.7004521984883616,0.6011999022594869,0.0
2021-01-05,0.0013355409577926283,0.0,1.3620383690169595e-06,0.0013341789194236113,0.7002542710496757,0.6008254701114377,0.0
2021-01-06,-0.0025076911420984014,0.0,1.352374046233708e-06,-0.002509043516144635,0.7000819963557724,0.6013586909807117,0.0
2021-01-07,0.0004285248388577765,0.0,1.35408941781255e-06,0.00042717074943996396,0.6992058499862828,0.6003573224859666,0.0
2021-01-08,0.0008637275958526483,0.0,1.3613770385292958e-06,0.000862366218814119,0.6999098425783052,0.6005293187656666,0.0
2021-01-11,-0.003107424576035852,0.0,4.08734913159346e-06,-0.0031115119251674452,0.7003337010387999,0.6008748721700258,0.0
2021-01-12,0.0010121381523252142,2.850776597748255e-07,1.3826127635646691e-06,0.0010104704619018747,0.7009307318775603,0.6000000001373393,0.0014243077832651974
2021-01-13,0.0017165940212872024,0.0,1.37401450329554e-06,0.001715220006783907,0.7007085050615666,0.6004054463209921,0.0
2021-01-14,-0.00012564010567910622,0.0,1.376082131698126e-06,-0.00012701618781080435,0.7015450325837336,0.6010910369697704,0.0
2021-01-15,-0.0008146581590268758,0.0,1.3734528560353e-06,-0.000816031611882911,0.7013037973850578,0.6010417388944809,0.0
2021-01-19,0.001883382053688453,0.0,5.533502459433785e-06,0.0018778485512290193,0.7017037049145095,0.6007172850298428,0.0
2021-01-20,0.0014434197170226449,0.0,1.376976954098872e-06,0.001442042740068546,0.7019905129201036,0.6014711952708859,0.0
2021-01-21,0.00018078070097402965,0.0,1.3746419477251605e-06,0.0001794060590263045,0.7023953004763217,0.6020464382923849,0.0
2021-01-22,-0.0009962135303205688,0.0,1.368249328626462e-06,-0.0009975817796491952,0.7020013961512227,0.6021191951614908,0.0
2021-01-25,0.001662517114000203,0.0,4.1169213858829635e-06,0.00165840019261432,0.7019016701713624,0.6017232497815437,0.0
2021-01-26,-0.0005242779180743219,0.0,1.3717190113137397e-06,-0.0005256496370856357,0.7025222563884345,0.6023867685625315,0.0
2021-01-27,-0.0026684170252836603,8.230710137542993e-07,1.4240847950553784e-06,-0.00267066418109247,0.7039581899580484,0.5999999999190057,0.004095067352122974
2021-01-28,0.0010092762796538358,0.0,1.435097550590323e-06,0.0010078411821032454,0.7036932479941044,0.5989311268010108,0.0
2021-01-29,-0.0018767359519349016,0.0,1.430442288895456e-06,-0.001878166394223797,0.7037586542972287,0.5993363672078603,0.0
2021-02-01,0.0020402906314500955,0.0,4.300438427997563e-06,0.002035990193022098,0.7032278731151925,0.5985838713672519,0.0
2021-02-02,0.0007088272047529504,0.0,1.4379986309803046e-06,0.0007073892061219701,0.7043776818389053,0.599403781777343,0.0
2021-02-03,-0.0002090083121424686,0.0,1.4389936793552877e-06,-0.0002104473058218239,0.7047349344767471,0.5996883958838111,0.0
2021-02-04,0.0004162143140364474,0.0,1.4386436930281893e-06,0.0004147756703434192,0.7046265625401094,0.5996055729490514,0.0
2021-02-05,0.0008519825801370298,0.0,1.4441456328379536e-06,0.0008505384345041918,0.7051956472054898,0.5997730160083191,0.0
2021-02-08,0.0009869527146637374,0.0,4.305828201268842e-06,0.0009826468864624685,0.7048897309722393,0.6001145780746975,0.0
2021-02-09,0.00023134613518688431,0.0,1.4335696323284212e-06,0.00022991256555455588,0.705162023252444,0.6005114400924692,0.0
2021-02-10,0.00030835578842761113,2.0280095016226955e-05,2.7931078331546465e-06,0.00028528258557822955,0.8038968718309943,0.6000000000107051,0.10058088143242623
2021-02-11,0.0009483653954311296,0.0,2.800685169984542e-06,0.0009455647102611451,0.8045871645309718,0.6001371471221002,0.0
2021-02-12,-1.870483717946909e-05,0.0,2.790008948759028e-06,-2.149484612822812e-05,0.804188337446885,0.600517684187476,0.0
2021-02-16,-0.001613953456400264,0.0,1.1099756700134925e-05,-0.0016250532131003989,0.8030824470383736,0.6005118872609113,0.0
2021-02-17,-9.784476774004524e-05,0.0,2.7601689427660545e-06,-0.0001006049366828113,0.8013650917808307,0.5998727589589086,0.0
2021-02-18,-0.0017013177271952983,0.0,2.7743285729430993e-06,-0.0017040920557682413,0.8023612464044255,0.5998352605795793,0.0
2021-02-19,-0.0004978199617360638,0.0,2.7687975602476205e-06,-0.0005005887592963114,0.8012771799546585,0.5991549580565825,0.0
2021-02-22,-0.0033780170625071484,0.0,8.246802685672306e-06,-0.0033862638651928206,0.7996291679056333,0.5989569692209404,0.0
2021-02-23,0.0007240697312439667,0.0,2.7443114534588065e-06,0.0007213254197905079,0.797937328324714,0.597602592222221,0.0
2021-02-24,0.00026930018401665065,0.0,2.740272700355786e-06,0.00026655991131629487,0.7979352919399957,0.5978953848140233,0.0
2021-02-25,-0.008137144836424044,5.0226184661084075e-05,1.426115868037571e-06,-0.008188797136953165,0.704106458515834,0.6000000001490912,0.250000000144186
2021-02-26,-0.0005019660347011254,0.0,1.441315338067793e-06,-0.0005034073500391931,0.7019655357200516,0.5967495160411028,0.0
2021-03-01,0.005271250281038479,0.0,4.3534922326974525e-06,0.005266896788805781,0.7024828342443598,0.5965478565820551,0.0
2021-03-02,-0.0006244074265539391,0.0,1.445586597712431e-06,-0.0006258530131516515,0.7041938164902204,0.5986659948572128,0.0
2021-03-03,-0.0027769309289341886,0.0,1.4417282493726644e-06,-0.0027783726571835613,0.7036622701591455,0.598416107954941,0.0
2021-03-04,-0.004337924176630972,0.0,1.4497967001260505e-06,-0.004339373973331098,0.7031338544986501,0.5972986953894484,0.0
2021-03-05,0.0024821016059650976,0.0,1.4648561895747849e-06,0.002480636749775523,0.7024795658022849,0.5955450639633256,0.0
2021-03-08,-0.004646454580965736,0.0,4.401226960649881e-06,-0.004650855807926386,0.7036438710032782,0.596547348294131,0.0
2021-03-09,0.005067047338975501,0.0,1.4817984139420436e-06,0.005065565540561559,0.7028378865521814,0.5946666023344123,0.0
2021-03-10,0.002188555508410834,0.0,1.4667889741851092e-06,0.002187088719436649,0.7037865662558173,0.5967109711403044,0.0
2021-03-11,0.003350963370664722,5.0267199075487864e-05,1.4263928270086132e-06,0.003299269778762226,0.5108605067937818,0.406733830422153,0.25000000009910045
2021-03-12,-0.0015853619096238836,0.0,1.4151839514042957e-06,-0.0015867770935752879,0.5120446910466702,0.40873626259415663,0.0
2021-03-15,0.0011693619645736979,0.0,4.2667502825708776e-06,0.001165095214291127,0.5116222420621237,0.4077979851862324,0.0
2021-03-16,0.00020658897351603993,0.0,1.423071109051722e-06,0.0002051659024069882,0.512375606718004,0.4084914157572283,0.0
2021-03-17,0.0009794449697878224,0.0,1.4229219308250062e-06,0.0009780220478569975,0.512487471985833,0.40861417103560754,0.0
2021-03-18,-0.004309828109918043,0.0,1.4150361041600118e-06,-0.004311243146022203,0.5124910514265636,0.40919341582288266,0.0
2021-03-19,0.0013788348273298216,0.0,1.4288836172047945e-06,0.001377405943712617,0.5109452014434476,0.4066366973874976,0.0
2021-03-22,0.0011112726482172622,0.0,4.281663752032945e-06,0.0011069909844652291,0.5116414535366031,0.4074543022371347,0.0
2021-03-23,-0.0027493280129276257,0.0,1.4227902210987337e-06,-0.0027507508031487243,0.5119774827320964,0.40811379659188884,0.0
2021-03-24,-0.0019384491906582015,0.0,1.43418672846191e-06,-0.0019398833773866635,0.511178232097627,0.4064826009199076,0.0
2021-03-25,0.002905855396579264,5.0543199614266245e-05,1.3698630137593894e-06,0.0028539423339512386,0.6540404969999661,0.5540404969955306,0.25000000006077466
2021-03-26,0.006941529841010159,0.0,1.3697985027981874e-06,0.006940160042507361,0.6553566737347053,0.5553613830304376,0.0
2021-03-29,-0.001393088184585244,0.0,4.076176767767928e-06,-0.001397164361353012,0.657614305790863,0.5584273377751767,0.0
2021-03-30,-0.0018934146178647103,0.0,1.3638948053474424e-06,-0.0018947785126700578,0.6573779276727687,0.5578136068824053,0.0
2021-03-31,-8.027410189839948e-05,0.0,1.3719412046964304e-06,-8.16460431030959e-05,0.6571272454880035,0.556975537545164,0.0
2021-04-01,0.004295970791830891,0.0,1.3709617919225234e-06,0.004294599830038969,0.6570209462609023,0.5569407354505581,0.0
2021-04-05,0.0047972493281889395,0.0,5.436485401171233e-06,0.004791812842787769,0.6580525847046924,0.5588367261333173,0.0
2021-04-06,-0.0021805266108184122,0.0,1.348312933115406e-06,-0.002181874923751528,0.6593728712022352,0.5609460270848106,0.0
2021-04-07,-0.0003081496880124605,0.0,1.3480092445233786e-06,-0.00030949769725698386,0.6583919976213719,0.5599873227711653,0.0
2021-04-08,0.002107678962692459,0.0,1.3500531885731942e-06,0.002106328909503886,0.6584063288918758,0.5598524461260325,0.0
2021-04-09,0.0031091874488767216,5.051212251062967e-05,2.7199366367026315e-06,0.0030559553897293893,0.7985553744378617,0.5999999999585696,0.2500000000137716
2021-04-12,-0.0008176753081897314,0.0,8.127365543643859e-06,-0.0008258026737333752,0.799037622725426,0.6012717278300921,0.0
2021-04-13,0.0009249175983760515,0.0,2.709974400726408e-06,0.0009222076239753252,0.7987784501550603,0.6009503189020324,0.0
2021-04-14,0.0005678696737754513,0.0,2.708281402743048e-06,0.0005651613923727082,0.7990252363722159,0.6013206939719734,0.0
2021-04-15,0.004105648637557722,0.0,2.7034466942198512e-06,0.004102945190863502,0.798900200284186,0.6015485916061368,0.0
2021-04-16,0.0024707451748071175,0.0,2.7011541201855825e-06,0.0024680440206869317,0.800363678883451,0.6031794281099034,0.0
2021-04-19,-0.0021003570646149373,0.0,8.067562448625667e-06,-0.0021084246270635628,0.8004697683245435,0.6041590820746525,0.0
2021-04-20,-0.007567160330883114,0.0,2.6859215541019654e-06,-0.007569846252437216,0.799403075981806,0.6033308025323628,0.0
2021-04-21,0.006032594833307122,0.0,2.7126749195690055e-06,0.0060298821583875525,0.7983331496899936,0.6003078805614562,0.0
2021-04-22,-0.00313920910345668,0.0,2.695516787624898e-06,-0.0031419046202443048,0.7994789533612311,0.6027062278646134,0.0
2021-04-23,0.00694187996127995,5.0472616341605066e-05,6.805343173332175e-06,0.0068846020017650136,0.9999999999696988,0.5032099483164499,0.25000000001666867
2021-04-26,0.00031815718032899643,0.0,2.024017570225533e-05,0.0002979170046267411,0.9991745927821538,0.5066636506939409,0.0
2021-04-27,-0.0003147821818035483,0.0,6.740838348252438e-06,-0.00032152302015180074,0.9989120137786324,0.5068308143562044,0.0
2021-04-28,0.0006240854268687031,0.0,6.72462644510934e-06,0.0006173608004235937,0.9975766716107781,0.5066789411177963,0.0
2021-04-29,0.0029966520157631072,0.0,6.722304886507627e-06,0.0029899297108765995,0.9977182874885165,0.5069900307734599,0.0
2021-04-30,-0.0051411839087773924,0.0,6.6949926706170145e-06,-0.00514787890144801,0.9972008689360198,0.5084664039809776,0.0
2021-05-03,0.003869669920248161,0.0,2.0237498829697752e-05,0.0038494324214184633,0.9983754896782918,0.5059296848223134,0.0
2021-05-04,-0.0033989697333556912,0.0,6.719714422428505e-06,-0.0034056894477781196,0.998383594720221,0.5078444418829402,0.0
2021-05-05,0.0032184012676468006,0.0,6.756265511001943e-06,0.003211645002135799,0.9993767099908212,0.5061693276876792,0.0
2021-05-06,0.004988299854535663,0.0,6.739475377562681e-06,0.0049815603791581,0.9997386963061441,0.5077569937440685,0.0
2021-05-07,0.005159665840590773,1.925273569138656e-05,6.461249627781213e-06,0.005133951855271606,1.0000000000512506,0.5283287772232219,0.09515830393099056
2021-05-10,-0.0016336300450063544,0.0,1.9262933113208503e-05,-0.001652892978119563,0.9994949010825394,0.5307635286611324,0.0
2021-05-11,-0.00755179731160161,0.0,6.419923042539281e-06,-0.0075582172346441495,0.9986603238209166,0.5300059417155493,0.0
2021-05-12,-0.011384963151899439,0.0,6.460317023982645e-06,-0.011391423468923422,0.9980361824280561,0.5264330396773229,0.0
2021-05-13,0.0063422440586988855,0.0,6.51819354652968e-06,0.0063357258651523555,0.9968109412577256,0.5209828123610588,0.0
2021-05-14,0.008145416449714837,0.0,6.487856038749392e-06,0.008138928593676088,0.9976185945592857,0.5240051037305801,0.0
2021-05-17,-0.0011206616791142564,0.0,1.9331036117998598e-05,-0.001139992715232255,0.9982428968451107,0.5278543513071449,0.0
2021-05-18,-0.0013181687566937153,0.0,6.445107934985532e-06,-0.0013246138646287008,0.997827726766627,0.5273348475126831,0.0
2021-05-19,-0.0030093856116442147,0.0,6.447142571364916e-06,-0.0030158327542155797,0.9973557796253669,0.5267143719157281,0.0
2021-05-20,0.004822439090245025,0.0,6.459765397216224e-06,0.004815979324847809,0.996852044586969,0.5252891705901847,0.0
2021-05-21,0.0015178005921218046,5.046071110673985e-05,3.893533725306085e-06,0.0014634463472897586,0.8842279619258802,0.599999999978536,0.25000000001956396
2021-05-24,0.003650411081184854,0.0,1.1668463859684488e-05,0.0036387426173251696,0.8845714185014634,0.6006387979158074,0.0
2021-05-25,-0.00186669792681012,0.0,3.877611458819879e-06,-0.0018705755382689398,0.8851639646443819,0.6020983281505307,0.0
2021-05-26,0.0007377670571422378,0.0,3.893533915835746e-06,0.0007338735232264021,0.8855844888627392,0.6013565130067298,0.0
2021-05-27,0.0016740514873597088,0.0,3.88808826412927e-06,0.0016701633990955794,0.885483186327011,0.6016527430455743,0.0
2021-05-28,0.0015533350786347136,0.0,3.878825222773093e-06,0.0015494562534119406,0.8854750616067175,0.6023208203442817,0.0
2021-06-01,0.0011481411608317562,0.0,1.5490823097553798e-05,0.0011326503377342024,0.8856474479139065,0.6029399263835497,0.0
2021-06-02,0.001849796251790786,0.0,3.866502772961211e-06,0.0018459297490178248,0.8856593235226745,0.603404621096506,0.0
2021-06-03,-0.0008082171928487817,0.0,3.862471449112232e-06,-0.000812079664297894,0.8860996345769736,0.6041392187917807,0.0
2021-06-04,0.0029114345871426653,0.0,3.859579667029462e-06,0.002907575007475636,0.8855706683334306,0.6038213526402798,0.0
2021-06-07,0.0009263208951121953,5.216651419743627e-05,1.6438356164421738e-05,0.0008577160247503373,1.0000000000898381,0.6000000000889091,0.2500000000712666
2021-06-08,-8.105066663370056e-05,0.0,5.469502766988384e-06,-8.652016940068894e-05,0.9996850405476508,0.6004113385574988,0.0
2021-06-09,-0.001321353330406966,0.0,5.485096440557085e-06,-0.0013268384268475231,1.000794273224042,0.6003822330633749,0.0
2021-06-10,0.0010782584006903784,0.0,5.506170012426977e-06,0.0010727522306779513,1.0018072036833985,0.5998567927762289,0.0
2021-06-11,0.0009263190948988906,0.0,5.51626785518715e-06,0.0009208028270437035,1.0029786410023307,0.6002910875736687,0.0
2021-06-14,-2.73947261187841e-05,0.0,1.651521111563714e-05,-4.390993723442124e-05,1.0025344504179736,0.6006643132708035,0.0
2021-06-15,-0.0024974153094005132,0.0,5.49051887423249e-06,-0.002502905828274746,1.0014711714511788,0.600663293632207,0.0
2021-06-16,-0.0026735430897047493,0.0,5.502697238929238e-06,-0.0026790457869436783,1.0013636862629012,0.5996667878210667,0.0
2021-06-17,-0.00565689559240666,0.0,5.491265557925579e-06,-0.005662386857964585,0.9994592989985025,0.5985969132699352,0.0
2021-06-18,-0.010856379532452793,0.0,5.54183531079012e-06,-0.010861921367763584,1.0008705706041237,0.596316592916445,0.0
2021-06-21,0.01037430570637459,1.5746232750866663e-05,1.6438356164414507e-05,0.010342121117459309,1.0000000000166072,0.6000000000158541,0.07729930124672489
2021-06-22,0.0009211020279306792,0.0,5.405508310422395e-06,0.0009156965196202568,0.9987284644208598,0.604126357760025,0.0
2021-06-23,-0.00037825973479953294,0.0,5.408540281744858e-06,-0.0003836682750812778,0.9993173673704251,0.6044939268030505,0.0
2021-06-24,0.004075000233518488,0.0,5.401148259396697e-06,0.004069599085259092,0.9986313589809138,0.6043475360449551,0.0
2021-06-25,0.0032459144598636263,0.0,5.379804154121347e-06,0.003240534655709505,0.998682239364258,0.6059565361133996,0.0
2021-06-28,-0.0026174659078341623,0.0,1.6049281928467464e-05,-0.0026335151897626296,0.9977672124566939,0.6072346855306521,0.0
2021-06-29,-0.0005312684213687324,0.0,5.379387838223265e-06,-0.0005366478092069557,0.9989090047807955,0.6062136925904973,0.0
2021-06-30,-0.0007344209012852183,0.0,5.384692247629792e-06,-0.000739805593532848,0.999090170916776,0.6060076368398013,0.0
2021-07-01,0.003369404019313616,0.0,5.3999918491455875e-06,0.0033640040274644707,0.999920736955656,0.6057213319680279,0.0
2021-07-02,0.0027018368412997282,0.0,5.37499145840326e-06,0.002696461849841325,0.9994229984415784,0.6070486219781405,0.0
2021-07-06,-0.004960645626153894,2.4638964995869637e-05,2.1917808219232653e-05,-0.005007202399368996,1.000000000010267,0.6000000000092711,0.1108923757391915
2021-07-07,0.0016362712391283696,0.0,5.5391740918803006e-06,0.0016307320650364892,1.0023935395229433,0.5980338308156814,0.0
2021-07-08,-0.006052999140091634,0.0,5.5444459534853515e-06,-0.00605854358604512,1.0034383474940372,0.5986937928896066,0.0
2021-07-09,0.010072946027779056,0.0,5.591663145441128e-06,0.010067354364633616,1.004444629487622,0.5962532198704195,0.0
2021-07-12,0.0028259064346463822,0.0,1.6528776965344505e-05,0.0028093776576810377,1.0024831446628417,0.6002829051727923,0.0
2021-07-13,-0.002950624687040366,0.0,5.491714295436149e-06,-0.002956116401335802,1.0023143415166569,0.601419197949818,0.0
2021-07-14,-0.0007677490079577055,0.0,5.4922559717945165e-06,-0.0007732412639295,1.0011776472665381,0.6002429613255384,0.0
2021-07-15,-0.0024815724222334856,0.0,5.5166055179953106e-06,-0.002487089027751481,1.0026513128069303,0.5999391099932726,0.0
2021-07-16,-0.0034344545928055624,0.0,5.551309393715374e-06,-0.003440005902199278,1.0041927582532189,0.5989471725119966,0.0
2021-07-19,-0.014195368944614067,0.0,1.6703753551694303e-05,-0.014212072698165762,1.0040263596840657,0.5975683565928379,0.0
2021-07-20,0.008521726671729162,8.446845728422401e-05,4.033531632970381e-06,0.008433224682811968,0.8944478092142347,0.600000000007397,0.4071730097415117
2021-07-21,0.005574320433146851,0.0,4.024314772770167e-06,0.00557029611837408,0.8972078203542633,0.603432841942041,0.0
2021-07-22,-0.001535360132198509,0.0,3.993187054458157e-06,-0.0015393533192529672,0.8971362588378815,0.605633603862436,0.0
2021-07-23,0.0024441502818634696,0.0,4.01880272454054e-06,0.002440131479138929,0.8984021969417018,0.6050295980502425,0.0
2021-07-26,-0.001420644168958058,0.0,1.2180722117322778e-05,-0.0014328248910753809,0.9023926122784738,0.6059950407569529,0.0
2021-07-27,-0.000817046957876096,0.0,4.117034815954591e-06,-0.0008211639926920506,0.9059854303610471,0.605441888796362,0.0
2021-07-28,0.0017937889980001336,0.0,4.134520554070077e-06,0.0017896544774460635,0.9069417464746342,0.6051217460275187,0.0
2021-07-29,0.0024671873547691485,0.0,4.085149173873839e-06,0.0024631022055952747,0.9040471960083845,0.6058313063155941,0.0
2021-07-30,-0.0010088480080008523,0.0,4.099186428371579e-06,-0.001012947194429224,0.9060444829817882,0.6068038737106628,0.0
2021-08-02,3.0158307035485705e-05,0.0,1.2213899607101313e-05,1.7944407428384392e-05,0.9036141767273482,0.6064092862878832,0.0
2021-08-03,0.006664204027903199,5.098690853998929e-05,4.100833551654784e-06,0.006609116285811555,0.8993608492850582,0.600000000014259,0.2500000000136281
2021-08-04,-0.0019813683866073918,0.0,4.059453472629476e-06,-0.0019854278400800213,0.8990211186318695,0.6026810151299178,0.0
2021-08-05,0.002977269210509965,0.0,4.046971502303583e-06,0.0029732222390076615,0.8973235848364928,0.6018946651683312,0.0
2021-08-06,0.0006260075414007775,0.0,4.0366047885667316e-06,0.0006219709366122109,0.8977509965046178,0.6030788469392463,0.0
2021-08-09,0.0003200277100755307,0.0,1.1988688180490512e-05,0.0003080390218950402,0.8950543467288941,0.6033296010036249,0.0
2021-08-10,-0.0008558531337774241,0.0,3.958109289863029e-06,-0.0008598112430672871,0.892405716493996,0.6034637383339949,0.0
2021-08-11,0.0013132393385715784,0.0,3.985152107198659e-06,0.0013092541864643797,0.894042563937115,0.603126460111613,0.0
2021-08-12,0.0013581809633773962,0.0,4.003746987432997e-06,0.001354177216389963,0.8959228990692909,0.6036493689866822,0.0
2021-08-13,0.0016848910886535565,0.0,3.991895447957662e-06,0.001680899193205599,0.8955977381710933,0.604189370470184,0.0
2021-08-16,0.001470808941044382,0.0,1.2031531771859134e-05,0.0014587774092725229,0.8976248300945455,0.6048575569793067,0.0
2021-08-17,-0.0006219032225250687,5.061886376401912e-05,4.617847482442905e-06,-0.0006771399337715307,0.9371028664533116,0.6000000002349796,0.25000000017260204
2021-08-18,-0.004294710946466463,0.0,4.583587702398195e-06,-0.0042992945341688606,0.9343861371445996,0.5997842348695314,0.0
2021-08-19,0.0007279702878996819,0.0,4.562396643795613e-06,0.0007234078912558863,0.9311157182908745,0.5980607632937948,0.0
2021-08-20,0.002466128163484093,0.0,4.532420853118405e-06,0.002461595742630975,0.9292226004952561,0.5983558782176125,0.0
2021-08-23,0.0024959483223974334,0.0,1.369083696154364e-05,0.0024822574854358897,0.9324903565989313,0.5993466572013695,0.0
2021-08-24,-0.0001900691552408095,0.0,4.582827075448705e-06,-0.0001946519823162582,0.9348987528514442,0.6003523763436885,0.0
2021-08-25,-0.00016460971494590502,0.0,4.605494432113763e-06,-0.0001692152093780188,0.9364802462597717,0.600279152715467,0.0
2021-08-26,-0.0015840183889253654,0.0,4.619752740581661e-06,-0.001588638141665947,0.9374580587574872,0.600216108695026,0.0
2021-08-27,0.0036560574631001527,0.0,4.6078433992899535e-06,0.003651449619700863,0.9359571814400988,0.5995846132919321,0.0
2021-08-30,0.003067327956965806,0.0,1.3925364368089226e-05,0.0030534025925977168,0.93989651459081,0.6010459816339723,0.0
2021-08-31,0.0010451933047595108,5.0323961159611935e-05,5.479452054633479e-06,0.0009893898915452656,1.0000000000658684,0.6000000000776244,0.25000000003213557
2021-09-01,0.003331038878382132,0.0,5.464185504749698e-06,0.003325574692877382,0.9993366549674231,0.6004511131206953,0.0
2021-09-02,0.0020104604250037353,0.0,5.424358549109305e-06,0.002005036066454626,0.9977590588031806,0.6017808847182012,0.0
2021-09-03,0.001538427753390785,0.0,5.429479363913878e-06,0.0015329982740268711,0.9989351377717474,0.6025831442060342,0.0
2021-09-07,-0.001983917127481158,0.0,2.1651711211820776e-05,-0.002005568838692979,0.9983406018111801,0.603196872195451,0.0
2021-09-08,0.00022376278830592357,0.0,5.3981188786646025e-06,0.00021836466942725896,0.9964838303010244,0.6024211521585084,0.0
2021-09-09,-0.003440694196885397,0.0,5.382687996559774e-06,-0.003446076884881957,0.9954495710677651,0.6025133473189016,0.0
2021-09-10,-0.005489247960447537,0.0,5.4232451157512076e-06,-0.005494671205563288,0.9970411358500697,0.6011442424002316,0.0
2021-09-13,0.0013447611009829912,0.0,1.6463969418019374e-05,0.0013282971315649718,0.9995692616500756,0.5989460058116041,0.0
2021-09-14,-0.0006634389502523485,0.0,5.469318267256241e-06,-0.0006689082685196047,0.9987546936504985,0.599494460140793,0.0
2021-09-15,0.0027185714361739185,5.0418652300702294e-05,5.479452054788231e-06,0.002662673331818428,1.0000000000069833,0.6000000000074426,0.25000000000085687
2021-09-16,0.0026179893589873965,0.0,5.496448686639631e-06,0.0026124929103007568,1.0023587447254605,0.6011179906007675,0.0
2021-09-17,-0.004312354999424506,0.0,5.398619524195149e-06,-0.004317753618948701,0.9962620590917848,0.602162833825539,0.0
2021-09-20,-0.00510121521384032,0.0,1.622413061338251e-05,-0.005117439344453702,0.9952302222110857,0.6004430439521113,0.0
2021-09-21,0.0003923442236670676,0.0,5.390625472830313e-06,0.0003869535981942373,0.9919197850708786,0.5984041255542658,0.0
2021-09-22,0.002399757535203423,0.0,5.404481172227818e-06,0.002394353054031195,0.9930919785269605,0.5985648529543296,0.0
2021-09-23,0.004400233830364904,0.0,5.431540518443473e-06,0.004394802289846461,0.9960315839418594,0.5995291260954858,0.0
2021-09-24,-0.0016202452632415097,0.0,5.381641297151373e-06,-0.001625626904538661,0.9941466379103663,0.6012868232183162,0.0
2021-09-27,-0.0043882465378567315,0.0,1.6160304524195856e-05,-0.004404406842380928,0.993877076130314,0.6006429993748814,0.0
2021-09-28,-0.00784208888520166,0.0,5.4202876537929825e-06,-0.007847509172855453,0.9945735178730906,0.5988925191462029,0.0
2021-09-29,0.0024983735459966397,4.148031415614114e-05,5.4794520547123985e-06,0.0024514137797857862,1.0000000000360418,0.6000000000420367,0.2061709603445297
2021-09-30,-0.0030541782296907016,0.0,5.435735895100194e-06,-0.003059613965585802,0.9978337329324881,0.6010250125901739,0.0
2021-10-01,0.0029590188449724,0.0,5.4016015921863014e-06,0.002953617243380214,0.9941229254324826,0.5998060092028827,0.0
2021-10-04,-0.004892920016876683,0.0,1.63127794600891e-05,-0.004909232796336772,0.9979342340117391,0.6009899338162377,0.0
2021-10-05,0.0040301247393964065,0.0,5.420935703011322e-06,0.004024703803693395,0.9947661362802757,0.5990378299604492,0.0
2021-10-06,0.0016056794764798613,0.0,5.396119078434355e-06,0.001600283357401427,0.9945672070159991,0.6006505142902911,0.0
2021-10-07,0.0017784941440550555,0.0,5.364855352680937e-06,0.0017731292887023745,0.9929283938064902,0.6012939530607818,0.0
2021-10-08,-0.0019921557351256073,0.0,5.414654835484407e-06,-0.001997570389961092,0.9972748174720752,0.6020050144817134,0.0
2021-10-11,-0.0038101714805740725,0.0,1.6240085005533154e-05,-0.0038264115655796058,0.996389227484114,0.6012138256828071,0.0
2021-10-12,0.001309330725957748,0.0,5.4573826599404475e-06,0.0013038733432978076,0.9980872810682947,0.599698346892642,0.0
2021-10-13,0.0017109602555691363,4.679937092601471e-05,2.7407810906647763e-06,0.0016614201035524568,0.8000770196475211,0.6000000000289925,0.23227715495375229
2021-10-14,0.005890626989410638,0.0,2.801259330745559e-06,0.0058878257300798926,0.8052048549009946,0.6007129237565687,0.0
2021-10-15,0.0006529321619274699,0.0,2.840666578375318e-06,0.0006500914953490945,0.8104215407010905,0.6030528804796922,0.0
2021-10-18,0.0010700927354834432,0.0,8.616099560913792e-06,0.0010614766359225295,0.8129720262477941,0.6033136035988917,0.0
2021-10-19,0.0026209734042874923,0.0,2.85945074052126e-06,0.002618113953546971,0.812482741476402,0.6037428374183499,0.0
2021-10-20,0.0017448653948881421,0.0,2.84891680177966e-06,0.0017420164780863625,0.8127513532784502,0.604780426748535,0.0
2021-10-21,0.0027863604622273023,0.0,2.8746193282307637e-06,0.0027834858428990718,0.8153177634248805,0.6054705524640347,0.0
2021-10-22,-0.0003399343913379954,0.0,2.809937079937029e-06,-0.0003427443284179324,0.8116939448234274,0.6065685379880243,0.0
2021-10-25,0.0015794685710408024,0.0,8.372282472782094e-06,0.0015710962885680203,0.8101619964236437,0.6064364562526129,0.0
2021-10-26,0.0033409522517601504,0.0,2.808184672049275e-06,0.003338144067088101,0.8120596527583648,0.6070621716987677,0.0
2021-10-27,-0.0010446102711262823,4.162371669110789e-05,4.995194770980409e-06,-0.0010912291825883706,0.9646492184026991,0.6000000001211294,0.20661204618319384
2021-10-28,0.002392083342699445,0.0,4.965802792913198e-06,0.0023871175399065316,0.9621133053370569,0.5996097014543933,0.0
2021-10-29,-0.0003966686606587314,0.0,4.978035194851221e-06,-0.0004016466958535826,0.9639647272373292,0.6005681580131901,0.0
2021-11-01,0.0014095580194724852,0.0,1.4904183388784833e-05,0.0013946538360837004,0.9630811055672148,0.6004126431067839,0.0
2021-11-02,0.002490450293274551,0.0,4.984839614805673e-06,0.0024854654536597453,0.9648773283152323,0.6009840364344182,0.0
2021-11-03,0.0031078806638891046,0.0,4.974123347921248e-06,0.0031029065405411833,0.9650892948810955,0.6019782904828445,0.0
2021-11-04,0.0012783012273408882,0.0,4.96385302866574e-06,0.0012733373743122225,0.9655757241675375,0.6032144530749385,0.0
2021-11-05,0.00018025460039215846,0.0,4.957129777433907e-06,0.00017529747061472456,0.965594483709307,0.6037240099566318,0.0
2021-11-08,0.0019131746129044274,0.0,1.498099416989408e-05,0.0018981936187345333,0.9683359450219541,0.6037984202211981,0.0
2021-11-09,-0.0015912522365869354,0.0,4.992953764128613e-06,-0.001596245190351064,0.9690496400595737,0.604564015278185,0.0
2021-11-10,-0.0034928728765898118,4.1273326299248224e-05,2.248625643342477e-06,-0.0035363948285324024,0.7641496719067823,0.5999999999427815,0.2052500207495481
2021-11-11,-0.0005919228735834584,0.0,2.216673541908005e-06,-0.0005941395471253664,0.7604412667906965,0.598624098231412,0.0
2021-11-12,0.003232402558176514,0.0,2.258072318909941e-06,0.003230144485857604,0.7632269804360244,0.5983877011555987,0.0
2021-11-15,0.0003096129968495257,0.0,6.796660700261486e-06,0.0003028163361492642,0.7650684512191532,0.5996830408461238,0.0
2021-11-16,0.0005988477810727748,0.0,2.2488665007383597e-06,0.0005965989145720364,0.7639782758210314,0.5998110212671312,0.0
2021-11-17,0.0014130382983002247,0.0,2.2304712386358313e-06,0.001410807827061589,0.7628762791690713,0.6000518787486556,0.0
2021-11-18,0.00016761749558074957,0.0,2.1783450636153775e-06,0.00016543915051713418,0.7596367507346209,0.6006175610906983,0.0
2021-11-19,-0.002284788455528852,0.0,2.198278215798364e-06,-0.00228698673374465,0.7611601113908092,0.6006858016375285,0.0
2021-11-22,-0.0050154812114158644,0.0,6.654833750470378e-06,-0.005022136045166335,0.7617069732847853,0.5997726853566728,0.0
2021-11-23,0.0010463073563863972,0.0,2.2236561720455435e-06,0.0010440837002143517,0.7600861328916085,0.5977592323322838,0.0
2021-11-24,-0.0009459492652612608,4.228978167959141e-05,4.972404336568778e-06,-0.000993211451277421,0.962985516512033,0.5999999999425123,0.20515702606645225
2021-11-26,-0.016644316430815237,0.0,1.0006194002693085e-05,-0.01665432262481793,0.9648757106543779,0.5996496295560804,0.0
2021-11-29,0.005449577708193461,0.0,1.5098546535348443e-05,0.005434479161658113,0.9602772822339911,0.5928793165405123,0.0
2021-11-30,-0.00891811164715177,0.0,5.013886697780124e-06,-0.00892312553384955,0.9611085925511393,0.5950948636131903,0.0
2021-12-01,-0.004569682779151449,0.0,5.0366428215090435e-06,-0.004574719421972958,0.9591292995592787,0.5914543735891185,0.0
2021-12-02,0.00867827431729339,0.0,5.019362646658225e-06,0.008673254954646731,0.9559953356128126,0.5895818624067624,0.0
2021-12-03,-0.004612007882357168,0.0,5.020646976405328e-06,-0.004617028529333573,0.9596231206580493,0.5931158913804604,0.0
2021-12-06,0.004521900637130198,0.0,1.5102987974229143e-05,0.004506797649155969,0.9587396667231671,0.5912336260169246,0.0
2021-12-07,0.012396956908567847,0.0,5.035882063191412e-06,0.012391921026504655,0.9607020138946669,0.5930826232816937,0.0
2021-12-08,0.0038237045067045583,0.0,4.984449771956271e-06,0.003818720056932602,0.9619331976048077,0.5980683642519999,0.0
2021-12-09,-0.001289493651008609,8.518048372582653e-05,2.2010641982013956e-06,-0.001376875198932637,0.5425201959819986,0.3818425095132968,0.42019301268095455
2021-12-10,0.0027648344612185728,0.0,2.1609210037725394e-06,0.0027626735402148,0.5388249455886336,0.3810777123132382,0.0
2021-12-13,-0.0028896094036000783,0.0,6.448902783906912e-06,-0.002896058306383985,0.5397083377570935,0.38278503668202524,0.0
2021-12-14,-0.0016500426413072168,0.0,2.141423837478694e-06,-0.0016521840651446955,0.5373227622177824,0.3809988220818377,0.0
2021-12-15,0.00361848094830072,0.0,2.1297524954994107e-06,0.0036163511958052204,0.5354485028471863,0.37997657067572926,0.0
2021-12-16,-0.0011538924916386268,0.0,2.134784627561302e-06,-0.001156027276266188,0.5380521135902862,0.382212835778311,0.0
2021-12-17,-0.0040372938631511816,0.0,2.129587359802199e-06,-0.004039423450510984,0.5369598449207369,0.3814999676551765,0.0
2021-12-20,-0.0025960990203637516,0.0,6.433136545588126e-06,-0.00260253215690934,0.535533245327223,0.37899358938457867,0.0
2021-12-21,0.004147618705149607,0.0,2.1426556266550407e-06,0.004145476049522952,0.5337934937402635,0.37737963299444566,0.0
2021-12-22,0.003899367595090264,0.0,2.1728640714205482e-06,0.003897194731018843,0.5385712462963986,0.37995216908269863,0.0
2021-12-23,0.0011071001546891634,5.061944866456462e-05,1.3283246783077391e-06,0.0010551523813462909,0.2967395509481028,0.19977184943163784,0.2500000000015912
2021-12-27,0.0012822466620340297,0.0,5.317607948839522e-06,0.00127692905408519,0.2977135601627811,0.20066721509645982,0.0
2021-12-28,0.0003010341281674931,0.0,1.3494804209775398e-06,0.00029968464774651554,0.3002039862229889,0.20169191549162846,0.0
2021-12-29,0.0010670149353092196,0.0,1.337697799935716e-06,0.0010656772375092838,0.29958437296488033,0.20193243356957305,0.0
2021-12-30,0.0006961862497119193,0.0,1.3328143957549516e-06,0.0006948534353161644,0.30007879779804797,0.20278334690793653,0.0
2021-12-31,-0.001317237230723006,0.0,1.3205306095972733e-06,-0.0013185577613326032,0.29973697738165234,0.20333824288105143,0.0
2022-01-03,0.0017329456564094629,0.0,4.03654571550699e-06,0.0017289091106939558,0.3005103461223063,0.20228773371163625,0.0
2022-01-04,-0.0016277525274789523,0.0,1.3308519929214068e-06,-0.0016290833794718738,0.3008207504310972,0.2036685549478345,0.0
2022-01-05,-0.0014381108818423876,0.0,1.3478570052594816e-06,-0.0014394587388476471,0.30076404219107633,0.20237048080713418,0.0
2022-01-06,-0.00048451034574764786,0.0,1.3220711801428738e-06,-0.00048583241692779075,0.2977332168718977,0.2012220207214679,0.0
2022-01-07,-0.0008239429999708154,5.302000059710293e-05,3.050857406623743e-17,-0.0008769630005679488,0.4489616847660418,0.4489616847638147,0.2500000000208205
2022-01-10,0.0012512298197127486,0.0,9.159637957151931e-17,0.001251229819712657,0.44853108693391625,0.44853108693168736,0.0
2022-01-11,0.0036209642773032905,0.0,3.048408398815722e-17,0.00362096427730326,0.44922023899497926,0.44922023899275393,0.0
2022-01-12,-0.0003859958508231038,0.0,3.0377092432640295e-17,-0.00038599585082313415,0.4512073974046256,0.4512073974024081,0.0
2022-01-13,-0.0031321344071743805,0.0,3.038582925947078e-17,-0.003132134407174411,0.45099548393934286,0.45099548393712474,0.0
2022-01-14,-0.0005460719297592389,0.0,3.048957808045839e-17,-0.0005460719297592693,0.44927052520228455,0.4492705252000588,0.0
2022-01-18,-0.003875658974426013,0.0,1.219540102694716e-16,-0.003875658974426135,0.4489696229809485,0.44896962297872284,0.0
2022-01-19,-0.0024299759236615205,0.0,3.0582410397192704e-17,-0.0024299759236615513,0.4468257080720144,0.44682570806978184,0.0
2022-01-20,-0.0019459983416734846,0.0,3.06670841066489e-17,-0.0019459983416735152,0.44547823353034754,0.4454782335281088,0.0
2022-01-21,-0.003958672848287952,0.0,3.072362559824886e-17,-0.003958672848287982,0.44439703107418876,0.44439703107194595,0.0
2022-01-24,-0.0029750422660794894,5.031791228001091e-05,1.116351374849841e-16,-0.0030253601783596117,0.4011448231500151,0.4011448231472987,0.2500000000057317
2022-01-25,-0.0004906066639490269,0.0,3.7333023569461785e-17,-0.0004906066639490642,0.39937804331228444,0.3993780433095591,0.0
2022-01-26,-0.0019648861083672925,0.0,3.7338025796398814e-17,-0.0019648861083673298,0.3990832295402172,0.3990832295374915,0.0
2022-01-27,0.0012954153658304764,0.0,3.737700051883284e-17,0.0012954153658304391,0.39790017195223326,0.3979001719495048,0.0
2022-01-28,0.0034978494884179475,0.0,3.731191422851114e-17,0.00349784948841791,0.39867913224411755,0.3986791322413938,0.0
2022-01-31,0.002453675633424547,0.0,1.115573405983676e-16,0.0024536756334244355,0.4007751306468321,0.40077513064411757,0.0
2022-02-01,-0.0005086250373235338,0.0,3.710881552423233e-17,-0.0005086250373235708,0.4022418352902621,0.40224183528755314,0.0
2022-02-02,0.0021515604671836306,0.0,3.7126109345628086e-17,0.0021515604671835933,0.40193764580303676,0.4019376458003266,0.0
2022-02-03,-0.0023795274321147045,0.0,3.7052210021303764e-17,-0.0023795274321147413,0.4032216505074764,0.4032216505047716,0.0
2022-02-04,-0.002116601563817936,0.0,3.7122106322174384e-17,-0.0021166015638179733,0.4017982129452382,0.4017982129425283,0.0
2022-02-07,-0.001020893390372266,5.094163426967471e-05,9.990039354715414e-19,-0.0010718350246419416,0.34623328632371,0.34623328632368566,0.25000000000039735
2022-02-08,0.001209898349182302,0.0,3.330289939344932e-19,0.0012098983491823016,0.3455828006830236,0.3455828006829993,0.0
2022-02-09,0.002123106569285861,0.0,3.327594021143516e-19,0.0021231065692858607,0.34637362215855594,0.3463736221585317,0.0
2022-02-10,-0.005691790843501063,0.0,3.3408446620376244e-19,-0.005691790843501063,0.34775840058303975,0.3477584005830153,0.0
2022-02-11,-0.0029297471108981755,0.0,3.3252626469377144e-19,-0.002929747110898176,0.34402472652792804,0.3440247265279037,0.0
2022-02-14,-0.0032840929002675495,0.0,9.966927057930092e-19,-0.0032840929002675504,0.3420972378111532,0.342097237811129,0.0
2022-02-15,0.0036063791175319922,0.0,3.3265211862338403e-19,0.003606379117531992,0.3399295049847977,0.33992950498477337,0.0
2022-02-16,0.0004990894942220556,0.0,3.3362971021759593e-19,0.0004990894942220553,0.3423014154258365,0.34230141542581216,0.0
2022-02-17,-0.0006915101650875848,0.0,3.3474266115996846e-19,-0.0006915101650875851,0.34262950213513244,0.342629502135108,0.0
2022-02-18,-0.0003519697424052531,0.0,3.3372214172095342e-19,-0.0003519697424052534,0.3421746091905349,0.34217460919051046,0.0
2022-02-22,-0.0006682311554886209,5.1120125267135876e-05,6.397624176927688e-16,-0.0007193512807563966,0.10805700698623812,0.10805700697456246,0.25000000001117456
2022-02-23,-0.0007258713242155644,0.0,1.5897233203633766e-16,-0.0007258713242157234,0.10746608169417504,0.10746608168257006,0.0
2022-02-24,-0.0016426400397916406,0.0,1.5930512876163255e-16,-0.0016426400397918,0.10681774630893835,0.10681774629730909,0.0
2022-02-25,0.002982707885347947,0.0,1.5997390892045209e-16,0.002982707885347787,0.10534815536730086,0.10534815535562278,0.0
2022-02-28,-0.0011797352398388134,0.0,4.824967360272836e-16,-0.0011797352398392959,0.10800870483714256,0.10800870482540183,0.0
2022-03-01,-0.0002351907826941782,0.0,1.6252253264571187e-16,-0.0002351907826943407,0.10695514835500979,0.10695514834314566,0.0
2022-03-02,0.0013079145382481675,0.0,1.641152064040842e-16,0.0013079145382480033,0.10674506302735122,0.10674506301537082,0.0
2022-03-03,0.0009308385550888716,0.0,1.6610456423687787e-16,0.0009308385550887055,0.10791183810385536,0.10791183809172974,0.0
2022-03-04,0.0003926305403051234,0.0,1.671802430752536e-16,0.0003926305403049562,0.10874145591932793,0.10874145590712377,0.0
2022-03-07,-0.001618267011555832,0.0,5.106834636682702e-16,-0.0016182670115563427,0.10909125390189835,0.10909125388947172,0.0
2022-03-08,0.0024257550285288055,4.8551037774147854e-05,4.82082360473053e-17,0.0023772039907546095,0.1499999999985855,0.1499999999950663,0.23840306904234815
2022-03-09,-0.0070898721339344994,0.0,4.801110392906584e-17,-0.007089872133934547,0.15206426724416425,0.15206426724065944,0.0
2022-03-10,0.0024106149674623712,0.0,4.7480358900206826e-17,0.002410614967462324,0.14600958439384773,0.14600958439038167,0.0
2022-03-11,-1.1777237413053095e-05,0.0,4.774786475859064e-17,-1.1777237413100842e-05,0.14806327581253284,0.14806327580904724,0.0
2022-03-14,-0.004464041389218782,0.0,1.4334093741943897e-16,-0.0044640413892189255,0.14805324223330565,0.1480532422298177,0.0
2022-03-15,-0.004809437170669693,0.0,4.766187567367627e-17,-0.004809437170669741,0.14423306320791668,0.14423306320443732,0.0
2022-03-16,-0.0007072645711562534,0.0,4.7871291273968815e-17,-0.0007072645711563013,0.1400974157560976,0.14009741575260298,0.0
2022-03-17,0.005342387164242989,0.0,4.814377847143166e-17,0.00534238716424294,0.13948880667599356,0.13948880667247904,0.0
2022-03-18,9.576106441573961e-05,0.0,4.796575165294035e-17,9.576106441569165e-05,0.14406156120480096,0.14406156120129943,0.0
2022-03-21,0.0057821056284134975,0.0,1.4420657543262284e-16,0.0057821056284133535,0.14414351893242297,0.14414351892891397,0.0
2022-03-22,-1.5763289962891639e-15,3.0645128101771204e-05,1.5412409096162927e-17,-3.064512810336294e-05,5.625529320099469e-13,-5.625529320099469e-13,0.1490637223721527
2022-03-23,-1.0246471271628387e-14,0.0,1.545606984519205e-17,-1.026192734147358e-14,5.641465493495099e-13,-5.641465493495099e-13,0.0
2022-03-24,8.275990244961604e-15,0.0,1.5736795085510798e-17,8.260253449876093e-15,5.743930206211441e-13,-5.743930206211441e-13,0.0
2022-03-25,2.3645471649607844e-15,0.0,1.5510055626744597e-17,2.34903710933404e-15,5.661170303761778e-13,-5.661170303761778e-13,0.0
2022-03-28,-2.7586508870540457e-15,0.0,4.633582053790813e-17,-2.804986707591954e-15,5.637524832112156e-13,-5.637524832112156e-13,0.0
2022-03-29,-3.3498064701939917e-15,0.0,1.5520852988993734e-17,-3.3653273231829854e-15,5.665111340982713e-13,-5.665111340982713e-13,0.0
2022-03-30,1.9704810266669753e-15,0.0,1.5612628508725127e-17,1.95486839815825e-15,5.698609405684672e-13,-5.698609405684672e-13,0.0
2022-03-31,2.1675328877135733e-15,0.0,1.5558642727172578e-17,2.1519742449864006e-15,5.678904595417991e-13,-5.678904595417991e-13,0.0
2022-04-01,1.1822735824803253e-15,0.0,1.549925826449546e-17,1.1667743242158299e-15,5.657229266540843e-13,-5.657229266540843e-13,0.0
2022-04-04,-9.261249550194764e-15,0.0,4.6400601622323565e-17,-9.307650151817088e-15,5.645406530716033e-13,-5.645406530716033e-13,0.0
2022-04-05,3.940962053333906e-15,0.0,1.5720600071830234e-17,3.925241453262075e-15,5.738019026218035e-13,-5.738019026218035e-13,0.0
2022-04-06,3.743910192287216e-15,0.0,1.561262850872513e-17,3.7282975637784906e-15,5.698609405684673e-13,-5.698609405684673e-13,0.0
2022-04-07,1.5763773045736324e-15,0.0,1.55100556267446e-17,1.5608672489468878e-15,5.661170303761779e-13,-5.661170303761779e-13,0.0
2022-04-08,-3.941037220933248e-16,0.0,1.5466867207441188e-17,-4.09570589300766e-16,5.645406530716033e-13,-5.645406530716033e-13,0.0
2022-04-11,1.1231692993062134e-14,0.0,4.6432993709070975e-17,1.1185259999353062e-14,5.649347567936969e-13,-5.649347567936969e-13,0.0
2022-04-12,-9.261211966395042e-15,0.0,1.516994695344188e-17,-9.276381913348483e-15,5.537030638006286e-13,-5.537030638006286e-13,0.0
2022-04-13,-5.911555831399695e-16,0.0,1.5423678788137776e-17,-6.065792619281072e-16,5.629642757670289e-13,-5.629642757670289e-13,0.0
2022-04-14,1.970518610466376e-16,0.0,1.5439874831511484e-17,1.8161198621512613e-16,5.635554313501692e-13,-5.635554313501692e-13,0.0
2022-04-18,-1.3005122158682425e-14,0.0,6.173790460154766e-17,-1.3066860063283973e-14,5.633583794891224e-13,-5.633583794891224e-13,0.0
2022-04-19,1.2413966575542614e-14,0.0,1.5790780867063354e-17,1.239817579467555e-14,5.763635016478124e-13,-5.763635016478124e-13,0.0
2022-04-20,-7.31972130842333e-05,5.101071040159532e-05,3.84167583589472e-17,-0.00012420792348586703,0.250000000006114,0.2500000000033096,0.25000000000667794
2022-04-21,-0.0030685133885901598,0.0,3.849569535667231e-17,-0.0030685133885901984,0.24995784953848535,0.24995784953567515,0.0
2022-04-22,-0.0022782257692380904,0.0,3.851731432984203e-17,-0.002278225769238129,0.24764925119284772,0.24764925119003595,0.0
2022-04-25,-0.0035648576850963827,0.0,1.1572851530454496e-16,-0.0035648576850964985,0.2459313124771555,0.24593131247433947,0.0
2022-04-26,0.0008358371635382438,0.0,3.8759630665773575e-17,0.0008358371635382051,0.24323354777411826,0.2432335477712888,0.0
2022-04-27,0.0016183390378109999,0.0,3.87906026587538e-17,0.001618339037810961,0.2438655530455189,0.24386555304268717,0.0
2022-04-28,0.003702975242639846,0.0,3.869813956024037e-17,0.0037029752426398074,0.24508725780634966,0.2450872578035247,0.0
2022-04-29,-0.0028852166408799298,0.0,3.8523189959798545e-17,-0.0028852166408799684,0.24787236780766086,0.24787236780484867,0.0
2022-05-02,0.0011162638907265842,0.0,1.157540405019971e-16,0.0011162638907264684,0.24569603746266283,0.24569603745984614,0.0
2022-05-03,0.0026165351839565637,0.0,3.848822935243559e-17,0.002616535183956525,0.24653710088993766,0.24653710088712805,0.0
2022-05-04,0.0017164002480396798,1.0227004827547693e-05,3.838932302351953e-17,0.0017061732432120938,0.19797306152883712,0.19797306152603472,0.050530356608168306
2022-05-05,-0.0001364281081040066,0.0,3.8378532078795584e-17,-0.000136428108104045,0.199349337271576,0.19934933726877435,0.0
2022-05-06,0.0017867460357171084,0.0,3.828462308025203e-17,0.00178674603571707,0.19924009111215363,0.19924009110935886,0.0
2022-05-09,-0.005016921431810983,0.0,1.1443143778983667e-16,-0.005016921431811098,0.20066829386930035,0.20066829386651586,0.0
2022-05-10,0.00025459691858307684,0.0,3.838294881560771e-17,0.00025459691858303846,0.19663788927852027,0.19663788927571835,0.0
2022-05-11,0.0011520037191188363,0.0,3.8337902561518196e-17,0.001152003719118798,0.1968423707360648,0.1968423707332661,0.0
2022-05-12,0.0003477409484654564,0.0,3.829668443428548e-17,0.0003477409484654181,0.19776654665791663,0.19776654665512097,0.0
2022-05-13,0.0010312738499985668,0.0,3.8288563285605457e-17,0.0010312738499985285,0.19804541910450385,0.19804541910170878,0.0
2022-05-16,0.001401266420663988,0.0,1.1455921447987087e-16,0.0014012664206638735,0.19887160187198,0.19887160186919234,0.0
2022-05-17,-0.0005135269742524457,0.0,3.8170060847408006e-17,-0.0005135269742524839,0.199992625342374,0.19999262533958756,0.0
2022-05-18,2.385699284891274e-05,5.077181844410175e-05,1.3698630137606646e-06,-2.8284688608949673e-05,0.050000000006477016,-0.0499999999980515,0.249581588898122
2022-05-19,-0.00014791919074827334,0.0,1.3692481262704403e-06,-0.00014928843887454377,0.049977556612913546,-0.04997755660482859,0.0
2022-05-20,-0.00026251479138327395,0.0,1.3735057553688435e-06,-0.0002638882971386428,0.05013296007500417,-0.05013296006692141,0.0
2022-05-23,-0.0001479927084530624,0.0,4.143187162908346e-06,-0.00015213589561597076,0.05040877715277019,-0.05040877714466623,0.0
2022-05-24,-0.0003151381142178596,0.0,1.3853277404660891e-06,-0.00031652344195832565,0.050564462531112936,-0.050564462522911566,0.0
2022-05-25,-0.0003725459923395432,0.0,1.3944030226485474e-06,-0.0003739403953621918,0.05089571033080234,-0.05089571032254163,0.0
2022-05-26,-0.0002580221522219285,0.0,1.4051351989769916e-06,-0.0002594272874209055,0.05128743476680849,-0.051287434758511885,0.0
2022-05-27,-0.0001911425325167841,0.0,1.4125707584393215e-06,-0.00019255510327522343,0.05155883268723221,-0.051558832678838276,0.0
2022-05-31,8.603938360481232e-05,0.0,5.672322395238836e-06,8.036706120957349e-05,0.05175994186080482,-0.051759941852303946,0.0
2022-06-01,-9.628033352256204e-07,0.0,1.4156095870400488e-06,-2.3784129222656694e-06,0.05166974993117915,-0.05166974992274441,0.0
2022-06-02,0.0006737455780001519,3.0650333094664616e-05,8.64073813235163e-17,0.0006430952449054009,0.10000000000639654,0.1000000000000888,0.15167083562616498
2022-06-03,-0.0004847638705193925,0.0,8.638666818320929e-17,-0.0004847638705194789,0.10060904438635988,0.10060904438005365,0.0
2022-06-06,0.0004445912292105325,0.0,2.5915485171373917e-16,0.0004445912292102733,0.10017284068981103,0.10017284068350492,0.0
2022-06-07,0.000606023444806125,0.0,8.60698372967147e-17,0.0006060234448060389,0.10057271817060486,0.10057271816432176,0.0
2022-06-08,-0.0019784422980801235,0.0,8.614753325182687e-17,-0.0019784422980802098,0.10111746206273116,0.1011174620564424,0.0
2022-06-09,-0.0023869827868690037,0.0,8.618990637616387e-17,-0.00238698278686909,0.09933554941731194,0.09933554941102007,0.0
2022-06-10,-0.0007434790041516719,0.0,8.635532876970376e-17,-0.0007434790041517582,0.09718053489445176,0.09718053488814782,0.0
2022-06-13,-0.004437209885748354,0.0,2.5791654881100886e-16,-0.004437209885748612,0.09650880816285223,0.09650880815657627,0.0
2022-06-14,-0.002337171187686596,0.0,8.565367558271659e-17,-0.002337171187686682,0.09248196014486108,0.09248196013860838,0.0
2022-06-15,0.0005856511737954233,0.0,8.557383187076431e-17,0.0005856511737953378,0.09035596631826871,0.09035596631202182,0.0
2022-06-16,0.0005497330135767949,3.999008427635847e-05,2.378345983548183e-17,0.0005097429293004126,0.09999999999905859,0.0999999999973224,0.1908883885932372
2022-06-17,-0.0036962841723806542,0.0,2.293765375016848e-17,-0.003696284172380677,0.10049850461044406,0.10049850460876962,0.0
2022-06-21,-0.0003008112614296191,0.0,8.89089055137016e-17,-0.000300811261429708,0.09716135642191491,0.09716135642029232,0.0
2022-06-22,-0.0017050936986641987,0.0,2.2914320042727296e-17,-0.0017050936986642217,0.09688969067060509,0.09688969066893234,0.0
2022-06-23,-0.0020596658768220395,0.0,2.244547812714326e-17,-0.002059665876822062,0.09534717283549111,0.09534717283385259,0.0
2022-06-24,0.0007550945376704738,0.0,2.2004744509094523e-17,0.0007550945376704518,0.09348004461669439,0.09348004461508806,0.0
2022-06-27,0.000100601254796761,0.0,6.642154740761049e-17,0.00010060125479669457,0.09416403640484171,0.09416403640322545,0.0
2022-06-28,0.0008550338818183618,0.0,2.2510252736569533e-17,0.0008550338818183392,0.09425515547275402,0.09425515547111078,0.0
2022-06-29,-0.0014070912473093734,0.0,2.2877417161434052e-17,-0.0014070912473093963,0.09502893639423039,0.09502893639256034,0.0
2022-06-30,-0.0029691088769427786,0.0,2.2454222638320052e-17,-0.002969108876942801,0.09375376524937251,0.09375376524773335,0.0
2022-07-01,0.0001662948726341318,8.626507898459987e-06,0.0,0.0001576683647356718,0.05,0.05,0.041055008606755296
2022-07-05,-0.00324228459948925,0.0,0.0,-0.00324228459948925,0.05015838648185975,0.05015838648185975,0.0
2022-07-06,-0.0007784579479979824,0.0,0.0,-0.0007784579479979824,0.04706871204254384,0.04706871204254384,0.0
2022-07-07,0.0018085363161399399,0.0,0.0,0.0018085363161399399,0.046326317184359506,0.046326317184359506,0.0
2022-07-08,0.0008332006239026294,0.0,0.0,0.0008332006239026294,0.04804795702530285,0.04804795702530285,0.0
2022-07-11,0.00011100296803756884,0.0,0.0,0.00011100296803756884,0.048840463744342,0.048840463744342,0.0
2022-07-12,-0.0023030143451328337,0.0,0.0,-0.0023030143451328337,0.04894603355738103,0.04894603355738103,0.0
2022-07-13,0.00019467433132511073,0.0,0.0,0.00019467433132511073,0.046750686714396264,0.046750686714396264,0.0
2022-07-14,-0.00041708683690320277,0.0,0.0,-0.00041708683690320277,0.04693622376774447,0.04693622376774447,0.0
2022-07-15,0.00061198873816133,0.0,0.0,0.00061198873816133,0.046538547546431476,0.046538547546431476,0.0
2022-07-18,0.0002307523836171765,5.074071352463159e-05,1.6438356163899382e-05,0.0001635733139286455,0.20287830166156018,-0.19712169832665816,0.24999999999744837
2022-07-19,0.00014685653588384883,0.0,5.47179784612001e-06,0.00014138473803772882,0.20258249766103245,-0.19685874510572818,0.0
2022-07-20,-0.00014742040235115488,0.0,5.466509749851511e-06,-0.0001528869121010064,0.2023711312965055,-0.19668408044265476,0.0
2022-07-21,-0.0003795094888843945,0.0,5.471603721537963e-06,-0.0003849810926059325,0.20256547326537366,-0.1968615984068976,0.0
2022-07-22,-0.0007238349567598249,0.0,5.483893883871565e-06,-0.0007293188506436965,0.2030071822851675,-0.1973170712374568,0.0
2022-07-25,0.0004255599753493235,0.0,1.6522897403685575e-05,0.0004090370779456379,0.20387172358002095,-0.19818544657632797,0.0
2022-07-26,-0.0001344511587823777,0.0,5.493616798968014e-06,-0.00013994477558134573,0.20335499777589514,-0.1976790285487699,0.0
2022-07-27,-0.00020944907003386213,0.0,5.498671363862461e-06,-0.0002149477413977246,0.2035618430167545,-0.19784116654520517,0.0
2022-07-28,-0.0008070269508774007,0.0,5.504936735319169e-06,-0.0008125318876127198,0.20376718637814428,-0.19809319530015507,0.0
2022-07-29,-8.27683514793863e-05,0.0,5.531486878918815e-06,-8.829983835830512e-05,0.20473657571469245,-0.19906196644638108,0.0
2022-08-01,-0.00010912583528438065,3.0430086495398095e-05,1.2328767123478279e-05,-0.00015188468890325703,0.2528265646170664,-0.047173435387571724,0.1519888854241692
2022-08-02,0.0003421119065895544,0.0,4.113112815458769e-06,0.0003379987937740956,0.2529674917176071,-0.04728974381088314,0.0
2022-08-03,-0.00022393607875250456,0.0,4.103144596945244e-06,-0.0002280392233494498,0.25259778655402865,-0.0469317690229741,0.0
2022-08-04,-8.087284145054827e-05,0.0,4.1101373856840446e-06,-8.498297883623232e-05,0.2528735682500957,-0.04716646090483951,0.0
2022-08-05,0.0009429385413577558,0.0,4.112808969349847e-06,0.0009388257323884059,0.25298370545583077,-0.04725134930670816,0.0
2022-08-08,-0.00010584647878466058,0.0,1.2253193420082237e-05,-0.0001180996722047428,0.2518960638733088,-0.04626497601535885,0.0
2022-08-09,4.3532714663350745e-05,0.0,4.087969847981273e-06,3.944474481536947e-05,0.2520454993827181,-0.04637629951991488,0.0
2022-08-10,-0.00027107396625866795,0.0,4.086235136667192e-06,-0.00027516020139533513,0.251964225683531,-0.04633093929317403,0.0
2022-08-11,0.0003244167260307717,0.0,4.094239209660236e-06,0.00032032248682111147,0.2522646224970549,-0.046614839808142364,0.0
2022-08-12,-0.0002189051370491666,0.0,4.084097575510222e-06,-0.0002229892346246768,0.2518635230453951,-0.04627559996685107,0.0
2022-08-15,0.0008411639786930213,2.9969042284050163e-05,8.196007806649998e-06,0.0008029989286023211,0.2997180949827591,0.10028190502094246,0.146844270588261
2022-08-16,0.000114734296262932,0.0,2.73071080904095e-06,0.00011200358545389105,0.30038382149613474,0.10104193243614534,0.0
2022-08-17,0.00041937293011531766,0.0,2.726591679800313e-06,0.00041664633843551736,0.3001865307173129,0.10114533809189005,0.0
2022-08-18,0.0008046550537155889,0.0,2.7178452204944214e-06,0.0008019372084950944,0.29992511317683557,0.1015224120807428,0.0
2022-08-19,0.0008150490387763337,0.0,2.716125246079442e-06,0.0008123329135302543,0.3005222159698288,0.10224507300602953,0.0
2022-08-22,0.0010394140006664248,0.0,8.127042562234394e-06,0.0010312869581041904,0.30073450654923733,0.10297647086820044,0.0
2022-08-23,-0.000408984699258855,0.0,2.701258384401135e-06,-0.00041168595764325616,0.30110058721706334,0.1039087251557805,0.0
2022-08-24,0.00024943609691524505,0.0,2.7013863346762324e-06,0.0002467347105805688,0.30074356982656436,0.10354236739519941,0.0
2022-08-25,-0.00025070854778828385,0.0,2.696714829831802e-06,-0.0002534052626181156,0.30062638334632147,0.10376620076859995,0.0
2022-08-26,0.0005198725829734689,0.0,2.6997361789278305e-06,0.000517172846794541,0.30062247130188674,0.10354173024015509,0.0
2022-08-29,0.000240848425169544,2.048257561980238e-05,8.084188726064027e-06,0.00021228166082367758,0.19835762950173952,0.001642370500848242,0.10236544230833304
2022-08-30,5.421262090515764e-05,0.0,2.688500808593517e-06,5.1524120096564126e-05,0.19814337826534967,0.0018828192380229009,0.0
2022-08-31,-0.00010412359260777086,0.0,2.685936800748061e-06,-0.00010680952940851892,0.1980103185148164,0.001936932060207966,0.0
2022-09-01,0.0011551126385452276,0.0,2.6871961449361106e-06,0.0011524254424002914,0.19799832283025764,0.001833004249921541,0.0
2022-09-02,-0.0002812199144515341,0.0,2.676913848191895e-06,-0.000283896828299726,0.19839938818845126,0.002984677270442951,0.0
2022-09-06,0.0009493200318523487,0.0,1.074528097163084e-05,0.0009385747508807178,0.19880560280917658,0.0027042250769137716,0.0
2022-09-07,-0.0009342559145889534,0.0,2.6737743189177313e-06,-0.0009369296889078712,0.19883564448004254,0.003650119199048188,0.0
2022-09-08,0.000339538839382543,0.0,2.6821716080895096e-06,0.0003368566677744535,0.1985169376342574,0.002718410243723199,0.0
2022-09-09,-0.0007931988102260227,0.0,2.6776040351312464e-06,-0.000795876414261154,0.1985220139040244,0.0030569193394433952,0.0
2022-09-12,-0.0005548106877314138,0.0,8.045238709914865e-06,-0.0005628559264413286,0.19803299888061637,0.0022655236060213357,0.0
2022-09-13,0.0017025888500337204,6.195223814165628e-08,2.6843577426166958e-06,0.001699842540052962,0.19797905760453172,0.002020942393512956,0.0003092660541194158
2022-09-14,-7.672213858327641e-05,0.0,2.6709084839927405e-06,-7.939304706726915e-05,0.1986935318989641,0.0037172125674940493,0.0
2022-09-15,0.00024258284932264068,0.0,2.6675711261958986e-06,0.00023991527819644477,0.19837347169378805,0.0036407794814874994,0.0
2022-09-16,-1.4747924262096992e-05,0.0,2.6621699735911912e-06,-1.7410094235688183e-05,0.19822083894848336,0.0038824308763263926,0.0
2022-09-19,3.1315815224334105e-05,0.0,7.987861148347392e-06,2.3327954075986714e-05,0.1982390382330812,0.003867750289961336,0.0
2022-09-20,0.000786310169735674,0.0,2.659817138064351e-06,0.0007836503525976096,0.19806562622877003,0.0038989751500724257,0.0
2022-09-21,0.0009319717909412579,0.0,2.6493817508683287e-06,0.0009293224091903896,0.1980864843827208,0.0046816165693328166,0.0
2022-09-22,0.00046169008245582435,0.0,2.648673794088488e-06,0.00045904140866173584,0.19896156333889348,0.005608376370433862,0.0
2022-09-23,0.0018004991138387812,0.0,2.6385740868374986e-06,0.0017978605397519437,0.19868318965866338,0.0060672813195260245,0.0
2022-09-26,0.0016432979231531056,0.0,7.886045547643958e-06,0.0016354118776054616,0.19974743563946495,0.007853660646795324,0.0
2022-09-27,-1.8317505528968114e-05,2.1601291397088017e-05,2.6112795541460052e-06,-4.253007648020214e-05,0.09531170372632919,-0.09531170372632919,0.1047931562198461
2022-09-28,-0.0002636525080066919,0.0,2.6118924875998085e-06,-0.0002662644004942917,0.095334075797393,-0.095334075797393,0.0
2022-09-29,0.00012517617267402916,0.0,2.619813407029783e-06,0.00012255635926699938,0.09562318935658708,-0.09562318935658708,0.0
2022-09-30,4.176900229006876e-05,0.0,2.6160633076523346e-06,3.9152938982416425e-05,0.09548631072931021,-0.09548631072931021,0.0
2022-10-03,-0.0003230781884572728,0.0,7.84444972101435e-06,-0.00033092263817828717,0.09544080493900792,-0.09544080493900792,0.0
2022-10-04,-0.0003486969742359657,0.0,2.6245365494483963e-06,-0.00035132151078541405,0.09579558405486646,-0.09579558405486646,0.0
2022-10-05,0.00014427935703148517,0.0,2.6350156288799674e-06,0.0001416443414026052,0.0961780704541188,-0.0961780704541188,0.0
2022-10-06,5.0566237588621184e-05,0.0,2.63069014740985e-06,4.7935547441211335e-05,0.09602019038045952,-0.09602019038045952,0.0
2022-10-07,-5.820095544537744e-09,0.0,2.6291787399153405e-06,-2.634998835459878e-06,0.09596502400690993,-0.09596502400690993,0.0
2022-10-10,0.00011900112780655941,0.0,7.887557481814817e-06,0.00011111357032474459,0.0959652826954136,-0.0959652826954136,0.0
2022-10-11,-0.00012954621496634816,0.0,2.6256337788566593e-06,-0.0001321718487452048,0.09583563292826806,-0.09583563292826806,0.0
2022-10-12,-6.158346387393591e-05,0.0,2.6295305401384224e-06,-6.421299441407433e-05,0.09597786471505242,-0.09597786471505242,0.0
2022-10-13,0.00030423760852348053,0.0,2.6313867275479864e-06,0.00030160622179593253,0.0960456155555015,-0.0960456155555015,0.0
2022-10-14,1.4695187578174257e-05,0.0,2.62226056050192e-06,1.2072927017672338e-05,0.09571251045832008,-0.09571251045832008,0.0
2022-10-17,-7.212374440695348e-05,0.0,7.865478898516498e-06,-7.998922330546998e-05,0.09569665993195073,-0.09569665993195073,0.0
2022-10-18,-9.279764739366159e-05,0.0,2.6240121851995883e-06,-9.542165957886118e-05,0.09577644475978497,-0.09577644475978497,0.0
2022-10-19,0.0002917584458044071,0.0,2.626805240613495e-06,0.0002891316405637936,0.09587839128239256,-0.09587839128239256,0.0
2022-10-20,0.0003017980471140376,0.0,2.6180548960294863e-06,0.0002991799922180081,0.09555900370507625,-0.09555900370507625,0.0
2022-10-21,1.6963800022010654e-05,0.0,2.6090058940194567e-06,1.4354794127991199e-05,0.09522871513171018,-0.09522871513171018,0.0
2022-10-24,0.0002782785688598188,0.0,7.825511063524791e-06,0.00027045305779629404,0.09521038460621829,-0.09521038460621829,0.0
2022-10-25,-0.0006319347859958431,2.0209844227538316e-05,2.6001763917787004e-06,-0.0006547448066151602,0.19490643829771276,0.005093561697867621,0.09999999999897202
2022-10-26,-0.0006005735027658209,0.0,2.604196197920701e-06,-0.0006031776989637416,0.19457087250104393,0.004464550052832743,0.0
2022-10-27,0.00031064650689045217,0.0,2.608424602271785e-06,0.0003080380822881804,0.19428130458704482,0.003866308621204538,0.0
2022-10-28,9.869335006074546e-05,0.0,2.6100255676070665e-06,9.60833244931384e-05,0.19470753529838195,0.00417566886306614,0.0
2022-10-31,0.0006291840035727684,0.0,7.827588715152687e-06,0.0006213564148576157,0.19474527695970123,0.0042739515576525125,0.0
2022-11-01,-0.00014805340675265834,0.0,2.6017138108263636e-06,-0.0001506551205634847,0.19482519904866163,0.004900090858337071,0.0
2022-11-02,0.0001870189382063667,0.0,2.605828015425952e-06,0.00018441311019094076,0.1949781986043272,0.004752753478232695,0.0
2022-11-03,0.0006175441718074767,0.0,2.606583889460355e-06,0.0006149375879180163,0.19521948555621182,0.004938861625605875,0.0
2022-11-04,-0.0010983456944685705,0.0,2.599880858229088e-06,-0.0011009455753267995,0.19534429370521195,0.0055529910544885805,0.0
2022-11-07,-0.0001859800270200018,0.0,7.821740933995876e-06,-0.00019380176795399769,0.19478858448136113,0.0044595550874614726,0.0
2022-11-08,-0.0001390797139245128,1.0075707549664792e-05,2.6049658665515274e-06,-0.00015176038734072912,0.14508125412968498,-0.04508125412857649,0.04935565757609537
2022-11-09,-0.00018857785399815103,0.0,2.609321479348117e-06,-0.00019118717547749915,0.1452532704528946,-0.04522719753951794,0.0
2022-11-10,-0.0009349058634258842,0.0,2.6157378159547745e-06,-0.000937521601241839,0.14552440059698363,-0.04542445996771491,0.0
2022-11-11,-3.955763406488196e-05,0.0,2.6439797325637184e-06,-4.2201613797445675e-05,0.14660765095347256,-0.04640286952367884,0.0
2022-11-14,0.000290868797803148,0.0,7.935077155245883e-06,0.0002829337206479021,0.14664249025848167,-0.04644438718583483,0.0
2022-11-15,-0.0004010535711290676,0.0,2.6363108090302067e-06,-0.0004036898819380978,0.14631022536423904,-0.04614046369496604,0.0
2022-11-16,-0.0002679172518222025,0.0,2.6486677850981077e-06,-0.00027056591960730064,0.1467924351187307,-0.046560313193431166,0.0
2022-11-17,2.102952392918296e-05,0.0,2.6568765488956645e-06,1.8372647380287296e-05,0.1471110840718648,-0.046840903997518696,0.0
2022-11-18,1.7046178060188633e-05,0.0,2.6567017725429905e-06,1.4389476287645642e-05,0.14712021511128895,-0.04681901428434937,0.0
2022-11-21,-2.8670261651097915e-05,0.0,7.96858959806682e-06,-3.6638851249164735e-05,0.1471010522261232,-0.046801294660169426,0.0
2022-11-22,-0.00014032133459716776,3.1439796362212415e-08,2.6572295245303384e-06,-0.00014301000391806032,0.14698887764591984,-0.04698887764479486,0.00015719686405307585
2022-11-23,-0.00020172655785271883,0.0,2.661753425754899e-06,-0.00020438831127847374,0.14717206018976722,-0.047135939890340435,0.0
2022-11-25,5.858801883460323e-05,0.0,5.336249031868036e-06,5.32517698027352e-05,0.14742574597136948,-0.047347343691813835,0.0
2022-11-28,-4.3409721171394104e-05,0.0,7.999132126256541e-06,-5.1408853297650644e-05,0.14735931080843592,-0.04728623759713988,0.0
2022-11-29,-7.638239980701825e-05,0.0,2.6678541015187384e-06,-7.905025390853699e-05,0.14742126880456846,-0.04733208060629945,0.0
2022-11-30,-0.0003515203930012616,0.0,2.6706061373669406e-06,-0.00035419099913862854,0.14754203707436597,-0.0474122109534207,0.0
2022-12-01,-0.00027502564863184184,0.0,2.681186485185901e-06,-0.00027770683511702774,0.14794595859427706,-0.04778065482429368,0.0
2022-12-02,9.155130460535482e-05,0.0,2.689768676061362e-06,8.886153592929346e-05,0.14828408378148458,-0.04806902957099482,0.0
2022-12-05,0.00017608791936332186,0.0,8.061516456662178e-06,0.0001680264029066597,0.14819035181931794,-0.04797321529279508,0.0
2022-12-06,-7.461492506670648e-05,0.0,2.6820472688225552e-06,-7.729697233552903e-05,0.14800035308077314,-0.047789097543273394,0.0
2022-12-07,-0.0001021904829650496,1.9848756947208917e-05,1.3384556608688035e-06,-0.00012337769557312732,0.14885363162297635,0.05114636837955371,0.0990137808559877
2022-12-08,0.00011366307581546476,0.0,1.341420901547712e-06,0.00011232165491391704,0.1489742021997061,0.05105047638672316,0.0
2022-12-09,1.3101571296224744e-05,0.0,1.3399530466726812e-06,1.1761618249552063e-05,0.14897496567424984,0.051158393267144116,0.0
2022-12-12,4.101171744804465e-05,0.0,4.0178343594300595e-06,3.699388308861459e-05,0.148938195732063,0.05117089298593155,0.0
2022-12-13,-0.00014427365081464555,0.0,1.3384052224013283e-06,-0.00014561205603704687,0.1489135914815445,0.05121001024624757,0.0
2022-12-14,2.6779721681961918e-05,0.0,1.3425534171269835e-06,2.5437168264834934e-05,0.1490795729154993,0.051073173465229535,0.0
2022-12-15,1.5209623577342011e-05,0.0,1.3426836420301188e-06,1.3866939935311893e-05,0.149114559250066,0.05109865338186731,0.0
2022-12-16,-4.820636649646892e-05,0.0,1.3428471969278325e-06,-4.9549213693396755e-05,0.1491409995981369,0.05111315422240514,0.0
2022-12-19,7.23097877123397e-05,0.0,4.032703575183535e-06,6.827708413715616e-05,0.14919659853876527,0.05106747820929925,0.0
2022-12-20,1.0968588942974085e-05,0.0,1.3424917353090356e-06,9.62609720766505e-06,0.1491381932373485,0.05113629655978891,0.0
2022-12-21,0.0018570099884105305,3.0500811260620306e-05,1.3424788125039849e-06,0.0018251666983374062,0.19900047665467796,0.10099952334188708,0.1501472494622445
2022-12-22,-0.0022809824239314607,0.0,1.3413505912382094e-06,-0.0022823237745226987,0.20058773818623893,0.10266914502584966,0.0
2022-12-23,0.003199591195289106,0.0,1.3435938997140786e-06,0.003198247601389392,0.1987001596895615,0.1006178050104338,0.0
2022-12-27,0.0011604786774641416,0.0,5.354606503557791e-06,0.0011551240709605838,0.2012079896978875,0.10348642100795782,0.0
2022-12-28,-0.0022990890930011856,0.0,1.3352982028845597e-06,-0.00230042439120407,0.20200292781368528,0.10452615900311242,0.0
2022-12-29,0.0010460252094992933,0.0,1.3383770380671423e-06,0.0010446868324612262,0.20016430156221587,0.10246277778331449,0.0
2022-12-30,0.0007018458165445295,0.0,1.3379683703102648e-06,0.0007005078481742192,0.20107247259050345,0.1034007815578541,0.0
2023-01-03,-0.003646902386349374,0.0,5.341548449522947e-06,-0.003652243934798897,0.20151301291927107,0.1040297537154773,0.0
2023-01-04,-6.551002995655495e-05,0.0,1.341437557704087e-06,-6.685146751425904e-05,0.19867575960510092,0.1007508178927026,0.0
2023-01-05,0.001900569311959162,0.0,1.3428481645853075e-06,0.0018992264637945767,0.1987199552880659,0.10069203927333845,0.0
2023-01-06,0.0017103883560601948,1.0253849281376872e-05,1.3384894049008588e-06,0.0016987960173739172,0.14885486327888134,0.05114513672111866,0.05125299462402349
2023-01-09,-0.00040819285018979957,0.0,4.023960998969293e-06,-0.00041221681118876885,0.15068227090742378,0.05276588659917098,0.0
2023-01-10,0.0007626120518676268,0.0,1.3431902024818835e-06,0.0007612688616651449,0.15043217015214666,0.05237928537096915,0.0
2023-01-11,0.00027157921282682673,0.0,1.3410177999393532e-06,0.0002702381950268874,0.1509957723205632,0.05310147292499042,0.0
2023-01-12,0.001842495937706533,0.0,1.341805844243639e-06,0.0018411541318622893,0.1513104592270407,0.053358632597255054,0.0
2023-01-13,0.00023453715589519074,0.0,1.3422944124632892e-06,0.00023319486148272746,0.15308717363847096,0.05509968152865082,0.0
2023-01-17,0.00019019840007284192,0.0,5.35873706862518e-06,0.00018483966300421675,0.15311826953985877,0.055321318037449226,0.0
2023-01-18,-0.002019216248114122,0.0,1.3402569740323733e-06,-0.002020556505088154,0.15334001670813355,0.055501257603770275,0.0
2023-01-19,0.0012888789675335557,0.0,1.34592990888861e-06,0.001287533037624667,0.15184320698155046,0.05359032363268194,0.0
2023-01-20,0.0010737156970723092,0.0,1.343870651386572e-06,0.0010723718264209227,0.15291119222354754,0.05480863467232778,0.0
2023-01-23,0.0001325999770541796,1.0778315490358834e-05,7.645783978521039e-17,0.0001218216615637443,0.10000000000093025,0.09999999999906976,0.053736135886950365
2023-01-24,-0.0003867591342911581,0.0,2.56644739966854e-17,-0.0003867591342911837,0.10012040314413023,0.10012040314225673,0.0
2023-01-25,1.1044199489667167e-05,0.0,2.5672624896101218e-17,1.1044199489641496e-05,0.09977223183184855,0.09977223182997444,0.0
2023-01-26,0.0031506753789146986,0.0,2.5604957777673264e-17,0.003150675378914673,0.09978217401709795,0.09978217401522878,0.0
2023-01-27,-0.002071796456470976,0.0,2.5618293399564554e-17,-0.0020717964564710015,0.10260955998174374,0.1026095599798736,0.0
2023-01-30,-0.0023080316818492393,0.0,7.691184475045024e-17,-0.002308031681849316,0.10074648974572738,0.10074648974385585,0.0
2023-01-31,0.0008744311940992646,0.0,2.545475441220617e-17,0.0008744311940992391,0.09866618273955055,0.09866618273769234,0.0
2023-02-01,-0.001957429475706946,0.0,2.5812674804508625e-17,-0.001957429475706972,0.09945364856100887,0.09945364855912454,0.0
2023-02-02,-0.0022272389806380537,0.0,2.6018487465013868e-17,-0.0022272389806380797,0.09768743535067485,0.09768743534877551,0.0
2023-02-03,-0.00021100565271176555,0.0,2.6090740030211137e-17,-0.00021100565271179166,0.09567328363675927,0.09567328363485465,0.0
2023-02-06,-0.0004277480140418377,1.000269697771002e-05,1.705336551407146e-16,-0.0004377507110197183,0.14548242531488578,0.14548242531073616,0.05000000000038196
2023-02-07,0.0030948077432005686,0.0,5.659450045961065e-17,0.003094807743200512,0.1451182028973241,0.14511820289319272,0.0
2023-02-08,-0.0008751765832018723,0.0,5.67381448010493e-17,-0.000875176583201929,0.14775573504762035,0.14775573504347844,0.0
2023-02-09,-0.0008152490601808497,0.0,5.666508865073048e-17,-0.0008152490601809064,0.14700921748907078,0.1470092174849342,0.0
2023-02-10,0.0037784738039760577,0.0,5.64970978755381e-17,0.0037784738039760013,0.14631325016856625,0.14631325016444197,0.0
2023-02-13,-0.00024338438151854644,0.0,1.6929444308173675e-16,-0.00024338438151871573,0.14952674109831918,0.14952674109419967,0.0
2023-02-14,3.318899495506425e-05,0.0,5.685192825510009e-17,3.3188994955007395e-05,0.14931969879937113,0.14931969879522097,0.0
2023-02-15,-0.0016809524794667587,0.0,5.683993781937034e-17,-0.0016809524794668155,0.1493479310865941,0.1493479310824448,0.0
2023-02-16,-0.0009363843461816111,0.0,5.669309512770376e-17,-0.0009363843461816678,0.1479156177314873,0.14791561772734868,0.0
2023-02-17,-0.0034535931949798582,0.0,5.638733363591292e-17,-0.0034535931949799146,0.1471169914331148,0.14711699142899853,0.0
2023-02-21,-0.0011798447303176657,5.190934429872517e-05,0.0,-0.0012317540746163908,0.3939957837668532,0.3939957837668532,0.24983451114272015
2023-02-22,-0.0014561767064890107,0.0,0.0,-0.0014561767064890107,0.39330038839248616,0.39330038839248616,0.0
2023-02-23,0.0019195646008103512,0.0,0.0,0.0019195646008103512,0.39241563819760256,0.39241563819760256,0.0
2023-02-24,-0.0013552433355990112,0.0,0.0,-0.0013552433355990112,0.39357970113651375,0.39357970113651375,0.0
2023-02-27,0.0016395737676859526,0.0,0.0,0.0016395737676859526,0.39275673875362216,0.39275673875362216,0.0
2023-02-28,-0.002385959330714897,0.0,0.0,-0.002385959330714897,0.3937507291547787,0.3937507291547787,0.0
2023-03-01,0.002251790312872563,0.0,0.0,0.002251790312872563,0.39230078353899545,0.39230078353899545,0.0
2023-03-02,0.0010329331927596377,0.0,0.0,0.0010329331927596377,0.39366612029568016,0.39366612029568016,0.0
2023-03-03,0.0023149926478554855,0.0,0.0,0.0023149926478554855,0.3942917764249383,0.3942917764249383,0.0
2023-03-06,-0.0007246143150384171,0.0,0.0,-0.0007246143150384171,0.39569074790057956,0.39569074790057956,0.0
2023-03-07,-0.005249354570336493,2.0696555663307555e-05,1.6247948520887035e-16,-0.005270051125999963,0.49692882251691867,0.49692882250505765,0.10167628328648115
2023-03-08,6.985055207696953e-05,0.0,1.6080631403500814e-16,6.985055207680872e-05,0.49428437185686663,0.49428437184512775,0.0
2023-03-09,-0.0025600480586776076,0.0,1.607753591570203e-16,-0.0025600480586777685,0.4943196939054204,0.49431969389368374,0.0
2023-03-10,-0.002385638487439718,0.0,1.5851672332903388e-16,-0.002385638487439877,0.49302180536225176,0.49302180535068,0.0
2023-03-13,-0.0028482825695892323,0.0,4.718590459563593e-16,-0.002848282569589704,0.4918094464185574,0.4918094464070755,0.0
2023-03-14,0.003000435341580003,0.0,1.563535528046575e-16,0.0030004353415798465,0.49035784154179274,0.49035784153037887,0.0
2023-03-15,-0.011018372706307032,0.0,1.574189957102171e-16,-0.01101837270630719,0.4918824155001168,0.4918824154886252,0.0
2023-03-16,0.0036882446312571466,0.0,1.563747589726278e-16,0.00368824463125699,0.48622141152356113,0.4862214115121458,0.0
2023-03-17,-0.0036853923317660413,0.0,1.5744436193247454e-16,-0.0036853923317661987,0.488109389320312,0.48810938930881853,0.0
2023-03-20,0.005016714833902753,0.0,4.689906437275958e-16,0.005016714833902283,0.4862158933132219,0.48621589330180986,0.0
2023-03-21,0.002202677512140693,4.9629622458695124e-05,1.1356236259768898e-17,0.0021530478896819864,0.24999999999922395,0.24999999999839492,0.24447289424534566
2023-03-22,-0.0003463519352441763,0.0,1.134005938114919e-17,-0.00034635193524418765,0.2516608396715947,0.2516608396707668,0.0
2023-03-23,-0.0006557550954893826,0.0,1.124227350620499e-17,-0.0006557550954893939,0.25140156115357204,0.2514015611527513,0.0
2023-03-24,-0.0005819017493670223,0.0,1.1262166197122792e-17,-0.0005819017493670336,0.25091034179322547,0.2509103417924033,0.0
2023-03-27,0.0017836166894009801,0.0,3.385123545155701e-17,0.0017836166894009463,0.2504741914140146,0.25047419141319094,0.0
2023-03-28,1.1612838823278907e-05,0.0,1.1295151864046411e-17,1.1612838823267612e-05,0.25180867794290296,0.2518086779420784,0.0
2023-03-29,0.0018017654416220812,0.0,1.13610029428086e-17,0.00180176544162207,0.2518173664672414,0.25181736646641206,0.0
2023-03-30,0.0019338021869051922,0.0,1.1442210555404029e-17,0.0019338021869051807,0.25316299157954525,0.25316299157871,0.0
2023-03-31,0.0001446323118608715,0.0,1.1468222836660227e-17,0.00014463231186086003,0.2546044391452391,0.25460443914440195,0.0
2023-04-03,0.0019418502865113198,0.0,3.466107215636923e-17,0.0019418502865112851,0.2547122318381564,0.25471223183731295,0.0
2023-04-04,-0.0023369122553108324,3.10580004428044e-05,0.0,-0.0023679702557536366,0.40000000001387337,0.40000000001387337,0.15274597968524142
2023-04-05,-0.0016711563429810145,0.0,0.0,-0.0016711563429810145,0.3986069772243657,0.3986069772243657,0.0
2023-04-06,0.001344440542205977,0.0,0.0,0.001344440542205977,0.3976002730997463,0.3976002730997463,0.0
2023-04-10,0.0008524675837064355,0.0,0.0,0.0008524675837064355,0.39840907632735495,0.39840907632735495,0.0
2023-04-11,0.0011724937439995676,0.0,0.0,0.0011724937439995676,0.3989214762840848,0.3989214762840848,0.0
2023-04-12,0.001872858890845187,0.0,0.0,0.001872858890845187,0.39962541173288435,0.39962541173288435,0.0
2023-04-13,0.0027452522505982003,0.0,0.0,0.0027452522505982003,0.40074772668082936,0.40074772668082936,0.0
2023-04-14,-0.0011715062465493318,0.0,0.0,-0.0011715062465493318,0.4023883214862529,0.4023883214862529,0.0
2023-04-17,0.000436345725869423,0.0,0.0,0.000436345725869423,0.4016873945315575,0.4016873945315575,0.0
2023-04-18,0.0016451640964134902,0.0,0.0,0.0016451640964134902,0.4019483518120935,0.4019483518120935,0.0
2023-04-19,-0.0003075099359944752,5.2708281067065195e-05,0.0,-0.0003602182170615404,0.1500001000175467,0.1500001000175467,0.25293072891352014
2023-04-20,3.818742408325729e-05,0.0,0.0,3.818742408325729e-05,0.14974653151014394,0.14974653151014394,0.0
2023-04-21,0.0004982107751546401,0.0,0.0,0.0004982107751546401,0.14977899926006372,0.14977899926006372,0.0
2023-04-24,0.00026394976092385797,0.0,0.0,0.00026394976092385797,0.15020237759224805,0.15020237759224805,0.0
2023-04-25,-0.001406393877510972,0.0,0.0,-0.001406393877510972,0.15042662228218395,0.15042662228218395,0.0
2023-04-26,-5.7183820212072894e-05,0.0,0.0,-5.7183820212072894e-05,0.14923010471027784,0.14923010471027784,0.0
2023-04-27,0.0012559223295143026,0.0,0.0,0.0012559223295143026,0.14918145165537622,0.14918145165537622,0.0
2023-04-28,-4.081798981614562e-05,0.0,0.0,-4.081798981614562e-05,0.15024867332108666,0.15024867332108666,0.0
2023-05-01,-0.00014801724661158642,0.0,0.0,-0.00014801724661158642,0.1502139867642525,0.1502139867642525,0.0
2023-05-02,-0.0010178394520784068,0.0,0.0,-0.0010178394520784068,0.1500881851575569,0.1500881851575569,0.0
2023-05-03,0.0012069739882052137,4.056066410446798e-05,1.2038467635236835e-16,0.0011664133241006253,0.2500000000035855,0.24999999999479744,0.2009878896002693
2023-05-04,0.0005118819512888053,0.0,1.2002073137497107e-16,0.0005118819512886852,0.25091430420414323,0.25091430419538163,0.0
2023-05-05,-7.663949271594955e-05,0.0,1.1926013251164767e-16,-7.663949271606881e-05,0.25129755147437816,0.2512975514656722,0.0
2023-05-08,1.9438327690599783e-05,0.0,3.6272762666794084e-16,1.9438327690237056e-05,0.2512401669007231,0.2512401668918967,0.0
2023-05-09,0.000249931982300827,0.0,1.2069147435804802e-16,0.00024993198230070633,0.25125472125679255,0.25125472124798204,0.0
2023-05-10,-0.00020976692317635175,0.0,1.2030577226984303e-16,-0.00020976692317647205,0.25144180988908854,0.25144180988030623,0.0
2023-05-11,-0.0010721141287715543,0.0,1.204601320378887e-16,-0.0010721141287716748,0.2512847541956504,0.2512847541868568,0.0
2023-05-12,-0.0005636615447532928,0.0,1.1997582230022028e-16,-0.0005636615447534129,0.25048118448371054,0.25048118447495227,0.0
2023-05-15,0.0009688522161084864,0.0,3.594948201472308e-16,0.0009688522161081269,0.25005847128314385,0.2500584712743962,0.0
2023-05-16,-0.002174988650363544,0.0,1.202906913933103e-16,-0.002174988650363664,0.2507843505255225,0.2507843505167413,0.0
2023-05-17,0.0001653933035132749,5.165598649229896e-05,0.0,0.00011373731702097594,0.4982812824445597,0.4982812824445597,0.25000000000768874
2023-05-18,-0.003094961947573785,0.0,0.0,-0.003094961947573785,0.4983899902077566,0.4983899902077566,0.0
2023-05-19,0.001988131574017315,0.0,0.0,0.001988131574017315,0.49683270658136225,0.49683270658136225,0.0
2023-05-22,-0.0021285627262968084,0.0,0.0,-0.0021285627262968084,0.4978310844578416,0.4978310844578416,0.0
2023-05-23,-0.0030077852486351704,0.0,0.0,-0.0030077852486351704,0.49675990635212464,0.49675990635212464,0.0
2023-05-24,-0.004796875538141595,0.0,0.0,-0.004796875538141595,0.49524170178863836,0.49524170178863836,0.0
2023-05-25,-0.00230391419516262,0.0,0.0,-0.00230391419516262,0.4928087685774677,0.4928087685774677,0.0
2023-05-26,0.0027735558202071266,0.0,0.0,0.0027735558202071266,0.49163754510133895,0.49163754510133895,0.0
2023-05-30,-0.0019342503493009443,0.0,0.0,-0.0019342503493009443,0.49304361692819887,0.49304361692819887,0.0
2023-05-31,-0.0013690162346317145,0.0,0.0,-0.0013690162346317145,0.49206113600308937,0.49206113600308937,0.0
2023-06-01,0.003761962854452283,5.029084393767439e-05,7.606669012681279e-17,0.003711672010514533,0.5499948610334293,0.5499948610278765,0.2499999999845064
2023-06-02,0.0004055703211998938,0.0,7.638618409390999e-17,0.0004055703211998174,0.5517090608089738,0.5517090608033975,0.0
2023-06-05,-0.0003862551886642801,0.0,2.299627713142373e-16,-0.0003862551886645101,0.5518908006009285,0.5518908005953327,0.0
2023-06-06,0.001811479810974099,0.0,7.668695214118862e-17,0.0018114798109740223,0.5517176492169523,0.5517176492113541,0.0
2023-06-07,-0.00243576473850904,0.0,7.65923060897079e-17,-0.0024357647385091167,0.5525282352847183,0.5525282352791271,0.0
2023-06-08,0.003678569066629325,0.0,7.596562905379136e-17,0.003678569066629249,0.5514356380288179,0.5514356380232723,0.0
2023-06-09,-0.0010197627616122568,0.0,7.63387261533714e-17,-0.001019762761612333,0.5530796653471671,0.5530796653415944,0.0
2023-06-12,-3.357950154498832e-05,0.0,2.296098844212661e-16,-3.3579501545217926e-05,0.5526234473984144,0.5526234473928271,0.0
2023-06-13,0.0010673161214147537,0.0,7.729295825123185e-17,0.0010673161214146765,0.5526084242123592,0.5526084242067169,0.0
2023-06-14,0.0010454569250661423,0.0,7.746082770094431e-17,0.001045456925066065,0.5530854233449367,0.553085423339282,0.0
2023-06-15,0.004236117795496411,1.1148085659838449e-05,0.0,0.004224969709836573,0.6000000000441742,0.6000000000441742,0.05527217740275878
2023-06-16,-0.0003724934271444625,0.0,0.0,-0.0003724934271444625,0.6016939790037885,0.6016939790037885,0.0
2023-06-20,-0.003890456501674385,0.0,0.0,-0.003890456501674385,0.6015455573428823,0.6015455573428823,0.0
2023-06-21,0.00012745414504863924,0.0,0.0,0.00012745414504863924,0.599989333243661,0.599989333243661,0.0
2023-06-22,-0.0021997085299619128,0.0,0.0,-0.0021997085299619128,0.600040309764034,0.600040309764034,0.0
2023-06-23,-0.002222998666745003,0.0,0.0,-0.002222998666745003,0.5991585754633185,0.5991585754633185,0.0
2023-06-26,0.00045234954481855876,0.0,0.0,0.00045234954481855876,0.5982655202504498,0.5982655202504498,0.0
2023-06-27,0.0010512053560716352,0.0,0.0,0.0010512053560716352,0.5984471624937164,0.5984471624937164,0.0
2023-06-28,-0.0009292909842178695,0.0,0.0,-0.0009292909842178695,0.5988688337241928,0.5988688337241928,0.0
2023-06-29,-0.0011460627448960608,0.0,0.0,-0.0011460627448960608,0.5984957194161213,0.5984957194161213,0.0
2023-06-30,0.004534155522172724,4.1300418798903056e-05,1.3698630137079971e-06,0.004491485240360114,0.6999999999724761,0.5999999999717921,0.20491048897602773
2023-07-03,-0.0005766349782953296,0.0,4.136727168149041e-06,-0.0005807717054634786,0.7024914013510757,0.601831040259449,0.0
2023-07-05,-0.0033959595025989412,0.0,2.7800824359560925e-06,-0.0033987395850348973,0.7030768086583429,0.6016037997459455,0.0
2023-07-06,-0.004065532453427294,0.0,1.4106482615934981e-06,-0.004066943101688887,0.7032252497287526,0.6002479266324272,0.0
2023-07-07,0.0019297916699461365,0.0,1.3992028692106688e-06,0.0019283924670769259,0.7007587446465207,0.5986169351941419,0.0
2023-07-10,0.0009295896355469439,0.0,4.158999370441663e-06,0.0009254306361765023,0.7005931840472753,0.5993908660331948,0.0
2023-07-11,0.002105976743803324,0.0,1.3791210502834606e-06,0.0021045976227530403,0.7004412510504483,0.5997654143797557,0.0
2023-07-12,0.006399028701878068,0.0,1.3933452937292796e-06,0.006397635356584339,0.7023215607557004,0.6006073543134629,0.0
2023-07-13,0.0054065649141826575,0.0,1.4046504256075193e-06,0.00540516026375705,0.7056871452630032,0.6031476641936544,0.0
2023-07-14,-0.001756998500575474,0.0,1.401903385951088e-06,-0.001758400403961425,0.7076215269338068,0.6052825797593774,0.0
2023-07-17,0.0009345817289106768,5.037981548189656e-05,2.445532361092126e-18,0.0008842019134287778,0.5446567848709003,0.5446567848708408,0.25000000000035566
2023-07-18,0.003325183226930393,0.0,8.152398001951381e-19,0.0033251832269303922,0.5451093798431257,0.5451093798430662,0.0
2023-07-19,0.0009605679227056533,0.0,8.188752267819251e-19,0.0009605679227056524,0.546616961518061,0.5466169615180012,0.0
2023-07-20,-0.003315466107466766,0.0,8.137064037296328e-19,-0.003315466107466767,0.5470520487906477,0.5470520487905883,0.0
2023-07-21,-0.00018541256768935286,0.0,8.18367626642988e-19,-0.00018541256768935368,0.545545319700736,0.5455453197006763,0.0
2023-07-24,-0.0004484937861654456,0.0,2.4558514976773146e-18,-0.00044849378616544807,0.5454610424655048,0.5454610424654449,0.0
2023-07-25,0.002135993999925735,0.0,8.215269841647286e-19,0.0021359939999257343,0.5452570930974563,0.5452570930973963,0.0
2023-07-26,0.0008146767381425037,0.0,8.345105896002333e-19,0.0008146767381425028,0.5462263508892822,0.5462263508892213,0.0
2023-07-27,-0.0039034792297210933,0.0,8.310038264284801e-19,-0.003903479229721094,0.5465957288020016,0.546595728801941,0.0
2023-07-28,0.0045210262876160465,0.0,8.288768453688524e-19,0.004521026287616046,0.544818938984565,0.5448189389845045,0.0
2023-07-31,0.000275528092653178,5.145524618628254e-05,1.7871481181930755e-16,0.00022407284646671678,0.3967571274327154,0.39675712742836666,0.25000000000163003
2023-08-01,-0.001716147998290854,0.0,5.969348664329948e-17,-0.0017161479982909136,0.3969437112181188,0.39694371121376115,0.0
2023-08-02,-0.005411174974935897,0.0,5.962836231126703e-17,-0.005411174974935957,0.39590699822232434,0.3959069982179715,0.0
2023-08-03,-0.0006632280302132743,0.0,5.934613270851196e-17,-0.0006632280302133337,0.3926203607179114,0.3926203607135792,0.0
2023-08-04,-0.0006314602969407175,0.0,5.91320036527109e-17,-0.0006314602969407766,0.3922172621698843,0.3922172621655676,0.0
2023-08-07,0.0024663601084360764,0.0,1.7842208332183168e-16,0.002466360108435898,0.3918332290001015,0.39183322899575984,0.0
2023-08-08,-0.0018376062547016733,0.0,5.946334975150583e-17,-0.0018376062547017327,0.3933294969278535,0.3933294969235127,0.0
2023-08-09,-0.0017514181406667942,0.0,5.947759212484659e-17,-0.0017514181406668536,0.39221262304242055,0.39221262303807874,0.0
2023-08-10,0.0006879416574864773,0.0,5.959976746511453e-17,0.0006879416574864177,0.3911462655669231,0.39114626556257237,0.0
2023-08-11,-0.0013493346399763712,0.0,5.945346199426317e-17,-0.0013493346399764306,0.3915648334638554,0.3915648334595153,0.0
2023-08-14,0.000996485924208954,4.3353865169856834e-05,9.584197464704121e-17,0.0009531320590390013,0.5999999999945761,0.599999999992244,0.2116971699391298
2023-08-15,-0.00528074539612746,0.0,3.185927639192929e-17,-0.005280745396127492,0.6004242023624863,0.6004242023601605,0.0
2023-08-16,-0.0028444579781724552,0.0,3.1688529043091165e-17,-0.002844457978172487,0.5983029424753,0.5983029424729869,0.0
2023-08-17,-0.003709275677909422,0.0,3.1604883193571956e-17,-0.0037092756779094536,0.5971570726967694,0.5971570726944622,0.0
2023-08-18,0.0004242851507076313,0.0,3.174682867815864e-17,0.00042428515070759955,0.5956572539834328,0.5956572539811152,0.0
2023-08-21,0.003173481543411623,0.0,9.530972012955839e-17,0.0031734815434115277,0.5958287378483093,0.5958287378459899,0.0
2023-08-22,-0.0010188614092890042,0.0,3.166453737759266e-17,-0.0010188614092890359,0.5971073103628479,0.5971073103605364,0.0
2023-08-23,0.006373873736318231,0.0,3.163411844616954e-17,0.0063738737363181995,0.5966963998884625,0.5966963998861532,0.0
2023-08-24,-0.007050410957935369,0.0,3.1548809763876306e-17,-0.0070504109579354,0.5992507251661827,0.5992507251638797,0.0
2023-08-25,0.0029603492554395486,0.0,3.1649028867789816e-17,0.002960349255439517,0.596405216079052,0.5964052160767416,0.0
2023-08-28,0.0035434809656639506,1.1813687757521997e-06,0.0,0.003542299596888198,0.600000000029512,0.600000000029512,0.005895691756211285
2023-08-29,0.006384321945323999,0.0,0.0,0.006384321945323999,0.6014130956289663,0.6014130956289663,0.0
2023-08-30,0.001303672814253295,0.0,0.0,0.001303672814253295,0.6039416595833171,0.6039416595833171,0.0
2023-08-31,-0.0009505411854818258,0.0,0.0,-0.0009505411854818258,0.6044573178249456,0.6044573178249456,0.0
2023-09-01,0.0011957571109195676,0.0,0.0,0.0011957571109195676,0.6040809804907865,0.6040809804907865,0.0
2023-09-05,-0.0025573326935477204,0.0,0.0,-0.0025573326935477204,0.604553838050923,0.604553838050923,0.0
2023-09-06,-0.002670954380854287,0.0,0.0,-0.002670954380854287,0.6035399578233794,0.6035399578233794,0.0
2023-09-07,-0.0008236643009630679,0.0,0.0,-0.0008236643009630679,0.6024781952174102,0.6024781952174102,0.0
2023-09-08,0.0007508378295578421,0.0,0.0,0.0007508378295578421,0.602150500787753,0.602150500787753,0.0
2023-09-11,0.0039001833076592815,0.0,0.0,0.0039001833076592815,0.6024489971198942,0.6024489971198942,0.0
2023-09-12,-0.0033311754746638634,1.7180465464952629e-06,0.0,-0.0033328935212103587,0.6000000001742223,0.6000000001742223,0.008570489405799006
2023-09-13,-0.0003348906220262419,0.0,0.0,-0.0003348906220262419,0.598664108427919,0.598664108427919,0.0
2023-09-14,0.004285294568204869,0.0,0.0,0.004285294568204869,0.5985296597759563,0.5985296597759563,0.0
2023-09-15,-0.004057099408276924,0.0,0.0,-0.004057099408276924,0.6002427374019681,0.6002427374019681,0.0
2023-09-18,7.352565550942578e-05,0.0,0.0,7.352565550942578e-05,0.5986142756170834,0.5986142756170834,0.0
2023-09-19,-0.001120413335078823,0.0,0.0,-0.001120413335078823,0.5986437855958403,0.5986437855958403,0.0
2023-09-20,-0.003277165325636237,0.0,0.0,-0.003277165325636237,0.5981935963430631,0.5981935963430631,0.0
2023-09-21,-0.007614014123724208,0.0,0.0,-0.007614014123724208,0.5968724808153815,0.5968724808153815,0.0
2023-09-22,-0.00037448733004044794,0.0,0.0,-0.00037448733004044794,0.59377951228457,0.59377951228457,0.0
2023-09-25,0.0012947498188059727,0.0,0.0,0.0012947498188059727,0.5936273308687056,0.5936273308687056,0.0
2023-09-26,-0.005636868237672242,4.0729700536589006e-05,2.7076518467912203e-08,-0.0056776250147273,0.6019765857554243,0.5999999999072668,0.20202839804090283
2023-09-27,0.0015149445748328136,0.0,2.71629313475814e-08,0.001514917411901466,0.5997398655926762,0.5977569716043027,0.0
2023-09-28,0.0015665815081161243,0.0,2.7077338404816726e-08,0.0015665544307777194,0.6003420876559933,0.5983654419524417,0.0
2023-09-29,-0.0008901077863302128,0.0,2.7173554798337383e-08,-0.0008901349598850111,0.6009773367773557,0.5989936672770771,0.0
2023-10-02,-0.000766943359249151,0.0,8.142842970187293e-08,-0.0007670247876788529,0.6006178518251609,0.5986364267024152,0.0
2023-10-03,-0.005368920589666188,0.0,2.699864153068297e-08,-0.005368947588307719,0.6002993169012039,0.5983284160694641,0.0
2023-10-04,0.002731867155592672,0.0,2.69518413275035e-08,0.0027318402037513445,0.5981277330257188,0.5961602486088112,0.0
2023-10-05,-8.247932414989381e-05,0.0,2.699678170572822e-08,-8.250632093159953e-05,0.5992312605951191,0.5972604955306009,0.0
2023-10-06,0.005309202489151065,0.0,2.695955006862617e-08,0.005309175529600996,0.5991953383880203,0.5972272912330105,0.0
2023-10-09,0.0023453917697874808,0.0,8.01610892586315e-08,0.002345311608698222,0.6013050024288753,0.5993544159235817,0.0
2023-10-10,0.0027698306191550988,4.521165724817563e-07,0.0,0.002769378502582617,0.6000000000360431,0.6000000000360431,0.002257204402761629
2023-10-11,0.001958217712637635,0.0,0.0,0.001958217712637635,0.6011051429943977,0.6011051429943977,0.0
2023-10-12,-0.0031556073740846274,0.0,0.0,-0.0031556073740846274,0.6018847393494748,0.6018847393494748,0.0
2023-10-13,-0.0024273162161501153,0.0,0.0,-0.0024273162161501153,0.600624466972424,0.600624466972424,0.0
2023-10-16,0.003905228685419006,0.0,0.0,0.003905228685419006,0.5996526974729081,0.5996526974729081,0.0
2023-10-17,-0.00045962883952489146,0.0,0.0,-0.00045962883952489146,0.6012100633728806,0.6012100633728806,0.0
2023-10-18,-0.006787146024709023,0.0,0.0,-0.006787146024709023,0.6010266837305224,0.6010266837305224,0.0
2023-10-19,-0.0027908136194253414,0.0,0.0,-0.0027908136194253414,0.5983002891347968,0.5983002891347968,0.0
2023-10-20,-0.004303025481876872,0.0,0.0,-0.004303025481876872,0.5971760826600542,0.5971760826600542,0.0
2023-10-23,-0.0007357892631855228,0.0,0.0,-0.0007357892631855228,0.5954352301463041,0.5954352301463041,0.0
2023-10-24,0.0015835604420292933,5.039459815612067e-05,3.7869251113926576e-18,0.001533165843873169,0.3553434552160665,0.35534345521579,0.25000000000969297
2023-10-25,-0.003796725699845848,0.0,3.813228789816864e-18,-0.0037967256998458518,0.35638062505634366,0.35638062505606527,0.0
2023-10-26,-0.0032962244635392863,0.0,3.840763277809123e-18,-0.0032962244635392902,0.35392766562044636,0.35392766562016603,0.0
2023-10-27,0.0003603196879285374,0.0,3.828508493354993e-18,0.00036031968792853353,0.35179102333407253,0.3517910233337931,0.0
2023-10-30,0.002569580344207407,0.0,1.1324905674001085e-17,0.002569580344207396,0.3520245016634147,0.3520245016631391,0.0
2023-10-31,0.000695412277754291,0.0,3.824107640393343e-18,0.0006954122777542872,0.3536852593172489,0.35368525931696976,0.0
2023-11-01,0.002357036205472834,0.0,3.835013886846541e-18,0.00235703620547283,0.3541344021837504,0.3541344021834705,0.0
2023-11-02,0.0038380449897035263,0.0,3.822049285308097e-18,0.0038380449897035224,0.3556531510356415,0.3556531510353625,0.0
2023-11-03,0.0022303671472965387,0.0,3.856860796923863e-18,0.002230367147296535,0.3581167279120568,0.35811672791177523,0.0
2023-11-06,0.0005684752264438506,0.0,1.1558282113634696e-17,0.000568475226443839,0.3595451773079172,0.3595451773076359,0.0
2023-11-07,0.0017398072221009523,5.0724119101972016e-05,1.0155391979947629e-07,0.0016889815490791808,0.607413436146646,0.6000000000012843,0.25000000000675054
2023-11-08,0.0003976344585187901,0.0,1.016329790206772e-07,0.00039753282553976944,0.6081444009240811,0.6007251934555717,0.0
2023-11-09,-0.0018696715048077957,0.0,1.0119523082464322e-07,-0.0018697727000386204,0.6082712086671146,0.6008839568169156,0.0
2023-11-10,0.004864841946806929,0.0,1.009719449219599e-07,0.0048647409748620064,0.6075073559558655,0.6001364039765625,0.0
2023-11-13,-0.0006922376568710282,0.0,3.035623601822503e-07,-0.0006925412192312105,0.6094590041360173,0.6020723200382492,0.0
2023-11-14,0.004491529595065791,0.0,1.015806188418121e-07,0.004491428014446949,0.6092122366821023,0.6017968515066501,0.0
2023-11-15,0.00016109807928904309,0.0,1.021642713728442e-07,0.00016099591501767023,0.6110354482153466,0.603577456405129,0.0
2023-11-16,0.0006505048271810566,0.0,1.0296629445992549e-07,0.0006504018608865967,0.611157910185176,0.6036413706896014,0.0
2023-11-17,-0.0002811890977360387,0.0,1.0162866541155676e-07,-0.0002812907264014503,0.6113179909944265,0.6038990984193828,0.0
2023-11-20,0.0018204492006592436,0.0,3.045772861044753e-07,0.001820144623373139,0.6111991298447583,0.6037877492162161,0.0
2023-11-21,-0.0004048327634349081,2.261721284933869e-05,1.0126838680454897e-07,-0.00042755124467105135,0.5076280014058109,0.5002354091690789,0.1128541936887441
2023-11-22,0.0011293683232023,0.0,1.0161809031005869e-07,0.00112926670511199,0.5074624915914896,0.5000443709988553,0.0
2023-11-24,-0.0007140196950297766,0.0,2.044642249184261e-07,-0.000714224159254695,0.5080713631118151,0.5006084189022926,0.0
2023-11-27,-0.0003700078138963188,0.0,3.080531232593719e-07,-0.0003703158670195782,0.5077476503833639,0.5002516910507192,0.0
2023-11-28,0.0010036881751534356,0.0,1.0243063672712466e-07,0.0010035857445167085,0.5075443024129282,0.5000668659318482,0.0
2023-11-29,0.0005568829965081681,0.0,1.0279430323401227e-07,0.000556780202204934,0.5080721751424321,0.5005681910063491,0.0
2023-11-30,0.0012829092858211064,0.0,1.019068068437851e-07,0.0012828073790142626,0.5082854096468468,0.5008462127472504,0.0
2023-12-01,0.0011234852452177131,0.0,1.0279462483534996e-07,0.0011233824505928777,0.5089898199455208,0.5014858123325404,0.0
2023-12-04,0.00029342922079846203,0.0,3.093020347954961e-07,0.00029311991876366654,0.5095716582019318,0.5020453086885748,0.0
2023-12-05,0.0017708802763754914,0.0,1.0320119445395213e-07,0.0017707770751810375,0.5097252227624025,0.5021915355672639,0.0
2023-12-06,-0.00021878141954383276,2.1344294952431983e-05,1.0220671044929018e-07,-0.00024022792120671405,0.6074610898344859,0.5999999999716877,0.10633166488107658
2023-12-07,0.0014148127226435276,0.0,1.0197018830562967e-07,0.001414710752455222,0.6073691611151302,0.5999253373688193,0.0
2023-12-08,0.00017283376243583566,0.0,1.0226064198748733e-07,0.00017273150179384817,0.607955656406189,0.6004906295411024,0.0
2023-12-11,0.0015059065910484589,0.0,3.046001389924242e-07,0.0015056019909094665,0.6079716644353346,0.6005597277198522,0.0
2023-12-12,0.000407111455697737,0.0,1.023495627731518e-07,0.0004070091061349639,0.6086320439088007,0.6011605258263604,0.0
2023-12-13,0.0036768331128073633,0.0,1.0264037705357993e-07,0.0036767304724303097,0.6088156409136328,0.6013228933887215,0.0
2023-12-14,0.0005229286099286231,0.0,1.04122178461215e-07,0.0005228244877501618,0.6103843732348373,0.6027834542071686,0.0
2023-12-15,0.000754169543920735,0.0,1.0254197987295346e-07,0.000754067001940862,0.6104766888221472,0.6029911242914217,0.0
2023-12-18,0.0010082575320586895,0.0,3.0739414383690137e-07,0.0010079501379148526,0.6107702966395698,0.603290372472872,0.0
2023-12-19,0.0009790999108817886,0.0,1.0342710958287242e-07,0.0009789964837722057,0.6112403194441614,0.6036901404446117,0.0
2023-12-20,-0.0036674773839062745,2.6596062721183383e-06,5.912440657468964e-08,-0.0036701961145849675,0.6043160817281504,0.6000000000481981,0.013271073246942402
2023-12-21,0.002710665070036052,0.0,5.9042471406437604e-08,0.002710606027564646,0.6028393427767519,0.5985292423640819,0.0
2023-12-22,0.0004550925850511813,0.0,5.990773451647e-08,0.00045503267731666485,0.6039878531359724,0.59961458851627,0.0
2023-12-26,0.0009363667346025086,0.0,2.4028078661549344e-07,0.0009361264538158931,0.6041818783342453,0.5997967539785125,0.0
2023-12-27,0.0008634100114707523,0.0,5.999506077247701e-08,0.0008633500164099799,0.6045509239332677,0.6001712844968768,0.0
2023-12-28,0.00036499488446107696,0.0,6.02746992552195e-08,0.00036493460976182174,0.604916291849353,0.600516238803722,0.0
2023-12-29,-0.0010455434720362962,0.0,6.061237070526313e-08,-0.0010456040844070015,0.6050867343856673,0.600662031324183,0.0
2024-01-02,-0.0017258580320058522,0.0,2.4308224226974607e-07,-0.0017261011142481219,0.604680356461964,0.6002441055405412,0.0
2024-01-03,-0.0011410413790845782,0.0,6.032515771712855e-08,-0.0011411017042422954,0.6039568733594467,0.5995531368460965,0.0
2024-01-04,-8.860171230399557e-05,0.0,6.006150032230568e-08,-8.866177380431787e-05,0.6034802141429075,0.5990957246193792,0.0
2024-01-05,0.00032508470531088327,7.218810886283802e-07,5.992429030597888e-08,0.0003243028999319489,0.6043744731981945,0.6000000000058581,0.0036038236662092604
2024-01-08,0.0026251675868822406,0.0,1.810540223678223e-07,0.0026249865328598727,0.6045361085400556,0.6001304606624387,0.0
2024-01-09,0.0002449277042282103,0.0,6.107449919613914e-08,0.00024486662972901416,0.6056359837303975,0.6011775452890793,0.0
2024-01-10,0.001326626712942226,0.0,6.069011385276851e-08,0.001326566022828373,0.6057056190628173,0.6012752407515652,0.0
2024-01-11,0.0009856065747768001,0.0,6.169760284346973e-08,0.0009855448771739566,0.606307460349678,0.6018035353421046,0.0
2024-01-12,0.00205366788259182,0.0,6.218499512327367e-08,0.0020536056975966966,0.6067351557219041,0.6021956510779052,0.0
2024-01-16,-0.0010366927714680698,0.0,2.50606874816633e-07,-0.0010369433783428866,0.6075845476576932,0.6030109721922896,0.0
2024-01-17,-0.0022534432597780254,0.0,6.225414586175746e-08,-0.0022535055139238872,0.60714369325738,0.6025991406094716,0.0
2024-01-18,0.0024473373900986708,0.0,6.161884333758955e-08,0.002447275771255333,0.6061998108662291,0.601701635302585,0.0
2024-01-19,0.0031508982272171783,0.0,6.204421018209208e-08,0.003150836183006996,0.6072032904034853,0.6026740630601926,0.0
2024-01-22,0.0005267671739445966,5.0749387275079056e-05,1.8602786834612633e-07,0.0004758317588011714,0.6045266781187778,0.5999999999890221,0.2500000000014539
2024-01-23,-0.0006943881448866125,0.0,6.271340094030301e-08,-0.0006944508582875528,0.604819231627901,0.6002411533592589,0.0
2024-01-24,0.001060317165072125,0.0,6.220168638914605e-08,0.001060254963385736,0.6045041334260175,0.5999634103196099,0.0
2024-01-25,0.0015645114202225033,0.0,6.221102189785443e-08,0.0015644492092006055,0.6049285686126262,0.6003871640140829,0.0
2024-01-26,-0.0009100535032257287,0.0,6.187917399383904e-08,-0.0009101153823997225,0.6055286032895029,0.6010114235879527,0.0
2024-01-29,0.0027522683588098932,0.0,1.8431273045451353e-07,0.0027520840460794386,0.6051329722031412,0.6006480290954148,0.0
2024-01-30,-0.0013268386391323617,0.0,6.19998015383044e-08,-0.0013269006389339,0.6062702322253218,0.6017442467130256,0.0
2024-01-31,-0.001867062545762196,0.0,6.18570075317974e-08,-0.0018671244027697277,0.6057307224047896,0.6012151608549685,0.0
2024-02-01,0.0030270069756868304,0.0,6.223590651461417e-08,0.0030269447397803157,0.6050124702728755,0.6004692490973086,0.0
2024-02-02,0.000863769385237521,0.0,6.271345938925142e-08,0.0008637066717781318,0.6062531015744733,0.6016750190390581,0.0
2024-02-05,-0.0016105222037430809,3.0309184763182155e-05,1.8682635955348517e-07,-0.0016410182148658165,0.6045461081586647,0.6000000000761966,0.14996411694811018
2024-02-06,0.0009747865795241943,0.0,6.20776944567063e-08,0.0009747245018297377,0.6039047316767223,0.5993730599813827,0.0
2024-02-07,0.0019336091978281143,0.0,6.200787397197954e-08,0.0019335471899541423,0.6042898174329703,0.5997632426330157,0.0
2024-02-08,0.00014163381116812874,0.0,6.224356571461854e-08,0.00014157156760241413,0.6050794680365154,0.6005356877393482,0.0
2024-02-09,0.0019002856303192417,0.0,6.207580129539783e-08,0.0019002235545179462,0.6051238282524216,0.6005922947578576,0.0
2024-02-12,-0.000555148967193014,0.0,1.8654612957351796e-07,-0.0005553355133225876,0.6058891703324086,0.6013498811794532,0.0
2024-02-13,-0.004533352201095356,0.0,6.253407896118211e-08,-0.004533414735174317,0.6056935480140055,0.6011285602498392,0.0
2024-02-14,0.0027754001754556564,0.0,6.260311930659278e-08,0.00277533757233635,0.6038821662378993,0.5993121385285181,0.0
2024-02-15,0.0017484637460731854,0.0,6.267306414686041e-08,0.0017484010730090386,0.6049963009619185,0.6004211672791977,0.0
2024-02-16,-0.0019518567931241552,0.0,6.316130323985104e-08,-0.001951919954427395,0.6057294096961101,0.6011186345596009,0.0
2024-02-20,-0.0011120623018524766,3.047286806033342e-06,8.045153043500432e-07,-0.00111591410396286,0.6146824046627144,0.6000000003583261,0.015178306133850225
2024-02-21,-0.0006508167825934193,0.0,2.0092798777111316e-07,-0.0006510177105811905,0.6142247352674459,0.5995569921601547,0.0
2024-02-22,0.00544505732989709,0.0,2.0217071780513454e-07,0.005444855159179285,0.614054790300686,0.5992963279009111,0.0
2024-02-23,0.00013945781008133594,0.0,2.0309936042850652e-07,0.00013925471072090742,0.6162927406355083,0.6014664873242274,0.0
2024-02-26,-0.0009632832771711684,0.0,6.128126033947709e-07,-0.0009638960897745632,0.6164339536863664,0.6015221803370937,0.0
2024-02-27,0.0005335538841847616,0.0,2.0324348478793757e-07,0.0005333506406999737,0.6159751063370198,0.6011383319475003,0.0
2024-02-28,-0.0005248171449863418,0.0,2.0388823110417213e-07,-0.000525021033217446,0.6162349956785871,0.6013511548079825,0.0
2024-02-29,0.0016498599328805558,0.0,2.04631172605345e-07,0.0016496553017079506,0.6160800254307969,0.6011419498306068,0.0
2024-03-01,0.0033341275153548496,0.0,2.0584576779331836e-07,0.0033339216695870565,0.6168257898210296,0.6017990487721174,0.0
2024-03-04,-0.0008641532250532258,0.0,6.182969749878924e-07,-0.0008647715220282137,0.618167639795383,0.603122413404011,0.0
2024-03-05,-0.0021426545829751646,2.1346701085924716e-05,1.3698630136799902e-06,-0.002165371147074769,0.7000000000533262,0.600000000054687,0.10613130291020141
2024-03-06,0.0012960350278200822,0.0,1.3596881500741538e-06,0.0012946753396700082,0.6984119728091065,0.5991547378536933,0.0
2024-03-07,0.0025977393401374277,0.0,1.3680615387804535e-06,0.0025963712785986473,0.6995428815689083,0.5996743892379353,0.0
2024-03-08,-0.001978876960926156,0.0,1.3758871909663155e-06,-0.001980252848117122,0.7011522209511314,0.6007124560105904,0.0
2024-03-11,-0.00011707753253088105,0.0,4.133252726513953e-06,-0.000121210785257395,0.700497391803285,0.5999215754581121,0.0
2024-03-12,0.002855716289536891,0.0,1.3669921423761384e-06,0.0028543492973945148,0.6996676359066624,0.5998772095132043,0.0
2024-03-13,-0.0009511469213333203,0.0,1.3612412171522744e-06,-0.0009525081625504726,0.7003880210266948,0.6010174121745788,0.0
2024-03-14,-0.000708190623906351,0.0,1.367858850364095e-06,-0.0007095584827567151,0.7004920742878118,0.6006383782112328,0.0
2024-03-15,-0.0022717722105843434,0.0,1.3443424793115358e-06,-0.002273116553063655,0.698493176394002,0.6003561754042599,0.0
2024-03-18,0.0023585738127449574,0.0,4.04981972381849e-06,0.0023545239930211387,0.6979926294083056,0.5994470161287224,0.0
2024-03-19,0.0019323211899265678,5.0286882336363e-05,1.8520780297798192e-06,0.0018801822295604251,0.7352016964214277,0.6000000002475008,0.2500000001697188
2024-03-20,0.001294693846727402,0.0,1.8538237222305863e-06,0.0012928400230051713,0.7361318345948484,0.6008027028720156,0.0
2024-03-21,0.0006465296430078182,0.0,1.8842904004309788e-06,0.0006446453526073872,0.7388731854054458,0.6013199861739842,0.0
2024-03-22,-0.0004814205345577395,0.0,1.8986292329891268e-06,-0.00048331916379072866,0.7401786449049912,0.6015787108967849,0.0
2024-03-25,-0.0014788313621641777,0.0,5.628405526883313e-06,-0.001484459767691061,0.7383458205054598,0.6013879526846325,0.0
2024-03-26,0.00033774485579577795,0.0,1.8836656243774566e-06,0.0003358611901714005,0.7383085767944477,0.6008009862148935,0.0
2024-03-27,0.002563179244983618,0.0,1.8820774239270779e-06,0.002561297167559691,0.7383285516350188,0.6009368996883422,0.0
2024-03-28,-0.00020631440536296547,0.0,1.9111313943357596e-06,-0.00020822553675730124,0.7414708766697755,0.601958284883265,0.0
2024-04-01,-0.0019013813618064049,0.0,7.689201668473098e-06,-0.001909070563474878,0.7422052271507038,0.6018772967010697,0.0
2024-04-02,-0.0018741414555262107,0.0,1.9175504109240206e-06,-0.0018760590059371347,0.7411046825203962,0.6011235025229427,0.0
2024-04-03,-0.0006776345508267312,5.059666623752783e-05,5.21915734399895e-06,-0.0007334503744082579,0.9809984861461581,0.6000000000342348,0.2500000000227043
2024-04-04,-0.0038119214366117635,0.0,5.255461613565222e-06,-0.0038171768982253286,0.983410959128804,0.5997622613385428,0.0
2024-04-05,0.002054422114683274,0.0,5.25895431920367e-06,0.0020491631603640702,0.9821375698439522,0.5982339045420844,0.0
2024-04-08,0.0006036562380886087,0.0,1.58645307568415e-05,0.0005877917073317672,0.9850976685131619,0.5990607534300189,0.0
2024-04-09,-0.00015323546659490612,0.0,5.277369920246566e-06,-0.0001585128365151527,0.9845601431407213,0.5993121389627217,0.0
2024-04-10,-0.0049597634783725315,0.0,5.289247949748212e-06,-0.004965052726322279,0.9853689932621075,0.599253892930488,0.0
2024-04-11,-0.0007511734670553461,0.0,5.275990056518002e-06,-0.0007564494571118641,0.9824068287579781,0.597259554632164,0.0
2024-04-12,-0.0020399036284596732,0.0,5.2970648713598965e-06,-0.0020452006933310333,0.9836456868053809,0.5969599511961085,0.0
2024-04-15,-0.0019218306824846194,0.0,1.5697470161916055e-05,-0.0019375281526465354,0.9781110459600635,0.5961392720201061,0.0
2024-04-16,-0.0004916530816757877,0.0,5.203969820900929e-06,-0.0004968570514966886,0.975260786316603,0.5953709893908352,0.0
2024-04-17,0.00012584470342532077,5.0373720569675176e-05,3.880929183435757e-06,7.159005367220984e-05,0.8833078304395519,0.6000000000487415,0.25000000003409895
2024-04-18,-3.776582243162485e-05,0.0,3.864296097216421e-06,-4.1630118528841276e-05,0.8821764998830357,0.6000828847862372,0.0
2024-04-19,-0.000664028419642468,0.0,3.860069346231704e-06,-0.0006678884889886997,0.8818551622281066,0.6000700999531922,0.0
2024-04-22,0.004499861444331964,0.0,1.1696425522829103e-05,0.004488165018809135,0.8844196965632481,0.5998066755077399,0.0
2024-04-23,0.0036729089818327842,0.0,3.870483485381606e-06,0.0036690384983474027,0.884151722459569,0.6016064280267117,0.0
2024-04-24,-0.0012836371222425158,0.0,3.868690762321524e-06,-0.0012875058130048373,0.8854810878573053,0.6030666622078341,0.0
2024-04-25,-0.002098057456339658,0.0,3.873584062903546e-06,-0.0021019310404025615,0.8853304596649343,0.6025588230729755,0.0
2024-04-26,0.002420935909391475,0.0,3.9010646418185165e-06,0.0024170348447496563,0.8865032700833223,0.6017255512305706,0.0
2024-04-29,0.0010585569524949629,0.0,1.1609680708801465e-05,0.0010469472717861614,0.8851919955582733,0.6026897649774378,0.0
2024-04-30,-0.0018097122752606953,0.0,3.88209747394702e-06,-0.0018135943727346424,0.8865100059451482,0.6031168903470157,0.0
2024-05-01,0.001865194366137975,5.1660544128091986e-05,4.74249855477854e-06,0.0018087913234551044,0.9462023947657637,0.6000000002669303,0.2500000002165871
2024-05-02,0.0034437902649007207,0.0,4.695546067624728e-06,0.003439094718833096,0.9435533746104396,0.6007785116738343,0.0
2024-05-03,0.0017939829690023078,0.0,4.686842603758285e-06,0.0017892961263985495,0.9442909561549364,0.6021514460805817,0.0
2024-05-06,0.001617826260953698,0.0,1.4089068242135226e-05,0.001603737192711563,0.9457007158512049,0.6028667219592476,0.0
2024-05-07,0.0005849351844450553,0.0,4.72040790750316e-06,0.0005802147765375522,0.9481064433440921,0.6035166660963615,0.0
2024-05-08,0.0006634533665297914,0.0,4.712085277388347e-06,0.000658741281252403,0.9477335211069456,0.6037512958575962,0.0
2024-05-09,0.00017922339092749632,0.0,4.696102918837789e-06,0.00017452728800865854,0.9468323714600941,0.6040168583849355,0.0
2024-05-10,0.00016042860777217154,0.0,4.742070282471926e-06,0.00015568653748969963,0.9502617820932006,0.60409065147275,0.0
2024-05-13,-0.0008453116646394597,0.0,1.4196665208823962e-05,-0.0008595083298482837,0.9496092077138777,0.6041570209658279,0.0
2024-05-14,0.0016513955080042185,0.0,4.751842643783632e-06,0.0016466436653604349,0.9507152198197265,0.6038307068235215,0.0
2024-05-15,0.0028180184850452087,5.033971723515723e-05,3.4005489988437854e-06,0.0027642782188112077,0.8482400769304449,0.6000000000148484,0.250000000011416
2024-05-16,-0.0006722315847025656,0.0,3.4187251180867703e-06,-0.0006756503098206524,0.8507231889774419,0.6011562553571078,0.0
2024-05-17,-0.00022620987670977834,0.0,3.4103139900913245e-06,-0.00022962019069986967,0.8498429365740756,0.600890015297409,0.0
2024-05-20,-0.0008081038705508781,0.0,1.0363155391448946e-05,-0.0008184670259423271,0.8529718761610365,0.6008017616357788,0.0
2024-05-21,0.00028417524235158494,0.0,3.45310674794477e-06,0.00028072213560364015,0.8525619276478013,0.6004851350478331,0.0
2024-05-22,0.0013158733681399326,0.0,3.4577955383755844e-06,0.001312415572601557,0.8530197826781017,0.6006007083766841,0.0
2024-05-23,-0.0019796456506151307,0.0,3.3790244277171273e-06,-0.001983024675042848,0.847796435675974,0.6011276524526237,0.0
2024-05-24,0.0021461787905323404,0.0,3.3559566432458705e-06,0.0021428228338890945,0.84532332780365,0.6003384928467017,0.0
2024-05-28,-0.0041250571144473055,0.0,1.343379634285641e-05,-0.004138490910790162,0.8463631974902924,0.601196414233163,0.0
2024-05-29,-0.0030364162967103123,0.0,3.388242771565323e-06,-0.0030398045394818777,0.8468943224290585,0.59955260010479,0.0
2024-05-30,0.0007852194288702818,5.1397180509638516e-05,1.822268920811373e-06,0.000731999979439832,0.7330256311521727,0.5999999999329424,0.2500000000422477
2024-05-31,0.0031704263978262776,0.0,1.8352345587977318e-06,0.00316859116326748,0.7343178890654785,0.600345766273244,0.0
2024-06-03,0.0028810502562326597,0.0,5.556841910156028e-06,0.0028754934143225036,0.7368264232222397,0.6016099367417764,0.0
2024-06-04,-0.005961254060497735,0.0,1.8270698929334876e-06,-0.005963081130390669,0.7361338632098923,0.6027577610257476,0.0
2024-06-05,0.0050837406884209875,0.0,1.8158157468262285e-06,0.005081924872674161,0.7329311508661903,0.6003766013478756,0.0
2024-06-06,0.00013615455118169855,0.0,1.8274040018526118e-06,0.00013432714717984592,0.7357994877325373,0.6023989955972967,0.0
2024-06-07,0.00124746956100777,0.0,1.819586541856528e-06,0.0012456499744659135,0.7352840417467629,0.6024542241912364,0.0
2024-06-10,0.000154882373094043,0.0,5.398376815837281e-06,0.00014948399627820572,0.7343111308361834,0.6029506283174763,0.0
2024-06-11,-0.0013662304897920647,0.0,1.8071995060321423e-06,-0.0013680376892980968,0.7349409334836602,0.6030153695433138,0.0
2024-06-12,0.0026059480042122016,0.0,1.804134849881858e-06,0.0026041438693623197,0.7341751893380608,0.6024733452966852,0.0
2024-06-13,-0.0010597862122818846,5.141072004902922e-05,1.8126503628925112e-06,-0.0011130095826938065,0.732323476492067,0.6000000000009138,0.250000000000886
2024-06-14,-0.0015039601196794763,0.0,1.7986270968955648e-06,-0.001505758746776372,0.7309073608474914,0.5996075827741152,0.0
2024-06-17,0.0021854347953454093,0.0,5.329274919478118e-06,0.0021801055204259314,0.7286846035873462,0.5990055805467119,0.0
2024-06-18,0.0019268274533053617,0.0,1.7849331268852254e-06,0.0019250425201784765,0.7301833249142466,0.5998832066516252,0.0
2024-06-20,0.0009087690269100813,0.0,3.57136237759943e-06,0.0009051976645324818,0.7310084768784701,0.6006537500960909,0.0
2024-06-21,-0.0012748270702140168,0.0,1.7864073567107146e-06,-0.0012766134775707275,0.7314262156397137,0.6010184785998316,0.0
2024-06-24,0.0016077930240401637,0.0,5.367432896791388e-06,0.0016024255911433723,0.7311178048569644,0.6005102710350405,0.0
2024-06-25,-0.001409390679034008,0.0,1.8032794117039809e-06,-0.001411193958445712,0.7327941553445496,0.6011547582901591,0.0
2024-06-26,-0.0015843660981997168,0.0,1.8024410803983215e-06,-0.0015861685392801151,0.732171119581397,0.6005929207123195,0.0
2024-06-27,-0.00047386134712476384,0.0,1.7972509509014386e-06,-0.0004756585980756653,0.7311595120122417,0.5999601925964368,0.0
2024-06-28,-0.0004420006930133168,4.167069043867537e-05,4.462908746349759e-06,-0.0004881342921983419,0.9257923385847008,0.6000000001011684,0.1946471488234926
2024-07-01,-0.0006271915743171349,0.0,1.342573319929698e-05,-0.0006406173075164319,0.9265436483402245,0.5998508071573313,0.0
2024-07-02,0.0019732714887485286,0.0,4.473243420550665e-06,0.001968798245327978,0.9261545043757667,0.5996077346755682,0.0
2024-07-03,0.0001641004437593379,0.0,4.478234718845697e-06,0.00015962220904049222,0.9273100762569768,0.6003989417812409,0.0
2024-07-05,-8.661501387029029e-05,0.0,9.034291772144817e-06,-9.564930564243511e-05,0.9302188440082715,0.6004671943249857,0.0
2024-07-08,-0.00011412280223156268,0.0,1.3634818009094706e-05,-0.00012775762024065738,0.9322185823445666,0.6004380107899288,0.0
2024-07-09,0.0005880137670537255,0.0,4.5402348404951495e-06,0.0005834735322132303,0.9318377370948905,0.6004005937387444,0.0
2024-07-10,0.0024437464933591267,0.0,4.514427500122879e-06,0.002439232065859004,0.9301913585511976,0.6006381510422275,0.0
2024-07-11,0.0007150356163722144,0.0,4.5280649959027805e-06,0.0007105075513763116,0.9321631650510883,0.6016144203501853,0.0
2024-07-12,0.0009674551545011448,0.0,4.5675324604813615e-06,0.0009628876220406635,0.9353316698074733,0.6019018001923339,0.0
2024-07-15,0.0016078961198881267,4.093556905189918e-05,1.6438356164362852e-05,0.0015505221946718647,1.0000000000001676,0.6000000000006716,0.20332493051047212
2024-07-16,0.0044516891594660775,0.0,5.468269818837703e-06,0.004446220889647239,0.9998602305982007,0.6006765338230484,0.0
2024-07-17,-0.0019871860437922174,0.0,5.449224307501976e-06,-0.0019926352680997195,1.0002429734381675,0.6024495989905233,0.0
2024-07-18,-0.001741012138069039,0.0,5.454385612649262e-06,-0.0017464665236816882,0.9998314542048878,0.6016613044814918,0.0
2024-07-19,-0.001411841133236029,0.0,5.41361900871726e-06,-0.0014172547522447463,0.9961640537326614,0.6009698660963013,0.0
2024-07-22,0.004156309938176946,0.0,1.6180250751747072e-05,0.0041401296874251994,0.9941283923704254,0.6004089574112468,0.0
2024-07-23,0.0005157053342701504,0.0,5.35972264373296e-06,0.0005103456116264174,0.9933323616607965,0.6020726086682904,0.0
2024-07-24,-0.00536446633979373,0.0,5.323057109464424e-06,-0.005369789396903194,0.9908641115574583,0.6022809425665555,0.0
2024-07-25,-0.0007211607712083825,0.0,5.31953767756413e-06,-0.0007264803088859466,0.9884653472475283,0.6001390967853468,0.0
2024-07-26,0.005451593995044001,0.0,5.361566381053713e-06,0.005446232428662948,0.9912480637453468,0.5998537179284256,0.0
2024-07-29,4.000414296579882e-05,5.208792748266102e-05,1.0487677033087978e-05,-2.2571461549950177e-05,0.74386746740964,0.48866732627116594,0.25000000009256884
2024-07-30,-0.0003490284120486784,0.0,3.4868422608896597e-06,-0.00035251525430956806,0.7432578465467823,0.4887183615018372,0.0
2024-07-31,0.001488912584997512,0.0,3.51262011074928e-06,0.0014853999648867628,0.7449628195237323,0.4885415514390348,0.0
2024-08-01,-0.0022785932650016293,0.0,3.5245018023590385e-06,-0.0022821177668039885,0.7465922839681544,0.48930365239594453,0.0
2024-08-02,-0.0034709727279026606,0.0,3.4997450807396624e-06,-0.0034744724729834004,0.7436204408234531,0.4881390499294577,0.0
2024-08-05,-0.005637180866979422,0.0,1.0498129164205285e-05,-0.005647678996143627,0.7418123907161059,0.48635791438711073,0.0
2024-08-06,0.0022851933557553007,0.0,3.4821589133234423e-06,0.0022817111968419772,0.7376487108734864,0.48345111020087506,0.0
2024-08-07,0.00041883662990412464,0.0,3.469129548859339e-06,0.0004153675003552653,0.7378769737471211,0.4846305166803893,0.0
2024-08-08,0.0029838103685520543,0.0,3.4716206890532884e-06,0.002980338747863001,0.7382762735246469,0.4848479632237569,0.0
2024-08-09,0.0006057217918814843,0.0,3.4906654676189423e-06,0.0006022311264138653,0.7412007690416459,0.4863821899054632,0.0
2024-08-12,-1.6386486738919855e-06,5.425787612067456e-05,6.29742293474255e-06,-6.219394772930909e-05,0.4761532426346596,0.32291595122259087,0.2658868093429363
2024-08-13,-0.00020956182512278025,0.0,2.103632242486443e-06,-0.00021166545736526669,0.47649955084044304,0.3229343971389327,0.0
2024-08-14,0.00015918948647234825,0.0,2.1127707461627657e-06,0.00015707671572618548,0.4770254239454266,0.32279315947554466,0.0
2024-08-15,0.0004748713899807773,0.0,2.115829336296521e-06,0.00047275556064448076,0.47735717018433443,0.3229016286346884,0.0
2024-08-16,-0.00022034635028025528,0.0,2.107483374889422e-06,-0.0002224538336551447,0.4770699805928197,0.32322369422589187,0.0
2024-08-19,-0.000505681456246542,0.0,6.34169277896068e-06,-0.0005120231490255027,0.4773897414842791,0.32307521719623583,0.0
2024-08-20,-0.000508695676384359,0.0,2.1184254109342714e-06,-0.0005108141017952933,0.477379838418298,0.32273478342009615,0.0
2024-08-21,-0.0001178081263826762,0.0,2.126026328811472e-06,-0.00011993415271148767,0.47759069149829597,0.3223907694950585,0.0
2024-08-22,0.0006131639007032993,0.0,2.1308334188039222e-06,0.0006110330672844953,0.4778624571121208,0.3223116175394345,0.0
2024-08-23,-0.0004880693317450048,0.0,2.117985240897612e-06,-0.0004901873169859024,0.4773405067999835,0.32272758421445785,0.0
2024-08-26,-0.0002143937501613008,5.096419312951948e-05,4.109589040696429e-06,-0.0002694675323315167,0.27198398050216555,0.17198398051188576,0.2500000001270082
2024-08-27,7.775291725234947e-05,0.0,1.3696457832181874e-06,7.638327146913129e-05,0.2718000277393506,0.1718158855644229,0.0
2024-08-28,-5.375170592383535e-05,0.0,1.3689543934307914e-06,-5.5120660317266144e-05,0.2718141804064914,0.17188050968604363,0.0
2024-08-29,0.00015547180985740747,0.0,1.368443163534473e-06,0.000154103366693873,0.27173258064458417,0.17183622970656764,0.0
2024-08-30,0.00021459488078550987,0.0,1.3664728714018281e-06,0.00021322840791410805,0.2717177207123148,0.17196520109998137,0.0
2024-09-03,-0.0006437301093258664,0.0,5.450655151912467e-06,-0.0006491807644777789,0.2716175467061161,0.1721430901837136,0.0
2024-09-04,0.00019685460587371865,0.0,1.3701970565922422e-06,0.00019548440881712642,0.27163515161419943,0.17161076648296578,0.0
2024-09-05,0.00035039573414536666,0.0,1.3775758099626516e-06,0.000349018158335404,0.27233707606907387,0.17177404194180032,0.0
2024-09-06,-0.0001863036299708306,0.0,1.3794469860874907e-06,-0.0001876830769569181,0.2727640140658853,0.17206438408149846,0.0
2024-09-09,0.00023575474353870393,0.0,4.144411714564754e-06,0.00023161033182413917,0.27275769683513507,0.17191034511405937,0.0
2024-09-10,9.567896554712357e-05,5.0275217981972786e-05,0.0,4.540374756515078e-05,0.3209158189694984,0.3209158189694984,0.250000000006111
2024-09-11,0.00015534911190847098,0.0,0.0,0.00015534911190847098,0.3209969234717629,0.3209969234717629,0.0
2024-09-12,0.00020082079455637067,0.0,0.0,0.00020082079455637067,0.3211023896126134,0.3211023896126134,0.0
2024-09-13,0.0007141380417781263,0.0,0.0,0.0007141380417781263,0.3212386989963952,0.3212386989963952,0.0
2024-09-16,0.0006279927652124323,0.0,0.0,0.0006279927652124323,0.32172308234615177,0.32172308234615177,0.0
2024-09-17,-6.412172717222592e-05,0.0,0.0,-6.412172717222592e-05,0.3221487680157283,0.3221487680157283,0.0
2024-09-18,-0.00018393129207870928,0.0,0.0,-0.00018393129207870928,0.3221053002367385,0.3221053002367385,0.0
2024-09-19,0.000641823286124296,0.0,0.0,0.000641823286124296,0.3219805912508329,0.3219805912508329,0.0
2024-09-20,7.408129093392619e-05,0.0,0.0,7.408129093392619e-05,0.3224154807735897,0.3224154807735897,0.0
2024-09-23,-0.00024305623457623735,0.0,0.0,-0.00024305623457623735,0.32246567339115695,0.32246567339115695,0.0
2024-09-24,0.0006660385868125115,5.0323692390268234e-05,1.0723849077095834e-15,0.000615714894421171,0.5705149416819759,0.5705149416036919,0.25000000008046913
2024-09-25,-0.0014788070118592698,0.0,1.0751954940032532e-15,-0.001478807011860345,0.570829512036306,0.5708295119578167,0.0
2024-09-26,8.083237040834029e-05,0.0,1.0720279357767824e-15,8.083237040726825e-05,0.5701939117789586,0.5701939117007006,0.0
2024-09-27,0.0012985960115422415,0.0,1.0807297998895377e-15,0.0012985960115411608,0.5702286512164566,0.5702286511375633,0.0
2024-09-30,-0.0003656069678859378,0.0,3.2336671589280213e-15,-0.00036560696788917146,0.5707860267700865,0.5707860266914005,0.0
2024-10-01,0.001182898327070408,0.0,1.0773855189103087e-15,0.0011828983270693305,0.5706290457573439,0.5706290456786947,0.0
2024-10-02,-0.0005528680051264273,0.0,1.0710275229550726e-15,-0.0005528680051274982,0.571136347853638,0.571136347775453,0.0
2024-10-03,-0.0018828668565268954,0.0,1.069554182007549e-15,-0.0018828668565279648,0.5708991117013762,0.5708991116232989,0.0
2024-10-04,-0.0021253862876004156,0.0,1.0649914244007232e-15,-0.0021253862876014808,0.5700896477473631,0.5700896476696187,0.0
2024-10-07,-0.001649581062526744,0.0,3.215746398882755e-15,-0.0016495810625299597,0.5691739760240029,0.569173975945753,0.0
2024-10-08,0.0012806398330605542,5.0373160929736815e-05,2.9926317697863836e-06,0.0012272740403610311,0.8184621193754978,0.6000000001810919,0.25000000016489465
2024-10-09,-0.000469623909655068,0.0,2.989680130456461e-06,-0.0004726135897855245,0.818790257956739,0.6005436084334174,0.0
2024-10-10,0.00013111701077750686,0.0,2.9987351412872522e-06,0.00012811827563621961,0.8192653870557597,0.6003577217417903,0.0
2024-10-11,-0.0010659634901797515,0.0,2.983703813166128e-06,-0.0010689471939929176,0.818222293374472,0.6004119150133447,0.0
2024-10-14,-0.0003634452739530138,0.0,9.132383698046009e-06,-0.0003725776576510598,0.8222086429230873,0.5999873062706343,0.0
2024-10-15,0.0015061298660400226,0.0,3.067279291875313e-06,0.0015030625867481474,0.8237587390244576,0.5998473507175598,0.0
2024-10-16,-0.0010049734861025217,0.0,3.0646760790909834e-06,-0.0010080381621816127,0.8241723189762689,0.6004509652026271,0.0
2024-10-17,-0.0020760695358094648,0.0,3.1160143919999704e-06,-0.0020791855502014646,0.8275199165045881,0.6000508658885902,0.0
2024-10-18,0.0010211332785516562,0.0,3.115077948399878e-06,0.0010180182006032563,0.8266213775804863,0.5992206873472952,0.0
2024-10-21,-0.002385282991066823,0.0,9.321065926289094e-06,-0.0023946040569931123,0.8264439891686703,0.5996313849623023,0.0
2024-10-22,0.0011833177042136682,3.897373269838195e-05,5.479452054307832e-06,0.0011388645194609784,1.0000000002514602,0.6000000002869884,0.1855790668072421
2024-10-23,0.0004655334074017054,0.0,5.442571162504102e-06,0.0004600908362392013,0.9978071253586532,0.6004994304958537,0.0
2024-10-24,0.0004604113474524702,0.0,5.3703119498374565e-06,0.00045504103550263273,0.9927213649245072,0.6006885925863732,0.0
2024-10-25,-0.000945155959700713,0.0,5.389021765840488e-06,-0.0009505449814665535,0.9942741697936459,0.6008755808872904,0.0
2024-10-28,-0.0018139775507541964,0.0,1.6151835355224872e-05,-0.0018301293861094213,0.9935292220003737,0.6005012283565685,0.0
2024-10-29,-0.0007543828807347862,0.0,5.451911606702252e-06,-0.0007598347923414885,0.997774482129676,0.5997849348404115,0.0
2024-10-30,-0.00025375547293664486,0.0,5.462138454353068e-06,-0.0002592176113909979,0.9982221694951308,0.5994860623273568,0.0
2024-10-31,0.0007764063727291901,0.0,5.4598582941999164e-06,0.0007709465144349902,0.9979573341733832,0.5993876786967892,0.0
2024-11-01,-0.001746041116877501,0.0,5.398212959481451e-06,-0.0017514393298369824,0.9937712931400386,0.5997017470978927,0.0
2024-11-04,0.001265818522823107,0.0,1.625869352315241e-05,0.0012495598292999546,0.9946330356564477,0.5990048265930724,0.0
2024-11-05,-0.0003301734383915322,5.02086007372675e-05,5.4794520541837474e-06,-0.00038586149118298343,1.0000000001891283,0.6000000002337147,0.2432317217691549
2024-11-06,-0.007974878933249989,0.0,5.551301801467603e-06,-0.007980430235051456,1.0051463371148026,0.5999013056076676,0.0
2024-11-07,0.0028559578179164565,0.0,5.744320040305977e-06,0.0028502134978761503,1.01602361861321,0.5966882556708737,0.0
2024-11-08,0.002851978665393622,0.0,5.768466017491234e-06,0.0028462101993761307,1.0189382604407116,0.5978402411638515,0.0
2024-11-11,-0.00210740799274794,0.0,1.7240758930384395e-05,-0.002124648751678324,1.0185125098234877,0.5989873758508011,0.0
2024-11-12,0.0011356877226656673,0.0,5.79037425400855e-06,0.0011298973484116588,1.0208481488112735,0.5981508282686494,0.0
2024-11-13,0.0014255496947506287,0.0,5.692590182565935e-06,0.0014198571045680628,1.014169231299702,0.5986101479723885,0.0
2024-11-14,0.0001635159903940627,0.0,5.6459316878332685e-06,0.00015787005870622942,1.0113379538840044,0.5991849406721758,0.0
2024-11-15,0.00024844321063504347,0.0,5.615584529956456e-06,0.000242827626105087,1.0091915231085293,0.5992538524217081,0.0
2024-11-18,0.00037915336160521617,0.0,1.6688087069372417e-05,0.00036246527453584373,1.0054335406090036,0.5993567552542747,0.0
2024-11-19,0.0013875573907601905,4.2797887461259e-05,3.2508738020418e-06,0.0013415086294968897,0.8373137876132689,0.6000000000642175,0.2044670568898107
2024-11-20,-0.0008213436024501035,0.0,3.2498712467966346e-06,-0.0008245934736969,0.8378224727075387,0.6005818716913843,0.0
2024-11-21,-0.0003414064100683737,0.0,3.267307123434924e-06,-0.00034467371719180864,0.8387689148632897,0.6002554948525404,0.0
2024-11-22,-0.00012152661221496097,0.0,3.299166372433671e-06,-0.00012482577858739463,0.840960079543339,0.600120934355681,0.0
2024-11-25,0.0037334552654122513,0.0,9.972448221591667e-06,0.0037234828171906595,0.8427372192121297,0.6000743124867325,0.0
2024-11-26,0.0005895921694351932,0.0,3.308410063635484e-06,0.0005862837593715578,0.8430817748810433,0.6015678402356528,0.0
2024-11-27,0.0014733123246393012,0.0,3.2899506334458784e-06,0.0014700223740058552,0.8419710003809153,0.6018046041393661,0.0
2024-11-29,0.0016883347809498234,0.0,6.574265256814e-06,0.0016817605156930094,0.8423530680521034,0.6023923861783924,0.0
2024-12-02,0.0008945740677667464,0.0,9.880402786260595e-06,0.0008846936649804858,0.843489641984335,0.6030665075186605,0.0
2024-12-03,0.00015056603019400147,0.0,3.275600144580948e-06,0.0001472904300494205,0.8425460438902275,0.6034272333358184,0.0
2024-12-04,0.0007245677518582139,5.086909613752629e-05,1.3698630136131703e-06,0.0006723287927070745,0.7000000000783944,0.600000000084633,0.25000000005634415
2024-12-05,0.0007371817505211629,0.0,1.3738474195065999e-06,0.0007358079031016563,0.7006118163977132,0.6003209547737314,0.0
2024-12-06,0.0009550135810145946,0.0,1.3568230862483744e-06,0.0009536567579283463,0.6996642836748859,0.6006161983787546,0.0
2024-12-09,-0.0026020092842258006,0.0,4.081109527994498e-06,-0.0026060903937537953,0.700305064607071,0.6009980660925381,0.0
2024-12-10,0.0020497108075525914,0.0,1.3570741865494096e-06,0.002048353733366042,0.6990260213916661,0.5999596057735592,0.0
2024-12-11,0.0007538162894724202,0.0,1.3484323407156298e-06,0.0007524678571317046,0.6992142701412947,0.6007787092690537,0.0
2024-12-12,8.960574781693184e-05,0.0,1.353509482861858e-06,8.825223833406998e-05,0.699886424253301,0.6010802320043854,0.0
2024-12-13,-0.002028155237201161,0.0,1.3358016395183692e-06,-0.0020294910388406794,0.6986303075350155,0.6011167878501745,0.0
2024-12-16,-4.518367980351428e-05,0.0,3.9880068453290155e-06,-4.9171686648843295e-05,0.6973484500919416,0.6003069501889355,0.0
2024-12-17,-0.0007267433851586441,0.0,1.3372151476898561e-06,-0.0007280806003063339,0.6979079896253988,0.6002912838440393,0.0
2024-12-18,-0.0037295665766217834,5.106397835514582e-05,1.3228694744042665e-06,-0.0037819534244513332,0.6965694717268704,0.600000000095359,0.2500000000675352
2024-12-19,-0.0005546007927173955,0.0,1.2691026335110393e-06,-0.0005558698953509064,0.6911785537084407,0.5985340614621348,0.0
2024-12-20,0.0011932949818909164,0.0,1.264173675774387e-06,0.001192030808215142,0.6905967226544126,0.5983120443228823,0.0
2024-12-23,0.00045384574234143277,0.0,3.823497629604021e-06,0.0004500222447118287,0.6918300036363498,0.5987915613159853,0.0
2024-12-24,0.0023536550206639836,0.0,1.2709983592126219e-06,0.002352384022304771,0.6917587348222329,0.5989758545997116,0.0
2024-12-26,-0.00020949564148872016,0.0,2.558709815013393e-06,-0.00021205435130373357,0.693311179711884,0.5999182714638952,0.0
2024-12-27,-0.001625363955073952,0.0,1.2927437410986043e-06,-0.0016266566988150505,0.6942062667508856,0.5998359736506875,0.0
2024-12-30,-0.0019593390603931298,0.0,3.827920441086155e-06,-0.001963166980834216,0.6923313425090535,0.5991852784426237,0.0
2024-12-31,0.00026131411116524206,0.0,1.2686528112548225e-06,0.00026004545835398723,0.6910123550991403,0.5984006998775382,0.0
