session,eligible_assets,gross,net,short_gross,short_gross_budget_ratio,maximum_name_cap_excess,turnover,turnover_limit,forecast_volatility,optimizer_converged,optimizer_status,risk_scaler,net_budget_ratio,maximum_factor_budget_ratio,maximum_sleeve_budget_ratio,exposure_equity,exposure_duration,exposure_credit,exposure_commodity,exposure_usd
2008-01-15,31,0.25000000000087913,0.25000000000087913,0.0,0.0,0.0,0.25000000000087913,0.25,0.012245802910272703,True,0,1.0,0.4166666666681319,0.10666666666685301,0.3333333333335458,2.950569081990166e-13,0.053333333333426505,1.483257960899209e-14,0.03333333333350132,-0.01500000000019308
2008-01-30,31,0.29860881248898286,0.29860881248372056,2.6311462257126504e-12,7.517560644893287e-12,0.0,0.25000000000378153,0.25,0.0259858830200222,True,0,1.0,0.4976813541395343,0.23402203122174725,0.24999999999856465,-3.0471125581344896e-13,0.02666666666553113,-1.312753933853507e-13,0.053333333332060924,-0.0936088124886989
2008-02-13,31,0.44833604038624836,0.448336040383847,1.2006652016471263e-12,3.4304720047060752e-12,0.0,0.24999999999723352,0.25,0.04481724643137911,True,0,1.0,0.7472267339730784,0.2640043312865007,0.33333333332959375,-4.966819000747524e-13,0.043333333332833616,-6.682208216196494e-14,0.13200216564325035,-0.0745008121159738
2008-02-28,32,0.4828940830299911,0.4828940830268541,1.5684972167077907e-12,4.481420619165116e-12,0.0,0.2499999999998216,0.25,0.046070556900519304,True,0,1.0,0.8048234717114235,0.3093960515465584,0.3333333333319754,-5.769124819378149e-13,0.01976950997597861,-7.029999035235215e-14,0.1466666666659398,-0.12375842061862337
2008-03-13,33,0.34120425526580844,0.3412042552646527,5.778838030671984e-13,1.6510965801919954e-12,0.0,0.2500000000007524,0.25,0.04886973200956603,True,0,1.0,0.5686737587744212,0.32297352962367215,0.33813057956168996,-3.72508114702784e-13,0.0,0.0,0.15563601152288709,-0.12918941184946886
2008-03-28,33,0.05000000000033802,0.04999999999966199,3.380113493525143e-13,9.65746712435755e-13,0.0,0.27827648815168826,0.27827658815168826,0.01606340551698136,True,0,1.0,0.08333333333276999,0.08,0.08333333333333334,-3.380113493525143e-13,0.0,0.0,0.04,-0.014999999999898596
2008-04-11,34,0.29768860590935275,0.2976886059092703,4.122324503994796e-14,1.1778070011413704e-13,0.0,0.25000000000018374,0.25,0.02514180129906994,True,0,1.0,0.49614767651545055,0.2787672564849257,0.41281434318207383,4.687951663073964e-15,0.13938362824246284,-1.1651804834055084e-14,0.04000000000001612,-0.015000000000019257
2008-04-25,35,0.5455110008367121,0.5455110008361462,2.829304904247672e-13,8.083728297850491e-13,0.0,0.24999999999994213,0.25,0.03838436354471391,True,0,1.0,0.909185001393577,0.32536879675419694,0.5750321197167575,-1.2242301384865154e-13,0.15235850926909134,0.0,0.07422501624569558,-0.1301475187016788
2008-05-09,35,0.6027272832110482,0.6000000000079655,0.0013636416015412624,0.0038961188615464644,0.0,0.053260664174748666,0.25,0.041678337347733956,True,0,1.0,1.0000000000132758,0.3526225843382201,0.6602943533619107,1.6736139867250496e-12,0.17631129216911004,2.0992684143024567e-13,0.0777654446396053,-0.13291975047934573
2008-05-23,35,0.7026714722072639,0.6000000000046533,0.05133573610130529,0.14667353171801512,0.0,0.0994586588744654,0.25,0.04685746260468238,True,0,1.0,1.0000000000077556,0.4566388046482092,0.6562013889783757,-0.04545454545221531,0.1750052239043681,5.271956113026177e-13,0.08064081532970145,-0.1826555218592837
2008-06-09,36,0.7027259438790634,0.5999999999973937,0.051362971940834785,0.1467513484023851,0.0,0.12477745249393579,0.25,0.041795926893796784,True,0,1.0,0.9999999999956563,0.40606716838106377,0.7071418739882106,-0.04263509525960803,0.1917894846129723,0.012405580852819615,0.03333333333386587,-0.1624268673524255
2008-06-23,36,0.49852176193584197,0.4957760716763605,0.0013728451297407374,0.003922414656402107,0.0,0.25000000000789174,0.25,0.028695691694671545,True,0,1.0,0.8262934527939342,0.4023638001251664,0.5042937364735015,-1.0449008968743909e-12,0.07662440198014486,0.0,0.033333333332549196,-0.16094552005006657
2008-07-08,36,0.6628188734474402,0.5999999999789843,0.03140943673422789,0.0897412478120797,0.0,0.16674074545901105,0.25,0.03348017136573087,True,0,1.0,0.9999999999649739,0.6043978684402447,0.7562240303568576,-7.071534250007095e-13,0.08057541246586773,0.0,0.033093196157328815,-0.24175914737609788
2008-07-22,36,0.4783862711348512,0.41571437431477476,0.03133594841003823,0.0895312811715378,0.0,0.21123089176851642,0.25,0.023137281328973854,True,0,1.0,0.6928572905246246,0.3636276130686436,0.5000000000000001,7.477298173991989e-14,0.054000000000000006,0.0,0.03136688181617743,-0.14545104522745744
2008-08-05,36,0.5321812352252944,0.4678187647610055,0.03218123523214442,0.09194638637755548,0.0,0.14711863096710368,0.25,0.0225482902897664,True,0,1.0,0.7796979412683425,0.33045308807681667,0.6666666666576129,0.0,0.08066666666579658,0.0,0.0,-0.13218123523072667
2008-08-19,36,0.4,0.4,0.0,0.0,0.0,0.13338051640234058,0.25,0.01612069983694525,True,0,1.0,0.6666666666666667,0.16133333333333336,0.6666666666666667,0.0,0.08066666666666668,0.0,0.0,0.0
2008-09-03,36,0.4000000000011138,0.4000000000005516,2.8110846983508964e-13,8.031670566716847e-13,0.0,0.0012526850329155903,0.25,0.015318942916392552,True,0,1.0,0.666666666667586,0.16133333333488625,0.6666666666680545,-1.0222126175821442e-13,0.08066666666744313,-2.8110846983508964e-13,0.0,0.0
2008-09-17,37,0.29396697443275766,0.29396697443275766,0.0,0.0,0.04396697442995229,0.10969044656780337,0.25,0.01415019325092779,True,0,1.0,0.4899449573879294,0.1539195596629537,0.4899449573864936,0.0,0.07695977983147685,0.0,0.0,8.615330671091215e-13
2008-10-01,37,0.0,0.0,0.0,0.0,0.0,0.2904452360030797,0.2904453360030797,0.0,True,0,1.0,0.0,0.0,0.0,0.0,0.0,0.0,0.0,0.0
2008-10-15,37,0.0,0.0,0.0,0.0,0.0,0.0,0.25,0.0,True,0,1.0,0.0,0.0,0.0,0.0,0.0,0.0,0.0,0.0
2008-10-29,37,0.0,0.0,0.0,0.0,0.0,0.0,0.25,0.0,True,0,1.0,0.0,0.0,0.0,0.0,0.0,0.0,0.0,0.0
2008-11-12,37,0.0,0.0,0.0,0.0,0.0,0.0,0.25,0.0,True,0,1.0,0.0,0.0,0.0,0.0,0.0,0.0,0.0,0.0
2008-11-26,37,0.0,0.0,0.0,0.0,0.0,0.0,0.25,0.0,True,0,1.0,0.0,0.0,0.0,0.0,0.0,0.0,0.0,0.0
2008-12-11,37,0.10000000000014804,0.09999999999975102,1.9850737266255208e-13,5.671639218930059e-13,0.0,0.10000000000014804,0.25,0.002945757062331104,True,0,1.0,0.1666666666662517,0.0133333333333045,0.16666666666673316,0.0,0.00666666666665225,0.0,0.0,-4.8304463849820786e-14
2008-12-26,38,0.1000000000014838,0.09999999999672947,2.3771700587925326e-12,6.79191445369295e-12,0.0,0.0001040724479121069,0.25,0.0029209103088953777,True,0,1.0,0.1666666666612158,0.013333333332044376,0.16666666666749833,0.0,0.006666666666022188,0.0,0.0,1.7855722544280195e-13
2009-01-12,38,0.10000000000236273,0.09999999999763728,2.3627121152033532e-12,6.7506060434381525e-12,0.0,2.7753783000641907e-05,0.25,0.0030035365798314847,True,0,1.0,0.1666666666627288,0.01333333333220998,0.16666666666893978,0.0,0.00666666666610499,0.0,0.0,1.7064579124966442e-13
2009-01-27,38,0.20000000000010973,0.20000000000010973,0.0,0.0,0.0,0.10003201944037146,0.25,0.012182837323421356,True,0,1.0,0.3333333333335162,0.06666666666677847,0.33333333333342235,3.956431142300558e-15,0.03333333333338923,1.7408297026122456e-14,0.0,-1.2795094321707618e-14
2009-02-10,38,0.3000000000003943,0.3000000000003943,0.0,0.0,0.0,0.10160557518891412,0.25,0.025859308703888216,True,0,1.0,0.5000000000006571,0.25,0.33333333333366216,1.0552050491135912e-14,0.033333333333551665,6.260164077183801e-14,0.0,-0.1
2009-02-25,38,0.20000000000031026,0.20000000000031026,0.0,0.0,0.0,0.0941342132278487,0.25,0.014071241664484728,True,0,1.0,0.33333333333385046,0.125,0.250000000000329,1.0263334018439732e-14,0.0200000000001838,4.5158669681134824e-14,0.0,-0.05
2009-03-11,38,0.20033715289851706,0.20033715289851706,0.0,0.0,0.0,0.00015919358870560615,0.25,0.014292676081652148,True,0,1.0,0.3338952548308618,0.125,0.25056192149752843,0.0,0.02008990743958522,0.0,0.0,-0.05
2009-03-25,38,0.20000000000082976,0.200000000000749,4.037562481982985e-14,1.1535892805665671e-13,0.0,0.20089510395709506,0.25,0.01684520728695452,True,0,1.0,0.33333333333458165,0.24999999999985467,0.33333333333346793,0.0,0.0066666666668510795,9.220606780277704e-14,6.566821608742706e-14,0.09999999999994187
2009-04-08,38,0.1999223426693818,0.1999223426693818,0.0,0.0,0.0,0.0016035633670472911,0.25,0.016394636991288337,True,0,1.0,0.3332039044489697,0.25,0.33333333333333337,0.0,0.006661489511446655,9.272093480240472e-14,0.0,0.1
2009-04-23,38,0.18422744168271038,0.18422744168271038,0.0,0.0,0.0,0.1842778521600149,0.25,0.008080863610759742,True,0,1.0,0.30704573613785063,0.08071528667917888,0.2105686042046715,3.0238438016154265e-14,0.04035764333958944,0.016845488336473508,3.2684965844964606e-14,-4.902744876744691e-14
2009-05-07,38,0.1840342227447738,0.1840342227447738,0.0,0.0,0.0,2.0404387236724586e-05,0.25,0.007328133444265442,True,0,1.0,0.306723704574623,0.08056071152863681,0.21008555685746166,8.46231910596646e-14,0.040280355764318404,0.01680684454887619,0.0,0.0
2009-05-21,38,0.21669292018504122,0.21669292018504122,0.0,0.0,0.0,0.03206117735014847,0.25,0.00962413192423355,True,0,1.0,0.3611548669750687,0.11118112048675718,0.2917323004563348,0.0030350763968243527,0.054456696085550704,0.033354336146027154,0.0,0.0
2009-06-05,38,0.23808218382671706,0.23808218382367904,1.5190071422921392e-12,4.340020406548969e-12,0.0,0.02320737992839881,0.25,0.012534569843176573,True,0,1.0,0.39680363970613175,0.16821915686688196,0.34520545956494736,0.006924033422735476,0.06443835245124395,0.05046574706006459,-6.88338275267597e-14,1.0325074129013956e-13
2009-06-19,38,0.21210942470888777,0.21210942470888777,0.0,0.0,0.0,0.0761521609807693,0.25,0.01750133855225883,True,0,1.0,0.3535157078481463,0.23229179922026089,0.40527356176922197,0.011292622674125223,0.0723177315303014,0.06968753976607826,2.6706198246695602e-14,-4.0059297370043407e-14
2009-07-06,38,0.46205731070433803,0.46205731070273304,8.02524361549733e-13,2.292926747284952e-12,0.0,0.24999999999875328,0.25,0.03428011992688563,True,0,1.0,0.7700955178378884,0.40112110025664655,0.6551432767646395,0.022803711381132363,0.12717833141048346,0.12033633007699396,0.01999999999976948,-0.02999999999917902
2009-07-20,38,0.40130111575310723,0.40130111575109706,1.00508000744359e-12,2.8716571641245426e-12,0.028571531168776365,0.08461627898866395,0.25,0.030081125034200237,True,0,1.0,0.6688351929184951,0.3834434875684179,0.5046709531582746,0.024845168190116666,0.10381578148374346,0.11503304627052537,0.019999999999873435,-0.02999999999981015
2009-08-03,38,0.3927381719263873,0.3927381719226434,1.8719739977571907e-12,5.348497136449116e-12,0.0,0.24999999999901673,0.25,0.019137737149071563,True,0,1.0,0.6545636198710724,0.39999999999317193,0.4999999999957955,0.027272727272177208,0.10728492114455228,0.11999999999795158,0.0,4.991059287749419e-13
2009-08-17,38,0.5000000000044706,0.5000000000038634,3.0363722151882596e-13,8.67534918625217e-13,0.0,0.10787012234739284,0.25,0.030982775333408097,True,0,1.0,0.8333333333397723,0.7333333333340247,0.7500000000025925,0.06363636363636364,0.1273333333337481,0.22000000000020742,2.2657431486550192e-13,-2.640688310216515e-12
2009-08-31,38,0.5999999999898157,0.5999999999866629,1.5763934775364192e-12,4.5039813643897696e-12,0.0,0.1054884039592506,0.25,0.029776130886766172,True,0,1.0,0.9999999999777714,0.7810970229520702,0.9291138361100133,0.06363636363452205,0.15598744222358654,0.23432910688562103,9.269956938099784e-14,-0.028970198563540283
2009-09-15,38,0.6000000000226472,0.6000000000226472,0.0,0.0,0.0,0.05993257046154482,0.25,0.026592385287933427,True,0,1.0,1.0000000000377454,0.8,1.0,0.06363636363781287,0.16708403672724462,0.24000000000000002,8.238168962558894e-13,-0.02931265347254004
2009-09-29,38,0.6588149727036954,0.5999999999665442,0.029407486368575597,0.08402138962450172,0.0,0.20495781567651378,0.25,0.031854552373598445,True,0,1.0,0.9999999999442404,0.799999999960086,0.9999999999457878,0.15454545453984558,0.16666666665739424,0.2399999999880258,5.511092302934257e-13,-0.05881497272867717
2009-10-13,38,0.800000000024366,0.6000000000295678,0.0999999999973991,0.2857142857068546,0.0,0.20791390273190358,0.25,0.030930558085759813,True,0,1.0,1.0000000000492797,0.7995892371264655,0.9996919278448491,0.15450064405015987,0.17292139060887263,0.23987677113793962,7.678317492152699e-13,-0.029524579499358796
2009-10-27,38,0.6000000001195339,0.6000000001195339,0.0,0.0,0.0,0.20124901087889274,0.25,0.027821958920691392,True,0,1.0,1.0000000001992233,0.7999999999873129,0.999999999984206,0.1544167727059784,0.19490825584684912,0.23999999999619384,2.2889829956163332e-12,-4.855741390219593e-11
2009-11-10,38,0.6000000000080993,0.6000000000080993,0.0,0.0,0.0,0.002731738114342283,0.25,0.027342046724906192,True,0,1.0,1.0000000000134988,0.799171904100811,0.996894640378041,0.15454545454545457,0.1949405992599889,0.2397515712302433,2.6264884072367834e-12,-5.161602648707507e-11
2009-11-24,38,0.6567390693891555,0.6000000000295362,0.028369534679809627,0.08105581337088466,0.0,0.05852882995810858,0.25,0.025468290655428685,True,0,1.0,1.000000000049227,0.799276872973256,0.9972882736497094,0.1545454545478777,0.2081964054634168,0.2397830618919768,-0.009456511556227558,0.008510860362077289
2009-12-09,38,0.658650221054302,0.6000000000135687,0.029325110520366682,0.08378603005819052,0.0,0.060871247077166186,0.25,0.024906705460884977,True,0,1.0,1.0000000000226146,0.7999096004605333,0.9996610017269995,0.1545454545467299,0.20075644478987373,0.23997288013815998,3.985466816186901e-12,-4.209473399241985e-11
2009-12-23,38,0.7000000000012426,0.6000000000012425,0.05,0.14285714285714288,0.0,0.10341955307596505,0.25,0.024776861838014367,True,0,1.0,1.000000000002071,0.8,1.0,0.1545454545469639,0.20999999999632013,0.24000000000000002,3.859366361255465e-12,-0.05000000004127257
2010-01-08,38,0.6987805548098759,0.6000000000082916,0.04939027740079216,0.14111507828797762,0.0,0.10161011795273334,0.25,0.022913846769863033,True,0,1.0,1.0000000000138194,0.7997536489486924,0.9990761835575962,0.15454545454935117,0.20983617629984055,0.2399260946846077,-0.01646342579604644,0.014817083212524241
2010-01-25,38,0.6000000000138258,0.6000000000138258,0.0,0.0,0.0,0.09871414947492324,0.25,0.020965903791651325,True,0,1.0,1.0000000000230431,0.8,1.0,0.1537105803648178,0.20672789077402046,0.24000000000000002,4.439199004516344e-13,-6.658798506774516e-13
2010-02-08,38,0.6018516587219239,0.6000000000077628,0.000925829357080597,0.002645226734515992,0.0,0.007292397361816819,0.25,0.02110270234161958,True,0,1.0,1.000000000012938,0.8,1.0,0.1545454545478429,0.20672838862414775,0.24000000000000002,-0.0001851658714161194,0.0002777488071241791
2010-02-23,38,0.6019082108170709,0.6000000000104193,0.0009541054033258277,0.002726015438073794,0.0,0.008179000971036382,0.25,0.020525389347557797,True,0,1.0,1.0000000000173657,0.8,1.0,0.15454545455024837,0.20673027369377348,0.24000000000000002,-0.00019082108066516553,0.00028623161912768864
2010-03-09,38,0.7000000000058446,0.6000000000058445,0.05,0.14285714285714288,0.0,0.10642191297464007,0.25,0.019514877173583536,True,0,1.0,1.0000000000097409,0.8,1.0,0.15454545455272142,0.20999999999966057,0.24000000000000002,0.0,0.04999999999696994
2010-03-23,38,0.7000000000187184,0.6000000000187183,0.05,0.14285714285714288,0.0,0.005310632866677623,0.25,0.01854000662303081,True,0,1.0,1.0000000000311973,0.8,1.0,0.1545454545629986,0.20999999999980976,0.24000000000000002,5.240252676230739e-13,0.049999999999213965
2010-04-07,38,0.7001197314484449,0.6000000000370123,0.05005986570571626,0.1430281877306179,0.0,0.0032099539722007728,0.25,0.017545676734012045,True,0,1.0,1.000000000061687,0.8,1.0,0.15454545458090255,0.2100039910464927,0.24000000000000002,-1.9955233803596002e-05,0.050017959709562146
2010-04-21,38,0.8996495776512229,0.6000000000389738,0.1498247888061245,0.4280708251603557,0.0,0.20261458661183354,0.25,0.027406791959521632,True,0,1.0,1.0000000000649565,0.8,1.0,0.24545454548430784,0.20998831925428846,0.24000000000000002,-0.026631624427656774,0.07994743664183734
2010-05-05,38,0.702546054433158,0.5999999999841154,0.05127302722452125,0.14649436349863215,0.0,0.200619436350672,0.25,0.021310716707539874,True,0,1.0,0.9999999999735256,0.7999999999822498,0.9999999999788195,0.20000000001814497,0.2067515351428412,0.23999999999467492,-0.010254605444904249,0.015381908167356373
2010-05-19,38,0.454733902967936,0.4478333317179132,0.003450285625011408,0.009857958928604024,0.0,0.25000000000628175,0.25,0.014615752627348134,True,0,1.0,0.746388886196522,0.5333333333333333,0.7500000000000001,0.09090909090909091,0.16008557448937158,0.16,-0.0006900571246921593,0.0010350856886449536
2010-06-03,38,0.404393503221241,0.3973938164495857,0.0034998433858276796,0.009999552530936227,0.0,0.25000000002379374,0.25,0.011478803597015926,True,0,1.0,0.6623230274159763,0.28017159017220694,0.5,0.009090909090909092,0.14008579508610347,0.06000000000000001,-0.0006999686771655358,0.1006566865695148
2010-06-17,38,0.5471136040771415,0.5471136040703705,3.385514091168534e-12,9.67289740333867e-12,0.0,0.24999999999921088,0.25,0.020264567511310307,True,0,1.0,0.9118560067839508,0.2933333333236771,0.4999999999874392,0.009090909089531387,0.14666666666183856,0.05999999999622163,0.019422720817095427,0.020865918772707066
2010-07-01,38,0.6000000000026402,0.6000000000026402,0.0,0.0,0.0,0.1472942294748032,0.25,0.016958483587761315,True,0,1.0,1.0000000000044005,0.3466666666695884,0.500000000004492,0.009090909091386455,0.1733333333347942,0.06000000000160319,0.01,0.035
2010-07-16,38,0.6000000000063469,0.6000000000063469,0.0,0.0,0.0,0.003690497661346062,0.25,0.016769370059180985,True,0,1.0,1.0000000000105782,0.34666666667311186,0.50000000001017,0.009090909091986727,0.17333333333655593,0.06000000000362621,0.010244722075741558,0.03340930650813875
2010-07-30,38,0.6000000000048507,0.6000000000048507,0.0,0.0,0.0,0.0034159129801801524,0.25,0.01711818994607805,True,0,1.0,1.0000000000080844,0.3466666666753837,0.5000000000134984,0.009090909092320144,0.17333333333769185,0.0600000000047918,0.010372215187468675,0.032580601277230184
2010-08-13,38,0.6000000000207175,0.6000000000207175,0.0,0.0,0.0,0.09817524568888128,0.25,0.01650753166613593,True,0,1.0,1.0000000000345293,0.39058480970974674,0.6176378831484055,0.017646391504001095,0.19529240485487337,0.09764412260875556,0.010588969350895292,-0.015883454030338168
2010-08-27,38,0.6000000000204356,0.6000000000204356,0.0,0.0,0.0,0.25000000000777045,0.25,0.0172085769335732,True,0,1.0,1.0000000000340594,0.70311530463663,0.9273364784774725,0.05306712414217781,0.1975202516137147,0.210934591390989,0.0058130817239034,-0.008719622594460715
2010-09-13,38,0.6000000000104255,0.6000000000104255,0.0,0.0,0.0,0.19851248570731855,0.25,0.017697161100349888,True,0,1.0,1.0000000000173759,0.7333333333333334,0.875,0.059090909092588156,0.16333333333333336,0.22,0.005836784604122894,-0.07957125389414844
2010-09-27,38,0.6000000000018698,0.6000000000018698,0.0,0.0,0.0,0.14063947569378304,0.25,0.018776141113135886,True,0,1.0,1.0000000000031164,0.8,1.0,0.06363636363636364,0.16666666666708035,0.24000000000000002,0.01000000000024454,-0.06500000000031905
2010-10-11,38,0.6051543017223385,0.5999999999649024,0.0025771508787180895,0.007363288224908828,0.0,0.006491551128291417,0.25,0.018815467768202546,True,0,1.0,0.999999999941504,0.7999999999688426,0.9999999999565377,0.06129349920339237,0.16666666665729532,0.23999999999065277,0.01034945807139093,-0.06635404761379494
2010-10-25,38,0.8056069435749088,0.6000000000111799,0.10280347178186455,0.2937242050910416,0.0,0.20199967713557807,0.25,0.028295824803659792,True,0,1.0,1.0000000000186333,0.8,1.0,-0.02966974150429649,0.19333333333329591,0.24000000000000002,0.010176670482804542,-0.051940549450938046
2010-11-08,38,0.9103145260864661,0.5999999999121951,0.1551572630871356,0.4433064659632446,0.0,0.20243907767192265,0.25,0.034993241779103165,True,0,1.0,0.9999999998536585,0.7333333332674663,0.8749999999192549,-0.08619211153645653,0.21333333331333917,0.2199999999802399,0.010698382898880582,-0.03732398885874628
2010-11-22,38,0.4546272733135389,0.24912542490560413,0.10275092420396738,0.29357406915419254,0.0,0.44255444084075274,0.44255444079866596,0.01957230360437544,True,0,1.0,0.41520904150934024,0.46255563303306185,0.3719167247747963,-0.048403862031961245,0.04975333798198371,0.13876668990991856,0.010522149225000232,-0.05128213690808833
2010-12-07,38,0.49950092224406734,0.3995009222446642,0.049999999999701575,0.14285714285629023,0.0,0.2500000000227254,0.25,0.021424800535053665,True,0,1.0,0.6658348704077737,0.4657792403198385,0.37416803779984853,0.13653855165210407,0.04651136705597172,0.13973377209595153,0.010760321213011514,-0.0514826157951959
2010-12-21,38,0.7464210204905091,0.599999999989739,0.07321051025038504,0.20917288642967155,0.0,0.25000000000115524,0.25,0.040095629353741745,True,0,1.0,0.9999999999828983,0.5632812622695996,0.5832512241965693,0.2816406311347998,0.047507797132264544,0.13902171504032643,0.010651283211983326,-0.12425148019769078
2011-01-05,38,0.7033127462048504,0.6000000000225308,0.051656373091159724,0.14758963740331352,0.0,0.04739203093635648,0.25,0.03604353806515231,True,0,1.0,1.0000000000375515,0.5600163164261298,0.5858445498224023,0.2800081582130649,0.04623497742028045,0.13925996129145055,0.010546212939440282,-0.10032240748178956
2011-01-20,38,0.8006121813880177,0.5999999999647116,0.10030609071165304,0.286588830604723,0.0,0.2500000000047593,0.25,0.0453109956815673,True,0,1.0,0.9999999999411862,0.7794327340287981,0.7905595768841102,0.38971636701439905,0.011583691024650924,0.10985775603985765,0.010290848041453403,-0.1003444448482343
2011-02-03,38,0.7988712564628353,0.599999999984689,0.09943562823907312,0.28410179496878035,0.0,0.007915251209781898,0.25,0.04515674795403826,True,0,1.0,0.9999999999744817,0.7813057176891318,0.7898037423686914,0.3906528588445659,0.010983363492393471,0.10882862312914598,0.010290646425135521,-0.10060528116759293
2011-02-17,38,0.9000000000885731,0.6000000000965292,0.14999999999602195,0.42857142856006275,0.0,0.25000000008294765,0.25,0.04951628370451791,True,0,1.0,1.000000000160882,0.993227837634144,0.993792184481435,0.496613918817072,-0.019999999996710628,0.08000000000246703,0.0014276494760491307,-0.08372791623115775
2011-03-04,38,0.8999298036903881,0.5999999999747107,0.14996490185783867,0.4284711481652534,0.0,0.018715080782169116,0.25,0.04904107473841407,True,0,1.0,0.9999999999578512,0.9999999999654431,0.9999999999735184,0.49999999998272154,-0.020000000001067265,0.07999999999633965,0.00027489526141174695,-0.08397819973380621
2011-03-18,38,0.6979815306199455,0.6000000000017645,0.04899076530909059,0.13997361516883028,0.0,0.21787949283902625,0.25,0.04700941400533724,True,0,1.0,1.0000000000029408,0.913556890517601,0.9173963673326313,0.4567784452588005,0.020000000000080766,0.10000000000006058,0.00027752210363281483,-0.03187515326279132
2011-04-01,38,0.6027428176588279,0.600000000000307,0.0013714088292604075,0.003918310940744021,0.0,0.1144041275337447,0.25,0.05077766473350537,True,0,1.0,1.0000000000005116,1.0000000000004319,0.8333333333337211,0.5000000000002159,0.01990857274479546,0.10000000000000264,0.0002742817656839455,-0.00041142264816601575
2011-04-15,38,0.6027538382736873,0.5999999999991181,0.0013769191372846087,0.003934054677956025,0.0,0.19942149182888694,0.25,0.040002303374362606,True,0,1.0,0.9999999999985303,0.8092091093330659,0.66657620541825,0.40460455466653295,0.019908205390862466,0.0999999999999044,0.00028623917691641417,-0.10042935876485158
2011-05-02,38,0.5999999999998005,0.5999999999619189,1.894077510725776e-11,5.4116500306450744e-11,0.0,0.1998695506921423,0.25,0.043572179275993696,True,0,1.0,0.9999999999365315,0.8167503283237265,0.6732882037084486,0.40837516416186326,0.019999999997184784,0.09999999999457869,0.019205415554171545,-0.0288081233271396
2011-05-16,38,0.6000000000236758,0.6000000000013889,1.1143444223136005e-11,3.1838412066102876e-11,0.0,0.010607373023305064,0.25,0.041944569243676975,True,0,1.0,1.0000000000023148,0.8083331926119227,0.665733352793766,0.40416659630596136,0.023251913200234453,0.10000000000014088,0.018718320582994153,-0.028077480870813826
2011-05-31,38,0.8524581765892862,0.6000000000606781,0.12622908826430404,0.36065453789801155,0.0,0.25000000006271594,0.25,0.04164381690401084,True,0,1.0,1.0000000001011302,0.788586596549415,0.7892091211134046,0.3942932982747075,0.04958432422846159,0.1800000000024103,0.019149831231033743,-0.013724746848650729
2011-06-14,39,0.9934325137586788,0.6000000000057486,0.19671625687646507,0.5620464482184717,0.0,0.25000000000531253,0.25,0.04811386567036188,True,0,1.0,1.000000000009581,0.8862343210706866,0.9345838100599424,0.4431171605353433,-0.0002469993929711833,0.18022528796430057,0.019381578747062717,-0.029072368122938563
2011-06-28,39,0.9461993824634708,0.5535207664269601,0.19633930801825528,0.5609694514807294,0.0,0.25000000000780015,0.25,0.04659991533460369,True,0,1.0,0.9225346107116003,0.7323865680095983,0.8584110788885441,0.36619328400479917,0.021559026107204723,0.10205221451073761,0.01898401792997193,-0.028476026896403325
2011-07-13,39,0.9076698822237749,0.6000000000622147,0.1538349410807801,0.4395284030879432,0.0,0.25000000006473216,0.25,0.03785880431845771,True,0,1.0,1.000000000103691,0.5754419776537912,0.6593205336349898,0.2877209888268956,0.07378144252810467,0.10360307011065571,0.019846989133529048,-0.029770483709651685
2011-07-27,39,0.802132224189117,0.6000000000125603,0.10106611208827834,0.28876032025222387,0.0,0.2500000000101163,0.25,0.0268049368450791,True,0,1.0,1.000000000020934,0.3453306083771722,0.5224948907058846,0.17190965663614421,0.09358867602848232,0.10359918251315166,0.020000000000199726,-0.030000000009083008
2011-08-10,39,0.22304631589214796,0.22304631588714596,2.5010032512700973e-12,7.145723575057421e-12,0.0,0.5727832772512615,0.5727832772445559,0.008870876633987454,True,0,1.0,0.37174385981190994,0.0897395087823931,0.24999999999112932,0.0,0.04486975439119655,0.01999999999929035,0.009999999998505517,-0.015000000004505458
2011-08-24,39,0.3000000000071383,0.3000000000071383,0.0,0.0,0.0,0.17710790055691575,0.25,0.011886632093970145,True,0,1.0,0.5000000000118971,0.25000000001770756,0.33333333335686466,0.0,0.04666666666666667,0.020000000000000004,5.2553025092203784e-14,-0.10000000000708303
2011-09-08,39,0.30000000000424343,0.30000000000424343,0.0,0.0,0.0,0.19801085860654577,0.25,0.010986665236048479,True,0,1.0,0.5000000000070725,0.25000000000073014,0.33333333333333337,1.411396252396199e-13,0.04666666666834104,0.020000000000621018,5.083249440569903e-13,-0.10000000000029206
2011-09-22,39,0.39999999999929714,0.39999999999820424,5.46451772720502e-13,1.5612907792014345e-12,0.0,0.10214876940221519,0.25,0.01381305020507936,True,0,1.0,0.6666666666636738,0.24999999999832934,0.33333333333234766,-1.179852242545497e-13,0.07333333333366776,0.02000000000014256,-7.069900220812996e-14,-0.09999999999933173
2011-10-06,39,0.6000000000010496,0.6000000000010496,0.0,0.0,0.0,0.20292964622525939,0.25,0.0218010034260571,True,0,1.0,1.0000000000017493,0.34666666666796664,0.5000000000010834,0.009090909090909092,0.17333333333398332,0.06000000000000001,7.992253280509456e-14,-0.1000000000001199
2011-10-20,39,0.6000000000014192,0.6000000000014192,0.0,0.0,0.0,0.004015644052317163,0.25,0.021833920988333165,True,0,1.0,1.0000000000023654,0.3472662773342706,0.5004996755563367,0.009090909091112565,0.1736331386671353,0.06000000000000001,1.3107422295589033e-13,-0.09970019466693453
2011-11-03,39,0.4003042868735539,0.40030428687330677,1.2356782264077992e-13,3.530509218307998e-13,0.0,0.20270365266326462,0.25,0.014457576633384863,True,0,1.0,0.6671738114555114,0.27394190708089317,0.49999999999885913,0.009090909090774967,0.13697095354044658,0.05999999999987352,1.1014311646463936e-13,-1.6521467469695905e-13
2011-11-17,39,0.39763558259437015,0.39763558259437015,0.0,0.0,0.0,0.001084872674900273,0.25,0.014409468754311679,True,0,1.0,0.6627259709906169,0.27110486126403627,0.49333228890390973,0.00884844686923308,0.13555243063201813,0.05893316622462556,0.0,0.0
2011-12-02,39,0.5999999999985399,0.5999999999971827,6.786790703783183e-13,1.9390830582237666e-12,0.0,0.20292451113311813,0.25,0.03970018398363014,True,0,1.0,0.9999999999953045,0.5466666666647036,0.666666666664225,0.009090909090543893,0.2733333333323518,0.05999999999969388,-2.268461063788224e-14,1.4341440640617175e-13
2011-12-16,39,0.5999999999942858,0.599999999989562,2.3618943603455877e-12,6.748269600987394e-12,0.0,0.005772930207870807,0.25,0.03985683021562944,True,0,1.0,0.9999999999826034,0.5466666666591926,0.6666666666576332,0.009090909090001174,0.2733333333295963,0.05999999999860721,0.0,8.419953206594485e-13
2012-01-03,39,0.5999999999954102,0.5999999999857909,4.8097080379974076e-12,1.374202296570688e-11,0.0,0.004797061590714746,0.25,0.03976535286319779,True,0,1.0,0.9999999999763182,0.5446032728475181,0.6634426138263888,0.009442623941340267,0.27230163642375904,0.061547545356549375,0.0,6.685970150900238e-13
2012-01-18,39,0.6000000000064796,0.6000000000064796,0.0,0.0,0.0,0.002898498736036233,0.25,0.039327080464464564,True,0,1.0,1.0000000000107994,0.544610501054918,0.6634539078926098,0.009441391869136607,0.272305250527459,0.061542124214673886,0.0,-1.8955866076824638e-13
2012-02-01,39,0.599999999979234,0.5999999999683375,5.4482646683599485e-12,1.5566470481028424e-11,0.0,0.10497923150578299,0.25,0.03561343299753782,True,0,1.0,0.9999999999472292,0.5084870013763224,0.6666666666406285,0.05312701189277563,0.2542435006881612,0.05156028690599099,0.0,1.5461283799878662e-12
2012-02-15,39,0.6039592690980202,0.599999999994806,0.0019796345516070435,0.005656098718877268,0.0,0.1055351262855419,0.25,0.02999724089255258,True,0,1.0,0.9999999999913434,0.4684879304499458,0.6699660575791219,0.1003599335525171,0.2342439652249729,0.04158370763918099,0.0,0.0
2012-03-01,39,0.8458995245451008,0.5999999999648926,0.1229497622901041,0.35128503511458314,0.0,0.25000000000365,0.25,0.03695109907376427,True,0,1.0,0.9999999999414877,0.5305949846873587,0.6649610716669463,0.11985896505354636,0.2634974319940199,0.1591784954062076,-0.019999999999996902,0.029999999999995353
2012-03-15,39,0.6458636651920453,0.6000000000283832,0.022931832581831055,0.06551952166237444,0.0,0.25000000002687733,0.25,0.02635259360466941,True,0,1.0,1.0000000000473053,0.5293139589193752,0.5590644052978267,0.1442690396194191,0.23126628120464443,0.15879418767581255,0.0,-1.2348598545772996e-13
2012-03-29,39,0.7453656124904717,0.6000000000359538,0.0726828062272589,0.20766516064931115,0.0,0.2500000000373908,0.25,0.02762434300831422,True,0,1.0,1.000000000059923,0.7299320929869849,0.7474490697473708,0.20157159213995884,0.19286022974957806,0.21897962789609546,0.0,0.05
2012-04-13,39,0.9913838704927782,0.6000000001984588,0.19569193514715977,0.5591198147061708,0.0,0.2500000001745623,0.25,0.04103926646617981,True,0,1.0,1.0000000003307647,0.727936717635768,0.7459525382616078,0.29430033044572723,0.14731760124716733,0.21838101529073037,0.0,0.1
2012-04-27,39,0.9937827011770894,0.5999999999703114,0.19689135060338908,0.5625467160096831,0.0,0.1045238821271037,0.25,0.050783948117036556,True,0,1.0,0.999999999950519,0.7298388317546778,0.7471203008419603,0.3410998194074565,0.09598742640639589,0.21895164952640334,0.0,0.09999999999862379
2012-05-11,39,0.9998182664587872,0.5999999999914059,0.19990913323369075,0.5711689520962593,0.0,0.014657027844580058,0.25,0.04508286289254185,True,0,1.0,0.9999999999856765,0.7333333333391651,0.7500000000354643,0.34253004959058725,0.09342420010951114,0.22000000000174952,0.0,0.09999999999983125
2012-05-25,39,0.991281492011838,0.6000000001140289,0.19564074594890454,0.558973559854013,0.0,0.20929770095806474,0.25,0.03347263584560236,True,0,1.0,1.0000000001900482,0.7282423087405716,0.7461817316108089,0.24787371944538084,0.0930278718726817,0.21847269262217148,0.0,0.0
2012-06-11,39,0.8000000000418537,0.6000000000472572,0.09999999999729825,0.28571428570656643,0.0,0.25000000003261125,0.25,0.031323246544309104,True,0,1.0,1.000000000078762,0.6146217898669046,0.693453669077155,0.26251099851060533,0.08122502619738137,0.18438653696007137,0.0,0.0
2012-06-25,39,0.6972433108292266,0.6000000000050056,0.048621655412110526,0.13891901546317295,0.0,0.250000000001891,0.25,0.018821758338682274,True,0,1.0,1.0000000000083429,0.5469657973151089,0.7854905327919056,0.16363404873821877,0.1543595524417297,0.16408973919453265,0.0,0.0
2012-07-10,39,0.6496647357121875,0.6000000000078493,0.02483236785216918,0.07094962243476909,0.0,0.25000000000407685,0.25,0.018518855831114373,True,0,1.0,1.0000000000130822,0.38065315515431647,0.6266009657111246,0.15189786009756062,0.19032657757715823,0.10076188480959138,0.0,3.838366654147472e-13
2012-07-24,39,0.6491232967178656,0.6000000000198297,0.024561648349017976,0.07017613814005136,0.0,0.002028225318853363,0.25,0.018569209571078733,True,0,1.0,1.0000000000330496,0.38126163099207877,0.6283793687028949,0.15132948834507554,0.19063081549603939,0.10108139798530472,0.0,1.256201522384211e-12
2012-08-07,39,0.7002588624006277,0.600000000025485,0.050129431187571336,0.14322694625020382,0.0,0.05015478320161364,0.25,0.019512608659696493,True,0,1.0,1.0000000000424751,0.38081258453134903,0.6304987726032348,0.1503339830069219,0.19040629226567451,0.10198141764778146,4.958452629969893e-13,-2.2313036834864518e-13
2012-08-21,39,0.8030272818443214,0.5999999999883595,0.10151364092798092,0.2900389740799455,0.0,0.10481401971246115,0.25,0.02170568148696857,True,0,1.0,0.9999999999805992,0.47171213636562487,0.7537841022703226,0.15812768304288397,0.21363606151889983,0.14151364090968746,-0.010000000000110278,0.014999999999969012
2012-09-05,39,0.9436025877267831,0.5999999999788024,0.17180129387399035,0.49086083963997246,0.0,0.2500000000178469,0.25,0.027861996229441334,True,0,1.0,0.9999999999646707,0.7140910200583543,0.9355682650361342,0.06662135180360731,0.22817879453853435,0.2142273060175063,-4.594750505996595e-13,6.470707167103232e-13
2012-09-19,40,0.9589745412715928,0.6000000000111789,0.17948727063020697,0.5128207732291629,0.0,0.15341199684370554,0.25,0.027930734699405154,True,0,1.0,1.0000000000186315,0.8,1.0,0.0711605570897136,0.22463336625511027,0.24000000000000002,-0.0014028866667197542,0.0006312990000238894
2012-10-03,40,1.0000000001423759,0.6000000002064844,0.19999999996794576,0.5714285713369879,0.0,0.2083177053332775,0.25,0.028051247159453434,True,0,1.0,1.0000000003441407,0.8,1.0,0.04409670108301781,0.2246046045244455,0.24000000000000002,-0.0013721141721761553,0.0006174513680059652
2012-10-17,40,1.000000000028059,0.6000000000587811,0.199999999984639,0.5714285713846828,0.0,0.24677008593047733,0.25,0.027438530878518556,True,0,1.0,1.0000000000979685,0.8,1.0,0.11954803432952689,0.20666666663936198,0.24000000000000002,-0.0023457549605963583,0.0010555897294607349
2012-11-02,40,0.999266103825398,0.6000000000528051,0.19963305188629657,0.5703801482465617,0.0,0.25000000003509043,0.25,0.03207393646458265,True,0,1.0,1.0000000000880085,0.8,1.0,0.2160929058823679,0.1079686648602823,0.24000000000000002,-0.0024167364843007575,0.0010875314173642882
2012-11-16,40,0.7918907098735275,0.6000000002865851,0.09594535479347124,0.27412958512420355,0.0,0.3910890811777237,0.391089081086791,0.02620795877357801,True,0,1.0,1.000000000477642,0.7978007369879486,0.9983505527409614,0.2421283839848629,0.20653471089393927,0.2393402210963846,-0.041321027743056245,0.02878360643804137
2012-12-03,40,0.941431342336319,0.600000000000123,0.17071567116809794,0.48775906048027984,0.0,0.25000000000029987,0.25,0.0312725757326594,True,0,1.0,1.000000000000205,0.8,1.0,0.3040917907190111,0.20666666667455774,0.24000000000000002,-0.042007744669256844,0.10306960484882519
2012-12-17,41,0.8854091160793089,0.5999999999273655,0.1427045580759717,0.4077273087884906,0.003128843520289853,0.1457059659129218,0.25,0.026025728902712715,True,0,1.0,0.9999999998789426,0.7999999999184375,0.9999999998910664,0.24545454544125836,0.21805454878893854,0.23999999997553123,-0.039666624921035856,0.07781136742057268
2013-01-02,40,0.8269390646219111,0.5999999999367478,0.11346953234258171,0.32419866383594775,0.015487175472193474,0.1039267896661501,0.25,0.023464269911419627,True,0,1.0,0.9999999998945797,0.7666666665994237,0.874999999923238,0.24457538201801327,0.20384976320395176,0.22999999997982712,-0.020591726985721457,0.06904085969838686
2013-01-16,41,0.7000000000266029,0.6000000000111949,0.050000000007703944,0.14285714287915413,0.0,0.13347567715408587,0.25,0.023393034533138225,True,0,1.0,1.0000000000186582,0.7333333333348415,0.7500000000056551,0.245454545447716,0.1799351350793119,0.22000000000045244,0.0,0.05000000000044006
2013-01-31,40,0.6000000000132254,0.600000000012769,2.281688005462562e-13,6.519108587035892e-13,0.0,0.10773489385616886,0.25,0.021702873181058235,True,0,1.0,1.0000000000212816,0.7333333333333335,0.7500000000000001,0.24605156780423557,0.1662288502805338,0.22000000000000003,0.0,-1.1770180679839993e-12
2013-02-14,41,0.6000000001020681,0.6000000000865984,7.734851437943721e-12,2.209957553698206e-11,0.0,0.1994716940027196,0.25,0.026456150503014843,True,0,1.0,1.0000000001443308,0.7333333333333335,0.7500000000000001,0.3090909091559694,0.120000000001112,0.22000000000000003,0.0,-3.4671332384236674e-12
2013-03-01,43,0.8000000000656053,0.6000000000656054,0.1,0.28571428571428575,0.0,0.20312169381690293,0.25,0.03966325176474384,True,0,1.0,1.0000000001093423,0.8000000000803468,0.7500000000000001,0.4000000000401734,0.02000000000155762,0.22000000000000003,0.0,-6.044531597166894e-12
2013-03-15,43,0.7936061909971099,0.6000000000728415,0.09680309546213423,0.27658027274895497,0.0,0.19780827320333966,0.25,0.02866715626943194,True,0,1.0,1.0000000001214024,0.7273872886824363,0.8280051593119309,0.30279149251865944,0.11837915946354113,0.21821618660473088,0.0,-1.9411388256915526e-12
2013-04-01,42,0.6000000000514867,0.6000000000514867,0.0,0.0,0.0,0.202485143347354,0.25,0.0320585369644264,True,0,1.0,1.0000000000858111,0.767325699229578,0.6704243232815006,0.383662849614789,0.07213088322720655,0.13909816241715345,0.0,0.0
2013-04-15,43,0.6000000000268152,0.6000000000268152,0.0,0.0,0.0,0.250000000026419,0.25,0.034138717686466716,True,0,1.0,1.000000000044692,0.8045568902180266,0.7083449807728227,0.4022784451090133,0.05999627281678959,0.12999720461115646,0.0,0.0
2013-04-29,43,0.6012440118116816,0.6000000000208123,0.0006220058954346468,0.0017771597012418482,0.0,0.20560226544271484,0.25,0.028349583633316747,True,0,1.0,1.0000000000346874,0.6235753757894842,0.5446038283230282,0.3117876878947421,0.06639024790199968,0.1297926859251848,0.0,-6.105782546228511e-13
2013-05-13,43,0.6012660188822194,0.6000000002032131,0.0006330093395031597,0.0018085981128661706,0.0,0.14964485145298606,0.25,0.025417998089006185,True,0,1.0,1.0000000003386886,0.5977577662401842,0.560397905863829,0.27815816066384486,0.0879208553364307,0.17932732987205524,0.0,-6.490095654764823e-12
2013-05-28,43,0.40717760078847914,0.40588225980862774,0.0006476704899257032,0.001850487114073438,0.0,0.25000000001146216,0.25,0.02006054077444574,True,0,1.0,0.6764704330143796,0.41978592692564154,0.34529600131413196,0.20989296346282077,0.02666666666666667,0.1,0.0,-4.580861680217972e-12
2013-06-11,43,0.2956066284478135,0.29433531204082297,0.0006356582034952369,0.001816166295700677,0.0,0.2500000000130211,0.25,0.024799625908943915,True,0,1.0,0.4905588534013716,0.4549059127353175,0.4093443807463558,0.22745295636765875,0.010000000000000002,0.05,0.0,0.0
2013-06-25,43,0.0006212804508120474,-0.0006212802535685095,0.0006212803521902784,0.001775086720543653,0.0,0.2909628620442929,0.2909628620408105,0.00010130548447959808,True,0,1.0,0.0010354670892808492,0.0011296004562001162,0.001035467418020079,-0.0005648002281000581,0.0,0.0,0.0,0.0
2013-07-10,43,0.24936038772647673,0.2493603877236946,1.3910648558412764e-12,3.974471016689361e-12,0.0,0.24999999999909578,0.25,0.024814334406034637,True,0,1.0,0.41560064620615766,0.47156434131819,0.41560064621079457,0.235782170659095,0.0,0.0,0.0,0.0
2013-07-24,43,0.4981922504810965,0.49819225047779125,1.6526224833057768e-12,4.721778523730791e-12,0.0,0.2500000000059234,0.25,0.04603489040273587,True,0,1.0,0.8303204174629855,0.9239859099551846,0.830320417461997,0.4619929549775923,1.7724784603008933e-12,7.720046824033489e-13,0.0,1.439348640275284e-13
2013-08-07,42,0.5455569864437105,0.5271702863016888,0.009193350071010888,0.026266714488602537,0.0,0.050953622074584794,0.25,0.048706319800609736,True,0,1.0,0.8786171438361481,1.0000000000055245,0.8939393939539059,0.5000000000027622,-0.003677340028257251,1.826915777022221e-13,0.0,-5.6821214400315507e-14
2013-08-21,43,0.5455693190262243,0.5271579537955051,0.009205682615359584,0.026301950329598815,0.0,0.006291232994142607,0.25,0.04909860533795019,True,0,1.0,0.8785965896591752,1.000000000076011,0.8939393940181078,0.5000000000380055,-0.0036822730461512363,-2.411355081869072e-13,0.0,-1.5152778347469652e-12
2013-09-05,43,0.5454697638281845,0.5272423618905058,0.009113700968839377,0.026039145625255364,0.0,0.00359474232016453,0.25,0.049079740522591876,True,0,1.0,0.8787372698175097,0.9999999999765101,0.8939267714320935,0.49999999998825506,-0.003645480387515054,-1.966789613257415e-13,0.0,-1.2346399717800212e-12
2013-09-19,42,0.6483636497524419,0.42722570908773994,0.11056897033235097,0.3159113438067171,0.0,0.10955212451874538,0.25,0.048186795735875775,True,0,1.0,0.7120428484795666,0.9999999999649628,0.8988835304403344,0.4999999999824814,-0.043613412594806326,-0.01999999999968267,0.0,7.399312426674771e-13
2013-10-03,43,0.8894888592458133,0.18948885924553982,0.35000000000013676,1.0000000000003908,0.0,0.24972525565172576,0.25,0.05051286629971324,True,0,1.0,0.31581476540923303,1.0000000000006768,0.8991480987433694,0.5000000000003384,-0.13766801222087466,-0.03300403666295392,0.0,-1.5465220681547227e-13
2013-10-17,43,0.9294843929821239,0.2294843929764362,0.3500000000028438,1.0000000000081253,0.0,0.2500000000175473,0.25,0.04910979597387962,True,0,1.0,0.3824739882940603,1.0000000000214573,0.9324285686584218,0.5000000000107286,-0.13769757595720541,-0.033092727868345315,0.0,-0.050027251784218116
2013-10-31,43,0.9629296588031498,0.26292965877015123,0.3500000000164992,1.0000000000471407,0.0,0.10508734859550231,0.25,0.047764290094282506,True,0,1.0,0.43821609795025207,1.0000000000743654,0.9382160979733116,0.5000000000371827,-0.1355837853600517,-0.04683484424099391,0.0,-0.08000000000252681
2013-11-14,42,1.0000000000245877,0.33723956972926783,0.33138021514765986,0.9468006147075997,0.0,0.16132246772532868,0.25,0.04866915721131507,True,0,1.0,0.5620659495487798,1.00000000003582,0.8658617967017539,0.50000000001791,-0.10721632838092421,0.06545482367124357,0.0,-0.07860197686347278
2013-11-29,42,0.7404644356936978,0.6000000001498706,0.07023221777191356,0.20066347934832446,0.008888529586810374,0.2813427367718941,0.28134273662754766,0.04759936669816574,True,0,1.0,1.0000000002497844,0.989566846218378,0.8884989321475305,0.494783423109189,-0.0070048846747447074,0.09941930246446957,0.0,-0.07531106418667101
2013-12-13,42,0.9468784771910836,0.6000000001582985,0.17343923851639262,0.49554068147540753,0.0006564579620581112,0.25000000015293555,0.25,0.04609329596364442,True,0,1.0,1.0000000002638307,1.0000000002674658,0.9608000487885356,0.5000000001337329,-0.045613117187964354,0.019999999999999997,0.0,-0.07202328615352874
2013-12-30,42,0.8357228866437233,0.6000000000650579,0.11786144328933265,0.33674698082666477,0.0,0.2500000000364696,0.25,0.04132462739426342,True,0,1.0,1.00000000010843,1.0000000001049831,1.0000000000844633,0.5000000000524916,0.001206193809254118,0.1,0.0,0.012522583314138866
2014-01-14,43,0.9999999998921854,0.5181379939600806,0.24093100296605238,0.6883742941887211,0.0,0.2500000000156266,0.25,0.04309825582014883,True,0,1.0,0.8635633232668011,0.9999999998160821,0.9999999998600877,0.49999999990804106,-0.06666666666204193,0.01999999999486404,0.0,-0.0030106941273355912
2014-01-29,43,0.7282497600322594,0.34728289368681453,0.19048343317272243,0.5442383804934927,0.0,0.26872192727080335,0.26872192722278093,0.0363946721851618,True,0,1.0,0.5788048228113576,0.7894271990125395,0.7970829333832657,0.3947135995062698,-0.05,0.06,0.0,-0.0028549700576835845
2014-02-12,42,0.3356019690150813,0.13910235559723863,0.09824980670892135,0.28071373345406103,0.0,0.3964347463035182,0.3964347463006778,0.016468533188876873,True,0,1.0,0.23183725932873106,0.33153272572132425,0.24864954429863964,0.16496864192856178,-0.02595794625169649,0.09945981771639727,0.0,-7.9073236145395e-12
2014-02-27,42,0.39194272688715814,0.39194272688715814,0.0,0.0,0.0,0.2500000000879298,0.25,0.01970110378602102,True,0,1.0,0.6532378781452636,0.43817692229331,0.5000000000160776,0.219088461146655,0.06000000000362637,0.12000000000257242,0.0,-1.3856540947066756e-11
2014-03-13,43,0.6000000000355932,0.6000000000355932,0.0,0.0,0.0,0.21018881280177695,0.25,0.03024817725006507,True,0,1.0,1.000000000059322,0.6617005217609432,0.7500000000000001,0.3308502608804716,0.11333333333428872,0.16,0.0,-1.4841027226581532e-11
2014-03-27,43,0.6000000001018956,0.6000000001018956,0.0,0.0,0.0,0.004306141911281033,0.25,0.030463022252089363,True,0,1.0,1.000000000169826,0.6611770910917143,0.7500000000000001,0.33058854554585715,0.11333333333465828,0.16,0.0,-1.990536936774496e-11
2014-04-10,43,0.4287962486126478,0.4287962486126478,0.0,0.0,0.0,0.2500000000563522,0.25,0.01691875549088273,True,0,1.0,0.7146604143544131,0.5333333333333333,0.7500000000000001,0.16599429854831851,0.11333333333350123,0.16,0.0,-2.608233967343501e-11
2014-04-25,43,0.5999999999721745,0.5999999999721745,0.0,0.0,0.0,0.17060038867200716,0.25,0.02728074463269377,True,0,1.0,0.9999999999536241,0.6432397205996636,0.7499867085389051,0.3216198602998318,0.11333049782312032,0.15999787336432397,0.0,-2.4341191000681693e-11
2014-05-09,43,0.6000000000026425,0.6000000000026425,0.0,0.0,0.0,0.2003494767125895,0.25,0.025659227111994507,True,0,1.0,1.0000000000044043,0.636363636343674,0.7500000000005153,0.318181818171837,0.11333333333343752,0.16000000000016484,0.0,-2.493612274752594e-11
2014-05-23,43,0.6000000000234058,0.6000000000234058,0.0,0.0,0.0,0.0027625387271669717,0.25,0.024979578593076295,True,0,1.0,1.0000000000390097,0.6363636363852098,0.7500000000063125,0.3181818181926049,0.11333333333558014,0.16000000000202,0.0,-1.9994392348661355e-11
2014-06-09,43,0.846098196181626,0.6000000001137518,0.12304909803393713,0.3515688515255347,0.0,0.25000000010540563,0.25,0.026556561651291673,True,0,1.0,1.0000000001895863,0.8,1.0,0.33244852088437704,0.15933333334568525,0.24000000000000002,0.0,0.00045478873941440137
2014-06-23,43,1.000000000570218,0.6000000006001818,0.19999999998501808,0.571428571385766,0.0,0.2500000004220999,0.25,0.029127032189357017,True,0,1.0,1.000000001000303,0.8,1.0,0.3141153149402941,0.15933333341181036,0.24000000000000002,0.0,-0.03676604788575322
2014-07-08,43,1.000000000340842,0.6000000005350747,0.19999999990288353,0.5714285711510958,0.0,0.20179194810763137,0.25,0.026116481605958072,True,0,1.0,1.0000000008917913,0.8,1.0000000003599745,0.22789611498032963,0.16000000005205092,0.24000000000000002,0.0,-0.021616441133477292
2014-07-22,43,0.999999999943524,0.5999999998971413,0.2000000000231914,0.5714285714948326,0.0,0.0041339212649409976,0.25,0.025934760520791633,True,0,1.0,0.9999999998285688,0.7999999999291423,0.9999999999360397,0.22796725253448386,0.1599999999851356,0.2399999999787427,0.0,-0.0214539578710293
2014-08-05,43,1.0000000000109048,0.6000000000194572,0.19999999999572377,0.5714285714163536,0.0,0.2500000000152668,0.25,0.029057638857240803,True,0,1.0,1.0000000000324287,0.6414689306770943,1.0000000000196527,0.32073446533854716,0.09326852767130314,0.1794530070850057,0.0,-0.02077865610077244
2014-08-19,43,0.9606114624221336,0.6000000003578807,0.18030573103212644,0.5151592315203612,0.0,0.25000000026363095,0.25,0.030927030260744726,True,0,1.0,1.000000000596468,0.719781863146433,1.0000000003032303,0.3598909315732165,0.08527520798057804,0.1400000000133113,0.0,0.004757450905403473
2014-09-03,43,1.0000000000473679,0.6000000000767098,0.19999999998532908,0.5714285713866546,0.0,0.25000000005215817,0.25,0.03045780552021636,True,0,1.0,1.0000000001278497,0.6603583168515198,1.0000000000618277,0.3301791584257599,0.10293781761835134,0.14000000001708232,0.0,0.014689724636803205
2014-09-17,42,1.0000000000502363,0.6000000000731982,0.19999999998851895,0.5714285713957684,0.0,0.22909995130555028,0.25,0.02801402171404972,True,0,1.0,1.000000000121997,0.4716864249437989,1.0000000000436393,0.23584321247189946,0.16807642804200548,0.14000000002292173,0.0,0.014450757798441755
2014-10-01,42,0.9176246085530517,0.6000000000019187,0.15881230427556653,0.453749440787333,0.0,0.10163629306031494,0.25,0.02975151755470792,True,0,1.0,1.0000000000031979,0.53648653505521,0.9100001333226436,0.268243267527605,0.1498320286950483,0.14,0.0,-2.9553938871364895e-12
2014-10-15,43,0.5157999750209856,0.30496119464738036,0.10541939018680266,0.30119825767657904,0.0,0.39944417566814316,0.39944417564944273,0.015271031722751346,True,0,1.0,0.508268657745634,0.46666666666666673,0.7500000000000001,-0.013636272708309262,0.150681999094044,0.14,0.0,-4.194382687809667e-12
2014-10-29,43,0.443444676821025,0.443444676821025,0.0,0.0,0.0,0.2500000000258684,0.25,0.015723306198581855,True,0,1.0,0.7390744613683751,0.479503917107992,0.7500000000000001,0.02727272729657032,0.239751958553996,0.14,0.0,-5.8018330545031045e-12
2014-11-12,42,0.6926264896143924,0.6000000000049871,0.04631324480470273,0.13232355658486494,0.0,0.25000000000682043,0.25,0.020030698359362054,True,0,1.0,1.0000000000083118,0.5619083867016613,0.7500000000000001,0.014162885855354997,0.28095419335083066,0.14,0.0,0.013893973435960182
2014-11-26,43,0.8397988959981748,0.599999999998337,0.11989944799991895,0.34256985142833984,0.0,0.2500000000002938,0.25,0.024470415872283477,True,0,1.0,0.9999999999972283,0.5245080718555678,0.6249999999989229,0.022992176391206525,0.2622540359277839,0.11999999999982089,0.0,0.03596983439441787
2014-12-11,43,0.569147315440213,0.46914731538399007,0.05000000002811145,0.1428571429374613,0.0,0.2607807831568836,0.2607807831116002,0.020183148734874094,True,0,1.0,0.7819121923066501,0.37084359674133477,0.48114432183926453,0.055125197177078956,0.18542179837066738,0.019964601078092142,0.0,0.014999999992262675
2014-12-26,43,0.2176104476512015,0.2176104476022472,2.4477138630124068e-11,6.993468180035448e-11,0.018204375759927217,0.3907660229025379,0.39076602290405876,0.008741072720304097,True,0,1.0,0.3626840793370787,0.15346558518051828,0.249999999992973,0.07673279259025914,0.04728175030161017,0.019999999998643013,0.0,-1.4495886632925195e-12
2015-01-12,42,0.23004415905291645,0.23004415904543193,3.74225042264124e-12,1.0692144064689258e-11,0.0,0.25000000001566924,0.25,0.006695990943496637,True,0,1.0,0.38340693174238655,0.25,0.33333333333333337,0.0027312871840849207,0.056023551491341333,0.03201766361842765,0.0,0.1
2015-01-27,43,0.37812404317679843,0.3781240431456243,1.5587054174955072e-11,4.453444049987163e-11,0.0,0.2500000000122546,0.25,0.021396306788649323,True,0,1.0,0.6302067385760406,0.36526430817161415,0.32978326888861065,0.18263215408580707,0.056135510314439765,0.032101632737881185,0.0,0.04999999999790633
2015-02-10,43,0.17063698365176744,0.1706369836504828,6.423140056524193e-13,1.8351828732926264e-12,0.0,0.25000000001734396,0.25,0.014238192332628916,True,0,1.0,0.28439497275080466,0.21933997027414134,0.2010616394196124,0.10966998513707067,0.020000000000000004,0.010000000000000002,0.0,-1.356480391275877e-13
2015-02-25,43,0.42298760204373204,0.42298760202741914,8.156433467228733e-12,2.3304095620653522e-11,0.0,0.24999999997051475,0.25,0.029542982647917045,True,0,1.0,0.7049793367123652,0.5096115677428904,0.4549793367754265,0.2548057838714452,0.03999999999401127,0.01999999999730497,0.0,0.04999999999120192
2015-03-11,43,0.4638039258341421,0.4638039258328969,6.226079081526607e-13,1.7788797375790307e-12,0.0,0.2500000000002534,0.25,0.03036433683703179,True,0,1.0,0.7730065430548282,0.5126816234929104,0.4497559913341113,0.2563408117464552,0.03293002206867896,0.0199999999999355,0.0,0.04999999999984581
2015-03-25,42,0.3265830236717869,0.32658302366652914,2.6288551542331656e-12,7.511014726380474e-12,0.0,0.25000000007122086,0.25,0.03272728544576068,True,0,1.0,0.5443050394442153,0.52106004299801,0.460971706078542,0.260530021499005,0.003333333342904714,7.825562420293863e-12,0.0,-3.9720793458790324e-12
2015-04-09,42,0.5755824000069796,0.5755824000053276,8.260084420639215e-13,2.3600241201826332e-12,0.0,0.2500000000019314,0.25,0.053352630876685195,True,0,1.0,0.9593040000088793,0.9377189400813779,0.8762423617377909,0.46885947004068895,0.0033224655370751896,5.051100813071653e-12,0.0,-0.03000000000116292
2015-04-23,43,0.6000000000155542,0.6000000000155542,0.0,0.0,0.0,0.03002694078259209,0.25,0.04857749665570907,True,0,1.0,1.0000000000259237,0.9360935761705371,0.8747524448220122,0.46804678808526856,0.013537630008282779,0.005116636676433266,0.0,-0.02999999999920144
2015-05-07,43,0.7000000000641498,0.6000000000656217,0.049999999999264036,0.14285714285504011,0.0,0.15646601648271943,0.25,0.04422020994163027,True,0,1.0,1.0000000001093696,0.7898397615473822,0.9067228947251332,0.3949198807736911,0.01360039787936113,0.005133576301434118,0.0,0.06594929662681362
2015-05-21,43,0.6992722344312994,0.5999999999487258,0.04963611724128677,0.1418174778322479,0.0,0.2080109805092568,0.25,0.04031857657836286,True,0,1.0,0.999999999914543,0.7260687970726016,0.8310167881195454,0.3630343985363008,0.030466239692645145,6.959075399653729e-13,0.0,0.049890835170069675
2015-06-05,42,0.5999999999913015,0.5999999999851874,3.0570541968364746e-12,8.734440562389928e-12,0.0,0.20456529268234644,0.25,0.044024293715160694,True,0,1.0,0.9999999999753123,0.817903650997322,0.7499999999881461,0.408951825498661,0.0066666666663715846,-8.98743008231775e-13,0.0,0.034847008060855014
2015-06-19,43,0.5999999999953806,0.599999999985951,4.714840418786319e-12,1.347097262510377e-11,0.0,0.007267944621700863,0.25,0.04248423926200355,True,0,1.0,0.9999999999765851,0.8209445517941811,0.7525168254631774,0.41047227589709057,0.006666666666366125,-1.0695760095976802e-12,0.0,0.03355325624384285
2015-07-06,43,0.6000000000030432,0.6000000000023784,3.3240077357277187e-13,9.497164959222055e-13,0.0,0.20090717165419475,0.25,0.04145227175128597,True,0,1.0,1.0000000000039642,0.7098243266852928,0.6666666666711847,0.3549121633426464,0.006666666666511546,0.0,0.0,0.07060506951053347
2015-07-20,43,0.5482893450502057,0.5482893450482176,9.940508562162832e-13,2.840145303475095e-12,0.0,0.25000000000802103,0.25,0.03970074882883661,True,0,1.0,0.9138155750803627,0.7325706340516506,0.6638155750820195,0.3662853170258253,0.0033333333328412137,-1.693756246368139e-13,0.0,0.085
2015-08-03,43,0.7036803097137917,0.6000000000005866,0.05184015485660258,0.14811472816172166,0.0,0.15989263237924972,0.25,0.0434658601373352,True,0,1.0,1.0000000000009777,0.8303512910880925,0.7530669247627254,0.41517564554404623,-0.020981415923207358,-0.020736061942005904,0.0,0.08505560609074345
2015-08-17,43,0.800000000002921,0.6000000000029054,0.10000000000000779,0.285714285714308,0.0,0.09813884747651898,0.25,0.04653981332943534,True,0,1.0,1.0000000000048423,0.9089524790772425,0.8333333333374782,0.45447623953862126,-0.04666666666649299,-0.03999999999991317,0.0,0.08493247741961525
2015-08-31,43,0.15000000000044755,0.15000000000044755,0.0,0.0,0.0,0.6424258365508626,0.6424259365508626,0.005104279286593925,True,0,1.0,0.25000000000074596,0.125,0.16666666666666669,0.0,0.006666666666845682,8.950749480407996e-14,0.0,0.05
2015-09-15,43,0.09996260053311645,0.09996260053311645,0.0,0.0,0.0,0.04978311585795586,0.25,0.0009733202798430387,True,0,1.0,0.16660433422186077,0.01332834673774886,0.16660433422186077,0.0,0.00666417336887443,0.0,0.0,0.0
2015-09-29,43,0.1,0.1,0.0,0.0,0.0,0.0002823372279714964,0.25,0.0009529753165632743,True,0,1.0,0.16666666666666669,0.013333333333333334,0.16666666666666669,0.0,0.006666666666666667,0.0,0.0,0.0
2015-10-13,43,0.0,0.0,0.0,0.0,0.0,0.10004239755776527,0.25,0.0,True,0,1.0,0.0,0.0,0.0,0.0,0.0,0.0,0.0,0.0
2015-10-27,42,0.2000000000007932,-6.884525461209208e-13,0.10000000000074083,0.2857142857164024,0.0,0.2000000000007932,0.25,0.007004151959027112,True,0,1.0,1.1474209102015348e-12,0.2666666666650197,0.49999999999752587,-0.036363636363214054,0.019999999999636454,-0.07999999999950591,0.0,-2.7391932650874227e-13
2015-11-10,44,0.15000000000021038,0.05000000000023825,0.04999999999998607,0.14285714285710308,0.0,0.04929010046000901,0.25,0.004313555630126484,True,0,1.0,0.08333333333373041,0.09999999999995356,0.3749999999999652,-0.018181818181613966,0.030000000000002826,-0.029999999999986066,0.0,0.0
2015-11-24,44,0.29999745631506386,0.2999974563035392,5.762360895459103e-12,1.6463888272740295e-11,0.0,0.2500000000037562,0.25,0.010320857898739681,True,0,1.0,0.49999576050589867,0.17641037699204223,0.25641050762757683,0.041955592483018785,0.08820518849602112,0.019999999998956165,0.0,-1.1857318998994478e-12
2015-12-09,44,0.24259996605362547,0.24259996605161574,1.0048628595882292e-12,2.871036741680655e-12,0.0002683745799817519,0.25000000001112416,0.25,0.02151454670336303,True,0,1.0,0.4043332767526929,0.2587847117687193,0.2500000000004549,0.12939235588435966,0.04010734983157229,0.01999999999981804,0.0,0.0
2015-12-23,44,0.29759830518473934,0.29759830518473934,0.0,0.0,0.0,0.055503621033302294,0.25,0.02455503683259766,True,0,1.0,0.49599717530789894,0.26836055488066457,0.25,0.13418027744033229,0.04000000000013441,0.020000000000000004,0.0,0.05
2016-01-08,44,0.2461635386755702,0.2461635386755702,0.0,0.0,0.0,0.14539152732995936,0.25,0.012450830466407527,True,0,1.0,0.4102725644592837,0.2499999999981587,0.3333333333308783,0.04196685334347545,0.039999999999396144,0.019999999999688784,0.0,0.09999999999926348
2016-01-25,44,0.199999999999486,-1.187383524836605e-13,0.09999999999980237,0.2857142857137211,0.0,0.2467763936989987,0.25,0.004310439439326792,True,0,1.0,1.9789725413943415e-13,0.06666666666659586,0.24999999999920908,1.9104700316676464e-14,-0.00666666666670954,0.019999999999978757,0.0,0.0
2016-02-08,44,0.10000000000004915,0.10000000000004915,0.0,0.0,0.0,0.10202447577956286,0.25,0.002527979396907203,True,0,1.0,0.1666666666667486,0.08000000000001967,0.25000000000012285,1.7871694597546654e-14,0.04000000000000983,0.02000000000004915,0.0,0.0
2016-02-23,44,0.10000000000011393,0.09999999999956237,2.757793993168889e-13,7.879411409053969e-13,0.0,0.0002552968492225416,0.25,0.0024044015786777724,True,0,1.0,0.1666666666659373,0.07999999999968466,0.2499999999995304,5.2255768449812225e-14,0.03999999999984233,0.02000000000002544,0.0,0.0
2016-03-08,44,0.34952441310841115,0.34952441310693655,7.372838133906822e-13,2.106525181116235e-12,0.0,0.25000000000683653,0.25,0.012580443045296933,True,0,1.0,0.5825406885115609,0.21333333333592544,0.3333333333381472,0.04502219373108069,0.10666666666796272,0.019999999999744597,0.0,0.0
2016-03-22,44,0.5991850187646035,0.5991850187646035,0.0,0.0,0.0,0.25000000000057987,0.25,0.02889853958837561,True,0,1.0,0.9986416979410059,0.4133333333335573,0.5000000000027994,0.18107728978447554,0.20666666666677866,0.020000000000000004,0.0,-3.480549182199866e-15
2016-04-06,44,0.6000000000019936,0.6000000000019936,0.0,0.0,0.0,0.00417170657355197,0.25,0.028834093706612184,True,0,1.0,1.0000000000033227,0.4133333333343083,0.500000000003404,0.18181818181759005,0.20666666666715414,0.02000000000060219,0.0,0.0
2016-04-20,44,0.7000000000314517,0.6000000000314516,0.05,0.14285714285714288,0.0,0.10400637215127351,0.25,0.030192278685705284,True,0,1.0,1.0000000000524194,0.4604133471141951,0.4984231048076294,0.19013361510719298,0.23020667355709756,0.0617991605269852,0.0,-0.05
2016-05-04,44,0.899999999967722,0.5999999999607224,0.1500000000034998,0.42857142858142805,0.0,0.2042681902371189,0.25,0.03534973557433731,True,0,1.0,0.9999999999345374,0.5666419294080736,0.628887123866362,0.12235663323068209,0.2833209647040368,0.10124387964268101,0.0,-0.019999999999762715
2016-05-18,44,0.9458248117939533,0.6000000000091342,0.17291240589240958,0.49403544540688454,0.0,0.250000000007646,0.25,0.035149052603843246,True,0,1.0,1.0000000000152238,0.5916416851780338,0.6928661172299474,0.13496697738385421,0.2958208425890169,0.12171715751370862,0.0,-0.1
2016-06-02,44,0.953466473560269,0.6000000000718188,0.17673323674422514,0.5049521049835004,0.0,0.1538908886392944,0.25,0.03456709676904043,True,0,1.0,1.000000000119698,0.5917216437571954,0.6929270601941558,0.14427357097841953,0.2958608218785977,0.12173665926285987,0.0,-0.0850000000026566
2016-06-16,43,0.8000000000022717,0.6000000000022717,0.1,0.28571428571428575,0.0,0.20382664655761312,0.25,0.028081000548738806,True,0,1.0,1.0000000000037863,0.6128726936266808,0.7500000000096089,0.11870527238984055,0.3064363468133404,0.14000000000384358,0.0,-0.1
2016-06-30,44,0.4164902499510377,0.4164902499510377,0.0,0.0,0.03295238558052316,0.45430717177554536,0.45430717176618757,0.020127190670601786,True,0,1.0,0.6941504165850629,0.33711756168521967,0.3750000000123996,0.10962307160615822,0.16855878084260983,0.08000000000495984,0.0,0.0
2016-07-15,44,0.4005443123858174,0.4005443123856068,1.053046538856961e-13,3.008704396734174e-13,0.0,0.2500000000156913,0.25,0.01970778987514128,True,0,1.0,0.6675738539760113,0.4000000000210074,0.5000000000157554,0.1186766476078168,0.1466666666687335,0.12000000000630222,0.0,-1.053046538856961e-13
2016-07-29,44,0.6000000000653498,0.6000000000653498,0.0,0.0,0.0,0.20067563711234748,0.25,0.028107933128464845,True,0,1.0,1.0000000001089164,0.40000000004117964,0.5000000000415118,0.18197637044488482,0.17333333335005066,0.12000000001235389,0.0,0.0
2016-08-12,44,0.6000000000346505,0.6000000000346505,0.0,0.0,0.0,0.00656160090643719,0.25,0.0279556125490218,True,0,1.0,1.000000000057751,0.4000000000534341,0.5000000000557377,0.18189268823328325,0.17331147813235562,0.12000000001603023,0.0,-5.142553050063725e-13
2016-08-26,44,0.5999999999029115,0.5999999998725742,1.516862954426292e-11,4.3338941555036916e-11,0.0,0.0055813142414383315,0.25,0.027838327542864326,True,0,1.0,0.9999999997876238,0.3999999999915679,0.49999999997587197,0.18196745218475652,0.1732895473203204,0.11999999999747037,0.0,1.122448351949504e-12
2016-09-12,44,0.6000000000667547,0.6000000000646584,1.048157827141043e-12,2.9947366489744086e-12,0.0,0.19318644814594946,0.25,0.022934784161173484,True,0,1.0,1.000000000107764,0.4642001920953874,0.7407507202153463,0.0946079257607903,0.21183166792055275,0.1392600576286162,0.0,-5.283298537639138e-13
2016-09-26,44,0.5483410975490886,0.5483410974609917,4.4048410532890694e-11,1.2585260152254484e-10,0.0,0.2500000000871493,0.25,0.017150244491314588,True,0,1.0,0.9139018291016529,0.5238397718500735,0.734173203795759,0.0808007759574799,0.18452986046148803,0.15715193155502202,0.0,2.0900947643334244e-12
2016-10-10,44,0.6000000000643568,0.6000000000515051,6.425831431209412e-12,1.8359518374884036e-11,0.0,0.15701340852119966,0.25,0.01753981455308211,True,0,1.0,1.000000000085842,0.6666666666666667,0.875,0.10088774273836901,0.20970486314029657,0.2,0.0,2.1586627372582123e-13
2016-10-24,44,0.6000000002044179,0.6000000002044179,0.0,0.0,0.0,0.19952000088024774,0.25,0.01966012716022501,True,0,1.0,1.0000000003406966,0.7333333333333335,0.7500000000000001,0.11001229430326943,0.21292792391511492,0.22000000000000003,0.0,-4.3224854946139454e-12
2016-11-07,44,0.5493211452392679,0.5493211452392679,0.0,0.0,0.0,0.2500000000646201,0.25,0.026559641826589295,True,0,1.0,0.9155352420654466,0.7333333333333335,0.7500000000000001,0.2038665997016169,0.16666666667023244,0.22000000000000003,0.0,-7.147280079497279e-12
2016-11-21,44,0.2505535819106998,0.2505535819106998,0.0,0.0,0.0,0.2948872948402473,0.2948872948388057,0.021967554479839547,True,0,1.0,0.4175893031844997,0.3558235191533425,0.2511464351844659,0.17791175957667124,0.0199731441599513,0.0998657207997565,0.0,-4.737529792026723e-12
2016-12-06,44,0.29889347333201466,0.29889347333179783,1.0841587151768322e-13,3.0975963290766634e-13,0.0,0.15123449211127896,0.25,0.018304090325780082,True,0,1.0,0.4981557888863297,0.33333333333333337,0.33333333333333337,0.1262667939379902,0.020000000000000004,0.1,0.0,0.1
2016-12-20,44,0.5452332423423789,0.5452332423386335,1.8727241978128994e-12,5.350640565179713e-12,0.0,0.2500000000007321,0.25,0.03862133896785573,True,0,1.0,0.9087220705643891,0.7004240769806869,0.5753887372382054,0.35021203849034344,0.020000000000085495,0.09999999999952645,0.0,0.09999999999926681
2017-01-05,44,0.6941972544461301,0.49419725444281426,0.10000000000165787,0.2857142857190225,0.0,0.2500000000007192,0.25,0.0392181436647323,True,0,1.0,0.8236620907380238,0.8803586444405013,0.7403287574099497,0.44017932222025064,-0.019999999999727486,0.07999999999985258,0.0,0.04999999999999378
2017-01-20,44,0.9407643134010726,0.3476674154537148,0.2965484489736789,0.8472812827819397,0.0,0.2500000000703355,0.25,0.04012549286896248,True,0,1.0,0.579445692422858,0.8803924807711923,0.7403597740411658,0.4401962403855961,-0.08528604625535792,0.080089566109146,0.0,0.09999999999700936
2017-02-03,44,1.000000000020953,0.4081909906001854,0.2959045047103839,0.8454414420296683,0.0,0.06497846579991666,0.25,0.04647203945081359,True,0,1.0,0.6803183176669757,1.0000000000286153,0.8401591588498566,0.5000000000143077,-0.08502846854913752,0.08018553822628416,0.0,0.09999999999595145
2017-02-17,44,1.0000000000151366,0.4519122182769816,0.27404389086907743,0.7829825453402213,0.0,0.10480480110146617,0.25,0.04580938552004084,True,0,1.0,0.753187030461636,1.0000000000255977,0.9166666666882386,0.5000000000127989,-0.0666666666661389,0.09000000000089245,0.0,0.1072131672557731
2017-03-06,44,0.8902401768634672,0.6000000000385293,0.14512008841246898,0.4146288240356257,0.0,0.250000000032182,0.25,0.0451803959052047,True,0,1.0,1.0000000000642155,1.000000000061716,0.9837336280943817,0.500000000030858,-0.01333333333129941,0.10000000000345799,0.0,0.11353602651694478
2017-03-20,44,0.9005852652596096,0.5994147346785088,0.15058526529055039,0.4302436151158583,0.0,0.2500000000194874,0.25,0.039880027826220105,True,0,1.0,0.9990245577975148,0.9999999999216511,0.9999999999595703,0.49999999996082556,-0.013521387977054555,0.09999999999860633,0.0,0.11419028056845408
2017-04-03,44,1.0000000003288687,0.5965690964799454,0.2017154519244616,0.5763298626413189,0.0,0.12769470201154576,0.25,0.040934187475113945,True,0,1.0,0.9942818274665757,1.0000000005611502,0.9834453502796324,0.5000000002805751,0.0006389032632114025,0.14733417167956928,0.0,0.11446657545328906
2017-04-18,44,0.8005544808615499,0.5999999996434269,0.1002772406090615,0.2865064017401757,0.0,0.30142386735108445,0.30142386707169655,0.03836651608302998,True,0,1.0,0.9999999994057115,0.9988551073953401,0.9799201608927749,0.49942755369767006,-0.0020102599150692143,0.14798241155717864,0.0,0.016872823058388733
2017-05-02,44,0.8800000000264074,0.60000000002304,0.14000000000168372,0.4000000000048107,0.0,0.17055057618830782,0.25,0.03805099895191644,True,0,1.0,1.0000000000384,1.0000000000417766,1.0000000000246514,0.5000000000208883,0.010123612248524672,0.18000000000000002,0.0,0.017189537910618443
2017-05-16,44,0.8795591935289099,0.5999999999274257,0.13977959680074206,0.3993702765735488,0.0,0.25000000005864914,0.25,0.0310272643453476,True,0,1.0,0.9999999998790429,0.9999999998966207,0.9999999999695138,0.49999999994831035,0.06123211110474654,0.17980408601021608,0.0,0.017464325568475384
2017-05-31,44,0.8792772488728748,0.6000000000935476,0.13963862438966362,0.39896749825618183,0.0,0.005576831180502555,0.25,0.03175572358816963,True,0,1.0,1.0000000001559126,0.9994524980850557,1.0000000000463647,0.4997262490425278,0.061381516748283155,0.18000000000139899,0.0,0.017139428237628974
2017-06-14,43,0.8791500783466732,0.6000000000407174,0.13957503915297792,0.3987858261513655,0.0,0.2500000000302771,0.25,0.02843878368724466,True,0,1.0,1.0000000000678624,0.971181960624243,1.000000000034027,0.4855909803121215,0.06138999478396194,0.18000000000318847,0.0,-0.019701553585776677
2017-06-28,44,0.93968711259708,0.5999999999751454,0.16984355631096737,0.4852673037456211,0.0,0.25000000000349903,0.25,0.030381827583521658,True,0,1.0,0.9999999999585757,0.9999999999671089,0.9999999999870017,0.49999999998355443,0.06560087998551019,0.18210572320900023,0.0,-0.10304905809265305
2017-07-13,43,0.8603722594728395,0.6000000001947868,0.13018612963902626,0.3719603703972179,0.0,0.17303021226858567,0.25,0.02738929620190647,True,0,1.0,1.0000000003246448,0.8468813081070855,1.000000000131307,0.42344065405354275,0.07080549216728142,0.18198374759022182,0.0,-0.10485941832138515
2017-07-27,44,0.960780051710118,0.6000000000221511,0.1803900258439834,0.5154000738399526,0.0,0.25000000001694395,0.25,0.02698292792761395,True,0,1.0,1.0000000000369187,0.8459388301005321,1.0000000000132938,0.42296941505026603,0.04100002301692356,0.19193642206889078,0.0,-0.10483831664157811
2017-08-10,44,0.8458408739156755,0.6000000000826657,0.1229204369165048,0.35120124833287086,0.0,0.2236996304784443,0.25,0.028222755298086235,True,0,1.0,1.0000000001377762,0.8493655838961194,1.0000000000348797,0.4246827919480597,0.06060271486355761,0.13956546258324898,0.0,-0.10498501082616145
2017-08-24,44,0.7767621126466031,0.6000000000431491,0.08838105630172696,0.25251730371921993,0.0,0.10368260969081791,0.25,0.028645944492907922,True,0,1.0,1.0000000000719154,0.8207548190832598,0.8585719560047643,0.4103774095416299,0.06693830731976798,0.14294037318340977,0.0,-0.11000000000911608
2017-09-08,44,0.9201882666427635,0.6000000000896808,0.16009413327654134,0.45741180936154674,0.0,0.1511938580747897,0.25,0.03033128169831306,True,0,1.0,1.000000000149468,0.9106428259999728,0.9419016125341094,0.4553214129999864,0.04243833688580515,0.1465218852379583,0.0,-0.11000000001259466
2017-09-22,44,0.822868980781093,0.5999999995686982,0.11143449060619742,0.3183842588748498,0.0,0.2500000003450119,0.25,0.02313885971900834,True,0,1.0,0.9999999992811637,0.6826968187869569,0.8135408750777048,0.34134840939347844,0.07598130939812439,0.14611436497189548,0.0,-0.10999999997500559
2017-10-06,44,0.9930218393383715,0.6000000000875865,0.1965109196253925,0.5614597703582643,0.0,0.2500000000863682,0.25,0.026085143962087266,True,0,1.0,1.0000000001459775,0.7743327929694647,0.8188525337778615,0.38716639648473233,0.0570114021328249,0.2000000000047377,0.0,-0.16000000000329126
2017-10-20,44,1.0000000002230356,0.6000000003086351,0.19999999995720022,0.5714285713062863,0.0,0.19995286338552573,0.25,0.02161707918497671,True,0,1.0,1.0000000005143919,0.663823700695002,0.8354290704908284,0.2987395757383209,0.10688448969696647,0.19914711020850057,0.0,-0.14391962285589122
2017-11-03,44,0.9999999999956427,0.5999999999869601,0.20000000000434132,0.5714285714409753,0.0,0.10104616948364557,0.25,0.023324850180475535,True,0,1.0,0.9999999999782668,0.6652499971567971,0.8346805754243303,0.30065506179348284,0.1069807361408378,0.19957499914703913,0.0,-0.13000000000950973
2017-11-17,44,0.9999999999733328,0.5999999998580431,0.20000000005764482,0.571428571593271,0.0,0.25000000004056916,0.25,0.024720269905388958,True,0,1.0,0.9999999997634051,0.7019730978002255,0.9519662429152855,0.35098654890011277,0.09159966344668137,0.12715537346046116,0.0,-0.11559509697188522
2017-12-04,44,0.735984861571342,0.5999999998261325,0.06799243087260477,0.19426408820744223,0.0,0.29669446024328655,0.2966944601002625,0.01880741512841178,True,0,1.0,0.9999999997102209,0.5531527031686545,0.7338935810174257,0.27657635158432725,0.08602133526069673,0.09867426429052101,0.0,-0.024362526600279363
2017-12-18,44,0.7904042255621008,0.6000000000188566,0.09520211277162202,0.27200603649034866,0.0,0.25000000002037487,0.25,0.02505788363100832,True,0,1.0,1.0000000000314277,0.7569014700099267,0.9435762642389369,0.37845073500496335,0.046805133682641574,0.07909451488060118,0.0,-0.06444678657741709
2018-01-03,44,0.9228855700054011,0.6000000000461189,0.161442784979641,0.4612650999418315,0.0,0.25000000003388073,0.25,0.029302210733750146,True,0,1.0,1.0000000000768647,0.9283582054776822,1.0000000000508544,0.4641791027388411,-0.014872303979580745,0.07084577200490999,0.0,-0.09843283550698506
2018-01-18,44,0.8722975001258482,0.6000000000393971,0.13614875004322552,0.38899642869493006,0.0,0.2373182321295267,0.25,0.026854389994563587,True,0,1.0,1.000000000065662,0.8546686365641553,1.0000000000430818,0.42733431828207763,0.035441333289432796,0.07108099995817585,0.0,-0.07584462502426174
2018-02-01,44,0.7406638100272471,0.5474667742550817,0.0965985178860827,0.2759957653888077,0.0,0.25000000017654883,0.25,0.025645160620954968,True,0,1.0,0.9124446237584696,0.7544214944834742,0.7842921047702124,0.3772107472417371,0.03514722835539866,0.07048127886466425,0.0,-0.08901247550953473
2018-02-15,44,0.14951617365233183,0.05048382634766817,0.049516173652331845,0.14147478186380527,0.0,0.5842544309198644,0.5842545309198642,0.003008824667161646,True,0,1.0,0.08413971057944696,0.12379043412800497,0.16666666666854976,0.0,0.0006666666665913433,0.0,0.0,-0.04951617365120199
2018-03-02,44,0.10000000000113217,0.09999999999886784,1.1321575281452835e-12,3.23473579470081e-12,0.0,0.05052789093515421,0.25,0.0002658798383640854,True,0,1.0,0.16666666666477975,0.0013333333331823792,0.16666666666855362,0.0,0.0006666666665911896,0.0,0.0,0.0
2018-03-16,44,0.3499693879518988,-0.14996938792559983,0.24996938793874932,0.7141982512535695,0.0,0.2500000000189174,0.25,0.005680173473705585,True,0,1.0,0.24994897987599973,0.13866258506060447,0.5832823132268459,1.1337753967989205e-11,-0.06933129253030224,-3.8793412926452223e-13,0.0,-2.4825697053643125e-12
2018-04-02,44,0.35016124519378244,-0.15016124517821958,0.250161245186001,0.7147464148171458,0.0,0.0021456835420229584,0.25,0.005774674636252243,True,0,1.0,0.2502687419636993,0.13868816602572318,0.5836020753065512,6.475965672370146e-12,-0.06934408301286159,-2.23781250018271e-13,0.0,-1.9651896676897536e-12
2018-04-16,44,0.3488513373814216,-0.14885133735839898,0.2488513373699103,0.7110038210568866,0.0,3.6783531172497774e-05,0.25,0.005897985156083896,True,0,1.0,0.2480855622639983,0.13790613304864638,0.5814188956110155,9.866026361771114e-12,-0.06895306652432319,-5.9650451734922e-13,0.0,-2.9043127874678803e-12
2018-04-30,44,0.10000000000473132,0.10000000000473132,0.0,0.0,0.0,0.24718114837059738,0.25,0.00021258661452015247,True,0,1.0,0.1666666666745522,0.0013333333333333335,0.16666666666666669,4.021022082546461e-12,0.0006666666666666668,0.0,0.0,-9.166997075704181e-13
2018-05-14,44,0.3000000000441518,0.3000000000397515,2.200128967910203e-12,6.2860827654577234e-12,0.0,0.20005127841232562,0.25,0.02249710745888021,True,0,1.0,0.5000000000662526,0.30909090916144105,0.3333333333982879,0.15454545458072053,0.0006666666672102468,3.736122522486042e-12,0.0,-0.06000000000378946
2018-05-29,44,0.35010837497342945,0.3501083749733966,1.6400177255992102e-14,4.685764930283458e-14,0.0,0.25000000000062866,0.25,0.028930480429721312,True,0,1.0,0.5835139582889943,0.38201522722573206,0.4168472916223824,0.19100761361286603,0.0006666666666666668,0.0,0.0,-0.06
2018-06-12,44,0.452429554399273,0.4524295543749337,1.2169644509605662e-11,3.477041288458761e-11,0.0,0.10298609809254503,0.25,0.03962971659566123,True,0,1.0,0.7540492572915563,0.5862355534683947,0.5873825907026275,0.29311777673419737,0.000666666666434083,-3.0629868107731993e-12,0.0,-0.059999999994381804
2018-06-26,44,0.40590255568887684,0.4059025556818827,3.497058436548142e-12,9.991595532994693e-12,0.0,0.2500000000050106,0.25,0.02558282331711857,True,0,1.0,0.6765042594698045,0.37436828306401265,0.3431709261507592,0.18718414153200633,0.0006666666681193712,9.65546206913869e-13,0.0,0.08499999999880628
2018-07-11,44,0.4559267613792981,0.45592676137524807,2.0250025193069018e-12,5.785721483734005e-12,0.0,0.24999999999869754,0.25,0.044274357722637825,True,0,1.0,0.7598779356254135,0.6471395661336415,0.5932112689591724,0.32356978306682077,0.0006666666678600202,8.597536525658537e-13,0.0,-0.01499999999997993
2018-07-25,44,0.6026413314342566,0.6000000000107049,0.0013206657117758517,0.003773330605073862,0.0,0.2500000000188146,0.25,0.05337076427097977,True,0,1.0,1.0000000000178415,0.7478557558450307,0.668867776191845,0.37392787792251536,-3.768837655477873e-05,-0.0005282662824161992,0.0,0.10000000000002082
2018-08-08,44,0.6005933752170295,0.5999999999646132,0.0002966876262081962,0.0008476789320234178,0.0,0.003603385695475743,0.25,0.048829797982013326,True,0,1.0,0.999999999941022,0.7456932760178732,0.6676556253729351,0.3728466380089366,0.0006666666670116757,-8.98384867768423e-13,0.0,0.09999999999790302
2018-08-22,44,0.6000000000264276,0.6000000000264276,0.0,0.0,0.0,0.003664157628671826,0.25,0.0448333888078747,True,0,1.0,1.000000000044046,0.7455553134649644,0.6661514475300692,0.3727776567324822,0.0007838455749854605,0.0005858945291962753,0.0,0.09972323697348978
2018-09-06,44,0.8483034509909801,0.600000000020411,0.12415172548528455,0.35471921567224163,0.0,0.25000000001561373,0.25,0.03940004198446605,True,0,1.0,1.0000000000340183,0.637071458270241,0.9143633270266248,0.3185357291351205,0.020666666667150637,0.10000000000024199,0.0,0.09968545477379535
2018-09-20,44,0.8982278097996187,0.6000000000267705,0.14911390488642406,0.42603972824692593,0.0,0.15066243086540937,0.25,0.03619719161602795,True,0,1.0,1.0000000000446174,0.6394971161102345,1.0000000000174887,0.31974855805511726,0.020666666666844836,0.1,0.0,0.09822780978645294
2018-10-04,44,1.000000000004872,0.6000000000090221,0.199999999997925,0.5714285714226429,0.0,0.2500000000094802,0.25,0.034928550714252264,True,0,1.0,1.0000000000150369,0.789760877324073,1.0000000000023666,0.3948804386620365,-0.025999999999769853,0.019999999999999997,0.0,0.10655272378615241
2018-10-18,44,0.5250924083413231,0.38302958653386987,0.07103141090372661,0.20294688829636176,0.0,0.46160746338113784,0.46160746337696495,0.0169523864097821,True,0,1.0,0.6383826442231165,0.3048035608222872,0.37500000000000006,0.1524017804111436,-0.00266666666666688,0.06,0.0,0.10630942327085273
2018-11-01,44,0.3000001037965593,0.3000001037879454,4.306985451531692e-12,1.2305672718661977e-11,0.0,0.22727295289767008,0.25,0.008696790253248508,True,0,1.0,0.5000001729799091,0.25,0.33333333333333337,0.06363645798758476,0.010666666665659217,0.05,0.0,0.1
2018-11-15,44,0.2500001046270753,0.25000010462388467,1.595297601752003e-12,4.557993147862866e-12,0.0,0.05102060743052847,0.25,0.008547879688633594,True,0,1.0,0.4166668410398078,0.24999999999610006,0.33333333332817455,0.04545464056985242,0.0006666666668838684,1.1683987111155148e-13,0.0,0.09999999999844003
2018-11-30,44,0.39715196437969436,0.39715196437873057,4.81874118133264e-13,1.3767831946664686e-12,0.0,0.24999999999310668,0.25,0.012782550022275227,True,0,1.0,0.6619199406312176,0.2499999999961456,0.33333333332831555,0.08831996762160753,0.007333333333913404,2.0092028069633895e-13,0.0,0.09999999999845825
2018-12-17,44,0.4423652980142905,0.24236529801420842,0.10000000000004104,0.285714285714403,0.0,0.15202823589300085,0.25,0.01303236703979578,True,0,1.0,0.40394216335701405,0.25,0.33333333333333337,0.07487754364931018,-0.049333333333352485,-0.040000000000032836,0.0,0.1
2019-01-02,44,0.20892298336848036,0.1910770166315196,0.008922983368480384,0.025494238195658242,0.0,0.2500000000075192,0.25,0.0030539656421468353,True,0,1.0,0.318461694385866,0.125,0.25000000000461453,-0.0016223606119475837,-0.00016405890529084597,-0.007138386692569368,0.0,0.05
2019-01-16,44,0.05,0.05,0.0,0.0,0.0,0.15896201004037525,0.25,9.338769458091884e-05,True,0,1.0,0.08333333333333334,0.0006666666666666668,0.08333333333333334,0.0,0.0003333333333333334,0.0,0.0,0.0
2019-01-31,44,0.3000431232874935,0.300043123286602,4.457441360461445e-13,1.2735546744175558e-12,0.0,0.2500000000033691,0.25,0.0038920760652691867,True,0,1.0,0.5000718721443367,0.1251078082126766,0.250000000003179,-2.0416749099441941e-13,0.04400000000111923,0.020000000000000004,0.0,0.05004312328507065
2019-02-14,44,0.5504685413755759,0.5504685413733281,1.1238615390485997e-12,3.211032968710285e-12,0.0,0.24999999999820333,0.25,0.01080693523227916,True,0,1.0,0.9174475689555469,0.3205528925139768,0.6660162993125242,-4.287339413591124e-13,0.1602764462569884,0.019999999999303138,0.0,0.0508587617882012
2019-03-01,44,0.7000000000500698,0.6000000000511164,0.049999999999476685,0.14285714285564768,0.0,0.24917055870288168,0.25,0.013707210972445743,True,0,1.0,1.000000000085194,0.3333373163129712,0.6653455322360023,-0.018181546609443617,0.1604162377167778,0.10000119489389135,0.0,0.06578969347480547
2019-03-15,44,0.701363681077128,0.5999999998086738,0.05068184063422711,0.1448052589549346,0.0,0.0028994705131848457,0.25,0.013759109182157354,True,0,1.0,0.9999999996811231,0.33333734597911296,0.6666666665484761,-0.018801399691276463,0.16066827172058107,0.10000120379373388,0.0,0.06567883101707096
2019-03-29,44,0.8483015898483047,0.6000000002204492,0.12415079481392781,0.3547165566112223,0.0,0.250000000175255,0.25,0.03442131526996151,True,0,1.0,1.0000000003674154,0.4310443767115546,0.6832082062402463,-0.09015430553835298,0.19975108399170027,0.12931331301346638,0.0,0.050867512446647715
2019-04-12,44,0.7924835275256662,0.5435817589213096,0.12445088430217836,0.3555739551490811,0.0,0.2500000001748617,0.25,0.032425264673159336,True,0,1.0,0.9059695982021826,0.4320005200350393,0.6850009748987634,-0.03130594843307006,0.16346687463970785,0.12960015601051178,0.0,0.051090266943470436
2019-04-29,44,1.0000000002508083,0.6000000003274397,0.19999999996168422,0.5714285713190977,0.0,0.2500000001456189,0.25,0.03554276793877057,True,0,1.0,1.000000000545733,0.7195791203327974,0.939684340249598,-0.08592634438689416,0.19606629616465251,0.2158737360998392,0.0,0.0668272464551613
2019-05-13,44,0.9999999996819564,0.59999999959403,0.20000000004396318,0.5714285715541806,0.0,0.24999999994163424,0.25,0.032111058626172174,True,0,1.0,0.9999999993233835,0.7999999997611549,0.9999999996803494,-0.09327349578669634,0.2062512394527783,0.23999999992834645,0.0,0.06590046240160433
2019-05-28,44,0.9999999996708986,0.59999999934387,0.2000000001635143,0.5714285718957551,0.0,0.06019597530524244,0.25,0.031851025084744716,True,0,1.0,0.9999999989064501,0.7999999996402123,0.999999999501219,-0.11102301393939075,0.21741982959828826,0.23999999989206366,0.0,0.06653887344982622
2019-06-11,44,0.9517943997003714,0.535009489043034,0.20839245532866874,0.5954070152247678,0.0,0.2500000000542682,0.25,0.02932289135929249,True,0,1.0,0.89168248173839,0.8,1.0,-0.07899536602884048,0.19399999998245482,0.24000000000000002,0.0,0.11597569036358801
2019-06-25,45,0.601118477936789,0.28571701411924416,0.15770073190877243,0.45057351973934984,0.0,0.3536322410516032,0.3536322409878729,0.02647502297932003,True,0,1.0,0.4761950235320736,0.24935998287288333,0.3747859283587774,-0.0875869577308588,0.08385976864359371,0.0699828742687022,0.0,0.09974399314915333
2019-07-10,45,0.8563533315232236,0.5308695831225487,0.16274187420033742,0.4649767834295355,0.0,0.24999999999268008,0.25,0.028158481040249296,True,0,1.0,0.8847826385375812,0.43282247168577626,0.6649974690369602,-0.09153494511683517,0.21641123584288813,0.0703971052350189,0.0,0.10053980471990165
2019-07-24,45,0.9287467950082425,0.6000000000267703,0.16437339749073607,0.4696382785449602,0.0,0.25000000002478584,0.25,0.025341548573952828,True,0,1.0,1.0000000000446172,0.5021242864379704,0.678012214198675,-0.07458436973066263,0.24063754382740005,0.15063728593139109,0.0,0.06303556621305326
2019-08-07,45,0.6594734898553454,0.355901203976578,0.15178614293938367,0.4336746941125248,0.0,0.2514990732955969,0.2514990731719237,0.019193606006479427,True,0,1.0,0.5931686732942967,0.492358144261705,0.6169545908480135,-0.06502023600508734,0.14206535647098614,0.14770744327851149,0.0,0.06188348254938233
2019-08-21,45,0.5061396128885252,0.19507184248032086,0.15553388520410216,0.44438252915457765,0.0,0.25000000002056766,0.25,0.02089206526421131,True,0,1.0,0.32511973746720146,0.392251241430645,0.4862971930919261,-0.07202943555648889,0.1004835003404524,0.11767537242919349,0.0,0.06243472318321437
2019-09-05,45,0.5865563190703059,0.34341465094778323,0.12157083406126136,0.3473452401750325,0.0,0.2500000000194807,0.25,0.019908276046204078,True,0,1.0,0.5723577515796388,0.7000000000000001,0.7500000000000001,0.005414559223769399,0.11333333333333334,0.21000000000000002,0.0,0.1000000000001035
2019-09-19,45,0.4876026710771958,0.29359851617869626,0.09700207744924981,0.2771487927121423,0.0,0.2500000000258503,0.25,0.017622108354304954,True,0,1.0,0.48933086029782713,0.36644420979832587,0.3741657867985847,0.007405478468651707,0.0403717670511496,0.10993326293949776,0.0,0.09999999999043432
2019-10-03,45,0.7331812743112008,0.5443597510406223,0.0944107616352893,0.26974503324368376,0.0,0.2500000000263865,0.25,0.02337249019641727,True,0,1.0,0.9072662517343705,0.36253272339443743,0.47403576214196996,0.11042217647690868,0.05708529674187599,0.10875981701833122,0.0,0.09999999999996369
2019-10-17,45,0.9866418884758432,0.5999999999773995,0.19332094424922186,0.5523455549977768,0.0,0.2500000000066112,0.25,0.03340095916645813,True,0,1.0,0.9999999999623326,0.36666666665657877,0.7302898190473361,0.05593818448832793,0.08045766398121448,0.10999999999697363,0.0,0.09917900063298668
2019-10-31,45,0.9999999999995651,0.5999999999991953,0.20000000000018495,0.5714285714290999,0.0,0.25000000000466815,0.25,0.03398737418970792,True,0,1.0,0.9999999999986589,0.4036283435550856,0.7049708604020998,0.03248119911501747,0.09565391324474996,0.12108850306652567,0.0,0.09908455014092829
2019-11-14,45,1.0000000000256344,0.600000000031074,0.19999999999728021,0.5714285714208006,0.0,0.20754865747451925,0.25,0.034102387849996085,True,0,1.0,1.0000000000517901,0.671015973912497,0.7001716000958872,0.04851686870764516,0.1424183023927704,0.2013047921737491,0.0,0.0016943720982465758
2019-11-29,45,1.0000000001006286,0.6000000001236324,0.1999999999884981,0.5714285713957089,0.0,0.24896830526871191,0.25,0.030419688701763294,True,0,1.0,1.000000000206054,0.7660793938049741,0.8748481287521377,0.056480866210433064,0.1547600034682074,0.22982381814149225,0.0,0.014999999996336024
2019-12-13,45,1.0000000002081588,0.600000000231493,0.19999999998833295,0.5714285713952371,0.0,0.25000000015877877,0.25,0.029517490936994868,True,0,1.0,1.0000000003858218,0.8,1.0,0.04493035399036726,0.16733333335574643,0.24000000000000002,0.0,0.022789156690528528
2019-12-30,45,1.0000000000467293,0.6000000000543864,0.19999999999617157,0.5714285714176331,0.0,0.2500000000287541,0.25,0.025346849292147162,True,0,1.0,1.000000000090644,0.7997067988510549,0.9990325666284273,0.04949172502253532,0.16715370953032974,0.23991203965531646,0.0,0.029594340401186282
2020-01-14,45,1.0000000001587845,0.600000000169132,0.19999999999482623,0.5714285714137892,0.0,0.11195310011354014,0.25,0.025218760382735052,True,0,1.0,1.0000000002818867,0.7998470265390599,0.9997131747607372,0.06370488456387753,0.16725184548199906,0.23995410796171798,0.0,0.029501457959233052
2020-01-29,45,1.0000000001585698,0.6000000002017435,0.19999999997841317,0.5714285713668948,0.0,0.20643089865909345,0.25,0.028387675522808235,True,0,1.0,1.0000000003362393,0.7959768040560382,0.9969826030420287,0.14141109891399017,0.08634927826489659,0.23879304121681147,0.0,0.035415113378410516
2020-02-12,45,0.999999999986148,0.5999999999458,0.20000000002017393,0.5714285714862113,0.0,0.20740165803665783,0.25,0.02918477466805696,True,0,1.0,0.9999999999096667,0.4666666666482784,0.7499999999756188,0.19456046053810103,0.06763044084945856,0.1399999999944835,0.0,0.035843540642526206
2020-02-27,45,0.5862979250225264,0.4137022749968405,0.08629782501284297,0.2465652143224085,0.0,0.40429555814237483,0.4042955581252473,0.011321880271016818,True,0,1.0,0.6895037916614009,0.46666666666666673,0.7500000000000001,0.027272727272727275,0.06103555499009876,0.14,0.0,1.6902069823645992e-12
2020-03-12,45,0.0,0.0,0.0,0.0,0.0,0.579223357965225,0.5792234579652249,0.0,True,0,1.0,0.0,0.0,0.0,0.0,0.0,0.0,0.0,0.0
2020-03-26,45,0.0,0.0,0.0,0.0,0.0,0.0,0.25,0.0,True,0,1.0,0.0,0.0,0.0,0.0,0.0,0.0,0.0,0.0
2020-04-09,45,0.0,0.0,0.0,0.0,0.0,0.0,0.25,0.0,True,0,1.0,0.0,0.0,0.0,0.0,0.0,0.0,0.0,0.0
2020-04-24,45,0.15000000000006974,0.14999999999936076,3.544942117628125e-13,1.0128406050366071e-12,0.0,0.15000000000006974,0.25,0.0016923209252600686,True,0,1.0,0.2499999999989346,0.013999999999778646,0.24999999999986922,-7.147817691268507e-14,0.006999999999889323,-2.6423307986078726e-14,-5.107025913275719e-15,-2.0539125955565396e-14
2020-05-08,45,0.20000000000164805,0.19999999998329523,9.176401440773942e-12,2.6218289830782692e-11,0.0,0.05011668987497078,0.25,0.0017118057159940898,True,0,1.0,0.3333333333054921,0.014666666659668412,0.3333333333311496,-2.5789236721201555e-13,0.007333333329834206,-8.497915514413263e-13,-2.2010929570831805e-13,-5.840680673122063e-13
2020-05-22,45,0.20000000000039583,0.19999999999917378,6.110446866934276e-13,1.7458419619812217e-12,0.0,2.3082692524458376e-05,0.25,0.0017060048143869692,True,0,1.0,0.3333333333319563,0.014666666666113791,0.33333333333309684,-9.16323488076195e-14,0.0073333333330568955,-4.0318233475352584e-13,-5.497346491111283e-15,1.9448536423705185e-15
2020-06-08,45,0.20000000000072346,0.1999999999873481,6.687662483146561e-12,1.910760709470446e-11,0.0,0.00010400070908768417,0.25,0.0016990297057413665,True,0,1.0,0.33333333331224685,0.014666666661772397,0.333333333330842,-1.3292599344471123e-12,0.007333333330886199,0.0,-1.6578537596210786e-13,2.4867806394316183e-13
2020-06-22,45,0.449930588999715,0.449930588999715,0.0,0.0,0.0,0.25000000002993494,0.25,0.02650626389301039,True,0,1.0,0.749884314999525,0.2478611779597867,0.7498843149628125,1.0510465120035474e-11,0.12393058897989336,4.795319696881961e-12,5.026023786256749e-13,-7.539035679385124e-13
2020-07-07,45,0.5999999999935351,0.5999999999930058,2.646641414869616e-13,7.561832613913189e-13,0.0,0.15020284585956067,0.25,0.037583853406936776,True,0,1.0,0.999999999988343,0.38203340719807016,0.7512501319317664,0.0044772655376553614,0.19101670359903508,0.039699968329988705,4.468701076142963e-13,-6.296443412609258e-13
2020-07-21,45,0.6023730503042625,0.5999999999351677,0.001186525184547392,0.0033900719558496916,0.0,0.0022700334527183917,0.25,0.03777572369352785,True,0,1.0,0.9999999998919462,0.38375931042193817,0.7520720540154922,0.0034616400840603236,0.19187965521096909,0.039977317084288755,-3.6854369298323904e-13,1.0077190258010522e-12
2020-08-04,45,0.8051374304489619,0.5999999999787122,0.10256871523512484,0.2930534721003567,0.0,0.20304658075093876,0.25,0.06924403641708135,True,0,1.0,0.9999999999645204,0.47964973395146704,0.9206722101950631,-0.08868379665627608,0.23982486697573352,0.040066155636955016,-2.5609463709886423e-13,0.00041490084447657683
2020-08-18,45,0.9052462163077561,0.6000000000159554,0.1526231081459003,0.4360660232740009,0.0,0.10962080598043719,0.25,0.07418278418944385,True,0,1.0,1.0000000000265925,0.5332462163153423,0.9210385135969964,-0.08420282558254474,0.26662310815767115,0.05999999999962854,-8.032955395612341e-14,-0.04957605173537278
2020-09-01,45,0.9052955939373262,0.6000000000112011,0.15264779696306247,0.43613656275160706,0.0,0.007343095789454579,0.25,0.07221281630488019,True,0,1.0,1.0000000000186686,0.5332955939364797,0.9210796616141433,-0.08422526996102797,0.26664779696823987,0.05999999999993459,8.683973297249208e-14,-0.04956944936324963
2020-09-16,45,1.0000000002370941,0.6000000003193535,0.1999999999588702,0.5714285713110577,0.0,0.20811560024927284,0.25,0.057326940809541774,True,0,1.0,1.000000000532256,0.5213333333921013,0.8333333333732115,-0.095845241683889,0.26066666669605065,0.14000000002728585,4.034073992690597e-12,-0.04957023392170616
2020-09-30,45,1.0000000001681089,0.6000000002052964,0.19999999998140616,0.5714285713754462,0.0,0.10344318459674703,0.25,0.031992995472750245,True,0,1.0,1.0000000003421607,0.520430692765228,0.8325835429778341,-0.06338302025620055,0.260215346382614,0.1411536477259337,1.7024018343188578e-12,-0.099580499338971
2020-10-14,45,1.000000000191844,0.6000000002743391,0.1999999999587525,0.5714285713107214,0.0,0.09865401334184122,0.25,0.02714258754008658,True,0,1.0,1.0000000004572318,0.4696389642992296,0.9089839484749296,-0.06712198052594133,0.21444504819674584,0.14089168928976886,2.0166258342754893e-12,-0.049564330077990146
2020-10-28,45,0.9896122872578328,0.5999999999080592,0.19480614367488666,0.5565889819282477,0.0,0.004628136356554426,0.25,0.024589962443433044,True,0,1.0,0.9999999998467654,0.45941937361662144,0.9059664614955323,-0.06389059395198451,0.21291610728173924,0.13782581208498643,-4.1410151244409e-13,-0.04957473087511926
2020-11-11,45,0.7566628662099559,0.4433371339673445,0.1566628661213057,0.4476081889180163,0.0,0.25327938409088663,0.2532793840449826,0.02642460925657712,True,0,1.0,0.7388952232789074,0.4666666666807945,0.7500000000105957,-0.07015983786850191,0.1940000000008477,0.14000000000423835,6.07325155599883e-14,-0.04954000701873648
2020-11-25,45,0.5971353745045959,0.4874068457516269,0.05486426437648448,0.15675504107566995,0.0,0.25000000001777956,0.25,0.01837855444770196,True,0,1.0,0.8123447429193782,0.46666666666597006,0.7499999999885907,0.060251018610278484,0.1933333333273764,0.139999999999791,-2.109605108575913e-13,-0.06209560678722095
2020-12-10,45,0.6971439760718422,0.6000000000266869,0.04857198802257766,0.13877710863593617,0.0,0.11272025109407871,0.25,0.021268487356715368,True,0,1.0,1.0000000000444782,0.8,1.0,0.10779271640614124,0.21333333333333335,0.24000000000000002,-3.089277596734797e-14,-0.06314358441267315
2020-12-24,45,0.7000000000180475,0.6000000000180474,0.05,0.14285714285714288,0.0,0.005606248313821596,0.25,0.02096435393741587,True,0,1.0,1.000000000030079,0.8,1.0,0.1090909091044256,0.21333333333333335,0.24000000000000002,7.084986876757174e-14,-0.06440930345363528
2021-01-11,45,0.7009307318775603,0.6000000001373393,0.050465365870110426,0.14418675962888694,0.0,0.0014243077832651974,0.25,0.020880990997986845,True,0,1.0,1.000000000228899,0.7933595558316814,0.9915915042916409,0.11210870335084268,0.21166467235275718,0.23800786674950442,-9.307317402208455e-05,-0.06538868165150359
2021-01-26,45,0.7039581899580484,0.5999999999190057,0.051979095019521304,0.14851170005577516,0.0,0.004095067352122974,0.25,0.020836267311006844,True,0,1.0,0.9999999998650094,0.7927670134780861,0.9914878505230564,0.11201447973218324,0.21171783104870492,0.2378301040434258,0.0,-0.06538591694072693
2021-02-09,45,0.8038968718309943,0.6000000000107051,0.1019484359101446,0.291281245457556,0.0,0.10058088143242623,0.25,0.0254096487810481,True,0,1.0,1.000000000017842,0.792373342085711,0.9900023068593408,0.15350829244254166,0.1613152198752896,0.2377120026257133,0.0,-0.08055904716085724
2021-02-24,45,0.704106458515834,0.6000000001490912,0.052053229183371345,0.14872351195248956,0.0,0.250000000144186,0.25,0.030772956415320265,True,0,1.0,1.0000000002484852,0.5862368025204914,0.6724872870526202,0.20946229411498077,0.14560597234974568,0.1758710407561474,3.8440362004092e-12,-0.08048448541674266
2021-03-10,45,0.5108605067937818,0.406733830422153,0.05206333818581438,0.1487523948166125,0.0,0.25000000009910045,0.25,0.030989424333250897,True,0,1.0,0.677889717370255,0.4301855689568149,0.4998489248249663,0.21509278447840746,0.08330916130510164,0.11998791398599731,4.864866638903028e-12,-0.08821507553496702
2021-03-24,45,0.6540404969999661,0.5540404969955306,0.050000000002217715,0.1428571428634792,0.0,0.25000000006077466,0.25,0.049844263311000725,True,0,1.0,0.9234008283258843,0.7528009036121212,0.673400828310317,0.3764004518060606,0.06333333333272578,0.11,6.158571922111681e-12,-0.12497260265953306
2021-04-08,45,0.7985553744378617,0.5999999999585696,0.09927768723964606,0.2836505349704173,0.0,0.2500000000137716,0.25,0.06647193172817836,True,0,1.0,0.9999999999309493,0.9999999999327621,0.899875951473923,0.49999999996638106,0.030278891701247986,0.11187042325822436,5.562820674688035e-12,-0.12425815885834715
2021-04-22,45,0.9999999999696988,0.5032099483164499,0.24839502582662437,0.7097000737903554,0.0,0.25000000001666867,0.25,0.06776075149452424,True,0,1.0,0.8386832471940833,0.999999999947453,0.9158486317424086,0.4999999999737265,-0.006666666666882214,0.11999999999629504,0.0013971967371220343,-0.11736487609178992
2021-05-06,45,1.0000000000512506,0.5283287772232219,0.2358356114140143,0.6738160326114695,0.0,0.09515830393099056,0.25,0.0635407340348616,True,0,1.0,0.8805479620387032,1.0000000000841327,0.936542412618792,0.5000000000420664,-0.006666666666038715,0.12000000000108584,0.0014926273763580565,-0.09568312528259287
2021-05-20,45,0.8842279619258802,0.599999999978536,0.14211398097367212,0.4060399456390632,0.0,0.25000000001956396,0.25,0.05521032959675403,True,0,1.0,0.9999999999642267,0.9768970901116235,0.9000987558273984,0.48844854505581176,0.026356110864987774,0.11985102035916431,0.0014691380650001988,-0.04566111213098992
2021-06-04,45,1.0000000000898381,0.6000000000889091,0.20000000000046447,0.5714285714298986,0.0,0.2500000000712666,0.25,0.058445086592926875,True,0,1.0,1.000000000148182,1.00000000012464,0.9145510570366043,0.50000000006232,-0.006666666662743428,0.12000000000330788,0.03417957723735252,-0.05326585609377407
2021-06-18,45,1.0000000000166072,0.6000000000158541,0.2000000000003765,0.5714285714296471,0.0,0.07729930124672489,0.25,0.058783675675108296,True,0,1.0,1.0000000000264235,1.0000000000248428,0.9182449571671122,0.5000000000124214,-0.006666666662694918,0.12000000000372031,0.03270201713780205,-0.05538082113169618
2021-07-02,45,1.000000000010267,0.6000000000092711,0.20000000000049797,0.5714285714299943,0.0,0.1108923757391915,0.25,0.056790487198661393,True,0,1.0,1.0000000000154519,1.0000000000131157,0.9173722835051026,0.5000000000065579,-0.007459269096892248,0.11960369878520141,0.03437209065410105,-0.05497989509102517
2021-07-19,45,0.8944478092142347,0.600000000007397,0.14722390460341891,0.42063972743833977,0.0,0.4071730097415117,0.40717310973791365,0.04986500016132891,True,0,1.0,1.0000000000123284,0.9076199202169789,0.9907463486885206,0.45380996010848945,0.05966666666713099,0.12000000000025669,-0.03333333333303289,-0.02390026299733397
2021-08-02,45,0.8993608492850582,0.600000000014259,0.1496804246353996,0.4276583561011417,0.0,0.2500000000136281,0.25,0.045636082149729036,True,0,1.0,1.000000000023765,1.000000000020718,0.9191143157567088,0.500000000010359,0.05895140074473917,0.11964236703914723,-0.04416113912725818,-0.03198560843987525
2021-08-16,45,0.9371028664533116,0.6000000002349796,0.16855143310916604,0.48157552316904584,0.0,0.25000000017260204,0.25,0.0481840397602481,True,0,1.0,1.0000000003916327,1.0000000002967602,1.0000000002606209,0.5000000001483801,0.059127185168692475,0.11973025925422014,-0.03333333332755808,-0.07506267234745814
2021-08-30,45,1.0000000000658684,0.6000000000776244,0.19999999999412196,0.571428571411777,0.0,0.25000000003213557,0.25,0.042856668357971354,True,0,1.0,1.000000000129374,0.8928224614039991,0.8913498986348821,0.44641123070199956,0.07394766185804208,0.1200000000177036,-0.03360456523275003,-0.059764903187376456
2021-09-14,45,1.0000000000069833,0.6000000000074426,0.19999999999977042,0.5714285714279155,0.0,0.25000000000085687,0.25,0.03880905848963712,True,0,1.0,1.0000000000124043,0.8646051517374511,0.9166666666276058,0.43230257586872556,0.056666666682289,0.12000000001845677,-0.04333333333305192,0.008907427012157375
2021-09-28,45,1.0000000000360418,0.6000000000420367,0.19999999999700252,0.5714285714200072,0.0,0.2061709603445297,0.25,0.037907860058737454,True,0,1.0,1.0000000000700613,0.7821025090685727,1.000000000028735,0.39105125453428635,0.10633333334285841,0.1200000000071438,-0.03333333333166738,0.0021762316100542973
2021-10-12,45,0.8000770196475211,0.6000000000289925,0.10003850980926433,0.28582431374075523,0.0,0.23227715495375229,0.25,0.04001553636361301,True,0,1.0,1.000000000048321,0.8539932708341319,0.9167950327418952,0.42699663541706595,0.06666666666752225,0.10000000000064169,-0.033333333332052295,-0.018065676695689745
2021-10-26,45,0.9646492184026991,0.6000000001211294,0.1823246091407849,0.5209274546879569,0.0,0.20661204618319384,0.25,0.044795217294767514,True,0,1.0,1.0000000002018825,1.0000000001705085,1.0000000001393083,0.5000000000852542,0.04000000000411742,0.10000000000309066,-0.023567187792757533,-0.04106745783102683
2021-11-09,45,0.7641496719067823,0.5999999999427815,0.08207483598200041,0.23449953137714405,0.0,0.2052500207495481,0.25,0.03813328213006335,True,0,1.0,0.999999999904636,0.9065191353296568,0.919659999480774,0.4532595676648284,0.043308116019325736,0.09987391343543628,-0.022599013491904213,-0.04159980402146321
2021-11-23,45,0.962985516512033,0.5999999999425123,0.18149275828476039,0.5185507379564582,0.0,0.20515702606645225,0.25,0.04390454543274621,True,0,1.0,0.9999999999041872,0.9273369570916039,0.9431820984166336,0.46366847854580195,0.00950079047165519,0.09879739439281952,0.03411120307934975,-0.06672672604376169
2021-12-08,45,0.5425201959819986,0.3818425095132968,0.08033884323435095,0.22953955209814558,0.0,0.42019301268095455,0.42019301267498615,0.02871112993697404,True,0,1.0,0.6364041825221614,0.5407134151857512,0.5739558314061708,0.2703567075928756,0.03319502526389849,0.05,0.0010379522851334064,-0.04502371378280437
2021-12-22,45,0.2967395509481028,0.19977184943163784,0.04848385075823248,0.13852528788066423,0.0,0.2500000000015912,0.25,0.020424710272321324,True,0,1.0,0.3329530823860631,0.3653664449455882,0.32669881854079674,0.1826832224727941,0.023214268206180864,1.5667467402735437e-13,-0.032322567170873874,-0.011972322682356587
2022-01-06,45,0.4489616847660418,0.4489616847638147,1.1135629534176664e-12,3.1816084383361896e-12,0.0,0.2500000000208205,0.25,0.0242797079091938,True,0,1.0,0.7482694746063578,0.46138845628553155,0.4149361412700109,0.23069422814276577,0.04666666666722448,1.2629008948801964e-12,5.980401358879825e-13,0.06999999999715742
2022-01-21,45,0.4011448231500151,0.4011448231472987,1.3582275060673063e-12,3.880650017335161e-12,0.0,0.2500000000057317,0.25,0.02160457962279841,True,0,1.0,0.6685747052454979,0.4566269511726083,0.41857470524531176,0.22831347558630416,0.023333333333284065,0.0,9.876373101744212e-13,0.07015457278301407
2022-02-04,45,0.34623328632371,0.34623328632368566,1.2154547881570419e-14,3.472727966162977e-14,0.0,0.25000000000039735,0.25,0.029488642177634174,True,0,1.0,0.5770554772061428,0.629515066036011,0.5770554772035,0.3147575330180055,-3.8714778379195413e-16,-3.2816707856766847e-15,1.0627709417120583e-12,-0.02951439881791885
2022-02-18,45,0.10805700698623812,0.10805700697456246,5.837832061446515e-12,1.667952017556147e-11,0.0,0.25000000001117456,0.25,0.011358016351536547,True,0,1.0,0.18009501162427077,0.18181818181843706,0.16666666667653052,0.09090909090921853,4.1353661364390833e-13,3.8593761638865094e-13,0.005371337983093954,-0.0024171020964848335
2022-03-07,45,0.1499999999985855,0.1499999999950663,1.7596006157266434e-12,5.027430330647553e-12,0.0,0.23840306904234815,0.25,0.031563333515350005,True,0,1.0,0.2499999999917772,0.18181818181486564,0.16666666666362684,0.09090909090743282,0.0,0.0,0.03333333333205387,-0.015000000000614853
2022-03-21,45,5.625529320099469e-13,-5.625529320099469e-13,5.625529320099469e-13,1.6072940914569912e-12,0.0,0.1490637223721527,0.25,1.3983648667620523e-13,True,0,1.0,9.375882200165781e-13,7.500705760132625e-13,9.375882200165781e-13,0.0,0.0,0.0,-3.7503528800663125e-13,1.6876587960298406e-13
2022-04-04,45,5.738019026218035e-13,-5.738019026218035e-13,5.738019026218035e-13,1.6394340074908674e-12,0.0,0.0,0.25,1.3979223006370476e-13,True,0,1.0,9.563365043696726e-13,7.65069203495738e-13,9.563365043696726e-13,0.0,0.0,0.0,-3.82534601747869e-13,1.7214057078654105e-13
2022-04-19,45,0.250000000006114,0.2500000000033096,1.4022116801015727e-12,4.006319086004494e-12,0.0,0.25000000000667794,0.25,0.030337360306444374,True,0,1.0,0.41666666667218266,0.21249999999846733,0.33333333333333337,0.09090909091147434,-3.471223308793015e-13,-5.802025526691068e-14,0.010000000001062579,0.08499999999938694
2022-05-03,45,0.19797306152883712,0.19797306152603472,1.401210290358463e-12,4.0034579724527515e-12,0.0,0.050530356608168306,0.25,0.01816418898009111,True,0,1.0,0.3299551025433912,0.21402020385580078,0.33333333333333337,0.04545454545617369,-3.468181457153861e-13,-5.870672922235541e-14,0.00959461230545592,0.08560808154232032
2022-05-17,45,0.050000000006477016,-0.0499999999980515,0.050000000002264254,0.14285714286361217,0.0,0.249581588898122,0.25,0.0015051730490977513,True,0,1.0,0.08333333333008583,0.04000000000072734,0.1250000000002267,1.6771506603542676e-12,-0.02000000000036367,-0.00999999999990932,1.5423225461364143e-12,-6.940451457613865e-13
2022-06-01,45,0.10000000000639654,0.1000000000000888,3.153869418308345e-12,9.011055480880987e-12,0.0,0.15167083562616498,0.25,0.016301454942006417,True,0,1.0,0.16666666666681468,0.18181818181875173,0.16666666666719734,0.09090909090937586,-5.865274853099947e-13,0.0,1.9495084550414455e-12,-8.921431971441664e-13
2022-06-15,45,0.09999999999905859,0.0999999999973224,8.680962839950867e-13,2.4802750971288193e-12,0.0,0.1908883885932372,0.25,0.026335202697250752,True,0,1.0,0.166666666662204,0.13333333333092065,0.16666666666365082,-5.123191692665383e-13,-1.2181807912075782e-13,0.0,0.06666666666546033,-0.02999999999945715
2022-06-30,45,0.05,0.05,0.0,0.0,0.0,0.041055008606755296,0.25,0.013763350891420768,True,0,1.0,0.08333333333333334,0.06666666666666667,0.08333333333333334,0.0,0.0,0.0,0.03333333333333333,-0.015
2022-07-15,45,0.20287830166156018,-0.19712169832665816,0.19999999999410917,0.5714285714117405,0.0,0.24999999999744837,0.25,0.005645523521060546,True,0,1.0,0.32853616387776363,0.09333333332630697,0.24999999999222866,8.761577322244111e-13,-0.046666666663153486,-0.019999999998431318,0.0,0.002878301661833843
2022-07-29,45,0.2528265646170664,-0.047173435387571724,0.15000000000231906,0.42857142857805447,0.0,0.1519888854241692,0.25,0.005061496216273025,True,0,1.0,0.07862239231261954,0.08533333333444264,0.2500000000038245,5.482300078784129e-13,-0.04266666666722132,-0.019999999999724846,4.48316875720763e-13,0.0028265646116194714
2022-08-12,45,0.2997180949827591,0.10028190502094246,0.0997180949809083,0.28490884280259515,0.0,0.146844270588261,0.25,0.009012925752655117,True,0,1.0,0.16713650836823743,0.24999999999860273,0.33333333333198706,4.022480382411831e-13,-0.02264787299906362,-0.009999999999675654,3.9881846765765997e-13,0.09999999999944109
2022-08-26,45,0.19835762950173952,0.001642370500848242,0.09835762950044565,0.2810217985727019,0.0,0.10236544230833304,0.25,0.009140794614679414,True,0,1.0,0.0027372841680804033,0.24999999999960779,0.33333333333333337,2.928365377243333e-13,-0.022865736105955,-0.0097851364830371,4.0337062782100233e-13,0.09999999999984312
2022-09-12,45,0.19797905760453172,0.002020942393512956,0.09797905760550939,0.2799401645871697,0.0,0.0003092660541194158,0.25,0.009190337342436235,True,0,1.0,0.0033682373225215937,0.24999999999723513,0.3333333333296469,-1.596298850679225e-12,-0.02276037810677091,-0.009737064559904796,0.0,0.09999999999889406
2022-09-26,45,0.09531170372632919,-0.09531170372632919,0.09531170372632919,0.2723191535037977,0.0,0.1047931562198461,0.25,0.002802352510837627,True,0,1.0,0.158852839543882,0.04404068435992061,0.1174967144865377,0.0,-0.022020342179960305,-0.009399737158923017,0.0,0.0
2022-10-10,45,0.09583563292826806,-0.09583563292826806,0.09583563292826806,0.2738160940807659,0.0,0.0,0.25,0.002908248971549788,True,0,1.0,0.15972605488044678,0.0444157142320926,0.11864111190621318,0.0,-0.0222078571160463,-0.009491288952497056,0.0,0.0
2022-10-24,45,0.19490643829771276,0.005093561697867621,0.09490643829992257,0.2711612522854931,0.0,0.09999999999897202,0.25,0.006095277590400377,True,0,1.0,0.008489269496446036,0.1249999999972895,0.1666666666630527,-1.1243531358476581e-14,-0.021531896833925163,-0.009322880568271793,0.0,0.0499999999989158
2022-11-07,45,0.14508125412968498,-0.04508125412857649,0.09508125412913074,0.2716607260832307,0.0,0.04935565757609537,0.25,0.0029188943102930994,True,0,1.0,0.07513542354762749,0.04324277973892392,0.1637222255771178,4.71761811113253e-14,-0.02162138986946196,-0.009369583756427971,0.0,0.0
2022-11-21,45,0.14698887764591984,-0.04698887764479486,0.09698887764535735,0.2771110789867353,0.0,0.00015719686405307585,0.25,0.003281454005157938,True,0,1.0,0.0783147960746581,0.04453774993227258,0.1643000471262545,7.684728655177556e-14,-0.02226887496613629,-0.009681769873779833,0.0,0.0
2022-12-06,45,0.14885363162297635,0.05114636837955371,0.04885363162171132,0.13958180463346093,0.0,0.0990137808559877,0.25,0.0012948510204825474,True,0,1.0,0.08524394729925619,0.005180484216364614,0.24808938603618558,5.134914989621544e-13,-0.002590242108182307,2.0528919437837958e-13,9.353628982466944e-15,5.162120730872743e-13
2022-12-20,45,0.19900047665467796,0.10099952334188708,0.049000476656395446,0.14000136187541556,0.0,0.1501472494622445,0.25,0.03465279837158615,True,0,1.0,0.16833253890314515,0.18181818181404902,0.16666666666842495,0.09090909090702451,-0.0029333651103703277,0.0,0.0,7.691456616539047e-14
2023-01-05,45,0.14885486327888134,0.05114513672111866,0.04885486327888135,0.1395853236539467,0.0,0.05125299462402349,0.25,0.03344017139836546,True,0,1.0,0.08524189453519777,0.1818181818156229,0.16666666666901236,0.09090909090781145,-0.003256990885164929,0.0,0.0,0.0
2023-01-20,45,0.10000000000093025,0.09999999999906976,9.302370507200597e-13,2.6578201449144566e-12,0.0,0.053736135886950365,0.25,0.03295125392283268,True,0,1.0,0.1666666666651163,0.18181818181649048,0.16666666666821708,0.09090909090824524,0.0,0.0,0.0,0.0
2023-02-03,45,0.14548242531488578,0.14548242531073616,2.074826137545361e-12,5.9280746787010315e-12,0.0,0.05000000000038196,0.25,0.030446814940732606,True,0,1.0,0.24247070885122693,0.17360440965927182,0.15913737552632026,0.08680220482963591,0.00033333333338995947,0.0,-8.411049634560185e-14,3.492539590865817e-13
2023-02-17,45,0.3939957837668532,0.3939957837668532,0.0,0.0,0.0,0.24983451114272015,0.25,0.04369932108673598,True,0,1.0,0.656659639611422,0.31635597048374225,0.32332630627687414,0.15817798524187113,0.040666666666734096,0.020000000000000004,1.1684470055344353e-13,-0.030000000000373974
2023-03-06,45,0.49692882251691867,0.49692882250505765,5.9305012101237675e-12,1.6944289171782193e-11,0.0,0.10167628328648115,0.25,0.05620362056886582,True,0,1.0,0.8282147041750961,0.4853251318501821,0.49488137087511286,0.24266256592509106,0.040666666665606276,0.019999999997995663,-1.1842096370323284e-13,-0.059999999998332554
2023-03-20,45,0.24999999999922395,0.24999999999839492,4.145026234815648e-13,1.1842932099473281e-12,0.0,0.24447289424534566,0.25,0.028390510716937583,True,0,1.0,0.41666666666399155,0.22727272727140016,0.24999999999963057,0.11363636363570008,0.0006666666669184728,0.0,-2.3885844195764435e-14,-0.04499999999980915
2023-04-03,45,0.40000000001387337,0.40000000001387337,0.0,0.0,0.0,0.15274597968524142,0.25,0.0469471583566229,True,0,1.0,0.666666666689789,0.49090909092626195,0.5000000000138431,0.24545454546313097,0.0006666666683245407,3.390088210153408e-12,0.0,-0.06
2023-04-18,45,0.1500001000175467,0.1500001000175467,0.0,0.0,0.0,0.25293072891352014,0.2529307289002307,0.01825002946623556,True,0,1.0,0.2500001666959112,0.1636363636425493,0.1666666666723369,0.08181818182127465,0.0003333733369976738,2.000140880515404e-08,6.136424701708165e-13,-0.030000000000920464
2023-05-02,45,0.2500000000035855,0.24999999999479744,4.3940406868614446e-12,1.255440196246127e-11,0.0,0.2009878896002693,0.25,0.02708628858654898,True,0,1.0,0.41666666665799573,0.1636363636310943,0.24999999999595113,0.08181818181554715,0.01999999999955181,0.00999999999851346,0.01999999999967609,-0.059999999998485605
2023-05-16,45,0.4982812824445597,0.4982812824445597,0.0,0.0,0.0,0.25000000000768874,0.25,0.035654538930546355,True,0,1.0,0.8304688040742663,0.4877841498925685,0.49713547073393205,0.24389207494628426,0.040000000000464525,0.020000000001383675,0.02,-0.09000000000000234
2023-05-31,45,0.5499948610334293,0.5499948610278765,2.7764341896286666e-12,7.932669113224762e-12,0.0,0.2499999999845064,0.25,0.03119447307207058,True,0,1.0,0.9166581017131276,0.30550755812491304,0.3292274103586209,0.15275377906245652,0.044163894321229594,0.01999999999948138,0.019999999999568127,-0.08926093386316881
2023-06-14,45,0.6000000000441742,0.6000000000441742,0.0,0.0,0.0,0.05527217740275878,0.25,0.032650560260618244,True,0,1.0,1.0000000000736238,0.40054328821490726,0.4171646808607618,0.20027164410745363,0.043945672592416864,0.019911608153974053,0.019661261276653446,-0.08949189191670852
2023-06-29,45,0.6999999999724761,0.5999999999717921,0.050000000000341896,0.1428571428581197,0.0,0.20491048897602773,0.25,0.03859093156286891,True,0,1.0,0.9999999999529868,0.42086075556805275,0.5852013270439959,0.21043037778402637,0.04413524804214814,0.020000000002270993,0.019370096623559818,-0.08836006681158078
2023-07-14,45,0.5446567848709003,0.5446567848708408,2.9753977059954195e-14,8.501136302844057e-14,0.0,0.25000000000035566,0.25,0.040926487554666,True,0,1.0,0.907761308118068,0.5937377795537765,0.5775929645900184,0.29686888977688825,0.0006666666671646007,2.494766148068954e-12,0.01962020122290947,-0.08943030183531865
2023-07-28,45,0.3967571274327154,0.39675712742836666,2.1743635438015755e-12,6.212467268004502e-12,0.0,0.25000000000163003,0.25,0.03494973777340784,True,0,1.0,0.6612618790472778,0.5395584135170742,0.49459521239434506,0.2697792067585371,0.0006666666665750346,1.4294496355464263e-12,0.0,-0.02999999999975795
2023-08-11,45,0.5999999999945761,0.599999999992244,1.1660773582056681e-12,3.3316495948733377e-12,0.0,0.2116971699391298,0.25,0.047853121736094774,True,0,1.0,0.9999999999870733,0.9094779588047566,0.8333333333240387,0.4547389794023783,0.0006666666668944214,1.2671125644321393e-12,-5.344379436683491e-14,-0.059361367952108154
2023-08-25,45,0.600000000029512,0.600000000029512,0.0,0.0,0.0,0.005895691756211285,0.25,0.04757293358833656,True,0,1.0,1.0000000000491869,0.909840694570907,0.8333333333619338,0.4549203472854535,0.0006666666679604965,5.658718404480873e-12,8.523428152825134e-13,-0.05876285401755312
2023-09-11,45,0.6000000001742223,0.6000000001742223,0.0,0.0,0.0,0.008570489405799006,0.25,0.045450437965656065,True,0,1.0,1.0000000002903706,0.9097959751856253,0.8333333335421921,0.45489798759281264,0.0006666666717357349,2.0698107662340208e-11,2.8534510430011044e-12,-0.05883664134375217
2023-09-25,45,0.6019765857554243,0.5999999999072668,0.0009882929240787955,0.0028236940687965586,0.0,0.20202839804090283,0.25,0.03881881102312855,True,0,1.0,0.9999999998454447,0.8194205049903581,0.6683138214343506,0.40971025249517906,0.02020546330173682,0.09999999998569731,0.0,-0.030000000002774304
2023-10-09,45,0.6000000000360431,0.6000000000360431,0.0,0.0,0.0,0.002257204402761629,0.25,0.03883015933977845,True,0,1.0,1.000000000060072,0.8184426404374548,0.667414814311191,0.4092213202187274,0.020576888954492337,0.099551111434257,0.0,-0.02961842890829596
2023-10-23,45,0.3553434552160665,0.35534345521579,1.38222766565832e-13,3.949221901880914e-13,0.0,0.25000000000969297,0.25,0.022508004912621758,True,0,1.0,0.5922390920263167,0.46407344702762426,0.4170673264424496,0.23203672351381213,0.0006666666677676902,0.0,1.1510792319313623e-13,-0.024555892383140605
2023-11-06,45,0.607413436146646,0.6000000000012843,0.0037067180726808847,0.010590623064802528,0.0,0.25000000000675054,0.25,0.029154456506815005,True,0,1.0,1.0000000000021405,0.5636363636411594,0.5123557269084809,0.2818181818205797,0.007333333332651994,-1.3658911993940817e-13,0.0,0.06999999999969382
2023-11-20,45,0.5076280014058109,0.5002354091690789,0.003696296118366037,0.010560846052474392,0.0,0.1128541936887441,0.25,0.02215565399656412,True,0,1.0,0.833725681948465,0.38224619849205577,0.34604666900924064,0.19112309924602788,0.0073333333329232845,0.0,-1.1013412404281552e-14,0.069999999999896
2023-12-05,45,0.6074610898344859,0.5999999999716877,0.0037305449313990917,0.010658699803997406,0.0,0.10633166488107658,0.25,0.023913367294678873,True,0,1.0,0.999999999952813,0.4542835156369114,0.3457684830910564,0.2271417578184557,0.02733333333246046,0.09999999999757181,-3.9824534919215316e-13,0.0699999999976496
2023-12-19,45,0.6043160817281504,0.6000000000481981,0.002158040839976172,0.006165830971360492,0.0,0.013271073246942402,0.25,0.023968460847650627,True,0,1.0,1.0000000000803302,0.4611466045279454,0.34585851000439866,0.2305733022639727,0.027295676993649765,0.1,6.112062128832516e-14,0.06801323307142407
2024-01-04,45,0.6043744731981945,0.6000000000058581,0.002187236596168229,0.006249247417623512,0.0,0.0036038236662092604,0.25,0.024007410725624817,True,0,1.0,1.0000000000097635,0.45795256960417097,0.3434963029839464,0.22897628480208548,0.027333333334007878,0.10000000000042882,1.3593330799286044e-13,0.06893286238313706
2024-01-19,45,0.6045266781187778,0.5999999999890221,0.0022633390648778705,0.006466683042508202,0.0,0.2500000000014539,0.25,0.025201887109875885,True,0,1.0,0.9999999999817035,0.41210182811140544,0.49999999999622713,0.20605091405570272,0.06733333333248738,0.11999999999885645,7.978913017502098e-14,0.00947566406237359
2024-02-02,45,0.6045461081586647,0.6000000000761966,0.0022730540412340696,0.006494440117811627,0.0,0.14996411694811018,0.25,0.029161137379289107,True,0,1.0,1.0000000001269944,0.45537201975401853,0.5000000000165056,0.22768600987700927,0.06733333334019535,0.12000000000384951,5.325181580085862e-13,0.0006819162092950988
2024-02-16,45,0.6146824046627144,0.6000000003583261,0.007341202152194143,0.020974863291983267,0.0,0.015178306133850225,0.25,0.02949231512776369,True,0,1.0,1.0000000005972103,0.4545454549832069,0.5000000000902558,0.22727272749160346,0.06733333336418577,0.12000000002144456,4.375069982390197e-12,-1.2313914614696084e-11
2024-03-04,45,0.7000000000533262,0.600000000054687,0.04999999999931964,0.14285714285519896,0.0,0.10613130291020141,0.25,0.028789069263806293,True,0,1.0,1.000000000091145,0.4454545453797595,0.5000000001038147,0.22272727268987974,0.06733333336363877,0.1200000000246938,5.082945965546362e-12,-3.568316256600435e-11
2024-03-18,45,0.7352016964214277,0.6000000002475008,0.0676008480869634,0.19314528024846686,0.0,0.2500000001697188,0.25,0.02574521981443551,True,0,1.0,1.0000000004125014,0.45938343280040644,0.5294348134091131,0.22969171640020322,0.06730931743949087,0.11998799205981049,-0.0035201696183983513,0.0052802544026373304
2024-04-02,45,0.9809984861461581,0.6000000000342348,0.19049924305596166,0.544283551588462,0.0,0.2500000000227043,0.25,0.0357995616849381,True,0,1.0,1.0000000000570581,0.5021828437427037,0.9020009401153536,0.25109142187135186,0.05827016917097604,0.11985973580579311,-0.003708530731306901,0.005562796074302224
2024-04-16,45,0.8833078304395519,0.6000000000487415,0.14165391519540513,0.4047254719868718,0.0,0.25000000003409895,0.25,0.03652555099824058,True,0,1.0,1.000000000081236,0.5061981902675298,0.7346140138208587,0.2530990951337649,0.06732597038105412,0.11999631852535893,-0.008511565898168781,0.00026565213266255765
2024-04-30,45,0.9462023947657637,0.6000000002669303,0.1731011972494167,0.4945748492840477,0.0,0.2500000002165871,0.25,0.035014048143661256,True,0,1.0,1.000000000444884,0.5678594269720456,0.7862321833043973,0.2839297134860228,0.04708639919284318,0.11990403269987936,-0.021730489285538807,-0.027460390493062117
2024-05-14,45,0.8482400769304449,0.6000000000148484,0.12412003845779818,0.3546286813079948,0.0,0.250000000011416,0.25,0.02970017739512522,True,0,1.0,1.0000000000247475,0.6660366399713067,0.6938512213656358,0.33301831998565334,0.03993097093298649,0.09983340108283771,-0.022533204754081246,-0.027190962063730284
2024-05-29,45,0.7330256311521727,0.5999999999329424,0.06651281560961511,0.19003661602747177,0.0,0.2500000000422477,0.25,0.028953973983182547,True,0,1.0,0.9999999998882374,0.6445544510620066,0.7613918909577141,0.3222772255310033,0.03670052729949861,0.10487475235487795,-3.055326236461073e-13,-0.040362269738206585
2024-06-12,45,0.732323476492067,0.6000000000009138,0.06616173824557665,0.18903353784450475,0.0,0.250000000000886,0.25,0.028033856024154348,True,0,1.0,1.000000000001523,0.5716665810544136,0.7177517618966147,0.2858332905272068,0.02733345485776641,0.10003425105625795,0.0,-0.03236090189655232
2024-06-27,45,0.9257923385847008,0.6000000001011684,0.1628961692417662,0.4654176264050463,0.0,0.1946471488234926,0.25,0.025625697673032112,True,0,1.0,1.000000000168614,0.551733449121309,0.7169607673048848,0.2758667245606545,0.003950456882735109,0.06000000000187515,-0.030906016652996547,0.0795389994720549
2024-07-12,45,1.0000000000001676,0.6000000000006716,0.19999999999974805,0.5714285714278516,0.0,0.20332493051047212,0.25,0.029473764687559675,True,0,1.0,1.0000000000011193,0.6541302720672518,0.7515618710935927,0.3270651360336259,-0.01625276570913793,0.059566687355743005,-0.03234749102578343,0.07914980805445304
2024-07-26,45,0.74386746740964,0.48866732627116594,0.12760007056923706,0.3645716301978202,0.0,0.25000000009256884,0.25,0.01760730531305399,True,0,1.0,0.8144455437852766,0.3280475893941473,0.44649417290370114,0.16402379469707365,-0.004802368434867409,0.07903220421804613,7.663852446563886e-13,0.0651197809651611
2024-08-09,45,0.4761532426346596,0.32291595122259087,0.07661864570603436,0.21891041630295532,0.0,0.2658868093429363,0.26588680929833014,0.006911478880506568,True,0,1.0,0.5381932520376514,0.2623502781247376,0.4166666666855303,0.03152388264502607,-0.005088701317652201,0.07870508343742127,1.4759300367004784e-12,0.09953459683937377
2024-08-23,45,0.27198398050216555,0.17198398051188576,0.04999999999513989,0.14285714284325685,0.0,0.2500000001270082,0.25,0.005167654645020922,True,0,1.0,0.28663996751980964,0.3919572808935975,0.3049599508887281,0.040360723792209494,0.010925857512965554,0.11758718426807924,3.000693952470751e-12,-8.204189249626432e-12
2024-09-09,45,0.3209158189694984,0.3209158189694984,0.0,0.0,0.0,0.250000000006111,0.25,0.007408379082675433,True,0,1.0,0.5348596982824974,0.3919664021088053,0.3315473634045559,0.040361345685191445,0.0600940487972338,0.11758992063264158,3.0592150193393106e-12,-8.24712921723187e-12
2024-09-23,45,0.5705149416819759,0.5705149416036919,3.914204913139979e-11,1.118344260897137e-10,0.0,0.25000000008046913,0.25,0.01843588196135518,True,0,1.0,0.9508582360061532,0.7470099609873586,0.8012873540750215,0.06363636364135149,0.1818726433053228,0.22410298829620756,1.7183678985179873e-12,-5.731432022437938e-13
2024-10-07,45,0.8184621193754978,0.6000000001810919,0.109231059597203,0.3120887417062943,0.0,0.25000000016489465,0.25,0.02594203728886734,True,0,1.0,1.00000000030182,0.7459925474471625,0.8004202081271768,0.03666022420448264,0.18177365211955995,0.22379776423414874,3.514329409626797e-12,-9.888908167739267e-12
2024-10-21,45,1.0000000002514602,0.6000000002869884,0.1999999999822359,0.5714285713778169,0.0,0.1855790668072421,0.25,0.03193608648857961,True,0,1.0,1.000000000478314,0.8,1.0,0.0007273233225290737,0.21400000000654246,0.24000000000000002,-0.018909706416224574,0.02716261156383116
2024-11-04,45,1.0000000001891283,0.6000000002337147,0.19999999997770676,0.5714285713648765,0.0,0.2432317217691549,0.25,0.031175568994761132,True,0,1.0,1.0000000003895246,0.7333333333333334,0.875,0.05006890813451801,0.18733333333726326,0.22,-0.0333333333204494,0.014999999956745544
2024-11-18,45,0.8373137876132689,0.6000000000642175,0.11865689377452568,0.33901969649864483,0.014991285475354957,0.2044670568898107,0.25,0.025714379933635723,True,0,1.0,1.0000000001070293,0.6665536855924324,0.6247881604858108,0.11369777066607223,0.14728814090909886,0.19996610567772974,-0.009994190316903304,0.004497385642606487
2024-12-03,45,0.7000000000783944,0.600000000084633,0.04999999999688072,0.14285714284823064,0.0,0.25000000005634415,0.25,0.023099617852688624,True,0,1.0,1.000000000141055,0.6000000000022813,0.5000000000085543,0.20779782927346316,0.08633044766935884,0.18000000000068436,0.0,-2.9217961383665166e-12
2024-12-17,45,0.6965694717268704,0.600000000095359,0.04828473581575573,0.13795638804501636,0.0,0.2500000000675352,0.25,0.02224355449521793,True,0,1.0,1.0000000001589318,0.4254654811711999,0.49185430315068135,0.21273274058559996,0.02801321525362973,0.10116551186123761,1.3258727445643363e-12,0.0999999999980112
