,long_gross_return,short_gross_return,long_transaction_cost,short_transaction_cost,short_borrow_cost,long_net_return,short_net_return,long_turnover,short_turnover,long_gross_exposure,short_gross_exposure
2007-01-03,0.0,0.0,0.0,0.0,0.0,0.0,0.0,0.0,0.0,0.0,0.0
2007-01-04,0.0,0.0,0.0,0.0,0.0,0.0,0.0,0.0,0.0,0.0,0.0
2007-01-05,0.0,0.0,0.0,0.0,0.0,0.0,0.0,0.0,0.0,0.0,0.0
2007-01-08,0.0,0.0,0.0,0.0,0.0,0.0,0.0,0.0,0.0,0.0,0.0
2007-01-09,0.0,0.0,0.0,0.0,0.0,0.0,0.0,0.0,0.0,0.0,0.0
2007-01-10,0.0,0.0,0.0,0.0,0.0,0.0,0.0,0.0,0.0,0.0,0.0
2007-01-11,0.0,0.0,0.0,0.0,0.0,0.0,0.0,0.0,0.0,0.0,0.0
2007-01-12,0.0,0.0,0.0,0.0,0.0,0.0,0.0,0.0,0.0,0.0,0.0
2007-01-16,0.0,0.0,0.0,0.0,0.0,0.0,0.0,0.0,0.0,0.0,0.0
2007-01-17,0.0,0.0,0.0,0.0,0.0,0.0,0.0,0.0,0.0,0.0,0.0
2007-01-18,0.0,0.0,0.0,0.0,0.0,0.0,0.0,0.0,0.0,0.0,0.0
2007-01-19,0.0,0.0,0.0,0.0,0.0,0.0,0.0,0.0,0.0,0.0,0.0
2007-01-22,0.0,0.0,0.0,0.0,0.0,0.0,0.0,0.0,0.0,0.0,0.0
2007-01-23,0.0,0.0,0.0,0.0,0.0,0.0,0.0,0.0,0.0,0.0,0.0
2007-01-24,0.0,0.0,0.0,0.0,0.0,0.0,0.0,0.0,0.0,0.0,0.0
2007-01-25,0.0,0.0,0.0,0.0,0.0,0.0,0.0,0.0,0.0,0.0,0.0
2007-01-26,0.0,0.0,0.0,0.0,0.0,0.0,0.0,0.0,0.0,0.0,0.0
2007-01-29,0.0,0.0,0.0,0.0,0.0,0.0,0.0,0.0,0.0,0.0,0.0
2007-01-30,0.0,0.0,0.0,0.0,0.0,0.0,0.0,0.0,0.0,0.0,0.0
2007-01-31,0.0,0.0,0.0,0.0,0.0,0.0,0.0,0.0,0.0,0.0,0.0
2007-02-01,0.0,0.0,0.0,0.0,0.0,0.0,0.0,0.0,0.0,0.0,0.0
2007-02-02,0.0,0.0,0.0,0.0,0.0,0.0,0.0,0.0,0.0,0.0,0.0
2007-02-05,0.0,0.0,0.0,0.0,0.0,0.0,0.0,0.0,0.0,0.0,0.0
2007-02-06,0.0,0.0,0.0,0.0,0.0,0.0,0.0,0.0,0.0,0.0,0.0
2007-02-07,0.0,0.0,0.0,0.0,0.0,0.0,0.0,0.0,0.0,0.0,0.0
2007-02-08,0.0,0.0,0.0,0.0,0.0,0.0,0.0,0.0,0.0,0.0,0.0
2007-02-09,0.0,0.0,0.0,0.0,0.0,0.0,0.0,0.0,0.0,0.0,0.0
2007-02-12,0.0,0.0,0.0,0.0,0.0,0.0,0.0,0.0,0.0,0.0,0.0
2007-02-13,0.0,0.0,0.0,0.0,0.0,0.0,0.0,0.0,0.0,0.0,0.0
2007-02-14,0.0,0.0,0.0,0.0,0.0,0.0,0.0,0.0,0.0,0.0,0.0
2007-02-15,0.0,0.0,0.0,0.0,0.0,0.0,0.0,0.0,0.0,0.0,0.0
2007-02-16,0.0,0.0,0.0,0.0,0.0,0.0,0.0,0.0,0.0,0.0,0.0
2007-02-20,0.0,0.0,0.0,0.0,0.0,0.0,0.0,0.0,0.0,0.0,0.0
2007-02-21,0.0,0.0,0.0,0.0,0.0,0.0,0.0,0.0,0.0,0.0,0.0
2007-02-22,0.0,0.0,0.0,0.0,0.0,0.0,0.0,0.0,0.0,0.0,0.0
2007-02-23,0.0,0.0,0.0,0.0,0.0,0.0,0.0,0.0,0.0,0.0,0.0
2007-02-26,0.0,0.0,0.0,0.0,0.0,0.0,0.0,0.0,0.0,0.0,0.0
2007-02-27,0.0,0.0,0.0,0.0,0.0,0.0,0.0,0.0,0.0,0.0,0.0
2007-02-28,0.0,0.0,0.0,0.0,0.0,0.0,0.0,0.0,0.0,0.0,0.0
2007-03-01,0.0,0.0,0.0,0.0,0.0,0.0,0.0,0.0,0.0,0.0,0.0
2007-03-02,0.0,0.0,0.0,0.0,0.0,0.0,0.0,0.0,0.0,0.0,0.0
2007-03-05,0.0,0.0,0.0,0.0,0.0,0.0,0.0,0.0,0.0,0.0,0.0
2007-03-06,0.0,0.0,0.0,0.0,0.0,0.0,0.0,0.0,0.0,0.0,0.0
2007-03-07,0.0,0.0,0.0,0.0,0.0,0.0,0.0,0.0,0.0,0.0,0.0
2007-03-08,0.0,0.0,0.0,0.0,0.0,0.0,0.0,0.0,0.0,0.0,0.0
2007-03-09,0.0,0.0,0.0,0.0,0.0,0.0,0.0,0.0,0.0,0.0,0.0
2007-03-12,0.0,0.0,0.0,0.0,0.0,0.0,0.0,0.0,0.0,0.0,0.0
2007-03-13,0.0,0.0,0.0,0.0,0.0,0.0,0.0,0.0,0.0,0.0,0.0
2007-03-14,0.0,0.0,0.0,0.0,0.0,0.0,0.0,0.0,0.0,0.0,0.0
2007-03-15,0.0,0.0,0.0,0.0,0.0,0.0,0.0,0.0,0.0,0.0,0.0
2007-03-16,0.0,0.0,0.0,0.0,0.0,0.0,0.0,0.0,0.0,0.0,0.0
2007-03-19,0.0,0.0,0.0,0.0,0.0,0.0,0.0,0.0,0.0,0.0,0.0
2007-03-20,0.0,0.0,0.0,0.0,0.0,0.0,0.0,0.0,0.0,0.0,0.0
2007-03-21,0.0,0.0,0.0,0.0,0.0,0.0,0.0,0.0,0.0,0.0,0.0
2007-03-22,0.0,0.0,0.0,0.0,0.0,0.0,0.0,0.0,0.0,0.0,0.0
2007-03-23,0.0,0.0,0.0,0.0,0.0,0.0,0.0,0.0,0.0,0.0,0.0
2007-03-26,0.0,0.0,0.0,0.0,0.0,0.0,0.0,0.0,0.0,0.0,0.0
2007-03-27,0.0,0.0,0.0,0.0,0.0,0.0,0.0,0.0,0.0,0.0,0.0
2007-03-28,0.0,0.0,0.0,0.0,0.0,0.0,0.0,0.0,0.0,0.0,0.0
2007-03-29,0.0,0.0,0.0,0.0,0.0,0.0,0.0,0.0,0.0,0.0,0.0
2007-03-30,0.0,0.0,0.0,0.0,0.0,0.0,0.0,0.0,0.0,0.0,0.0
2007-04-02,0.0,0.0,0.0,0.0,0.0,0.0,0.0,0.0,0.0,0.0,0.0
2007-04-03,0.0,0.0,0.0,0.0,0.0,0.0,0.0,0.0,0.0,0.0,0.0
2007-04-04,0.0,0.0,0.0,0.0,0.0,0.0,0.0,0.0,0.0,0.0,0.0
2007-04-05,0.0,0.0,0.0,0.0,0.0,0.0,0.0,0.0,0.0,0.0,0.0
2007-04-09,0.0,0.0,0.0,0.0,0.0,0.0,0.0,0.0,0.0,0.0,0.0
2007-04-10,0.0,0.0,0.0,0.0,0.0,0.0,0.0,0.0,0.0,0.0,0.0
2007-04-11,0.0,0.0,0.0,0.0,0.0,0.0,0.0,0.0,0.0,0.0,0.0
2007-04-12,0.0,0.0,0.0,0.0,0.0,0.0,0.0,0.0,0.0,0.0,0.0
2007-04-13,0.0,0.0,0.0,0.0,0.0,0.0,0.0,0.0,0.0,0.0,0.0
2007-04-16,0.0,0.0,0.0,0.0,0.0,0.0,0.0,0.0,0.0,0.0,0.0
2007-04-17,0.0,0.0,0.0,0.0,0.0,0.0,0.0,0.0,0.0,0.0,0.0
2007-04-18,0.0,0.0,0.0,0.0,0.0,0.0,0.0,0.0,0.0,0.0,0.0
2007-04-19,0.0,0.0,0.0,0.0,0.0,0.0,0.0,0.0,0.0,0.0,0.0
2007-04-20,0.0,0.0,0.0,0.0,0.0,0.0,0.0,0.0,0.0,0.0,0.0
2007-04-23,0.0,0.0,0.0,0.0,0.0,0.0,0.0,0.0,0.0,0.0,0.0
2007-04-24,0.0,0.0,0.0,0.0,0.0,0.0,0.0,0.0,0.0,0.0,0.0
2007-04-25,0.0,0.0,0.0,0.0,0.0,0.0,0.0,0.0,0.0,0.0,0.0
2007-04-26,0.0,0.0,0.0,0.0,0.0,0.0,0.0,0.0,0.0,0.0,0.0
2007-04-27,0.0,0.0,0.0,0.0,0.0,0.0,0.0,0.0,0.0,0.0,0.0
2007-04-30,0.0,0.0,0.0,0.0,0.0,0.0,0.0,0.0,0.0,0.0,0.0
2007-05-01,0.0,0.0,0.0,0.0,0.0,0.0,0.0,0.0,0.0,0.0,0.0
2007-05-02,0.0,0.0,0.0,0.0,0.0,0.0,0.0,0.0,0.0,0.0,0.0
2007-05-03,0.0,0.0,0.0,0.0,0.0,0.0,0.0,0.0,0.0,0.0,0.0
2007-05-04,0.0,0.0,0.0,0.0,0.0,0.0,0.0,0.0,0.0,0.0,0.0
2007-05-07,0.0,0.0,0.0,0.0,0.0,0.0,0.0,0.0,0.0,0.0,0.0
2007-05-08,0.0,0.0,0.0,0.0,0.0,0.0,0.0,0.0,0.0,0.0,0.0
2007-05-09,0.0,0.0,0.0,0.0,0.0,0.0,0.0,0.0,0.0,0.0,0.0
2007-05-10,0.0,0.0,0.0,0.0,0.0,0.0,0.0,0.0,0.0,0.0,0.0
2007-05-11,0.0,0.0,0.0,0.0,0.0,0.0,0.0,0.0,0.0,0.0,0.0
2007-05-14,0.0,0.0,0.0,0.0,0.0,0.0,0.0,0.0,0.0,0.0,0.0
2007-05-15,0.0,0.0,0.0,0.0,0.0,0.0,0.0,0.0,0.0,0.0,0.0
2007-05-16,0.0,0.0,0.0,0.0,0.0,0.0,0.0,0.0,0.0,0.0,0.0
2007-05-17,0.0,0.0,0.0,0.0,0.0,0.0,0.0,0.0,0.0,0.0,0.0
2007-05-18,0.0,0.0,0.0,0.0,0.0,0.0,0.0,0.0,0.0,0.0,0.0
2007-05-21,0.0,0.0,0.0,0.0,0.0,0.0,0.0,0.0,0.0,0.0,0.0
2007-05-22,0.0,0.0,0.0,0.0,0.0,0.0,0.0,0.0,0.0,0.0,0.0
2007-05-23,0.0,0.0,0.0,0.0,0.0,0.0,0.0,0.0,0.0,0.0,0.0
2007-05-24,0.0,0.0,0.0,0.0,0.0,0.0,0.0,0.0,0.0,0.0,0.0
2007-05-25,0.0,0.0,0.0,0.0,0.0,0.0,0.0,0.0,0.0,0.0,0.0
2007-05-29,0.0,0.0,0.0,0.0,0.0,0.0,0.0,0.0,0.0,0.0,0.0
2007-05-30,0.0,0.0,0.0,0.0,0.0,0.0,0.0,0.0,0.0,0.0,0.0
2007-05-31,0.0,0.0,0.0,0.0,0.0,0.0,0.0,0.0,0.0,0.0,0.0
2007-06-01,0.0,0.0,0.0,0.0,0.0,0.0,0.0,0.0,0.0,0.0,0.0
2007-06-04,0.0,0.0,0.0,0.0,0.0,0.0,0.0,0.0,0.0,0.0,0.0
2007-06-05,0.0,0.0,0.0,0.0,0.0,0.0,0.0,0.0,0.0,0.0,0.0
2007-06-06,0.0,0.0,0.0,0.0,0.0,0.0,0.0,0.0,0.0,0.0,0.0
2007-06-07,0.0,0.0,0.0,0.0,0.0,0.0,0.0,0.0,0.0,0.0,0.0
2007-06-08,0.0,0.0,0.0,0.0,0.0,0.0,0.0,0.0,0.0,0.0,0.0
2007-06-11,0.0,0.0,0.0,0.0,0.0,0.0,0.0,0.0,0.0,0.0,0.0
2007-06-12,0.0,0.0,0.0,0.0,0.0,0.0,0.0,0.0,0.0,0.0,0.0
2007-06-13,0.0,0.0,0.0,0.0,0.0,0.0,0.0,0.0,0.0,0.0,0.0
2007-06-14,0.0,0.0,0.0,0.0,0.0,0.0,0.0,0.0,0.0,0.0,0.0
2007-06-15,0.0,0.0,0.0,0.0,0.0,0.0,0.0,0.0,0.0,0.0,0.0
2007-06-18,0.0,0.0,0.0,0.0,0.0,0.0,0.0,0.0,0.0,0.0,0.0
2007-06-19,0.0,0.0,0.0,0.0,0.0,0.0,0.0,0.0,0.0,0.0,0.0
2007-06-20,0.0,0.0,0.0,0.0,0.0,0.0,0.0,0.0,0.0,0.0,0.0
2007-06-21,0.0,0.0,0.0,0.0,0.0,0.0,0.0,0.0,0.0,0.0,0.0
2007-06-22,0.0,0.0,0.0,0.0,0.0,0.0,0.0,0.0,0.0,0.0,0.0
2007-06-25,0.0,0.0,0.0,0.0,0.0,0.0,0.0,0.0,0.0,0.0,0.0
2007-06-26,0.0,0.0,0.0,0.0,0.0,0.0,0.0,0.0,0.0,0.0,0.0
2007-06-27,0.0,0.0,0.0,0.0,0.0,0.0,0.0,0.0,0.0,0.0,0.0
2007-06-28,0.0,0.0,0.0,0.0,0.0,0.0,0.0,0.0,0.0,0.0,0.0
2007-06-29,0.0,0.0,0.0,0.0,0.0,0.0,0.0,0.0,0.0,0.0,0.0
2007-07-02,0.0,0.0,0.0,0.0,0.0,0.0,0.0,0.0,0.0,0.0,0.0
2007-07-03,0.0,0.0,0.0,0.0,0.0,0.0,0.0,0.0,0.0,0.0,0.0
2007-07-05,0.0,0.0,0.0,0.0,0.0,0.0,0.0,0.0,0.0,0.0,0.0
2007-07-06,0.0,0.0,0.0,0.0,0.0,0.0,0.0,0.0,0.0,0.0,0.0
2007-07-09,0.0,0.0,0.0,0.0,0.0,0.0,0.0,0.0,0.0,0.0,0.0
2007-07-10,0.0,0.0,0.0,0.0,0.0,0.0,0.0,0.0,0.0,0.0,0.0
2007-07-11,0.0,0.0,0.0,0.0,0.0,0.0,0.0,0.0,0.0,0.0,0.0
2007-07-12,0.0,0.0,0.0,0.0,0.0,0.0,0.0,0.0,0.0,0.0,0.0
2007-07-13,0.0,0.0,0.0,0.0,0.0,0.0,0.0,0.0,0.0,0.0,0.0
2007-07-16,0.0,0.0,0.0,0.0,0.0,0.0,0.0,0.0,0.0,0.0,0.0
2007-07-17,0.0,0.0,0.0,0.0,0.0,0.0,0.0,0.0,0.0,0.0,0.0
2007-07-18,0.0,0.0,0.0,0.0,0.0,0.0,0.0,0.0,0.0,0.0,0.0
2007-07-19,0.0,0.0,0.0,0.0,0.0,0.0,0.0,0.0,0.0,0.0,0.0
2007-07-20,0.0,0.0,0.0,0.0,0.0,0.0,0.0,0.0,0.0,0.0,0.0
2007-07-23,0.0,0.0,0.0,0.0,0.0,0.0,0.0,0.0,0.0,0.0,0.0
2007-07-24,0.0,0.0,0.0,0.0,0.0,0.0,0.0,0.0,0.0,0.0,0.0
2007-07-25,0.0,0.0,0.0,0.0,0.0,0.0,0.0,0.0,0.0,0.0,0.0
2007-07-26,0.0,0.0,0.0,0.0,0.0,0.0,0.0,0.0,0.0,0.0,0.0
2007-07-27,0.0,0.0,0.0,0.0,0.0,0.0,0.0,0.0,0.0,0.0,0.0
2007-07-30,0.0,0.0,0.0,0.0,0.0,0.0,0.0,0.0,0.0,0.0,0.0
2007-07-31,0.0,0.0,0.0,0.0,0.0,0.0,0.0,0.0,0.0,0.0,0.0
2007-08-01,0.0,0.0,0.0,0.0,0.0,0.0,0.0,0.0,0.0,0.0,0.0
2007-08-02,0.0,0.0,0.0,0.0,0.0,0.0,0.0,0.0,0.0,0.0,0.0
2007-08-03,0.0,0.0,0.0,0.0,0.0,0.0,0.0,0.0,0.0,0.0,0.0
2007-08-06,0.0,0.0,0.0,0.0,0.0,0.0,0.0,0.0,0.0,0.0,0.0
2007-08-07,0.0,0.0,0.0,0.0,0.0,0.0,0.0,0.0,0.0,0.0,0.0
2007-08-08,0.0,0.0,0.0,0.0,0.0,0.0,0.0,0.0,0.0,0.0,0.0
2007-08-09,0.0,0.0,0.0,0.0,0.0,0.0,0.0,0.0,0.0,0.0,0.0
2007-08-10,0.0,0.0,0.0,0.0,0.0,0.0,0.0,0.0,0.0,0.0,0.0
2007-08-13,0.0,0.0,0.0,0.0,0.0,0.0,0.0,0.0,0.0,0.0,0.0
2007-08-14,0.0,0.0,0.0,0.0,0.0,0.0,0.0,0.0,0.0,0.0,0.0
2007-08-15,0.0,0.0,0.0,0.0,0.0,0.0,0.0,0.0,0.0,0.0,0.0
2007-08-16,0.0,0.0,0.0,0.0,0.0,0.0,0.0,0.0,0.0,0.0,0.0
2007-08-17,0.0,0.0,0.0,0.0,0.0,0.0,0.0,0.0,0.0,0.0,0.0
2007-08-20,0.0,0.0,0.0,0.0,0.0,0.0,0.0,0.0,0.0,0.0,0.0
2007-08-21,0.0,0.0,0.0,0.0,0.0,0.0,0.0,0.0,0.0,0.0,0.0
2007-08-22,0.0,0.0,0.0,0.0,0.0,0.0,0.0,0.0,0.0,0.0,0.0
2007-08-23,0.0,0.0,0.0,0.0,0.0,0.0,0.0,0.0,0.0,0.0,0.0
2007-08-24,0.0,0.0,0.0,0.0,0.0,0.0,0.0,0.0,0.0,0.0,0.0
2007-08-27,0.0,0.0,0.0,0.0,0.0,0.0,0.0,0.0,0.0,0.0,0.0
2007-08-28,0.0,0.0,0.0,0.0,0.0,0.0,0.0,0.0,0.0,0.0,0.0
2007-08-29,0.0,0.0,0.0,0.0,0.0,0.0,0.0,0.0,0.0,0.0,0.0
2007-08-30,0.0,0.0,0.0,0.0,0.0,0.0,0.0,0.0,0.0,0.0,0.0
2007-08-31,0.0,0.0,0.0,0.0,0.0,0.0,0.0,0.0,0.0,0.0,0.0
2007-09-04,0.0,0.0,0.0,0.0,0.0,0.0,0.0,0.0,0.0,0.0,0.0
2007-09-05,0.0,0.0,0.0,0.0,0.0,0.0,0.0,0.0,0.0,0.0,0.0
2007-09-06,0.0,0.0,0.0,0.0,0.0,0.0,0.0,0.0,0.0,0.0,0.0
2007-09-07,0.0,0.0,0.0,0.0,0.0,0.0,0.0,0.0,0.0,0.0,0.0
2007-09-10,0.0,0.0,0.0,0.0,0.0,0.0,0.0,0.0,0.0,0.0,0.0
2007-09-11,0.0,0.0,0.0,0.0,0.0,0.0,0.0,0.0,0.0,0.0,0.0
2007-09-12,0.0,0.0,0.0,0.0,0.0,0.0,0.0,0.0,0.0,0.0,0.0
2007-09-13,0.0,0.0,0.0,0.0,0.0,0.0,0.0,0.0,0.0,0.0,0.0
2007-09-14,0.0,0.0,0.0,0.0,0.0,0.0,0.0,0.0,0.0,0.0,0.0
2007-09-17,0.0,0.0,0.0,0.0,0.0,0.0,0.0,0.0,0.0,0.0,0.0
2007-09-18,0.0,0.0,0.0,0.0,0.0,0.0,0.0,0.0,0.0,0.0,0.0
2007-09-19,0.0,0.0,0.0,0.0,0.0,0.0,0.0,0.0,0.0,0.0,0.0
2007-09-20,0.0,0.0,0.0,0.0,0.0,0.0,0.0,0.0,0.0,0.0,0.0
2007-09-21,0.0,0.0,0.0,0.0,0.0,0.0,0.0,0.0,0.0,0.0,0.0
2007-09-24,0.0,0.0,0.0,0.0,0.0,0.0,0.0,0.0,0.0,0.0,0.0
2007-09-25,0.0,0.0,0.0,0.0,0.0,0.0,0.0,0.0,0.0,0.0,0.0
2007-09-26,0.0,0.0,0.0,0.0,0.0,0.0,0.0,0.0,0.0,0.0,0.0
2007-09-27,0.0,0.0,0.0,0.0,0.0,0.0,0.0,0.0,0.0,0.0,0.0
2007-09-28,0.0,0.0,0.0,0.0,0.0,0.0,0.0,0.0,0.0,0.0,0.0
2007-10-01,0.0,0.0,0.0,0.0,0.0,0.0,0.0,0.0,0.0,0.0,0.0
2007-10-02,0.0,0.0,0.0,0.0,0.0,0.0,0.0,0.0,0.0,0.0,0.0
2007-10-03,0.0,0.0,0.0,0.0,0.0,0.0,0.0,0.0,0.0,0.0,0.0
2007-10-04,0.0,0.0,0.0,0.0,0.0,0.0,0.0,0.0,0.0,0.0,0.0
2007-10-05,0.0,0.0,0.0,0.0,0.0,0.0,0.0,0.0,0.0,0.0,0.0
2007-10-08,0.0,0.0,0.0,0.0,0.0,0.0,0.0,0.0,0.0,0.0,0.0
2007-10-09,0.0,0.0,0.0,0.0,0.0,0.0,0.0,0.0,0.0,0.0,0.0
2007-10-10,0.0,0.0,0.0,0.0,0.0,0.0,0.0,0.0,0.0,0.0,0.0
2007-10-11,0.0,0.0,0.0,0.0,0.0,0.0,0.0,0.0,0.0,0.0,0.0
2007-10-12,0.0,0.0,0.0,0.0,0.0,0.0,0.0,0.0,0.0,0.0,0.0
2007-10-15,0.0,0.0,0.0,0.0,0.0,0.0,0.0,0.0,0.0,0.0,0.0
2007-10-16,0.0,0.0,0.0,0.0,0.0,0.0,0.0,0.0,0.0,0.0,0.0
2007-10-17,0.0,0.0,0.0,0.0,0.0,0.0,0.0,0.0,0.0,0.0,0.0
2007-10-18,0.0,0.0,0.0,0.0,0.0,0.0,0.0,0.0,0.0,0.0,0.0
2007-10-19,0.0,0.0,0.0,0.0,0.0,0.0,0.0,0.0,0.0,0.0,0.0
2007-10-22,0.0,0.0,0.0,0.0,0.0,0.0,0.0,0.0,0.0,0.0,0.0
2007-10-23,0.0,0.0,0.0,0.0,0.0,0.0,0.0,0.0,0.0,0.0,0.0
2007-10-24,0.0,0.0,0.0,0.0,0.0,0.0,0.0,0.0,0.0,0.0,0.0
2007-10-25,0.0,0.0,0.0,0.0,0.0,0.0,0.0,0.0,0.0,0.0,0.0
2007-10-26,0.0,0.0,0.0,0.0,0.0,0.0,0.0,0.0,0.0,0.0,0.0
2007-10-29,0.0,0.0,0.0,0.0,0.0,0.0,0.0,0.0,0.0,0.0,0.0
2007-10-30,0.0,0.0,0.0,0.0,0.0,0.0,0.0,0.0,0.0,0.0,0.0
2007-10-31,0.0,0.0,0.0,0.0,0.0,0.0,0.0,0.0,0.0,0.0,0.0
2007-11-01,0.0,0.0,0.0,0.0,0.0,0.0,0.0,0.0,0.0,0.0,0.0
2007-11-02,0.0,0.0,0.0,0.0,0.0,0.0,0.0,0.0,0.0,0.0,0.0
2007-11-05,0.0,0.0,0.0,0.0,0.0,0.0,0.0,0.0,0.0,0.0,0.0
2007-11-06,0.0,0.0,0.0,0.0,0.0,0.0,0.0,0.0,0.0,0.0,0.0
2007-11-07,0.0,0.0,0.0,0.0,0.0,0.0,0.0,0.0,0.0,0.0,0.0
2007-11-08,0.0,0.0,0.0,0.0,0.0,0.0,0.0,0.0,0.0,0.0,0.0
2007-11-09,0.0,0.0,0.0,0.0,0.0,0.0,0.0,0.0,0.0,0.0,0.0
2007-11-12,0.0,0.0,0.0,0.0,0.0,0.0,0.0,0.0,0.0,0.0,0.0
2007-11-13,0.0,0.0,0.0,0.0,0.0,0.0,0.0,0.0,0.0,0.0,0.0
2007-11-14,0.0,0.0,0.0,0.0,0.0,0.0,0.0,0.0,0.0,0.0,0.0
2007-11-15,0.0,0.0,0.0,0.0,0.0,0.0,0.0,0.0,0.0,0.0,0.0
2007-11-16,0.0,0.0,0.0,0.0,0.0,0.0,0.0,0.0,0.0,0.0,0.0
2007-11-19,0.0,0.0,0.0,0.0,0.0,0.0,0.0,0.0,0.0,0.0,0.0
2007-11-20,0.0,0.0,0.0,0.0,0.0,0.0,0.0,0.0,0.0,0.0,0.0
2007-11-21,0.0,0.0,0.0,0.0,0.0,0.0,0.0,0.0,0.0,0.0,0.0
2007-11-23,0.0,0.0,0.0,0.0,0.0,0.0,0.0,0.0,0.0,0.0,0.0
2007-11-26,0.0,0.0,0.0,0.0,0.0,0.0,0.0,0.0,0.0,0.0,0.0
2007-11-27,0.0,0.0,0.0,0.0,0.0,0.0,0.0,0.0,0.0,0.0,0.0
2007-11-28,0.0,0.0,0.0,0.0,0.0,0.0,0.0,0.0,0.0,0.0,0.0
2007-11-29,0.0,0.0,0.0,0.0,0.0,0.0,0.0,0.0,0.0,0.0,0.0
2007-11-30,0.0,0.0,0.0,0.0,0.0,0.0,0.0,0.0,0.0,0.0,0.0
2007-12-03,0.0,0.0,0.0,0.0,0.0,0.0,0.0,0.0,0.0,0.0,0.0
2007-12-04,0.0,0.0,0.0,0.0,0.0,0.0,0.0,0.0,0.0,0.0,0.0
2007-12-05,0.0,0.0,0.0,0.0,0.0,0.0,0.0,0.0,0.0,0.0,0.0
2007-12-06,0.0,0.0,0.0,0.0,0.0,0.0,0.0,0.0,0.0,0.0,0.0
2007-12-07,0.0,0.0,0.0,0.0,0.0,0.0,0.0,0.0,0.0,0.0,0.0
2007-12-10,0.0,0.0,0.0,0.0,0.0,0.0,0.0,0.0,0.0,0.0,0.0
2007-12-11,0.0,0.0,0.0,0.0,0.0,0.0,0.0,0.0,0.0,0.0,0.0
2007-12-12,0.0,0.0,0.0,0.0,0.0,0.0,0.0,0.0,0.0,0.0,0.0
2007-12-13,0.0,0.0,0.0,0.0,0.0,0.0,0.0,0.0,0.0,0.0,0.0
2007-12-14,0.0,0.0,0.0,0.0,0.0,0.0,0.0,0.0,0.0,0.0,0.0
2007-12-17,0.0,0.0,0.0,0.0,0.0,0.0,0.0,0.0,0.0,0.0,0.0
2007-12-18,0.0,0.0,0.0,0.0,0.0,0.0,0.0,0.0,0.0,0.0,0.0
2007-12-19,0.0,0.0,0.0,0.0,0.0,0.0,0.0,0.0,0.0,0.0,0.0
2007-12-20,0.0,0.0,0.0,0.0,0.0,0.0,0.0,0.0,0.0,0.0,0.0
2007-12-21,0.0,0.0,0.0,0.0,0.0,0.0,0.0,0.0,0.0,0.0,0.0
2007-12-24,0.0,0.0,0.0,0.0,0.0,0.0,0.0,0.0,0.0,0.0,0.0
2007-12-26,0.0,0.0,0.0,0.0,0.0,0.0,0.0,0.0,0.0,0.0,0.0
2007-12-27,0.0,0.0,0.0,0.0,0.0,0.0,0.0,0.0,0.0,0.0,0.0
2007-12-28,0.0,0.0,0.0,0.0,0.0,0.0,0.0,0.0,0.0,0.0,0.0
2007-12-31,0.0,0.0,0.0,0.0,0.0,0.0,0.0,0.0,0.0,0.0,0.0
2008-01-02,0.0,0.0,0.0,0.0,0.0,0.0,0.0,0.0,0.0,0.0,0.0
2008-01-03,0.0,0.0,0.0,0.0,0.0,0.0,0.0,0.0,0.0,0.0,0.0
2008-01-04,0.0,0.0,0.0,0.0,0.0,0.0,0.0,0.0,0.0,0.0,0.0
2008-01-07,0.0,0.0,0.0,0.0,0.0,0.0,0.0,0.0,0.0,0.0,0.0
2008-01-08,0.0,0.0,0.0,0.0,0.0,0.0,0.0,0.0,0.0,0.0,0.0
2008-01-09,0.0,0.0,0.0,0.0,0.0,0.0,0.0,0.0,0.0,0.0,0.0
2008-01-10,0.0,0.0,0.0,0.0,0.0,0.0,0.0,0.0,0.0,0.0,0.0
2008-01-11,0.0,0.0,0.0,0.0,0.0,0.0,0.0,0.0,0.0,0.0,0.0
2008-01-14,0.0,0.0,0.0,0.0,0.0,0.0,0.0,0.0,0.0,0.0,0.0
2008-01-15,0.0,0.0,0.0,0.0,0.0,0.0,0.0,0.0,0.0,0.0,0.0
2008-01-16,-0.0009754037259260766,0.0,5.2193653543981675e-05,0.0,0.0,-0.0010275973794700583,0.0,0.25000000000087913,0.0,0.25000000000087913,0.0
2008-01-17,0.0002491715218283024,0.0,0.0,0.0,0.0,0.0002491715218283024,0.0,0.0,0.0,0.2492807565271126,0.0
2008-01-18,0.00036454249739776694,0.0,0.0,0.0,0.0,0.00036454249739776694,0.0,0.0,0.0,0.2494677677855947,0.0
2008-01-22,0.0010078821615012838,0.0,0.0,0.0,0.0,0.0010078821615012838,0.0,0.0,0.0,0.24974126897709634,0.0
2008-01-23,-0.0012093303727906384,0.0,0.0,0.0,0.0,-0.0012093303727906384,0.0,0.0,0.0,0.25049668000330694,0.0
2008-01-24,0.00019024582225528108,0.0,0.0,0.0,0.0,0.00019024582225528108,0.0,0.0,0.0,0.24958918541315647,0.0
2008-01-25,0.0021724774988064045,0.0,0.0,0.0,0.0,0.0021724774988064045,0.0,0.0,0.0,0.24973192078079942,0.0
2008-01-28,6.58499426840915e-05,0.0,0.0,0.0,0.0,6.58499426840915e-05,0.0,0.0,0.0,0.2513583279679579,0.0
2008-01-29,0.00032386692024400396,0.0,0.0,0.0,0.0,0.00032386692024400396,0.0,0.0,0.0,0.25140762273309464,0.0
2008-01-30,-0.00034570931003353214,0.0,0.0,0.0,0.0,-0.00034570931003353214,0.0,0.0,0.0,0.25164998854656867,0.0
2008-01-31,-0.0002077911588143456,-1.0092365329698724e-14,5.116976017274108e-05,5.385404853940389e-16,7.208619796473015e-17,-0.00025896091898708665,-1.0702992013057494e-14,0.2500000000011503,2.631146225712651e-12,0.2986088124863517,2.631146225712651e-12
2008-02-01,-0.003285154123324639,1.0396950545885994e-14,0.0,0.0,7.238144508998682e-17,-0.003285154123324639,1.0324569100796008e-14,0.0,0.0,0.29847831554643217,2.641922745784519e-12
2008-02-04,0.00040983293677411244,1.0581895293968512e-15,0.0,0.0,2.1700267863396128e-16,0.00040983293677411244,8.411868507628899e-16,0.0,0.0,0.2961661127495928,2.6401992567131955e-12
2008-02-05,-0.002236894359823417,2.6356997826945278e-14,0.0,0.0,7.227561379030744e-17,-0.002236894359823417,2.628472221315497e-14,0.0,0.0,0.2964544488889588,2.6380599033462216e-12
2008-02-06,0.0010721441280652606,1.0955419135897904e-14,0.0,0.0,7.171392072559211e-17,0.0010721441280652606,1.0883705215172312e-14,0.0,0.0,0.29487716359321,2.6175581064841122e-12
2008-02-07,0.00043784424192216313,6.2352538543178e-16,0.0,0.0,7.13372884012432e-17,0.00043784424192216313,5.521880970305368e-16,0.0,0.0,0.29563234723611664,2.6038110266453767e-12
2008-02-08,0.0034848630867233945,-4.6442471260872463e-14,0.0,0.0,7.128899203929422e-17,0.0034848630867233945,-4.651376025291176e-14,0.0,0.0,0.29594061558355456,2.602048209434239e-12
2008-02-11,0.0008756201516880829,-3.692636090594576e-14,0.0,0.0,2.1692820045834794e-16,0.0008756201516880829,-3.714328910640411e-14,0.0,0.0,0.2983856455485117,2.639293105576567e-12
2008-02-12,-0.0030849288126966736,1.7265761564647765e-14,0.0,0.0,7.325693602406262e-17,-0.0030849288126966736,1.7192504628623702e-14,0.0,0.0,0.2989994557514112,2.673878164878286e-12
2008-02-13,7.94977713417614e-05,-2.635177050599542e-15,0.0,0.0,7.30091294276075e-17,7.94977713417614e-05,-2.7081861800271493e-15,0.0,0.0,0.2968302270586419,2.6648332241076736e-12
2008-02-14,0.002819348349584518,7.832530208083131e-16,5.1850234265413085e-05,5.467480971410221e-16,3.289493703142812e-17,0.002767498115319105,2.0360998663586288e-16,0.24999999999459735,2.6361891362461846e-12,0.4483360403850477,1.2006652016471263e-12
2008-02-15,-0.0003905203857481821,-8.666704099442653e-16,0.0,0.0,3.278275184062275e-17,-0.0003905203857481821,-8.99453161784888e-16,0.0,0.0,0.4499102629299108,1.1965704421827303e-12
2008-02-19,0.0074584137919507035,-2.4065953805511343e-14,0.0,0.0,1.3127725138451371e-16,0.0074584137919507035,-2.4197231056895858e-14,0.0,0.0,0.44969535774874014,1.1979049188836878e-12
2008-02-20,0.002779186285544536,-1.472451577758853e-14,0.0,0.0,3.323080495230633e-17,0.002779186285544536,-1.475774658254084e-14,0.0,0.0,0.4537693717997061,1.212924380759181e-12
2008-02-21,-0.0017974491236993871,3.306542584515164e-15,0.0,0.0,3.3540999657222826e-17,-0.0017974491236993871,3.273001584857941e-15,0.0,0.0,0.45528324114542784,1.224246487488633e-12
2008-02-22,0.002154259830013912,-1.1287694434929876e-14,0.0,0.0,3.3510643125548396e-17,0.002154259830013912,-1.1321205078055425e-14,0.0,0.0,0.4543023774319364,1.2231384740825165e-12
2008-02-25,-0.0007557236961611765,-1.8094923638049035e-14,0.0,0.0,1.0124158440521576e-16,-0.0007557236961611765,-1.819616522245425e-14,0.0,0.0,0.45547542485064124,1.2317726102634583e-12
2008-02-26,0.004573067553845615,-2.2685106623597335e-14,0.0,0.0,3.426884391167259e-17,0.004573067553845615,-2.2719375467509008e-14,0.0,0.0,0.4550636035029161,1.2508128027760498e-12
2008-02-27,-0.00012223927029171816,-6.329940768103579e-15,0.0,0.0,3.473152407633381e-17,-0.00012223927029171816,-6.364672292179913e-15,0.0,0.0,0.4575442901092262,1.267700628786184e-12
2008-02-28,0.006650155185134184,-8.96110637420877e-15,0.0,0.0,3.490921438796983e-17,0.006650155185134184,-8.99601558859674e-15,0.0,0.0,0.4574779726124841,1.274186325160899e-12
2008-02-29,-0.0016226302080891881,2.0895098797936804e-14,5.289325259711568e-05,2.6358416170302465e-16,4.2972526485144947e-17,-0.0016755234606863037,2.0588542109748637e-14,0.24999999999857578,1.2458307475871533e-12,0.4828940830284226,1.5684972167077907e-12
2008-03-03,0.004856771574719596,-1.769847303816647e-14,0.0,0.0,1.2741365864905826e-16,0.004856771574719596,-1.7825886696815527e-14,0.0,0.0,0.4820791878094068,1.5501995135635421e-12
2008-03-04,-0.006391155393647607,2.4507555300397282e-14,0.0,0.0,4.2748489572945304e-17,-0.006391155393647607,2.4464806810824336e-14,0.0,0.0,0.48458245310030945,1.5603198694125035e-12
2008-03-05,0.006283018204153101,-2.9418399110380044e-14,0.0,0.0,4.234770043574901e-17,0.006283018204153101,-2.9460746810815794e-14,0.0,0.0,0.4812671508536135,1.5456910659048388e-12
2008-03-06,3.122472319519199e-05,2.43150934334051e-14,0.0,0.0,4.2884241502986405e-17,3.122472319519199e-05,2.4272209191902116e-14,0.0,0.0,0.48450600898331725,1.5652748148590034e-12
2008-03-07,-0.004963603782715761,1.3924465851442544e-14,0.0,0.0,4.22167563530731e-17,-0.004963603782715761,1.388224909508947e-14,0.0,0.0,0.4845221046379014,1.5409116068871676e-12
2008-03-10,0.00448628236298154,1.7914710575289794e-14,0.0,0.0,1.2613186099625545e-16,0.00448628236298154,1.7788578714293537e-14,0.0,0.0,0.481950713238492,1.534604308787775e-12
2008-03-11,0.0036262260022879053,-2.591551464786915e-14,0.0,0.0,4.1367553152943904e-17,0.0036262260022879053,-2.5956882201022096e-14,0.0,0.0,0.48426444854692985,1.5099156900824518e-12
2008-03-12,0.003101784881224072,-9.951486613590153e-15,0.0,0.0,4.1925535784863674e-17,0.003101784881224072,-9.993412149375017e-15,0.0,0.0,0.48612786504456895,1.5302820561475241e-12
2008-03-13,0.002726181271850573,-6.7940222347561516e-15,0.0,0.0,4.206769431551376e-17,0.002726181271850573,-6.8360899290716656e-15,0.0,0.0,0.4877168571519659,1.5354708425162524e-12
2008-03-14,-0.001117049766141201,6.547585968993184e-15,5.201926589957506e-05,2.8090139392216306e-16,1.583243296074516e-17,-0.001169069032040776,6.250852142110276e-15,0.24999999999940237,1.3499873030877691e-12,0.34120425526523057,5.778838030671984e-13
2008-03-17,-0.007529834170416879,1.8276861680833052e-14,0.0,0.0,4.7014103864255877e-17,-0.007529834170416879,1.8229847576968796e-14,0.0,0.0,0.3404852562680567,5.720049303484466e-13
2008-03-18,0.00015878497611987105,-1.158347130792583e-14,0.0,0.0,1.5285731038181605e-17,0.00015878497611987105,-1.1598757038964012e-14,0.0,0.0,0.3354815424797418,5.579291828936285e-13
2008-03-19,-0.010834746503079546,3.838337826993378e-14,0.0,0.0,1.5600609274110078e-17,-0.010834746503079546,3.8367777660659675e-14,0.0,0.0,0.33558704127553046,5.694222385050179e-13
2008-03-20,-0.010165666168920758,1.535034687922758e-14,0.0,0.0,1.4708371344444005e-17,-0.010165666168920758,1.5335638507883135e-14,0.0,0.0,0.3283094443768282,5.368555540722062e-13
2008-03-24,0.002696697483053746,-4.934545001633925e-15,0.0,0.0,5.7738202878447e-17,0.002696697483053746,-4.992283204512372e-15,0.0,0.0,0.321411136524787,5.268611012658289e-13
2008-03-25,0.005790343062475233,-2.2500309941727286e-14,0.0,0.0,1.4530559210903814e-17,0.005790343062475233,-2.2514840500938192e-14,0.0,0.0,0.3232361638583336,5.303654111979892e-13
2008-03-26,0.0067194577897345615,-8.486044642970578e-15,0.0,0.0,1.5059804623399378e-17,0.0067194577897345615,-8.501104447593977e-15,0.0,0.0,0.32713229868461613,5.496828687540772e-13
2008-03-27,0.0005126776005356405,5.6364913095376715e-15,0.0,0.0,1.5190228895301143e-17,0.0005126776005356405,5.62130108064237e-15,0.0,0.0,0.33162342685551083,5.544433546784916e-13
2008-03-28,-0.00549247532914854,9.468902507904475e-15,0.0,0.0,1.5028099905661423e-17,-0.00549247532914854,9.453874407998813e-15,0.0,0.0,0.33196591296832434,5.485256465566419e-13
2008-03-31,-0.001783810618847237,-7.035687620132739e-16,5.942847737723557e-05,4.357086270627509e-17,2.778175474130255e-17,-0.0018432390962244726,-7.749213794608516e-16,0.2782764881514842,2.0402250225372863e-13,0.05,3.380113493525143e-13
2008-04-01,-0.0001781184310057859,-1.2555064321198711e-14,0.0,0.0,9.296997359271141e-18,-0.0001781184310057859,-1.2564361318557982e-14,0.0,0.0,0.04830522746496826,3.3934040361339666e-13
2008-04-02,0.001615212437126003,-6.697401590439238e-15,0.0,0.0,9.642689264918153e-18,0.001615212437126003,-6.707044279704156e-15,0.0,0.0,0.04813568288627417,3.519581581695126e-13
2008-04-03,-7.707150075620168e-05,-5.806500626600562e-15,0.0,0.0,9.810333946048782e-18,-7.707150075620168e-05,-5.816310960546611e-15,0.0,0.0,0.04967066664487536,3.5807718903078054e-13
2008-04-04,0.000729284049548817,-4.311445228759835e-15,0.0,0.0,9.970184572084587e-18,0.000729284049548817,-4.32141541333192e-15,0.0,0.0,0.049597417691534564,3.6391173688108746e-13
2008-04-07,0.0012145936635818166,4.395771270577818e-17,0.0,0.0,3.0242863439602636e-17,0.0012145936635818166,1.3714849266175542e-17,0.0,0.0,0.05029002602725053,3.679548385151654e-13
2008-04-08,0.0001538601843798267,-3.995671577805614e-15,0.0,0.0,1.0067522210286913e-17,0.0001538601843798267,-4.005739100015901e-15,0.0,0.0,0.05144213839549607,3.674645606754723e-13
2008-04-09,0.0010117620713964558,2.8538673812922907e-15,0.0,0.0,1.0175427071388063e-17,0.0010117620713964558,2.8436919542209027e-15,0.0,0.0,0.05158806123126327,3.7140308810566426e-13
2008-04-10,-0.0004255754519323977,-5.703527932699683e-16,0.0,0.0,1.0087033246303843e-17,-0.0004255754519323977,-5.804398265162721e-16,0.0,0.0,0.05254665858652312,3.681767134900903e-13
2008-04-11,0.00017740010528585548,6.230298425024629e-15,0.0,0.0,1.0106960624564518e-17,0.00017740010528585548,6.2201914644000645e-15,0.0,0.0,0.052143274032002154,3.6890406279660483e-13
2008-04-14,-0.00023552107211768244,6.264909437450595e-17,5.116693788578324e-05,8.265152711861901e-17,3.3882119210916135e-18,-0.00028668801000346567,-2.339064466520468e-17,0.24999999999977993,4.0383268245915013e-13,0.2976886059093115,4.122324503994796e-14
2008-04-15,-0.0006795333038472891,-4.2076180998600465e-17,0.0,0.0,1.1280109473664602e-18,-0.0006795333038472891,-4.320419194596693e-17,0.0,0.0,0.29753838552483963,4.1172399578875794e-14
2008-04-16,-0.0012945102599977094,-6.473422631470186e-16,0.0,0.0,1.1299315455648925e-18,-0.0012945102599977094,-6.484721946925834e-16,0.0,0.0,0.29706071487001123,4.124250141311858e-14
2008-04-17,-0.0004488031621684111,-2.777958168684067e-18,0.0,0.0,1.1491545423801085e-18,-0.0004488031621684111,-3.927112711064175e-18,0.0,0.0,0.2961495732711071,4.194414079687396e-14
2008-04-18,0.0005977553209752873,-3.8404669250646137e-16,0.0,0.0,1.1497466607601282e-18,0.0005977553209752873,-3.851964391672215e-16,0.0,0.0,0.29583354113767674,4.1965753117744676e-14
2008-04-21,0.0006974502654323604,4.08844953492767e-17,0.0,0.0,3.478726036857512e-18,0.0006974502654323604,3.740576931241919e-17,0.0,0.0,0.29625420892890364,4.2324500115099735e-14
2008-04-22,0.0009091881431335576,1.6229542943013625e-16,0.0,0.0,1.1576478206791065e-18,0.0009091881431335576,1.6113778160945714e-16,0.0,0.0,0.2967446945283715,4.225414545478739e-14
2008-04-23,-0.00046553527801394904,-4.515246018168462e-17,0.0,0.0,1.1521538459419366e-18,-0.00046553527801394904,-4.630461402762656e-17,0.0,0.0,0.2973835051146912,4.2053615376880683e-14
2008-04-24,-0.002894343055355763,-1.3479611358622064e-16,0.0,0.0,1.1539280938815377e-18,-0.002894343055355763,-1.359500416801022e-16,0.0,0.0,0.2970562600052646,4.2118375426676124e-14
2008-04-25,0.0007029307394436446,-3.5900397692711076e-16,0.0,0.0,1.1609814165898835e-18,0.0007029307394436446,-3.6016495834370066e-16,0.0,0.0,0.2950157938640997,4.2375821705530744e-14
2008-04-28,0.001008959771324417,-1.262873754832836e-15,5.25547664048446e-05,5.662981093225195e-17,2.325456085683018e-17,0.0009564050049195724,-1.3427581266219182e-15,0.24999999999967276,2.693847523550099e-13,0.5455110008364291,2.829304904247672e-13
2008-04-29,-0.0019418656128306407,3.3269570829789096e-15,0.0,0.0,7.77867999808256e-18,-0.0019418656128306407,3.3191784029808272e-15,0.0,0.0,0.545997765612048,2.8392181993001344e-13
2008-04-30,0.00111143571276703,-8.389824187802053e-16,0.0,0.0,7.702487684928438e-18,0.00111143571276703,-8.466849064651338e-16,0.0,0.0,0.5451144389833347,2.81140800499888e-13
2008-05-01,-0.0029388458581832227,9.526930488637628e-16,0.0,0.0,7.716896670070205e-18,-0.0029388458581832227,9.449761521936925e-16,0.0,0.0,0.5456194537496245,2.816667284575625e-13
2008-05-02,-0.00045738764388973706,-1.0547632861264727e-15,0.0,0.0,7.713464172886003e-18,-0.00045738764388973706,-1.0624767502993588e-15,0.0,0.0,0.5442801633953264,2.815414423103391e-13
2008-05-05,0.003761472423127005,-1.9240576590164727e-15,0.0,0.0,2.323771403476209e-17,0.003761472423127005,-1.9472953730512347e-15,0.0,0.0,0.544071627391197,2.827255207562721e-13
2008-05-06,0.0007576828788751886,-1.483385129361957e-15,0.0,0.0,7.769394224600016e-18,0.0007576828788751886,-1.491154523586557e-15,0.0,0.0,0.5457801627829273,2.8358288919790053e-13
2008-05-07,0.0017762427472910642,2.660259071729336e-15,0.0,0.0,7.804121863555025e-18,0.0017762427472910642,2.6524549498657807e-15,0.0,0.0,0.5461240568142133,2.8485044801975844e-13
2008-05-08,0.0040101147593160705,-1.3818129275784305e-15,0.0,0.0,7.717529846952985e-18,0.0040101147593160705,-1.3895304574253835e-15,0.0,0.0,0.5469288212095449,2.81689839413784e-13
2008-05-09,0.0031579233143974937,-4.628345195768512e-16,0.0,0.0,7.724411956984064e-18,0.0031579233143974937,-4.705589315338353e-16,0.0,0.0,0.548738431884159,2.819410364299183e-13
2008-05-12,-0.0033485148214196666,1.799793729561201e-06,1.0646886988528512e-05,2.7975666632764774e-07,1.1208013163352841e-07,-0.0033591617084081952,1.4079569316000249e-06,0.05189702257293785,0.0013636416018108183,0.6013636416095068,0.0013636416015412624
2008-05-13,-0.0025301086422220105,-6.019432274133413e-06,0.0,0.0,3.743643679669056e-08,-0.0025301086422220105,-6.056868710930104e-06,0.0,0.0,0.6000298793665282,0.0013664299430792054
2008-05-14,-0.0019152792757580785,-1.810310241956366e-06,0.0,0.0,3.769695847535882e-08,-0.0019152792757580785,-1.8480072004317249e-06,0.0,0.0,0.5990189820068662,0.0013759389843505969
2008-05-15,0.003205897239040143,1.2092379945489432e-06,0.0,0.0,3.781905996791467e-08,0.003205897239040143,1.1714189345810286e-06,0.0,0.0,0.5982506253269694,0.0013803956888288856
2008-05-16,0.0018034305699851374,1.3259510708717471e-05,0.0,0.0,3.766513548433466e-08,0.0018034305699851374,1.3221845573233136e-05,0.0,0.0,0.599533776581737,0.0013747774451782148
2008-05-19,0.0009268296169449189,-7.219257348345929e-06,0.0,0.0,1.1170265875018436e-07,0.0009268296169449189,-7.330960007096113e-06,0.0,0.0,0.6002467674117725,0.0013590490147939098
2008-05-20,0.0037504057807921467,1.3824417329842725e-05,0.0,0.0,3.739762039422705e-08,0.0037504057807921467,1.3787019709448497e-05,0.0,0.0,0.600621326525649,0.0013650131443892872
2008-05-21,0.00408578723155306,9.58058641845701e-06,0.0,0.0,3.688004563225423e-08,0.00408578723155306,9.543706372824755e-06,0.0,0.0,0.6021052919015214,0.0013461216655772793
2008-05-22,-0.006089071446030403,-8.348959002399204e-06,0.0,0.0,3.646821440586323e-08,-0.006089071446030403,-8.385427216805067e-06,0.0,0.0,0.6037186514619395,0.0013310898258140078
2008-05-23,0.0030764637226098394,7.800244772713721e-06,0.0,0.0,3.6922083822446474e-08,0.0030764637226098394,7.763322688891275e-06,0.0,0.0,0.6012959561767547,0.0013476560595192962
2008-05-27,-0.0053463100623947,-0.00021511193907763584,1.0221085084788478e-05,1.033295818910712e-05,5.62583409329373e-06,-0.005356531147479488,-0.0002310707313600367,0.0494586588744781,0.04999999999998729,0.6513357361059586,0.05133573610130529
2008-05-28,-0.001991524895982488,4.210396901790668e-05,0.0,0.0,1.4202880050317904e-06,-0.001991524895982488,4.068368101287489e-05,0.0,0.0,0.6496192397279984,0.05184051218366035
2008-05-29,-0.006314878364067096,-0.0011036287006957906,0.0,0.0,1.4219083891234524e-06,-0.006314878364067096,-0.001105050609084914,0.0,0.0,0.6488936032173024,0.05189965620300602
2008-05-30,0.0026271358160616536,8.279520572897632e-05,0.0,0.0,1.4630001490760966e-06,0.0026271358160616536,8.133220557990022e-05,0.0,0.0,0.6473822552053379,0.05339950544127753
2008-06-02,0.0028474983475313778,0.0006153773607017273,0.0,0.0,4.3703583858946004e-06,0.0028474983475313778,0.0006110070023158327,0.0,0.0,0.648253616830301,0.05317269369505096
2008-06-03,-0.0018898039143673531,-0.00034513393964113857,0.0,0.0,1.4349636454689869e-06,-0.0018898039143673531,-0.0003465689032866076,0.0,0.0,0.648857039634969,0.05237617305961802
2008-06-04,-0.003556395762170617,-1.9761313202265805e-05,0.0,0.0,1.447656870316783e-06,-0.003556395762170617,-2.120897007258259e-05,0.0,0.0,0.6484173386312119,0.05283947576656258
2008-06-05,0.0028414204281243466,-0.0004464850234112393,0.0,0.0,1.4533979595759528e-06,0.0028414204281243466,-0.00044793842137081524,0.0,0.0,0.647176283804576,0.05304902552452227
2008-06-06,0.010825511269650201,0.0012751063489883207,0.0,0.0,1.4621308421086748e-06,0.010825511269650201,0.001273644218146212,0.0,0.0,0.6484656134548978,0.053367775736966626
2008-06-09,-0.004626675511231696,0.0002598448013028099,0.0,0.0,4.23040493764839e-06,-0.004626675511231696,0.0002556143963651615,0.0,0.0,0.6514096184644999,0.05146992674138875
2008-06-10,-0.0038842231839551476,0.0004655760458546613,2.5576758218914605e-05,1.475369538363756e-08,1.4072047107078023e-06,-0.003909799942174062,0.0004641540874485699,0.12470551737220453,7.193512173125222e-05,0.6513629719382286,0.051362971940834785
2008-06-11,0.002829597081021134,0.0005067649976692928,0.0,0.0,1.3992705935224049e-06,0.002829597081021134,0.0005053657270757704,0.0,0.0,0.6497174449752954,0.05107337666356778
2008-06-12,-0.0047783975448020335,0.00040462558377168137,0.0,0.0,1.3807817651506446e-06,-0.0047783975448020335,0.0004032448020065307,0.0,0.0,0.6503780554302543,0.05039853442799852
2008-06-13,-0.0013336073061231827,-0.00077327214977787,0.0,0.0,1.3757150963958451e-06,-0.0013336073061231827,-0.0007746478648742658,0.0,0.0,0.6484366673491339,0.050213601018448344
2008-06-16,0.0009069927916483687,-0.00015503361331300938,0.0,0.0,4.199555639129857e-06,0.0009069927916483687,-0.00015923316895213922,0.0,0.0,0.6484702006968677,0.05109459360941326
2008-06-17,0.0018544858538171536,0.0001317858950237109,0.0,0.0,1.4030502316532584e-06,0.0018544858538171536,0.00013038284479205764,0.0,0.0,0.648891978267676,0.051211333455343934
2008-06-18,0.003065468940760143,0.0005633844426907801,0.0,0.0,1.3966674576677645e-06,0.003065468940760143,0.0005619877752331123,0.0,0.0,0.64945737650379,0.050978362204873395
2008-06-19,-0.0035588082756721497,-6.521166619785966e-05,0.0,0.0,1.3762400163668694e-06,-0.0035588082756721497,-6.658790621422653e-05,0.0,0.0,0.6501644022172274,0.050232760597390735
2008-06-20,0.002959418187315618,0.0006997226921295206,0.0,0.0,1.3830407078602616e-06,0.002959418187315618,0.0006983396514216604,0.0,0.0,0.6489583249751235,0.05048098583689955
2008-06-23,-0.00045092245994493503,-0.0003615439887457209,0.0,0.0,4.076699091375501e-06,-0.00045092245994493503,-0.0003656206878370964,0.0,0.0,0.6495418762729137,0.04959983894506859
2008-06-24,0.001378314441577213,3.609589627409451e-06,4.135778564925854e-05,9.98756817143053e-06,3.761219533536267e-08,0.0013369566559279546,-6.415590739356443e-06,0.20137063323682555,0.04862936677106615,0.49714891680610124,0.0013728451297407374
2008-06-25,0.00028858296397996704,6.608741638221276e-06,0.0,0.0,3.746345580246923e-08,0.00028858296397996704,6.571278182418807e-06,0.0,0.0,0.49786480168412584,0.001367416136790127
2008-06-26,0.004566995591542503,8.408656457300345e-06,0.0,0.0,3.7271393577797655e-08,0.004566995591542503,8.371385063722548e-06,0.0,0.0,0.49800639594771784,0.0013604058655896144
2008-06-27,0.0016085521704032025,4.185385641980965e-06,0.0,0.0,3.687231505562605e-08,0.0016085521704032025,4.148513326925338e-06,0.0,0.0,0.5002844067855426,0.0013458394995303506
2008-06-30,-0.0009592143474875884,-2.9847084601009805e-06,0.0,0.0,1.1009538995687823e-07,-0.0009592143474875884,-3.094803850057859e-06,0.0,0.0,0.5010848590611312,0.0013394939111420186
2008-07-01,0.0008776270617209059,1.1952256376100417e-06,0.0,0.0,3.681566420405888e-08,0.0008776270617209059,1.158409973405983e-06,0.0,0.0,0.5006073837802826,0.001343771743448149
2008-07-02,0.0023259854002136296,6.566528463286221e-06,0.0,0.0,3.675062238315312e-08,0.0023259854002136296,6.529777840903068e-06,0.0,0.0,0.5010447000389399,0.0013413977169850887
2008-07-03,-0.0009049017018369044,-1.3102905813986196e-05,0.0,0.0,3.648561424474151e-08,-0.0009049017018369044,-1.3139391428230937e-05,0.0,0.0,0.5021992979542669,0.0013317249199330651
2008-07-07,-0.0006005764346509641,1.1922180205908147e-06,0.0,0.0,1.4751381560724234e-07,-0.0006005764346509641,1.0447042049835725e-06,0.0,0.0,0.5017550279868743,0.0013460635674160863
2008-07-08,-0.002195691782748249,-5.964940115663486e-06,0.0,0.0,3.686789386660488e-08,-0.002195691782748249,-6.0018080095300914e-06,0.0,0.0,0.501455089789946,0.0013456781261310781
2008-07-09,0.00235994840865882,0.00022178347808806453,2.788794521786639e-05,6.132064230398768e-06,8.605325132665177e-07,0.0023320604634409535,0.00021479088134439923,0.13668593425932257,0.03005481119968848,0.6314094367132121,0.03140943673422789
2008-07-10,0.0014249495552150812,2.765409670404885e-05,0.0,0.0,8.522856088438469e-07,0.0014249495552150812,2.6801811095205e-05,0.0,0.0,0.6321593691823503,0.031108424722800412
2008-07-11,0.00024448090433403,0.00020708284843519488,0.0,0.0,8.502935475393992e-07,0.00024448090433403,0.00020623255488765548,0.0,0.0,0.6326658452323314,0.03103571448518807
2008-07-14,0.001834662013356421,5.519679188314403e-05,0.0,0.0,2.532718604164315e-06,0.001834662013356421,5.2664073278979716e-05,0.0,0.0,0.632625193447336,0.0308147430173325
2008-07-15,-7.148913788283828e-05,2.7549572954101423e-05,0.0,0.0,8.411397887820522e-07,-7.148913788283828e-05,2.670843316531937e-05,0.0,0.0,0.6332646785131896,0.030701602290544906
2008-07-16,-0.0030739587864140002,-0.0001515167716749346,0.0,0.0,8.404226406795021e-07,-0.0030739587864140002,-0.0001523571943156141,0.0,0.0,0.6332215454823559,0.030675426384801825
2008-07-17,-0.003957320702694891,-5.527043461291078e-05,0.0,0.0,8.473074667294531e-07,-0.003957320702694891,-5.6117742079640235e-05,0.0,0.0,0.6321872224344953,0.030926722535625038
2008-07-18,-0.0018082661494155533,2.3303129678822556e-14,0.0,0.0,8.522421466074503e-07,-0.0018082661494155533,-8.522421233043206e-07,0.0,0.0,0.6307614238798807,0.031106838351171933
2008-07-21,0.0014329556270550818,0.00011119384732961437,0.0,0.0,2.561360243744751e-06,0.0014329556270550818,0.00010863248708586962,0.0,0.0,0.630093070693037,0.031163216298894465
2008-07-22,-0.0032769112019017366,-0.00022205177190157387,0.0,0.0,8.494308686079326e-07,-0.0032769112019017366,-0.00022290120277018182,0.0,0.0,0.6305539718118227,0.031004226704189536
2008-07-23,-0.002346355695352796,-0.00012534399851337052,4.5112618757189973e-05,1.5024900324495372e-15,8.585191345215952e-07,-0.0023914683141099857,-0.0001262025176493946,0.21123089176148135,7.035111641938776e-12,0.44705032272481304,0.03133594841003823
2008-07-24,0.0010122410345644272,2.7920247692955854e-05,0.0,0.0,8.641288085688633e-07,0.0010122410345644272,2.705611888438699e-05,0.0,0.0,0.4458264111809183,0.03154070151276351
2008-07-25,-0.0012764259965574786,-4.184330236214577e-05,0.0,0.0,8.624675102475632e-07,-0.0012764259965574786,-4.270576987239333e-05,0.0,0.0,0.44637473622275503,0.031480064124036054
2008-07-28,0.0015560622133949224,6.983630371024119e-05,0.0,0.0,2.594263882176785e-06,0.0015560622133949224,6.724203982806441e-05,0.0,0.0,0.4456862290888489,0.03156354389981755
2008-07-29,-0.0022149521274533253,-0.000264925428637782,0.0,0.0,8.614429200469191e-07,-0.0022149521274533253,-0.00026578687155782895,0.0,0.0,0.44651745761416045,0.03144266658171255
2008-07-30,0.0012822887211582997,2.795218096538324e-05,0.0,0.0,8.708615311315188e-07,0.0012822887211582997,2.7081319434251718e-05,0.0,0.0,0.44540744510623204,0.03178644588630043
2008-07-31,0.00040777506418343914,0.0,0.0,0.0,8.689579304736872e-07,0.00040777506418343914,-8.689579304736872e-07,0.0,0.0,0.4461056164982075,0.03171696446228958
2008-08-01,-0.0004987361639443743,-9.76842056277651e-05,0.0,0.0,8.686044900027863e-07,-0.0004987361639443743,-9.855281011776789e-05,0.0,0.0,0.44633177643714395,0.0317040638851017
2008-08-04,-0.0014603540458359126,-1.3957266462107843e-05,0.0,0.0,2.6154044610743923e-06,-0.0014603540458359126,-1.6572670923182235e-05,0.0,0.0,0.4460994905802579,0.0318207542764051
2008-08-05,-0.0016794692446936144,-0.00023771126320020345,0.0,0.0,8.734739348775864e-07,-0.0016794692446936144,-0.00023858473713508105,0.0,0.0,0.4452968072859903,0.0318817986230319
2008-08-06,-0.0005256611929002016,-9.808171247733799e-05,3.130486844047372e-05,9.910733861182873e-17,8.816776775929978e-07,-0.0005569660613406754,-9.89633901550301e-05,0.14711863096663794,4.657593755119649e-13,0.4999999999931499,0.03218123523214442
2008-08-07,0.001653531573643199,-0.00016822558088468582,0.0,0.0,8.849453094893134e-07,0.001653531573643199,-0.00016911052619417513,0.0,0.0,0.4998021737659444,0.03230050379635994
2008-08-08,-0.0022485631223867234,-0.0005179411987828158,0.0,0.0,8.882357137250022e-07,-0.0022485631223867234,-0.0005188294344965408,0.0,0.0,0.5007124372590008,0.03242060355096258
2008-08-11,-0.002241175283996386,-0.00018248731082054246,0.0,0.0,2.714790541802888e-06,-0.002241175283996386,-0.00018520210136234534,0.0,0.0,0.4998471474119413,0.033029951591935135
2008-08-12,0.0014338361440145077,7.035664987145173e-05,0.0,0.0,9.121430361874279e-07,0.0014338361440145077,6.94445068352643e-05,0.0,0.0,0.4988162886902716,0.03329322082084112
2008-08-13,-9.987652917925505e-05,0.0,0.0,0.0,9.088492013200106e-07,-9.987652917925505e-05,-9.088492013200106e-07,0.0,0.0,0.49949923729574525,0.033172995848180384
2008-08-14,6.0936099579440546e-05,-0.00019672791442393398,0.0,0.0,9.089408092633975e-07,6.0936099579440546e-05,-0.0001976368552331974,0.0,0.0,0.4994496979933603,0.03317633953811401
2008-08-15,-0.00014796987535487622,-0.0002529677024384834,0.0,0.0,9.144556219125532e-07,-0.00014796987535487622,-0.00025388215806039597,0.0,0.0,0.499578926909757,0.03337763019980819
2008-08-18,0.0005682297310583201,9.841372297767083e-05,0.0,0.0,2.7652699610482963e-06,0.0005682297310583201,9.564845301662254e-05,0.0,0.0,0.499631735063096,0.033644117859420945
2008-08-19,0.0004831630184718602,0.00015455307150090257,0.0,0.0,9.184506479514914e-07,0.0004831630184718602,0.00015363462085295107,0.0,0.0,0.4998681132588471,0.03352344865022944
2008-08-20,0.0008392751893427253,0.0,2.0721113378946402e-05,6.907736767473219e-06,0.0,0.0008185540759637789,-6.907736767473219e-06,0.10003285653469278,0.0333476598676478,0.4,0.0
2008-08-21,-0.00010622263586746757,0.0,0.0,0.0,0.0,-0.00010622263586746757,0.0,0.0,0.0,0.40051419930568016,0.0
2008-08-22,-0.000836605349496771,0.0,0.0,0.0,0.0,-0.000836605349496771,0.0,0.0,0.0,0.4004505135788995,0.0
2008-08-25,0.001186341207754123,0.0,0.0,0.0,0.0,0.001186341207754123,0.0,0.0,0.0,0.39994850729012493,0.0
2008-08-26,5.722384310234496e-05,0.0,0.0,0.0,0.0,5.722384310234496e-05,0.0,0.0,0.0,0.40065952958764983,0.0
2008-08-27,0.0004693859983824189,0.0,0.0,0.0,0.0,0.0004693859983824189,0.0,0.0,0.0,0.4006938241902247,0.0
2008-08-28,-0.000504239271295907,0.0,0.0,0.0,0.0,-0.000504239271295907,0.0,0.0,0.0,0.40097499813877935,0.0
2008-08-29,-0.0004108242879093542,0.0,0.0,0.0,0.0,-0.0004108242879093542,0.0,0.0,0.0,0.4006727938250699,0.0
2008-09-02,0.0006922926072971351,0.0,0.0,0.0,0.0,0.0006922926072971351,0.0,0.0,0.0,0.40042647445838997,0.0
2008-09-03,0.00011293480323409583,0.0,0.0,0.0,0.0,0.00011293480323409583,0.0,0.0,0.0,0.4008412676194145,0.0
2008-09-04,0.0004093001042941466,-1.2208195950081437e-15,2.515814423921791e-07,5.645607033480533e-17,7.701601913290127e-18,0.0004090485228517544,-1.284977267256239e-15,0.0012526850326344818,2.8110846983508964e-13,0.4000000000008327,2.8110846983508964e-13
2008-09-05,-0.00020847422303778258,2.4395195535075206e-16,0.0,0.0,7.731886308808664e-18,-0.00020847422303778258,2.362200690419434e-16,0.0,0.0,0.4002455802417515,2.8221385027151625e-13
2008-09-08,0.00035234948452353464,3.357054074016577e-16,0.0,0.0,2.318044060512555e-17,0.00035234948452353464,3.1252496679653214e-16,0.0,0.0,0.4001205208334158,2.820286940290275e-13
2008-09-09,0.0007619744420883497,-6.102826956120363e-16,0.0,0.0,7.714897786361706e-18,0.0007619744420883497,-6.17997593398398e-16,0.0,0.0,0.40033181360977543,2.815937692022023e-13
2008-09-10,-0.00023564139345195464,1.5547051431199363e-15,0.0,0.0,7.725731050607086e-18,-0.00023564139345195464,1.5469794120693291e-15,0.0,0.0,0.40078839753625584,2.819891833471586e-13
2008-09-11,-0.00016003582423604286,0.0,0.0,0.0,7.684947280837595e-18,-0.00016003582423604286,-7.684947280837595e-18,0.0,0.0,0.40064716519909344,2.805005757505722e-13
2008-09-12,-0.0011567011128825507,0.0,0.0,0.0,7.686177344564155e-18,-0.0011567011128825507,-7.686177344564155e-18,0.0,0.0,0.4005512319214066,2.805454730765917e-13
2008-09-15,0.003324493595320139,1.0318766426696162e-14,0.0,0.0,2.3085234750419433e-17,0.003324493595320139,1.0295681191945743e-14,0.0,0.0,0.39985704589850884,2.808703561301031e-13
2008-09-16,-0.0014191566144174475,6.207603872905166e-15,0.0,0.0,7.387811588332365e-18,-0.0014191566144174475,6.200216061316833e-15,0.0,0.0,0.4018456063492094,2.6965512297413133e-13
2008-09-17,0.002188065852566014,1.58449060964454e-14,0.0,0.0,7.227997910392146e-18,0.002188065852566014,1.583767809853501e-14,0.0,0.0,0.40099552518670994,2.6382192372931334e-13
2008-09-18,-0.002783529408115164,0.0,2.213245479582498e-05,4.9925564838892585e-17,0.0,-0.002805661862910989,-4.9925564838892585e-17,0.10969044656755593,2.4743561221905873e-13,0.29396697443275766,0.0
2008-09-19,-0.0016949139929786385,0.0,0.0,0.0,0.0,-0.0016949139929786385,0.0,0.0,0.0,0.29200270588039795,0.0
2008-09-22,0.00019185988969323134,0.0,0.0,0.0,0.0,0.00019185988969323134,0.0,0.0,0.0,0.29080067401898174,0.0
2008-09-23,-0.0008441377826006261,0.0,0.0,0.0,0.0,-0.0008441377826006261,0.0,0.0,0.0,0.2909367148226614,0.0
2008-09-24,-0.0002630654963133102,0.0,0.0,0.0,0.0,-0.0002630654963133102,0.0,0.0,0.0,0.29033766203029243,0.0
2008-09-25,-0.0003754735549912677,0.0,0.0,0.0,0.0,-0.0003754735549912677,0.0,0.0,0.0,0.2901509252311308,0.0
2008-09-26,-0.00019990425848595276,0.0,0.0,0.0,0.0,-0.00019990425848595276,0.0,0.0,0.0,0.2898842955631308,0.0
2008-09-29,0.0022292081677548776,0.0,0.0,0.0,0.0,0.0022292081677548776,0.0,0.0,0.0,0.28974231202668255,0.0
2008-09-30,-0.003351451852608995,0.0,0.0,0.0,0.0,-0.003351451852608995,0.0,0.0,0.0,0.29132210258390984,0.0
2008-10-01,0.0021227678932906513,0.0,0.0,0.0,0.0,0.0021227678932906513,0.0,0.0,0.0,0.28893901593153554,0.0
2008-10-02,0.0,0.0,5.992912050354948e-05,0.0,0.0,-5.992912050354948e-05,0.0,0.2904452360030797,0.0,0.0,0.0
2008-10-03,0.0,0.0,0.0,0.0,0.0,0.0,0.0,0.0,0.0,0.0,0.0
2008-10-06,0.0,0.0,0.0,0.0,0.0,0.0,0.0,0.0,0.0,0.0,0.0
2008-10-07,0.0,0.0,0.0,0.0,0.0,0.0,0.0,0.0,0.0,0.0,0.0
2008-10-08,0.0,0.0,0.0,0.0,0.0,0.0,0.0,0.0,0.0,0.0,0.0
2008-10-09,0.0,0.0,0.0,0.0,0.0,0.0,0.0,0.0,0.0,0.0,0.0
2008-10-10,0.0,0.0,0.0,0.0,0.0,0.0,0.0,0.0,0.0,0.0,0.0
2008-10-13,0.0,0.0,0.0,0.0,0.0,0.0,0.0,0.0,0.0,0.0,0.0
2008-10-14,0.0,0.0,0.0,0.0,0.0,0.0,0.0,0.0,0.0,0.0,0.0
2008-10-15,0.0,0.0,0.0,0.0,0.0,0.0,0.0,0.0,0.0,0.0,0.0
2008-10-16,0.0,0.0,0.0,0.0,0.0,0.0,0.0,0.0,0.0,0.0,0.0
2008-10-17,0.0,0.0,0.0,0.0,0.0,0.0,0.0,0.0,0.0,0.0,0.0
2008-10-20,0.0,0.0,0.0,0.0,0.0,0.0,0.0,0.0,0.0,0.0,0.0
2008-10-21,0.0,0.0,0.0,0.0,0.0,0.0,0.0,0.0,0.0,0.0,0.0
2008-10-22,0.0,0.0,0.0,0.0,0.0,0.0,0.0,0.0,0.0,0.0,0.0
2008-10-23,0.0,0.0,0.0,0.0,0.0,0.0,0.0,0.0,0.0,0.0,0.0
2008-10-24,0.0,0.0,0.0,0.0,0.0,0.0,0.0,0.0,0.0,0.0,0.0
2008-10-27,0.0,0.0,0.0,0.0,0.0,0.0,0.0,0.0,0.0,0.0,0.0
2008-10-28,0.0,0.0,0.0,0.0,0.0,0.0,0.0,0.0,0.0,0.0,0.0
2008-10-29,0.0,0.0,0.0,0.0,0.0,0.0,0.0,0.0,0.0,0.0,0.0
2008-10-30,0.0,0.0,0.0,0.0,0.0,0.0,0.0,0.0,0.0,0.0,0.0
2008-10-31,0.0,0.0,0.0,0.0,0.0,0.0,0.0,0.0,0.0,0.0,0.0
2008-11-03,0.0,0.0,0.0,0.0,0.0,0.0,0.0,0.0,0.0,0.0,0.0
2008-11-04,0.0,0.0,0.0,0.0,0.0,0.0,0.0,0.0,0.0,0.0,0.0
2008-11-05,0.0,0.0,0.0,0.0,0.0,0.0,0.0,0.0,0.0,0.0,0.0
2008-11-06,0.0,0.0,0.0,0.0,0.0,0.0,0.0,0.0,0.0,0.0,0.0
2008-11-07,0.0,0.0,0.0,0.0,0.0,0.0,0.0,0.0,0.0,0.0,0.0
2008-11-10,0.0,0.0,0.0,0.0,0.0,0.0,0.0,0.0,0.0,0.0,0.0
2008-11-11,0.0,0.0,0.0,0.0,0.0,0.0,0.0,0.0,0.0,0.0,0.0
2008-11-12,0.0,0.0,0.0,0.0,0.0,0.0,0.0,0.0,0.0,0.0,0.0
2008-11-13,0.0,0.0,0.0,0.0,0.0,0.0,0.0,0.0,0.0,0.0,0.0
2008-11-14,0.0,0.0,0.0,0.0,0.0,0.0,0.0,0.0,0.0,0.0,0.0
2008-11-17,0.0,0.0,0.0,0.0,0.0,0.0,0.0,0.0,0.0,0.0,0.0
2008-11-18,0.0,0.0,0.0,0.0,0.0,0.0,0.0,0.0,0.0,0.0,0.0
2008-11-19,0.0,0.0,0.0,0.0,0.0,0.0,0.0,0.0,0.0,0.0,0.0
2008-11-20,0.0,0.0,0.0,0.0,0.0,0.0,0.0,0.0,0.0,0.0,0.0
2008-11-21,0.0,0.0,0.0,0.0,0.0,0.0,0.0,0.0,0.0,0.0,0.0
2008-11-24,0.0,0.0,0.0,0.0,0.0,0.0,0.0,0.0,0.0,0.0,0.0
2008-11-25,0.0,0.0,0.0,0.0,0.0,0.0,0.0,0.0,0.0,0.0,0.0
2008-11-26,0.0,0.0,0.0,0.0,0.0,0.0,0.0,0.0,0.0,0.0,0.0
2008-11-28,0.0,0.0,0.0,0.0,0.0,0.0,0.0,0.0,0.0,0.0,0.0
2008-12-01,0.0,0.0,0.0,0.0,0.0,0.0,0.0,0.0,0.0,0.0,0.0
2008-12-02,0.0,0.0,0.0,0.0,0.0,0.0,0.0,0.0,0.0,0.0,0.0
2008-12-03,0.0,0.0,0.0,0.0,0.0,0.0,0.0,0.0,0.0,0.0,0.0
2008-12-04,0.0,0.0,0.0,0.0,0.0,0.0,0.0,0.0,0.0,0.0,0.0
2008-12-05,0.0,0.0,0.0,0.0,0.0,0.0,0.0,0.0,0.0,0.0,0.0
2008-12-08,0.0,0.0,0.0,0.0,0.0,0.0,0.0,0.0,0.0,0.0,0.0
2008-12-09,0.0,0.0,0.0,0.0,0.0,0.0,0.0,0.0,0.0,0.0,0.0
2008-12-10,0.0,0.0,0.0,0.0,0.0,0.0,0.0,0.0,0.0,0.0,0.0
2008-12-11,0.0,0.0,0.0,0.0,0.0,0.0,0.0,0.0,0.0,0.0,0.0
2008-12-12,4.7032013170820865e-05,1.9848816726314642e-17,2.0189433935311945e-05,4.007751486044966e-17,5.438558155138413e-18,2.684257923550892e-05,-2.5667256289273432e-17,0.09999999999994953,1.9850737266255208e-13,0.09999999999994953,1.9850737266255208e-13
2008-12-15,7.077041935524704e-05,1.3749014823223154e-15,0.0,0.0,1.6313605156582263e-17,7.077041935524704e-05,1.3585878771657332e-15,0.0,0.0,0.10004434656482061,1.9848219607175086e-13
2008-12-16,4.722809181666619e-05,3.812846604512469e-16,0.0,0.0,5.3998177044017764e-18,4.722809181666619e-05,3.758848427468451e-16,0.0,0.0,0.10010803229674925,1.9709334621066482e-13
2008-12-17,-0.0002121917797839242,1.2220407694078375e-17,0.0,0.0,5.389117031606939e-18,-0.0002121917797839242,6.831290662471436e-18,0.0,0.0,0.10015053047011734,1.9670277165365325e-13
2008-12-18,4.718866041727907e-05,-6.55271068332572e-16,0.0,0.0,5.389925923891384e-18,4.718866041727907e-05,-6.606609942564634e-16,0.0,0.0,0.0999595492850026,1.967322962220355e-13
2008-12-19,-9.434925658029189e-05,-8.034780235051444e-16,0.0,0.0,5.407623377397279e-18,-9.434925658029189e-05,-8.088856468825417e-16,0.0,0.0,0.10000201898410507,1.9737825327500067e-13
2008-12-22,-0.00018853921975776655,7.951544796910052e-17,0.0,0.0,1.6290446413303466e-17,-0.00018853921975776655,6.322500155579706e-17,0.0,0.0,0.09991709683133056,1.9820043136185886e-13
2008-12-23,2.3700267418836824e-05,4.420720783301525e-16,0.0,0.0,5.42899387728037e-18,2.3700267418836824e-05,4.366430844528722e-16,0.0,0.0,0.0997473639017357,1.9815827652073351e-13
2008-12-24,2.3416301176645564e-05,-8.615014474841423e-17,0.0,0.0,5.4167539349737e-18,2.3416301176645564e-05,-9.156689868338793e-17,0.0,0.0,0.09976869962429337,1.9771151862654005e-13
2008-12-26,0.00011792895808171994,3.0055530763045033e-16,0.0,0.0,1.0837974640545697e-17,0.00011792895808171994,2.8971733298990465e-16,0.0,0.0,0.09978977921794552,1.9779303718995898e-13
2008-12-29,0.00022022630844345848,-8.861628004179133e-16,2.082123150733488e-08,4.3608138534486344e-16,1.953838404487013e-16,0.00022020548721195113,-1.517628026211478e-15,0.00010407244573240604,2.17970086424657e-12,0.09999999999910664,2.377170058792532e-12
2008-12-30,9.478056818189041e-05,-4.169558868255899e-15,0.0,0.0,6.51378815301837e-17,9.478056818189041e-05,-4.234696749786083e-15,0.0,0.0,0.10019816212244233,2.377532675851706e-12
2008-12-31,-4.736806968952943e-05,1.4926810319079168e-14,0.0,0.0,6.524593197322127e-17,-4.736806968952943e-05,1.4861564387105947e-14,0.0,0.0,0.10028343776941362,2.381476517022576e-12
2009-01-02,-0.0005327830972961914,2.665254483425657e-14,0.0,0.0,1.2968009922767411e-16,-0.0005327830972961914,2.6522864735028897e-14,0.0,0.0,0.10024081791377128,2.3666618109050526e-12
2009-01-05,0.00020136908458628634,1.3313327440721286e-14,0.0,0.0,1.924320532634993e-16,0.00020136908458628634,1.3120895387457787e-14,0.0,0.0,0.0997611858900809,2.3412566480392412e-12
2009-01-06,4.738602300572977e-05,6.249397739933924e-15,0.0,0.0,6.37664284701645e-17,4.738602300572977e-05,6.18563131146376e-15,0.0,0.0,0.0999424296590941,2.327474639161004e-12
2009-01-07,-7.096338268206403e-05,-7.119997422280136e-15,0.0,0.0,6.359219871233638e-17,-7.096338268206403e-05,-7.183589620992472e-15,0.0,0.0,0.09998507778690298,2.321115253000278e-12
2009-01-08,2.358127841240184e-05,-5.8933233214592786e-15,0.0,0.0,6.379179401635582e-17,2.358127841240184e-05,-5.957115115475634e-15,0.0,0.0,0.09992120515094081,2.3284004815969875e-12
2009-01-09,7.104948473121536e-05,-1.3511155587645158e-14,0.0,0.0,6.39517468653251e-17,7.104948473121536e-05,-1.3575107334510484e-14,0.0,0.0,0.0999424296590948,2.3342387605843665e-12
2009-01-12,2.3756333137867347e-05,-1.5185122978544514e-14,0.0,0.0,1.9295203739185399e-16,2.3756333137867347e-05,-1.537807501593637e-14,0.0,0.0,0.10000637374250314,2.34758312160089e-12
2009-01-13,1.1827326701596698e-05,-4.320284013562908e-15,5.551743747519731e-09,0.0,6.473183877269461e-17,1.1821774957849178e-05,-4.385015852335602e-15,2.7753783000641907e-05,0.0,0.1,2.3627121152033532e-12
2009-01-14,0.000118330945690157,-1.0956039937648243e-14,0.0,0.0,6.484943608283245e-17,0.000118330945690157,-1.1020889373731075e-14,0.0,0.0,0.1000106450233632,2.3670044170233843e-12
2009-01-15,-0.00010650297158106811,4.387008836985629e-15,0.0,0.0,6.514189325874361e-17,-0.00010650297158106811,4.321866943726885e-15,0.0,0.0,0.10011712901449837,2.3776791039441417e-12
2009-01-16,4.740271042449853e-05,1.827489305617455e-14,0.0,0.0,6.502862697782318e-17,4.740271042449853e-05,1.8209864429196725e-14,0.0,0.0,0.10002127860630979,2.373544884690546e-12
2009-01-20,4.730594613915695e-05,-1.221005530934369e-14,0.0,0.0,2.5809954528712597e-16,4.730594613915695e-05,-1.2468154854630816e-14,0.0,0.0,0.10006393801485482,2.3551583507450245e-12
2009-01-21,-0.0001539142639703003,1.8463974695503835e-14,0.0,0.0,6.485634029451124e-17,-0.0001539142639703003,1.8399118355209324e-14,0.0,0.0,0.10010650832790406,2.36725642074966e-12
2009-01-22,4.740551768170734e-05,6.279026427536472e-15,0.0,0.0,6.436038395521061e-17,4.740551768170734e-05,6.214666043581262e-15,0.0,0.0,0.09996798056208074,2.349154014365187e-12
2009-01-23,-2.3760712110120772e-05,3.0990735949362386e-15,0.0,0.0,6.418531309591294e-17,-2.3760712110120772e-05,3.0348882818403255e-15,0.0,0.0,0.1000106450233608,2.3427639280008225e-12
2009-01-26,-0.00013020848790586134,9.899524672103303e-15,0.0,0.0,1.923057902325911e-16,-0.00013020848790586134,9.707218881870712e-15,0.0,0.0,0.09998926012727435,2.3397204478298585e-12
2009-01-27,0.0001065792452558476,-1.1873274187438497e-14,0.0,0.0,6.383902260610244e-17,0.0001065792452558476,-1.19371132100446e-14,0.0,0.0,0.09987205582874104,2.3301243251227392e-12
2009-01-28,-0.0006772353954892071,0.0,2.1172777308157964e-05,4.956543871298e-16,0.0,-0.0006984081727973651,-4.956543871298e-16,0.10003201943802971,2.3417480175739132e-12,0.20000000000010973,0.0
2009-01-29,-0.0014845146405639195,0.0,0.0,0.0,0.0,-0.0014845146405639195,0.0,0.0,0.0,0.1994620705448522,0.0
2009-01-30,1.791373396887838e-05,0.0,0.0,0.0,0.0,1.791373396887838e-05,0.0,0.0,0.0,0.1982718934329018,0.0
2009-02-02,0.0008895414383005226,0.0,0.0,0.0,0.0,0.0008895414383005226,0.0,0.0,0.0,0.19828625511964676,0.0
2009-02-03,-0.0009589545177782832,0.0,0.0,0.0,0.0,-0.0009589545177782832,0.0,0.0,0.0,0.19899877889794637,0.0
2009-02-04,-0.0006660071916398969,0.0,0.0,0.0,0.0,-0.0006660071916398969,0.0,0.0,0.0,0.19822991785545438,0.0
2009-02-05,0.0002528161218572749,0.0,0.0,0.0,0.0,0.0002528161218572749,0.0,0.0,0.0,0.19769557734007837,0.0
2009-02-06,-0.0006526784861650668,0.0,0.0,0.0,0.0,-0.0006526784861650668,0.0,0.0,0.0,0.1978983615656427,0.0
2009-02-09,-0.0002335962968798424,0.0,0.0,0.0,0.0,-0.0002335962968798424,0.0,0.0,0.0,0.1973745051727213,0.0
2009-02-10,0.0015283046758410813,0.0,0.0,0.0,0.0,0.0015283046758410813,0.0,0.0,0.0,0.19718697102206512,0.0
2009-02-11,0.0005847167109305055,0.0,2.285235403350426e-05,0.0,0.0,0.0005618643568970012,0.0,0.10160557518891412,0.0,0.3000000000003943,0.0
2009-02-12,-0.0004472807092147336,0.0,0.0,0.0,0.0,-0.0004472807092147336,0.0,0.0,0.0,0.3004159237115469,0.0
2009-02-13,-0.002205920653917382,0.0,0.0,0.0,0.0,-0.002205920653917382,0.0,0.0,0.0,0.30010287322830714,0.0
2009-02-17,0.0016373683778224827,0.0,0.0,0.0,0.0,0.0016373683778224827,0.0,0.0,0.0,0.2985555424117373,0.0
2009-02-18,-0.0025477366651213192,0.0,0.0,0.0,0.0,-0.0025477366651213192,0.0,0.0,0.0,0.299702187904321,0.0
2009-02-19,-0.001079267983944104,0.0,0.0,0.0,0.0,-0.001079267983944104,0.0,0.0,0.0,0.29791345627478394,0.0
2009-02-20,0.001689366396841176,0.0,0.0,0.0,0.0,0.001689366396841176,0.0,0.0,0.0,0.2971548980585867,0.0
2009-02-23,-0.0013972722372297952,0.0,0.0,0.0,0.0,-0.0013972722372297952,0.0,0.0,0.0,0.29834025844798095,0.0
2009-02-24,-0.002791206207484614,0.0,0.0,0.0,0.0,-0.002791206207484614,0.0,0.0,0.0,0.2973584769551054,0.0
2009-02-25,-0.0017815806989709918,0.0,0.0,0.0,0.0,-0.0017815806989709918,0.0,0.0,0.0,0.2953917700899357,0.0
2009-02-26,-0.0004865396948608519,0.0,2.0002679627167487e-05,0.0,0.0,-0.0005065423744880194,0.0,0.0941342132278487,0.0,0.20000000000031032,0.0
2009-02-27,0.0004043096072707228,0.0,0.0,0.0,0.0,0.0004043096072707228,0.0,0.0,0.0,0.19961457354551557,0.0
2009-03-02,0.0008136623283201558,0.0,0.0,0.0,0.0,0.0008136623283201558,0.0,0.0,0.0,0.19993804627981643,0.0
2009-03-03,-0.0006076365788902114,0.0,0.0,0.0,0.0,-0.0006076365788902114,0.0,0.0,0.0,0.20058849730438566,0.0
2009-03-04,-0.0007353782439479743,0.0,0.0,0.0,0.0,-0.0007353782439479743,0.0,0.0,0.0,0.20010245029381957,0.0
2009-03-05,0.001304067729065642,0.0,0.0,0.0,0.0,0.001304067729065642,0.0,0.0,0.0,0.19951379015051585,0.0
2009-03-06,-0.0005265422176215744,0.0,0.0,0.0,0.0,-0.0005265422176215744,0.0,0.0,0.0,0.20055631885630076,0.0
2009-03-09,-0.00035338137604179514,0.0,0.0,0.0,0.0,-0.00035338137604179514,0.0,0.0,0.0,0.20013515624767392,0.0
2009-03-10,-0.0003638413618643986,0.0,0.0,0.0,0.0,-0.0003638413618643986,0.0,0.0,0.0,0.19985239898739152,0.0
2009-03-11,0.001169701040251076,0.0,0.0,0.0,0.0,0.001169701040251076,0.0,0.0,0.0,0.19956116623202425,0.0
2009-03-12,-1.567214383135798e-05,0.0,3.196519615203088e-08,0.0,0.0,-1.570410902751001e-05,0.0,0.00015919358870560615,0.0,0.20033715289851706,0.0
2009-03-13,-0.0001588744007883375,0.0,0.0,0.0,0.0,-0.0001588744007883375,0.0,0.0,0.0,0.20032462667446388,0.0
2009-03-16,-0.0004921383792884013,0.0,0.0,0.0,0.0,-0.0004921383792884013,0.0,0.0,0.0,0.200197558540828,0.0
2009-03-17,-0.0003200268404220557,0.0,0.0,0.0,0.0,-0.0003200268404220557,0.0,0.0,0.0,0.1998037512558584,0.0
2009-03-18,0.0033352000162970596,0.0,0.0,0.0,0.0,0.0033352000162970596,0.0,0.0,0.0,0.19954758499857728,0.0
2009-03-19,0.00060698292131918,0.0,0.0,0.0,0.0,0.00060698292131918,0.0,0.0,0.0,0.20220837962385743,0.0
2009-03-20,-0.0006212021027115267,0.0,0.0,0.0,0.0,-0.0006212021027115267,0.0,0.0,0.0,0.20269233176151502,0.0
2009-03-23,-0.0008529571606115014,0.0,0.0,0.0,0.0,-0.0008529571606115014,0.0,0.0,0.0,0.2021967346955578,0.0
2009-03-24,-0.0006101091412668946,0.0,0.0,0.0,0.0,-0.0006101091412668946,0.0,0.0,0.0,0.20151566176162125,0.0
2009-03-25,-0.00016655861864517009,0.0,0.0,0.0,0.0,-0.00016655861864517009,0.0,0.0,0.0,0.20102820176390296,0.0
2009-03-26,0.0007681581323114203,2.226835533362579e-16,4.4258921814421096e-05,8.89509792379635e-18,1.1061815019131465e-18,0.0007238992104969992,2.126822739105484e-16,0.20089510395705468,4.037562481982985e-14,0.20000000000078938,4.037562481982985e-14
2009-03-27,0.0012415526122036015,6.556754147661171e-16,0.0,0.0,1.0992848112366941e-18,0.0012415526122036015,6.545761299548804e-16,0.0,0.0,0.2006229273543813,4.012389561013934e-14
2009-03-30,0.0007309790095072737,3.170589141601913e-16,0.0,0.0,3.23994074683169e-18,0.0007309790095072737,3.1381897341335965e-16,0.0,0.0,0.20161416537290883,3.941927908645223e-14
2009-03-31,-0.00021489550957628725,-2.6944620392241705e-16,0.0,0.0,1.070511182146874e-18,-0.00021489550957628725,-2.705167151045639e-16,0.0,0.0,0.20219734236936587,3.907365814836091e-14
2009-04-01,5.6799913559029826e-05,1.407234637705944e-16,0.0,0.0,1.078124954136977e-18,5.6799913559029826e-05,1.3964533881645743e-16,0.0,0.0,0.20202586131020345,3.9351560825999663e-14
2009-04-02,-0.0015173297497911564,-6.072972173353814e-16,0.0,0.0,1.074208501823351e-18,-0.0015173297497911564,-6.083714258372048e-16,0.0,0.0,0.2020711835980013,3.920861031655231e-14
2009-04-03,-0.0005445962060099041,-1.3351096782328003e-16,0.0,0.0,1.092504471286411e-18,-0.0005445962060099041,-1.3460347229456644e-16,0.0,0.0,0.20085862261180124,3.9876413201954e-14
2009-04-06,0.0005492283248733094,2.226379321367979e-16,0.0,0.0,3.2902787914104032e-18,0.0005492283248733094,2.193476533453875e-16,0.0,0.0,0.20042317610709576,4.003172529549324e-14
2009-04-07,0.0007915676663305334,4.1834228474972046e-16,0.0,0.0,1.0900612352569403e-18,0.0007915676663305334,4.172522235144635e-16,0.0,0.0,0.20086208528533717,3.9787235086878324e-14
2009-04-08,3.976252248431416e-05,5.336478549266102e-17,0.0,0.0,1.0777466933630824e-18,3.976252248431416e-05,5.228703879929794e-17,0.0,0.0,0.20149415669227547,3.933775430775251e-14
2009-04-09,0.000272162553113793,0.0,3.261466120333542e-07,7.989681839949302e-18,0.0,0.0002718364065017596,-7.989681839949302e-18,0.0016035633670080083,3.9282827537946623e-14,0.1999223426693818,0.0
2009-04-13,-0.0011392850764963048,0.0,0.0,0.0,0.0,-0.0011392850764963048,0.0,0.0,0.0,0.20014009985695358,0.0
2009-04-14,0.00031841489732033017,0.0,0.0,0.0,0.0,0.00031841489732033017,0.0,0.0,0.0,0.1992277920307412,0.0
2009-04-15,0.0002041607309744728,0.0,0.0,0.0,0.0,0.0002041607309744728,0.0,0.0,0.0,0.19948268866823207,0.0
2009-04-16,0.00020932775198686173,0.0,0.0,0.0,0.0,0.00020932775198686173,0.0,0.0,0.0,0.1996460895076365,0.0
2009-04-17,0.0009100884203354898,0.0,0.0,0.0,0.0,0.0009100884203354898,0.0,0.0,0.0,0.19981359072985944,0.0
2009-04-20,0.0008771043185117074,0.0,0.0,0.0,0.0,0.0008771043185117074,0.0,0.0,0.0,0.2005411689545289,0.0
2009-04-21,-0.00022240969231288737,0.0,0.0,0.0,0.0,-0.00022240969231288737,0.0,0.0,0.0,0.20124176325342613,0.0
2009-04-22,-0.00027348956969407135,0.0,0.0,0.0,0.0,-0.00027348956969407135,0.0,0.0,0.0,0.20106407215953745,0.0
2009-04-23,-0.0012047264698267432,0.0,0.0,0.0,0.0,-0.0012047264698267432,0.0,0.0,0.0,0.20084551174242482,0.0
2009-04-24,-0.00021440285842847605,0.0,4.1291021624065834e-05,0.0,0.0,-0.0002556938800525419,0.0,0.1842778521600149,0.0,0.18422744168271038,0.0
2009-04-27,0.0002100325231486292,0.0,0.0,0.0,0.0,0.0002100325231486292,0.0,0.0,0.0,0.18406010186589086,0.0
2009-04-28,-0.0002024969013601154,0.0,0.0,0.0,0.0,-0.0002024969013601154,0.0,0.0,0.0,0.18423143979489603,0.0
2009-04-29,-1.8503915218325834e-06,0.0,0.0,0.0,0.0,-1.8503915218325834e-06,0.0,0.0,0.0,0.1840662157318667,0.0
2009-04-30,-7.312527832454153e-05,0.0,0.0,0.0,0.0,-7.312527832454153e-05,0.0,0.0,0.0,0.1840647059321162,0.0
2009-05-01,0.00029933325889254015,0.0,0.0,0.0,0.0,0.00029933325889254015,0.0,0.0,0.0,0.18400503607326762,0.0
2009-05-04,-0.0002057469734302699,0.0,0.0,0.0,0.0,-0.0002057469734302699,0.0,0.0,0.0,0.18424921741346337,0.0
2009-05-05,-0.0003629584501452573,0.0,0.0,0.0,0.0,-0.0003629584501452573,0.0,0.0,0.0,0.18408134461955358,0.0
2009-05-06,0.0002665651203136837,0.0,0.0,0.0,0.0,0.0002665651203136837,0.0,0.0,0.0,0.18378509252174982,0.0
2009-05-07,1.3737234345088417e-05,0.0,0.0,0.0,0.0,1.3737234345088417e-05,0.0,0.0,0.0,0.18400260896446682,0.0
2009-05-08,-5.225260803939832e-05,0.0,4.081321350607776e-09,0.0,0.0,-5.225668936074893e-05,0.0,2.0404387236724586e-05,0.0,0.18403422274477382,0.0
2009-05-11,0.00034088895181713,0.0,0.0,0.0,0.0,0.00034088895181713,0.0,0.0,0.0,0.18399158492783296,0.0
2009-05-12,0.00011212109748682213,0.0,0.0,0.0,0.0,0.00011212109748682213,0.0,0.0,0.0,0.1842696583889502,0.0
2009-05-13,-7.626665139859092e-05,0.0,0.0,0.0,0.0,-7.626665139859092e-05,0.0,0.0,0.0,0.18436110871659384,0.0
2009-05-14,0.00036653483977324146,0.0,0.0,0.0,0.0,0.00036653483977324146,0.0,0.0,0.0,0.1842988979249964,0.0
2009-05-15,-8.63540298388883e-05,0.0,0.0,0.0,0.0,-8.63540298388883e-05,0.0,0.0,0.0,0.18459777125026194,0.0
2009-05-18,-4.6045261392266675e-06,0.0,0.0,0.0,0.0,-4.6045261392266675e-06,0.0,0.0,0.0,0.18452735190087521,0.0
2009-05-19,0.00017543851337559863,0.0,0.0,0.0,0.0,0.00017543851337559863,0.0,0.0,0.0,0.18452359701846177,0.0
2009-05-20,0.0004700835408202466,0.0,0.0,0.0,0.0,0.0004700835408202466,0.0,0.0,0.0,0.18466663789141563,0.0
2009-05-21,-0.00013950197180670796,0.0,0.0,0.0,0.0,-0.00013950197180670796,0.0,0.0,0.0,0.18504973259870805,0.0
2009-05-22,-0.00011879751792391309,0.0,7.445605954717106e-06,0.0,0.0,-0.0001262431238786302,0.0,0.03206117735014847,0.0,0.21669292018504122,0.0
2009-05-26,-0.00028168692585504743,0.0,0.0,0.0,0.0,-0.00028168692585504743,0.0,0.0,0.0,0.21660146711296233,0.0
2009-05-27,-0.000449087200790056,0.0,0.0,0.0,0.0,-0.000449087200790056,0.0,0.0,0.0,0.21638073181026518,0.0
2009-05-28,-0.000469482156183664,0.0,0.0,0.0,0.0,-0.000469482156183664,0.0,0.0,0.0,0.2160286603158268,0.0
2009-05-29,5.278253984144978e-05,0.0,0.0,0.0,0.0,5.278253984144978e-05,0.0,0.0,0.0,0.2156604268818591,0.0
2009-06-01,-0.00025744985824294674,0.0,0.0,0.0,0.0,-0.00025744985824294674,0.0,0.0,0.0,0.21570182413157443,0.0
2009-06-02,-0.0006451170049409473,0.0,0.0,0.0,0.0,-0.0006451170049409473,0.0,0.0,0.0,0.2154998546803703,0.0
2009-06-03,0.00035395712392821015,0.0,0.0,0.0,0.0,0.00035395712392821015,0.0,0.0,0.0,0.2149934335953924,0.0
2009-06-04,0.0004108857570535891,0.0,0.0,0.0,0.0,0.0004108857570535891,0.0,0.0,0.0,0.21527119394664668,0.0
2009-06-05,-0.0009153845896169304,0.0,0.0,0.0,0.0,-0.0009153845896169304,0.0,0.0,0.0,0.2155934954071241,0.0
2009-06-08,-0.0007732007406978404,2.1965072866229693e-15,5.7062208243959174e-06,3.734928378413853e-16,1.2484990210620321e-16,-0.0007789069615222364,1.6981645466753806e-15,0.023207379926879802,1.5190071422921392e-12,0.23808218382519808,1.5190071422921392e-12
2009-06-09,-5.2303785083443314e-05,-7.676625628077889e-15,0.0,0.0,4.1588849598049335e-17,-5.2303785083443314e-05,-7.718214477675937e-15,0.0,0.0,0.23749396879010998,1.517993010328801e-12
2009-06-10,-0.0016851788537142363,8.671503558857936e-16,0.0,0.0,4.180135447746875e-17,-0.0016851788537142363,8.2534900140832485e-16,0.0,0.0,0.2374540847524444,1.525749438427609e-12
2009-06-11,0.0007620121585064646,-2.6183902573970433e-15,0.0,0.0,4.184811849783211e-17,0.0007620121585064646,-2.6602383758948754e-15,0.0,0.0,0.23616688934660435,1.5274563251708721e-12
2009-06-12,0.00015713770997471033,4.546884729415012e-16,0.0,0.0,4.1887936100609555e-17,0.00015713770997471033,4.128005368408916e-16,0.0,0.0,0.23674849627244368,1.5289096676722489e-12
2009-06-15,0.00019820760904949405,9.28808577272859e-15,0.0,0.0,1.2560669909746467e-16,0.00019820760904949405,9.162479073631126e-15,0.0,0.0,0.23686841302243064,1.5282148390191537e-12
2009-06-16,-0.00011552979368816471,-4.3410100051606207e-16,0.0,0.0,4.160618493335478e-17,-0.00011552979368816471,-4.757071854494168e-16,0.0,0.0,0.2370196415350315,1.518625750067449e-12
2009-06-17,0.0008046705865563422,1.7802016401573073e-15,0.0,0.0,4.162288679497525e-17,0.0008046705865563422,1.738578753362332e-15,0.0,0.0,0.2369314843868529,1.5192353680165966e-12
2009-06-18,-0.0004128909646010372,7.038275690913893e-15,0.0,0.0,4.154068757786041e-17,-0.0004128909646010372,6.996735003336032e-15,0.0,0.0,0.23754500949128793,1.5162350965919048e-12
2009-06-19,-0.000562538299494055,-7.324773204000373e-15,0.0,0.0,4.136493731574513e-17,-0.000562538299494055,-7.366138141316119e-15,0.0,0.0,0.23723006867857432,1.5098202120246973e-12
2009-06-22,-0.00014940453809916032,0.0,1.6515491041636406e-05,3.2921583846170434e-16,0.0,-0.00016592002914079672,-3.2921583846170434e-16,0.0761521609792513,1.5179989177585386e-12,0.21210942470888774,0.0
2009-06-23,-0.000824383696930119,0.0,0.0,0.0,0.0,-0.000824383696930119,0.0,0.0,0.0,0.2119951944196245,0.0
2009-06-24,0.00042868751375720043,0.0,0.0,0.0,0.0,0.00042868751375720043,0.0,0.0,0.0,0.2113450401282031,0.0
2009-06-25,-3.211005321673324e-05,0.0,0.0,0.0,0.0,-3.211005321673324e-05,0.0,0.0,0.0,0.21168298179079173,0.0
2009-06-26,0.0013819234261819176,0.0,0.0,0.0,0.0,0.0013819234261819176,0.0,0.0,0.0,0.21165766807656064,0.0
2009-06-29,0.00043088902244381357,0.0,0.0,0.0,0.0,0.00043088902244381357,0.0,0.0,0.0,0.21274559338342908,0.0
2009-06-30,3.6303550377971626e-05,0.0,0.0,0.0,0.0,3.6303550377971626e-05,0.0,0.0,0.0,0.21308466656220013,0.0
2009-07-01,0.0006398257716262931,0.0,0.0,0.0,0.0,0.0006398257716262931,0.0,0.0,0.0,0.21311323334557516,0.0
2009-07-02,-0.00041013377105952815,0.0,0.0,0.0,0.0,-0.00041013377105952815,0.0,0.0,0.0,0.21361638185085172,0.0
2009-07-06,0.00021741154121888962,0.0,0.0,0.0,0.0,0.00021741154121888962,0.0,0.0,0.0,0.2132937270404066,0.0
2009-07-07,-0.0009721925668591762,2.0647723966762393e-15,5.2132917064651325e-05,1.6735174393350973e-16,2.198696880958173e-17,-0.0010243254839238276,1.875433683933148e-15,0.24999999999795075,8.02524361549733e-13,0.46205731070353556,8.02524361549733e-13
2009-07-08,-0.0006170619644377802,-1.3138254799302032e-14,0.0,0.0,2.1952886604017616e-17,-0.0006170619644377802,-1.316020768590605e-14,0.0,0.0,0.46155790365970056,8.012803610466431e-13
2009-07-09,-8.728018607107366e-05,-3.203287187727442e-15,0.0,0.0,2.2326615695640562e-17,-8.728018607107366e-05,-3.225613803423083e-15,0.0,0.0,0.46122544637525786,8.149214728908804e-13
2009-07-10,0.0017374624738746823,-1.2226047502544318e-16,0.0,0.0,2.2416333490213137e-17,0.0017374624738746823,-1.4467680851565632e-16,0.0,0.0,0.46117841792731695,8.181961723927795e-13
2009-07-13,0.0010826177612077987,1.7797388853909912e-15,0.0,0.0,6.714239189048997e-17,0.0010826177612077987,1.7125964935005013e-15,0.0,0.0,0.4621129764459263,8.168991013342946e-13
2009-07-14,0.00030197502038633347,1.0861303522048744e-15,0.0,0.0,2.2307886413321116e-17,0.00030197502038633347,1.0638224657915532e-15,0.0,0.0,0.4626946727364126,8.142378540862207e-13
2009-07-15,0.0006909658454796048,-2.3378274130809444e-15,0.0,0.0,2.2271404009690412e-17,0.0006909658454796048,-2.360098817090635e-15,0.0,0.0,0.4628568765420687,8.129062463537001e-13
2009-07-16,0.000877443213651484,-3.61432872507264e-15,0.0,0.0,2.232003169623016e-17,0.000877443213651484,-3.63664875676887e-15,0.0,0.0,0.46322776782130715,8.146811569124008e-13
2009-07-17,-4.4735874838153096e-05,2.608910863153603e-15,0.0,0.0,2.2399400199331985e-17,-4.4735874838153096e-05,2.586511462954271e-15,0.0,0.0,0.4636983420715282,8.175781072756175e-13
2009-07-20,0.0020619567129516077,-5.047827925575593e-15,0.0,0.0,6.698676627973964e-17,0.0020619567129516077,-5.114814691855333e-15,0.0,0.0,0.4636743490743347,8.150056564034989e-13
2009-07-21,0.0015511087284769333,-2.0833428918975196e-15,1.808158010382829e-05,2.4415017084116465e-16,2.7536438560098353e-17,0.001533027148373105,-2.3550295012987826e-15,0.08461627898752139,1.1425483200095433e-12,0.40130111575210214,1.00508000744359e-12
2009-07-22,0.0004241941640718048,-6.594100132995634e-16,0.0,0.0,2.75512795879669e-17,0.0004241941640718048,-6.869612928875303e-16,0.0,0.0,0.402235586406577,1.0056217049607918e-12
2009-07-23,-0.0005331135080625308,-4.245824501588424e-15,0.0,0.0,2.7557655818954656e-17,-0.0005331135080625308,-4.273382157407379e-15,0.0,0.0,0.40248904706578104,1.0058544373918449e-12
2009-07-24,0.0008485021441709551,-2.4345581238074614e-15,0.0,0.0,2.768874101976128e-17,0.0008485021441709551,-2.4622468648272228e-15,0.0,0.0,0.40217033599638186,1.0106390472212867e-12
2009-07-27,0.0006562789247742413,-7.99526027877728e-16,0.0,0.0,8.319573197003181e-17,0.0006562789247742413,-8.827217598477599e-16,0.0,0.0,0.4026771657020469,1.0122147389687203e-12
2009-07-28,-0.0014223935276052977,-6.05023680772582e-16,0.0,0.0,2.773561318096252e-17,-0.0014223935276052977,-6.327592939535445e-16,0.0,0.0,0.4030689189900569,1.0123498811051319e-12
2009-07-29,-0.0011553539532090287,-1.4932189839841892e-15,0.0,0.0,2.779171993477282e-17,-0.0011553539532090287,-1.5210107039189619e-15,0.0,0.0,0.40221863865075097,1.014397777619208e-12
2009-07-30,0.001191109325027245,-3.7572124184720535e-15,0.0,0.0,2.7864823778230767e-17,0.001191109325027245,-3.785077242250284e-15,0.0,0.0,0.40152719072466714,1.017066067905423e-12
2009-07-31,0.0035277284838610796,-6.823533643877716e-15,0.0,0.0,2.793448807552773e-17,0.0035277284838610796,-6.851468131953244e-15,0.0,0.0,0.40223918920054774,1.0196088147567622e-12
2009-08-03,0.0006416997471398011,-1.0021732559891196e-15,0.0,0.0,8.40677344668201e-17,0.0006416997471398011,-1.0862409904559398e-15,0.0,0.0,0.40434051413551675,1.0228241026796443e-12
2009-08-04,-0.000898482441635817,4.022910560162147e-15,5.077665471853776e-05,4.054685637389621e-16,5.1286958842662754e-17,-0.0009492590963543548,3.566155037580522e-15,0.24999999999702038,1.9963335807651155e-12,0.3927381719245153,1.8719739977571907e-12
2009-08-05,0.0010266100039231182,1.0382533067676587e-15,0.0,0.0,5.122536826177348e-17,0.0010266100039231182,9.870279385058852e-16,0.0,0.0,0.3922120002918545,1.869725941554732e-12
2009-08-06,5.816237692308297e-05,7.823528960352806e-15,0.0,0.0,5.1144417594949816e-17,5.816237692308297e-05,7.772384542757856e-15,0.0,0.0,0.392835321624703,1.8667712422156683e-12
2009-08-07,-0.00024895447392634626,1.3600835313842284e-15,0.0,0.0,5.092711229386082e-17,-0.00024895447392634626,1.3091564190903677e-15,0.0,0.0,0.392870633711743,1.85883959872592e-12
2009-08-10,0.00027055075532273105,-2.875927743971579e-15,0.0,0.0,1.5270756642593537e-16,0.00027055075532273105,-3.0286353103975144e-15,0.0,0.0,0.3927194485015185,1.8579420581822138e-12
2009-08-11,0.0005912322803153792,-1.6494170319348039e-15,0.0,0.0,5.0967525380420734e-17,0.0005912322803153792,-1.7003845573152245e-15,0.0,0.0,0.3928837042738971,1.8603146763853567e-12
2009-08-12,-0.0010749383219178731,1.8786777247860073e-15,0.0,0.0,5.098257234564081e-17,-0.0010749383219178731,1.8276951524403666e-15,0.0,0.0,0.39324243893032756,1.8608638906158896e-12
2009-08-13,0.0005419564076482724,3.2056470292759934e-15,0.0,0.0,5.098590842989293e-17,0.0005419564076482724,3.1546611208461003e-15,0.0,0.0,0.3925895101176174,1.860985657691092e-12
2009-08-14,0.0009385915017501536,7.020269039407062e-15,0.0,0.0,5.087051288346766e-17,0.0009385915017501536,6.969398526523594e-15,0.0,0.0,0.39291852181468323,1.8567737202465696e-12
2009-08-17,-0.00044789110766888093,1.6332063282862403e-14,0.0,0.0,1.5189196572798767e-16,-0.00044789110766888093,1.6180171317134416e-14,0.0,0.0,0.39348778902161263,1.8480189163571834e-12
2009-08-18,0.0012897577538904972,7.723323334559703e-16,2.3504374266507784e-05,4.358251371310052e-16,8.31882798681715e-18,0.0012662533796239895,3.2818836833814796e-16,0.10787012234539267,2.000160069375208e-12,0.500000000004167,3.0363722151882596e-13
2009-08-19,0.0013532118173646677,1.9282569281326208e-15,0.0,0.0,8.287174534098113e-18,0.0013532118173646677,1.9199697535985227e-15,0.0,0.0,0.5006558006584453,3.024818704945811e-13
2009-08-20,3.5515226445745376e-05,8.986352326246878e-16,0.0,0.0,8.223217821629963e-18,3.5515226445745376e-05,8.904120148030578e-16,0.0,0.0,0.5013306059753966,3.0014745048949365e-13
2009-08-21,0.0014030560951794522,1.026979408257675e-15,0.0,0.0,8.198306513558075e-18,0.0014030560951794522,1.0187811017441168e-15,0.0,0.0,0.5013483157028813,2.9923818774486975e-13
2009-08-24,-0.00024476932719520803,-6.409518476608552e-16,0.0,0.0,2.4476168836369553e-17,-0.00024476932719520803,-6.654280164972248e-16,0.0,0.0,0.502046971734302,2.977933875091629e-13
2009-08-25,0.0007564039429432853,0.0,0.0,0.0,8.178285063382546e-18,0.0007564039429432853,-8.178285063382546e-18,0.0,0.0,0.5019250582659213,2.985074048134629e-13
2009-08-26,0.0010114907720526491,-1.1531469642197611e-15,0.0,0.0,8.172103651958064e-18,0.0010114907720526491,-1.1613190678717192e-15,0.0,0.0,0.502301519359075,2.982817832964693e-13
2009-08-27,-0.0009661925587608829,1.664015844598475e-15,0.0,0.0,8.195407140774832e-18,-0.0009661925587608829,1.6558204374577002e-15,0.0,0.0,0.502804428091966,2.991323606382814e-13
2009-08-28,0.0012126176940300444,-5.125293012806615e-16,0.0,0.0,8.157699574205543e-18,0.0012126176940300444,-5.206870008548671e-16,0.0,0.0,0.5023235768352325,2.9775603445850235e-13
2009-08-31,0.0007896415169748052,2.559104506709175e-16,0.0,0.0,2.448553282825702e-17,0.0007896415169748052,2.314249178426605e-16,0.0,0.0,0.5029263371540361,2.9790731607712706e-13
2009-09-01,-0.0013396361525912193,4.160095632143343e-15,2.2197878133957078e-05,3.571639728851696e-16,4.318886239825806e-17,-0.0013618340307251764,3.759742796859916e-15,0.1054884039575533,1.6973089600469393e-12,0.5999999999882393,1.5763934775364192e-12
2009-09-02,0.00020967607196291743,-1.523526984375187e-15,0.0,0.0,4.3133628017962956e-17,0.00020967607196291743,-1.56666061239315e-15,0.0,0.0,0.5994767516767078,1.5743774226556479e-12
2009-09-03,0.0013837142256453154,-2.4606000488863637e-15,0.0,0.0,4.316631753938561e-17,0.0013837142256453154,-2.5037663664257493e-15,0.0,0.0,0.5995607142132121,1.5755705901875747e-12
2009-09-04,0.0006460380421404936,-4.1137152112873754e-15,0.0,0.0,4.3173990774143155e-17,0.0006460380421404936,-4.156889202061519e-15,0.0,0.0,0.6001140421017932,1.575850663256225e-12
2009-09-08,0.001880473775540212,-6.174795729479963e-15,0.0,0.0,1.730349940131658e-16,0.001880473775540212,-6.347830723493129e-15,0.0,0.0,0.6003722168524055,1.578944320370138e-12
2009-09-09,0.00025267708011195747,-2.1319285562696986e-15,0.0,0.0,4.334640920326035e-17,0.00025267708011195747,-2.175274965472959e-15,0.0,0.0,0.6011222959145895,1.5821439359190026e-12
2009-09-10,0.0025276358246850736,-6.440145754115938e-15,0.0,0.0,4.3393853572586554e-17,0.0025276358246850736,-6.4835396076885245e-15,0.0,0.0,0.6012230577079851,1.5838756553994092e-12
2009-09-11,0.002511777914669023,-4.5510081046011205e-15,0.0,0.0,4.346044374744193e-17,0.002511777914669023,-4.5944685483485624e-15,0.0,0.0,0.6022284792538666,1.5863061967816304e-12
2009-09-14,0.00014625591079294543,3.528774615534224e-15,0.0,0.0,1.3042778108299495e-16,0.00014625591079294543,3.398346834451229e-15,0.0,0.0,0.6032250897106288,1.5868713365097722e-12
2009-09-15,0.001645435494863245,3.112370935758457e-15,0.0,0.0,4.337290472739023e-17,0.001645435494863245,3.0689980310310668e-15,0.0,0.0,0.6032831119004228,1.5831110225497433e-12
2009-09-16,0.0017985739115188837,0.0,1.2193724313822794e-05,3.2093432386869687e-16,0.0,0.0017863801872050609,-3.2093432386869687e-16,0.059932570459967416,1.5774031365034686e-12,0.6000000000226471,0.0
2009-09-17,0.0022238268201285887,0.0,0.0,0.0,0.0,0.0022238268201285887,0.0,0.0,0.0,0.6007254498925285,0.0
2009-09-18,-0.0012212295397420717,0.0,0.0,0.0,0.0,-0.0012212295397420717,0.0,0.0,0.0,0.6016113971523745,0.0
2009-09-21,0.00017342153967069354,0.0,0.0,0.0,0.0,0.00017342153967069354,0.0,0.0,0.0,0.6011242783383955,0.0
2009-09-22,0.0005159342478105045,0.0,0.0,0.0,0.0,0.0005159342478105045,0.0,0.0,0.0,0.6011934399860638,0.0
2009-09-23,0.0003964339405841571,0.0,0.0,0.0,0.0,0.0003964339405841571,0.0,0.0,0.0,0.601399091845789,0.0
2009-09-24,-0.0003272544158451066,0.0,0.0,0.0,0.0,-0.0003272544158451066,0.0,0.0,0.0,0.6015570481552867,0.0
2009-09-25,0.0011751847458701334,0.0,0.0,0.0,0.0,0.0011751847458701334,0.0,0.0,0.0,0.6014266132544358,0.0
2009-09-28,0.001486541340455833,0.0,0.0,0.0,0.0,0.001486541340455833,0.0,0.0,0.0,0.6018944608113368,0.0
2009-09-29,-0.0007644778626585818,0.0,0.0,0.0,0.0,-0.0007644778626585818,0.0,0.0,0.0,0.602485382723354,0.0
2009-09-30,0.0014988458583241626,0.00016679415198179228,3.612662831820866e-05,6.05178773516706e-06,8.05684558043167e-07,0.0014627192300059539,0.00015993667968858206,0.17555032930793812,0.029407486368575597,0.6294074863351197,0.029407486368575597
2009-10-01,-0.0050934529925996995,-0.00020495681717093593,0.0,0.0,7.998170274229231e-07,-0.0050934529925996995,-0.00020575663419835887,0.0,0.0,0.6298842467979536,0.029193321500936696
2009-10-02,-0.0007755584411529322,6.439114147704339e-05,0.0,0.0,8.097231755347154e-07,-0.0007755584411529322,6.358141830150868e-05,0.0,0.0,0.6281193298046326,0.029554895907017112
2009-10-05,0.0033473787756715698,0.00016753036514137774,0.0,0.0,2.4256040783873383e-06,0.0033473787756715698,0.0001651047610629904,0.0,0.0,0.6277907439483297,0.02951151628704595
2009-10-06,0.0015375338453460596,0.0001284229547937507,0.0,0.0,8.011308608188114e-07,0.0015375338453460596,0.0001276218239329319,0.0,0.0,0.6289290198958424,0.029241276419886615
2009-10-07,0.0012980907056751,-2.5638966058133294e-05,0.0,0.0,7.96286482750053e-07,0.0012980907056751,-2.6435252540883347e-05,0.0,0.0,0.6294184740008569,0.02906445662037693
2009-10-08,0.000446291115604271,0.0001920641054311488,0.0,0.0,7.959767120498571e-07,0.000446291115604271,0.00019126812871909894,0.0,0.0,0.6299155291888252,0.029053149989819782
2009-10-09,-0.0016992358744780706,-0.00023033124607784632,0.0,0.0,7.902108755154225e-07,-0.0016992358744780706,-0.00023112145695336174,0.0,0.0,0.6299601833659688,0.028842696956312922
2009-10-12,0.0009335601216575251,0.00012820669114590807,0.0,0.0,2.394185595557529e-06,0.0009335601216575251,0.00012581250555035055,0.0,0.0,0.6294760612212299,0.029129258079283273
2009-10-13,-0.00022135299022163694,6.403843223781855e-05,0.0,0.0,7.937085200195634e-07,-0.00022135299022163694,6.324472371779898e-05,0.0,0.0,0.6297424893874406,0.028970360980714066
2009-10-14,-0.0009505277785986541,0.0006825336166837009,1.6287853285559904e-05,2.6577237308002174e-05,2.739726027326003e-06,-0.000966815631884214,0.0006532166533483727,0.07900300913475809,0.12891089359714547,0.7000000000269668,0.0999999999973991
2009-10-15,0.0009853631975151299,0.0003251969949407234,0.0,0.0,2.721880054988925e-06,0.0009853631975151299,0.00032247511488573446,0.0,0.0,0.6992687622179218,0.09934862200709577
2009-10-16,0.0004667066208185877,-0.0004546053035728945,0.0,0.0,2.7094270557700286e-06,0.0004667066208185877,-0.0004573147306286645,0.0,0.0,0.6993395024207956,0.09889408753560605
2009-10-19,0.0015241946177331305,-0.00015149494292167166,0.0,0.0,8.165569296651659e-06,0.0015241946177331305,-0.0001596605122183233,0.0,0.0,0.6997996366002726,0.09934775977592851
2009-10-20,0.0011781084000816915,-0.0002269938342091958,0.0,0.0,2.722292317885699e-06,0.0011781084000816915,-0.0002297161265270815,0.0,0.0,0.700368154984113,0.09936366960282801
2009-10-21,-0.0012729716574291666,0.00022677875898636585,0.0,0.0,2.7259260798097426e-06,-0.0012729716574291666,0.00022405283290655612,0.0,0.0,0.7008815527349039,0.0994963019130556
2009-10-22,0.0004236943485436824,0.0002917959482875231,0.0,0.0,2.722568716703191e-06,0.0004236943485436824,0.0002890733795708199,0.0,0.0,0.7003431842270367,0.09937375815966647
2009-10-23,-0.0021658132743624637,0.0004860920961632375,0.0,0.0,2.7126408243235233e-06,-0.0021658132743624637,0.00048337945533891396,0.0,0.0,0.7002677503221114,0.0990113900878086
2009-10-26,-0.0021935974327952456,0.0005626184011210031,0.0,0.0,8.111616956638266e-06,-0.0021935974327952456,0.0005545067841643649,0.0,0.0,0.6992784267217792,0.09869133963909892
2009-10-27,0.0006817772593139377,-0.0008453039600663106,0.0,0.0,2.692871977385076e-06,0.0006817772593139377,-0.0008479968320436956,0.0,0.0,0.6982292903894617,0.09828982717455527
2009-10-28,-0.0037225391136628413,0.0,2.1052424929193918e-05,2.0445005398745475e-05,0.0,-0.0037435915385920352,-2.0445005398745475e-05,0.1020973988056769,0.09915161207321586,0.600000000119534,0.0
2009-10-29,0.003146948147171332,0.0,0.0,0.0,0.0,0.003146948147171332,0.0,0.0,0.0,0.5985303511201752,0.0
2009-10-30,-0.0009139853203100997,0.0,0.0,0.0,0.0,-0.0009139853203100997,0.0,0.0,0.0,0.5997897918930564,0.0
2009-11-02,0.0011845696615535469,0.0,0.0,0.0,0.0,0.0011845696615535469,0.0,0.0,0.0,0.5994236710086944,0.0
2009-11-03,-0.0014795678598691323,0.0,0.0,0.0,0.0,-0.0014795678598691323,0.0,0.0,0.0,0.599897620149381,0.0
2009-11-04,0.0012514756354928202,0.0,0.0,0.0,0.0,0.0012514756354928202,0.0,0.0,0.0,0.5993047643571211,0.0
2009-11-05,0.0010223932616260382,0.0,0.0,0.0,0.0,0.0010223932616260382,0.0,0.0,0.0,0.5998055979008088,0.0
2009-11-06,0.0010155002808447122,0.0,0.0,0.0,0.0,0.0010155002808447122,0.0,0.0,0.0,0.6002143360697058,0.0
2009-11-09,0.002909785942291452,0.0,0.0,0.0,0.0,0.002909785942291452,0.0,0.0,0.0,0.6006199066666496,0.0
2009-11-10,6.433789773667722e-05,0.0,0.0,0.0,0.0,6.433789773667722e-05,0.0,0.0,0.0,0.6017786455657028,0.0
2009-11-11,0.0011280356970093937,0.0,5.489776166280848e-07,0.0,0.0,0.0011274867193927657,0.0,0.002731738114342283,0.0,0.6000000000080992,0.0
2009-11-12,-0.0008906737543624347,0.0,0.0,0.0,0.0,-0.0008906737543624347,0.0,0.0,0.0,0.6004510351373459,0.0
2009-11-13,0.0011075903296525213,0.0,0.0,0.0,0.0,0.0011075903296525213,0.0,0.0,0.0,0.6000948501161099,0.0
2009-11-16,0.002527751686991767,0.0,0.0,0.0,0.0,0.002527751686991767,0.0,0.0,0.0,0.6005372911494895,0.0
2009-11-17,0.0006756461696309696,0.0,0.0,0.0,0.0,0.0006756461696309696,0.0,0.0,0.0,0.6015444877427888,0.0
2009-11-18,-0.0006705449850256311,0.0,0.0,0.0,0.0,-0.0006705449850256311,0.0,0.0,0.0,0.6018135209121835,0.0
2009-11-19,8.38431669892152e-05,0.0,0.0,0.0,0.0,8.38431669892152e-05,0.0,0.0,0.0,0.6015463398085771,0.0
2009-11-20,-0.00046565905620572545,0.0,0.0,0.0,0.0,-0.00046565905620572545,0.0,0.0,0.0,0.6015797446245802,0.0
2009-11-23,0.0011051372390628055,0.0,0.0,0.0,0.0,0.0011051372390628055,0.0,0.0,0.0,0.6013941301914474,0.0
2009-11-24,0.0010411962578071583,0.0,0.0,0.0,0.0,0.0010411962578071583,0.0,0.0,0.0,0.601834158090664,0.0
2009-11-25,0.0008434065415460118,-0.00041971437534745273,6.178792001433777e-06,5.812120354487691e-06,7.772475254742365e-07,0.0008372277495445781,-0.0004263037432274146,0.03015929527829896,0.028369534679809627,0.6283695347093459,0.028369534679809627
2009-11-27,-0.0018723396021326734,0.0008856977501784972,0.0,0.0,1.5768451353923393e-06,-0.0018723396021326734,0.0008841209050431049,0.0,0.0,0.6289544887525823,0.028777423720910193
2009-11-30,0.0003507098841946362,-0.00031107694060050826,0.0,0.0,2.2947383310550487e-06,0.0003507098841946362,-0.0003133716789315633,0.0,0.0,0.6277024564541267,0.02791931636116976
2009-12-01,0.0015297089633163501,-0.0009798630449248675,0.0,0.0,7.734065553124989e-07,0.0015297089633163501,-0.00098063645148018,0.0,0.0,0.628029716835843,0.02822933926890621
2009-12-02,-7.791412653035466e-05,-0.00017099100452990095,0.0,0.0,7.99812962874628e-07,-7.791412653035466e-05,-0.00017179081749277557,0.0,0.0,0.6292139417196969,0.029193173144923923
2009-12-03,-0.0011766717982892529,0.0004198127176473847,0.0,0.0,8.04698585145401e-07,-0.0011766717982892529,0.0004190080190622393,0.0,0.0,0.629293165207759,0.029371498357807134
2009-12-04,-0.0001580167539469413,0.0007313450362533291,0.0,0.0,7.937982990729114e-07,-0.0001580167539469413,0.0007305512379542562,0.0,0.0,0.6285927553720997,0.028973637916161265
2009-12-07,0.00016679766762526757,0.0005132023002413168,0.0,0.0,2.3199560914300766e-06,0.00016679766762526757,0.0005108823441498867,0.0,0.0,0.6280751439396993,0.028226132445732598
2009-12-08,-0.0005423389734769592,0.0008081356539795678,0.0,0.0,7.587441743894115e-07,-0.0005423389734769592,0.0008073769098051784,0.0,0.0,0.6278164829257827,0.02769416236521352
2009-12-09,-0.0009656113383257112,0.0002330534879574833,0.0,0.0,7.36408295405747e-07,-0.0009656113383257112,0.00023231707966207756,0.0,0.0,0.6271079365589453,0.026878902782309762
2009-12-10,0.000479736161936274,9.944031397476639e-05,1.002299719555475e-06,1.149812294831663e-05,8.034276854894981e-07,0.0004787338622167185,8.713876334096027e-05,0.004880733675609497,0.05599051340155669,0.6293251105339353,0.029325110520366682
2009-12-11,0.0002597026382653087,0.00014428281567766053,0.0,0.0,8.002504535005799e-07,0.0002597026382653087,0.00014348256522415996,0.0,0.0,0.6294486589305888,0.029209141552771163
2009-12-14,0.002082745718439994,0.0,0.0,0.0,2.387929721008709e-06,0.002082745718439994,-2.387929721008709e-06,0.0,0.0,0.6294545747980268,0.02905314493893929
2009-12-15,-0.0013259458989513283,9.272501133831237e-05,0.0,0.0,7.943240953510388e-07,-0.0013259458989513283,9.193068724296133e-05,0.0,0.0,0.6302262244817113,0.02899282948031292
2009-12-16,0.00028950433098104774,0.0,0.0,0.0,7.927619644048354e-07,0.00028950433098104774,-7.927619644048354e-07,0.0,0.0,0.6296773099617204,0.028935811700776495
2009-12-17,-0.000302625421317754,-0.0002560627778592339,0.0,0.0,7.92533150915337e-07,-0.000302625421317754,-0.00025685531101014923,0.0,0.0,0.6297849880806494,0.0289274600084098
2009-12-18,-0.0004368425146856141,0.00014412243310804772,0.0,0.0,7.999961519197584e-07,-0.0004368425146856141,0.00014332243695612795,0.0,0.0,0.629834743062626,0.02919985954507118
2009-12-21,-0.0001602556813729907,0.0002979113463372712,0.0,0.0,2.3888439499876205e-06,-0.0001602556813729907,0.00029552250238728357,0.0,0.0,0.6295826957097224,0.02906426805818272
2009-12-22,6.563474907469998e-05,0.00012812155038875313,0.0,0.0,7.880127699860536e-07,6.563474907469998e-05,0.00012733353761876709,0.0,0.0,0.6293373115708675,0.028762466104490958
2009-12-23,0.0006404704923817642,1.2813980165555195e-05,0.0,0.0,7.843512356092466e-07,0.0006404704923817642,1.2029628929945949e-05,0.0,0.0,0.6292815149441554,0.028628820099737502
2009-12-24,-0.00032793616974710306,0.0,5.045431719843236e-06,1.5975918204917616e-05,1.3698630136986302e-06,-0.0003329816014669463,-1.7345781218616246e-05,0.02482220672835412,0.07859734634761094,0.6500000000012424,0.05
2009-12-28,-0.0006305905817116591,0.00013031335245945012,0.0,0.0,5.4813723296162805e-06,-0.0006305905817116591,0.00012483198012983385,0.0,0.0,0.6498997415069456,0.05001752250774856
2009-12-29,0.00039537600851217384,-0.00015211909738030942,0.0,0.0,1.3674644604828112e-06,0.00039537600851217384,-0.00015348656184079222,0.0,0.0,0.6495976905447947,0.04991245280762261
2009-12-30,0.0003589346678645314,0.0,0.0,0.0,1.3713004038904641e-06,0.0003589346678645314,-1.3713004038904641e-06,0.0,0.0,0.6498358781123231,0.050052464742001944
2009-12-31,-0.0006377997374694277,-8.685753178068717e-05,0.0,0.0,1.3708102523604807e-06,-0.0006377997374694277,-8.822834203304765e-05,0.0,0.0,0.6499624100321337,0.05003457421115754
2010-01-04,0.0026868304546235977,0.00034771728695056204,0.0,0.0,5.496750438225893e-06,0.0026868304546235977,0.00034222053651233614,0.0,0.0,0.6497963807130209,0.050157847748811275
2010-01-05,0.0020944770275666724,2.1662063262029218e-05,0.0,0.0,1.3605399636188494e-06,0.0020944770275666724,2.030152329841037e-05,0.0,0.0,0.650512774802383,0.049659708672088
2010-01-06,-0.0003700277282822959,0.00012972277865201011,0.0,0.0,1.3570765660198877e-06,-0.0003700277282822959,0.00012836570208599022,0.0,0.0,0.6512300445001616,0.049533294659725904
2010-01-07,0.00027077638581734397,-0.00032438780702806654,0.0,0.0,1.3538496913492728e-06,0.00027077638581734397,-0.0003257416567194158,0.0,0.0,0.6510173429420638,0.04941551373424845
2010-01-08,0.00043663216138197983,0.0003460382768187288,0.0,0.0,1.3628119358553666e-06,0.00043663216138197983,0.0003446754648828734,0.0,0.0,0.6513239195235627,0.04974263565872088
2010-01-11,0.0008453676394413797,-0.00016327219443950533,5.918741322076179e-07,2.0422960497545806e-05,4.0594748548596295e-06,0.0008447757653091721,-0.00018775462979191078,0.0028618069780877164,0.09874831097464562,0.6493902774090835,0.04939027740079216
2010-01-12,0.0009547776468026979,0.0008158301448788435,0.0,0.0,1.3567400888459964e-06,0.0009547776468026979,0.0008144734047899975,0.0,0.0,0.6498087069939867,0.049521013242878865
2010-01-13,-0.0004754565297422893,-0.0009772712851429317,0.0,0.0,1.3320318792243253e-06,-0.0004754565297422893,-0.000978603317022156,0.0,0.0,0.6496141541154912,0.04861916359168787
2010-01-14,0.00023955960759354755,-0.00010874093764657104,0.0,0.0,1.3607850979526743e-06,0.00023955960759354755,-0.00011010172274452372,0.0,0.0,0.6500839585669268,0.04966865607527261
2010-01-15,-0.0005328190853947065,0.0007067427498330449,0.0,0.0,1.3635877745347163e-06,-0.0005328190853947065,0.0007053791620585102,0.0,0.0,0.6502393395649745,0.04977095377051714
2010-01-19,0.0007262090355218583,-0.001087112136592189,0.0,0.0,5.375972159715165e-06,0.0007262090355218583,-0.0010924881087519041,0.0,0.0,0.6495944264155573,0.049055745957400886
2010-01-20,-0.0006544717158834551,0.0023925168088604503,0.0,0.0,1.374280304198182e-06,-0.0006544717158834551,0.0023911425285562523,0.0,0.0,0.6505589215699534,0.050161231103233644
2010-01-21,-0.002601867115195376,0.0013570261927334077,0.0,0.0,1.306463002312026e-06,-0.002601867115195376,0.0013557197297310957,0.0,0.0,0.6487777364951868,0.047685899584388944
2010-01-22,-0.0017060847692998164,0.000788054532025126,0.0,0.0,1.2708678912110136e-06,-0.0017060847692998164,0.0007867836641339151,0.0,0.0,0.6469821044378787,0.046386678029201996
2010-01-25,0.00019834878509098668,-0.00013599488273560126,0.0,0.0,3.751280624685173e-06,0.00019834878509098668,-0.00013974616336028643,0.0,0.0,0.6458697684605181,0.04564058093366961
2010-01-26,-0.00017899519479154638,0.0,1.0845631610774165e-05,9.377491174535077e-06,0.0,-0.00018984082640232056,-9.377491174535077e-06,0.05294025612867493,0.0457738933462483,0.6000000000138257,0.0
2010-01-27,-0.0006889331643789678,0.0,0.0,0.0,0.0,-0.0006889331643789678,0.0,0.0,0.0,0.5999405239608638,0.0
2010-01-28,-0.0010408277359510191,0.0,0.0,0.0,0.0,-0.0010408277359510191,0.0,0.0,0.0,0.5996647197094008,0.0
2010-01-29,-4.321776931304947e-05,0.0,0.0,0.0,0.0,-4.321776931304947e-05,0.0,0.0,0.0,0.5992476055019585,0.0
2010-02-01,0.000841883898190637,0.0,0.0,0.0,0.0,0.000841883898190637,0.0,0.0,0.0,0.5992302851288736,0.0
2010-02-02,0.0020117650280338634,0.0,0.0,0.0,0.0,0.0020117650280338634,0.0,0.0,0.0,0.5995674028846956,0.0
2010-02-03,-0.0008187532823665282,0.0,0.0,0.0,0.0,-0.0008187532823665282,0.0,0.0,0.0,0.6003713618032207,0.0
2010-02-04,-0.0038719612324787825,0.0,0.0,0.0,0.0,-0.0038719612324787825,0.0,0.0,0.0,0.6000438964306207,0.0
2010-02-05,-0.0016393034980019452,0.0,0.0,0.0,0.0,-0.0016393034980019452,0.0,0.0,0.0,0.5984892624202881,0.0
2010-02-08,-0.00019746339897303055,0.0,0.0,0.0,0.0,-0.00019746339897303055,0.0,0.0,0.0,0.5978299837057854,0.0
2010-02-09,0.0006529428190210567,-1.2191356698434875e-05,1.278488308486248e-06,1.859183798555725e-07,2.5365187865221837e-08,0.0006516643307125704,-1.240264026615567e-05,0.006366568004736221,0.000925829357080597,0.6009258293648433,0.000925829357080597
2010-02-10,-0.0021251231111072454,2.579006461200204e-06,0.0,0.0,2.5682779620666024e-08,-0.0021251231111072454,2.5533236815795383e-06,0.0,0.0,0.601194451602446,0.0009374214561543099
2010-02-11,0.001919358924925316,-1.7913099234215456e-05,0.0,0.0,2.566660106135901e-08,0.001919358924925316,-1.7938765835276814e-05,0.0,0.0,0.6003435996780898,0.0009368309387396039
2010-02-12,-0.000104090430720775,8.005264882377825e-07,0.0,0.0,2.6107729140895746e-08,-0.000104090430720775,7.744187590968868e-07,0.0,0.0,0.6011199769607901,0.0009529321136426948
2010-02-16,0.0028700172797769324,-2.2951747378417222e-05,0.0,0.0,1.0435396906928177e-07,0.0028700172797769324,-2.3056101347486502e-05,0.0,0.0,0.6010779875106168,0.0009522299677571961
2010-02-17,0.0014796388304442114,3.282207443240533e-06,0.0,0.0,2.6641460061457757e-08,0.0014796388304442114,3.2555659831790752e-06,0.0,0.0,0.6022334694824264,0.0009724132922432081
2010-02-18,0.0010489821530705473,-6.4660997426244445e-06,0.0,0.0,2.6512221744799926e-08,0.0010489821530705473,-6.492611964369245e-06,0.0,0.0,0.6028191911123113,0.0009676960936851973
2010-02-19,0.0014812356482120728,4.5127058488454575e-06,0.0,0.0,2.6661580743331795e-08,0.0014812356482120728,4.486044268102126e-06,0.0,0.0,0.6032393026016355,0.0009731476971316105
2010-02-22,-9.62638926924197e-05,3.5341250863588217e-06,0.0,0.0,7.949572637481876e-08,-9.62638926924197e-05,3.454629359984003e-06,0.0,0.0,0.6038234246893589,0.0009671980042269615
2010-02-23,-0.0008265364829667726,1.0426599615481687e-05,0.0,0.0,2.6404200667854036e-08,-0.0008265364829667726,1.0400195414813832e-05,0.0,0.0,0.6037831974704362,0.0009637533243766723
2010-02-24,0.001564819847554543,4.686946908368928e-06,1.6415457199942685e-06,2.96713112791536e-16,2.613987406372131e-08,0.0015631783018345488,4.6608070340084934e-06,0.008179000969558009,1.4783729795908584e-12,0.600954105413745,0.0009541054033258277
2010-02-25,0.00037634099983616895,-8.387972621313307e-06,0.0,0.0,2.5970746607165207e-08,0.00037634099983616895,-8.413943367920472e-06,0.0,0.0,0.6015757512715092,0.00094793225116153
2010-02-26,0.0019296359557225678,-9.885397161302772e-06,0.0,0.0,2.6190917728976062e-08,0.0019296359557225678,-9.911588079031747e-06,0.0,0.0,0.6017306992663777,0.0009559684971076262
2010-03-01,0.0009463779758760621,0.0,0.0,0.0,7.923314578306281e-08,0.0009463779758760621,-7.923314578306281e-08,0.0,0.0,0.6025036941987517,0.0009640032736939308
2010-03-02,0.0022366199105132672,-1.3993535515246308e-05,0.0,0.0,2.6386079480516276e-08,0.0022366199105132672,-1.4019921594726825e-05,0.0,0.0,0.602879567997414,0.000963091901038844
2010-03-03,0.0002906319594575558,-5.356701030124539e-06,0.0,0.0,2.671009815132541e-08,0.0002906319594575558,-5.383411128275864e-06,0.0,0.0,0.6037742392903712,0.0009749185825233775
2010-03-04,0.0007794540636509334,7.023131113301819e-06,0.0,0.0,2.684919838879338e-08,0.0007794540636509334,6.996281914913026e-06,0.0,0.0,0.6038926117589778,0.0009799957411909582
2010-03-05,0.0010500837371038014,1.7547878493523202e-07,0.0,0.0,2.6635836075258188e-08,0.0010500837371038014,1.4884294885997384e-07,0.0,0.0,0.604196894965793,0.0009722080167469238
2010-03-08,0.00014589170956149042,8.149464602037182e-06,0.0,0.0,7.980926701953022e-08,0.00014589170956149042,8.069655335017652e-06,0.0,0.0,0.6046119954869459,0.0009710127487376177
2010-03-09,0.0004582845862108078,1.401807377126422e-06,0.0,0.0,2.6375755156450475e-08,0.0004582845862108078,1.3754316219699716e-06,0.0,0.0,0.6046647921797983,0.0009627150632104423
2010-03-10,-0.0002030836475278883,-0.0001879332699640357,1.1233735970208756e-05,1.0322218295578695e-05,1.3698630136986302e-06,-0.00021431738349809705,-0.00019962535127331302,0.05546104139305508,0.05096087158158499,0.6500000000058445,0.05
2010-03-11,0.0002552229662338017,-9.579471450429099e-05,0.0,0.0,1.3755812822878642e-06,0.0002552229662338017,-9.717029578657886e-05,0.0,0.0,0.6500660064588123,0.050208716803507046
2010-03-12,0.0013934214987266055,-0.00030222628399707217,0.0,0.0,1.3779880003307129e-06,0.0013934214987266055,-0.00030360427199740286,0.0,0.0,0.6502184606609643,0.050296562012071014
2010-03-15,0.0006512338094729282,0.0003165964559253689,0.0,0.0,4.154277114720818e-06,0.0006512338094729282,0.0003124421788106481,0.0,0.0,0.6509025173833252,0.05054370489576995
2010-03-16,0.001825946425516809,-0.0003788216631969295,0.0,0.0,1.3747603392069297e-06,0.001825946425516809,-0.0003801964235361364,0.0,0.0,0.6509264689844996,0.05017875238105293
2010-03-17,0.0014135700840964157,0.00013221731423488286,0.0,0.0,1.3831393412056675e-06,0.0014135700840964157,0.0001308341748936772,0.0,0.0,0.6518100610130158,0.050484585954006865
2010-03-18,-0.0005390789100925542,0.00048035149527698203,0.0,0.0,1.3773897025120003e-06,-0.0005390789100925542,0.00047897410557447,0.0,0.0,0.6522163453955004,0.05027472414168801
2010-03-19,-0.0007117876859188233,0.00027134013055945107,0.0,0.0,1.364311389242257e-06,-0.0007117876859188233,0.0002699758191702088,0.0,0.0,0.6517164377745015,0.04979736570734238
2010-03-22,0.0010929354024929129,-5.5020891879265006e-05,0.0,0.0,4.072431487745445e-06,0.0010929354024929129,-5.9093323367010454e-05,0.0,0.0,0.6512923987990954,0.04954791643423624
2010-03-23,0.0007155236159402012,0.00019790610445645013,0.0,0.0,1.3575810598516384e-06,0.0007155236159402012,0.0001965485233965985,0.0,0.0,0.6517115673597985,0.0495517086845848
2010-03-24,-0.002564482552197977,0.0006423177121534784,9.264870434031637e-07,1.3862233307460976e-07,1.3698630136986302e-06,-0.00256540903924138,0.0006408092268067051,0.004619462237313703,0.00069117062936392,0.6500000000187183,0.05
2010-03-25,-0.0009656319805649166,0.00015624506621886414,0.0,0.0,1.354872856205104e-06,-0.0009656319805649166,0.00015489019336265903,0.0,0.0,0.6486839745222154,0.04945285925148629
2010-03-26,0.0004454077649294164,-0.0004765693848404084,0.0,0.0,1.3516880394362142e-06,0.0004454077649294164,-0.0004779210728798446,0.0,0.0,0.6482439009604579,0.04933661343942181
2010-03-29,0.000469608293915568,-0.0002457180175723666,0.0,0.0,4.094367326159619e-06,0.000469608293915568,-0.0002498123848985262,0.0,0.0,0.6487104004464077,0.04981480246827536
2010-03-30,0.00013024031656916506,0.00023450784363663343,0.0,0.0,1.3712197207163305e-06,0.00013024031656916506,0.0002331366239159171,0.0,0.0,0.6490373529853377,0.05004951980614607
2010-03-31,-0.0003143992084275353,-0.000334869797792514,0.0,0.0,1.3642990934574425e-06,-0.0003143992084275353,-0.00033623409688597145,0.0,0.0,0.6489317864547615,0.04979691691119665
2010-04-01,0.0007034227174073237,-0.000290423251853428,0.0,0.0,1.3743678179415605e-06,0.0007034227174073237,-0.0002917976196713696,0.0,0.0,0.6490396740747567,0.050164425354866954
2010-04-05,-0.0019310737458310733,0.00038334440611343995,0.0,0.0,5.527023415895053e-06,-0.0019310737458310733,0.0003778173826975449,0.0,0.0,0.6494757562705121,0.05043408867004235
2010-04-06,0.0009412264005752939,0.00027956218550055433,0.0,0.0,1.3733864888076836e-06,0.0009412264005752939,0.00027818879901174665,0.0,0.0,0.6485520501233585,0.050128606841480454
2010-04-07,0.000896817059816366,0.00018988732605478625,0.0,0.0,1.3640638906073498e-06,0.000896817059816366,0.00018852326216417889,0.0,0.0,0.6487022391535039,0.04978833200716827
2010-04-08,0.0003321557047586943,2.2681345353561668e-05,5.400196709895024e-07,1.032428875970632e-07,1.3715031700196234e-06,0.00033161568508770483,2.120659929594498e-05,0.002694760117498793,0.0005151938547019799,0.6500598657427286,0.05005986570571626
2010-04-09,0.0008984562044465873,-0.0005337411493486079,0.0,0.0,1.3703982562543213e-06,0.0008984562044465873,-0.0005351115476048623,0.0,0.0,0.650162629583297,0.050019536353282726
2010-04-12,0.0012708160714944928,-0.00033683244838789904,0.0,0.0,4.1535547324069435e-06,0.0012708160714944928,-0.000340986003120306,0.0,0.0,0.6508246121423804,0.05053491591095115
2010-04-13,0.0004995835873191765,-1.1380032925274306e-05,0.0,0.0,1.3924517868526736e-06,0.0004995835873191765,-1.277248471212698e-05,0.0,0.0,0.6514896535447743,0.05082449022012259
2010-04-14,0.0006099377684568107,-0.0002666984901614266,0.0,0.0,1.3920858857117069e-06,0.0006099377684568107,-0.0002680905760471383,0.0,0.0,0.6516719959691978,0.0508111348284773
2010-04-15,0.0011924364697420231,0.0002808019034449394,0.0,0.0,1.398914478674379e-06,0.0011924364697420231,0.00027940298896626505,0.0,0.0,0.6520590291892406,0.05106037847161483
2010-04-16,-0.0005340886054409879,0.00026386631871075844,0.0,0.0,1.3891766308598559e-06,-0.0005340886054409879,0.0002624771420798986,0.0,0.0,0.6522913974416521,0.050704947026384735
2010-04-19,-0.0006587745690575596,9.737831303166358e-05,0.0,0.0,4.146968614159611e-06,-0.0006587745690575596,9.323134441750397e-05,0.0,0.0,0.6519343816876366,0.050454784805608596
2010-04-20,0.0021220925251736198,0.00015305163798549914,0.0,0.0,1.3804356684387052e-06,0.0021220925251736198,0.00015167120231706044,0.0,0.0,0.6516441400468591,0.05038590189801274
2010-04-21,0.0009642535714920695,0.00016703096887344223,0.0,0.0,1.3731203216965048e-06,0.0009642535714920695,0.00016565784855174573,0.0,0.0,0.6522830949307238,0.050118891741922425
2010-04-22,0.0006857221107615999,0.0008997552393305269,2.124785656897126e-05,2.0677584242917157e-05,4.1047887344143694e-06,0.0006644742541926286,0.0008749728663531954,0.10268528110237252,0.099929305509461,0.7498247888450983,0.1498247888061245
2010-04-23,0.0002308572944325222,-0.001576917131718993,0.0,0.0,4.07386640403438e-06,0.0002308572944325222,-0.0015809909981230274,0.0,0.0,0.7493569156098632,0.14869612374725488
2010-04-26,0.000968339234017951,0.0001651084497069579,0.0,0.0,1.2367907167678916e-05,0.000968339234017951,0.00015274054253927897,0.0,0.0,0.750601184862008,0.1504762038734268
2010-04-27,-0.005933715191053793,6.246718692816313e-06,0.0,0.0,4.113500641010093e-06,-0.005933715191053793,2.13321805180622e-06,0.0,0.0,0.7507278982316211,0.15014277339686838
2010-04-28,0.00035374744570268576,0.0004349214223402839,0.0,0.0,4.137873634690297e-06,0.00035374744570268576,0.0004307835487055936,0.0,0.0,0.7492383517412375,0.15103238766619584
2010-04-29,0.004082932191436235,-0.0012534954010496725,0.0,0.0,4.12272357485786e-06,0.004082932191436235,-0.0012576181246245304,0.0,0.0,0.7490044819558949,0.1504794104823119
2010-04-30,-0.0011628047069349307,-0.0010797820178833919,0.0,0.0,4.145353987679341e-06,-0.0011628047069349307,-0.0010839273718710712,0.0,0.0,0.7509657001908887,0.15130542055029594
2010-05-03,0.002621001805413701,-0.00018095093032581018,0.0,0.0,1.2553014430193373e-05,0.002621001805413701,-0.00019350394475600355,0.0,0.0,0.7514912950835615,0.15272834223401935
2010-05-04,-0.005266988633050932,0.0034344260883445764,0.0,0.0,4.179150823449455e-06,-0.005266988633050932,0.0034302469375211268,0.0,0.0,0.7522861239325264,0.1525390050559051
2010-05-05,-0.0034429172436724444,0.0019466058243182748,0.0,0.0,4.092573959248348e-06,-0.0034429172436724444,0.0019425132503590264,0.0,0.0,0.7483937412887742,0.1493789495125647
2010-05-06,-0.012359218474081064,-0.001514713496801192,2.1379804488776706e-05,1.9768150041902494e-05,1.4047404719046918e-06,-0.01238059827856984,-0.0015358863873149993,0.10423857940807224,0.09638085694259976,0.6512730272086366,0.05127302722452125
2010-05-07,-0.00028777040896212536,9.939459654285192e-05,0.0,0.0,1.4666500852384933e-06,-0.00028777040896212536,9.792794645761343e-05,0.0,0.0,0.6479307267580394,0.053532728111205005
2010-05-10,0.011085598660737248,0.0003163124504502873,0.0,0.0,4.392614741620929e-06,0.011085598660737248,0.00031191983570866635,0.0,0.0,0.6477659298283224,0.05344347935638798
2010-05-11,0.00020455425648660075,-0.0013805663805235952,0.0,0.0,1.4391362374554547e-06,0.00020455425648660075,-0.0013820055167610508,0.0,0.0,0.651426878591234,0.05252847266712409
2010-05-12,0.0030790027498105972,-0.0003310094435113081,0.0,0.0,1.478701072349363e-06,0.0030790027498105972,-0.00033248814458365747,0.0,0.0,0.6523996015808045,0.053972589140751745
2010-05-13,-0.001550690612222249,0.0003747141508047988,0.0,0.0,1.4836948346932005e-06,-0.001550690612222249,0.0003732304559701056,0.0,0.0,0.6536832537270615,0.054154861466301815
2010-05-14,-0.0026565576187363702,8.485396978372737e-05,0.0,0.0,1.475165642342992e-06,-0.0026565576187363702,8.337880414138438e-05,0.0,0.0,0.652901328415012,0.053843545945519204
2010-05-17,0.0011736633702888277,0.00045224281184533466,0.0,0.0,4.429921608576146e-06,0.0011736633702888277,0.0004478128902367585,0.0,0.0,0.6519222834046949,0.05389737957100978
2010-05-18,-0.000844852948992887,-5.811388760385841e-05,0.0,0.0,1.4618799185851642e-06,-0.000844852948992887,-5.9575767522443575e-05,0.0,0.0,0.6520386815319354,0.05335861702835849
2010-05-19,-0.002227987421555763,0.0012796902009676882,0.0,0.0,1.4647968842553623e-06,-0.002227987421555763,0.001278225404083433,0.0,0.0,0.6517833201346179,0.05346508627532072
2010-05-20,-0.004514503524308031,2.337073537494178e-05,4.203937144539917e-05,1.0192461683153276e-05,9.452837328798379e-08,-0.00455654289575343,1.3083745318500519e-05,0.20121527873140424,0.04878472127487754,0.45128361734292444,0.003450285625011408
2010-05-21,0.002037483531377962,1.8425137944465072e-05,0.0,0.0,9.431660280015266e-08,0.002037483531377962,1.833082134166492e-05,0.0,0.0,0.4488082557952,0.003442556002205572
2010-05-24,-1.7279982117535723e-05,-4.8044565709058756e-05,0.0,0.0,2.8085802154913576e-07,-1.7279982117535723e-05,-4.832542373060789e-05,0.0,0.0,0.4499207857177126,0.0034171059288478182
2010-05-25,-0.001227433716162613,-1.542289746706334e-05,0.0,0.0,9.494185868703078e-08,-0.001227433716162613,-1.551783932575037e-05,0.0,0.0,0.4499330237742242,0.0034653778420766232
2010-05-26,-0.0012868507393430878,-3.296267282304371e-05,0.0,0.0,9.548308467173026e-08,-0.0012868507393430878,-3.305815590771544e-05,0.0,0.0,0.44926400344997464,0.0034851325905181545
2010-05-27,0.001260292339836415,-6.541809611773059e-06,0.0,0.0,9.651356070567675e-08,0.001260292339836415,-6.638323172478736e-06,0.0,0.0,0.4485692232184934,0.003522744965757201
2010-05-28,0.0004321233019998918,-5.642485325475799e-06,0.0,0.0,9.657172084054538e-08,0.0004321233019998918,-5.739057046316345e-06,0.0,0.0,0.4492662910679807,0.003524867810679906
2010-06-01,-0.0009422721599807061,-3.0576198279111025e-05,0.0,0.0,3.8674033793141605e-07,-0.0009422721599807061,-3.096293861704244e-05,0.0,0.0,0.4495067517730244,0.003529005583624171
2010-06-02,0.0016301496369246122,3.8630123778418716e-06,0.0,0.0,9.761779360828265e-08,0.0016301496369246122,3.765394584233589e-06,0.0,0.0,0.44900146359673776,0.0035630494667023165
2010-06-03,-0.00018383541656692774,5.3991914765230366e-05,0.0,0.0,9.735289130026898e-08,-0.00018383541656692774,5.3894561873930096e-05,0.0,0.0,0.44989652054611856,0.0035533805324598176
2010-06-04,0.0022879755743897764,-3.649388900238202e-05,5.1504963458249827e-05,9.288074340944382e-16,9.588612015966246e-08,0.0022364706109315267,-3.658977512347049e-05,0.2500000000192854,4.5083394482892114e-12,0.40089365983541336,0.0034998433858276796
2010-06-07,0.0007180072166865225,-6.80904924221754e-05,0.0,0.0,2.900198490971777e-07,0.0007180072166865225,-6.838051227127258e-05,0.0,0.0,0.40229663076148076,0.0035285748306823285
2010-06-08,-0.0004435459325947178,1.4496783473631236e-05,0.0,0.0,9.847480411300201e-08,-0.0004435459325947178,1.4398308669518234e-05,0.0,0.0,0.4027529988748149,0.003594330350124573
2010-06-09,-0.0002955521812796277,1.3023237727513463e-05,0.0,0.0,9.811973981624179e-08,-0.0002955521812796277,1.2925117987697221e-05,0.0,0.0,0.4024821772122431,0.0035813705032928258
2010-06-10,-0.002490098415868773,4.707418034532439e-05,0.0,0.0,9.779057704621951e-08,-0.002490098415868773,4.697638976827817e-05,0.0,0.0,0.40230032599065957,0.0035693560621870117
2010-06-11,0.0012749560919917348,-3.086616667705121e-05,0.0,0.0,9.673721429410025e-08,0.0012749560919917348,-3.096290389134531e-05,0.0,0.0,0.4007894049979691,0.003530908321734659
2010-06-14,-0.0012419372242515078,1.2153371896113868e-05,0.0,0.0,2.92384863310372e-07,-0.0012419372242515078,1.1860987032803497e-05,0.0,0.0,0.40156481719279224,0.0035573491702761925
2010-06-15,-0.0012035254727565054,-4.125325349970151e-05,0.0,0.0,9.724827480235802e-08,-0.0012035254727565054,-4.135050177450387e-05,0.0,0.0,0.4008159140999742,0.0035495620302860675
2010-06-16,0.0007995913577183308,1.9612181353380268e-05,0.0,0.0,9.850112260663485e-08,0.0007995913577183308,1.9513680230773633e-05,0.0,0.0,0.40011047654662873,0.003595290975142172
2010-06-17,0.0007000643716289107,-4.661530781401676e-05,0.0,0.0,9.788362559869534e-08,0.0007000643716289107,-4.671319143961546e-05,0.0,0.0,0.40058194921163637,0.0035727523343523793
2010-06-18,0.00046764192416713315,-2.535567840951055e-14,4.9844208613052606e-05,7.317336370608508e-07,9.275381071694613e-17,0.00041779771555408053,-7.317336625092831e-07,0.2463829955277969,0.0036170044714139734,0.5471136040737561,3.3855140911685336e-12
2010-06-21,-0.001460088471989669,1.4078345390377878e-14,0.0,0.0,2.8022858670259674e-16,-0.001460088471989669,1.3798116803675281e-14,0.0,0.0,0.5473529636966776,3.4094478048815936e-12
2010-06-22,0.0016680217047483307,1.0690205936328983e-14,0.0,0.0,9.315984241994697e-17,0.0016680217047483307,1.0597046093909035e-14,0.0,0.0,0.5466910925867058,3.4003342483280644e-12
2010-06-23,-7.622105950709561e-05,1.0666195993297867e-14,0.0,0.0,9.271231391362064e-17,-7.622105950709561e-05,1.0573483679384245e-14,0.0,0.0,0.5474459625437486,3.3839994578471537e-12
2010-06-24,-0.00038271413006752065,1.599035115880467e-14,0.0,0.0,9.242713425995859e-17,-0.00038271413006752065,1.589792402454471e-14,0.0,0.0,0.5474114657661426,3.3735904004884883e-12
2010-06-25,0.0015116333464699164,-1.8725876779600155e-14,0.0,0.0,9.20242614325464e-17,0.0015116333464699164,-1.8817901041032702e-14,0.0,0.0,0.5472381874229059,3.358885542287944e-12
2010-06-28,-0.0001825157215522006,7.179872224662739e-15,0.0,0.0,2.7719288345158205e-16,-0.0001825157215522006,6.902679341211157e-15,0.0,0.0,0.5479215642615982,3.372513415327581e-12
2010-06-29,0.0004972640780457741,4.112420567128177e-14,0.0,0.0,9.221775017833412e-17,0.0004972640780457741,4.103198792110343e-14,0.0,0.0,0.5478390377773166,3.365947881509196e-12
2010-06-30,0.0007151376866858063,4.968303350865881e-15,0.0,0.0,9.104578581325153e-17,0.0007151376866858063,4.877257565052629e-15,0.0,0.0,0.548063769430324,3.3231711821836805e-12
2010-07-01,-0.004996353648808722,2.800418841251255e-14,0.0,0.0,9.084470144358933e-17,-0.004996353648808722,2.791334371106896e-14,0.0,0.0,0.5483867350958613,3.3158316026910105e-12
2010-07-02,1.0881083095237003e-05,0.0,3.014440473218268e-05,6.7624694997909425e-16,0.0,-1.9263321636945676e-05,-6.7624694997909425e-16,0.14729422947149884,3.304337050758859e-12,0.6000000000026402,0.0
2010-07-06,-0.00032462497039082865,0.0,0.0,0.0,0.0,-0.00032462497039082865,0.0,0.0,0.0,0.6000224395109774,0.0
2010-07-07,-0.00012549639781074675,0.0,0.0,0.0,0.0,-0.00012549639781074675,0.0,0.0,0.0,0.5998925546433755,0.0
2010-07-08,-0.0006018970232273769,0.0,0.0,0.0,0.0,-0.0006018970232273769,0.0,0.0,0.0,0.5998423362980245,0.0
2010-07-09,0.0002999699200119853,0.0,0.0,0.0,0.0,0.0002999699200119853,0.0,0.0,0.0,0.5996013375349826,0.0
2010-07-12,-6.942731079012955e-05,0.0,0.0,0.0,0.0,-6.942731079012955e-05,0.0,0.0,0.0,0.5997214090718858,0.0
2010-07-13,-0.0005265189199045301,0.0,0.0,0.0,0.0,-0.0005265189199045301,0.0,0.0,0.0,0.5996936168762134,0.0
2010-07-14,0.0013648916876522138,0.0,0.0,0.0,0.0,0.0013648916876522138,0.0,0.0,0.0,0.5994827369594743,0.0
2010-07-15,0.00046818256031932765,0.0,0.0,0.0,0.0,0.00046818256031932765,0.0,0.0,0.0,0.6000286545242132,0.0
2010-07-16,3.628571677882287e-05,0.0,0.0,0.0,0.0,3.628571677882287e-05,0.0,0.0,0.0,0.6002158265021367,0.0
2010-07-19,-0.0011513084111268784,0.0,7.392303571501399e-07,0.0,0.0,-0.0011520476414840285,0.0,0.003690497661346062,0.0,0.6000000000063469,0.0
2010-07-20,0.0009742330041944797,0.0,0.0,0.0,0.0,0.0009742330041944797,0.0,0.0,0.0,0.5995393895349104,0.0
2010-07-21,0.001817395686485005,0.0,0.0,0.0,0.0,0.001817395686485005,0.0,0.0,0.0,0.5999291517592826,0.0
2010-07-22,-0.000668190911597455,0.0,0.0,0.0,0.0,-0.000668190911597455,0.0,0.0,0.0,0.6006549197854835,0.0
2010-07-23,-0.000964082152517392,0.0,0.0,0.0,0.0,-0.000964082152517392,0.0,0.0,0.0,0.6003879026138456,0.0
2010-07-26,-0.0004133817838773283,0.0,0.0,0.0,0.0,-0.0004133817838773283,0.0,0.0,0.0,0.6000022719431786,0.0
2010-07-27,-0.0013044168303604192,0.0,0.0,0.0,0.0,-0.0013044168303604192,0.0,0.0,0.0,0.5998368517871283,0.0
2010-07-28,0.0017431477772894826,0.0,0.0,0.0,0.0,0.0017431477772894826,0.0,0.0,0.0,0.5993141904734953,0.0
2010-07-29,-7.032664505784639e-05,0.0,0.0,0.0,0.0,-7.032664505784639e-05,0.0,0.0,0.0,0.6000114296608234,0.0
2010-07-30,0.0018917052681394378,0.0,0.0,0.0,0.0,0.0018917052681394378,0.0,0.0,0.0,0.5999832978281924,0.0
2010-08-02,-0.0006485861016035805,0.0,6.841970324717152e-07,0.0,0.0,-0.0006492702986360523,0.0,0.0034159129801801524,0.0,0.6000000000048504,0.0
2010-08-03,0.0013036489167629832,0.0,0.0,0.0,0.0,0.0013036489167629832,0.0,0.0,0.0,0.5997408077966293,0.0
2010-08-04,-0.00043264211402832336,0.0,0.0,0.0,0.0,-0.00043264211402832336,0.0,0.0,0.0,0.6002619259039136,0.0
2010-08-05,0.0011014776033505225,0.0,0.0,0.0,0.0,0.0011014776033505225,0.0,0.0,0.0,0.6000889075234411,0.0
2010-08-06,0.0015836515578724732,0.0,0.0,0.0,0.0,0.0015836515578724732,0.0,0.0,0.0,0.60052891597568,0.0
2010-08-09,0.0002451741309509229,0.0,0.0,0.0,0.0,0.0002451741309509229,0.0,0.0,0.0,0.6011605387098933,0.0
2010-08-10,0.0014497603202219358,0.0,0.0,0.0,0.0,0.0014497603202219358,0.0,0.0,0.0,0.6012582998596989,0.0
2010-08-11,0.0014276898661147329,0.0,0.0,0.0,0.0,0.0014276898661147329,0.0,0.0,0.0,0.601835542890539,0.0
2010-08-12,-0.00028227298286927216,0.0,0.0,0.0,0.0,-0.00028227298286927216,0.0,0.0,0.0,0.6024031878300736,0.0
2010-08-13,0.0013288811838821249,0.0,0.0,0.0,0.0,0.0013288811838821249,0.0,0.0,0.0,0.6022909253032448,0.0
2010-08-16,0.0028044646758952872,0.0,2.0363213178201848e-05,0.0,0.0,0.0027841014627170853,0.0,0.09817524568888128,0.0,0.6000000000207174,0.0
2010-08-17,-0.0006223130085726735,0.0,0.0,0.0,0.0,-0.0006223130085726735,0.0,0.0,0.0,0.6011308554028015,0.0
2010-08-18,0.00053700096060778,0.0,0.0,0.0,0.0,0.00053700096060778,0.0,0.0,0.0,0.6008824793777691,0.0
2010-08-19,0.000971693075912474,0.0,0.0,0.0,0.0,0.000971693075912474,0.0,0.0,0.0,0.6010966908379786,0.0
2010-08-20,-0.0001307298281798723,0.0,0.0,0.0,0.0,-0.0001307298281798723,0.0,0.0,0.0,0.6014839261475807,0.0
2010-08-23,0.00033113285836340367,0.0,0.0,0.0,0.0,0.00033113285836340367,0.0,0.0,0.0,0.6014318213980742,0.0
2010-08-24,0.0018126480456006064,0.0,0.0,0.0,0.0,0.0018126480456006064,0.0,0.0,0.0,0.6015637567301837,0.0
2010-08-25,0.00022329807164957503,0.0,0.0,0.0,0.0,0.00022329807164957503,0.0,0.0,0.0,0.6022846746374076,0.0
2010-08-26,0.0006481284073398745,0.0,0.0,0.0,0.0,0.0006481284073398745,0.0,0.0,0.0,0.6023734638761606,0.0
2010-08-27,-0.0028579210956113706,0.0,0.0,0.0,0.0,-0.0028579210956113706,0.0,0.0,0.0,0.6026310100067712,0.0
2010-08-30,0.0013379609973795566,0.0,5.134926463842186e-05,0.0,0.0,0.0012866117327411347,0.0,0.25000000000777045,0.0,0.6000000000204356,0.0
2010-08-31,0.0009755699525160753,0.0,0.0,0.0,0.0,0.0009755699525160753,0.0,0.0,0.0,0.6005652666994031,0.0
2010-09-01,-0.00020028606597477736,0.0,0.0,0.0,0.0,-0.00020028606597477736,0.0,0.0,0.0,0.6009545634370024,0.0
2010-09-02,-0.0001346900656049812,0.0,0.0,0.0,0.0,-0.0001346900656049812,0.0,0.0,0.0,0.6008746241856501,0.0
2010-09-03,-0.00117851113296794,0.0,0.0,0.0,0.0,-0.00117851113296794,0.0,0.0,0.0,0.600820858720923,0.0
2010-09-07,0.0012469989385925939,0.0,0.0,0.0,0.0,0.0012469989385925939,0.0,0.0,0.0,0.6003498665894064,0.0
2010-09-08,-0.0014556747362797424,0.0,0.0,0.0,0.0,-0.0014556747362797424,0.0,0.0,0.0,0.6008476091970746,0.0
2010-09-09,-0.0010338744554709274,0.0,0.0,0.0,0.0,-0.0010338744554709274,0.0,0.0,0.0,0.6002657261133525,0.0
2010-09-10,-1.3010461023445842e-05,0.0,0.0,0.0,0.0,-1.3010461023445842e-05,0.0,0.0,0.0,0.5998520233418773,0.0
2010-09-13,0.0014713781894553834,0.0,0.0,0.0,0.0,0.0014713781894553834,0.0,0.0,0.0,0.5998468171644885,0.0
2010-09-14,0.0011647170185400905,0.0,4.079639920492482e-05,0.0,0.0,0.0011239206193351657,0.0,0.19851248570731855,0.0,0.6000000000104255,0.0
2010-09-15,-0.0019528144457727286,0.0,0.0,0.0,0.0,-0.0019528144457727286,0.0,0.0,0.0,0.6004898141451472,0.0
2010-09-16,-0.00017328101623855947,0.0,0.0,0.0,0.0,-0.00017328101623855947,0.0,0.0,0.0,0.5997081183761868,0.0
2010-09-17,0.00014232599920431746,0.0,0.0,0.0,0.0,0.00014232599920431746,0.0,0.0,0.0,0.5996387433707754,0.0
2010-09-20,0.0005237638906840838,0.0,0.0,0.0,0.0,0.0005237638906840838,0.0,0.0,0.0,0.5996957170778281,0.0
2010-09-21,0.001904551014230712,0.0,0.0,0.0,0.0,0.001904551014230712,0.0,0.0,0.0,0.5999052722490772,0.0
2010-09-22,0.0006873988136775256,0.0,0.0,0.0,0.0,0.0006873988136775256,0.0,0.0,0.0,0.6006658245579322,0.0
2010-09-23,0.00012889499412278748,0.0,0.0,0.0,0.0,0.00012889499412278748,0.0,0.0,0.0,0.6009401378337715,0.0
2010-09-24,0.0001461112971818329,0.0,0.0,0.0,0.0,0.0001461112971818329,0.0,0.0,0.0,0.6009915680232663,0.0
2010-09-27,0.0012728762126403212,0.0,0.0,0.0,0.0,0.0012728762126403212,0.0,0.0,0.0,0.6010498591458573,0.0
2010-09-28,0.0011730262846107043,0.0,2.852327992212216e-05,0.0,0.0,0.0011445030046885823,0.0,0.14063947569378304,0.0,0.6000000000018697,0.0
2010-09-29,0.00040146806240546576,0.0,0.0,0.0,0.0,0.00040146806240546576,0.0,0.0,0.0,0.6004857685201364,0.0
2010-09-30,0.001171475809654221,0.0,0.0,0.0,0.0,0.001171475809654221,0.0,0.0,0.0,0.6006460963580457,0.0
2010-10-01,0.00019570828077809975,0.0,0.0,0.0,0.0,0.00019570828077809975,0.0,0.0,0.0,0.6011133823813808,0.0
2010-10-04,-0.0007216051896463753,0.0,0.0,0.0,0.0,-0.0007216051896463753,0.0,0.0,0.0,0.6011914325204816,0.0
2010-10-05,0.002393488326391879,0.0,0.0,0.0,0.0,0.002393488326391879,0.0,0.0,0.0,0.6009034423733282,0.0
2010-10-06,0.0014712259990159503,0.0,0.0,0.0,0.0,0.0014712259990159503,0.0,0.0,0.0,0.6018563944454506,0.0
2010-10-07,0.00023722145066264544,0.0,0.0,0.0,0.0,0.00023722145066264544,0.0,0.0,0.0,0.6024412931511018,0.0
2010-10-08,0.001343638318569379,0.0,0.0,0.0,0.0,0.001343638318569379,0.0,0.0,0.0,0.6025355802373448,0.0
2010-10-11,0.0010374138515920335,0.0,0.0,0.0,0.0,0.0010374138515920335,0.0,0.0,0.0,0.6030689120569365,0.0
2010-10-12,-0.0002277820497027707,-5.998038278146203e-06,7.877780478699905e-07,5.18654904675183e-07,7.06068733895367e-08,-0.00022856982775064068,-6.587300056210923e-06,0.003914400249573328,0.00257715087871809,0.6025771508436204,0.00257715087871809
2010-10-13,0.0015777209433274519,-3.75050209273088e-06,0.0,0.0,7.078784947274195e-08,0.0015777209433274519,-3.821289942203622e-06,0.0,0.0,0.6024910488584967,0.0025837565057550815
2010-10-14,-0.0015112504778953652,2.9949240460967092e-06,0.0,0.0,7.077920359073625e-08,-0.0015112504778953652,2.924144842505973e-06,0.0,0.0,0.6031195201980346,0.0025834409310618728
2010-10-15,-0.0008152127929731126,-1.8747853116452795e-05,0.0,0.0,7.080394633388401e-08,-0.0008152127929731126,-1.881865706278668e-05,0.0,0.0,0.6025170620709746,0.0025843440411867664
2010-10-18,0.0004057364695927219,-3.7540904909853333e-06,0.0,0.0,2.1413135071681754e-07,0.0004057364695927219,-3.968221841702151e-06,0.0,0.0,0.6022041064421149,0.0026052647670546138
2010-10-19,-0.0018678913945520644,4.726705141684921e-05,0.0,0.0,7.14512618516057e-08,-0.0018678913945520644,4.719560015499761e-05,0.0,0.0,0.6023678306438882,0.0026079710575836077
2010-10-20,0.0010902264280929668,-3.307067879298043e-05,0.0,0.0,7.028424036239523e-08,0.0010902264280929668,-3.314096303334283e-05,0.0,0.0,0.6015952612113529,0.002565374773227426
2010-10-21,-0.0011925418026175606,-1.5017138017932099e-05,0.0,0.0,7.111511160589879e-08,-0.0011925418026175606,-1.5088253129537998e-05,0.0,0.0,0.6020490703179601,0.0025957015736153056
2010-10-22,0.0008897109185153118,-1.4283887153609696e-05,0.0,0.0,7.161302208259607e-08,0.0008897109185153118,-1.4355500175692292e-05,0.0,0.0,0.6015830182492073,0.002613875306014756
2010-10-25,0.0021672775133650263,-1.6525385814808716e-05,0.0,0.0,2.1582416152080688e-07,0.0021672775133650263,-1.674120997632952e-05,0.0,0.0,0.6019458126390822,0.0026258606318364827
2010-10-26,-0.0017952251868732264,-9.359567971784667e-05,2.0862092189737196e-05,2.052075183528277e-05,2.8165334734757414e-06,-0.0018160872790629636,-0.00011693296502660517,0.10183292100832224,0.10016675612725581,0.7028034717930444,0.10280347178186455
2010-10-27,-0.002545069935781897,0.0007235458336222926,0.0,0.0,2.824557665822123e-06,-0.002545069935781897,0.0007207212759564705,0.0,0.0,0.7023659341756917,0.10309635480250749
2010-10-28,0.002280081864196054,-0.0003274307463098891,0.0,0.0,2.809860657823621e-06,0.002280081864196054,-0.0003302406069677127,0.0,0.0,0.7010999149301164,0.10255991401056216
2010-10-29,0.0019980914370552926,-0.0002274397163303134,0.0,0.0,2.8133457855185207e-06,0.0019980914370552926,-0.0002302530621158319,0.0,0.0,0.7020111864199949,0.102687121171426
2010-11-01,-0.0006645994035467808,-0.0005834402483092516,0.0,0.0,8.443803751567903e-06,-0.0006645994035467808,-0.0005918840520608195,0.0,0.0,0.7027668995633647,0.10273294564407616
2010-11-02,0.0017409237485541647,-0.001152727810812189,0.0,0.0,2.8341469736430167e-06,0.0017409237485541647,-0.001155561957785832,0.0,0.0,0.7029855899230868,0.10344636453797013
2010-11-03,0.00025742142629456044,-0.0006146387953758226,0.0,0.0,2.8640520508635384e-06,0.00025742142629456044,-0.0006175028474266861,0.0,0.0,0.7043142350297604,0.10453789985651914
2010-11-04,0.005675168316650035,-0.001979698033767299,0.0,0.0,2.8819291990765362e-06,0.005675168316650035,-0.0019825799629663754,0.0,0.0,0.7048254510061033,0.10519041576629357
2010-11-05,-0.0016837139172213922,0.00012015829084588368,0.0,0.0,2.925365331418465e-06,-0.0016837139172213922,0.00011723292551446522,0.0,0.0,0.7078866851932809,0.10677583459677396
2010-11-08,-0.00022450072996119875,0.0001710003514891146,0.0,0.0,8.77997363215271e-06,-0.00022450072996119875,0.0001622203778569619,0.0,0.0,0.7073109604508319,0.10682301252452463
2010-11-09,-0.005508421011739551,0.0018453195310535028,3.132641957303804e-05,9.869319961052219e-06,4.2508839201954956e-06,-0.005539747431312588,0.0018311993271722552,0.15394046949640547,0.048498608175517204,0.7551572629993306,0.15515726308713557
2010-11-10,-0.0005632005493631798,-0.0002959416502700581,0.0,0.0,4.215962319782735e-06,-0.0005632005493631798,-0.00030015761258984084,0.0,0.0,0.7524392993245819,0.1538826246720698
2010-11-11,-0.0022101770632549055,0.0018509878854602443,0.0,0.0,4.227720347069189e-06,-0.0022101770632549055,0.0018467601651131751,0.0,0.0,0.7525257980650585,0.1543117926680254
2010-11-12,-0.00435918215870171,0.0027370865429745665,0.0,0.0,4.178526897491152e-06,-0.00435918215870171,0.0027329080160770755,0.0,0.0,0.7505883975090074,0.15251623175842707
2010-11-15,-0.006988273576440802,8.009471487351955e-05,0.0,0.0,1.233066772131915e-05,-0.006988273576440802,6.77640471522004e-05,0.0,0.0,0.7474447654453895,0.15002312394271633
2010-11-16,-0.001764638463012146,0.0035694567585698536,0.0,0.0,4.136655965048598e-06,-0.001764638463012146,0.003565320102604805,0.0,0.0,0.7456165382269436,0.15098794272427382
2010-11-17,0.0008367657623339353,-0.0004647538141297109,0.0,0.0,4.031602995704877e-06,0.0008367657623339353,-0.0004687854171254158,0.0,0.0,0.7425148668760231,0.147153509343228
2010-11-18,0.0025840966795447986,-0.0033283626771256365,0.0,0.0,4.042848288205191e-06,0.0025840966795447986,-0.0033324055254138414,0.0,0.0,0.7430781944678398,0.14756396251948947
2010-11-19,0.0008575167509389512,-0.00023116982557536118,0.0,0.0,4.137132159347947e-06,0.0008575167509389512,-0.00023530695773470913,0.0,0.0,0.7462206946941948,0.15100532381620005
2010-11-22,0.002055382511904608,0.00042013641579606825,0.0,0.0,1.242266723247041e-05,0.002055382511904608,0.00040771374856359786,0.0,0.0,0.746613661113449,0.15114245132839002
2010-11-23,-0.0013335907594211897,0.002362039098203081,8.101027618564102e-05,9.763620571132408e-06,2.815093813807325e-06,-0.0014146010356068308,0.002349460383818141,0.3949533815404495,0.04760105930030321,0.3518763491095715,0.10275092420396739
2010-11-24,-7.957659962269531e-05,-0.001993439494580927,0.0,0.0,2.7478115964984466e-06,-7.957659962269531e-05,-0.0019961873061774254,0.0,0.0,0.3502153562504724,0.1002951232721933
2010-11-26,-0.0010908035757858235,0.001744701992397131,0.0,0.0,5.616511305788868e-06,-0.0010908035757858235,0.0017390854810913421,0.0,0.0,0.35086409066609575,0.10250133133064684
2010-11-29,0.0001569436254564266,-0.00024877978483225146,0.0,0.0,8.276001612830758e-06,0.0001569436254564266,-0.0002570557864450822,0.0,0.0,0.3495466823011146,0.10069135295610754
2010-11-30,0.0010829187271056654,0.0008963203409135072,0.0,0.0,2.7657599750007446e-06,0.0010829187271056654,0.0008935545809385065,0.0,0.0,0.3497386390175043,0.10095023908752718
2010-12-01,0.0006697314791635152,-0.0024778829027362684,0.0,0.0,2.7357960255112056e-06,0.0006697314791635152,-0.0024806186987617797,0.0,0.0,0.3501295360622251,0.099856554931159
2010-12-02,0.00045291115616314585,-0.001611242589409125,0.0,0.0,2.808769593285174e-06,0.00045291115616314585,-0.00161405135900241,0.0,0.0,0.35143567791904307,0.10252009015490884
2010-12-03,0.002438025675580786,-0.00030800079822996813,0.0,0.0,2.856229709015407e-06,0.002438025675580786,-0.00031085702793898353,0.0,0.0,0.3522976560470084,0.10425238437906235
2010-12-06,0.0006525849077173158,8.317803657829272e-05,0.0,0.0,8.575762168732354e-06,0.0006525849077173158,7.460227440956037e-05,0.0,0.0,0.35398270081959815,0.10433843971957697
2010-12-07,-0.0014368638239050367,0.00017412365587744872,0.0,0.0,2.854232977624106e-06,-0.0014368638239050367,0.0001712694228998246,0.0,0.0,0.35437758688849713,0.10417950368327986
2010-12-08,-0.001327828406414914,0.0003202373209903514,3.989216849811488e-05,1.1026336059679148e-05,1.369863013690454e-06,-0.0013677205749130289,0.0003078411219169818,0.19586282456735513,0.05413717545537024,0.4495009222443658,0.049999999999701575
2010-12-09,0.0006516476979411654,0.00017098285133522828,0.0,0.0,1.3625335097288219e-06,0.0006516476979411654,0.00016962031782549944,0.0,0.0,0.4486486072784205,0.049732473105101996
2010-12-10,0.0002309119062970708,-0.00022421295323636015,0.0,0.0,1.35673480514706e-06,0.0002309119062970708,-0.0002255696880415072,0.0,0.0,0.44893156184335165,0.04952082038786769
2010-12-13,-0.000289085479061059,-0.00032029514919809605,0.0,0.0,4.088611035098506e-06,-0.000289085479061059,-0.00032438376023319457,0.0,0.0,0.4491600742385004,0.04974476759369849
2010-12-14,0.0009213812874161449,-7.480985427114538e-05,0.0,0.0,1.372487533483013e-06,0.0009213812874161449,-7.61823418046284e-05,0.0,0.0,0.4491465263372832,0.05009579497212998
2010-12-15,-0.0017648848325083784,0.000811272970839418,0.0,0.0,1.3733763422951023e-06,-0.0017648848325083784,0.0008098995944971229,0.0,0.0,0.4496878319432865,0.05012823649377123
2010-12-16,0.0010752578679845172,-0.00013889722408455118,0.0,0.0,1.3524412469859246e-06,0.0010752578679845172,-0.0001402496653315371,0.0,0.0,0.44835111580782044,0.04936410551498625
2010-12-17,0.0007300439619018846,-7.472534991495847e-05,0.0,0.0,1.3549797332205121e-06,0.0007300439619018846,-7.608032964817898e-05,0.0,0.0,0.44900654886956715,0.049456760262548694
2010-12-20,0.0007961100311556144,0.0002240524161383976,0.0,0.0,4.068420410254561e-06,0.0007961100311556144,0.00021998399572814302,0.0,0.0,0.44944267366810714,0.049499114991430504
2010-12-21,0.0005772645665259126,-0.0007185638461130485,0.0,0.0,1.3486313781038054e-06,0.0005772645665259126,-0.0007199124774911524,0.0,0.0,0.44978176313633866,0.049225045300788896
2010-12-22,0.0010027392059170823,-0.000151904165033109,4.654499827096106e-05,4.774742659361989e-06,2.005767404120138e-06,0.0009561942076461213,-0.00015868467509659112,0.22674022426560192,0.02325977573555338,0.673210510240124,0.07321051025038504
2010-12-23,-2.5910299148647993e-05,0.00012351589486112795,0.0,0.0,2.008327501739133e-06,-2.5910299148647993e-05,0.00012150756735938881,0.0,0.0,0.6736759864250175,0.07330395381347835
2010-12-27,-0.0003481553899819764,0.00021087956923557596,0.0,0.0,8.01900742327517e-06,-0.0003481553899819764,0.0002028605618123008,0.0,0.0,0.6735856831746514,0.07317344273738594
2010-12-28,0.0011402031785586078,-5.290676979552371e-05,0.0,0.0,1.99926481621192e-06,0.0011402031785586078,-5.490603461173563e-05,0.0,0.0,0.6733353599300911,0.07297316579173507
2010-12-29,0.002207766693612074,-0.00047884915328416867,0.0,0.0,1.998545301246772e-06,0.002207766693612074,-0.00048084769858541544,0.0,0.0,0.6737443502895302,0.07294690349550717
2010-12-30,-0.0006590833871156355,-0.0001774015063658832,0.0,0.0,2.0081964635126837e-06,-0.0006590833871156355,-0.00017940970282939587,0.0,0.0,0.6747868148150447,0.07329917091821295
2010-12-31,0.0010649131665808203,-0.00014456487012071194,0.0,0.0,2.0147461294631334e-06,0.0010649131665808203,-0.00014657961625017508,0.0,0.0,0.674693457229647,0.07353823372540436
2011-01-03,0.0021329633561505087,-0.000602075586340652,0.0,0.0,6.050563996592415e-06,0.0021329633561505087,-0.0006081261503372445,0.0,0.0,0.6751383681816112,0.07361519529187441
2011-01-04,-0.0018176915210185794,-0.0002948301977159419,0.0,0.0,2.0302540801157705e-06,-0.0018176915210185794,-0.0002968604517960577,0.0,0.0,0.6762401753583098,0.07410427392422562
2011-01-05,-7.278227090222749e-05,-0.00010043281910641523,0.0,0.0,2.042650911293468e-06,-7.278227090222749e-05,-0.0001024754700177087,0.0,0.0,0.6758516071865975,0.07455675826221159
2011-01-06,-0.0011159543089873075,0.0005465911805563882,4.913716744209467e-06,4.638740738113642e-06,1.4152430983879376e-06,-0.0011208680257315169,0.0005405371967198867,0.024378126402027685,0.02301390453432879,0.6516563731136905,0.051656373091159724
2011-01-07,-0.0006281528102682677,0.0004718178732307511,0.0,0.0,1.4010810881001462e-06,-0.0006281528102682677,0.00047041679214265093,0.0,0.0,0.6509181666839938,0.05113945971565533
2011-01-10,0.0007813034878267208,0.0005255125462983851,0.0,0.0,4.165120702630639e-06,0.0007813034878267208,0.0005213474255957545,0.0,0.0,0.6503926042133326,0.05067563521533944
2011-01-11,0.0002562642894355999,-0.0005355503613580433,0.0,0.0,1.3721884809572644e-06,0.0002562642894355999,-0.0005369225498390005,0.0,0.0,0.6503267589545839,0.050084879554940155
2011-01-12,0.002733051561023203,-0.0010178245148407435,0.0,0.0,1.3872504368915725e-06,0.002733051561023203,-0.001019211765277635,0.0,0.0,0.6507656660037705,0.0506346409465424
2011-01-13,-0.00018520030538452095,0.00044920892828079564,0.0,0.0,1.4127148730683883e-06,-0.00018520030538452095,0.00044779621340772723,0.0,0.0,0.6523806416591441,0.05156409286699617
2011-01-14,0.0008168484326005981,-0.00014969889433823222,0.0,0.0,1.400040134332543e-06,0.0008168484326005981,-0.00015109893447256477,0.0,0.0,0.6520242224610096,0.05110146490313782
2011-01-18,0.001247262231921007,7.479396892931174e-05,0.0,0.0,5.612829157419183e-06,0.001247262231921007,6.918113977189256e-05,0.0,0.0,0.6524067314395788,0.051217066061450045
2011-01-19,-0.0019643334106354896,0.0003948538298126659,0.0,0.0,1.3993160192227066e-06,-0.0019643334106354896,0.00039345451379344323,0.0,0.0,0.6527946265123508,0.05107503470162879
2011-01-20,-0.002581569141222129,0.0005558060305060861,0.0,0.0,1.390682700183075e-06,-0.002581569141222129,0.000554415347805903,0.0,0.0,0.6518542772296315,0.050759918556682236
2011-01-21,0.0011611973332006998,8.882457084361614e-05,4.086705237674028e-05,1.0216763094673627e-05,2.7481120742918642e-06,0.0011203302808239595,7.585969567465065e-05,0.20000000000189466,0.05000000000286463,0.7003060906763646,0.10030609071165304
2011-01-24,0.0032924013546605877,-0.0006361562975378993,0.0,0.0,8.22719428587774e-06,0.0032924013546605877,-0.000644383491823777,0.0,0.0,0.7006292023804357,0.10009753047817917
2011-01-25,0.0008418536946891682,0.00035497688037372185,0.0,0.0,2.7525382644587245e-06,0.0008418536946891682,0.0003522243421092631,0.0,0.0,0.7020625296158451,0.10046764665274344
2011-01-26,0.0017203540562644387,-0.0008145046956603354,0.0,0.0,2.7395416439679255e-06,0.0017203540562644387,-0.0008172442373043033,0.0,0.0,0.7020660616459414,0.09999327000482927
2011-01-27,-0.0010962356010912246,0.0002366484068135897,0.0,0.0,2.759364831635761e-06,-0.0010962356010912246,0.00023388904198195395,0.0,0.0,0.703151392775175,0.10071681635470527
2011-01-28,-0.008326231700852864,0.001475030271602733,0.0,0.0,2.7552573002932367e-06,-0.008326231700852864,0.0014722750143024398,0.0,0.0,0.70266109455119,0.10056689146070313
2011-01-31,0.00214768021604786,-0.00024274546387138433,0.0,0.0,8.200744080817854e-06,0.00214768021604786,-0.00025094620795220216,0.0,0.0,0.699126646604578,0.09977571964995055
2011-02-01,0.0071490387057230095,-0.0014392717614963829,0.0,0.0,2.7350442694471208e-06,0.0071490387057230095,-0.00144200680576583,0.0,0.0,0.6999467140841675,0.09982911583481992
2011-02-02,-0.0013291395141182868,0.0005312793664443241,0.0,0.0,2.758732199833925e-06,-0.0013291395141182868,0.0005285206342444901,0.0,0.0,0.7030832343431689,0.10069372529393826
2011-02-03,0.0025077005133990406,0.00013055978099802686,0.0,0.0,2.7463754007503206e-06,0.0025077005133990406,0.00012781340559727655,0.0,0.0,0.7023163825845927,0.10024270212738669
2011-02-04,0.0016497427409251297,0.00013208143035394008,1.5056602349248569e-06,8.296319329845145e-08,2.7242637873718665e-06,0.0016482370806902048,0.00012927420337326977,0.0075018904948027975,0.00041336071497910103,0.6994356282237622,0.09943562823907312
2011-02-07,0.0021878308836871282,-9.396012192705637e-05,0.0,0.0,8.14745316420555e-06,0.0021878308836871282,-0.00010210757509126193,0.0,0.0,0.6998413949880414,0.09912734683116751
2011-02-08,0.0038288566511335783,-1.011348717865662e-06,0.0,0.0,2.712733958869626e-06,0.0038288566511335783,-3.724082676735288e-06,0.0,0.0,0.7005680347923051,0.09901478949874135
2011-02-09,-9.81373830678057e-05,0.0009879408018038742,0.0,0.0,2.702424534951238e-06,-9.81373830678057e-05,0.000985238377268923,0.0,0.0,0.7017127471605733,0.0986384955257202
2011-02-10,-0.0007865438807694791,0.00025230932008794805,0.0,0.0,2.672986454727465e-06,-0.0007865438807694791,0.00024963633363322057,0.0,0.0,0.7009927584045971,0.09756400559755249
2011-02-11,0.003096112939802266,-0.0013786463877374171,0.0,0.0,2.667506074759037e-06,0.003096112939802266,-0.001381313893812176,0.0,0.0,0.7005823624816345,0.09736397172870484
2011-02-14,-0.00023651086433381922,0.0007636298699499614,0.0,0.0,8.101938429719001e-06,-0.00023651086433381922,0.0007555279315202424,0.0,0.0,0.7024738738926528,0.09857358422824783
2011-02-15,-0.0009247183318293745,-2.452348189486905e-05,0.0,0.0,2.67833467553143e-06,-0.0009247183318293745,-2.720181657040048e-05,0.0,0.0,0.70187307892136,0.09775921565689717
2011-02-16,0.0027405218072319437,-0.0002998279771158231,0.0,0.0,2.6815591819621633e-06,0.0027405218072319437,-0.0003025095362977853,0.0,0.0,0.7016162432279038,0.09787691014161896
2011-02-17,0.0020137570609471073,-0.00046332688091508276,0.0,0.0,2.683231894803332e-06,0.0020137570609471073,-0.0004660101128098861,0.0,0.0,0.702643711045512,0.09793796416032162
2011-02-18,0.0015557501091112492,-0.0004941709874188004,4.0152837873524676e-05,1.0481455462164364e-05,4.109589040986903e-06,0.0015155972712377246,-0.0005087620319219517,0.19824922617487045,0.0517507739080772,0.7500000000925511,0.14999999999602195
2011-02-22,-0.012422183205074586,0.002075509850671701,0.0,0.0,1.6475923348368848e-05,-0.012422183205074586,0.0020590339273233323,0.0,0.0,0.750799818486738,0.15034280055386573
2011-02-23,-0.0048708161912211344,-0.00032642374450727885,0.0,0.0,4.104654702932275e-06,-0.0048708161912211344,-0.00033052839921021113,0.0,0.0,0.7461096812864101,0.14981989665702805
2011-02-24,0.002084837703012785,-0.0006388536483155974,0.0,0.0,4.13510593008043e-06,0.002084837703012785,-0.0006429887542456778,0.0,0.0,0.7451144621722607,0.1509313664479357
2011-02-25,0.006036928227004992,-0.0007564973969474602,0.0,0.0,4.146629955717731e-06,0.006036928227004992,-0.0007606440269031779,0.0,0.0,0.7461235024875615,0.1513519933836972
2011-02-28,0.0031550334097491728,-0.0005879311544917233,0.0,0.0,1.2436449493427916e-05,0.0031550334097491728,-0.0006003676039851513,0.0,0.0,0.7482126481408643,0.15131013550337297
2011-03-01,-0.009038262560199357,0.00070890959057031,0.0,0.0,4.150986484107621e-06,-0.009038262560199357,0.0007047586040862024,0.0,0.0,0.749453079395657,0.15151100666992814
2011-03-02,0.0017034436593155312,-0.0004183021675998745,0.0,0.0,4.166284048141529e-06,0.0017034436593155312,-0.00042246845164801603,0.0,0.0,0.7466369185499739,0.1520693677571658
2011-03-03,0.009208539550069618,-0.0011125870614147515,0.0,0.0,4.1723996410038234e-06,0.009208539550069618,-0.0011167594610557554,0.0,0.0,0.747382983137258,0.15229258689663955
2011-03-04,-0.004057735039694658,0.0002778409334553958,0.0,0.0,4.169145668395139e-06,-0.004057735039694658,0.00027367178778700063,0.0,0.0,0.7505184920965442,0.15217381689642256
2011-03-07,-0.004880746584225547,0.0013433490445265359,3.2571963809620714e-06,5.040515467431132e-07,1.2325882344479891e-05,-0.00488400378060651,0.0013305191106353128,0.016207039409467012,0.002508041372702104,0.7499649018325495,0.14996490185783867
2011-03-08,0.0043352956753634365,-0.0010443458636149891,0.0,0.0,4.086344125956089e-06,0.0043352956753634365,-0.0010484322077409453,0.0,0.0,0.7477412422899062,0.14915156059739726
2011-03-09,-0.0008516381120369785,-0.0003160405042630792,0.0,0.0,4.1014753519000814e-06,-0.0008516381120369785,-0.00032014197961497933,0.0,0.0,0.7496126634867878,0.14970385034435296
2011-03-10,-0.008980956414960144,0.001392843297534769,0.0,0.0,4.114955819159414e-06,-0.008980956414960144,0.0013887283417156095,0.0,0.0,0.7496394379440507,0.15019588739931858
2011-03-11,0.004547217313637215,-0.0003739950456777602,0.0,0.0,4.107984483939413e-06,0.004547217313637215,-0.0003781030301616996,0.0,0.0,0.7463247492420432,0.14994143366378856
2011-03-14,-0.004093093385496417,-0.000188587226941151,0.0,0.0,1.230339849623512e-05,-0.004093093385496417,-0.0002008906254373861,0.0,0.0,0.7477544926199657,0.14969134837086068
2011-03-15,-0.005351108779502017,0.0005957024506880213,0.0,0.0,4.124008029960842e-06,-0.005351108779502017,0.0005915784426580605,0.0,0.0,0.7468684403757135,0.15052629309357077
2011-03-16,-0.009739740576517353,0.0006396474277731263,0.0,0.0,4.127331574713564e-06,-0.009739740576517353,0.0006355200961984127,0.0,0.0,0.7450634838504727,0.15064760247704506
2011-03-17,0.0074315322259179495,-0.0004666741588465472,0.0,0.0,4.14756735531101e-06,0.0074315322259179495,-0.0004708217262018582,0.0,0.0,0.742079801399891,0.1513862084688519
2011-03-18,-0.0003024798220588637,-6.632206695726996e-05,0.0,0.0,4.131594118145327e-06,-0.0003024798220588637,-7.045366107541529e-05,0.0,0.0,0.7443302661271216,0.1508031853123044
2011-03-21,0.009005792658618072,-0.0009423350593168615,2.4125327863017443e-05,2.1210291886293322e-05,4.026638244582788e-06,0.008981667330755054,-0.0009675719894477377,0.11594446548730333,0.10193502735172291,0.648990765310855,0.04899076530909059
2011-03-22,-0.002020302849740053,-0.00015044450754809195,0.0,0.0,1.3571537872359316e-06,-0.002020302849740053,-0.00015180166133532788,0.0,0.0,0.6527652351395734,0.049536113234111494
2011-03-23,0.0022700996976301106,-0.0006568811693465146,0.0,0.0,1.3642388238695273e-06,0.0022700996976301106,-0.0006582454081703841,0.0,0.0,0.652161495215541,0.04979471707123775
2011-03-24,0.006580697463941447,-0.0005805936838964302,0.0,0.0,1.3800111912770231e-06,0.006580697463941447,-0.0005819736950877072,0.0,0.0,0.6533784440654636,0.05037040848161134
2011-03-25,0.0008280647444496782,5.344316391649461e-05,0.0,0.0,1.3875940739949641e-06,0.0008280647444496782,5.2055569842499646e-05,0.0,0.0,0.6560238357529393,0.05064718370081619
2011-03-28,-0.0020809136499523855,0.0002562754999553003,0.0,0.0,4.154732968283993e-06,-0.0020809136499523855,0.0002521207669870163,0.0,0.0,0.6562743001540756,0.0505492511141219
2011-03-29,0.0035914840955859288,-0.0005776749035924429,0.0,0.0,1.3804142345816265e-06,0.0035914840955859288,-0.0005790553178270244,0.0,0.0,0.6553919626609904,0.050385119562229366
2011-03-30,0.0030117770107730697,-0.0006505850509579849,0.0,0.0,1.3920475003191221e-06,0.0030117770107730697,-0.000651977098458304,0.0,0.0,0.6570042681919643,0.050809733761647956
2011-03-31,-0.0003722931539671111,-0.00044688988546872217,0.0,0.0,1.4065525656694406e-06,-0.0003722931539671111,-0.00044829643803439163,0.0,0.0,0.6584622061464106,0.05133916864693459
2011-04-01,0.001565164438119314,-0.0008306142959775978,0.0,0.0,1.4199613296635999e-06,0.001565164438119314,-0.0008320342573072614,0.0,0.0,0.6586303782257914,0.05182858853272139
2011-04-04,0.000722694159322326,-3.2820151793838644e-07,1.2351602937787116e-05,1.1038984483624664e-05,1.1271853391181431e-07,0.0007103425563845389,-1.1479904535474865e-05,0.06041209364614941,0.053992033887595284,0.6013714088295673,0.0013714088292604075
2011-04-05,-0.00036936619409821785,1.4732773827456116e-06,0.0,0.0,3.755559026027965e-08,-0.00036936619409821785,1.435721792485332e-06,0.0,0.0,0.6016736157702248,0.001370779044500207
2011-04-06,0.0013762535858052524,-7.570581532204431e-15,0.0,0.0,3.752903457178398e-08,0.0013762535858052524,-3.752904214236551e-08,0.0,0.0,0.6015255691628928,0.0013698097618701154
2011-04-07,-0.0008282578823328283,-9.818252744053811e-07,0.0,0.0,3.747745749322256e-08,-0.0008282578823328283,-1.0193027318986037e-06,0.0,0.0,0.6020732398886157,0.0013679271985026235
2011-04-08,-0.002667985945702344,4.913200560210233e-07,0.0,0.0,3.753548413643371e-08,-0.002667985945702344,4.5378457188458964e-07,0.0,0.0,0.6017439945722315,0.0013700451709798304
2011-04-11,-0.00018993230032881365,1.643166386774682e-07,0.0,0.0,1.1286714668265424e-07,-0.00018993230032881365,5.144949199481397e-08,0.0,0.0,0.6006783374100648,0.0013732169513056267
2011-04-12,-0.0023177759705547197,-2.297080688144143e-06,0.0,0.0,3.7625024673532e-08,-0.0023177759705547197,-2.3347057128176746e-06,0.0,0.0,0.6006024480135796,0.001373313400583918
2011-04-13,0.0017318161175830093,-6.579706601574683e-07,0.0,0.0,3.777560196844482e-08,0.0017318161175830093,-6.957462621259131e-07,0.0,0.0,0.5996759867020737,0.001378809471848236
2011-04-14,-0.0002469532639387482,1.3130352944325785e-06,0.0,0.0,3.7728316304942674e-08,-0.0002469532639387482,1.2753069781276358e-06,0.0,0.0,0.6003684926916589,0.0013770835451304075
2011-04-15,0.0013221328017910894,-2.6273480005597277e-06,0.0,0.0,3.7701605188569054e-08,0.0013221328017910894,-2.6650496057482966e-06,0.0,0.0,0.6002690122922869,0.0013761085893827705
2011-04-18,-0.003631973208614074,-3.271178383461249e-07,4.150442456871179e-05,6.241576785899552e-17,1.1317143594120071e-07,-0.003673477633182786,-4.402892743497414e-07,0.19942149182858704,2.998968343594599e-13,0.6013769191364028,0.0013769191372846087
2011-04-19,0.0024489657162716522,-3.2990789682461983e-07,0.0,0.0,3.787191241072114e-08,0.0024489657162716522,-3.67779809235341e-07,0.0,0.0,0.5999491097145311,0.0013823248029913218
2011-04-20,0.006301708538011311,1.6384002405643801e-07,0.0,0.0,3.778842233029676e-08,0.006301708538011311,1.2605160172614126e-07,0.0,0.0,0.600926647681325,0.0013792774150558319
2011-04-21,0.002496804515306686,3.257850235482319e-07,0.0,0.0,3.754731658411744e-08,0.002496804515306686,2.882377069641145e-07,0.0,0.0,0.603425667475777,0.001370477055320287
2011-04-25,-0.0005470598314701289,-1.6115556761750233e-07,0.0,0.0,1.4977955043818692e-07,-0.0005470598314701289,-3.109351180556892e-07,0.0,0.0,0.6044131961790792,0.0013667383977484554
2011-04-26,0.0038973416854781277,-1.304210210882696e-06,0.0,0.0,3.746981271068469e-08,0.0038973416854781277,-1.3416800235933805e-06,0.0,0.0,0.604196856043872,0.0013676481639399913
2011-04-27,0.0024718677724949204,-4.857564992964395e-07,0.0,0.0,3.7359989976133426e-08,0.0024718677724949204,-5.23116489272573e-07,0.0,0.0,0.6057342570605384,0.00136363963412887
2011-04-28,0.0021331585334483567,-5.22794341665138e-15,0.0,0.0,3.728116376852541e-08,0.0021331585334483567,-3.7281168996468825e-08,0.0,0.0,0.6067067433650555,0.0013607624775511776
2011-04-29,0.0014706097889190836,-6.466714303335933e-07,0.0,0.0,3.7201807801823364e-08,0.0014706097889190836,-6.838732381354167e-07,0.0,0.0,0.6075439370147641,0.0013578659847665526
2011-05-02,-7.310495882715957e-05,2.258942534072786e-07,0.0,0.0,1.1149468555417905e-07,-7.310495882715957e-05,1.1439956785309955e-07,0.0,0.0,0.6081206544937819,0.0013565186742425118
2011-05-03,-0.0014769210492207117,8.289155503925631e-14,4.1375161444781496e-05,2.827063459082474e-07,5.189253454043222e-16,-0.0015182962106654932,-2.827062635356177e-07,0.19851315889075663,0.0013563918013856464,0.5999999999808596,1.894077510725776e-11
2011-05-04,-0.0036286278331512443,9.728108125150425e-14,0.0,0.0,5.174401175496815e-16,-0.0036286278331512443,9.676364113395457e-14,0.0,0.0,0.5994333658030512,1.8886564290563378e-11
2011-05-05,-0.005402448861426263,1.1862722972177916e-13,0.0,0.0,5.166496116075164e-16,-0.005402448861426263,1.1811058011017164e-13,0.0,0.0,0.5979745651203545,1.885771082367435e-11
2011-05-06,0.0032859511343824787,-3.271499601769494e-14,0.0,0.0,5.161882310402526e-16,0.0032859511343824787,-3.32311842487352e-14,0.0,0.0,0.5957908458355905,1.8840870432969217e-11
2011-05-09,0.0027559441439856413,-9.10541656869751e-14,0.0,0.0,1.5461729481501603e-15,0.0027559441439856413,-9.260033863512526e-14,0.0,0.0,0.5971147072204454,1.8811770869160282e-11
2011-05-10,0.004233543662014925,-1.1068025784920893e-13,0.0,0.0,5.1646227620741995e-16,0.004233543662014925,-1.1119672012541634e-13,0.0,0.0,0.5982219849881547,1.8850873081570828e-11
2011-05-11,-0.0044392694898697255,1.9654151913622222e-13,0.0,0.0,5.173045805108099e-16,-0.0044392694898697255,1.960242145557114e-13,0.0,0.0,0.5999157590905955,1.888161718864456e-11
2011-05-12,0.00337812478696338,-6.562698173219972e-14,0.0,0.0,5.142025651152207e-16,0.00337812478696338,-6.614118429731493e-14,0.0,0.0,0.5981317576633254,1.8768393626705555e-11
2011-05-13,-0.004125535634683259,1.425078560091139e-13,0.0,0.0,5.142633189499961e-16,-0.004125535634683259,1.419935926901639e-13,0.0,0.0,0.599484748163152,1.8770611141674856e-11
2011-05-16,-0.0028635676689659924,3.324501958399561e-14,0.0,0.0,1.5374196619842456e-15,-0.0028635676689659924,3.170759992201137e-14,0.0,0.0,0.5978255631926598,1.8705272554141657e-11
2011-05-17,-0.0011048480055009472,1.5792378939689548e-14,2.131066094127905e-06,1.5232971430051128e-15,3.052998417297536e-16,-0.001106979071595075,1.396378195495468e-14,0.010607373015722859,7.582205476481273e-12,0.6000000000125324,1.1143444223136003e-11
2011-05-18,0.004183463201433355,-9.820271843176334e-14,0.0,0.0,3.0520502939367775e-16,0.004183463201433355,-9.850792346115702e-14,0.0,0.0,0.5995588511073885,1.1139983572869237e-11
2011-05-19,0.0017484437349117783,-1.8026522312312593e-14,0.0,0.0,3.0661281141654545e-16,0.0017484437349117783,-1.8333135123729138e-14,0.0,0.0,0.6012271028484103,1.1191367616703908e-11
2011-05-20,-0.002008462250132709,8.646993164342723e-14,0.0,0.0,3.065706671778413e-16,-0.002008462250132709,8.61633609762494e-14,0.0,0.0,0.601923117878979,1.1189829351991207e-11
2011-05-23,-0.00460717648792761,1.3563333493490795e-13,0.0,0.0,9.144415051070844e-16,-0.00460717648792761,1.3471889342980088e-13,0.0,0.0,0.6011219864462969,1.112570497880286e-11
2011-05-24,-0.0010801799839033573,-1.8909858157771306e-14,0.0,0.0,3.0249148491370817e-16,-0.0010801799839033573,-1.9212349642685015e-14,0.0,0.0,0.599275779238179,1.1040939199350352e-11
2011-05-25,0.000542162480783838,-5.1495701990025945e-14,0.0,0.0,3.033372220149999e-16,0.000542162480783838,-5.1799039212040946e-14,0.0,0.0,0.598842456889731,1.1071808603547496e-11
2011-05-26,0.0016885395266620197,-8.053172445851066e-14,0.0,0.0,3.045829297286412e-16,0.0016885395266620197,-8.083630738823931e-14,0.0,0.0,0.5990598316061043,1.1117276935095407e-11
2011-05-27,0.002846057961288936,-8.589615226835166e-14,0.0,0.0,3.0627212575371775e-16,0.002846057961288936,-8.620242439410539e-14,0.0,0.0,0.599735693708438,1.1178932590010697e-11
2011-05-31,0.003990876627843658,-1.113370505924943e-13,0.0,0.0,1.2309982874994218e-15,0.003990876627843658,-1.1256804887999372e-13,0.0,0.0,0.6008716361659561,1.1232859373432223e-11
2011-06-01,-0.009459965207924028,0.00041535562888039433,2.5376506002949707e-05,2.5880501081565417e-05,3.4583311853233984e-06,-0.009485341713926978,0.00038601679661350556,0.1237709117871128,0.1262290882756031,0.7262290883249821,0.12622908826430404
2011-06-02,-0.0011988501666452068,-0.00020770376853303327,0.0,0.0,3.478604531947735e-06,-0.0011988501666452068,-0.000211182373064981,0.0,0.0,0.7233511300789525,0.12696906541609232
2011-06-03,-0.004927204486040608,-0.00047175099533160696,0.0,0.0,3.489214952775575e-06,-0.004927204486040608,-0.00047524021028438255,0.0,0.0,0.7231719759301751,0.1273563457763085
2011-06-06,-0.003267870070499547,0.0012707037207179079,0.0,0.0,1.0563487570135518e-05,-0.003267870070499547,0.0012601402331477724,0.0,0.0,0.7221461259522571,0.12852243210331546
2011-06-07,-0.00030852279535239705,-0.0002938482315689836,0.0,0.0,3.4933624508361204e-06,-0.00030852279535239705,-0.0002973415940198197,0.0,0.0,0.7203244728184096,0.1275077294555184
2011-06-08,-0.002770152908939707,3.385280351472862e-05,0.0,0.0,3.5035357548682294e-06,-0.002770152908939707,3.034926775986039e-05,0.0,0.0,0.7204524465046307,0.12787905505269037
2011-06-09,0.0034325748657697158,5.039981950226386e-05,0.0,0.0,3.5122311043677446e-06,0.0034325748657697158,4.688758839789612e-05,0.0,0.0,0.7196540042569438,0.12819643530942268
2011-06-10,-0.007910659125611784,0.0005826463352738627,0.0,0.0,3.498676772924421e-06,-0.007910659125611784,0.0005791476585009384,0.0,0.0,0.7205793503279987,0.12770170221174137
2011-06-13,-0.0008682973579337785,0.0003475938184719304,0.0,0.0,1.052530799514905e-05,-0.0008682973579337785,0.00033706851047678133,0.0,0.0,0.7179322195022763,0.1280579139409801
2011-06-14,0.007142027020262832,9.997022257554784e-05,0.0,0.0,3.5007725914576864e-06,0.007142027020262832,9.646944998409015e-05,0.0,0.0,0.7174450496511823,0.12777819958820555
2011-06-15,-0.007792522937212431,-0.00015770916221300542,1.6552957215345172e-05,3.4152198570338145e-05,5.389486489766166e-06,-0.007809075894427776,-0.00019725084727310971,0.08161377753014752,0.168386222475165,0.7967162568822137,0.1967162568764651
2011-06-16,-0.0015011249147561505,-0.00034491777383715183,0.0,0.0,5.437340412680683e-06,-0.0015011249147561505,-0.0003503551142498325,0.0,0.0,0.7952910943007377,0.1984629250628449
2011-06-17,0.003675650875541339,0.0004307984086664062,0.0,0.0,5.456893544120971e-06,0.003675650875541339,0.00042534151512228525,0.0,0.0,0.795262381803711,0.19917661436041542
2011-06-20,0.004565370117530836,-0.00023652500302196152,0.0,0.0,1.6268555322395138e-05,0.004565370117530836,-0.00025279355834435666,0.0,0.0,0.7956749756586349,0.1979340897558075
2011-06-21,0.007561501648560663,-0.0011254809267938466,0.0,0.0,5.406018044503542e-06,0.007561501648560663,-0.0011308869448383501,0.0,0.0,0.7968040672335499,0.1973196586243793
2011-06-22,-0.0037014099517455354,0.00022358813095002604,0.0,0.0,5.402114223233195e-06,-0.0037014099517455354,0.00021818601672679284,0.0,0.0,0.7992260540672278,0.19717716914801162
2011-06-23,-0.0017747967993025817,-0.00023960254624276624,0.0,0.0,5.414849654937994e-06,-0.0017747967993025817,-0.00024501739589770426,0.0,0.0,0.7983053203146551,0.19764201240523677
2011-06-24,-0.007450787900236851,0.0009397249093707554,0.0,0.0,5.432386519665949e-06,-0.007450787900236851,0.0009342925228510894,0.0,0.0,0.7981426233157202,0.19828210796780715
2011-06-27,0.004007458524498055,0.0007106943899117528,0.0,0.0,1.6326312233412742e-05,0.004007458524498055,0.0006943680776783401,0.0,0.0,0.795878171843262,0.19863679883985502
2011-06-28,0.00737478970245638,-0.0006573085811493915,0.0,0.0,5.3972560366168595e-06,0.00737478970245638,-0.0006627058371860084,0.0,0.0,0.7961423072882343,0.19699984533651538
2011-06-29,0.0022827102445061027,-9.550090740233928e-05,5.1557811466284285e-05,4.216292277644826e-16,5.379159123787816e-06,0.0022311524330398185,-0.00010088006652654872,0.25000000000575573,2.0444488225121327e-12,0.7498600744452154,0.19633930801825533
2011-06-30,0.003682838270841186,-0.0006429301760630235,0.0,0.0,5.370335310094314e-06,0.003682838270841186,-0.0006483005113731179,0.0,0.0,0.750543921713441,0.19601723881844244
2011-07-01,0.006218079703798344,-0.00038979388881463885,0.0,0.0,5.371649362644338e-06,0.006218079703798344,-0.0003951655381772832,0.0,0.0,0.7519449546264267,0.1960652017365183
2011-07-05,0.00164019137052482,-0.0009265609786981532,0.0,0.0,2.1404676992209105e-05,0.00164019137052482,-0.0009479656556903623,0.0,0.0,0.7537738737630153,0.19531767755390808
2011-07-06,0.00164525530289272,-0.00037000052645218707,0.0,0.0,5.37283526561295e-06,0.00164525530289272,-0.0003753733617178,0.0,0.0,0.7548915098185336,0.19610848719487267
2011-07-07,0.004215140478566447,-0.0006292126358514769,0.0,0.0,5.37614519663932e-06,0.004215140478566447,-0.0006345887810481162,0.0,0.0,0.7555772711895805,0.19622929967733524
2011-07-08,-0.0020106085984654943,-0.0009067113354978067,0.0,0.0,5.374141507494056e-06,-0.0020106085984654943,-0.0009120854770053007,0.0,0.0,0.7570816417107594,0.196156165023533
2011-07-11,-0.00603976328318855,0.00029229903583894817,0.0,0.0,1.6244426230140405e-05,-0.00603976328318855,0.00027605460960880774,0.0,0.0,0.7572843435767125,0.19764051913337488
2011-07-12,-0.0019161340849334785,-1.527833268085103e-05,0.0,0.0,5.438144430841645e-06,-0.0019161340849334785,-2.0716477111692672e-05,0.0,0.0,0.7555996364720113,0.19849227172572007
2011-07-13,0.0031288994762918277,-0.0008166237298539428,0.0,0.0,5.449117140895648e-06,0.0031288994762918277,-0.0008220728469948385,0.0,0.0,0.7551461075499122,0.1988927756426912
2011-07-14,-0.0022127706729481353,0.0013534897708884224,4.146267797465136e-05,9.204089173370938e-06,4.214655920021373e-06,-0.0022542333509227865,0.00134007102579503,0.204585176434558,0.04541482363017417,0.7538349411429947,0.1538349410807801
2011-07-15,0.0006947199176852273,-0.0016375220156408287,0.0,0.0,4.181396483621932e-06,0.0006947199176852273,-0.0016417034121244507,0.0,0.0,0.7523099038409583,0.1526209716522005
2011-07-18,-0.0021665922740811178,0.0006842326988067852,0.0,0.0,1.2690798277966903e-05,-0.0021665922740811178,0.0006715419005288183,0.0,0.0,0.7537183826264464,0.15440471238193065
2011-07-19,0.004344881247408436,-0.0021562569026909776,0.0,0.0,4.2178258534362204e-06,0.004344881247408436,-0.002160474728544414,0.0,0.0,0.7526770805027352,0.15395064365042205
2011-07-20,0.00016454553788977172,0.0009882954689305347,0.0,0.0,4.267579257067886e-06,0.00016454553788977172,0.0009840278896734668,0.0,0.0,0.755371922398689,0.15576664288297787
2011-07-21,0.0035513295604596875,-0.00033825526822533206,0.0,0.0,4.235637727934919e-06,0.0035513295604596875,-0.000342490905953267,0.0,0.0,0.754669674401973,0.15460077706962455
2011-07-22,0.0016230075228186407,-0.0008359847617620645,0.0,0.0,4.231327348800828e-06,0.0016230075228186407,-0.0008402160891108652,0.0,0.0,0.7557957772574563,0.15444344823123024
2011-07-25,-0.00218594822761542,0.0009183151507627207,0.0,0.0,1.2752710410246e-05,-0.00218594822761542,0.0009055624403524747,0.0,0.0,0.7568263475985703,0.155157976657993
2011-07-26,-0.0016015716160822364,-0.00030633080878406056,0.0,0.0,4.2311616701490925e-06,-0.0016015716160822364,-0.00031056197045420966,0.0,0.0,0.755607868947099,0.15443740096044187
2011-07-27,-0.006833285289831669,0.0010708624588936665,0.0,0.0,4.247676419794313e-06,-0.006833285289831669,0.0010666147824738722,0.0,0.0,0.7554508202173308,0.15504018932249242
2011-07-28,0.0003402998534401036,2.7678238645424794e-05,3.957600717703288e-05,1.0851173992105662e-05,2.768934577761051e-06,0.0003007238462630707,1.4058130075558079e-05,0.1962037449896905,0.05379625502042577,0.7010661121008385,0.10106611208827834
2011-07-29,0.0014342801759838085,-0.00046659243271777724,0.0,0.0,2.767305172061763e-06,0.0014342801759838085,-0.000469359737889839,0.0,0.0,0.7011856913365794,0.10100663878025436
2011-08-01,-0.0013950984325604842,-0.0004359933954289741,0.0,0.0,8.33222564432937e-06,-0.0013950984325604842,-0.0004443256210733035,0.0,0.0,0.7019426527006026,0.10137541200600735
2011-08-02,-0.0015725478382278219,-0.00011175093369144109,0.0,0.0,2.794493831814061e-06,-0.0015725478382278219,-0.00011454542752325516,0.0,0.0,0.7018385329473125,0.10199902486121323
2011-08-03,0.0010907500939977258,0.0001769691012145373,0.0,0.0,2.802283214369956e-06,0.0010907500939977258,0.00017416681800016737,0.0,0.0,0.701449395660769,0.1022833373245034
2011-08-04,-0.008359828346484115,0.0015021005153717589,0.0,0.0,2.793900693605746e-06,-0.008359828346484115,0.0014993066146781532,0.0,0.0,0.7016526134976062,0.10197737531660972
2011-08-05,-0.0006120815582609338,0.0020298030005385394,0.0,0.0,2.77176299509168e-06,-0.0006120815582609338,0.002027031237543448,0.0,0.0,0.6980819918266311,0.10116934932084631
2011-08-08,-0.009145060966685017,0.002203577470642871,0.0,0.0,8.136942497765549e-06,-0.009145060966685017,0.0021954405281451052,0.0,0.0,0.6964844198618614,0.09899946705614751
2011-08-09,0.009257758334045258,-0.0023106040498155097,0.0,0.0,2.6705011497965552e-06,0.009257758334045258,-0.0023132745509653065,0.0,0.0,0.6921495354532883,0.09747329196757426
2011-08-10,-0.0003009748622285153,-0.00012416574331756058,0.0,0.0,2.7149514341332582e-06,-0.0003009748622285153,-0.00012688069475169384,0.0,0.0,0.6965699748929096,0.09909572734586392
2011-08-11,-0.0018870566484190667,-5.6186513111977185e-14,9.674382079585528e-05,2.0280034047348995e-05,6.852063702109855e-17,-0.001983800469214922,-2.028003410360403e-05,0.47352091420595227,0.09926236304530933,0.22304631588964696,2.5010032512700973e-12
2011-08-12,0.00041582318452163333,-1.6898465370808684e-15,0.0,0.0,7.020068136155073e-17,0.00041582318452163333,-1.7600472184424192e-15,0.0,0.0,0.2216033702349855,2.5623248696966017e-12
2011-08-15,0.0008623084776189985,-3.141160252459273e-14,0.0,0.0,2.106533410377505e-16,0.0008623084776189985,-3.162225586563048e-14,0.0,0.0,0.22192691106461757,2.5629489826259646e-12
2011-08-16,0.0009035947106843451,-5.668989975926927e-15,0.0,0.0,7.101713351961776e-17,0.0009035947106843451,-5.740007109446545e-15,0.0,0.0,0.22259727202747942,2.5921253734660484e-12
2011-08-17,0.00038928670913067955,-8.410144878222925e-16,0.0,0.0,7.110819532429784e-17,0.00038928670913067955,-9.121226831465903e-16,0.0,0.0,0.22329909485715155,2.595449129336871e-12
2011-08-18,0.00134604632876202,3.419597721798801e-14,0.0,0.0,7.110355714734559e-17,0.00134604632876202,3.412487366084067e-14,0.0,0.0,0.22360133653782438,2.595279835878114e-12
2011-08-19,0.00040890825716474147,-2.4620168309940466e-14,0.0,0.0,7.00723604156939e-17,0.00040890825716474147,-2.469024067035616e-14,0.0,0.0,0.22464500028866544,2.557641155172827e-12
2011-08-22,0.0014600786942191692,-1.8704763323603696e-14,0.0,0.0,2.121539052409735e-16,0.0014600786942191692,-1.891691722884467e-14,0.0,0.0,0.2249619197592985,2.581205847098511e-12
2011-08-23,-0.0021038788432169186,-2.5422613256705152e-14,0.0,0.0,7.112657728271578e-17,-0.0021038788432169186,-2.549373983398787e-14,0.0,0.0,0.22609188650709713,2.596120070819126e-12
2011-08-24,-0.0017784434547106517,1.428785061188564e-14,0.0,0.0,7.197451288987595e-17,-0.0017784434547106517,1.4215876098995767e-14,0.0,0.0,0.2244602448241146,2.6270697204804724e-12
2011-08-25,0.0001225017429609275,0.0,3.596904549841448e-05,5.315782314090021e-16,0.0,8.653269746251301e-05,-5.315782314090021e-16,0.17710790055429831,2.617436833272802e-12,0.3000000000071383,0.0
2011-08-26,0.0009829653391858378,0.0,0.0,0.0,0.0,0.0009829653391858378,0.0,0.0,0.0,0.30009653358754884,0.0
2011-08-29,1.2231013373619658e-05,0.0,0.0,0.0,0.0,1.2231013373619658e-05,0.0,0.0,0.0,0.30078383883856913,0.0
2011-08-30,-0.0003748564013036463,0.0,0.0,0.0,0.0,-0.0003748564013036463,0.0,0.0,0.0,0.30079239085618753,0.0
2011-08-31,0.00012233692536710755,0.0,0.0,0.0,0.0,0.00012233692536710755,0.0,0.0,0.0,0.3005301901204355,0.0
2011-09-01,-0.0010460389076268183,0.0,0.0,0.0,0.0,-0.0010460389076268183,0.0,0.0,0.0,0.30061575063915247,0.0
2011-09-02,-0.0012024260649981591,0.0,0.0,0.0,0.0,-0.0012024260649981591,0.0,0.0,0.0,0.29988340143718045,0.0
2011-09-06,-0.0009636673175497608,0.0,0.0,0.0,0.0,-0.0009636673175497608,0.0,0.0,0.0,0.29904054952342063,0.0
2011-09-07,0.0006261554610802566,0.0,0.0,0.0,0.0,0.0006261554610802566,0.0,0.0,0.0,0.2983644062328776,0.0
2011-09-08,-0.0011290853515507522,0.0,0.0,0.0,0.0,-0.0011290853515507522,0.0,0.0,0.0,0.29880346427301363,0.0
2011-09-09,-0.00010270322075941029,0.0,4.132119565377313e-05,0.0,0.0,-0.00014402441641318342,0.0,0.19801085860654577,0.0,0.30000000000424343,0.0
2011-09-12,0.00046143366345386734,0.0,0.0,0.0,0.0,0.00046143366345386734,0.0,0.0,0.0,0.29994049553831253,0.0
2011-09-13,0.0003876570940412675,0.0,0.0,0.0,0.0,0.0003876570940412675,0.0,0.0,0.0,0.3002633775714526,0.0
2011-09-14,0.0003596640871555047,0.0,0.0,0.0,0.0,0.0003596640871555047,0.0,0.0,0.0,0.30053453032280986,0.0
2011-09-15,-0.00014660034537550696,0.0,0.0,0.0,0.0,-0.00014660034537550696,0.0,0.0,0.0,0.3007860124833564,0.0
2011-09-16,-0.0003874635750984512,0.0,0.0,0.0,0.0,-0.0003874635750984512,0.0,0.0,0.0,0.3006834924418216,0.0
2011-09-19,0.0007002512066583968,0.0,0.0,0.0,0.0,0.0007002512066583968,0.0,0.0,0.0,0.3004124277399792,0.0
2011-09-20,0.00022888216155140877,0.0,0.0,0.0,0.0,0.00022888216155140877,0.0,0.0,0.0,0.30090197197767443,0.0
2011-09-21,-0.00033248594080631023,0.0,0.0,0.0,0.0,-0.00033248594080631023,0.0,0.0,0.0,0.30106194643016604,0.0
2011-09-22,0.0010342216924853892,0.0,0.0,0.0,0.0,0.0010342216924853892,0.0,0.0,0.0,0.3008294820627256,0.0
2011-09-23,-0.0010495625807871612,1.7417514670310818e-14,2.0911467843757983e-05,1.1186731607578867e-16,1.4971281444397317e-17,-0.0010704740486309192,1.729067607279063e-14,0.10214876940166874,5.46451772720502e-13,0.3999999999987507,5.46451772720502e-13
2011-09-26,-0.0003942904437853711,3.0704357438330825e-15,0.0,0.0,4.3528864304550866e-17,-0.0003942904437853711,3.0269068795285316e-15,0.0,0.0,0.39937796116097457,5.296011823720355e-13
2011-09-27,-0.0011270336983460454,-7.08803879942429e-15,0.0,0.0,1.4431189987926634e-17,-0.0011270336983460454,-7.102469989412217e-15,0.0,0.0,0.3991410482182229,5.267384345593222e-13
2011-09-28,-0.00021485884306395915,1.1233908261480356e-14,0.0,0.0,1.4641884729243735e-17,-0.00021485884306395915,1.1219266376751112e-14,0.0,0.0,0.3984630958564572,5.344287926173964e-13
2011-09-29,-0.00016201901725203745,-6.26212155371485e-15,0.0,0.0,1.4337186892098292e-17,-0.00016201901725203745,-6.2764587406069485e-15,0.0,0.0,0.39833382255765676,5.233073215615877e-13
2011-09-30,0.00019422166641361408,1.4680965684558495e-15,0.0,0.0,1.451110294081048e-17,0.00019422166641361408,1.453585465515039e-15,0.0,0.0,0.39823632539848236,5.296552573395825e-13
2011-10-03,0.0017962446179040307,-1.4015776814823902e-15,0.0,0.0,4.340421331241254e-17,0.0017962446179040307,-1.4449818947948026e-15,0.0,0.0,0.39835317824679517,5.280845953010192e-13
2011-10-04,-0.0011419297660320766,7.883372294239497e-15,0.0,0.0,1.4480460044252037e-17,-0.0011419297660320766,7.868891834195246e-15,0.0,0.0,0.3994319453825874,5.285367916151994e-13
2011-10-05,-0.0009218869127348007,-3.930734822285741e-15,0.0,0.0,1.428078489502395e-17,-0.0009218869127348007,-3.9450156071807645e-15,0.0,0.0,0.3987453548062725,5.212486486683742e-13
2011-10-06,-0.0008447066982402183,-5.553827594181456e-15,0.0,0.0,1.4401753047673222e-17,-0.0008447066982402183,-5.5682293472291295e-15,0.0,0.0,0.3981905545545577,5.256639862400726e-13
2011-10-07,-0.0010276248935579134,0.0,4.138711327390774e-05,1.0843245087174563e-16,0.0,-0.0010690120068318212,-1.0843245087174563e-16,0.20292964622472776,5.316669164398066e-13,0.6000000000010495,0.0
2011-10-10,-0.00143258180617795,0.0,0.0,0.0,0.0,-0.00143258180617795,0.0,0.0,0.0,0.599613368998408,0.0
2011-10-11,0.0003461227279708271,0.0,0.0,0.0,0.0,0.0003461227279708271,0.0,0.0,0.0,0.5990389595068113,0.0
2011-10-12,-0.0010321291044803334,0.0,0.0,0.0,0.0,-0.0010321291044803334,0.0,0.0,0.0,0.5991776932170666,0.0
2011-10-13,0.0018566706621268659,0.0,0.0,0.0,0.0,0.0018566706621268659,0.0,0.0,0.0,0.5987635654151536,0.0
2011-10-14,-0.0015790849830855254,0.0,0.0,0.0,0.0,-0.0015790849830855254,0.0,0.0,0.0,0.5995071487424751,0.0
2011-10-17,0.0013040442964342117,0.0,0.0,0.0,0.0,0.0013040442964342117,0.0,0.0,0.0,0.5988737362831186,0.0
2011-10-18,0.001062746396928236,0.0,0.0,0.0,0.0,0.001062746396928236,0.0,0.0,0.0,0.5993961414599771,0.0
2011-10-19,0.0002206082529776989,0.0,0.0,0.0,0.0,0.0002206082529776989,0.0,0.0,0.0,0.599821429793592,0.0
2011-10-20,0.00013984124430898985,0.0,0.0,0.0,0.0,0.00013984124430898985,0.0,0.0,0.0,0.5999096930172488,0.0
2011-10-21,0.0011650824288117127,0.0,8.049374106346539e-07,0.0,0.0,0.001164277491401078,0.0,0.004015644052317163,0.0,0.600000000001419,0.0
2011-10-24,0.0006647460837651325,0.0,0.0,0.0,0.0,0.0006647460837651325,0.0,0.0,0.0,0.6004659734130338,0.0
2011-10-25,0.0025114598414666175,0.0,0.0,0.0,0.0,0.0025114598414666175,0.0,0.0,0.0,0.600731385660786,0.0
2011-10-26,-0.0010937522037793505,0.0,0.0,0.0,0.0,-0.0010937522037793505,0.0,0.0,0.0,0.6017316207015201,0.0
2011-10-27,-0.001739743417866885,0.0,0.0,0.0,0.0,-0.001739743417866885,0.0,0.0,0.0,0.6012955368162562,0.0
2011-10-28,0.0016046841880405427,0.0,0.0,0.0,0.0,0.0016046841880405427,0.0,0.0,0.0,0.6006006844859904,0.0
2011-10-31,-0.0007077889531378495,0.0,0.0,0.0,0.0,-0.0007077889531378495,0.0,0.0,0.0,0.6012405674422476,0.0
2011-11-01,0.003404905139046052,0.0,0.0,0.0,0.0,0.003404905139046052,0.0,0.0,0.0,0.6009581300148327,0.0
2011-11-02,0.0005793790112350724,0.0,0.0,0.0,0.0,0.0005793790112350724,0.0,0.0,0.0,0.6023122191834707,0.0
2011-11-03,-0.001286748969070487,0.0,0.0,0.0,0.0,-0.001286748969070487,0.0,0.0,0.0,0.6025424977181506,0.0
2011-11-04,0.0006282397941515527,7.743089686245286e-16,4.185563288541338e-05,2.5515126900536693e-17,3.3854197983775322e-18,0.0005863841612661393,7.454084219256144e-16,0.20270365266314105,1.2356782264077992e-13,0.4003042868734304,1.2356782264077992e-13
2011-11-07,-0.00020431518993607934,-1.434608568680988e-17,0.0,0.0,1.0086702879287144e-17,-0.00020431518993607934,-2.4432788566097024e-17,0.0,0.0,0.400697563962616,1.2272155169799358e-13
2011-11-08,-0.0014174074963196777,-1.5971319109431996e-15,0.0,0.0,3.3633145127826827e-18,-0.0014174074963196777,-1.6004952254559823e-15,0.0,0.0,0.4005750923487568,1.2276097971656793e-13
2011-11-09,0.0004501377675032374,5.397545163313997e-15,0.0,0.0,3.4119076148687313e-18,0.0004501377675032374,5.394133255699128e-15,0.0,0.0,0.39972425701078573,1.2453462794270868e-13
2011-11-10,-0.0004929164228223617,-1.1586409109585444e-15,0.0,0.0,3.2625610632355305e-18,-0.0004929164228223617,-1.1619034720217799e-15,0.0,0.0,0.3999943422180668,1.1908347880809687e-13
2011-11-11,-0.000589802239959419,-3.0227531679374923e-15,0.0,0.0,3.2959292675015505e-18,-0.000589802239959419,-3.0260490972049937e-15,0.0,0.0,0.3996984437223322,1.2030141826380658e-13
2011-11-14,0.0003503908405841417,1.2819355007575771e-15,0.0,0.0,1.0142215169587732e-17,0.0003503908405841417,1.2717932855879894e-15,0.0,0.0,0.39934417557164087,1.2339695122998406e-13
2011-11-15,-0.000585507729845,-1.1447749020223914e-15,0.0,0.0,3.344445006396794e-18,-0.000585507729845,-1.1481193470287883e-15,0.0,0.0,0.39955456615193125,1.2207224273348296e-13
2011-11-16,-0.00023507280073119965,1.9071886224962963e-15,0.0,0.0,3.377786422402698e-18,-0.00023507280073119965,1.9038108360738936e-15,0.0,0.0,0.39920279474418513,1.2328920441769848e-13
2011-11-17,-0.0005672489425569856,1.91349967629515e-15,0.0,0.0,3.3263166058812645e-18,-0.0005672489425569856,1.9101733596892687e-15,0.0,0.0,0.3990615304550813,1.2141055611466616e-13
2011-11-18,7.03367937675869e-05,0.0,2.1735252898623438e-07,2.3954634990047648e-17,0.0,7.011944123860067e-05,-2.3954634990047648e-17,0.001084872674780708,1.1956487948982833e-13,0.39763558259437015,0.0
2011-11-21,-0.00013969175132549536,0.0,0.0,0.0,0.0,-0.00013969175132549536,0.0,0.0,0.0,0.3976780344265709,0.0
2011-11-22,0.00018360985534953227,0.0,0.0,0.0,0.0,0.00018360985534953227,0.0,0.0,0.0,0.39759388326111444,0.0
2011-11-23,-1.349993395986069e-05,0.0,0.0,0.0,0.0,-1.349993395986069e-05,0.0,0.0,0.0,0.3977044706561349,0.0
2011-11-25,-0.0009693234572116449,0.0,0.0,0.0,0.0,-0.0009693234572116449,0.0,0.0,0.0,0.3976963395964957,0.0
2011-11-28,4.372939670833635e-05,0.0,0.0,0.0,0.0,4.372939670833635e-05,0.0,0.0,0.0,0.39711194606374256,0.0
2011-11-29,-0.00033536624143355037,0.0,0.0,0.0,0.0,-0.00033536624143355037,0.0,0.0,0.0,0.39713830884179546,0.0
2011-11-30,-5.4609451114640684e-05,0.0,0.0,0.0,0.0,-5.4609451114640684e-05,0.0,0.0,0.0,0.3969360615554152,0.0
2011-12-01,0.0001853569521610838,0.0,0.0,0.0,0.0,0.0001853569521610838,0.0,0.0,0.0,0.396903126766199,0.0
2011-12-02,0.0016003166965907812,0.0,0.0,0.0,0.0,0.0016003166965907812,0.0,0.0,0.0,0.39701489424759984,0.0
2011-12-05,0.0004226305467317109,-1.5564099705425568e-15,4.145805476906867e-05,1.3865606433321107e-16,5.578184140095767e-17,0.0003811724919626422,-1.7508478762767257e-15,0.20292451113243945,6.786790703783183e-13,0.5999999999978612,6.786790703783183e-13
2011-12-06,-0.0014512754090119226,-1.2166927908222768e-15,0.0,0.0,1.8629487454551514e-17,-0.0014512754090119226,-1.2353222782768283e-15,0.0,0.0,0.6001938531579253,6.799762920911302e-13
2011-12-07,0.0016290577804953551,-7.856828685079024e-16,0.0,0.0,1.8689945762295745e-17,0.0016290577804953551,-8.043728142701981e-16,0.0,0.0,0.5996127810329565,6.821830203237946e-13
2011-12-08,0.0013856732077194656,7.790661151549329e-15,0.0,0.0,1.868103882868547e-17,0.0013856732077194656,7.771980112720644e-15,0.0,0.0,0.6002639741160675,6.818579172470196e-13
2011-12-09,-0.0035146862245722505,-5.1660899298235045e-15,0.0,0.0,1.8442041414725962e-17,-0.0035146862245722505,-5.18453197123823e-15,0.0,0.0,0.600817111150122,6.731345116374976e-13
2011-12-12,0.0019527867250963872,6.890585794464073e-15,0.0,0.0,5.594737183247717e-17,0.0019527867250963872,6.8346384226315955e-15,0.0,0.0,0.5994091600432394,6.806930239618055e-13
2011-12-13,0.0018981639260448363,3.4785894342722617e-15,0.0,0.0,1.8424361922327568e-17,0.0018981639260448363,3.4601650723499343e-15,0.0,0.0,0.6001899038914754,6.724892101649562e-13
2011-12-14,0.0028348285177633775,7.085061727847421e-15,0.0,0.0,1.829433246028327e-17,0.0028348285177633775,7.066767395387137e-15,0.0,0.0,0.6009473711960625,6.677431348003395e-13
2011-12-15,-0.00045798507921002396,-1.4683036807266333e-15,0.0,0.0,1.8049055203658136e-17,-0.00045798507921002396,-1.4863527359302915e-15,0.0,0.0,0.6020754191457827,6.587905149335219e-13
2011-12-16,0.002688552532406814,-2.423096558523641e-15,0.0,0.0,1.8097571119302845e-17,0.002688552532406814,-2.441194129642944e-15,0.0,0.0,0.6018930921220451,6.605613458545537e-13
2011-12-19,0.002435033020819801,9.014880060657064e-15,1.1576743488281205e-06,4.736315957075178e-16,1.9412830359004834e-16,0.002433875346470973,8.347120161359499e-15,0.0057729302055089665,2.361840484684776e-12,0.5999999999919238,2.3618943603455877e-12
2011-12-20,-0.003394893118444093,-2.1305515032606577e-14,0.0,0.0,6.430593887539463e-17,-0.003394893118444093,-2.136982097148197e-14,0.0,0.0,0.6009723412474656,2.347166768951904e-12
2011-12-21,-0.002411326970970128,-9.21344705943203e-15,0.0,0.0,6.511069546799678e-17,-0.002411326970970128,-9.278557754900027e-15,0.0,0.0,0.599613070415517,2.3765403845818826e-12
2011-12-22,0.0014229003196449526,-4.937376827156853e-16,0.0,0.0,6.552111149842921e-17,0.0014229003196449526,-5.592587942141144e-16,0.0,0.0,0.5986452729372298,2.3915205696926664e-12
2011-12-23,-0.0020245470512799493,-5.41030907901969e-15,0.0,0.0,6.544152179594817e-17,-0.0020245470512799493,-5.475750600815638e-15,0.0,0.0,0.5992155492602963,2.3886155455521083e-12
2011-12-27,0.0009792175643101786,-1.0683794835323582e-14,0.0,0.0,2.6289123343926315e-16,0.0009792175643101786,-1.0946686068762846e-14,0.0,0.0,0.5984024962182168,2.398882505133276e-12
2011-12-28,0.0028872764488202273,4.308225421441022e-15,0.0,0.0,6.595093475393985e-17,0.0028872764488202273,4.242274486687082e-15,0.0,0.0,0.5987953628458075,2.4072091185188045e-12
2011-12-29,0.0009685879015569016,-1.0484439002243933e-14,0.0,0.0,6.564337062272924e-17,0.0009685879015569016,-1.0550082372866661e-14,0.0,0.0,0.5999504165863554,2.395983027729617e-12
2011-12-30,0.00019898298539250978,-2.820710126767645e-15,0.0,0.0,6.586681772413934e-17,0.00019898298539250978,-2.886576944491784e-15,0.0,0.0,0.6003375248245231,2.4041388469310856e-12
2012-01-03,-0.002195811172075653,1.7291646023426977e-14,0.0,0.0,2.6372391324298353e-16,-0.002195811172075653,1.7027922110183995e-14,0.0,0.0,0.6004170350358052,2.4064807083422244e-12
2012-01-04,-0.0011144141557778082,4.4631775375803196e-15,9.638828931869142e-07,8.797635246254793e-16,1.3177282295883309e-16,-0.001115378038670995,3.4516411899960076e-15,0.00479706158633633,4.378415509675775e-12,0.5999999999906005,4.8097080379974076e-12
2012-01-05,7.475701489994201e-05,-4.458939436394268e-15,0.0,0.0,1.3179754821301406e-16,7.475701489994201e-05,-4.590736984607282e-15,0.0,0.0,0.5995543155513771,4.810610509775014e-12
2012-01-06,0.0032521333957447026,6.787789265980854e-15,0.0,0.0,1.319098497506962e-16,0.0032521333957447026,6.655879416230157e-15,0.0,0.0,0.5995842494376108,4.814709515900411e-12
2012-01-09,0.00016201903277411148,-2.8989257265818534e-15,0.0,0.0,3.93890663782512e-16,0.00016201903277411148,-3.2928163903643654e-15,0.0,0.0,0.6008822336543744,4.792336409353896e-12
2012-01-10,-0.001207897802664914,-1.7348052111630142e-14,0.0,0.0,1.3135502853547718e-16,-0.001207897802664914,-1.7479407140165618e-14,0.0,0.0,0.6009468878536318,4.7944585415449165e-12
2012-01-11,0.0023947314639080246,5.3871585146349665e-15,0.0,0.0,1.3198974776072272e-16,0.0023947314639080246,5.2551687668742436e-15,0.0,0.0,0.6004642895468998,4.8176257932663786e-12
2012-01-12,-0.00021997291689425554,-5.535250393338635e-15,0.0,0.0,1.3152718209543634e-16,-0.00021997291689425554,-5.666777575434072e-15,0.0,0.0,0.6014187845245185,4.800742146483426e-12
2012-01-13,0.00234233736078518,1.031418863646228e-14,0.0,0.0,1.3170780494117563e-16,0.00234233736078518,1.0182480831521104e-14,0.0,0.0,0.6013310881611097,4.8073348803529106e-12
2012-01-17,0.0010564783882779207,-1.5152486076344697e-14,0.0,0.0,5.244724064101099e-16,0.0010564783882779207,-1.5676958482754807e-14,0.0,0.0,0.6022627230446929,4.785810708492252e-12
2012-01-18,-0.0017446072146578332,-2.592944536847238e-14,0.0,0.0,1.3139442283929092e-16,-0.0017446072146578332,-2.606083979131167e-14,0.0,0.0,0.6026824804174254,4.795896433634118e-12
2012-01-19,-0.002197753452025641,0.0,5.819565888778988e-07,9.698115085700677e-16,0.0,-0.002198335408614519,-9.698115085700677e-16,0.00289849873120598,4.830252772838832e-12,0.6000000000064796,0.0
2012-01-20,-0.0023144019305098495,0.0,0.0,0.0,0.0,-0.0023144019305098495,0.0,0.0,0.0,0.5991193117514626,0.0
2012-01-23,-0.0009554807981367024,0.0,0.0,0.0,0.0,-0.0009554807981367024,0.0,0.0,0.0,0.5981893604315459,0.0
2012-01-24,0.0009305037550499695,0.0,0.0,0.0,0.0,0.0009305037550499695,0.0,0.0,0.0,0.5978050708996825,0.0
2012-01-25,0.0020927106259256392,0.0,0.0,0.0,0.0,0.0020927106259256392,0.0,0.0,0.0,0.5981789668798589,0.0
2012-01-26,0.004034610617346442,0.0,0.0,0.0,0.0,0.004034610617346442,0.0,0.0,0.0,0.5990181059503406,0.0
2012-01-27,0.0008063688075691453,0.0,0.0,0.0,0.0,0.0008063688075691453,0.0,0.0,0.0,0.6006294107699041,0.0
2012-01-30,0.0017060158710197736,0.0,0.0,0.0,0.0,0.0017060158710197736,0.0,0.0,0.0,0.600951191281952,0.0
2012-01-31,0.0016760374220237293,0.0,0.0,0.0,0.0,0.0016760374220237293,0.0,0.0,0.0,0.6016308154333478,0.0
2012-02-01,-0.0004315539854747637,0.0,0.0,0.0,0.0,-0.0004315539854747637,0.0,0.0,0.0,0.6022973799074599,0.0
2012-02-02,0.0007666067419185114,5.835663815829347e-15,2.160832760381113e-05,1.121439794744695e-15,1.4926752516054654e-16,0.0007449984143147002,4.564956495924105e-15,0.10497923150033472,5.4482646683599485e-12,0.5999999999737857,5.4482646683599485e-12
2012-02-03,-0.004114367707956856,-8.411944711779791e-15,0.0,0.0,1.489966416983087e-16,-0.004114367707956856,-8.5609413534781e-15,0.0,0.0,0.6003193697371649,5.4383774219882675e-12
2012-02-06,0.001489560844916841,1.293164944060139e-14,0.0,0.0,4.4953085303643e-16,0.001489560844916841,1.2482118587564961e-14,0.0,0.0,0.5986681429041606,5.469292045276566e-12
2012-02-07,-0.0022574102957613556,-1.1732772393865406e-14,0.0,0.0,1.4926698365901494e-16,-0.0022574102957613556,-1.1882039377524421e-14,0.0,0.0,0.5992650619770225,5.448244903554045e-12
2012-02-08,0.0004531205267665344,2.218071514692299e-15,0.0,0.0,1.4992687595141077e-16,0.0004531205267665344,2.0681446387408885e-15,0.0,0.0,0.5983583920760959,5.472330972226493e-12
2012-02-09,-0.0015947081783777234,2.284493056810303e-14,0.0,0.0,1.4979823021583206e-16,-0.0015947081783777234,2.26951323378872e-14,0.0,0.0,0.5985403017060612,5.46763540287787e-12
2012-02-10,0.0023699379533582464,1.9692033276741874e-14,0.0,0.0,1.4941060802566842e-16,0.0023699379533582464,1.9542622668716205e-14,0.0,0.0,0.5978990680613516,5.4534871929368974e-12
2012-02-13,0.0013681618928181403,-1.4451686682417682e-14,0.0,0.0,4.455573575020347e-16,0.0013681618928181403,-1.4897244039919718e-14,0.0,0.0,0.5988497692182682,5.420947849608089e-12
2012-02-14,0.0008327930848500564,1.0050553338801815e-14,0.0,0.0,1.487115942525067e-16,0.0008327930848500564,9.901841744549308e-15,0.0,0.0,0.5993978578034117,5.4279731902164944e-12
2012-02-15,-0.00013432510715891707,8.59967128992534e-15,0.0,0.0,1.4831272281682748e-16,-0.00013432510715891707,8.451358567108514e-15,0.0,0.0,0.599731198893049,5.413414382814204e-12
2012-02-16,-0.0010768926830109454,-4.321746552484066e-07,2.1241109476637617e-05,4.060589507000541e-07,5.4236563057727215e-08,-0.001098133792487583,-8.924701690061879e-07,0.10355549173031822,0.0019796345552236866,0.6019796345464131,0.0019796345516070435
2012-02-17,-0.0004570111470268237,4.3265013207833186e-07,0.0,0.0,5.430808947584954e-08,-0.0004570111470268237,3.7834204260248234e-07,0.0,0.0,0.6015638763621898,0.0019822452658685083
2012-02-21,-0.002276969732278051,2.9487322403987744e-15,0.0,0.0,2.1728416326724507e-07,-0.002276969732278051,-2.1728416031851284e-07,0.0,0.0,0.6013814757252889,0.0019827179898136114
2012-02-22,0.0025927764554705933,2.2468259262625177e-15,0.0,0.0,5.444502231465513e-08,0.0025927764554705933,-5.44450200678292e-08,0.0,0.0,0.6004718927910107,0.001987243314484912
2012-02-23,0.0008251289033977832,-6.623863731847174e-15,0.0,0.0,5.4304226551153903e-08,0.0008251289033977832,-5.430423317501763e-08,0.0,0.0,0.6015051336470755,0.0019821042691171176
2012-02-24,0.0011414318106784096,-4.3235708274618625e-07,0.0,0.0,5.425945845040352e-08,0.0011414318106784096,-4.866165411965898e-07,0.0,0.0,0.6018337048476824,0.001980470233439728
2012-02-27,0.0017685445764121335,4.3186434127560676e-07,0.0,0.0,1.6262836150230595e-07,0.0017685445764121335,2.692359797733008e-07,0.0,0.0,0.6022879591059321,0.0019786450649447217
2012-02-28,0.00041398809142708374,-4.0189651527140475e-15,0.0,0.0,5.410192570088428e-08,0.00041398809142708374,-5.410192971984943e-08,0.0,0.0,0.6029899267711382,0.001974720288082276
2012-02-29,-0.0011824312575468192,-4.309234251889078e-07,0.0,0.0,5.4079540341110806e-08,-0.0011824312575468192,-4.850029655300187e-07,0.0,0.0,0.6031542488180699,0.0019739032224505445
2012-03-01,-0.0019079720013906415,4.314337721390804e-07,0.0,0.0,5.415540777480035e-08,-0.0019079720013906415,3.7727836436428e-07,0.0,0.0,0.6026847431431497,0.001976672383780213
2012-03-02,0.0011879325697601677,0.0002173146325051669,2.5584493285267787e-05,2.5555764859475497e-05,3.368486638085044e-06,0.0011623480764748999,0.00018839038100760636,0.12507021969477072,0.12492978030887929,0.7229497622549967,0.1229497622901041
2012-03-05,-0.0017201540591229147,0.0007814623055584626,0.0,0.0,1.0073991110397722e-05,-0.0017201540591229147,0.0007713883144480648,0.0,0.0,0.7231608935948309,0.12256689184317228
2012-03-06,-0.0006200219569233946,0.0022301744561447857,0.0,0.0,3.3397557564768827e-06,-0.0006200219569233946,0.002226834700388309,0.0,0.0,0.7221258678224415,0.12190108511140621
2012-03-07,-0.000122693268793735,-0.0006122157728766562,0.0,0.0,3.2733953530777943e-06,-0.000122693268793735,-0.000615489168229734,0.0,0.0,0.7203483809073419,0.11947893038733948
2012-03-08,0.00020908416482697968,-0.001356992053089821,0.0,0.0,3.292598926650943e-06,0.00020908416482697968,-0.0013602846520164719,0.0,0.0,0.7207577383423412,0.12017986082275942
2012-03-09,0.0007180428139084399,-0.0006662867662378233,0.0,0.0,3.3336144496977514e-06,0.0007180428139084399,-0.000669620380687521,0.0,0.0,0.7217977564360297,0.12167692741396792
2012-03-12,0.0003277632221854229,0.000908900534323562,0.0,0.0,1.0055119751583722e-05,0.0003277632221854229,0.0008988454145719783,0.0,0.0,0.7224808149709218,0.12233729031093525
2012-03-13,-0.0014978376941513598,0.0012923976033488262,0.0,0.0,3.32272951064386e-06,-0.0014978376941513598,0.0012890748738381824,0.0,0.0,0.7219230611312494,0.12127962713850088
2012-03-14,-0.006509695559864898,0.0017224703411635907,0.0,0.0,3.2880077709029186e-06,-0.006509695559864898,0.0017191823333926877,0.0,0.0,0.7205756528426344,0.12001228363795653
2012-03-15,-0.00015161648593290224,-0.001075958126130104,0.0,0.0,3.2564167099718863e-06,-0.00015161648593290224,-0.001079214542840076,0.0,0.0,0.7175031656880336,0.11885920991397386
2012-03-16,-8.3015328514784e-05,-4.3966352355482017e-05,3.0888971136451555e-05,1.9633110921335708e-05,6.282693858035905e-07,-0.00011390429965123556,-6.422773266262131e-05,0.15284886272324213,0.09715113730363514,0.6229318326102142,0.022931832581831055
2012-03-19,-0.001531760004632609,-0.00014245462989753471,0.0,0.0,1.8887582785578219e-06,-0.001531760004632609,-0.00014434338817609254,0.0,0.0,0.6229597863744962,0.022979892389120165
2012-03-20,-0.00017287006234869485,0.000130288687049538,0.0,0.0,6.345525350821088e-07,-0.00017287006234869485,0.00012965413451445588,0.0,0.0,0.6224713527160772,0.023161167530496973
2012-03-21,0.0017678862205645354,6.810940470832794e-16,0.0,0.0,6.31010251705759e-07,0.0017678862205645354,-6.31010251024665e-07,0.0,0.0,0.6223253770223113,0.0230318741872602
2012-03-22,0.0005401814285143107,0.0003716193258130806,0.0,0.0,6.298970628394761e-07,0.0005401814285143107,0.00037098942875024116,0.0,0.0,0.6229922768955471,0.022991242793640877
2012-03-23,0.0015819346891783592,-0.0002413349676807254,0.0,0.0,6.19151558590919e-07,0.0015819346891783592,-0.00024195411923931632,0.0,0.0,0.6229648309250218,0.02259903188856854
2012-03-26,0.0011312115231561768,-0.000296634319003659,0.0,0.0,1.8747782600995583e-06,0.0011312115231561768,-0.00029850909726375854,0.0,0.0,0.6237110049862615,0.022809802164544625
2012-03-27,0.00238889513191075,4.9398447260623317e-05,0.0,0.0,6.325263481192688e-07,0.00238889513191075,4.876592091250405e-05,0.0,0.0,0.624322341780878,0.02308721170635331
2012-03-28,-0.0012005390412129296,0.000320309102184315,0.0,0.0,6.296381216759572e-07,-0.0012005390412129296,0.000319679464062639,0.0,0.0,0.6251872423214597,0.022981791441172437
2012-03-29,0.0013308690411536885,-3.081938580207124e-05,0.0,0.0,6.214099047011832e-07,0.0013308690411536885,-3.144079570677243e-05,0.0,0.0,0.6245368325304643,0.022681461521593185
2012-03-30,-0.0003633274118933882,0.00014622654923328158,4.0981069964870844e-05,1.0245267489568008e-05,1.9913097596509285e-06,-0.00040430848185825906,0.00013398997198406262,0.2000000000363535,0.050000000001037326,0.6726828062632125,0.0726828062272589
2012-04-02,0.0029877291180348364,-0.0007603660950749587,0.0,0.0,5.963522709040168e-06,0.0029877291180348364,-0.0007663296177839989,0.0,0.0,0.6725012683920797,0.0725561929599887
2012-04-03,-0.0033826996029146022,0.0006279324264035593,0.0,0.0,2.0042206760155687e-06,-0.0033826996029146022,0.0006259282057275437,0.0,0.0,0.6739917924791281,0.07315405467456826
2012-04-04,-0.0007102334169565859,7.718394306750352e-05,0.0,0.0,1.992509942312501e-06,-0.0007102334169565859,7.519143312519102e-05,0.0,0.0,0.6724629194181343,0.0727266128944063
2012-04-05,0.0004894154693773473,0.0001126958613610127,0.0,0.0,1.9916601015172944e-06,0.0004894154693773473,0.0001107042012594954,0.0,0.0,0.6721795482349798,0.07269559370538126
2012-04-09,0.0003535300510484989,-0.0001598845669384138,0.0,0.0,7.949519511656094e-06,0.0003535300510484989,-0.0001678340864500699,0.0,0.0,0.6722655239395501,0.07253936554386185
2012-04-10,-0.0017791103237551592,-0.00013112105718945884,0.0,0.0,1.9913904838314395e-06,-0.0017791103237551592,-0.00013311244767329027,0.0,0.0,0.6724941745361711,0.07268575265984753
2012-04-11,0.0014616138588577489,-8.333284210548081e-05,0.0,0.0,1.998805002003133e-06,0.0014616138588577489,-8.533164710748394e-05,0.0,0.0,0.6720000780640918,0.07295638257311435
2012-04-12,0.0018035360511236354,-0.0006189331625029665,0.0,0.0,1.998337816777368e-06,0.0018035360511236354,-0.0006209315003197439,0.0,0.0,0.672536092462134,0.07293933031237393
2012-04-13,0.0001413534095974455,0.0003527530114655762,0.0,0.0,2.0129144079833948e-06,0.0001413534095974455,0.0003507400970575928,0.0,0.0,0.6735430933858568,0.07347137589139391
2012-04-16,-0.0013297574089585899,-0.0008023934071325519,2.59646847513526e-05,2.4990133369656068e-05,1.6084268642232307e-05,-0.0013557220937099425,-0.0008434678091444403,0.12739072440520194,0.12260927576936034,0.7956919353456184,0.19569193514715977
2012-04-17,0.00592571574105553,-9.081574797406317e-05,0.0,0.0,5.395271488341752e-06,0.00592571574105553,-9.621101946240492e-05,0.0,0.0,0.796112981567254,0.19692740932447397
2012-04-18,-0.0009796214894220087,0.0004486116680394494,0.0,0.0,5.366475695620043e-06,-0.0009796214894220087,0.0004432451923438294,0.0,0.0,0.7973903067501569,0.19587636289013155
2012-04-19,-0.0024455402733105864,0.0005388606330695904,0.0,0.0,5.357058364117401e-06,-0.0024455402733105864,0.000533503574705473,0.0,0.0,0.7968380903249942,0.19553263029028514
2012-04-20,0.0012633215134297377,-4.83244300887416e-06,0.0,0.0,5.352529291537574e-06,0.0012633215134297377,-1.0184972300411734e-05,0.0,0.0,0.7959143675313507,0.19536731914112143
2012-04-23,-0.0033353180793779342,-0.00021160669945009575,0.0,0.0,1.6037887398967177e-05,-0.0033353180793779342,-0.00022764458684906293,0.0,0.0,0.7961799668350242,0.19512763002076733
2012-04-24,-0.0005289983405104121,0.0005228481593422723,0.0,0.0,5.37089621283345e-06,-0.0005289983405104121,0.0005174772631294388,0.0,0.0,0.7956796255557791,0.1960377117684209
2012-04-25,0.006600030462552498,-0.0007520375093853964,0.0,0.0,5.356633319915162e-06,0.006600030462552498,-0.0007573941427053115,0.0,0.0,0.79515978831272,0.19551711617690343
2012-04-26,0.003078059896086218,-0.0006847194971123548,0.0,0.0,5.3460023398587375e-06,0.003078059896086218,-0.0006900654994522135,0.0,0.0,0.7971026379521275,0.19512908540484392
2012-04-27,0.0004422282921196499,-0.001022339867813573,0.0,0.0,5.351981276835814e-06,0.0004422282921196499,-0.001027691849090409,0.0,0.0,0.7982744229991154,0.19534731660450722
2012-04-30,-0.0010923176221838728,-0.0006868573317456544,4.6863066054184125e-07,2.089157386330406e-05,1.618285073452513e-05,-0.0010927862528444146,-0.0007239317563434836,0.0022931941437610713,0.10223068798334263,0.7968913505737004,0.19689135060338908
2012-05-01,0.0005977488915713117,0.0009047819609814762,0.0,0.0,5.422953564667888e-06,0.0005977488915713117,0.0008993590074168082,0.0,0.0,0.7972474066729979,0.1979378051103779
2012-05-02,0.0014891168369602834,-0.0006791789138330458,0.0,0.0,5.390095463297281e-06,0.0014891168369602834,-0.0006845690092963431,0.0,0.0,0.796652480842751,0.19673848441035074
2012-05-03,-0.0012845149117389572,3.29425785912948e-05,0.0,0.0,5.404355042662661e-06,-0.0012845149117389572,2.753822354863214e-05,0.0,0.0,0.7974999708106336,0.1972589590571871
2012-05-04,-0.004474255720798435,-0.0011632469508807439,0.0,0.0,5.410253068246896e-06,-0.004474255720798435,-0.0011686572039489908,0.0,0.0,0.7972175397617917,0.1974742369910117
2012-05-07,0.00029323089060568746,7.376842264385706e-05,0.0,0.0,1.64190196413149e-05,0.00029323089060568746,5.734940300254216e-05,0.0,0.0,0.7972420515176544,0.19976473896933128
2012-05-08,-0.00035337092670810987,-0.0006234450917552471,0.0,0.0,5.469068146913085e-06,-0.00035337092670810987,-0.0006289141599021601,0.0,0.0,0.7972557802427416,0.19962098736232758
2012-05-09,-0.001967824499559613,-0.0003301922683471703,0.0,0.0,5.491543095243369e-06,-0.001967824499559613,-0.0003356838114424137,0.0,0.0,0.7976859643426055,0.20044132297638295
2012-05-10,-0.00043421490926120554,0.0007133759026830236,0.0,0.0,5.513289366636736e-06,-0.00043421490926120554,0.0007078626133163869,0.0,0.0,0.7975553151399549,0.20123506188224088
2012-05-11,0.00039365901088656897,-0.000876721620699577,0.0,0.0,5.492241881976631e-06,0.00039365901088656897,-0.0008822138625815537,0.0,0.0,0.7969030295463037,0.20046682869214702
2012-05-14,-0.0029727880669662985,-0.0014530372295953223,2.6401549975900333e-06,3.083553215801175e-07,1.6430887663043076e-05,-0.0029754282219638887,-0.0014697764725799456,0.013124195313847644,0.0015328325307324142,0.7999091332250965,0.19990913323369075
2012-05-15,-0.0016631847460299978,7.005472717067627e-05,0.0,0.0,5.5414044706821295e-06,-0.0016631847460299978,6.451332269999414e-05,0.0,0.0,0.8004947079920538,0.20226126317989773
2012-05-16,-0.002290997030914165,-0.00022898511027007344,0.0,0.0,5.548355159929077e-06,-0.002290997030914165,-0.00023453346543000252,0.0,0.0,0.8001106372573096,0.20251496333741129
2012-05-17,-0.005848256437186489,-0.003157577702321171,0.0,0.0,5.5686926276499065e-06,-0.005848256437186489,-0.0031631463949488205,0.0,0.0,0.7998396596791005,0.2032572809092216
2012-05-18,-0.003056174256094208,-0.0002240786047020059,0.0,0.0,5.706626314326553e-06,-0.003056174256094208,-0.00022978523101633246,0.0,0.0,0.8012114423022155,0.2082918604729192
2012-05-21,0.006518492913116048,0.0005041312791939439,0.0,0.0,1.719479777141012e-05,0.006518492913116048,0.00048693648142253377,0.0,0.0,0.8007866204387031,0.2092033728854898
2012-05-22,-0.0007752192806190299,0.0020271040111652515,0.0,0.0,5.678010539333632e-06,-0.0007752192806190299,0.002021426000625918,0.0,0.0,0.8016889380995801,0.20724738468567758
2012-05-23,-0.00041334663563848665,-0.00133706705109964,0.0,0.0,5.615475399957863e-06,-0.00041334663563848665,-0.001342682526499598,0.0,0.0,0.7999168570562506,0.204964852098462
2012-05-24,-0.0002251835075647867,0.0005800721718248005,0.0,0.0,5.6620500990520145e-06,-0.0002251835075647867,0.0005744101217257485,0.0,0.0,0.8009099316167771,0.20666482861539853
2012-05-25,-4.897982575189042e-06,-0.0003323434343062586,0.0,0.0,5.644186610603129e-06,-4.897982575189042e-06,-0.00033798762091686175,0.0,0.0,0.8004052253024232,0.20601281128701418
2012-05-29,0.0037716154967706657,-0.0010310091003869052,1.4906641331180395e-06,4.159614361342433e-05,2.1440081747825158e-05,0.0037701248326375476,-0.0010940453257481549,0.007241023233782945,0.2020566777242818,0.7956407460629333,0.19564074594890457
2012-05-30,-0.001049878393417162,-0.0007823562004431485,0.0,0.0,5.373886314585608e-06,-0.001049878393417162,-0.0007877300867577341,0.0,0.0,0.797278780154854,0.19614685048237468
2012-05-31,-0.0004024084763957767,-0.0009471474600399466,0.0,0.0,5.405253470651267e-06,-0.0004024084763957767,-0.0009525527135105979,0.0,0.0,0.7976947524030435,0.1972917516787713
2012-06-01,-0.007245796410678403,0.00029495688634814275,0.0,0.0,5.438571769808426e-06,-0.007245796410678403,0.0002895183145783343,0.0,0.0,0.7983741098605348,0.19850786959800754
2012-06-04,0.0010256789370793795,0.0014154786233337726,0.0,0.0,1.6405594152930177e-05,0.0010256789370793795,0.0013990730291808424,0.0,0.0,0.7966701727221801,0.1996013955273171
2012-06-05,0.001494695635946591,0.0006571716269698875,0.0,0.0,5.416617194860622e-06,0.001494695635946591,0.0006517550097750269,0.0,0.0,0.7957663157205325,0.19770652761241267
2012-06-06,0.006323335411382085,-0.00029449160958735805,0.0,0.0,5.387049456966418e-06,0.006323335411382085,-0.0002998786590443245,0.0,0.0,0.7955533952575226,0.19662730517927424
2012-06-07,0.0005905048091672825,-7.600292576368127e-05,0.0,0.0,5.362815035803832e-06,0.0005905048091672825,-8.13657407994851e-05,0.0,0.0,0.7970755803821282,0.19574274880683984
2012-06-08,0.004018919384924368,-0.0009843237942306288,0.0,0.0,5.36216721892029e-06,0.004018919384924368,-0.000989685961449549,0.0,0.0,0.7972601688916594,0.19571910349059057
2012-06-11,-0.0036301039006704514,0.0012269273964580709,0.0,0.0,1.611857804695535e-05,-0.0036301039006704514,0.0012108088184111154,0.0,0.0,0.7988591574162894,0.19610936623795672
2012-06-12,0.0015712638741121668,0.0009142817421452629,3.1465363852694574e-05,1.9401744905760572e-05,2.73972602732324e-06,0.0015397985102594723,0.000892140271212179,0.15464493965154297,0.09535506038106828,0.7000000000445554,0.09999999999729825
2012-06-13,0.00037103080308409326,-0.000975526366450405,0.0,0.0,2.7080913002131903e-06,0.00037103080308409326,-0.0009782344577506181,0.0,0.0,0.6998692248088964,0.09884533245778145
2012-06-14,0.002594458139666486,0.00012699351987279027,0.0,0.0,2.7364796504236122e-06,0.002594458139666486,0.00012425704022236666,0.0,0.0,0.7006657023871693,0.09988150724046185
2012-06-15,0.0031740159613697105,-0.0005539925058282535,0.0,0.0,2.725590272259201e-06,0.0031740159613697105,-0.0005567180961005127,0.0,0.0,0.7013533804449538,0.09948404493746084
2012-06-18,0.0012201440414829818,-0.0005367800330156152,0.0,0.0,8.2008404053074e-06,0.0012201440414829818,-0.0005449808734209226,0.0,0.0,0.7026882519445593,0.0997768915979067
2012-06-19,0.0014366595155488493,0.0013094392946247503,0.0,0.0,2.746465458390341e-06,0.0014366595155488493,0.0013066928291663598,0.0,0.0,0.7034334636202235,0.10024598923124743
2012-06-20,-0.00046882121635111385,-0.0004877590549321879,0.0,0.0,2.7031746487118212e-06,-0.00046882121635111385,-0.0004904622295808997,0.0,0.0,0.7029417063574386,0.09866587467798148
2012-06-21,-0.0049191039755432505,-0.0005275152066823344,0.0,0.0,2.719146342564274e-06,-0.0049191039755432505,-0.0005302343530248987,0.0,0.0,0.703147402804648,0.09924884150359599
2012-06-22,0.0013842605919287888,0.001338033852135905,0.0,0.0,2.748576738550623e-06,0.0013842605919287888,0.0013352852753973543,0.0,0.0,0.7020540287567346,0.10032305095709773
2012-06-25,-0.001749083417843888,-0.0014371355468791645,0.0,0.0,8.113689280393547e-06,-0.001749083417843888,-0.001445249236159558,0.0,0.0,0.701530445125818,0.0987165529114548
2012-06-26,7.621680286204515e-05,0.00019167344946051048,4.0332180201517505e-05,1.0554505733439075e-05,1.3321001482770008e-06,3.588462266052764e-05,0.00017978684357879439,0.19814701753900427,0.05185298246288671,0.648621655417116,0.048621655412110526
2012-06-27,0.0017543237784177009,-7.665110726611623e-05,0.0,0.0,1.3265627191678194e-06,0.0017543237784177009,-7.797766998528405e-05,0.0,0.0,0.6485579967658744,0.04841953924962541
2012-06-28,0.0008518121611415891,-0.00011858996537522179,0.0,0.0,1.3264391783491795e-06,0.0008518121611415891,-0.00011991640455357098,0.0,0.0,0.6492239964243852,0.04841503000974505
2012-06-29,0.002718352172758474,0.000630827740768978,0.0,0.0,1.3287157370867602e-06,0.002718352172758474,0.0006294990250318912,0.0,0.0,0.6496003688321005,0.04849812440366675
2012-07-02,0.001804874441639097,-0.0004922046401699664,0.0,0.0,3.9211708592965734e-06,0.001804874441639097,-0.000496125811029263,0.0,0.0,0.6501421418565108,0.047707578788108315
2012-07-03,0.0007060259025689089,0.000369904660590153,0.0,0.0,1.3188160130825035e-06,0.0007060259025689089,0.0003685858445770705,0.0,0.0,0.6510948967436395,0.04813678447751138
2012-07-05,0.0004965256767585578,-0.0002438074953647343,0.0,0.0,2.61455364757629e-06,0.0004965256767585578,-0.0002464220490123106,0.0,0.0,0.6511012416034,0.04771560406826729
2012-07-06,0.0007613097698320438,-0.00044563803749979975,0.0,0.0,1.3136279380825746e-06,0.0007613097698320438,-0.0004469516654378823,0.0,0.0,0.6514348410631683,0.04794741974001397
2012-07-09,0.0007615762589990735,-0.0004264126776539377,0.0,0.0,3.976261628083837e-06,0.0007615762589990735,-0.00043038893928202155,0.0,0.0,0.6519911921177646,0.04837784980835336
2012-07-10,0.0003125968606398005,-9.896581878804787e-05,0.0,0.0,1.3366603968342196e-06,0.0003125968606398005,-0.0001003024791848821,0.0,0.0,0.6525366565104769,0.048788104484449014
2012-07-11,0.00023077364906850726,0.00013714428545170032,3.568678805812392e-05,1.4921014651552868e-05,6.80338845264909e-07,0.00019508686101038335,0.00012154293195488257,0.17629093809620264,0.07370906190787413,0.6248323678600184,0.02483236785216918
2012-07-12,0.0015223937241611186,0.00023112851980655396,0.0,0.0,6.763673095401127e-07,0.0015223937241611186,0.00023045215249701385,0.0,0.0,0.6248652905415115,0.02468740679821411
2012-07-13,0.0021062522876425494,-0.00037149519628897466,0.0,0.0,6.68862608261293e-07,0.0021062522876425494,-0.00037216405889723596,0.0,0.0,0.6252916443851037,0.024413485201537192
2012-07-16,0.00041806314997665364,7.026370666475666e-05,0.0,0.0,2.033595242960807e-06,0.00041806314997665364,6.823011142179585e-05,0.0,0.0,0.6263118167238412,0.02474207545602315
2012-07-17,0.0005654727201041699,-0.0001287564235447263,0.0,0.0,6.756115026065864e-07,0.0005654727201041699,-0.0001294320350473329,0.0,0.0,0.6264252534942738,0.0246598198451404
2012-07-18,0.0012717220702882148,-0.0003354259361057846,0.0,0.0,6.788430726559402e-07,0.0012717220702882148,-0.00033610477917844057,0.0,0.0,0.6267174519073113,0.024777772151941817
2012-07-19,0.0003974002628739428,-0.0002766422320507191,0.0,0.0,6.873896906497687e-07,0.0003974002628739428,-0.0002773296217413689,0.0,0.0,0.6274021656629256,0.02508972370871656
2012-07-20,0.0004718798021261904,0.00033505203430524643,0.0,0.0,6.948854945371922e-07,0.0004718798021261904,0.0003343571488107092,0.0,0.0,0.6277241946792899,0.025363320550607516
2012-07-23,-0.0019949981714029574,0.00030366220908523747,0.0,0.0,2.055460771818581e-06,-0.0019949981714029574,0.0003016067483134189,0.0,0.0,0.6276900076035523,0.025008106057126066
2012-07-24,-0.0006121303111687301,0.00019496370541265226,0.0,0.0,6.779821672154863e-07,-0.0006121303111687301,0.00019428572324543678,0.0,0.0,0.6267563532651353,0.024746349103365248
2012-07-25,0.00043767646290052473,0.00016384435498469768,4.062179821575845e-07,1.5382741158876278e-16,6.72921872575835e-07,0.00043727024491836713,0.00016317143311196802,0.0020282253180853105,7.680522884356833e-13,0.6245616483688475,0.024561648349017976
2012-07-26,0.002778693918633714,-0.0003235919958554087,0.0,0.0,6.680318719597208e-07,0.002778693918633714,-0.0003242600277273684,0.0,0.0,0.6246242743842984,0.02438316332652981
2012-07-27,0.00029762652434676495,-0.0005833995763736376,0.0,0.0,6.752400739706939e-07,0.00029762652434676495,-0.0005840748164476083,0.0,0.0,0.6258668195697862,0.02464626269993033
2012-07-30,0.002061788184304492,1.946657603673107e-05,0.0,0.0,2.074265041703544e-06,0.002061788184304492,1.7392310995027527e-05,0.0,0.0,0.6263438612234484,0.025236891340726455
2012-07-31,9.453510642849926e-05,7.75041273108139e-06,0.0,0.0,6.894548486438368e-07,9.453510642849926e-05,7.060957882437553e-06,0.0,0.0,0.6271017915941031,0.02516510197550004
2012-08-01,-0.001535172448980704,7.37601856684962e-05,0.0,0.0,6.891724913562595e-07,-0.001535172448980704,7.307101317713994e-05,0.0,0.0,0.627132612495301,0.02515479593450347
2012-08-02,-0.0009224345505619849,8.942026710960327e-05,0.0,0.0,6.881578208896252e-07,-0.0009224345505619849,8.873210928871365e-05,0.0,0.0,0.6265134662849258,0.02511776046247132
2012-08-03,0.001705457073493369,-0.0004746922994937779,0.0,0.0,6.862801039559207e-07,0.001705457073493369,-0.00047537857959773384,0.0,0.0,0.6261130236907276,0.025049223794391104
2012-08-06,0.0003079455073008736,-0.00019428734213951775,0.0,0.0,2.0952787599642583e-06,0.0003079455073008736,-0.000196382620899482,0.0,0.0,0.6270471635336999,0.02549255824623181
2012-08-07,-0.00285445173741946,-0.0002137251986321542,0.0,0.0,7.036706906686272e-07,-0.00285445173741946,-0.00021442886932282283,0.0,0.0,0.6272851273016024,0.02568398020940489
2012-08-08,6.095268436554469e-05,4.795605863261561e-05,5.237086982226545e-06,4.864331861298216e-06,1.3734090736320916e-06,5.5715597383318144e-05,4.17183176976853e-05,0.026002779042266878,0.024152004159346763,0.6501294312130563,0.050129431187571336
2012-08-09,-0.000993057547633965,-0.0001927373681148652,0.0,0.0,1.371961533428477e-06,-0.000993057547633965,-0.00019410932964829367,0.0,0.0,0.650127039474666,0.050076595970139415
2012-08-10,0.0008766950050194979,6.907619653014779e-05,0.0,0.0,1.3788789687066703e-06,0.0008766950050194979,6.769731756144112e-05,0.0,0.0,0.6499055282435253,0.050329082357793466
2012-08-13,-0.0006509484282359704,-2.3095239967080605e-05,0.0,0.0,4.1270618449935645e-06,-0.0006509484282359704,-2.722230181207417e-05,0.0,0.0,0.6501682093832171,0.050212585780755034
2012-08-14,-0.0010910949948317668,4.574751159024343e-05,0.0,0.0,1.3772540413436692e-06,-0.0010910949948317668,4.437025754889976e-05,0.0,0.0,0.6499580434758256,0.05026977250904392
2012-08-15,-0.0025560791879944743,-0.00027827391215968524,0.0,0.0,1.3774424879881063e-06,-0.0025560791879944743,-0.0002796513546476733,0.0,0.0,0.6495468452319222,0.05027665081156588
2012-08-16,-0.0009677430667676159,-0.0005682509584605702,0.0,0.0,1.389005275470545e-06,-0.0009677430667676159,-0.0005696399637360408,0.0,0.0,0.6488306750060456,0.050698692554674886
2012-08-17,0.0002690863132351174,-0.00029096792204078736,0.0,0.0,1.406736487684981e-06,0.0002690863132351174,-0.00029237465852847234,0.0,0.0,0.6488604790289013,0.0513458818005018
2012-08-20,0.00047360130094261277,1.5504680252056357e-05,0.0,0.0,4.24422347567133e-06,0.00047360130094261277,1.1260456776385027e-05,0.0,0.0,0.6491446828476561,0.05163805228733452
2012-08-21,-0.0008411470939541971,0.0001210563290897696,0.0,0.0,1.413630957206103e-06,-0.0008411470939541971,0.0001196426981325635,0.0,0.0,0.649303461730851,0.05159752993802277
2012-08-22,0.002294893092081563,-0.0005295482407265124,1.1097095959248726e-05,1.0122497873488417e-05,2.7811956418624908e-06,0.0022837959961223143,-0.0005424519342418633,0.054814019711787065,0.05000000000067409,0.7015136409163405,0.10151364092798092
2012-08-23,-0.0007447578440099587,-3.1907107070920535e-05,0.0,0.0,2.7908439932260602e-06,-0.0007447578440099587,-3.4697951064146596e-05,0.0,0.0,0.7025850916311442,0.1018658057527512
2012-08-24,0.0015557964553581107,-0.0002566094062714358,0.0,0.0,2.7938958788766958e-06,0.0015557964553581107,-0.0002594033021503125,0.0,0.0,0.7023878140391766,0.1019771995789994
2012-08-27,0.0013995981712194346,7.571342027553384e-05,0.0,0.0,8.391899619498069e-06,0.0013995981712194346,6.732152065603577e-05,0.0,0.0,0.70303220435832,0.10210144537055982
2012-08-28,0.00020926794253475328,-0.00019991703859173197,0.0,0.0,2.7911311676121235e-06,0.00020926794253475328,-0.0002027081697593441,0.0,0.0,0.7033999712604327,0.10187628761784251
2012-08-29,-0.0007714979024828935,0.00025357292365048274,0.0,0.0,2.7965900017566656e-06,-0.0007714979024828935,0.0002507763336487261,0.0,0.0,0.7036046237165123,0.1020755350641183
2012-08-30,-0.0006727710405392114,0.0005373125242098462,0.0,0.0,2.791096182351822e-06,-0.0006727710405392114,0.0005345214280274943,0.0,0.0,0.703199296855091,0.10187501065584151
2012-08-31,0.001887501078048091,-0.0014372326150308417,0.0,0.0,2.7767591771578605e-06,0.001887501078048091,-0.0014400093742079996,0.0,0.0,0.7026236632637395,0.10135170996626192
2012-09-04,0.00035513380882751347,-0.00035418618126441725,0.0,0.0,1.1259503118509516e-05,0.00035513380882751347,-0.0003654456843829268,0.0,0.0,0.704196042454912,0.10274296595639933
2012-09-05,1.829354979271863e-05,7.462382679961897e-05,0.0,0.0,2.824608637633689e-06,1.829354979271863e-05,7.179921816198528e-05,0.0,0.0,0.7045584415827105,0.10309821527362964
2012-09-06,0.0010190581155311135,-0.003599598136674257,1.5824161047048655e-05,3.480723286244684e-05,4.706884763670968e-06,0.0010032339544840648,-0.0036391122543003745,0.07813413687792335,0.17186586313992355,0.7718012938527927,0.17180129387399035
2012-09-07,0.00013432583941813353,-0.0016883978278908736,0.0,0.0,4.818204090308871e-06,0.00013432583941813353,-0.0016932160319811825,0.0,0.0,0.7748627959976289,0.17586444929627376
2012-09-10,2.778355816315128e-05,0.0008769637211669867,0.0,0.0,1.461616969873301e-05,2.778355816315128e-05,0.0008623475514682537,0.0,0.0,0.7762071435405098,0.1778300646679183
2012-09-11,1.834675959889052e-05,-0.00035074583963357785,0.0,0.0,4.8437186182962475e-06,1.834675959889052e-05,-0.0003555895582518741,0.0,0.0,0.7755445907315566,0.17679572956781306
2012-09-12,-0.002147425790488349,-0.0005077736655353233,0.0,0.0,4.854965395472034e-06,-0.002147425790488349,-0.0005126286309307953,0.0,0.0,0.7758245787433544,0.17720623693472923
2012-09-13,0.005061260627847189,-0.002955960293577083,0.0,0.0,4.881863024068911e-06,0.005061260627847189,-0.0029608421566011517,0.0,0.0,0.7757406653395773,0.17818800037851523
2012-09-14,-0.0028253614488938246,-0.0018423516826483659,0.0,0.0,4.952446028475512e-06,-0.0028253614488938246,-0.0018473041286768415,0.0,0.0,0.7791653526685247,0.18076428003935624
2012-09-17,3.2699878473596024e-06,0.0012979009735564822,0.0,0.0,1.5079224424026274e-05,3.2699878473596024e-06,0.001282821749132456,0.0,0.0,0.7799845984036266,0.1834638971589863
2012-09-18,0.0009242083584734394,0.0004459883457357105,0.0,0.0,4.984438765050509e-06,0.0009242083584734394,0.00044100390697065996,0.0,0.0,0.7789860209067628,0.18193201492434352
2012-09-19,0.0012056132050692796,-0.00017499791317754972,0.0,0.0,4.965441025272187e-06,0.0012056132050692796,-0.0001799633542028219,0.0,0.0,0.778846937872749,0.18123859742243478
2012-09-20,0.00013116480452401936,0.0003324397628078276,9.692566099027331e-06,2.1636246207979213e-05,4.917459469320739e-06,0.00012147223842499204,0.0003058860571305277,0.047462888322096955,0.10594910852160859,0.7794872706413857,0.17948727063020695
2012-09-21,0.00022759490201019225,-0.0004741561561140119,0.0,0.0,4.906254801923963e-06,0.00022759490201019225,-0.00047906241091593587,0.0,0.0,0.779285401365031,0.17907830027022464
2012-09-24,0.001245614497984017,0.0007498838124532191,0.0,0.0,1.4761448169229534e-05,0.001245614497984017,0.0007351223642839895,0.0,0.0,0.779709067763983,0.17959761939229263
2012-09-25,-0.0009311637491024677,0.0023771523967129875,0.0,0.0,4.890251659364021e-06,-0.0009311637491024677,0.0023722621450536236,0.0,0.0,0.7794108744121663,0.17849418556678678
2012-09-26,0.0008526186162047898,0.0013421102795177437,0.0,0.0,4.818180723927723e-06,0.0008526186162047898,0.001337292098793816,0.0,0.0,0.7773594591933428,0.17586359642336194
2012-09-27,0.0008567379611808105,-0.002038644444580373,0.0,0.0,4.770962597171e-06,0.0008567379611808105,-0.002043415407177544,0.0,0.0,0.7765115867653697,0.1741401347967415
2012-09-28,0.00037752392435595966,0.0010698479817558444,0.0,0.0,4.8325505483676435e-06,0.00037752392435595966,0.0010650154312074767,0.0,0.0,0.7782919061780138,0.176388095015419
2012-10-01,0.0006657187813108732,-0.0004903409416204258,0.0,0.0,1.4388962289884809e-05,0.0006657187813108732,-0.0005047299039103105,0.0,0.0,0.7775477868190519,0.17506570786026518
2012-10-02,0.001499935961951082,-0.0003546757684553511,0.0,0.0,4.8089805693122e-06,0.001499935961951082,-0.0003594847490246633,0.0,0.0,0.778088242047757,0.1755277907798953
2012-10-03,0.0016332993766972916,0.0007267802886428162,0.0,0.0,4.813208484199569e-06,0.0016332993766972916,0.0007219670801586167,0.0,0.0,0.7787001085264331,0.17568210967328426
2012-10-04,0.0006125174629266678,-0.0015674127894605419,3.765795511539631e-05,5.242273037740053e-06,5.479452053916323e-06,0.0005748595078112715,-0.0015781345145521983,0.18286193651884802,0.025455768814429472,0.8000000001744301,0.19999999996794576
2012-10-05,-0.00038778352156051526,0.00026555648050190244,0.0,0.0,5.527940915024712e-06,-0.00038778352156051526,0.0002600285395868777,0.0,0.0,0.8014165588408299,0.20176984339840195
2012-10-08,-9.461913113914799e-05,0.0008315170106507765,0.0,0.0,1.656411233290538e-05,-9.461913113914799e-05,0.0008149528983178711,0.0,0.0,0.8011311238115507,0.20153003338368214
2012-10-09,-0.0021699344001585336,0.0017249433380306899,0.0,0.0,5.494631521049275e-06,-0.0021699344001585336,0.0017194487065096407,0.0,0.0,0.8004599063805727,0.20055405051829855
2012-10-10,0.00011002273335595506,0.0014817879967082307,0.0,0.0,5.449827868947204e-06,0.00011002273335595506,0.0014763381688392835,0.0,0.0,0.7986497522680474,0.19891871721657295
2012-10-11,0.0011546949711206287,-0.0007677939545466914,0.0,0.0,5.400663536051037e-06,0.0011546949711206287,-0.0007731946180827424,0.0,0.0,0.7974946606520354,0.19712421906586283
2012-10-12,0.0005174828218256302,0.0012186382054698774,0.0,0.0,5.419631395569789e-06,0.0005174828218256302,0.0012132185740743077,0.0,0.0,0.7983447868051441,0.1978165459382973
2012-10-15,0.0024183931882520056,-0.001242799264448094,0.0,0.0,1.6130814519218755e-05,0.0024183931882520056,-0.0012589300789673128,0.0,0.0,0.7974820663016161,0.19625824331716155
2012-10-16,0.0007410128491117672,-0.002461325850191262,0.0,0.0,5.4047208934973155e-06,0.0007410128491117672,-0.0024667305710847592,0.0,0.0,0.7989740785205489,0.19727231261265202
2012-10-17,-0.0006743911038104853,-0.0017008913384778672,0.0,0.0,5.481614197199189e-06,-0.0006743911038104853,-0.0017063729526750665,0.0,0.0,0.8010975596253354,0.20007891819777035
2012-10-18,7.206151843852848e-05,0.0007676914125352949,4.93358567954637e-05,1.0700702650285755e-06,5.479452054373671e-06,2.2725661643064776e-05,0.0007611418902158927,0.2415313898752327,0.005238696055244646,0.80000000004342,0.199999999984639
2012-10-19,-0.00392450165925881,0.0037920325170075282,0.0,0.0,5.454144086361887e-06,-0.00392450165925881,0.0037865783729211662,0.0,0.0,0.7994454022515508,0.19907625915220883
2012-10-22,-0.0008393507474417368,2.961197092568219e-05,0.0,0.0,1.6052972432291535e-05,-0.0008393507474417368,1.3558998493390655e-05,0.0,0.0,0.7956306365844008,0.1953111645928804
2012-10-23,-0.0037168733601141957,0.0026352301271715902,0.0,0.0,5.354601309469437e-06,-0.0037168733601141957,0.0026298755258621206,0.0,0.0,0.795448160364504,0.19544294779563448
2012-10-24,-0.00043696622427864536,0.0006591739571648614,0.0,0.0,5.288151432948316e-06,-0.00043696622427864536,0.000653885805731913,0.0,0.0,0.7925928336980633,0.1930175273026135
2012-10-25,0.0005325496908277852,-0.0007675934749809915,0.0,0.0,5.268948934280522e-06,0.0005325496908277852,-0.000772862423915272,0.0,0.0,0.7919840706206681,0.19231663610123906
2012-10-26,-0.0009691460802209362,0.00031583385670076877,0.0,0.0,5.2912504473556335e-06,-0.0009691460802209362,0.0003105426062534131,0.0,0.0,0.7927071179255424,0.19313064132848062
2012-10-31,0.0014325900482771439,-0.00037285048634266995,0.0,0.0,2.6430394474520604e-05,0.0014325900482771439,-0.0003992808808171906,0.0,0.0,0.792259756873483,0.19294187966400042
2012-11-01,0.0001935249648810704,-0.0020082136813152933,0.0,0.0,5.290826916765191e-06,0.0001935249648810704,-0.0020135045082320586,0.0,0.0,0.7928730639161836,0.19311518246192946
2012-11-02,-0.001145350107494856,0.002971280273034803,0.0,0.0,5.355593540363905e-06,-0.001145350107494856,0.002965924679494439,0.0,0.0,0.7945125855336709,0.1954791642232825
2012-11-05,-0.00027030958961000724,-0.0011991391317802307,2.1041285568473656e-06,4.8601874929201616e-05,1.6408196045449032e-05,-0.0002724137181668546,-0.0012641492027548815,0.010374158938209482,0.23962584109688098,0.7996330519391015,0.19963305188629657
2012-11-06,0.0008937227559969536,0.00017552305079697616,0.0,0.0,5.510719375774853e-06,0.0008937227559969536,0.0001700123314212013,0.0,0.0,0.800592903720101,0.20114125721578213
2012-11-07,-0.0028816319984088464,5.760016113112604e-05,0.0,0.0,5.500059918350036e-06,-0.0028816319984088464,5.2100101212776e-05,0.0,0.0,0.8006349629737691,0.20075218701977632
2012-11-08,-0.003100854046457938,-0.00011356636769396735,0.0,0.0,5.514084108612845e-06,-0.003100854046457938,-0.00011908045180258019,0.0,0.0,0.8000170046081984,0.20126406996436885
2012-11-09,-0.0003983120234203137,-9.921156114825724e-05,0.0,0.0,5.535017911067262e-06,-0.0003983120234203137,-0.0001047465790593245,0.0,0.0,0.7994904574667677,0.20202815375395508
2012-11-12,0.0009613421505793319,1.9777686704306426e-05,0.0,0.0,1.662156973173095e-05,0.0009613421505793319,3.156116972575477e-06,0.0,0.0,0.7994943379476858,0.20222909840272657
2012-11-13,-0.0009936954034239528,6.15998690653251e-05,0.0,0.0,5.534643235667743e-06,-0.0009936954034239528,5.606522582965735e-05,0.0,0.0,0.7996843858934825,0.2020144781018726
2012-11-14,-0.005129194419346369,0.001449250457057585,0.0,0.0,5.538148302999002e-06,-0.005129194419346369,0.001443712308754586,0.0,0.0,0.7994402698122186,0.20214241305946357
2012-11-15,-0.0008750051990620954,0.0005927163714820143,0.0,0.0,5.5187821840363404e-06,-0.0008750051990620954,0.000587197589297978,0.0,0.0,0.7972493235123584,0.2014355497173264
2012-11-16,0.001750365207549284,-0.00027883521190177283,0.0,0.0,5.504127509120438e-06,0.001750365207549284,-0.00028433933941089326,0.0,0.0,0.7966035868875679,0.200900654082896
2012-11-19,0.0045802248213183475,-0.0013338888285566728,2.1257563937386775e-05,6.0860184847513276e-05,7.88591957206613e-06,0.004558967257380961,-0.001402634932976252,0.10124000318282016,0.28984907799490345,0.6959453550800563,0.09594535479347124
2012-11-20,0.0008377959878181871,-6.372641589236092e-05,0.0,0.0,2.656799016153756e-06,0.0008377959878181871,-6.638321490851468e-05,0.0,0.0,0.6983214453505897,0.09697316408961208
2012-11-21,-0.000267776820106454,-1.8931099187942228e-05,0.0,0.0,2.6564956906493394e-06,-0.000267776820106454,-2.158759487859157e-05,0.0,0.0,0.6986203167026892,0.09696209270870089
2012-11-23,0.0030682369158701946,-0.0008185199322964737,0.0,0.0,5.31556683769043e-06,0.0030682369158701946,-0.0008238354991341641,0.0,0.0,0.698554676747955,0.09700909478785036
2012-11-26,-0.0004889654482909586,-0.000174226117906753,0.0,0.0,8.02261988796684e-06,-0.0004889654482909586,-0.00018224873779471983,0.0,0.0,0.7000517165993012,0.09760854197026322
2012-11-27,-0.00046088072328987015,-0.0006086147010650514,0.0,0.0,2.680779324733622e-06,-0.00046088072328987015,-0.0006112954803897851,0.0,0.0,0.7000326229782762,0.0978484453527772
2012-11-28,0.002301947018007126,0.0006251152452422566,0.0,0.0,2.700348949991079e-06,0.002301947018007126,0.0006224148962922655,0.0,0.0,0.7003226114939288,0.09856273667467438
2012-11-29,0.0027011612173674596,8.521721225114619e-05,0.0,0.0,2.6753986709370936e-06,0.0027011612173674596,8.25418135802091e-05,0.0,0.0,0.700575821262158,0.0976520514892039
2012-11-30,0.0010083347791396858,0.0006199412816757898,0.0,0.0,2.6656435926449543e-06,0.0010083347791396858,0.0006172756380831448,0.0,0.0,0.7013247027787217,0.09729599113154082
2012-12-03,0.0001900004833411879,-0.00012372803572513583,0.0,0.0,7.933080601522403e-06,0.0001900004833411879,-0.00013166111632665822,0.0,0.0,0.7011931706351915,0.09651914731852258
2012-12-04,-0.000383720476720459,0.00016630735207855943,3.615185374308425e-05,1.5223106241261968e-05,4.677141675838299e-06,-0.00041987233046354326,0.00014640710416145917,0.1759215664311124,0.0740784335691875,0.7707156711682208,0.17071567116809794
2012-12-05,0.0007257758476634185,0.0002828794337229231,0.0,0.0,4.673863449153755e-06,0.0007257758476634185,0.00027820557027376935,0.0,0.0,0.7705426673163936,0.17059601589411208
2012-12-06,0.0013577210464017766,0.00013396574074782215,0.0,0.0,4.661433335232369e-06,0.0013577210464017766,0.00012930430741258978,0.0,0.0,0.7704948806212976,0.17014231673598146
2012-12-07,0.00029892598461806873,0.0006092145722981533,0.0,0.0,4.650847113390977e-06,0.00029892598461806873,0.0006045637251847623,0.0,0.0,0.7707065415001378,0.16975591963877068
2012-12-10,0.00019561193022018988,8.752506389142034e-05,0.0,0.0,1.3889919510225608e-05,0.00019561193022018988,7.363514438119473e-05,0.0,0.0,0.7703095007774402,0.16899402070774489
2012-12-11,0.0005869670244145718,0.0005780434131495227,0.0,0.0,4.626329597409029e-06,0.0005869670244145718,0.0005734170835521137,0.0,0.0,0.770297712302051,0.16886103030542954
2012-12-12,-0.0007491130255818104,0.0007968739679700314,0.0,0.0,4.6051490497971144e-06,-0.0007491130255818104,0.0007922688189202343,0.0,0.0,0.7699911937819269,0.16808794031759466
2012-12-13,-0.002859864210796271,0.0009557973691208191,0.0,0.0,4.58311909815044e-06,-0.002859864210796271,0.0009512142500226686,0.0,0.0,0.7692088849366726,0.16728384708249106
2012-12-14,-0.0020244043030978568,-0.0004091103910149245,0.0,0.0,4.565647091000604e-06,-0.0020244043030978568,-0.00041367603810592513,0.0,0.0,0.767814509860002,0.16664611882152203
2012-12-17,0.001580307011884776,0.0005705973124001963,0.0,0.0,1.376412482674604e-05,0.001580307011884776,0.0005568331875734502,0.0,0.0,0.7676617265210296,0.16746351872541015
2012-12-18,0.0009083909985256167,0.0009524182476571706,2.479553728396458e-05,4.848784500231821e-06,3.9097139198896355e-06,0.0008835954612416521,0.0009436597492370492,0.12187351549449055,0.023832450418431215,0.7427045580033373,0.1427045580759717
2012-12-19,-0.00041756975739852607,0.0012408585426942754,0.0,0.0,3.8765368471163845e-06,-0.00041756975739852607,0.001236982005847159,0.0,0.0,0.7422566566584712,0.14149359491974803
2012-12-20,0.0013287363410026476,0.0011659517019832041,0.0,0.0,3.839394675635163e-06,0.0013287363410026476,0.001162112307307569,0.0,0.0,0.7412317125568649,0.14013790566068346
2012-12-21,-0.001343432344226488,-0.0004935403466535436,0.0,0.0,3.7979905737022482e-06,-0.001343432344226488,-0.0004973383372272459,0.0,0.0,0.7407154388482299,0.13862665594013204
2012-12-24,-0.0007633141642044151,0.00013980573870128401,0.0,0.0,1.1455623857640568e-05,-0.0007633141642044151,0.00012835011484364344,0.0,0.0,0.7407355307517223,0.13937675693462692
2012-12-26,-0.0006439733843575952,0.0010962184260035531,0.0,0.0,7.634269469994971e-06,-0.0006439733843575952,0.0010885841565335581,0.0,0.0,0.7404423708736461,0.1393254178274082
2012-12-27,0.0008004964749161746,0.0002569680649978714,0.0,0.0,3.7854183157027873e-06,0.0008004964749161746,0.0002531826466821686,0.0,0.0,0.7394696213299483,0.13816776852315177
2012-12-28,-0.0019959972100827158,4.889668075124804e-05,0.0,0.0,3.774401087121904e-06,-0.0019959972100827158,4.512227966412614e-05,0.0,0.0,0.739490931649574,0.1377656396799495
2012-12-31,0.002288778224813018,-0.0001757729040033399,0.0,0.0,1.1341309833130047e-05,0.002288778224813018,-0.00018711421383646993,0.0,0.0,0.7389365071464544,0.13798593630308226
2013-01-02,0.006267477697372728,0.0006423441724426626,0.0,0.0,7.554627325720077e-06,0.006267477697372728,0.0006347895451169424,0.0,0.0,0.7396707459844596,0.1378719486943914
2013-01-03,-0.0015537629093969902,0.0006430528763072448,1.625967654119361e-05,5.941031441564125e-06,3.1087543107556633e-06,-0.0015700225859381837,0.000634003090554925,0.07611540970894556,0.027811379957204542,0.7134695322793296,0.11346953234258171
2013-01-04,0.00039308027014757073,0.0009696941939480868,0.0,0.0,3.0940324984714656e-06,0.00039308027014757073,0.0009666001614496153,0.0,0.0,0.7125827607260462,0.1129321861942085
2013-01-07,0.0008339994786128394,3.3918501394707514e-06,0.0,0.0,9.189901273830793e-06,0.0008339994786128394,-5.798051134360041e-06,0.0,0.0,0.712007738007679,0.11181046549827464
2013-01-08,-0.00031651788871357874,-0.0008196762931904977,0.0,0.0,3.0606726437565793e-06,-0.00031651788871357874,-0.0008227369658342543,0.0,0.0,0.7122518494878217,0.11171455149711512
2013-01-09,0.0016756394046232627,0.0003129701738082953,0.0,0.0,3.086646004946931e-06,0.0016756394046232627,0.0003098835278033484,0.0,0.0,0.7127473324576765,0.11266257918056297
2013-01-10,0.0011681741938873802,-0.0001932173922016161,0.0,0.0,3.0719720087659372e-06,0.0011681741938873802,-0.00019628936421038203,0.0,0.0,0.7130072795577508,0.1121269783199567
2013-01-11,0.00033541251869733746,0.0006661643956061958,0.0,0.0,3.0742777920012844e-06,0.00033541251869733746,0.0006630901178141946,0.0,0.0,0.7134820313890841,0.11221113940804686
2013-01-14,0.00016346797584086827,-0.00028214350263571343,0.0,0.0,9.158934917346215e-06,0.00016346797584086827,-0.00029130243755305966,0.0,0.0,0.7131054062795006,0.11143370816104561
2013-01-15,0.001123623574554841,-0.0008188493644634008,0.0,0.0,3.061099578775293e-06,0.001123623574554841,-0.0008219104640421761,0.0,0.0,0.7133600662554183,0.11173013462529818
2013-01-16,-0.0006074026863958864,-0.0002952914544138049,0.0,0.0,3.0826037459739975e-06,-0.0006074026863958864,-0.0002983740581597789,0.0,0.0,0.7142681857539089,0.11251503672805091
2013-01-17,0.0015727867580702186,0.0008113238288517165,1.4198370953587485e-05,1.328946664282228e-05,1.369863013909697e-06,0.0015585883871166311,0.0007966644991949846,0.06894457124421169,0.06453110590987418,0.6500000000188989,0.050000000007703944
2013-01-18,0.001324945178072972,0.00011241889911472752,0.0,0.0,1.3444684007228134e-06,0.001324945178072972,0.0001110744307140047,0.0,0.0,0.6500417740125031,0.049073096626382685
2013-01-22,0.00044297881714931226,-0.0007229398292005559,0.0,0.0,5.3578597319000755e-06,0.00044297881714931226,-0.0007282976889324559,0.0,0.0,0.6504326851005757,0.04889047005358819
2013-01-23,8.200533388910575e-05,-1.796676853185646e-05,0.0,0.0,1.3596594401355167e-06,8.200533388910575e-05,-1.9326427971991976e-05,0.0,0.0,0.6510614240286904,0.04962756956494636
2013-01-24,0.0013794821068674494,0.0008398723694294314,0.0,0.0,1.3600664328932779e-06,0.0013794821068674494,0.000838512302996538,0.0,0.0,0.6511026189627833,0.04964242480060464
2013-01-25,0.0002015469830181337,0.00037643670422723345,0.0,0.0,1.334097210835254e-06,0.0002015469830181337,0.0003751026070163982,0.0,0.0,0.6510381021983664,0.04869454819548677
2013-01-28,-0.0015278281511237357,-6.718246561239999e-05,0.0,0.0,3.9690628709412425e-06,-0.0015278281511237357,-7.115152848334123e-05,0.0,0.0,0.6508643285331677,0.048290264929785116
2013-01-29,-0.00017179668805042522,-3.5888488938072964e-05,0.0,0.0,1.3269833919555573e-06,-0.00017179668805042522,-3.721547233002852e-05,0.0,0.0,0.6503764390922476,0.04843489380637784
2013-01-30,-0.0023284932722617353,0.00020191238539821093,0.0,0.0,1.3282442574295914e-06,-0.0023284932722617353,0.00020058414114078134,0.0,0.0,0.650340571492028,0.04848091539618009
2013-01-31,-0.0011351170043354909,0.0001888506781691127,0.0,0.0,1.3255330250819721e-06,-0.0011351170043354909,0.00018752514514403074,0.0,0.0,0.6493939294920267,0.048381955415491985
2013-02-01,0.0011362843107312697,-2.7515571939394102e-15,1.2140837071852331e-05,9.843667255335089e-06,6.2512000149659235e-18,0.0011241434736594174,-9.843667258092897e-06,0.059496078410260354,0.0482388154459085,0.6000000000129972,2.281688005462562e-13
2013-02-04,-0.002126316667899825,3.1140427534941465e-15,0.0,0.0,1.8958629833148302e-17,-0.002126316667899825,3.095084123660998e-15,0.0,0.0,0.6004671838570063,2.3066332963663763e-13
2013-02-05,0.002082734283414303,-2.2509584735331337e-15,0.0,0.0,6.247511225145241e-18,0.002082734283414303,-2.257205984758279e-15,0.0,0.0,0.5996158403447666,2.280341597178013e-13
2013-02-06,0.0004407858375482965,2.5446126202098405e-16,0.0,0.0,6.296068283046728e-18,0.0004407858375482965,2.481651937379373e-16,0.0,0.0,0.6004480009911105,2.2980649233120557e-13
2013-02-07,-0.0005508063359707518,5.161728087514596e-16,0.0,0.0,6.2863258182306046e-18,-0.0005508063359707518,5.09886482933229e-16,0.0,0.0,0.6006240402580219,2.2945089236541704e-13
2013-02-08,0.0022254496854995642,-1.8441222446000385e-15,0.0,0.0,6.275640760135849e-18,0.0022254496854995642,-1.8503978853601744e-15,0.0,0.0,0.6004039402164637,2.290608877449585e-13
2013-02-11,-0.00053781042913761,1.1297481023928228e-16,0.0,0.0,1.8936352072979253e-17,-0.00053781042913761,9.403845816630303e-17,0.0,0.0,0.6012912464865774,2.303922835545809e-13
2013-02-12,0.00042181788644337384,4.141337353061821e-16,0.0,0.0,6.31241704109699e-18,0.00042181788644337384,4.0782131826508513e-16,0.0,0.0,0.6010767013761514,2.3040322200004013e-13
2013-02-13,-0.0007006200591359786,-8.162327095071094e-16,0.0,0.0,6.298414127627312e-18,-0.0007006200591359786,-8.225311236347367e-16,0.0,0.0,0.6012449034082039,2.2989211565839686e-13
2013-02-14,0.0006591577161657218,4.1577778683778147e-16,0.0,0.0,6.325208235381734e-18,0.0006591577161657218,4.0945257860239974e-16,0.0,0.0,0.6009653317153135,2.308701005914333e-13
2013-02-15,0.00021834612793296548,5.1930427362424835e-15,4.0604450345361994e-05,1.6213864322533448e-15,2.1191373802585536e-16,0.0001777416775876035,3.359742565963283e-15,0.19947169399475445,7.965153955067102e-12,0.6000000000943332,7.734851437943721e-12
2013-02-19,0.0019797859552637682,-5.190357050850857e-14,0.0,0.0,8.469353158257408e-16,0.0019797859552637682,-5.275050582433431e-14,0.0,0.0,0.6001116813652784,7.728284756909885e-12
2013-02-20,-0.0031790215177675725,1.0618885648207558e-13,0.0,0.0,2.12734675464135e-16,-0.0031790215177675725,1.0597612180661144e-13,0.0,0.0,0.6009018103559386,7.764815654440928e-12
2013-02-21,-0.0019336506407164767,6.235828413208188e-14,0.0,0.0,2.1049455845558105e-16,-0.0019336506407164767,6.21477895736263e-14,0.0,0.0,0.5996290224030045,7.683051383628708e-12
2013-02-22,0.002188404528230448,-9.371805585787401e-14,0.0,0.0,2.091906138795231e-16,0.002188404528230448,-9.392724647175354e-14,0.0,0.0,0.5988533449163435,7.635457406602592e-12
2013-02-25,-0.0041503030607057435,1.0909937124866692e-13,0.0,0.0,6.338874932840639e-16,-0.0041503030607057435,1.0846548375538286e-13,0.0,0.0,0.5997292991307,7.71229783495611e-12
2013-02-26,0.002787874134162519,-4.4344559037767407e-14,0.0,0.0,2.0917494664612712e-16,0.002787874134162519,-4.4553733984413535e-14,0.0,0.0,0.5980611310124596,7.63488555258364e-12
2013-02-27,0.003505436011607952,-6.502820428685572e-14,0.0,0.0,2.0980495626104942e-16,0.003505436011607952,-6.523800924311678e-14,0.0,0.0,0.5991785707076285,7.657880903528304e-12
2013-02-28,0.00019603266700146,1.5554059330345562e-14,0.0,0.0,2.1084743869450418e-16,0.00019603266700146,1.534321189165106e-14,0.0,0.0,0.6005787164587957,7.695931512349403e-12
2013-03-01,0.0013447280095829407,-1.2957904268535124e-14,0.0,0.0,2.1038005871871614e-16,0.0013447280095829407,-1.316828432725384e-14,0.0,0.0,0.6006570007319814,7.678872143233139e-12
2013-03-04,0.0032379086666434785,0.000529810302937328,2.1010822694207376e-05,2.0374784315211154e-05,8.219178082191782e-06,0.003216897843949271,0.0005012163405399251,0.10312169380922144,0.1000000000076815,0.7000000000656054,0.1
2013-03-05,0.00349183121425831,0.0002849236415241556,0.0,0.0,2.715115566929925e-06,0.00349183121425831,0.0002822085259572257,0.0,0.0,0.7006328756989932,0.09910171819294225
2013-03-06,-0.0008109465539159912,0.0008932030842337116,0.0,0.0,2.6971303625919157e-06,-0.0008109465539159912,0.0008905059538711197,0.0,0.0,0.7014773036922577,0.09844525823460491
2013-03-07,-0.0008917060787102394,0.0007512171321523602,0.0,0.0,2.6724464269815063e-06,-0.0008917060787102394,0.0007485446857253787,0.0,0.0,0.7006106169780525,0.09754429458482498
2013-03-08,0.0010132722444818564,0.0010101537616011914,0.0,0.0,2.6522448347547415e-06,0.0010132722444818564,0.0010075015167664366,0.0,0.0,0.699819097976246,0.09680693646854806
2013-03-11,0.0008137824614303608,-9.16300520870745e-05,0.0,0.0,7.857829272480068e-06,0.0008137824614303608,-9.948788135955456e-05,0.0,0.0,0.6994190026520501,0.09560358948184082
2013-03-12,5.0998198899490426e-05,-0.0006911123413119045,0.0,0.0,2.6199154451432605e-06,5.0998198899490426e-05,-0.0006937322567570478,0.0,0.0,0.6997329696457657,0.095626913747729
2013-03-13,0.0006573620585994093,0.00010000283180967367,0.0,0.0,2.640547199453206e-06,0.0006573620585994093,9.736228461022046e-05,0.0,0.0,0.7002340321055702,0.09637997278004201
2013-03-14,0.001450751001760921,0.00029143714641478125,0.0,0.0,2.635818079772905e-06,0.001450751001760921,0.00028880132833500837,0.0,0.0,0.7003628132998935,0.09620735991171105
2013-03-15,-0.0006163545057696546,-0.00044873014698631596,0.0,0.0,2.623270184656885e-06,-0.0006163545057696546,-0.00045135341717097283,0.0,0.0,0.7005948429102166,0.0957493617399763
2013-03-18,-0.002248638453770958,0.0002119772781226041,9.516894190075402e-07,3.906562600741882e-05,7.956418805106922e-06,-0.0022495901431899656,0.00016495523331007834,0.004704264606302263,0.1931040085970374,0.6968030955349755,0.09680309546213423
2013-03-19,-0.0003687748357256227,0.0001840624298184679,0.0,0.0,2.651860165318156e-06,-0.0003687748357256227,0.00018141056965314975,0.0,0.0,0.696005374181688,0.0967928960341127
2013-03-20,0.0033735158323037525,-0.0006797763647580736,0.0,0.0,2.6473133709485715e-06,0.0033735158323037525,-0.0006824236781290222,0.0,0.0,0.6957669612120072,0.09662693803962286
2013-03-21,-0.0022031944229847383,0.001101653088395687,0.0,0.0,2.6587823526131678e-06,-0.0022031944229847383,0.0010989943060430738,0.0,0.0,0.6972640751622539,0.09704555587038062
2013-03-22,0.0033025237300428906,-0.0009332030694272195,0.0,0.0,2.631505785214532e-06,0.0033025237300428906,-0.000935834575212434,0.0,0.0,0.6958292154403298,0.09604996116033042
2013-03-25,-0.0006892034789818665,0.00035264502106611766,0.0,0.0,7.952398123394767e-06,-0.0006892034789818665,0.0003446926229427229,0.0,0.0,0.6974810184084055,0.09675417716796966
2013-03-26,0.003826210272534375,-0.0005220920937204546,0.0,0.0,2.6420480812846332e-06,0.003826210272534375,-0.0005247341418017392,0.0,0.0,0.697031950003206,0.09643475496688911
2013-03-27,0.0007656191908605132,-0.00012659723874826155,0.0,0.0,2.6476109499086856e-06,0.0007656191908605132,-0.00012924484969817023,0.0,0.0,0.6985519078259751,0.09663779967166702
2013-03-28,0.002167690645665894,-0.00023894942560664825,0.0,0.0,2.649393361453763e-06,0.002167690645665894,-0.000241598818968102,0.0,0.0,0.6988727823104365,0.09670285769306235
2013-04-01,-0.00014632791608338447,0.0006593380293736455,0.0,0.0,1.0603336684114699e-05,-0.00014632791608338447,0.0006487346926895308,0.0,0.0,0.6996928003721062,0.09675544724254663
2013-04-02,0.0036046168706504156,0.0,2.1500046011696885e-05,1.9401408077102426e-05,0.0,0.0035831168246387188,-1.9401408077102426e-05,0.1064372892269696,0.09604785412038441,0.6000000000514867,0.0
2013-04-03,-0.0025988395138225357,0.0,0.0,0.0,0.0,-0.0025988395138225357,0.0,0.0,0.0,0.6014611804409364,0.0
2013-04-04,0.0036930671050092703,0.0,0.0,0.0,0.0,0.0036930671050092703,0.0,0.0,0.0,0.6004227432773409,0.0
2013-04-05,-0.0008175461243229942,0.0,0.0,0.0,0.0,-0.0008175461243229942,0.0,0.0,0.0,0.6018929792200565,0.0
2013-04-08,0.0033774781580957402,0.0,0.0,0.0,0.0,0.0033774781580957402,0.0,0.0,0.0,0.6015672420630018,0.0
2013-04-09,0.0003802551398931686,0.0,0.0,0.0,0.0,0.0003802551398931686,0.0,0.0,0.0,0.6029084102341993,0.0
2013-04-10,0.004302798031057979,0.0,0.0,0.0,0.0,0.004302798031057979,0.0,0.0,0.0,0.6030593489569909,0.0
2013-04-11,0.0029704049032281076,0.0,0.0,0.0,0.0,0.0029704049032281076,0.0,0.0,0.0,0.6047599869071223,0.0
2013-04-12,0.0018825888932503094,0.0,0.0,0.0,0.0,0.0018825888932503094,0.0,0.0,0.0,0.6059305327847508,0.0
2013-04-15,-0.008884983652332866,0.0,0.0,0.0,0.0,-0.008884983652332866,0.0,0.0,0.0,0.606671009573521,0.0
2013-04-16,0.006882660925362237,0.0,5.0750557331679085e-05,0.0,0.0,0.0068319103680305575,0.0,0.250000000026419,0.0,0.6000000000268152,0.0
2013-04-17,-0.0037679778900667872,0.0,0.0,0.0,0.0,-0.0037679778900667872,0.0,0.0,0.0,0.6027646270471718,0.0
2013-04-18,-0.0018741349975655924,0.0,0.0,0.0,0.0,-0.0018741349975655924,0.0,0.0,0.0,0.6012621918019478,0.0
2013-04-19,0.005998195408329433,0.0,0.0,0.0,0.0,0.005998195408329433,0.0,0.0,0.0,0.6005135001715645,0.0
2013-04-22,0.0009659370617619548,0.0,0.0,0.0,0.0,0.0009659370617619548,0.0,0.0,0.0,0.6028954110933707,0.0
2013-04-23,0.0032802709923188504,0.0,0.0,0.0,0.0,0.0032802709923188504,0.0,0.0,0.0,0.6032786189784928,0.0
2013-04-24,-0.0008448859328779505,0.0,0.0,0.0,0.0,-0.0008448859328779505,0.0,0.0,0.0,0.604575717781114,0.0
2013-04-25,0.00123152975491604,0.0,0.0,0.0,0.0,0.00123152975491604,0.0,0.0,0.0,0.6042413468622633,0.0
2013-04-26,-0.0005280632308331353,0.0,0.0,0.0,0.0,-0.0005280632308331353,0.0,0.0,0.0,0.6047281359241535,0.0
2013-04-29,0.002745878851038132,0.0,0.0,0.0,0.0,0.002745878851038132,0.0,0.0,0.0,0.6045192971064515,0.0
2013-04-30,0.0019475397891044791,-9.448854072254198e-07,4.132114280555263e-05,1.253876567817611e-07,1.7041257409168407e-08,0.0019062186462989266,-1.0873143214163492e-06,0.20498025954728016,0.0006220058954346468,0.600622005916247,0.0006220058954346468
2013-05-01,-0.0023966126015910086,1.1004578639039397e-05,0.0,0.0,1.7034691356365658e-08,-0.0023966126015910086,1.0987543947683032e-05,0.0,0.0,0.601423754466921,0.0006217662345073465
2013-05-02,0.0023827072461027037,-4.412262947013453e-06,0.0,0.0,1.6773210642793072e-08,0.0023827072461027037,-4.4290361576562464e-06,0.0,0.0,0.6004596133650765,0.0006122221884619472
2013-05-03,0.0011602654848941272,-1.0847748462882825e-05,0.0,0.0,1.6854011031962117e-08,0.0011602654848941272,-1.0864602473914788e-05,0.0,0.0,0.6014119955669228,0.0006151714026666172
2013-05-06,-0.000405448671021715,-1.7272038638459e-06,0.0,0.0,5.1394555912042016e-08,-0.000405448671021715,-1.778598419757942e-06,0.0,0.0,0.6018804591209919,0.0006253004302631778
2013-05-07,0.0023710717909248722,-5.9699757535747805e-06,0.0,0.0,1.718583783296512e-08,0.0023710717909248722,-5.987161591407746e-06,0.0,0.0,0.6017200472617847,0.0006272830809032268
2013-05-08,-0.00018511493222512902,-5.485015191064286e-06,0.0,0.0,1.730846283311113e-08,-0.00018511493222512902,-5.5023236538973975e-06,0.0,0.0,0.6026657635187858,0.0006317588934085563
2013-05-09,-0.0024931312361165334,7.836051899107989e-07,0.0,0.0,1.746206579297085e-08,-0.0024931312361165334,7.661431241178281e-07,0.0,0.0,0.6025955136897851,0.000637365401443436
2013-05-10,0.0005652646400512706,6.287339062212557e-07,0.0,0.0,1.748417410284456e-08,0.0005652646400512706,6.112497321184111e-07,0.0,0.0,0.6016017937643284,0.0006381723547538264
2013-05-13,-0.0006060335157727293,4.554483875250638e-06,0.0,0.0,5.237120994409209e-08,-0.0006060335157727293,4.5021126653065465e-06,0.0,0.0,0.601826499298594,0.000637183054319787
2013-05-14,0.0019396992570388939,-7.857291522686878e-06,3.0269978456369524e-05,1.201762895358681e-15,1.734272163022355e-08,0.0019094292785825243,-7.874634245518865e-06,0.14964485144704498,5.941121834947272e-12,0.6006330095427163,0.0006330093395031597
2013-05-15,0.0021416764935068837,-3.6078989550151305e-06,0.0,0.0,1.7524665781511794e-08,0.0021416764935068837,-3.6254236207966423e-06,0.0,0.0,0.6014290585801727,0.0006396503010251804
2013-05-16,-0.001486462147701112,2.9737420066929387e-06,0.0,0.0,1.7585912748657347e-08,-0.001486462147701112,2.9561560939442813e-06,0.0,0.0,0.6022830232115282,0.0006418858153259932
2013-05-17,0.001940582757078324,-6.896659604586772e-06,0.0,0.0,1.7530446887906094e-08,0.001940582757078324,-6.914190051474678e-06,0.0,0.0,0.6016891705534282,0.0006398613114085725
2013-05-20,-0.0004556822844110836,-6.261010670748716e-07,0.0,0.0,5.305559745723398e-08,-0.0004556822844110836,-6.791566645321055e-07,0.0,0.0,0.6024647860909019,0.0006455097690630134
2013-05-21,0.001463954348604106,7.825131614553841e-07,0.0,0.0,1.7710434965926916e-08,0.001463954348604106,7.648027264894571e-07,0.0,0.0,0.6022839629837747,0.0006464308762563324
2013-05-22,-0.005566711650379603,8.752754252532891e-06,0.0,0.0,1.7663124732107256e-08,-0.005566711650379603,8.735091127800784e-06,0.0,0.0,0.6028648895829419,0.0006447040527219148
2013-05-23,-0.00315312738203735,-3.1448328415918263e-07,0.0,0.0,1.752070290176612e-08,-0.00315312738203735,-3.3200398706094875e-07,0.0,0.0,0.6006365015286899,0.0006395056559144634
2013-05-24,-0.0016933489496918717,2.207241089231421e-06,0.0,0.0,1.7584771745666514e-08,-0.0016933489496918717,2.1896563174857546e-06,0.0,0.0,0.5993734740541427,0.0006418441687168278
2013-05-28,-0.0017023943021369104,-5.8435817643426305e-06,0.0,0.0,7.021594389428961e-08,-0.0017023943021369104,-5.91379770823692e-06,0.0,0.0,0.5986926096751775,0.0006407204880353927
2013-05-29,-0.003128176950663445,2.056724812515436e-06,5.0626246366859963e-05,1.253628089023484e-16,1.774439698426584e-08,-0.003178803197030305,2.0389804154058072e-06,0.2500000000108431,6.190603585309873e-13,0.40652993029855344,0.0006476704899257032
2013-05-30,7.159887271070907e-05,-2.0632793645696643e-06,0.0,0.0,1.774441819202249e-08,7.159887271070907e-05,-2.081023782761687e-06,0.0,0.0,0.40468734963914044,0.0006476712640088208
2013-05-31,-0.004140221841399325,1.0156591644436789e-05,0.0,0.0,1.779970899631055e-08,-0.004140221841399325,1.0138791935440479e-05,0.0,0.0,0.4047308124963715,0.0006496893783653351
2013-06-03,0.0009597977214002374,-3.187212629136682e-06,0.0,0.0,5.278233405779764e-08,0.0009597977214002374,-3.2399949631944796e-06,0.0,0.0,0.4022519245100052,0.0006421850643698713
2013-06-04,-0.001332358086561975,7.959021214671214e-07,0.0,0.0,1.7664535099015283e-08,-0.001332358086561975,7.782375863681061e-07,0.0,0.0,0.40282639553034805,0.0006447555311140579
2013-06-05,-0.0036699865322382457,1.4347177025400737e-05,0.0,0.0,1.7666253588726483e-08,-0.0036699865322382457,1.432951077181201e-05,0.0,0.0,0.4020293716537766,0.0006448182559885166
2013-06-06,0.003204839772764361,-4.159671273780359e-06,0.0,0.0,1.733655675097959e-08,0.003204839772764361,-4.1770078305313385e-06,0.0,0.0,0.3998209935439168,0.0006327843214107551
2013-06-07,0.002456644880847109,-5.9014329395303994e-06,0.0,0.0,1.739484531382378e-08,0.002456644880847109,-5.918827784844223e-06,0.0,0.0,0.40173999906050367,0.0006349118539545679
2013-06-10,-0.0009107460178677135,-3.022531250527669e-06,0.0,0.0,5.254082206269412e-08,-0.0009107460178677135,-3.075072072590363e-06,0.0,0.0,0.4032084903891382,0.000639246668429445
2013-06-11,-0.00271355276045705,8.917685921769107e-06,0.0,0.0,1.761251111369079e-08,-0.00271355276045705,8.900073410655416e-06,0.0,0.0,0.4026657087881569,0.0006428566556497139
2013-06-12,-0.002514349337718531,3.1932109340871955e-06,5.017813686121342e-05,1.8129911859922922e-16,1.7415293246444846e-08,-0.0025645274745797445,3.1757956406594516e-06,0.2500000000121178,9.032774528350274e-13,0.29497097024431823,0.0006356582034952369
2013-06-13,0.005118620092055386,-1.1686041919816862e-05,0.0,0.0,1.7372304596920327e-08,0.005118620092055386,-1.1703414224413782e-05,0.0,0.0,0.2932076287587988,0.000634089117787592
2013-06-14,-0.0007034455505298804,4.6186691345108155e-06,0.0,0.0,1.7602575243884336e-08,-0.0007034455505298804,4.601066559266931e-06,0.0,0.0,0.2968104625495054,0.0006424939964017783
2013-06-17,0.0014394923288362019,-5.418911822947426e-06,0.0,0.0,5.2464773808239e-08,0.0014394923288362019,-5.471376596755664e-06,0.0,0.0,0.2963140944694182,0.0006383214146669079
2013-06-18,0.0021745684913351245,-2.8645868833784992e-06,0.0,0.0,1.7611466062361587e-08,0.0021745684913351245,-2.8821983494408607e-06,0.0,0.0,0.29732721334464723,0.0006428185112761979
2013-06-19,-0.004748398486913843,4.922850679900315e-06,0.0,0.0,1.7651614126335676e-08,-0.004748398486913843,4.905199065773979e-06,0.0,0.0,0.2988527673774479,0.0006442839156112522
2013-06-20,-0.007495529996692779,1.65950458202554e-05,0.0,0.0,1.760022806867691e-08,-0.007495529996692779,1.6577445592186722e-05,0.0,0.0,0.29550610009284267,0.0006424083245067072
2013-06-21,0.0007882289709693969,2.138146604065454e-06,0.0,0.0,1.727476643759902e-08,0.0007882289709693969,2.120871837627855e-06,0.0,0.0,0.290180818670224,0.0006305289749723642
2013-06-24,-0.002940064489211619,1.0036157883826372e-05,0.0,0.0,5.160777304044045e-08,-0.002940064489211619,9.984550110785932e-06,0.0,0.0,0.290739261911244,0.0006278945719920255
2013-06-25,0.0032674172256368533,-3.7342206117528667e-06,0.0,0.0,1.6977372843373282e-08,0.0032674172256368533,-3.75119798459624e-06,0.0,0.0,0.2886449502001366,0.0006196741087831247
2013-06-26,8.15058658688985e-13,-2.9121588925680218e-06,5.899605811251085e-05,2.0276004359942855e-11,1.7021379512062422e-08,-5.899605729745219e-05,-2.9292005480844442e-06,0.2909627620450316,9.999926131598613e-08,9.86217689653942e-11,0.0006212803521902784
2013-06-27,8.70912194536849e-13,3.237943633920937e-07,0.0,0.0,1.7102223746816527e-08,8.70912194536849e-13,3.0669213964527714e-07,0.0,0.0,9.94429856566109e-11,0.0006242311667588032
2013-06-28,-4.592802178289623e-13,3.3977884055227964e-06,0.0,0.0,1.7093347425957246e-08,-4.592802178289623e-13,3.3806950580968393e-06,0.0,0.0,1.0031386708558585e-10,0.0006239071810474395
2013-07-01,9.69435641152254e-13,-3.559874617166949e-06,0.0,0.0,5.1000599580514225e-08,9.69435641152254e-13,-3.6108752167474633e-06,0.0,0.0,9.985424929103565e-11,0.0006205072948962564
2013-07-02,-5.601080283538973e-13,1.94188112794645e-06,0.0,0.0,1.7097792409578935e-08,-5.601080283538973e-13,1.924783335536871e-06,0.0,0.0,1.0082404899514993e-10,0.0006240694229496311
2013-07-03,1.601729082174531e-13,-1.6185663487270915e-07,0.0,0.0,1.7044557379825015e-08,1.601729082174531e-13,-1.7890119225253417e-07,0.0,0.0,1.0026374798086092e-10,0.000622126344363613
2013-07-05,1.328940449735794e-12,-4.206986129026695e-06,0.0,0.0,3.409798971652093e-08,1.328940449735794e-12,-4.241084118743216e-06,0.0,0.0,1.0042393885502469e-10,0.000622288312326507
2013-07-08,2.733614928033821e-13,-3.559413678162868e-06,0.0,0.0,5.14929826426217e-08,2.733614928033821e-13,-3.61090666080549e-06,0.0,0.0,1.0175331084897594e-10,0.0006264979554852306
2013-07-09,1.1228991962454473e-12,-9.708298455556595e-06,0.0,0.0,1.726190806163801e-08,1.1228991962454473e-12,-9.725560363618233e-06,0.0,0.0,1.0202704075187247e-10,0.0006300596442497874
2013-07-10,8.327773670932361e-14,1.6169861476345218e-07,0.0,0.0,1.752805931142151e-08,8.327773670932361e-14,1.4417055545203067e-07,0.0,0.0,1.0315094314872623e-10,0.0006397741648668851
2013-07-11,0.0043826331922075966,-1.967740646232583e-14,5.066733360320607e-05,1.2996231626069047e-07,3.811136591345963e-17,0.004331965858604391,-1.299623359762083e-07,0.2493603876245205,0.0006396123745753153,0.24936038772508565,1.3910648558412764e-12
2013-07-12,0.0007453109681110012,-1.6845583521457192e-15,0.0,0.0,3.8483767574023914e-17,0.0007453109681110012,-1.723042119719743e-15,0.0,0.0,0.2526485886916572,1.4046575164518727e-12
2013-07-15,0.00038972739579878657,-3.399120341665812e-15,0.0,0.0,1.155036734182775e-16,0.00038972739579878657,-3.5146240150840898e-15,0.0,0.0,0.2532051830596517,1.4052946932557093e-12
2013-07-16,-0.0003400642291619479,7.909811682118633e-15,0.0,0.0,3.857931564124591e-17,-0.0003400642291619479,7.871232366477387e-15,0.0,0.0,0.2534961160742887,1.4081450209054755e-12
2013-07-17,0.0003774502335239167,-6.5004309981181214e-15,0.0,0.0,3.837565866065351e-17,0.0003774502335239167,-6.538806656778775e-15,0.0,0.0,0.2532421704486096,1.400711541113853e-12
2013-07-18,-0.00022581663516834386,-4.232263373836686e-15,0.0,0.0,3.8539206028286995e-17,-0.00022581663516834386,-4.2708025798649725e-15,0.0,0.0,0.2535239280163015,1.4066810200324753e-12
2013-07-19,-0.0028091478967359994,-1.0226914250226139e-14,0.0,0.0,3.866388939889475e-17,-0.0028091478967359994,-1.0265578139625033e-14,0.0,0.0,0.2533553232277275,1.4112319630596583e-12
2013-07-22,0.0005510426519056393,-3.872550027862752e-15,0.0,0.0,1.1716136007947055e-16,0.0005510426519056393,-3.989711387942223e-15,0.0,0.0,0.251251979300196,1.4254632143002252e-12
2013-07-23,-0.0012261809216444972,1.5332279661705038e-15,0.0,0.0,3.913831707216377e-17,-0.0012261809216444972,1.49408964909834e-15,0.0,0.0,0.2516643441645041,1.4285485731339777e-12
2013-07-24,0.0008257962901877633,6.673606632290923e-15,0.0,0.0,3.914430883119497e-17,0.0008257962901877633,6.634462323459728e-15,0.0,0.0,0.2507456227416509,1.4287672723386165e-12
2013-07-25,0.0015624465213504586,2.104177470401356e-15,5.0645297030808214e-05,6.226419437209938e-16,4.5277328309747304e-17,0.0015118012243196504,1.436258198370615e-15,0.25000000000284983,3.0735427583203333e-12,0.4981922504794438,1.6526224833057768e-12
2013-07-26,0.0018969127772941023,1.1640236721939094e-14,0.0,0.0,4.515141964043584e-17,0.0018969127772941023,1.1595085302298658e-14,0.0,0.0,0.49900030772463955,1.6480268168759082e-12
2013-07-29,-0.00146399053583242,1.2497052930712626e-14,0.0,0.0,1.3424288010141597e-16,-0.00146399053583242,1.236281005061121e-14,0.0,0.0,0.499948861119277,1.6332883745672277e-12
2013-07-30,0.0008080185767288936,-1.5478214908648514e-15,0.0,0.0,4.447034585412673e-17,0.0008080185767288936,-1.5922918367189782e-15,0.0,0.0,0.49921571766944534,1.6231676236756256e-12
2013-07-31,0.00047134847970972546,6.320968334688121e-16,0.0,0.0,4.4476813830560865e-17,0.00047134847970972546,5.876200196382512e-16,0.0,0.0,0.4996200339774154,1.6234037048154716e-12
2013-08-01,0.0054133245496233925,-2.1656844849790003e-14,0.0,0.0,4.4438550066081796e-17,0.0054133245496233925,-2.1701283399856084e-14,0.0,0.0,0.49985577619694027,1.6220070774119854e-12
2013-08-02,0.0019374832463480197,-6.842180125632449e-15,0.0,0.0,4.47894285679152e-17,0.0019374832463480197,-6.886969554200364e-15,0.0,0.0,0.502548641846288,1.6348141427289049e-12
2013-08-05,-0.00021282536603283114,-1.5993856527753664e-15,0.0,0.0,1.34669736315076e-16,-0.00021282536603283114,-1.7340553890904425e-15,0.0,0.0,0.5035105817760895,1.6384817918334247e-12
2013-08-06,-0.002590039179612767,1.6737979394220198e-15,0.0,0.0,4.4943295963447097e-17,-0.002590039179612767,1.6288546434585727e-15,0.0,0.0,0.5034048937408305,1.640430302665819e-12
2013-08-07,-0.0015645275562877407,1.4107479221917071e-14,0.0,0.0,4.5014026578124117e-17,-0.0015645275562877407,1.4062465195338947e-14,0.0,0.0,0.5021153529981672,1.6430119701015301e-12
2013-08-08,0.0019954545869574785,-3.751243518259933e-06,8.432508946416502e-06,1.8563817479802203e-06,2.518726046852298e-07,0.001987022078011062,-5.859497870925383e-06,0.04176027200194245,0.009193350072642345,0.5363636363726997,0.009193350071010888
2013-08-09,-0.0017996011061616167,-7.478388173165263e-06,0.0,0.0,2.5147716133844705e-07,-0.0017996011061616167,-7.72986533450371e-06,0.0,0.0,0.537294622958142,0.009178916388853316
2013-08-12,0.0004209740529704073,1.499406665198289e-05,0.0,0.0,7.564132351240604e-07,0.0004209740529704073,1.4237653416858831e-05,0.0,0.0,0.5364645909222652,0.0092030276940094
2013-08-13,0.0018668372419928692,4.121644152250893e-05,0.0,0.0,2.5161744183850444e-07,0.0018668372419928692,4.0964824080670425e-05,0.0,0.0,0.5366520077392113,0.00918403662710541
2013-08-14,-0.003010077785795716,1.0037841343325428e-15,0.0,0.0,2.5001125227890597e-07,-0.003010077785795716,-2.5001125127512185e-07,0.0,0.0,0.5374934139355968,0.009125410708180067
2013-08-15,-0.008803182225822359,2.251415332443626e-05,0.0,0.0,2.507661405623715e-07,-0.008803182225822359,2.2263387183873887e-05,0.0,0.0,0.5360971643455488,0.009152964130526561
2013-08-16,-0.0014233179564699706,7.56245461898896e-06,0.0,0.0,2.5236531378190026e-07,-0.0014233179564699706,7.310089305207059e-06,0.0,0.0,0.5319651247047449,0.00921133395303936
2013-08-19,-0.001730232979472317,2.6525359589942625e-05,0.0,0.0,7.575470623331925e-07,-0.001730232979472317,2.5767812527609434e-05,0.0,0.0,0.5312941234067975,0.009216822591720509
2013-08-20,0.00287103711303727,-2.6570648335327124e-05,0.0,0.0,2.522188635311864e-07,0.00287103711303727,-2.682286719885831e-05,0.0,0.0,0.5304680547488213,0.009205988518888304
2013-08-21,-0.0028292547090838956,2.6495290054140628e-05,0.0,0.0,2.522294319556895e-07,-0.0028292547090838956,2.6243060622184938e-05,0.0,0.0,0.531826463458177,0.009206374266382664
2013-08-22,0.004496836102640767,3.7980976341312895e-06,1.2613164615642449e-06,7.607346214087992e-16,2.5221048261259133e-07,0.004495574786179203,3.5458871507579636e-06,0.006291232990348191,3.794415511846793e-12,0.5363636364108646,0.009205682615359584
2013-08-23,0.0021062215207605186,-2.2670609880881323e-05,0.0,0.0,2.5097724821717375e-07,0.0021062215207605186,-2.2921587129098496e-05,0.0,0.0,0.5384379750884787,0.00916066955992684
2013-08-26,-0.0008529774487111923,-1.5081696426538374e-05,0.0,0.0,7.532258870095335e-07,-0.0008529774487111923,-1.5834922313547907e-05,0.0,0.0,0.5394204220797215,0.009164248291949322
2013-08-27,-0.009565118992623613,-2.642526470512118e-05,0.0,0.0,2.5170717914333085e-07,-0.009565118992623613,-2.667697188426451e-05,0.0,0.0,0.5390357655725645,0.009187312038731577
2013-08-28,0.0018395670883402406,1.9046531443392003e-05,0.0,0.0,2.5487587640097903e-07,0.0018395670883402406,1.8791655566991023e-05,0.0,0.0,0.5345984054075614,0.009302969488635736
2013-08-29,0.0025517780361210243,1.1267773539880506e-15,0.0,0.0,2.538822493237544e-07,0.0025517780361210243,-2.538822481969771e-07,0.0,0.0,0.535442927449812,0.009266702100317036
2013-08-30,-0.003014416405727135,-3.7925635351331852e-06,0.0,0.0,2.532361112691874e-07,-0.003014416405727135,-4.045799646402373e-06,0.0,0.0,0.5366254925800312,0.00924311806132534
2013-09-03,0.0027215351974564546,3.1615890133621456e-05,0.0,0.0,1.016428118337541e-06,0.0027215351974564546,3.059946201528392e-05,0.0,0.0,0.5352266375510611,0.009274906579830062
2013-09-04,0.005372767528407047,7.594728479372364e-06,0.0,0.0,2.5254580076221936e-07,0.005372767528407047,7.342182678610145e-06,0.0,0.0,0.5364717303057165,0.009217921727821009
2013-09-05,0.0005934129945811522,4.15540193795061e-05,0.0,0.0,2.5098738633478013e-07,0.0005934129945811522,4.130303199317132e-05,0.0,0.0,0.5389449150628536,0.009161039601219473
2013-09-06,0.0002495817556622573,-1.132487659118765e-05,7.201483724777605e-07,2.0267028362582636e-16,2.4969043750244867e-07,0.0002488616072897795,-1.1574567028892769e-05,0.0035947423191528666,1.0116629756140583e-12,0.5363560628593451,0.009113700968839377
2013-09-09,0.005378515043284367,-1.1323123840307038e-05,0.0,0.0,7.498242007166603e-07,0.005378515043284367,-1.2072948041023698e-05,0.0,0.0,0.5364783452562973,0.009122861108719366
2013-09-10,0.003820056673231887,1.1262683302678028e-05,0.0,0.0,2.4891583041931937e-07,0.003820056673231887,1.101376747225871e-05,0.0,0.0,0.5389645383133338,0.009085427810305156
2013-09-11,0.0010910183723602553,-2.2440325025455127e-05,0.0,0.0,2.476584667222429e-07,0.0010910183723602553,-2.2687983492177368e-05,0.0,0.0,0.540713085069454,0.009039534035361865
2013-09-12,-0.0009051093427528044,-3.996945063150192e-15,0.0,0.0,2.480083153276412e-07,-0.0009051093427528044,-2.480083193245863e-07,0.0,0.0,0.5412258953705475,0.009052303509458907
2013-09-13,0.0011124779227369849,-7.478279923114855e-06,0.0,0.0,2.482330549488278e-07,0.0011124779227369849,-7.726512978063683e-06,0.0,0.0,0.5408104127104785,0.009060506505632216
2013-09-16,0.0016054428701008136,-3.733627461900743e-06,0.0,0.0,7.444913401332833e-07,0.0016054428701008136,-4.478118802034027e-06,0.0,0.0,0.5413248612296347,0.009057977971621615
2013-09-17,0.0026321131327226555,-1.4918019914398057e-05,0.0,0.0,2.4786924128953186e-07,0.0026321131327226555,-1.516588915568759e-05,0.0,0.0,0.5420624811743737,0.009047227307067909
2013-09-18,0.005809406514394457,-5.579011606903463e-05,0.0,0.0,2.476299197280419e-07,0.005809406514394457,-5.603774598876267e-05,0.0,0.0,0.5432728778469105,0.009038492070073529
2013-09-19,-0.0002730075369975187,1.1095475244997188e-05,0.0,0.0,2.4773311608571305e-07,-0.0002730075369975187,1.0847742128911475e-05,0.0,0.0,0.5459412828352571,0.009042258737128528
2013-09-20,-0.002683215571145108,-7.094636011539206e-05,1.6766506425169648e-06,2.1235640973985368e-05,3.0292868584205742e-06,-0.0026848922217876246,-9.5211287947798e-05,0.008016685674127812,0.10153543884461758,0.5377946794200908,0.11056897033235097
2013-09-23,-0.001821791748625746,-0.0001840030823159601,0.0,0.0,9.119043668249974e-06,-0.001821791748625746,-0.0001931221259842101,0.0,0.0,0.5366032765012826,0.11094836463037468
2013-09-24,-0.000785973984056332,-0.00028757860612907513,0.0,0.0,3.0508696426600365e-06,-0.000785973984056332,-0.00029062947577173514,0.0,0.0,0.5358611989172204,0.11135674195709133
2013-09-25,-0.00224319352226096,-0.0001094780299431783,0.0,0.0,3.0620451169484366e-06,-0.00224319352226096,-0.00011254007506012674,0.0,0.0,0.5356519096323377,0.11176464676861797
2013-09-26,0.0030268401181647044,4.314778479386347e-06,0.0,0.0,3.0722819929402867e-06,0.0030268401181647044,1.2424964864460604e-06,0.0,0.0,0.5346682520749105,0.11213829274232046
2013-09-27,-0.0013539640008776855,2.28185670429276e-06,0.0,0.0,3.062889098601183e-06,-0.0013539640008776855,-7.810323943084227e-07,0.0,0.0,0.5360718224273784,0.11179545209894318
2013-09-30,-0.0019702943784829993,-9.914413772839643e-05,0.0,0.0,9.200944680044145e-06,-0.0019702943784829993,-0.00010834508240844058,0.0,0.0,0.5354432475066596,0.11194482694053709
2013-10-01,0.005160605415748263,0.00018557933632413887,0.0,0.0,3.076091923818878e-06,0.005160605415748263,0.00018250324440032,0.0,0.0,0.5345841608601078,0.11227735521938903
2013-10-02,-0.0005221820825466442,-0.00019846465395418941,0.0,0.0,3.054686039011059e-06,-0.0005221820825466442,-0.00020151933999320047,0.0,0.0,0.5368761785169945,0.11149604042390367
2013-10-03,-0.005344154015988338,7.977168999397268e-05,0.0,0.0,3.062339646348989e-06,-0.005344154015988338,7.670935034762369e-05,0.0,0.0,0.5367424377001492,0.1117753970917381
2013-10-04,0.0043398369510561615,0.0006672379675597723,1.1799864555282015e-06,4.988877571515731e-05,9.589041095894158e-06,0.0043386569646006335,0.0006077601507487208,0.005770110861263477,0.24395514479046232,0.5394888592456766,0.35000000000013676
2013-10-07,-0.005125880451699025,-0.00023136100591711494,0.0,0.0,2.8570957935562344e-05,-0.005125880451699025,-0.0002599319638526773,0.0,0.0,0.5411519330132715,0.3476133215493419
2013-10-08,-0.008320909078775572,0.0005730063993548516,0.0,0.0,9.581595981481673e-06,-0.008320909078775572,0.00056342480337337,0.0,0.0,0.5389286210197569,0.3497282533240811
2013-10-09,-0.0006413782903739175,0.00029886344909404414,0.0,0.0,9.640684635483775e-06,-0.0006413782903739175,0.00028922276445856037,0.0,0.0,0.5347560737744625,0.3518849891951577
2013-10-10,0.011447356585271892,0.00035806915651571687,0.0,0.0,9.63588992766771e-06,0.011447356585271892,0.00034843326658804915,0.0,0.0,0.5343028531863506,0.35170998235987133
2013-10-11,0.0041519629835049,6.041955334804217e-05,0.0,0.0,9.51385636344657e-06,0.0041519629835049,5.09056969845956e-05,0.0,0.0,0.5393877057459662,0.34725575726579977
2013-10-14,0.002783002101760289,0.0012213543966280494,0.0,0.0,2.8417169468107894e-05,0.002783002101760289,0.0011929372271599415,0.0,0.0,0.5412648038375706,0.345742228528646
2013-10-15,-0.003724322421890623,-0.00010374571621192744,0.0,0.0,9.4015480736726e-06,-0.003724322421890623,-0.00011314726428560004,0.0,0.0,0.5418932711704074,0.34315650468904996
2013-10-16,0.0072680832157972115,-0.0014802181612844694,0.0,0.0,9.440618509410587e-06,0.0072680832157972115,-0.0014896587797938801,0.0,0.0,0.5402421114744961,0.3445825755934864
2013-10-17,0.0032311600616503474,-0.0016261821506074207,0.0,0.0,9.426700952502722e-06,0.0032311600616503474,-0.0016356088515599235,0.0,0.0,0.5443646248400219,0.34407458476634933
2013-10-18,0.005130298178899712,-0.00030765834815172657,5.0715796666324535e-05,1.0033383275725572e-06,9.589041095968324e-06,0.005079582382233387,-0.00031825072757526746,0.24515006233122777,0.00484993768631946,0.57948439297928,0.3500000000028438
2013-10-21,0.0010694797698034897,0.0003469068962250879,0.0,0.0,2.865596969979772e-05,0.0010694797698034897,0.0003182509265252902,0.0,0.0,0.5818443372969244,0.3486476313475389
2013-10-22,0.003079218849323255,-0.0019301974882832296,0.0,0.0,9.52926155263592e-06,0.003079218849323255,-0.0019397267498358656,0.0,0.0,0.5821060106871796,0.3478180466712111
2013-10-23,-0.0027616672351199923,-0.0005331161405986972,0.0,0.0,9.57123732628696e-06,-0.0027616672351199923,-0.0005426873779249842,0.0,0.0,0.5845191745550984,0.34935016240947403
2013-10-24,0.0028642549147007905,-0.0001395869543116479,0.0,0.0,9.617623285818223e-06,0.0028642549147007905,-0.00014920457759746614,0.0,0.0,0.5836862135523008,0.351043249932365
2013-10-25,0.00219753671890798,-0.00042841167148220845,0.0,0.0,9.595395603867428e-06,0.00219753671890798,-0.00043800706708607587,0.0,0.0,0.5849622664682345,0.3502319395411611
2013-10-28,0.0004674205116260594,-3.322382093449374e-05,0.0,0.0,2.8770775696861755e-05,0.0004674205116260594,-6.199459663135549e-05,0.0,0.0,0.5861284927244161,0.35004443764515136
2013-10-29,0.002215586463872824,-0.0002199054304573231,0.0,0.0,9.587281874763637e-06,0.002215586463872824,-0.00022949271233208674,0.0,0.0,0.5863581884309829,0.3499357884288727
2013-10-30,-0.0023222816045912423,0.000519319927875681,0.0,0.0,9.574291241068217e-06,-0.0023222816045912423,0.0005097456366346128,0.0,0.0,0.5874071292658105,0.34946163029898997
2013-10-31,-0.0018104403270115524,0.00026407749493690633,0.0,0.0,9.577422721000887e-06,-0.0018104403270115524,0.00025450007221590546,0.0,0.0,0.5861472606536732,0.34957592931653236
2013-11-01,-4.798121273132339e-05,0.0017659821448563911,7.779602322265441e-06,1.3653312967368361e-05,9.589041096342445e-06,-5.576081505358883e-05,0.0017427397907926803,0.03814403081085737,0.06694331778464495,0.6129296587866506,0.3500000000164992
2013-11-04,0.002609940520666992,-0.0002959183964524184,0.0,0.0,2.8573770721177667e-05,0.002609940520666992,-0.0003244921671735961,0.0,0.0,0.6118495003305452,0.34764754377432827
2013-11-05,-0.0013170949394799999,0.0011952171466855217,0.0,0.0,9.510960784055961e-06,-0.0013170949394799999,0.0011857061859014658,0.0,0.0,0.6130583277055622,0.34715006861804254
2013-11-06,0.001688071445329615,-0.0009261104681170748,0.0,0.0,9.479460603317567e-06,0.001688071445329615,-0.0009355899287203924,0.0,0.0,0.6118216192460473,0.34600031202109127
2013-11-07,-0.008637921641444172,-0.000569475596418075,0.0,0.0,9.497686659193434e-06,-0.008637921641444172,-0.0005789732830772684,0.0,0.0,0.6130483831142963,0.34666556306056034
2013-11-08,0.006730442250931056,0.003008197415732985,0.0,0.0,9.601787395843258e-06,0.006730442250931056,0.002998595628337142,0.0,0.0,0.6100330721998007,0.35046523994827894
2013-11-11,7.007914609401475e-05,0.0003208193615875084,0.0,0.0,2.828294722002581e-05,7.007914609401475e-05,0.0002925364143674826,0.0,0.0,0.61082081559833,0.34410919117698074
2013-11-12,-0.00036164711735514436,0.00044033374397456826,0.0,0.0,9.41544531481177e-06,-0.00036164711735514436,0.0004309182986597565,0.0,0.0,0.6106694564971996,0.3436637539906296
2013-11-13,0.004545842041509374,-0.0008630689310806773,0.0,0.0,9.402730038403438e-06,0.004545842041509374,-0.0008724716611190808,0.0,0.0,0.6102655355652864,0.3431996464017254
2013-11-14,0.0017655243751006032,-0.0014323932899204046,0.0,0.0,9.391875923708183e-06,0.0017655243751006032,-0.0014417851658441129,0.0,0.0,0.6125612133893552,0.34280347121534865
2013-11-15,0.002373547927516459,-0.00015896724110593907,2.9534504439396435e-05,3.209913036083055e-06,9.078910004045476e-06,0.002344013423077063,-0.00017125606414606758,0.14550813563185364,0.015814332093475048,0.6686197848769276,0.3313802151476599
2013-11-18,-0.0026913088363434384,-0.0009858225889123177,0.0,0.0,2.7190716982357253e-05,-0.0026913088363434384,-0.001013013305894675,0.0,0.0,0.6695385879104735,0.3308203899520131
2013-11-19,-0.0011905076886751234,0.001067674758408402,0.0,0.0,9.124380811378612e-06,-0.0011905076886751234,0.0010585503775970234,0.0,0.0,0.6693266807179039,0.3330398996153193
2013-11-20,-0.001958986754410337,0.0014280988587514435,0.0,0.0,9.096329775352382e-06,-0.001958986754410337,0.0014190025289760912,0.0,0.0,0.6682243501176672,0.3320160368003619
2013-11-21,0.00545795396070831,-0.00022359877341030266,0.0,0.0,9.062097168742676e-06,0.00545795396070831,-0.00023266087057904533,0.0,0.0,0.6666253305260159,0.3307665466591077
2013-11-22,0.0027019786702776713,-0.0006624825136721769,0.0,0.0,9.021085347602446e-06,0.0027019786702776713,-0.0006715035990197794,0.0,0.0,0.668589707308991,0.32926961518748926
2013-11-25,4.16924771307882e-05,-0.0003483147265215148,0.0,0.0,2.7062756408123213e-05,4.16924771307882e-05,-0.000375377482929638,0.0,0.0,0.6699314069579878,0.3292635362988324
2013-11-26,0.0010451544110111578,-0.00023581982862237751,0.0,0.0,9.033476007421425e-06,0.0010451544110111578,-0.00024485330462979893,0.0,0.0,0.6701967340362018,0.32972187427088206
2013-11-27,0.002312601259031763,0.0004601383428899962,0.0,0.0,9.032707938487166e-06,0.002312601259031763,0.00045110563495150905,0.0,0.0,0.6707051223957041,0.32969383975478156
2013-11-29,0.0014709949355670197,0.00019443749934778767,0.0,0.0,1.7990482396863654e-05,0.0014709949355670197,0.00017644701695092402,0.0,0.0,0.6711628263246372,0.3283263037427617
2013-12-02,-0.0025442100669788633,0.0004762286885787313,2.677685838002891e-07,5.788777141339757e-05,5.772511049746321e-06,-0.0025444778355626636,0.0004125684061155874,0.0012954010261367614,0.2800473357457573,0.6702322179217842,0.07023221777191356
2013-12-03,-0.002116973659323111,1.0619933227066148e-05,0.0,0.0,1.9152060343885628e-06,-0.002116973659323111,8.704727192677585e-06,0.0,0.0,0.6691144993653821,0.06990502025518254
2013-12-04,-0.0012140661375021921,0.00029988568798175214,0.0,0.0,1.918960762671767e-06,-0.0012140661375021921,0.00029796672721908035,0.0,0.0,0.6684067068000332,0.07004206783751948
2013-12-05,-0.0009549659945611213,0.00014506057253305083,0.0,0.0,1.912496753573809e-06,-0.0009549659945611213,0.00014314807577947702,0.0,0.0,0.667804415894116,0.06980613150544403
2013-12-06,0.005609050518568177,-0.00024432559699458353,0.0,0.0,1.910073122899983e-06,0.005609050518568177,-0.0002462356701174835,0.0,0.0,0.667391250075204,0.06971766898584937
2013-12-09,0.0016435614411604944,-6.374878429851734e-05,0.0,0.0,5.71962762068549e-06,0.0016435614411604944,-6.946841191920283e-05,0.0,0.0,0.6694103766859736,0.06958880271834013
2013-12-10,-0.0012012397868467247,-0.00014607509108024503,0.0,0.0,1.90528997859009e-06,-0.0012012397868467247,-0.00014798038105883512,0.0,0.0,0.6699992969042805,0.0695430842185383
2013-12-11,-0.006501039916415251,0.0003371621492600801,0.0,0.0,1.9118715715627574e-06,-0.006501039916415251,0.00033525027768851735,0.0,0.0,0.6697016320658962,0.06978331236204066
2013-12-12,-0.0026503357925186035,0.00022289752596076133,0.0,0.0,1.914438276091655e-06,-0.0026503357925186035,0.00022098308768466967,0.0,0.0,0.6673151167823032,0.0698769970773454
2013-12-13,-0.0002455854500282061,-0.00017546882392611353,0.0,0.0,1.9129787947678427e-06,-0.0002455854500282061,-0.00017738180272088136,0.0,0.0,0.6662834184144957,0.06982372600902625
2013-12-16,0.004700291612431456,-4.890818963803855e-05,2.2073029283817775e-05,2.9095447168414536e-05,1.4255279878059669e-05,0.004678218583147638,-9.225891668451276e-05,0.10784486283232794,0.14215513732060767,0.773439238674691,0.17343923851639262
2013-12-17,-0.001403626115145397,-0.00043474090682675255,0.0,0.0,4.731401891513955e-06,-0.001403626115145397,-0.0004394723087182665,0.0,0.0,0.7745873041521265,0.17269616904025936
2013-12-18,0.00860130976617191,-0.00020245219784785045,0.0,0.0,4.752071136111084e-06,0.00860130976617191,-0.00020720426898396155,0.0,0.0,0.7746113630192687,0.17345059646805458
2013-12-19,-0.0008502087158079924,0.0005501421253608772,0.0,0.0,4.718014262214296e-06,-0.0008502087158079924,0.0005454241110986629,0.0,0.0,0.7766930295564138,0.17220752057082178
2013-12-20,0.0038846421784060245,-0.00046231129442974943,0.0,0.0,4.704375696505171e-06,0.0038846421784060245,-0.0004670156701262546,0.0,0.0,0.7760793578809206,0.17170971292243872
2013-12-23,0.004693640677461092,-0.0003987923052644151,0.0,0.0,1.4102926741821604e-05,0.004693640677461092,-0.00041289523200623674,0.0,0.0,0.7773074535011576,0.17158560869216283
2013-12-24,0.0019369820371558885,0.0004895563715467785,0.0,0.0,4.691816923264615e-06,0.0019369820371558885,0.0004848645546235139,0.0,0.0,0.7786678154740062,0.17125131769915844
2013-12-26,0.0024623598346187776,-0.00019201641966080785,0.0,0.0,9.334202832552138e-06,0.0024623598346187776,-0.00020135062249336,0.0,0.0,0.7787188598943725,0.17034920169407652
2013-12-27,6.738002243271356e-05,3.030344841136919e-05,0.0,0.0,4.661821718252138e-06,6.738002243271356e-05,2.5641626693117052e-05,0.0,0.0,0.7794189463112765,0.17015649271620306
2013-12-30,0.0004533702295381068,-0.0003286208492139259,0.0,0.0,1.398167386200626e-05,0.0004533702295381068,-0.0003426025230759322,0.0,0.0,0.7794138239744518,0.17011036532107615
2013-12-31,0.002635799180186241,4.2694348636127856e-05,2.1617118233730305e-05,2.9807109594058086e-05,3.2290806380639086e-06,0.0026141820619525104,9.658158404005861e-06,0.1050920896142383,0.1449079104222313,0.7178614433543906,0.11786144328933265
2014-01-02,-0.005063452390218318,0.0007793789943818958,0.0,0.0,6.438927143748482e-06,-0.005063452390218318,0.0007729400672381473,0.0,0.0,0.7186117202002957,0.11751042037340978
2014-01-03,-0.000639389107765774,-0.00015701808435889423,0.0,0.0,3.211891382268791e-06,-0.000639389107765774,-0.000160229975741163,0.0,0.0,0.7166229473968139,0.11723403545281086
2014-01-06,-0.002021536130766968,-7.342024362010819e-05,0.0,0.0,9.65630110542106e-06,-0.002021536130766968,-8.307654472552925e-05,0.0,0.0,0.7165565305652996,0.11748499678262289
2014-01-07,0.003997787007929836,-0.00019112246397937532,0.0,0.0,3.227571336209435e-06,0.003997787007929836,-0.00019435003531558475,0.0,0.0,0.7160419854733446,0.11780635377164436
2014-01-08,0.00019342390247271686,-8.120489222084898e-06,0.0,0.0,3.2205583772946157e-06,0.00019342390247271686,-1.1341047599379513e-05,0.0,0.0,0.7173115233126248,0.11755038077125346
2014-01-09,0.00022007693318110494,-5.2998968072853864e-05,0.0,0.0,3.220194514240984e-06,0.00022007693318110494,-5.621916258709485e-05,0.0,0.0,0.7173743256498705,0.11753709976979591
2014-01-10,0.002351780711051717,-0.0006817975435626732,0.0,0.0,3.2211187354287218e-06,0.002351780711051717,-0.0006850186622981019,0.0,0.0,0.7174768384278539,0.11757083384314836
2014-01-13,-0.007353110063521243,0.0002989845602372079,0.0,0.0,9.703221399372465e-06,-0.007353110063521243,0.0002892813388378354,0.0,0.0,0.7186308325401635,0.11805586035903165
2014-01-14,0.0074516365756561375,0.0002887411785615369,0.0,0.0,3.249167336874957e-06,0.0074516365756561375,0.0002854920112246619,0.0,0.0,0.7163378100760341,0.11859460779593592
2014-01-15,0.003558620700960985,-0.000236298483431889,1.5153668593381172e-05,3.5770938125030815e-05,6.600849396330203e-06,0.003543467032367604,-0.00027867027095325,0.07439266383597573,0.17560733617965094,0.7590689969261332,0.24093100296605235
2014-01-16,-0.00048014481468676223,-3.572543069789399e-05,0.0,0.0,6.585821957186059e-06,-0.00048014481468676223,-4.2311252655080046e-05,0.0,0.0,0.760145895768387,0.24038250143729112
2014-01-17,-0.0022607102035478426,-0.00034557359569543325,0.0,0.0,6.590243848993457e-06,-0.0022607102035478426,-0.0003521638395444267,0.0,0.0,0.7600628504014536,0.2405439004882612
2014-01-21,0.0025580002548081125,0.0003315379295883232,0.0,0.0,2.646800403567142e-05,0.0025580002548081125,0.0003050699255526518,0.0,0.0,0.7597873688923538,0.24152053682550167
2014-01-22,0.0009828661620871033,0.00036989130452100494,0.0,0.0,6.589052857217908e-06,0.0009828661620871033,0.00036330225166378706,0.0,0.0,0.7601689520884016,0.24050042928845364
2014-01-23,-0.003766229108246633,0.000807721468957624,0.0,0.0,6.5700744222116945e-06,-0.003766229108246633,0.0008011513945354123,0.0,0.0,0.760128557196401,0.23980771641072682
2014-01-24,-0.013966398034878688,0.0008679717621276089,0.0,0.0,6.567417971561891e-06,-0.013966398034878688,0.000861404344156047,0.0,0.0,0.7586116706461487,0.239710755962009
2014-01-27,-0.0035725302635377563,0.0009852691127176054,0.0,0.0,1.9891592970226503e-05,-0.0035725302635377563,0.0009653775197473789,0.0,0.0,0.7545334284302881,0.2420143811377558
2014-01-28,0.003277022143527345,-0.0011061872032953341,0.0,0.0,6.620798749380002e-06,0.003277022143527345,-0.001112808002044714,0.0,0.0,0.7529238857413262,0.24165915435237006
2014-01-29,-0.006280928570526447,-8.76081711786037e-05,0.0,0.0,6.636741917389437e-06,-0.006280928570526447,-9.424491309599313e-05,0.0,0.0,0.7545678614483987,0.24224107998471445
2014-01-30,0.005708014395475315,9.019103675229885e-05,4.3437191022959804e-05,1.077246978939394e-05,5.2187241965129435e-06,0.005664577204452355,7.419984276639198e-05,0.21532187274375578,0.05340005452704759,0.537766326859537,0.19048343317272246
2014-01-31,-0.0028982861790904785,0.000998643417538808,0.0,0.0,5.186489104575672e-06,-0.0028982861790904785,0.0009934569284342323,0.0,0.0,0.5403732595959125,0.18930685231701203
2014-02-03,-0.01073696128959583,0.0002899628790422863,0.0,0.0,1.5506925077308406e-05,-0.01073696128959583,0.00027445595396497787,0.0,0.0,0.5385007253499682,0.18866758844058562
2014-02-04,0.00356095052219196,7.218647287469864e-05,0.0,0.0,5.215599070405183e-06,0.00356095052219196,6.697087380429347e-05,0.0,0.0,0.5333438772215287,0.1903693660697892
2014-02-05,-0.0005851143967750194,0.00021909356904205332,0.0,0.0,5.194775123003442e-06,-0.0005851143967750194,0.00021389879391904988,0.0,0.0,0.5349640203282835,0.18960929198962562
2014-02-06,0.005900181462304306,-0.0005704899453093722,0.0,0.0,5.190699428085484e-06,0.005900181462304306,-0.0005756806447374577,0.0,0.0,0.5345773493845335,0.18946052912512018
2014-02-07,0.006563956423384962,-0.0012226165501125783,0.0,0.0,5.17875500434619e-06,0.006563956423384962,-0.0012277953051169244,0.0,0.0,0.5376149993432981,0.1890245576586359
2014-02-10,0.0006973454611758837,0.00016767607002092752,0.0,0.0,1.55537566928473e-05,0.0006973454611758837,0.00015212231332808023,0.0,0.0,0.5412905422215941,0.18923737309630878
2014-02-11,0.005224799211843331,-0.0002665833070403612,0.0,0.0,5.1755951980157605e-06,0.005224799211843331,-0.000271758902238377,0.0,0.0,0.5415278772020912,0.18890922472757524
2014-02-12,0.0010656721965244175,0.0003199629704875965,0.0,0.0,5.157354266689615e-06,0.0010656721965244175,0.0003148056162209069,0.0,0.0,0.5440579355285013,0.18824343073417094
2014-02-13,0.0013908951279259908,-0.0003342317620874683,6.246584470373135e-05,1.8192154955244136e-05,2.691775526271818e-06,0.0013284292832222596,-0.0003551156925689843,0.30702015178234143,0.08941459452117666,0.23735216230616002,0.09824980670892135
2014-02-14,0.0005881597534341601,0.0002021170491686268,0.0,0.0,2.698306262692333e-06,0.0005881597534341601,0.00019941874290593448,0.0,0.0,0.23851091152238213,0.09848817858827015
2014-02-18,0.000626604386507317,-0.00018441112967838513,0.0,0.0,1.0762598845746167e-05,0.000626604386507317,-0.0001951737285241313,0.0,0.0,0.23891091018041716,0.09820871446743377
2014-02-19,-0.0011533041279693452,0.00019308247205513987,0.0,0.0,2.694539564176624e-06,-0.0011533041279693452,0.00019038793249096325,0.0,0.0,0.2394342153058714,0.09835069409244677
2014-02-20,0.0011859140755035506,0.00029871855377004936,0.0,0.0,2.6918416513571423e-06,0.0011859140755035506,0.0002960267121186922,0.0,0.0,0.23851057687516802,0.09825222027453571
2014-02-21,-4.706042794121255e-05,-0.00017546174803110922,0.0,0.0,2.6796864447503254e-06,-4.706042794121255e-05,-0.00017814143447585955,0.0,0.0,0.2393418005742177,0.09780855523338688
2014-02-24,0.000983402022735296,-2.543540658300086e-14,0.0,0.0,8.055294915205002e-06,0.000983402022735296,-8.055294940640409e-06,0.0,0.0,0.23934864190620073,0.0980060881349942
2014-02-25,-1.722791714303608e-06,-0.00037691739901402267,0.0,0.0,2.682481955071784e-06,-1.722791714303608e-06,-0.00037959988096909444,0.0,0.0,0.24009786526170251,0.0979105913601201
2014-02-26,0.0004561219008543705,-0.0002280153521508293,0.0,0.0,2.693835679775542e-06,0.0004561219008543705,-0.00023070918783060486,0.0,0.0,0.24018773149770872,0.09832500231180727
2014-02-27,0.0010756909137102305,-0.00014032736206819944,0.0,0.0,2.699474179926245e-06,0.0010756909137102305,-0.0001430268362481257,0.0,0.0,0.24058962143926915,0.09853080756730795
2014-02-28,0.00030923958797617263,0.0,3.0802562494899435e-05,2.0053332463822998e-05,0.0,0.0002784370254812732,-2.0053332463822998e-05,0.15142080643126235,0.0985791936566674,0.39194272688715814,0.0
2014-03-03,-0.001431408448769007,0.0,0.0,0.0,0.0,-0.001431408448769007,0.0,0.0,0.0,0.3921506411442563,0.0
2014-03-04,0.003218019681306397,0.0,0.0,0.0,0.0,0.003218019681306397,0.0,0.0,0.0,0.3912793132102449,0.0
2014-03-05,-0.00013366885497897798,0.0,0.0,0.0,0.0,-0.00013366885497897798,0.0,0.0,0.0,0.39323190488232246,0.0
2014-03-06,-0.00013448184420168064,0.0,0.0,0.0,0.0,-0.00013448184420168064,0.0,0.0,0.0,0.3931507880430153,0.0
2014-03-07,-0.001274361918195291,0.0,0.0,0.0,0.0,-0.001274361918195291,0.0,0.0,0.0,0.3930691668652725,0.0
2014-03-10,1.6790155605221935e-05,0.0,0.0,0.0,0.0,1.6790155605221935e-05,0.0,0.0,0.0,0.3922947304122232,0.0
2014-03-11,-0.001013254581698693,0.0,0.0,0.0,0.0,-0.001013254581698693,0.0,0.0,0.0,0.3923049337069468,0.0
2014-03-12,0.0008513306620361185,0.0,0.0,0.0,0.0,0.0008513306620361185,0.0,0.0,0.0,0.39168855935261115,0.0
2014-03-13,-0.0024862867744226223,0.0,0.0,0.0,0.0,-0.0024862867744226223,0.0,0.0,0.0,0.392205993026949,0.0
2014-03-14,-0.0014427580025599535,0.0,4.25110774429448e-05,0.0,0.0,-0.0014852690800028982,0.0,0.21018881280177695,0.0,0.6000000000355931,0.0
2014-03-17,0.002892658263339623,0.0,0.0,0.0,0.0,0.002892658263339623,0.0,0.0,0.0,0.5994475829931352,0.0
2014-03-18,0.003977418168868939,0.0,0.0,0.0,0.0,0.003977418168868939,0.0,0.0,0.0,0.6006029023081272,0.0
2014-03-19,-0.00314227172844229,0.0,0.0,0.0,0.0,-0.00314227172844229,0.0,0.0,0.0,0.6021851782081675,0.0
2014-03-20,0.0014889387462889423,0.0,0.0,0.0,0.0,0.0014889387462889423,0.0,0.0,0.0,0.6009311955863552,0.0
2014-03-21,-0.0025928224923097852,0.0,0.0,0.0,0.0,-0.0025928224923097852,0.0,0.0,0.0,0.6015245011959716,0.0
2014-03-24,-0.0021275327932998803,0.0,0.0,0.0,0.0,-0.0021275327932998803,0.0,0.0,0.0,0.6004886391536358,0.0
2014-03-25,0.0014954496428106405,0.0,0.0,0.0,0.0,0.0014954496428106405,0.0,0.0,0.0,0.5996368534300796,0.0
2014-03-26,-0.0022641829218115125,0.0,0.0,0.0,0.0,-0.0022641829218115125,0.0,0.0,0.0,0.6002346823315949,0.0
2014-03-27,-0.0009899991247471701,0.0,0.0,0.0,0.0,-0.0009899991247471701,0.0,0.0,0.0,0.5993274864692191,0.0
2014-03-28,0.0004129740078681725,0.0,8.631915749170081e-07,0.0,0.0,0.0004121108162932555,0.0,0.004306141911281033,0.0,0.6000000001018955,0.0
2014-03-31,0.00323478604344972,0.0,0.0,0.0,0.0,0.00323478604344972,0.0,0.0,0.0,0.6001656393582167,0.0
2014-04-01,0.0033208746493210506,0.0,0.0,0.0,0.0,0.0033208746493210506,0.0,0.0,0.0,0.6014548476547077,0.0
2014-04-02,0.0005770082648110075,0.0,0.0,0.0,0.0,0.0005770082648110075,0.0,0.0,0.0,0.6027739854564564,0.0
2014-04-03,-0.0013034363709350802,0.0,0.0,0.0,0.0,-0.0013034363709350802,0.0,0.0,0.0,0.6030030559742637,0.0
2014-04-04,-0.005232843119643289,0.0,0.0,0.0,0.0,-0.005232843119643289,0.0,0.0,0.0,0.6024849203614678,0.0
2014-04-07,-0.0028734310407688745,0.0,0.0,0.0,0.0,-0.0028734310407688745,0.0,0.0,0.0,0.6003938440376734,0.0
2014-04-08,0.001844641678030794,0.0,0.0,0.0,0.0,0.001844641678030794,0.0,0.0,0.0,0.5992422944065939,0.0
2014-04-09,0.004847876157518224,0.0,0.0,0.0,0.0,0.004847876157518224,0.0,0.0,0.0,0.5999801876245396,0.0
2014-04-10,-0.008208736249144151,0.0,0.0,0.0,0.0,-0.008208736249144151,0.0,0.0,0.0,0.6019100782646686,0.0
2014-04-11,-0.0013935482717299913,0.0,5.0501679943202046e-05,0.0,0.0,-0.0014440499516731934,0.0,0.2500000000563522,0.0,0.4287962486126478,0.0
2014-04-14,0.0011000197295047377,0.0,0.0,0.0,0.0,0.0011000197295047377,0.0,0.0,0.0,0.4280207837329826,0.0
2014-04-15,0.0012105401360501182,0.0,0.0,0.0,0.0,0.0012105401360501182,0.0,0.0,0.0,0.42864928079657305,0.0
2014-04-16,0.0014246496690000494,0.0,0.0,0.0,0.0,0.0014246496690000494,0.0,0.0,0.0,0.42934008752465924,0.0
2014-04-17,-0.0006071165002883187,0.0,0.0,0.0,0.0,-0.0006071165002883187,0.0,0.0,0.0,0.43015192140121533,0.0
2014-04-21,0.0008042488524913495,0.0,0.0,0.0,0.0,0.0008042488524913495,0.0,0.0,0.0,0.4298057470618871,0.0
2014-04-22,0.0010008396793549455,0.0,0.0,0.0,0.0,0.0010008396793549455,0.0,0.0,0.0,0.4302639566209976,0.0
2014-04-23,-0.00013463696890898813,0.0,0.0,0.0,0.0,-0.00013463696890898813,0.0,0.0,0.0,0.43083360093733514,0.0
2014-04-24,0.00024849704595948137,0.0,0.0,0.0,0.0,0.00024849704595948137,0.0,0.0,0.0,0.43075695977982736,0.0
2014-04-25,-0.0013371681563810757,0.0,0.0,0.0,0.0,-0.0013371681563810757,0.0,0.0,0.0,0.430898379851285,0.0
2014-04-28,0.00015223103120014624,0.0,3.470570490564421e-05,0.0,0.0,0.00011752532629450202,0.0,0.17060038867200716,0.0,0.5999999999721746,0.0
2014-04-29,0.0006619309581404434,0.0,0.0,0.0,0.0,0.0006619309581404434,0.0,0.0,0.0,0.6000817062050495,0.0
2014-04-30,0.0016016799130128408,0.0,0.0,0.0,0.0,0.0016016799130128408,0.0,0.0,0.0,0.6003462493951119,0.0
2014-05-01,0.0005012200897510048,0.0,0.0,0.0,0.0,0.0005012200897510048,0.0,0.0,0.0,0.6009853431559766,0.0
2014-05-02,-0.0015825353772372173,0.0,0.0,0.0,0.0,-0.0015825353772372173,0.0,0.0,0.0,0.6011852371272178,0.0
2014-05-05,0.0011176757748058601,0.0,0.0,0.0,0.0,0.0011176757748058601,0.0,0.0,0.0,0.6005530982739085,0.0
2014-05-06,-0.0019834462237132214,0.0,0.0,0.0,0.0,-0.0019834462237132214,0.0,0.0,0.0,0.6009990519676487,0.0
2014-05-07,0.00288658811731205,0.0,0.0,0.0,0.0,0.00288658811731205,0.0,0.0,0.0,0.6002060822311865,0.0
2014-05-08,-0.0015827522103240151,0.0,0.0,0.0,0.0,-0.0015827522103240151,0.0,0.0,0.0,0.6013568009526042,0.0
2014-05-09,-0.0009392469368146377,0.0,0.0,0.0,0.0,-0.0009392469368146377,0.0,0.0,0.0,0.6007248473221758,0.0
2014-05-12,0.0013695227575999272,0.0,4.0639459025854174e-05,0.0,0.0,0.0013288832985740731,0.0,0.2003494767125895,0.0,0.6000000000026424,0.0
2014-05-13,0.001017796034545903,0.0,0.0,0.0,0.0,0.001017796034545903,0.0,0.0,0.0,0.6005714334127795,0.0
2014-05-14,1.6499493996223304e-05,0.0,0.0,0.0,0.0,1.6499493996223304e-05,0.0,0.0,0.0,0.6009775568730888,0.0
2014-05-15,-0.0024222759232488717,0.0,0.0,0.0,0.0,-0.0024222759232488717,0.0,0.0,0.0,0.6009841404328682,0.0
2014-05-16,0.001235752061068925,0.0,0.0,0.0,0.0,0.001235752061068925,0.0,0.0,0.0,0.600015267044563,0.0
2014-05-19,-0.00013143056095789313,0.0,0.0,0.0,0.0,-0.00013143056095789313,0.0,0.0,0.0,0.6005089389466385,0.0
2014-05-20,-0.0014151627300518052,0.0,0.0,0.0,0.0,-0.0014151627300518052,0.0,0.0,0.0,0.6004564267106739,0.0
2014-05-21,0.0014028227501159231,0.0,0.0,0.0,0.0,0.0014028227501159231,0.0,0.0,0.0,0.5998902062426197,0.0
2014-05-22,0.0006071798461845569,0.0,0.0,0.0,0.0,0.0006071798461845569,0.0,0.0,0.0,0.6004507030861232,0.0
2014-05-23,0.0011911698658479512,0.0,0.0,0.0,0.0,0.0011911698658479512,0.0,0.0,0.0,0.6006931541553635,0.0
2014-05-27,0.001637703685366906,0.0,5.529615354783125e-07,0.0,0.0,0.0016371507238314277,0.0,0.0027625387271669713,0.0,0.6000000000234057,0.0
2014-05-28,0.0007268282408375536,0.0,0.0,0.0,0.0,0.0007268282408375536,0.0,0.0,0.0,0.6006543420179655,0.0
2014-05-29,0.0018916002124242692,0.0,0.0,0.0,0.0,0.0018916002124242692,0.0,0.0,0.0,0.6009443869072261,0.0
2014-05-30,0.0011985005280319488,0.0,0.0,0.0,0.0,0.0011985005280319488,0.0,0.0,0.0,0.6016978154042165,0.0
2014-06-02,-0.0009421018282236606,0.0,0.0,0.0,0.0,-0.0009421018282236606,0.0,0.0,0.0,0.602174609344981,0.0
2014-06-03,-0.0010624253333510047,0.0,0.0,0.0,0.0,-0.0010624253333510047,0.0,0.0,0.0,0.601799463891914,0.0
2014-06-04,0.00043639098248530946,0.0,0.0,0.0,0.0,0.00043639098248530946,0.0,0.0,0.0,0.6013759556086697,0.0
2014-06-05,0.002266204201302973,0.0,0.0,0.0,0.0,0.002266204201302973,0.0,0.0,0.0,0.6015498356673543,0.0
2014-06-06,0.00140608868459235,0.0,0.0,0.0,0.0,0.00140608868459235,0.0,0.0,0.0,0.6024507634175222,0.0
2014-06-09,-0.0006476247928165203,0.0,0.0,0.0,0.0,-0.0006476247928165203,0.0,0.0,0.0,0.6030089680154803,0.0
2014-06-10,-0.0008722841750475504,6.057328093729329e-05,2.5924244169330108e-05,2.5127469046669718e-05,3.3712081653133457e-06,-0.0008982084192168806,3.207460372531023e-05,0.1269509020714685,0.12304909803393713,0.7230490981476888,0.12304909803393713
2014-06-11,-0.001652340315898632,0.00018103627596508431,0.0,0.0,3.372469633361031e-06,-0.001652340315898632,0.00017766380633172328,0.0,0.0,0.7228028579698629,0.12309514161767762
2014-06-12,-0.0015988128378431117,-9.022816915838389e-05,0.0,0.0,3.3724830569323553e-06,-0.0015988128378431117,-9.360065221531624e-05,0.0,0.0,0.7222155519632886,0.12309563157803097
2014-06-13,0.0009326946835259067,0.0003868798649286046,0.0,0.0,3.3806765641895903e-06,0.0009326946835259067,0.00038349918836441503,0.0,0.0,0.7218383881511945,0.12339469459292005
2014-06-16,-0.0001338434563726104,0.0001982607914912534,0.0,0.0,1.0096941814564982e-05,-0.0001338434563726104,0.00018816384967668842,0.0,0.0,0.7218210264231406,0.12284612541054062
2014-06-17,-0.000376766045915947,-0.0002665804290935159,0.0,0.0,3.360032950703654e-06,-0.000376766045915947,-0.00026994046204421954,0.0,0.0,0.7216479827645171,0.12264120270068338
2014-06-18,0.005646405788624043,-0.00012069719660160075,0.0,0.0,3.369515611778287e-06,0.005646405788624043,-0.00012406671221337903,0.0,0.0,0.7217379693604286,0.12298731982990746
2014-06-19,0.00030382302611425875,0.0003777653358746099,0.0,0.0,3.3542988089015646e-06,0.00030382302611425875,0.0003744110370657083,0.0,0.0,0.7233895726445695,0.1224319065249071
2014-06-20,0.0004176385219564789,-4.530256370018387e-05,0.0,0.0,3.3416826306836564e-06,0.0004176385219564789,-4.8644246330867525e-05,0.0,0.0,0.7232028948328179,0.12197141601995345
2014-06-23,-0.00027103039796968803,0.00012076446931002931,0.0,0.0,1.0025072196184162e-05,-0.00027103039796968803,0.00011073939711384516,0.0,0.0,0.7233536200097377,0.12197171172024063
2014-06-24,-0.002212169051618336,5.985166204382778e-05,3.529501050956922e-05,1.6044536106498154e-05,5.479452054384056e-06,-0.002247464062127905,3.832767388294557e-05,0.1718704823842137,0.07812951803788622,0.8000000005851998,0.1999999999850181
2014-06-25,0.0014573387640797616,-0.0007944889566451715,0.0,0.0,5.489940309728728e-06,0.0014573387640797616,-0.0007999788969549002,0.0,0.0,0.7995541557133403,0.20038282130509855
2014-06-26,0.0001676329431229711,0.00021398421130452966,0.0,0.0,5.508086335557078e-06,0.0001676329431229711,0.0002084761249689726,0.0,0.0,0.8004852875751443,0.20104515124783334
2014-06-27,0.0004164669504912815,-0.00042247207442915036,0.0,0.0,5.500155096217847e-06,0.0004164669504912815,-0.0004279722295253682,0.0,0.0,0.80035190091067,0.20075566101195141
2014-06-30,-0.00023493893628320653,-4.886600323559556e-05,0.0,0.0,1.653537926495078e-05,-0.00023493893628320653,-6.540138250054634e-05,0.0,0.0,0.8007775810306753,0.20118044772356783
2014-07-01,0.0018847983771604923,-0.0011614795418485614,0.0,0.0,5.514788196170985e-06,0.0018847983771604923,-0.0011669943300447324,0.0,0.0,0.8007831495608079,0.20128976916024094
2014-07-02,8.973366545535693e-05,-0.0005418571307633974,0.0,0.0,5.542631030496544e-06,8.973366545535693e-05,-0.0005473997617938939,0.0,0.0,0.8020922029085606,0.20230603261312385
2014-07-03,0.0017333741499492702,-0.00048445727075714103,0.0,0.0,5.560021064475515e-06,0.0017333741499492702,-0.0004900172918216165,0.0,0.0,0.8025492361500441,0.20294076885335632
2014-07-07,-0.0014480587937079539,0.00034350589857245497,0.0,0.0,2.2265491514082654e-05,-0.0014480587937079539,0.00032124040705837234,0.0,0.0,0.8032838418262358,0.2031726100660042
2014-07-08,-0.0017054841787017337,0.001383341509037231,0.0,0.0,5.563230508437906e-06,-0.0017054841787017337,0.001377778278528793,0.0,0.0,0.8027403255911092,0.20305791355798358
2014-07-09,0.0017090282222772951,-0.001469792139603682,6.535944534056609e-07,4.000560095190103e-05,5.4794520521337956e-06,0.0017083746278238894,-0.0015152771926077169,0.0032437950803093606,0.19854815302732198,0.800000000437958,0.19999999990288356
2014-07-10,-0.002557302804699767,0.0024396676589510257,0.0,0.0,5.518654691864314e-06,-0.002557302804699767,0.002434149004259161,0.0,0.0,0.8015542505902599,0.20143089625304747
2014-07-11,0.0008885228194638758,-5.9890519259681935e-05,0.0,0.0,5.4524859763998816e-06,0.0008885228194638758,-6.534300523608182e-05,0.0,0.0,0.7990953594159866,0.19901573813859572
2014-07-14,0.001060613054623419,-0.0010189693374512345,0.0,0.0,1.6348922334781582e-05,0.001060613054623419,-0.001035318259786016,0.0,0.0,0.7993258932951004,0.1989118884065092
2014-07-15,-0.0013481531584161417,0.0005181189546973145,0.0,0.0,5.477419196215069e-06,-0.0013481531584161417,0.0005126415355010994,0.0,0.0,0.8003662612493507,0.19992580066185
2014-07-16,0.00205671333797669,-0.00044223947847287865,0.0,0.0,5.467792560596414e-06,0.00205671333797669,-0.00044770727103347506,0.0,0.0,0.799686255251883,0.1995744284617691
2014-07-17,-0.004220013636837017,0.002170660790801789,0.0,0.0,5.471105668478094e-06,-0.004220013636837017,0.002165189685133311,0.0,0.0,0.80045503158772,0.1996953568994504
2014-07-18,0.003950227721252756,-0.002102273786099867,0.0,0.0,5.422778364694546e-06,0.003950227721252756,-0.0021076965644645615,0.0,0.0,0.7978745096036705,0.19793141031135092
2014-07-21,-0.001218726702592012,0.0004947965651889788,0.0,0.0,1.6410887149455013e-05,-0.001218726702592012,0.00047838567803952373,0.0,0.0,0.8003500673894205,0.19966579365170267
2014-07-22,0.0015812924745409573,-0.0013035271308417004,0.0,0.0,5.4607824875075125e-06,0.0015812924745409573,-0.001308987913329208,0.0,0.0,0.7997234087346098,0.19931856079402427
2014-07-23,0.0014951360544238567,-3.3172135530226284e-05,7.13967674976199e-07,1.1360236752769394e-07,5.4794520554299015e-06,0.0014944220867488805,-3.876518995318388e-05,0.003566448762614202,0.0005674725023267955,0.7999999999203325,0.2000000000231914
2014-07-24,-0.00040683798028052457,3.0429957728800027e-05,0.0,0.0,5.4723949516075694e-06,-0.00040683798028052457,2.4957562777192457e-05,0.0,0.0,0.800330129901452,0.1997424157336763
2014-07-25,-0.0007769141817330463,0.0013049930094142966,0.0,0.0,5.473651534468798e-06,-0.0007769141817330463,0.0012995193578798278,0.0,0.0,0.8002288836613622,0.19978828100811108
2014-07-28,-0.0010490419254659748,-0.0002716161756292793,0.0,0.0,1.6305173735810166e-05,-0.0010490419254659748,-0.0002879213493650895,0.0,0.0,0.7990343899715109,0.1983796137856904
2014-07-29,-0.0017390100196866627,0.0003537932890668659,0.0,0.0,5.4497856142169705e-06,-0.0017390100196866627,0.00034834350345264896,0.0,0.0,0.7990536534353074,0.19891717491891941
2014-07-30,-0.0029975306734697327,-0.0006402996031996986,0.0,0.0,5.447668537620031e-06,-0.0029975306734697327,-0.0006457472717373186,0.0,0.0,0.7984249863098064,0.19883990162313106
2014-07-31,-0.008828662623606166,0.003802175568182712,0.0,0.0,5.485195082772436e-06,-0.008828662623606166,0.0037966903730999395,0.0,0.0,0.798336015634964,0.20020962052119387
2014-08-01,-0.00046775540498987105,0.0005781825260826478,0.0,0.0,5.408240002741467e-06,-0.00046775540498987105,0.0005727742860799064,0.0,0.0,0.7935002241198995,0.1974007601000636
2014-08-04,0.0031839139786818066,-0.001443739312816027,0.0,0.0,1.6175499423914984e-05,0.0031839139786818066,-0.001459914812239942,0.0,0.0,0.7929491940777864,0.1968019096576323
2014-08-05,-0.003580532729352025,0.0015035490851657133,0.0,0.0,5.422040050498507e-06,-0.003580532729352025,0.0014981270451152149,0.0,0.0,0.794762937414846,0.1979044618431955
2014-08-06,0.0008572549374345859,0.0006181299002184033,2.669881079185346e-05,2.3830652694882683e-05,5.4794520546773635e-06,0.0008305561266427324,0.0005888197954688432,0.13209526161153606,0.11790473840373072,0.8000000000151809,0.1999999999957238
2014-08-07,-0.0030412918070897004,0.00017778556956383158,0.0,0.0,5.454774613171475e-06,-0.0030412918070897004,0.00017233079495066012,0.0,0.0,0.7997221485905269,0.19909927338075883
2014-08-08,0.0038883764169490302,-0.001238019256208659,0.0,0.0,5.465584323983245e-06,0.0038883764169490302,-0.0012434848405326422,0.0,0.0,0.7989730793979788,0.19949382782538846
2014-08-11,0.0022728721794664833,-0.000981050225962241,0.0,0.0,1.6454986324589398e-05,0.0022728721794664833,-0.0009975052122868304,0.0,0.0,0.8007435758762232,0.20020233361583767
2014-08-12,0.0002930924114203521,0.0005993255950318579,0.0,0.0,5.504852822463371e-06,0.0002930924114203521,0.0005938207422093945,0.0,0.0,0.8019936118951896,0.20092712801991303
2014-08-13,0.002742086676490647,-0.00116600943835454,0.0,0.0,5.483569493235035e-06,0.002742086676490647,-0.001171493007847775,0.0,0.0,0.8015757762070608,0.2001502865030788
2014-08-14,0.0025219353670996453,-0.0013576667712338446,0.0,0.0,5.506865908569481e-06,0.0025219353670996453,-0.001363173637142414,0.0,0.0,0.8030565872919888,0.20100060566278602
2014-08-15,0.0011932478688365363,-0.0004065190049343936,0.0,0.0,5.537645446848419e-06,0.0011932478688365363,-0.000412056650381242,0.0,0.0,0.8046461295180447,0.20212405880996728
2014-08-18,0.0037034625086060126,-0.000573238141788833,0.0,0.0,1.6633355030615402e-05,0.0037034625086060126,-0.0005898714968194484,0.0,0.0,0.8052103541292261,0.2023724862058207
2014-08-19,0.001365039477322712,-0.00041986804847878566,0.0,0.0,5.542898512453736e-06,0.001365039477322712,-0.00042541094699123937,0.0,0.0,0.8064030074818591,0.2023157957045614
2014-08-20,-0.00044442492276237607,0.0001331828543862753,4.609365921627243e-05,4.5008057510204825e-06,4.939883041976067e-06,-0.0004905185819786485,0.00012374216559327874,0.2277603849288495,0.02223961533478149,0.7803057313900069,0.18030573103212644
2014-08-21,0.0016048942176197585,-0.0005588544826668596,0.0,0.0,4.938045355229755e-06,0.0016048942176197585,-0.0005637925280220894,0.0,0.0,0.7801474461517965,0.18023865546588605
2014-08-22,-0.0004526557309798143,1.1625005960633032e-05,0.0,0.0,4.9482048525142275e-06,-0.0004526557309798143,6.676801108118804e-06,0.0,0.0,0.7809393031414426,0.1806094771167693
2014-08-25,0.002332679320411193,-0.0005245674752125862,0.0,0.0,1.4850281990471115e-05,0.002332679320411193,-0.0005394177572030572,0.0,0.0,0.7808348833161306,0.1806784308840652
2014-08-26,0.0002746566319366133,0.0003298681329257314,0.0,0.0,4.95557905902338e-06,0.0002746566319366133,0.000324912553866708,0.0,0.0,0.7817656523407627,0.18087863565435333
2014-08-27,0.0012614907707631743,-0.00039263087912127576,0.0,0.0,4.943577559157424e-06,0.0012614907707631743,-0.0003975744566804332,0.0,0.0,0.7815717026632865,0.18044058090924595
2014-08-28,-0.0003282254573392284,0.00011770901789009413,0.0,0.0,4.950058133567061e-06,-0.0003282254573392284,0.00011275895975652707,0.0,0.0,0.7821574748313612,0.18067712187519777
2014-08-29,0.0014168500161445999,-5.218295960028073e-05,0.0,0.0,4.947899335507547e-06,0.0014168500161445999,-5.7130858935788275e-05,0.0,0.0,0.7819977436889721,0.18059832574602547
2014-09-02,-0.001422534052794603,0.0001401461418466586,0.0,0.0,1.9770433784970575e-05,-0.001422534052794603,0.00012037570806168802,0.0,0.0,0.7823508163125188,0.1804052082878565
2014-09-03,-0.00020269287112578024,-0.00048062385462731066,0.0,0.0,4.945208270133474e-06,-0.00020269287112578024,-0.00048556906289744413,0.0,0.0,0.7819465004203814,0.1805001018598718
2014-09-04,-0.001151658231954237,0.0006505553580468928,3.757643974831469e-05,1.3682511025946755e-05,5.479452054392578e-06,-0.0011892346717025516,0.0006313933949665536,0.18326769856076794,0.06673230149139019,0.8000000000620389,0.19999999998532908
2014-09-05,0.002947890043971819,-0.000396835367042287,0.0,0.0,5.46467704234379e-06,0.002947890043971819,-0.00040230004408463077,0.0,0.0,0.7992942211388925,0.19946071204554833
2014-09-08,-0.001642953933467295,0.00048312413988889694,0.0,0.0,1.6384938397208993e-05,-0.001642953933467295,0.00046673920149168795,0.0,0.0,0.800205117039071,0.1993500838327094
2014-09-09,-0.003785629821171854,0.0014260866445621782,0.0,0.0,5.454825901183155e-06,-0.003785629821171854,0.001420631818660995,0.0,0.0,0.7995025497829106,0.19910114539318519
2014-09-10,0.0012021440969276504,-0.00017871649940593405,0.0,0.0,5.428593647341255e-06,0.0012021440969276504,-0.0001841450930532753,0.0,0.0,0.7976032500549146,0.1981436681279558
2014-09-11,0.00025156424634189753,-8.113111257243144e-05,0.0,0.0,5.427964327512259e-06,0.00025156424634189753,-8.65590768999437e-05,0.0,0.0,0.797993038034025,0.19812069795419746
2014-09-12,-0.004575612680761511,0.0016148669467465546,0.0,0.0,5.429291236599279e-06,-0.004575612680761511,0.0016094376555099554,0.0,0.0,0.7981129095244972,0.19816913013587364
2014-09-15,-0.00131728543820659,-6.464600521590749e-05,0.0,0.0,1.6203206466002736e-05,-0.00131728543820659,-8.084921168191023e-05,0.0,0.0,0.7958980698210849,0.1971390120030333
2014-09-16,0.003487946968446739,-0.000660410733780868,0.0,0.0,5.410404419320045e-06,0.003487946968446739,-0.0006658211382001881,0.0,0.0,0.7956932707153483,0.19747976130518166
2014-09-17,-7.73095085747234e-05,0.0006542645976515664,0.0,0.0,5.413221073066031e-06,-7.73095085747234e-05,0.0006488513765785004,0.0,0.0,0.796932174808314,0.1975825691669101
2014-09-18,0.00254361974892754,0.00021424583918026153,2.3778226658643573e-05,2.2572381164801094e-05,5.479452054479971e-06,0.0025198415222688966,0.00018619400596098047,0.11753007836225453,0.11156987294329575,0.800000000061717,0.19999999998851895
2014-09-19,0.0007110613925027515,-0.0010566603456686387,0.0,0.0,5.458810570116722e-06,0.0007110613925027515,-0.0010621191562387555,0.0,0.0,0.80037776913137,0.19924658580926036
2014-09-22,-0.0020756478111963418,0.0014462010102088538,0.0,0.0,1.646906209799553e-05,-0.0020756478111963418,0.0014297319481108583,0.0,0.0,0.8013701577393735,0.20037358885894557
2014-09-23,-0.0011624496057157734,0.0007320697961359023,0.0,0.0,5.453587979500027e-06,-0.0011624496057157734,0.0007266162081564023,0.0,0.0,0.7998111206184567,0.19905596125175096
2014-09-24,0.00330001083825811,-0.00042951893180927963,0.0,0.0,5.435900419705291e-06,0.00330001083825811,-0.00043495483222898493,0.0,0.0,0.7989969005465456,0.1984103653192431
2014-09-25,-0.006484797595011602,0.0013291640891293134,0.0,0.0,5.432104777255216e-06,-0.006484797595011602,0.001323731984352058,0.0,0.0,0.8000048526767896,0.19827182436981536
2014-09-26,0.0025446272886034283,-0.0009799262623467009,0.0,0.0,5.42368129778771e-06,0.0025446272886034283,-0.0009853499436444887,0.0,0.0,0.7976367104780256,0.19796436736925144
2014-09-29,-0.0007808220393436728,-0.0001473897772263625,0.0,0.0,1.632612881514724e-05,-0.0007808220393436728,-0.00016371590604150974,0.0,0.0,0.7989355756234778,0.19863456725095804
2014-09-30,-0.0004343195838110677,0.0004299686192382952,0.0,0.0,5.451229907967899e-06,-0.0004343195838110677,0.0004245173893303273,0.0,0.0,0.7989093537837062,0.19896989164082834
2014-10-01,-0.0037760190211455513,0.0007310411092862013,0.0,0.0,5.439503264865869e-06,-0.0037760190211455513,0.0007256016060213354,0.0,0.0,0.798482861084189,0.1985418691676042
2014-10-02,-0.0007468463561475115,-1.959041713288268e-05,9.247897488058187e-06,1.1334112957987233e-05,4.351022034947028e-06,-0.0007560942536355696,-3.527555212581694e-05,0.04566716267839747,0.05596913038191747,0.7588123042774851,0.15881230427556653
2014-10-03,0.004085787641166547,-0.0012402431922576734,0.0,0.0,4.3550051783061395e-06,0.004085787641166547,-0.0012445981974359794,0.0,0.0,0.7586658431622788,0.15895768900817409
2014-10-06,1.666025014669188e-05,0.0002374597214191183,0.0,0.0,1.3129649509954769e-05,1.666025014669188e-05,0.00022433007190916354,0.0,0.0,0.7605906486814115,0.15974406903778302
2014-10-07,-0.00483632414498926,0.0007498453797649584,0.0,0.0,4.368991206261428e-06,-0.00483632414498926,0.000745476388558697,0.0,0.0,0.7604240540938629,0.15946817902854213
2014-10-08,0.008132666885088773,-0.0029950042046808225,0.0,0.0,4.366309404257059e-06,0.008132666885088773,-0.0029993705140850795,0.0,0.0,0.7586914210464848,0.15937029325538266
2014-10-09,-0.007505523421762427,0.002734272199333823,0.0,0.0,4.425646160598792e-06,-0.007505523421762427,0.0027298465531732244,0.0,0.0,0.7629078558039649,0.16153608486185592
2014-10-10,-0.006636618363508348,-0.00013421058180278556,0.0,0.0,4.371611999799647e-06,-0.006636618363508348,-0.0001385821938025852,0.0,0.0,0.7590272010287857,0.1595638379926871
2014-10-13,-0.005372765208463975,0.0009728965913277746,0.0,0.0,1.3215404018795695e-05,-0.005372765208463975,0.000959681187308979,0.0,0.0,0.7575229525958806,0.16078741556201426
2014-10-14,0.0011610937190287976,-0.00129479622249568,0.0,0.0,4.397888222039137e-06,0.0011610937190287976,-0.001299194110717719,0.0,0.0,0.755484202650368,0.16052292010442848
2014-10-15,-0.001523428014211189,0.0016815915530274648,0.0,0.0,4.433974424753404e-06,-0.001523428014211189,0.0016771575786027114,0.0,0.0,0.7567498038137142,0.16184006650349925
2014-10-16,-0.0010448219124659628,-5.913218138889973e-05,6.973553567479781e-05,1.1068215492516106e-05,2.8882024708713055e-06,-0.0011145574481407606,-7.308859935228714e-05,0.3447297082126537,0.05471446745548947,0.41038058483418305,0.10541939018680266
2014-10-17,0.0008422832332311898,-0.0005559237918754713,0.0,0.0,2.8932586978923114e-06,0.0008422832332311898,-0.0005588170505733636,0.0,0.0,0.40982248697855095,0.10560394247306937
2014-10-20,0.0011245527875494168,-0.0014255509946390775,0.0,0.0,8.722995785815705e-06,0.0011245527875494168,-0.0014342739904248932,0.0,0.0,0.4105483936258447,0.10612978206075775
2014-10-21,0.0006752834678469283,-0.00030872915462869043,0.0,0.0,2.9476343984440392e-06,0.0006752834678469283,-0.00031167678902713447,0.0,0.0,0.41180048975642614,0.10758865554320743
2014-10-22,-0.00024233104600432967,-0.0006384800793645479,0.0,0.0,2.9550182670696244e-06,-0.00024233104600432967,-0.0006414350976316175,0.0,0.0,0.4123258487918024,0.10785816674804129
2014-10-23,-6.675825839354681e-05,-0.00014016134030803707,0.0,0.0,2.975140200165198e-06,-6.675825839354681e-05,-0.00014313648050820227,0.0,0.0,0.4124480253466089,0.10859261730602972
2014-10-24,0.0007060988451092394,-0.001014068824815624,0.0,0.0,2.9796056404338955e-06,0.0007060988451092394,-0.0010170484304560577,0.0,0.0,0.41246784191820013,0.10875560587583717
2014-10-27,0.0003927898484313943,0.00022488073805107455,0.0,0.0,9.024971354989872e-06,0.0003927898484313943,0.00021585576669608467,0.0,0.0,0.41330245699093354,0.10980381815237678
2014-10-28,0.0005573358478223787,-0.000693776668459796,0.0,0.0,3.0003365272144395e-06,0.0005573358478223787,-0.0006967770049870105,0.0,0.0,0.41344360620134796,0.10951228324332704
2014-10-29,-0.0007750314262692968,0.0005978668910320717,0.0,0.0,3.019765186724245e-06,-0.0007750314262692968,0.0005948471258453474,0.0,0.0,0.4140586788704861,0.11022142931543492
2014-10-30,0.0005182997390034829,0.0,2.8449867131861695e-05,2.2224362999421174e-05,0.0,0.0004898498718716212,-2.2224362999421174e-05,0.14035668159683823,0.10964331842903015,0.44344467682102506,0.0
2014-10-31,-0.0003090522676016098,0.0,0.0,0.0,0.0,-0.0003090522676016098,0.0,0.0,0.0,0.4437554651848066,0.0
2014-11-03,-0.0007835491306897969,0.0,0.0,0.0,0.0,-0.0007835491306897969,0.0,0.0,0.0,0.44358350340480296,0.0
2014-11-04,3.348824729540372e-05,0.0,0.0,0.0,0.0,3.348824729540372e-05,0.0,0.0,0.0,0.44314718186322966,0.0
2014-11-05,-0.0004131434524084363,0.0,0.0,0.0,0.0,-0.0004131434524084363,0.0,0.0,0.0,0.44316582926364184,0.0
2014-11-06,-0.0012252212640404972,0.0,0.0,0.0,0.0,-0.0012252212640404972,0.0,0.0,0.0,0.44293568178800213,0.0
2014-11-07,0.0023680764531831206,0.0,0.0,0.0,0.0,0.0023680764531831206,0.0,0.0,0.0,0.44225231746739385,0.0
2014-11-10,-0.0017003129814237544,0.0,0.0,0.0,0.0,-0.0017003129814237544,0.0,0.0,0.0,0.44356998628072686,0.0
2014-11-11,7.395104812958683e-05,0.0,0.0,0.0,0.0,7.395104812958683e-05,0.0,0.0,0.0,0.44262226969032475,0.0
2014-11-12,-6.637505202719329e-05,0.0,0.0,0.0,0.0,-6.637505202719329e-05,0.0,0.0,0.0,0.442663485309747,0.0
2014-11-13,0.0003866408125682723,-0.00022063841804344852,4.102463400395804e-05,9.327969880826534e-06,1.26885602204665e-06,0.0003456161785643143,-0.00023123524394632168,0.20368675520211768,0.04631324480470273,0.6463132448096898,0.04631324480470273
2014-11-14,0.0006822543873526876,-6.618873333818534e-05,0.0,0.0,1.2747551025321877e-06,0.0006822543873526876,-6.746348844071753e-05,0.0,0.0,0.6466259239447291,0.04652856124242485
2014-11-17,-0.0008925403604113417,0.00018374860739015384,0.0,0.0,3.827352456003095e-06,-0.0008925403604113417,0.00017992125493415074,0.0,0.0,0.6469104636666084,0.04656612154803766
2014-11-18,0.0007922415442157119,-0.0005074888611412657,0.0,0.0,1.2716561500475054e-06,0.0007922415442157119,-0.0005087605172913132,0.0,0.0,0.6464786163194689,0.04641544947673394
2014-11-19,-0.0014533865341629668,0.0001397019176654693,0.0,0.0,1.2851956258865097e-06,-0.0014533865341629668,0.00013841672203958278,0.0,0.0,0.6470874208571104,0.046909640344857596
2014-11-20,0.0014885016917094971,0.0002797597679235048,0.0,0.0,1.283055355146757e-06,0.0014885016917094971,0.00027847671256835805,0.0,0.0,0.6464841414529743,0.04683152046285663
2014-11-21,0.0018833050200615302,-0.00040420218116436155,0.0,0.0,1.2731410911570973e-06,0.0018833050200615302,-0.00040547532225551863,0.0,0.0,0.6468297090176045,0.046469649827234054
2014-11-24,0.0004146597061331934,-0.0002715273398923759,0.0,0.0,3.846960218496122e-06,0.0004146597061331934,-0.000275374300110872,0.0,0.0,0.6477557413661508,0.046804682658369484
2014-11-25,0.0016581776574075768,-8.070354592942573e-05,0.0,0.0,1.2895795584221789e-06,0.0016581776574075768,-8.199312548784791e-05,0.0,0.0,0.6480801329678285,0.04706965388240953
2014-11-26,0.0014255240798993487,-0.00018314761709387238,0.0,0.0,1.2897577183095165e-06,0.0014255240798993487,-0.00018443737481218188,0.0,0.0,0.6487158147923487,0.047076156718297346
2014-11-28,0.0016970838142114746,0.0016196561165634984,3.638389999855787e-05,1.4918466219257905e-05,6.569832767118847e-06,0.0016606999142129166,0.0015981678175771216,0.17730127614447924,0.07269872385581458,0.7198994479982559,0.11989944799991895
2014-12-01,-0.0022243833764846407,6.3364904215862706e-06,0.0,0.0,9.690048144919834e-06,-0.0022243833764846407,-3.3535577233335637e-06,0.0,0.0,0.7192525827794408,0.11789558576319131
2014-12-02,-0.0012695745249777565,-0.0006192369405519155,0.0,0.0,3.237053750026257e-06,-0.0012695745249777565,-0.0006224739943019418,0.0,0.0,0.7186291160267261,0.11815246187595838
2014-12-03,0.00040615551743359196,2.100624543702055e-05,0.0,0.0,3.2601875787387434e-06,0.00040615551743359196,1.7746057858281807e-05,0.0,0.0,0.7187193934659333,0.11899684662396412
2014-12-04,0.0017518252979822372,0.0006421239744146166,0.0,0.0,3.258230895955666e-06,0.0017518252979822372,0.0006388657435186609,0.0,0.0,0.7188208396970667,0.11892542770238182
2014-12-05,-0.0025564917165015245,-0.0002521669513088173,0.0,0.0,3.232909570352647e-06,-0.0025564917165015245,-0.00025539986087917,0.0,0.0,0.7188541069214859,0.11800119931787162
2014-12-08,0.001695246967704285,0.0010490161013220743,0.0,0.0,9.74686188067862e-06,0.001695246967704285,0.0010392692394413957,0.0,0.0,0.7183174459812244,0.11858681954825655
2014-12-09,0.0013517993975443743,0.0011478463636683538,0.0,0.0,3.211432079995802e-06,0.0013517993975443743,0.001144634931588358,0.0,0.0,0.7180491758400664,0.11721727091984677
2014-12-10,0.00020407368380544901,0.0013305760424988605,0.0,0.0,3.172065381503209e-06,0.00020407368380544901,0.0013274039771173573,0.0,0.0,0.7176095102213821,0.11578038642486713
2014-12-11,-1.509636580719075e-05,0.0005808331657977432,0.0,0.0,3.1308164678715608e-06,-1.509636580719075e-05,0.0005777023493298716,0.0,0.0,0.7167159494393941,0.11427480107731197
2014-12-12,0.0013136719646832274,0.0014994625854935623,3.985151207676445e-05,1.2862002010018382e-05,1.369863014468807e-06,0.0012738204526064629,0.001485230720469075,0.19715074415747239,0.06363003899941122,0.5191473154121015,0.05000000002811145
2014-12-15,-0.0023682125163045323,0.0006253137814810082,0.0,0.0,3.975377273897902e-06,-0.0023682125163045323,0.0006213384042071103,0.0,0.0,0.5190289599160681,0.048367090165757805
2014-12-16,0.0018320877053808872,-0.0008170618546510596,0.0,0.0,1.3102827725968067e-06,0.0018320877053808872,-0.0008183721374236564,0.0,0.0,0.5175648680691247,0.04782532119978344
2014-12-17,0.0006864380224085341,-0.0006382833843163343,0.0,0.0,1.3313184506492843e-06,0.0006864380224085341,-0.0006396147027669835,0.0,0.0,0.518870968196284,0.04859312344869888
2014-12-18,-0.0013201404571251654,-0.0011377691398456863,0.0,0.0,1.3487425140561013e-06,-0.0013201404571251654,-0.0011391178823597424,0.0,0.0,0.5195330799552255,0.0492291017630477
2014-12-19,0.0017166313438619393,-0.0005007429753709258,0.0,0.0,1.3833162032210633e-06,0.0017166313438619393,-0.0005021262915741469,0.0,0.0,0.5194905008445854,0.05049104141756882
2014-12-22,0.0021923974053681163,-0.00019449051290626682,0.0,0.0,4.186021622133925e-06,0.0021923974053681163,-0.00019867653452840074,0.0,0.0,0.5205748913528052,0.05092992973596275
2014-12-23,-0.0032163526716371556,0.0004436757896040252,0.0,0.0,1.3978820612736857e-06,-0.0032163526716371556,0.00044227790754275154,0.0,0.0,0.5217271105290286,0.05102269523648953
2014-12-24,0.00024038031434249536,-0.00041710674188143225,0.0,0.0,1.3895813627797872e-06,0.00024038031434249536,-0.000418496323244212,0.0,0.0,0.5199531467603308,0.050719719741462235
2014-12-26,0.0010427739899425649,-5.562469071739624e-05,0.0,0.0,2.8025170626523616e-06,0.0010427739899425649,-5.84272077800486e-05,0.0,0.0,0.5202861983758146,0.05114593639340561
2014-12-29,0.0006212876331542638,-2.8113881680876372e-14,6.913319235879399e-05,1.0412521330030069e-05,2.0118196134348547e-15,0.0005521544407954698,-1.0412521360155771e-05,0.33961481236163155,0.05115121054090632,0.21761044762672432,2.4477138630124068e-11
2014-12-30,-0.0004884939529915704,1.2590063610885438e-13,0.0,0.0,6.710132651311222e-16,-0.0004884939529915704,1.2522962284372326e-13,0.0,0.0,0.21811357399364836,2.4491984177285962e-11
2014-12-31,-0.001401614784880525,2.0053458878130265e-13,0.0,0.0,6.678901929554267e-16,-0.001401614784880525,1.9986669858834722e-13,0.0,0.0,0.21773144053270588,2.4377992042873073e-11
2015-01-02,0.0005838385323366452,2.8376566860700585e-15,0.0,0.0,1.3266516438234063e-15,0.0005838385323366452,1.5110050422466522e-15,0.0,0.0,0.21663346241159803,2.4211392499777164e-11
2015-01-05,9.107057606370461e-05,3.1217383418830105e-13,0.0,0.0,1.988583222168857e-15,9.107057606370461e-05,3.101852509661322e-13,0.0,0.0,0.21709055511285308,2.4194429203054426e-11
2015-01-06,0.0008426776766279041,2.0293779526785815e-13,0.0,0.0,6.542487834565034e-16,0.0008426776766279041,2.0228354648440164e-13,0.0,0.0,0.2171618486341953,2.3880080596162374e-11
2015-01-07,0.001717275549661059,-2.8881004093748356e-13,0.0,0.0,6.481426685019759e-16,0.001717275549661059,-2.8945818360598555e-13,0.0,0.0,0.21782097343896073,2.365720740032212e-11
2015-01-08,0.0006971525522253406,-3.955985014959953e-13,0.0,0.0,6.549305760984073e-16,0.0006971525522253406,-3.962534320720937e-13,0.0,0.0,0.21916188763762756,2.3904966027591866e-11
2015-01-09,-0.00010774544765528255,1.7177628550376126e-13,0.0,0.0,6.653050720791418e-16,-0.00010774544765528255,1.7111098043168212e-13,0.0,0.0,0.21970587168075884,2.4283635130888673e-11
2015-01-12,0.00042824686439717365,1.3267332033939208e-13,0.0,0.0,1.982010170001582e-15,0.00042824686439717365,1.306913101693905e-13,0.0,0.0,0.21962178948108843,2.4114457068352576e-11
2015-01-13,0.00035039963303780896,1.2842207334978666e-14,5.1133955427248676e-05,4.137609870791609e-15,1.0252740883948604e-16,0.0002992656776105603,8.60207005534757e-15,0.24999999999543995,2.022926759794166e-11,0.2300441590491742,3.74225042264124e-12
2015-01-14,9.89111053199445e-05,1.1766480728710848e-14,0.0,0.0,1.0214499905028114e-16,9.89111053199445e-05,1.1664335729660567e-14,0.0,0.0,0.23032563012643917,3.7282924653352616e-12
2015-01-15,0.0006909720105279715,3.088887080305607e-14,0.0,0.0,1.0181255932246875e-16,0.0006909720105279715,3.07870582437336e-14,0.0,0.0,0.23040175193980444,3.71615841527011e-12
2015-01-16,0.00011150501143187397,-5.100085310946494e-14,0.0,0.0,1.008965721821691e-16,0.00011150501143187397,-5.110174968164711e-14,0.0,0.0,0.23093315560350036,3.682724884649172e-12
2015-01-20,0.0006048140753630593,-1.0766275851992309e-14,0.0,0.0,4.091298032926428e-16,0.0006048140753630593,-1.1175405655284951e-14,0.0,0.0,0.23101890084976384,3.733309455045365e-12
2015-01-21,-0.0005414492534789016,-1.6835229716646257e-14,0.0,0.0,1.0251541451921737e-16,-0.0005414492534789016,-1.6937745131165475e-14,0.0,0.0,0.23148371031891135,3.741812629951434e-12
2015-01-22,0.0014649292795415143,-5.109338963186315e-14,0.0,0.0,1.0303244052754593e-16,0.0014649292795415143,-5.119642207239069e-14,0.0,0.0,0.23106737232168328,3.760684079255427e-12
2015-01-23,0.0013985488816926172,2.588378720021288e-14,0.0,0.0,1.0427949733267642e-16,0.0013985488816926172,2.5779507702880206e-14,0.0,0.0,0.23219215651268138,3.806201652642689e-12
2015-01-26,-0.00032311899311141044,-1.357765067110708e-14,0.0,0.0,3.102771197148283e-16,-0.00032311899311141044,-1.3887927790821908e-14,0.0,0.0,0.23326447362564023,3.775038289863744e-12
2015-01-27,-0.0008240139879215143,3.6439756971130095e-14,0.0,0.0,1.0383124684889156e-16,-0.0008240139879215143,3.6335925724281206e-14,0.0,0.0,0.23301664673680383,3.789840509984542e-12
2015-01-28,-0.0013765671402888096,7.5437674205979e-14,5.0909083561527343e-05,3.318166701895185e-15,4.270425801357554e-16,-0.001427476223850337,7.169246492394807e-14,0.24999999999596,1.6294570976863673e-11,0.3781240431612114,1.5587054174955072e-11
2015-01-29,0.0020355591486996985,-1.0283216323201975e-13,0.0,0.0,4.2558330458960986e-16,0.0020355591486996985,-1.0325774653660936e-13,0.0,0.0,0.37728604287669254,1.5533790617520756e-11
2015-01-30,-0.003365528279248786,1.5346968118517666e-13,0.0,0.0,4.275303607929981e-16,-0.003365528279248786,1.5304215082438365e-13,0.0,0.0,0.3785510389947558,1.5604858168944434e-11
2015-02-02,0.00112465494236097,-1.0200919575266495e-13,0.0,0.0,1.2742657132733159e-15,0.00112465494236097,-1.0328346146593826e-13,0.0,0.0,0.3764524721562845,1.5503566178158682e-11
2015-02-03,-5.776379871809986e-05,-1.1996967403476826e-13,0.0,0.0,4.270697041906399e-16,-5.776379871809986e-05,-1.2039674373895889e-13,0.0,0.0,0.37715296015801664,1.5588044202958356e-11
2015-02-04,-0.0013797936677512443,2.094461496253072e-14,0.0,0.0,4.303814050400587e-16,-0.0013797936677512443,2.051423355749066e-14,0.0,0.0,0.3771169800686738,1.5708921283962142e-11
2015-02-05,0.0013162135066641413,-8.77029458455022e-14,0.0,0.0,4.304014451612077e-16,0.0013162135066641413,-8.813334729066341e-14,0.0,0.0,0.3762563425197748,1.570965274838408e-11
2015-02-06,-0.004860608486149665,1.3314423353327973e-13,0.0,0.0,4.322353515875519e-16,-0.004860608486149665,1.327119981816922e-13,0.0,0.0,0.37707624318215366,1.5776590332945643e-11
2015-02-09,-0.001950703757228272,6.222911139065574e-14,0.0,0.0,1.2920428073360207e-15,-0.001950703757228272,6.093706858331971e-14,0.0,0.0,0.3740336659065655,1.5719854155921586e-11
2015-02-10,0.0030407396725138608,-9.030680906355132e-14,0.0,0.0,4.2981446931746824e-16,0.0030407396725138608,-9.07366235328688e-14,0.0,0.0,0.3728102044158015,1.568822813008759e-11
2015-02-11,0.00020423623190707845,1.2763539069487332e-15,5.0819504927684885e-05,3.113684938101179e-15,1.759764399047724e-17,0.00015341672697939356,-1.8549286751429232e-15,0.2500000000020266,1.5317371462773644e-11,0.17063698365112512,6.423140056524193e-13
2015-02-12,0.0004715604158541593,-8.180088668943084e-15,0.0,0.0,1.7559981395415395e-17,0.0004715604158541593,-8.197648650338498e-15,0.0,0.0,0.1708150140026653,6.40939320932662e-13
2015-02-13,-1.0238000996319664e-05,-3.216305568691001e-15,0.0,0.0,1.777571109202809e-17,-1.0238000996319664e-05,-3.234081279783029e-15,0.0,0.0,0.17120584052116802,6.488134548590252e-13
2015-02-17,0.00047829135594445093,-6.754063159866898e-16,0.0,0.0,7.145604777834515e-17,0.00047829135594445093,-7.468623637650349e-16,0.0,0.0,0.17119735523886576,6.520364359773995e-13
2015-02-18,0.00046732194669108136,-3.3319195345282087e-15,0.0,0.0,1.7873967263177663e-17,0.00046732194669108136,-3.3497935017913865e-15,0.0,0.0,0.1715935748712138,6.523998051059846e-13
2015-02-19,-0.00026681260268194965,-4.862945470362531e-16,0.0,0.0,1.7956861094593934e-17,-0.00026681260268194965,-5.04251408130847e-16,0.0,0.0,0.17198052654344823,6.554254299526786e-13
2015-02-20,0.0009506884217641863,-4.98094750150168e-15,0.0,0.0,1.7974980184114995e-17,0.0009506884217641863,-4.998922481685795e-15,0.0,0.0,0.17175954155108303,6.560867767201972e-13
2015-02-23,0.000577482323579133,2.1347083719316106e-15,0.0,0.0,5.4282727537102846e-17,0.000577482323579133,2.0804256443945076e-15,0.0,0.0,0.17254619230560367,6.60439851701418e-13
2015-02-24,0.00017201378684348956,-3.2390700257564395e-15,0.0,0.0,1.8025348031628115e-17,0.00017201378684348956,-3.2570953737880675e-15,0.0,0.0,0.17302375646826276,6.579252031544263e-13
2015-02-25,-0.00021569354454178147,5.037700771055333e-16,0.0,0.0,1.8110974338889994e-17,-0.00021569354454178147,4.856591027666433e-16,0.0,0.0,0.17316598331856373,6.610505633694847e-13
2015-02-26,0.001100853920949132,4.332509280380384e-15,5.066621444347881e-05,1.631116494685702e-15,2.234639306090064e-16,0.0010501877065056532,2.4779288550856752e-15,0.2499999999624664,8.04834401167085e-12,0.4229876020355756,8.156433467228733e-12
2015-02-27,-6.781997228887587e-05,-2.567376905511548e-14,0.0,0.0,2.231109233756956e-16,-6.781997228887587e-05,-2.5896879978491176e-14,0.0,0.0,0.4236435507076301,8.143548703212888e-12
2015-03-02,0.0014478929405679294,-3.2964146924974194e-14,0.0,0.0,6.714884832564815e-16,0.0014478929405679294,-3.363563540823068e-14,0.0,0.0,0.4236044595780622,8.16977654628719e-12
2015-03-03,-0.001780117636974721,2.441829401195089e-14,0.0,0.0,2.244077034022825e-16,-0.001780117636974721,2.4193886308548608e-14,0.0,0.0,0.42443781200692954,8.19088117418331e-12
2015-03-04,-6.0909997969427903e-05,3.9035556420306285e-14,0.0,0.0,2.2413770051959107e-16,-6.0909997969427903e-05,3.8811418719786696e-14,0.0,0.0,0.4234114165001529,8.181026068965074e-12
2015-03-05,0.0009692692289941765,-2.009705281347156e-16,0.0,0.0,2.2308182113366825e-16,0.0009692692289941765,-4.2405234926838385e-16,0.0,0.0,0.42337629435139623,8.14248647137889e-12
2015-03-06,-0.005077078315765992,1.0924735801911496e-13,0.0,0.0,2.228713048776913e-16,-0.005077078315765992,1.0902448671423726e-13,0.0,0.0,0.42393465676248654,8.134802628035733e-12
2015-03-09,0.0017010990089513702,-1.1362591462787589e-14,0.0,0.0,6.630007866445298e-16,0.0017010990089513702,-1.2025592249432118e-14,0.0,0.0,0.42099500304769394,8.066509570841777e-12
2015-03-10,-0.00294272067129679,1.0666420665577054e-13,0.0,0.0,2.2093573253488168e-16,-0.00294272067129679,1.0644327092323565e-13,0.0,0.0,0.4219782752308561,8.06415423752318e-12
2015-03-11,-0.0007773484832749681,-8.205877167310631e-15,0.0,0.0,2.1865687159916942e-16,-0.0007773484832749681,-8.4245340389098e-15,0.0,0.0,0.4202722985400016,7.980975813369684e-12
2015-03-12,0.002939604775763749,-4.411193948579601e-15,5.049155328835203e-05,1.6333216004175092e-15,1.7057750908292075e-17,0.002889113222475397,-6.061573299905403e-15,0.2499999999921663,8.087103158812518e-12,0.4638039258335195,6.226079081526607e-13
2015-03-13,-0.0009136933220482785,4.042585775689233e-15,0.0,0.0,1.7129117576939517e-17,-0.0009136933220482785,4.025456658112294e-15,0.0,0.0,0.4653989403769171,6.252127915582923e-13
2015-03-16,0.004033904958482913,-4.064981623007225e-15,0.0,0.0,5.1101776758958556e-17,0.004033904958482913,-4.116083399766184e-15,0.0,0.0,0.464910032246684,6.217382839006623e-13
2015-03-17,-0.0008215987379496376,-1.1532572039592058e-15,0.0,0.0,1.707641032955256e-17,-0.0008215987379496376,-1.1703336142887582e-15,0.0,0.0,0.467059862111489,6.232889770286684e-13
2015-03-18,0.0025559579016941362,-7.713708086461207e-15,0.0,0.0,1.7122073891632735e-17,0.0025559579016941362,-7.73083016035284e-15,0.0,0.0,0.46662163912334365,6.249556970445947e-13
2015-03-19,0.0006026202866165897,4.683375879667915e-15,0.0,0.0,1.7289217846785487e-17,0.0006026202866165897,4.6660866618211294e-15,0.0,0.0,0.4679814561244138,6.310564514076703e-13
2015-03-20,0.0020216397010995096,-2.6609035357343783e-15,0.0,0.0,1.715057089689977e-17,0.0020216397010995096,-2.6780541066312782e-15,0.0,0.0,0.46830186820498754,6.259958377368417e-13
2015-03-23,-0.0006421017940224218,3.80038904130791e-16,0.0,0.0,5.1566168876662156e-17,-0.0006421017940224218,3.2847273525412887e-16,0.0,0.0,0.4693746015768528,6.273883879993894e-13
2015-03-24,-0.001483469816027339,-9.24892346639238e-16,0.0,0.0,1.718934824546316e-17,-0.001483469816027339,-9.420816948847013e-16,0.0,0.0,0.469033667141959,6.274112109594052e-13
2015-03-25,-0.004096827488497307,7.889211645910589e-15,0.0,0.0,1.7240263171845256e-17,-0.004096827488497307,7.871971382738744e-15,0.0,0.0,0.4682448243894248,6.292696057723518e-13
2015-03-26,-0.0009814123260884807,0.0,5.0627103959593485e-05,6.587176958196421e-16,7.202342888310043e-17,-0.0010320394300480742,-7.307411247027425e-16,0.2500000000679681,3.2527917087873776e-12,0.3265830236691578,2.6288551542331656e-12
2015-03-27,0.0015879508478961115,0.0,0.0,0.0,7.209783669338923e-17,0.0015879508478961115,-7.209783669338923e-17,0.0,0.0,0.3259379922027737,2.631571039308707e-12
2015-03-30,0.002934688259771566,5.726467581580925e-16,0.0,0.0,2.1595059115583814e-16,0.002934688259771566,3.566961670022543e-16,0.0,0.0,0.3270066725277617,2.6273988590626975e-12
2015-03-31,-0.0033693480995558283,-1.1438582822613989e-15,0.0,0.0,7.175725625551458e-17,-0.0033693480995558283,-1.2156155385169135e-15,0.0,0.0,0.3289759190202369,2.6191398533262823e-12
2015-04-01,-0.001559041854525532,1.1477253685507744e-15,0.0,0.0,7.20312933399137e-17,-0.001559041854525532,1.0756940752108607e-15,0.0,0.0,0.3267073617491017,2.62914220690685e-12
2015-04-02,0.0009413358212519763,-5.737960122468897e-16,0.0,0.0,7.211227486400644e-17,0.0009413358212519763,-6.459082871108962e-16,0.0,0.0,0.3256560312775162,2.632098032536235e-12
2015-04-06,0.0015375616270180434,0.0,0.0,0.0,2.8824064996184266e-16,0.0015375616270180434,-2.8824064996184266e-16,0.0,0.0,0.32629021842803796,2.6301959309018144e-12
2015-04-07,-0.000357268991125576,-5.742970475198803e-16,0.0,0.0,7.194953564537061e-17,-0.000357268991125576,-6.46246583165251e-16,0.0,0.0,0.3273244984666309,2.626158051056027e-12
2015-04-08,0.0019683089610763455,0.0,0.0,0.0,7.199098995940906e-17,0.0019683089610763455,-7.199098995940906e-17,0.0,0.0,0.3270840864770944,2.6276711335184304e-12
2015-04-09,0.001538992239382611,5.73373722740074e-16,0.0,0.0,7.184956781123674e-17,0.001538992239382611,5.015241549288373e-16,0.0,0.0,0.32840599098324713,2.622509225110141e-12
2015-04-10,0.0020313216488543695,-8.693017591549537e-16,5.104749069047423e-05,7.032129481027186e-16,2.2630368275723877e-17,0.0019802741581638954,-1.5951450755333962e-15,0.24999999999848752,3.443915355028842e-12,0.5755824000061535,8.260084420639215e-13
2015-04-13,-0.0025463482411002924,1.0507550559140948e-15,0.0,0.0,6.782823578431079e-17,-0.0025463482411002924,9.82926820129784e-16,0.0,0.0,0.5764721487559265,8.252435353757813e-13
2015-04-14,0.0006849121272380279,-1.4727243338649737e-15,0.0,0.0,2.2638269034891055e-17,0.0006849121272380279,-1.4953626028998647e-15,0.0,0.0,0.5753909462387256,8.262968197735235e-13
2015-04-15,0.0012917973315102029,-3.185632257497035e-15,0.0,0.0,2.2663095417885338e-17,0.0012917973315102029,-3.2082953529149205e-15,0.0,0.0,0.5756815670792444,8.272029827528148e-13
2015-04-16,0.0005285046430404137,8.853641006051406e-16,0.0,0.0,2.2721022058317097e-17,0.0005285046430404137,8.626430785468235e-16,0.0,0.0,0.5762289933348278,8.293173051285741e-13
2015-04-17,-0.005987276179846198,1.761172703422062e-15,0.0,0.0,2.268477649791009e-17,-0.005987276179846198,1.7384879269241518e-15,0.0,0.0,0.5764528399754467,8.279943421737184e-13
2015-04-20,0.004281244113525851,-1.2467907094730377e-15,0.0,0.0,6.831861800713508e-17,0.004281244113525851,-1.3151093274801729e-15,0.0,0.0,0.5739016716035654,8.312098524201434e-13
2015-04-21,0.002923494386499141,2.331873596844341e-15,0.0,0.0,2.2709805099219305e-17,0.002923494386499141,2.3091637917451216e-15,0.0,0.0,0.5757181258796197,8.289078861215047e-13
2015-04-22,0.0018565838383833467,1.279341308374626e-15,0.0,0.0,2.2579905923146506e-17,0.0018565838383833467,1.2567614024514796e-15,0.0,0.0,0.5769548958667879,8.241665661948474e-13
2015-04-23,0.0009631259936742605,-1.0702320987789795e-15,0.0,0.0,2.250307662796032e-17,0.0009631259936742605,-1.0927351754069398e-15,0.0,0.0,0.577738859076603,8.213622969205515e-13
2015-04-24,0.0030664939477151824,0.0,6.050763269431429e-06,1.65569857389186e-16,0.0,0.003060443184445751,-1.65569857389186e-16,0.030026940781770445,8.216411850365495e-13,0.6000000000155542,0.0
2015-04-27,-0.0036618783399506487,0.0,0.0,0.0,0.0,-0.0036618783399506487,0.0,0.0,0.0,0.6012264744970865,0.0
2015-04-28,0.00036917968950916545,0.0,0.0,0.0,0.0,0.00036917968950916545,0.0,0.0,0.0,0.5997608474134297,0.0
2015-04-29,-0.004163000826650362,0.0,0.0,0.0,0.0,-0.004163000826650362,0.0,0.0,0.0,0.5999085530495901,0.0
2015-04-30,-0.007376251642251052,0.0,0.0,0.0,0.0,-0.007376251642251052,0.0,0.0,0.0,0.5982360092238704,0.0
2015-05-01,0.006371479185698073,0.0,0.0,0.0,0.0,0.006371479185698073,0.0,0.0,0.0,0.5952504748744629,0.0
2015-05-04,0.0016189125096105197,0.0,0.0,0.0,0.0,0.0016189125096105197,0.0,0.0,0.0,0.5978130009675566,0.0
2015-05-05,-0.007044198783354361,0.0,0.0,0.0,0.0,-0.007044198783354361,0.0,0.0,0.0,0.5984630541522602,0.0
2015-05-06,-0.0015805152568658088,0.0,0.0,0.0,0.0,-0.0015805152568658088,0.0,0.0,0.0,0.5956144821796239,0.0
2015-05-07,0.002207881034354614,0.0,0.0,0.0,0.0,0.002207881034354614,0.0,0.0,0.0,0.5949743329334028,0.0
2015-05-08,0.007172058009762703,-0.0006378348071505542,2.180250040700775e-05,1.023918294626666e-05,1.3698630136784666e-06,0.007150255509355695,-0.0006494438531104993,0.1064660164834554,0.049999999999264036,0.6500000000648858,0.049999999999264036
2015-05-11,-0.0026505731308037197,0.0004811747397465767,0.0,0.0,4.135132104718839e-06,-0.0026505731308037197,0.0004770396076418579,0.0,0.0,0.6529274993760218,0.050310773940745866
2015-05-12,-0.0018911835287802148,0.0001646405338928935,0.0,0.0,1.3681682582321083e-06,-0.0018911835287802148,0.0001632723656346614,0.0,0.0,0.6516934037049943,0.04993814142547195
2015-05-13,-0.0004821201928663232,-9.425963474491095e-05,0.0,0.0,1.366017916279996e-06,-0.0004821201928663232,-9.562565266119094e-05,0.0,0.0,0.6509269641439507,0.049859653944219845
2015-05-14,0.005146303132134961,-0.0004951145124274202,0.0,0.0,1.3693915322951156e-06,0.005146303132134961,-0.0004964839039597153,0.0,0.0,0.6508208529950851,0.04998279092877172
2015-05-15,0.0016634702890883323,-0.0003871991696195655,0.0,0.0,1.3765555788582835e-06,0.0016634702890883323,-0.00038857572519842377,0.0,0.0,0.6529311443376047,0.050244278628327345
2015-05-18,0.0025762323230100644,0.0005156177789735797,0.0,0.0,4.1561926184828675e-06,0.0025762323230100644,0.0005114615863550968,0.0,0.0,0.6537611381056396,0.05056701019154155
2015-05-19,0.0010157019606752062,-8.178578942714944e-05,0.0,0.0,1.3670499930644793e-06,0.0010157019606752062,-8.315283942021391e-05,0.0,0.0,0.6543170396904037,0.04989732474685349
2015-05-20,3.9402699975990514e-05,3.502411259289409e-05,0.0,0.0,1.3680149584767359e-06,3.9402699975990514e-05,3.3656097634417354e-05,0.0,0.0,0.6547221810564687,0.049932545984400854
2015-05-21,0.0014920154598700062,0.00017507919010986263,0.0,0.0,1.3669555256210748e-06,0.0014920154598700062,0.00017371223458424156,0.0,0.0,0.6547137511570061,0.049893876685169224
2015-05-22,-0.0008429578194884791,-0.0001631412112116927,4.2345919088836825e-05,2.7668646017083676e-16,1.3598936230489525e-06,-0.0008853037385773159,-0.00016450110483501833,0.20801098050789765,1.3591350267461166e-12,0.6496361171900126,0.04963611724128677
2015-05-26,-0.0031070958013874224,0.000793130900815481,0.0,0.0,5.463188262594266e-06,-0.0031070958013874224,0.0007876677125528867,0.0,0.0,0.649474981351622,0.049851592896172685
2015-05-27,0.004418708776600365,-1.1663271770844802e-05,0.0,0.0,1.3471921672814452e-06,0.004418708776600365,-1.3010463938126247e-05,0.0,0.0,0.6478705747592608,0.049172514105772745
2015-05-28,-0.0006024567867621384,0.0006401825352067657,0.0,0.0,1.3416010196253676e-06,-0.0006024567867621384,0.0006388409341871404,0.0,0.0,0.6494280992547788,0.04896843721632592
2015-05-29,-0.0026169485068726164,0.00046556206747853777,0.0,0.0,1.3240135989794786e-06,-0.0026169485068726164,0.00046423805387955827,0.0,0.0,0.6488020363590763,0.048326496362750965
2015-06-01,0.001067468932197918,0.0001866562859455335,0.0,0.0,3.94226197008067e-06,0.001067468932197918,0.00018271402397545283,0.0,0.0,0.6475791382322165,0.047964187302648155
2015-06-02,-0.0026052317489917436,-0.00018642322280974324,0.0,0.0,1.3073390395272437e-06,-0.0026052317489917436,-0.0001877305618492705,0.0,0.0,0.6478366927727263,0.0477178749427444
2015-06-03,0.00018249379108270194,0.00024533931521818875,0.0,0.0,1.3161224053582941e-06,0.00018249379108270194,0.00024402319281283046,0.0,0.0,0.6470386154904582,0.04803846779557774
2015-06-04,-0.0026606078340944,0.0007240000310065205,0.0,0.0,1.3088425367126704e-06,-0.0026606078340944,0.0007226911884698078,0.0,0.0,0.6469451761762524,0.04777275259001247
2015-06-05,-0.0025804814187031268,0.00021060769336722347,0.0,0.0,1.2915097576822196e-06,-0.0025804814187031268,0.00020931618360954125,0.0,0.0,0.64553556245398,0.04714010615540101
2015-06-08,-0.0030426111856685437,1.284062007145316e-14,3.192554508256233e-05,9.533839013833468e-06,2.512647285071075e-16,-0.003074536730751106,-9.533839001244114e-06,0.1575242521372998,0.04704104054504664,0.5999999999882445,3.0570541968364746e-12
2015-06-09,-0.00042654377520825174,6.767362279480373e-15,0.0,0.0,8.366112851648233e-17,-0.00042654377520825174,6.683701150963891e-15,0.0,0.0,0.5988041430371627,3.0536311908516046e-12
2015-06-10,0.005114300178863596,-3.5122410716881527e-14,0.0,0.0,8.351134257407685e-17,0.005114300178863596,-3.5205922059455605e-14,0.0,0.0,0.598632942417173,3.048164003953804e-12
2015-06-11,0.0015228030245062435,-1.8493800769135577e-15,0.0,0.0,8.404377530685536e-17,0.0015228030245062435,-1.933423852220413e-15,0.0,0.0,0.6006752092658704,3.0675977987002205e-12
2015-06-12,-0.0032527050331185524,1.862171937423169e-14,0.0,0.0,8.396657869417528e-17,-0.0032527050331185524,1.8537752795537515e-14,0.0,0.0,0.6012823776670841,3.064780122337398e-12
2015-06-15,-0.0014130289143735437,1.5495123126100073e-14,0.0,0.0,2.5118621848229447e-16,-0.0014130289143735437,1.524393690761778e-14,0.0,0.0,0.5999812346155652,3.0560989915345824e-12
2015-06-16,0.002633180117959394,-1.4209572931783714e-14,0.0,0.0,8.342209340290976e-17,0.002633180117959394,-1.4292995025186623e-14,0.0,0.0,0.5994151967058429,3.0449064092062057e-12
2015-06-17,0.0005776966202913793,-3.391626216438755e-15,0.0,0.0,8.359128585894658e-17,0.0005776966202913793,-3.4752175022977015e-15,0.0,0.0,0.6004672384300906,3.05108193385155e-12
2015-06-18,0.005119174496779183,-2.399889562195071e-14,0.0,0.0,8.36358909536117e-17,0.005119174496779183,-2.408253151290432e-14,0.0,0.0,0.6006979138957105,3.0527100198068275e-12
2015-06-19,-0.0008920867133757667,1.2028191384637708e-14,0.0,0.0,8.386408008329796e-17,-0.0008920867133757667,1.194432730455441e-14,0.0,0.0,0.6027316001565797,3.061038923040375e-12
2015-06-22,0.0032724600238715515,-3.605333752321881e-14,1.4563701230476063e-06,3.850514897253274e-16,3.8752113031120437e-16,0.003271003653748504,-3.6825910143255345e-14,0.007267944619779282,1.921580825368052e-12,0.5999999999906658,4.7148404187863186e-12
2015-06-23,0.001372795892867169,2.014005004054829e-15,0.0,0.0,1.297371022401543e-16,0.001372795892867169,1.884267901814675e-15,0.0,0.0,0.6013055872416726,4.735404231765632e-12
2015-06-24,-0.0032766410207023173,3.33528039875573e-14,0.0,0.0,1.295041412676234e-16,-0.0032766410207023173,3.322329984628968e-14,0.0,0.0,0.6018521629571179,4.726901156268253e-12
2015-06-25,8.555614929037808e-05,1.0878087215650357e-14,0.0,0.0,1.2901309541655486e-16,8.555614929037808e-05,1.0749074120233802e-14,0.0,0.0,0.6005432867043183,4.708977982704253e-12
2015-06-26,0.00011011848769708539,1.6693094300121356e-14,0.0,0.0,1.2870405420654737e-16,0.00011011848769708539,1.656439024591481e-14,0.0,0.0,0.6005774597587947,4.697697978538979e-12
2015-06-29,-0.010033044463586754,9.615293447015011e-14,0.0,0.0,3.846977651355633e-16,-0.010033044463586754,9.576823670501454e-14,0.0,0.0,0.6006214387219712,4.680489475816021e-12
2015-06-30,0.0015476922936155284,-3.663532120833719e-15,0.0,0.0,1.268711654508394e-16,0.0015476922936155284,-3.790403286284559e-15,0.0,0.0,0.5965738461828933,4.630797538955637e-12
2015-07-01,0.004913418037565029,-1.954617997908472e-14,0.0,0.0,1.2677532699726214e-16,0.004913418037565029,-1.967295530608198e-14,0.0,0.0,0.5971972608780818,4.627299435400068e-12
2015-07-02,-0.0006788993516995219,-4.651972152933429e-15,0.0,0.0,1.2668836587547137e-16,-0.0006788993516995219,-4.778660518808901e-15,0.0,0.0,0.5991667223346308,4.624125354454704e-12
2015-07-06,-0.0007788433612716322,3.936683944263219e-14,0.0,0.0,5.076078833322444e-16,-0.0007788433612716322,3.8859231559299943e-14,0.0,0.0,0.5988944120109848,4.63192193540673e-12
2015-07-07,0.002149123663106228,-1.0925941124128385e-15,4.10316698383123e-05,1.0065645807740641e-15,9.106870508843065e-18,0.0021080919932679157,-2.1082655636957457e-15,0.20090717164926622,4.928535538585931e-12,0.6000000000027108,3.3240077357277187e-13
2015-07-08,-0.00974868590648249,-4.124311545338e-16,0.0,0.0,9.117583888521328e-18,-0.00974868590648249,-4.2154873842232133e-16,0.0,0.0,0.6008824082720445,3.3279181193102846e-13
2015-07-09,0.0023094744590126948,2.172181621940676e-15,0.0,0.0,9.218754110479347e-18,0.0023094744590126948,2.162962867830197e-15,0.0,0.0,0.5969532319244533,3.3648452503249615e-13
2015-07-10,0.005055588237843841,1.5735776682777374e-15,0.0,0.0,9.138137988932305e-18,0.005055588237843841,1.564439530288805e-15,0.0,0.0,0.5978819133750194,3.3354203659602914e-13
2015-07-13,0.00633296449111277,1.1520031588755338e-15,0.0,0.0,2.7147830563101737e-17,0.00633296449111277,1.124855328312432e-15,0.0,0.0,0.5999046308174735,3.3029860518440444e-13
2015-07-14,0.0023097408037402764,-5.285093497232235e-16,0.0,0.0,8.960965646740196e-18,0.0023097408037402764,-5.374703153699637e-16,0.0,0.0,0.6024224751647191,3.2707524610601717e-13
2015-07-15,0.0005311671345348638,-9.078733194859085e-16,0.0,0.0,8.95476217536756e-18,0.0005311671345348638,-9.16828081661276e-16,0.0,0.0,0.6033386600468754,3.268488194009159e-13
2015-07-16,0.0034292099390206532,-4.097985821659324e-16,0.0,0.0,8.974868261939795e-18,0.0034292099390206532,-4.1877345042787216e-16,0.0,0.0,0.6035492416601673,3.2758269156080254e-13
2015-07-17,0.0015496429603009073,1.167202566118842e-16,0.0,0.0,8.955385722627506e-18,0.0015496429603009073,1.0776487088925669e-16,0.0,0.0,0.6049041084184453,3.2687157887590395e-13
2015-07-20,0.0007200717257801228,8.736796366994483e-16,0.0,0.0,2.681501003060926e-17,0.0007200717257801228,8.46864626668839e-16,0.0,0.0,0.6055154186728462,3.26249288705746e-13
2015-07-21,-0.0020993512524209628,-2.2101078397672043e-15,5.038561782878221e-05,1.3481364798261682e-16,2.7234270033322827e-17,-0.002149736870249745,-2.372155757783144e-15,0.2500000000073521,6.689093723366568e-13,0.5482893450492116,9.940508562162832e-13
2015-07-22,0.0004825231747706103,-8.084888348464011e-16,0.0,0.0,2.7353624027148654e-17,0.0004825231747706103,-8.358424588735497e-16,0.0,0.0,0.54736668814785,9.984072769909258e-13
2015-07-23,-0.0026407970091797354,-2.2238405749150785e-15,0.0,0.0,2.7362571331396848e-17,-0.0026407970091797354,-2.2512031462464754e-15,0.0,0.0,0.5475849888753321,9.98733853595985e-13
2015-07-24,-0.004836381447787461,7.99925098923434e-16,0.0,0.0,2.7496110115793547e-17,-0.004836381447787461,7.724289888076405e-16,0.0,0.0,0.5463870892573187,1.0036080192264644e-12
2015-07-27,-0.0029929596740098435,-1.2226922026959984e-15,0.0,0.0,8.282314741256942e-17,-0.0029929596740098435,-1.3055153501085678e-15,0.0,0.0,0.5441825823550418,1.007681626852928e-12
2015-07-28,0.00409921035706047,1.7307973456447993e-15,0.0,0.0,2.7724191608179876e-17,0.00409921035706047,1.7030731540366193e-15,0.0,0.0,0.5428142438232738,1.0119329936985654e-12
2015-07-29,0.002397213953325321,4.2231217186091273e-16,0.0,0.0,2.7563782759054015e-17,0.002397213953325321,3.9474838910185873e-16,0.0,0.0,0.5446806934404913,1.0060780707054715e-12
2015-07-30,0.0011763640497919428,-1.0438471249043442e-15,0.0,0.0,2.7486321968017342e-17,0.0011763640497919428,-1.0713334468723615e-15,0.0,0.0,0.5457695809390888,1.003250751832633e-12
2015-07-31,0.0014737631559312804,-4.472850871615041e-15,0.0,0.0,2.7482590987351964e-17,0.0014737631559312804,-4.5003334626023934e-15,0.0,0.0,0.5463032934342024,1.0031145710383467e-12
2015-08-03,-0.0009934777151966588,-4.864790418987781e-16,0.0,0.0,8.26935338571128e-17,-0.0009934777151966588,-5.691725757558909e-16,0.0,0.0,0.5469709509552535,1.0061046619282057e-12
2015-08-04,0.00022331232508946097,0.00026306036153520007,2.1726117998714466e-05,1.0423502980000826e-05,1.4202782152493856e-06,0.0002015862070907465,0.0002512165803399499,0.10805247752365475,0.05184015485559499,0.6518401548571892,0.05184015485660258
2015-08-05,0.0010357115309107792,0.00020048136300813011,0.0,0.0,1.4124315291231988e-06,0.0010357115309107792,0.0001990689314790069,0.0,0.0,0.6517683446590579,0.051553750812996756
2015-08-06,-0.0068398533708846345,-9.79068584297963e-05,0.0,0.0,1.4052037708788266e-06,-0.0068398533708846345,-9.931206220067513e-05,0.0,0.0,0.6519989805872415,0.05128993763707717
2015-08-07,-0.0010913818313859195,-0.00017925543971778355,0.0,0.0,1.4177239717401906e-06,-0.0010913818313859195,-0.00018067316368952375,0.0,0.0,0.6496672759204307,0.05174692496851696
2015-08-10,0.0041585568876076175,0.00020640783527322312,0.0,0.0,4.273341164006329e-06,0.0041585568876076175,0.00020213449410921678,0.0,0.0,0.6494019691076598,0.051992317495410334
2015-08-11,-0.00464420380075175,-0.00021443226229983156,0.0,0.0,1.4126319933243814e-06,-0.00464420380075175,-0.00021584489429315594,0.0,0.0,0.6507229241480494,0.051561067756339916
2015-08-12,-0.0015847278941306612,8.082951708367503e-05,0.0,0.0,1.4254345310582879e-06,-0.0015847278941306612,7.940408255261673e-05,0.0,0.0,0.6492340293443917,0.052028360383627514
2015-08-13,0.00031381758738448565,0.0001798276613391835,0.0,0.0,1.4253656606100491e-06,0.00031381758738448565,0.00017840229567857345,0.0,0.0,0.6486256931509624,0.05202584661226679
2015-08-14,0.001364268724878354,-4.9441719430346104e-05,0.0,0.0,1.4197400510859542e-06,0.001364268724878354,-5.0861459481432055e-05,0.0,0.0,0.6486202469562379,0.051820511864637334
2015-08-17,0.004164913196221686,-0.00016606878733434416,0.0,0.0,4.257691772916372e-06,0.004164913196221686,-0.00017032647910726053,0.0,0.0,0.6491319410735091,0.05180191657048252
2015-08-18,-0.0017311104839904414,0.0003800170531970746,1.0081152135108514e-05,9.745527236729907e-06,2.7397260273974735e-06,-0.0017411916361255498,0.00036753179993294724,0.04990006814657339,0.04823877932994559,0.7000000000029133,0.10000000000000779
2015-08-19,-0.003806748118331065,-0.0004843136018219694,0.0,0.0,2.733068908271324e-06,-0.003806748118331065,-0.00048704667073024076,0.0,0.0,0.6992293928521692,0.09975701515190334
2015-08-20,-0.012939073181927635,-6.077207893759542e-05,0.0,0.0,2.758180836578054e-06,-0.012939073181927635,-6.353025977417347e-05,0.0,0.0,0.6984215234317175,0.10067360053509897
2015-08-21,-0.015494334575323954,-2.644079450865092e-05,0.0,0.0,2.7962037535922564e-06,-0.015494334575323954,-2.923699826224318e-05,0.0,0.0,0.6945129264171276,0.10206143700611735
2015-08-24,-0.020543499776512916,0.00028606198343015263,0.0,0.0,8.523093326038901e-06,-0.020543499776512916,0.0002775388901041137,0.0,0.0,0.689725596505288,0.10369763546680662
2015-08-25,-0.0018606084946194176,0.0005382765133552488,0.0,0.0,2.891798876997705e-06,-0.0018606084946194176,0.000535384714478251,0.0,0.0,0.6830242392457996,0.10555065901041623
2015-08-26,0.019226485689471707,6.395295430641041e-05,0.0,0.0,2.8808693718610155e-06,0.019226485689471707,6.10720849345494e-05,0.0,0.0,0.6820675228521257,0.10515173207292706
2015-08-27,0.010579011100322052,-9.857559383121368e-05,0.0,0.0,2.824636888939454e-06,0.010579011100322052,-0.00010140023072015313,0.0,0.0,0.6880237114567146,0.10309924644629008
2015-08-28,0.0008360829686925841,-0.0001862666508129494,0.0,0.0,2.7980210147428656e-06,0.0008360829686925841,-0.00018906467182769226,0.0,0.0,0.691358932689097,0.10212776703811459
2015-08-31,-0.00537356152478779,0.00025704285417279296,0.0,0.0,8.403935132170465e-06,-0.00537356152478779,0.0002486389190406225,0.0,0.0,0.6917474424057435,0.10224787744140733
2015-09-01,-0.00026388458778973175,0.0,0.00010978874249043154,2.0846317296645138e-05,0.0,-0.0003736733302801633,-2.0846317296645138e-05,0.5399096142585466,0.10251622229231623,0.15000000000044755,0.0
2015-09-02,0.000283083037906611,0.0,0.0,0.0,0.0,0.000283083037906611,0.0,0.0,0.0,0.14979521256712852,0.0
2015-09-03,0.00023944816997437536,0.0,0.0,0.0,0.0,0.00023944816997437536,0.0,0.0,0.0,0.15003582300846305,0.0
2015-09-04,-4.798040805556001e-05,0.0,0.0,0.0,0.0,-4.798040805556001e-05,0.0,0.0,0.0,0.15023929665379543,0.0
2015-09-08,-0.00021500597821335916,0.0,0.0,0.0,0.0,-0.00021500597821335916,0.0,0.0,0.0,0.1501985228321547,0.0
2015-09-09,-2.3569138299287774e-05,0.0,0.0,0.0,0.0,-2.3569138299287774e-05,0.0,0.0,0.0,0.15001577114156306,0.0
2015-09-10,-0.00016417018880914965,0.0,0.0,0.0,0.0,-0.00016417018880914965,0.0,0.0,0.0,0.14999573727353988,0.0
2015-09-11,-0.00018416728222837994,0.0,0.0,0.0,0.0,-0.00018416728222837994,0.0,0.0,0.0,0.1498561690002897,0.0
2015-09-14,-3.6375343438641516e-06,0.0,0.0,0.0,0.0,-3.6375343438641516e-06,0.0,0.0,0.0,0.1496995714812918,0.0
2015-09-15,5.79096383188093e-05,0.0,0.0,0.0,0.0,5.79096383188093e-05,0.0,0.0,0.0,0.1496964784730295,0.0
2015-09-16,-1.1782739641362279e-05,0.0,1.0276504756662441e-05,0.0,0.0,-2.205924439802472e-05,0.0,0.04978311585795586,0.0,0.09996260053311645,0.0
2015-09-17,0.00022440092833686176,0.0,0.0,0.0,0.0,0.00022440092833686176,0.0,0.0,0.0,0.09995302268163074,0.0
2015-09-18,4.718829468717297e-05,0.0,0.0,0.0,0.0,4.718829468717297e-05,0.0,0.0,0.0,0.10015494874649138,0.0
2015-09-21,-5.913303663461389e-05,0.0,0.0,0.0,0.0,-5.913303663461389e-05,0.0,0.0,0.0,0.10019740889632066,0.0
2015-09-22,5.913653355742388e-05,0.0,0.0,0.0,0.0,5.913653355742388e-05,0.0,0.0,0.0,0.1001441976901968,0.0
2015-09-23,-3.540626788318888e-05,0.0,0.0,0.0,0.0,-3.540626788318888e-05,0.0,0.0,0.0,0.10019740889632067,0.0
2015-09-24,5.8967956066266025e-05,0.0,0.0,0.0,0.0,5.8967956066266025e-05,0.0,0.0,0.0,0.10016554911670218,0.0
2015-09-25,-4.7129234909956717e-05,0.0,0.0,0.0,0.0,-4.7129234909956717e-05,0.0,0.0,0.0,0.10021860738633107,0.0
2015-09-28,7.072504632647587e-05,0.0,0.0,0.0,0.0,7.072504632647587e-05,0.0,0.0,0.0,0.10017619937905402,0.0
2015-09-29,4.723956338842885e-05,0.0,0.0,0.0,0.0,4.723956338842885e-05,0.0,0.0,0.0,0.1002398349584093,0.0
2015-09-30,2.3546613349156865e-05,0.0,5.6475301347099386e-08,0.0,0.0,2.3490138047809766e-05,0.0,0.0002823372279714964,0.0,0.1,0.0
2015-10-01,-1.1111873645364898e-08,0.0,0.0,0.0,0.0,-1.1111873645364898e-08,0.0,0.0,0.0,0.10002119710162154,0.0
2015-10-02,0.00014129858681112756,0.0,0.0,0.0,0.0,0.00014129858681112756,0.0,0.0,0.0,0.10002118710117068,0.0
2015-10-05,-7.063931217057407e-05,0.0,0.0,0.0,0.0,-7.063931217057407e-05,0.0,0.0,0.0,0.1001483348697932,0.0
2015-10-06,-1.1744420835852678e-05,0.0,0.0,0.0,0.0,-1.1744420835852678e-05,0.0,0.0,0.0,0.10008476547661464,0.0
2015-10-07,-2.3544673634136205e-05,0.0,0.0,0.0,0.0,-2.3544673634136205e-05,0.0,0.0,0.0,0.10007419636925577,0.0
2015-10-08,-2.358967392238461e-05,0.0,0.0,0.0,0.0,-2.358967392238461e-05,0.0,0.0,0.0,0.10005300741102724,0.0
2015-10-09,0.0,0.0,0.0,0.0,0.0,0.0,0.0,0.0,0.0,0.10003177745411687,0.0
2015-10-12,-2.353467169318917e-05,0.0,0.0,0.0,0.0,-2.353467169318917e-05,0.0,0.0,0.0,0.10003177745411687,0.0
2015-10-13,3.5336174394067724e-05,0.0,0.0,0.0,0.0,3.5336174394067724e-05,0.0,0.0,0.0,0.10001059649897812,0.0
2015-10-14,0.0,0.0,2.005960389720855e-05,0.0,0.0,-2.005960389720855e-05,0.0,0.10004239755776527,0.0,0.0,0.0
2015-10-15,0.0,0.0,0.0,0.0,0.0,0.0,0.0,0.0,0.0,0.0,0.0
2015-10-16,0.0,0.0,0.0,0.0,0.0,0.0,0.0,0.0,0.0,0.0,0.0
2015-10-19,0.0,0.0,0.0,0.0,0.0,0.0,0.0,0.0,0.0,0.0,0.0
2015-10-20,0.0,0.0,0.0,0.0,0.0,0.0,0.0,0.0,0.0,0.0,0.0
2015-10-21,0.0,0.0,0.0,0.0,0.0,0.0,0.0,0.0,0.0,0.0,0.0
2015-10-22,0.0,0.0,0.0,0.0,0.0,0.0,0.0,0.0,0.0,0.0,0.0
2015-10-23,0.0,0.0,0.0,0.0,0.0,0.0,0.0,0.0,0.0,0.0,0.0
2015-10-26,0.0,0.0,0.0,0.0,0.0,0.0,0.0,0.0,0.0,0.0,0.0
2015-10-27,0.0,0.0,0.0,0.0,0.0,0.0,0.0,0.0,0.0,0.0,0.0
2015-10-28,-0.00011848590533963056,-0.0002692122073427707,2.0242262024546778e-05,2.0242262024686135e-05,2.739726027417557e-06,-0.00013872816736417733,-0.0002921941953948744,0.10000000000005237,0.10000000000074082,0.10000000000005237,0.10000000000074082
2015-10-29,-7.294653825194706e-05,0.0002575797450072141,0.0,0.0,2.748286002228676e-06,-7.294653825194706e-05,0.0002548314590049854,0.0,0.0,0.09992457382816447,0.10031243908134667
2015-10-30,0.00018227396069880436,-0.00011706404537649975,0.0,0.0,2.740730525358999e-06,0.00018227396069880436,-0.00011980477590185875,0.0,0.0,0.09983346908729908,0.10003666417560346
2015-11-02,-5.925401315165226e-05,-0.00031036825152811045,0.0,0.0,8.231299075893618e-06,-5.925401315165226e-05,-0.00031859955060400404,0.0,0.0,0.10000949553633977,0.10014747209003902
2015-11-03,-0.00015537273278231985,-0.00010585480660904353,0.0,0.0,2.7533099463744612e-06,-0.00015537273278231985,-0.000108608116555418,0.0,0.0,0.09998802235376736,0.10049581304266783
2015-11-04,3.652879706931751e-05,0.00029418188872051273,0.0,0.0,2.7569378568594055e-06,3.652879706931751e-05,0.0002914249508636533,0.0,0.0,0.09985901048738753,0.10062823177536831
2015-11-05,-9.195276425633359e-06,0.00038809616570145645,0.0,0.0,2.7479768697725657e-06,-9.195276425633359e-06,0.0003853481888316839,0.0,0.0,0.09986278890855525,0.10030115574669865
2015-11-06,-0.0003379564889766542,0.0004820215535725944,0.0,0.0,2.7363148253187087e-06,-0.0003379564889766542,0.0004792852387472757,0.0,0.0,0.0998160475351444,0.09987549112413288
2015-11-09,-6.385088729103797e-05,0.00041137394892562035,0.0,0.0,8.168171868555355e-06,-6.385088729103797e-05,0.000403205777057065,0.0,0.0,0.09946403391860689,0.0993794244007568
2015-11-10,5.475108974525542e-05,0.00022335797370230518,0.0,0.0,2.710533604204009e-06,5.475108974525542e-05,0.00022064744009810117,0.0,0.0,0.09936646253637536,0.09893447655344632
2015-11-11,4.589304840665377e-05,0.00011903084941537482,1.2183169096668468e-07,9.78496403185886e-06,1.3698630136982484e-06,4.577121671568708e-05,0.00010787602236981772,0.0006061592925677011,0.048683941167441305,0.10000000000022431,0.04999999999998607
2015-11-12,8.26057851332535e-05,0.000333276459346248,0.0,0.0,1.3663919521852213e-06,8.26057851332535e-05,0.0003319100673940628,0.0,0.0,0.1000305236348502,0.04987330625476058
2015-11-13,0.00010097876365182809,0.00014276722909377853,0.0,0.0,1.356698717159958e-06,0.00010097876365182809,0.00014141053037661856,0.0,0.0,0.10007164813544278,0.049519503176338464
2015-11-16,-5.504351657569917e-05,-0.0002319435607990299,0.0,0.0,4.057378393593216e-06,-5.504351657569917e-05,-0.00023600093919262313,0.0,0.0,0.1001483520107526,0.04936477045538413
2015-11-17,0.00018357757303854932,-3.569152359646133e-05,0.0,0.0,1.3592096730747302e-06,0.00018357757303854932,-3.705073326953606e-05,0.0,0.0,0.1001224485777334,0.04961115306722765
2015-11-18,0.0001835232208466155,-9.515401357891384e-05,0.0,0.0,1.3599882482561369e-06,0.0001835232208466155,-9.651400182716997e-05,0.0,0.0,0.10029133077901665,0.049639571061349
2015-11-19,0.00017431907912306084,0.0004460600968548364,0.0,0.0,1.3624766595021963e-06,0.00017431907912306084,0.0004446976201953342,0.0,0.0,0.10046611252187483,0.04973039807183016
2015-11-20,1.8319252029739474e-05,1.1900512647097012e-05,0.0,0.0,1.3494205210938711e-06,1.8319252029739474e-05,1.055109212600314e-05,0.0,0.0,0.10057817203292259,0.04925384901992629
2015-11-23,9.173080044872711e-05,4.1589959142927406e-05,0.0,0.0,4.047166595861976e-06,9.173080044872711e-05,3.754279254706543e-05,0.0,0.0,0.1005935871134725,0.049240526916320713
2015-11-24,7.332028812289308e-05,-6.533738696739594e-05,0.0,0.0,1.3477418535867255e-06,7.332028812289308e-05,-6.668512882098267e-05,0.0,0.0,0.10067230364351405,0.049192577655915476
2015-11-25,0.00025338530218735783,-8.384530050770162e-15,4.0868219455781674e-05,1.0028124635854625e-05,1.578729012454549e-16,0.00021251708273157616,-1.0028124644397029e-05,0.2007424117870556,0.04925758821670062,0.2999974563093015,5.762360895459103e-12
2015-11-27,0.00023417876262838772,-7.501655229741683e-15,0.0,0.0,3.16141213690093e-16,0.00023417876262838772,-7.817796443431776e-15,0.0,0.0,0.3001900564397323,5.7695771498441965e-12
2015-11-30,-0.00029356370153726745,1.6024549500681676e-14,0.0,0.0,4.747172262449473e-16,-0.00029356370153726745,1.5549832274436728e-14,0.0,0.0,0.3003538986980153,5.775726252646858e-12
2015-12-01,0.0012020946263908944,-3.741716963850735e-14,0.0,0.0,1.5784638463048303e-16,0.0012020946263908944,-3.757501602313783e-14,0.0,0.0,0.3001484476857867,5.76139303901263e-12
2015-12-02,-0.0004904786208496598,3.7299601081196537e-14,0.0,0.0,1.5868076327294853e-16,-0.0004904786208496598,3.714092031792359e-14,0.0,0.0,0.30098872538280197,5.791847859462622e-12
2015-12-03,-0.0020012817921815215,9.199138763847387e-14,0.0,0.0,1.5773622263894379e-16,-0.0020012817921815215,9.183365141583493e-14,0.0,0.0,0.3006457070537012,5.7573721263214474e-12
2015-12-04,0.0016515746357658276,-9.230325091329958e-14,0.0,0.0,1.5552716433099958e-16,0.0016515746357658276,-9.245877807763057e-14,0.0,0.0,0.29924329542004874,5.676741498081485e-12
2015-12-07,0.0006793373732921866,1.441382497202347e-14,0.0,0.0,4.733862288727319e-16,0.0006793373732921866,1.3940438743150737e-14,0.0,0.0,0.30039873911769954,5.759532451284905e-12
2015-12-08,6.379249943845744e-05,1.1165510435083035e-14,0.0,0.0,1.5729365485161735e-16,6.379249943845744e-05,1.1008216780231418e-14,0.0,0.0,0.3008736817543318,5.741218402084033e-12
2015-12-09,-0.00022858446739556343,5.995333481120131e-14,0.0,0.0,1.5697773645396928e-16,-0.00022858446739556343,5.979635707474735e-14,0.0,0.0,0.3009182779246914,5.7296873805698785e-12
2015-12-10,0.00042649961223497766,2.5513243611288925e-15,5.1156008229524656e-05,1.366048192918619e-15,2.7530489303787103e-17,0.000375343604005453,1.1577456789064865e-15,0.25000000000444833,6.675893214799898e-12,0.24259996605262057,1.0048628595882292e-12
2015-12-11,-0.002519652900882806,9.29482857601185e-16,0.0,0.0,2.7450286716674675e-17,-0.002519652900882806,9.020325708845102e-16,0.0,0.0,0.24293528146077176,1.0019354651586256e-12
2015-12-14,0.0007010472717342651,7.456007142018878e-15,0.0,0.0,8.248229104261123e-17,0.0007010472717342651,7.373524850976267e-15,0.0,0.0,0.24102292266616376,1.0035345410184366e-12
2015-12-15,0.0007157860091274839,-2.4363738088881415e-15,0.0,0.0,2.7270704792735835e-17,0.0007157860091274839,-2.4636445136808774e-15,0.0,0.0,0.24155462872445418,9.953807249348579e-13
2015-12-16,0.0025019856909727876,1.0277970762886396e-15,0.0,0.0,2.7317900988776204e-17,0.0025019856909727876,1.0004791752998634e-15,0.0,0.0,0.2420971249986583,9.971033860903314e-13
2015-12-17,-0.0018996236169656826,-8.259138262651914e-16,0.0,0.0,2.722163402595044e-17,-0.0018996236169656826,-8.531354602911419e-16,0.0,0.0,0.24398865456714414,9.935896419471912e-13
2015-12-18,-0.002144839829366488,-1.5706199686229958e-15,0.0,0.0,2.729611414509394e-17,-0.002144839829366488,-1.5979160827680897e-15,0.0,0.0,0.24254978424862728,9.963081662959288e-13
2015-12-21,0.0010435215433154423,2.0563970474507958e-15,0.0,0.0,8.219372686660512e-17,0.0010435215433154423,1.9742033205841908e-15,0.0,0.0,0.2409216828403752,1.0000236768770288e-12
2015-12-22,0.0012716159233762394,-1.0251443443980569e-15,0.0,0.0,2.731306753601149e-17,0.0012716159233762394,-1.0524574119340684e-15,0.0,0.0,0.2417129716904324,9.969269650644194e-13
2015-12-23,0.0008750920971721417,-1.8852103559889642e-15,0.0,0.0,2.7306430390737954e-17,0.0008750920971721417,-1.9125167863797023e-15,0.0,0.0,0.2426759969518637,9.966847092619353e-13
2015-12-24,-0.0004438078300319435,0.0,1.1440797175138874e-05,2.0565229818684236e-16,0.0,-0.0004552486272070824,-2.0565229818684236e-16,0.05550362103230459,9.976968429952474e-13,0.29759830518473934,0.0
2015-12-28,0.0001753892315400926,0.0,0.0,0.0,0.0,0.0001753892315400926,0.0,0.0,0.0,0.29728983814540577,0.0
2015-12-29,0.0017324677199326802,0.0,0.0,0.0,0.0,0.0017324677199326802,0.0,0.0,0.0,0.2974130643281434,0.0
2015-12-30,-0.0009169467710763235,0.0,0.0,0.0,0.0,-0.0009169467710763235,0.0,0.0,0.0,0.2986281683860845,0.0
2015-12-31,-0.0011276155203822319,0.0,0.0,0.0,0.0,-0.0011276155203822319,0.0,0.0,0.0,0.29798445750114483,0.0
2016-01-04,-0.0024415633110550067,0.0,0.0,0.0,0.0,-0.0024415633110550067,0.0,0.0,0.0,0.2971919602476707,0.0
2016-01-05,0.0005851076340842953,0.0,0.0,0.0,0.0,0.0005851076340842953,0.0,0.0,0.0,0.29547181006752754,0.0
2016-01-06,-0.0008071567623219574,0.0,0.0,0.0,0.0,-0.0008071567623219574,0.0,0.0,0.0,0.2958837938350371,0.0
2016-01-07,-0.002916942936835147,0.0,0.0,0.0,0.0,-0.002916942936835147,0.0,0.0,0.0,0.29531500257405796,0.0
2016-01-08,-0.0012362029558003543,0.0,0.0,0.0,0.0,-0.0012362029558003543,0.0,0.0,0.0,0.29325346325556856,0.0
2016-01-11,0.0007409020514911044,0.0,2.986235911409935e-05,0.0,0.0,0.0007110396923770051,0.0,0.14539152732995933,0.0,0.2461635386755702,0.0
2016-01-12,0.00044636733734017124,0.0,0.0,0.0,0.0,0.00044636733734017124,0.0,0.0,0.0,0.24672900661010078,0.0
2016-01-13,-0.0009674182128288993,0.0,0.0,0.0,0.0,-0.0009674182128288993,0.0,0.0,0.0,0.2470650921601037,0.0
2016-01-14,0.0003107209129281488,0.0,0.0,0.0,0.0,0.0003107209129281488,0.0,0.0,0.0,0.24633598386454048,0.0
2016-01-15,-0.0006540684685100427,0.0,0.0,0.0,0.0,-0.0006540684685100427,0.0,0.0,0.0,0.24657009029391175,0.0
2016-01-19,0.0007329314027811406,0.0,0.0,0.0,0.0,0.0007329314027811406,0.0,0.0,0.0,0.24607697301427672,0.0
2016-01-20,-0.00038235658926506473,0.0,0.0,0.0,0.0,-0.00038235658926506473,0.0,0.0,0.0,0.24662914217391765,0.0
2016-01-21,-1.405241187725273e-06,0.0,0.0,0.0,0.0,-1.405241187725273e-06,0.0,0.0,0.0,0.2463409756799098,0.0
2016-01-22,0.001203444630904208,0.0,0.0,0.0,0.0,0.001203444630904208,0.0,0.0,0.0,0.24633991660571908,0.0
2016-01-25,-0.0006725676337693628,0.0,0.0,0.0,0.0,-0.0006725676337693628,0.0,0.0,0.0,0.24724581458854317,0.0
2016-01-26,-2.692146852360923e-05,-0.0002541681549159986,3.0160995409139093e-05,2.054894158994767e-05,2.7397260273918458e-06,-5.7082463932748324e-05,-0.0002774568225333381,0.14677639369919632,0.09999999999980237,0.09999999999968363,0.09999999999980237
2016-01-27,5.3896648798637625e-05,-0.0002542722634969179,0.0,0.0,2.7476087215466293e-06,5.3896648798637625e-05,-0.00025701987221846454,0.0,0.0,0.10000653464590242,0.10028771833645196
2016-01-28,1.795729942942645e-05,-0.00020890689483299768,0.0,0.0,2.7551347167747334e-06,1.795729942942645e-05,-0.00021166202954977243,0.0,0.0,0.1000807600212789,0.10056241716227778
2016-01-29,0.00013482188764479697,-0.00040884197183523665,0.0,0.0,2.761393088248416e-06,0.00013482188764479697,-0.00041160336492348506,0.0,0.0,0.10011811067231627,0.10079084772106718
2016-02-01,-0.00023060809543423006,0.00018181080505324783,0.0,0.0,8.320085560057528e-06,-0.00023060809543423006,0.0001734907194931903,0.0,0.0,0.10028068839703812,0.10122770764736659
2016-02-02,0.0002612505155319642,-0.0003089740084950301,0.0,0.0,2.768538867081123e-06,0.0002612505155319642,-0.0003117425473621112,0.0,0.0,0.1000557952260749,0.101051668648461
2016-02-03,9.008847002062128e-05,-0.00012726410062660197,0.0,0.0,2.777144132059667e-06,9.008847002062128e-05,-0.00013004124475866165,0.0,0.0,0.10032211120883928,0.10136576082017786
2016-02-04,8.104535391000687e-05,-1.81608837570098e-05,0.0,0.0,2.780741918103526e-06,8.104535391000687e-05,-2.0941625675113324e-05,0.0,0.0,0.10041621158514141,0.1014970800107787
2016-02-05,8.105834323616179e-05,0.00028167220076651686,0.0,0.0,2.7810723237474744e-06,8.105834323616179e-05,0.0002788911284427694,0.0,0.0,0.10049121704225233,0.10150913981678282
2016-02-08,0.00026113765668393405,-7.261303212056798e-05,0.0,0.0,8.317072105743018e-06,0.00026113765668393405,-8.0930104226311e-05,0.0,0.0,0.1005360874739176,0.10119104395320672
2016-02-09,8.980250887127492e-06,0.0,1.583401758744451e-07,2.0577534938041525e-05,0.0,8.821910711253046e-06,-2.0577534938041525e-05,0.0007790639820931703,0.1012454117974697,0.10000000000004915,0.0
2016-02-10,2.6772798391960038e-05,0.0,0.0,0.0,0.0,2.6772798391960038e-05,0.0,0.0,0.0,0.1000101559327483,0.0
2016-02-11,0.00015184720860110504,0.0,0.0,0.0,0.0,0.00015184720860110504,0.0,0.0,0.0,0.1000342505343184,0.0
2016-02-12,-0.0002500857107374448,0.0,0.0,0.0,0.0,-0.0002500857107374448,0.0,0.0,0.0,0.10017088707333434,0.0
2016-02-16,5.3611424910469656e-05,0.0,0.0,0.0,0.0,5.3611424910469656e-05,0.0,0.0,0.0,0.09994579637811933,0.0
2016-02-17,-0.00013395495325490878,0.0,0.0,0.0,0.0,-0.00013395495325490878,0.0,0.0,0.0,0.09999404697968864,0.0
2016-02-18,-8.98172034263509e-06,0.0,0.0,0.0,0.0,-8.98172034263509e-06,0.0,0.0,0.0,0.09987347057251568,0.0
2016-02-19,-7.151781202429759e-05,0.0,0.0,0.0,0.0,-7.151781202429759e-05,0.0,0.0,0.0,0.09986538581514033,0.0
2016-02-22,-9.82487968088736e-05,0.0,0.0,0.0,0.0,-9.82487968088736e-05,0.0,0.0,0.0,0.09980100555267098,0.0
2016-02-23,3.571182168445396e-05,0.0,0.0,0.0,0.0,3.571182168445396e-05,0.0,0.0,0.0,0.09971255339425981,0.0
2016-02-24,-0.0001343350181233328,4.795255905222312e-17,5.108752759840823e-08,5.5186296782738604e-17,7.555599981284626e-18,-0.0001343861056509312,-1.4789337711800113e-17,0.0002552968489467622,2.757793993168889e-13,0.09999999999983815,2.757793993168889e-13
2016-02-25,7.162240199066477e-05,-4.692002872864767e-16,0.0,0.0,7.555301540094461e-18,7.162240199066477e-05,-4.767555888265712e-16,0.0,0.0,0.09987908734329885,2.7576850621344784e-13
2016-02-26,-0.00016122102378215685,8.822309304322051e-16,0.0,0.0,7.567614331770097e-18,-0.00016122102378215685,8.74663316100435e-16,0.0,0.0,0.09994355154806422,2.7621792310960853e-13
2016-02-29,-8.98136396906244e-06,-3.791782639507262e-16,0.0,0.0,2.263397993745965e-17,-8.98136396906244e-06,-4.0181224388818586e-16,0.0,0.0,0.09979842012774683,2.753800892390924e-13
2016-03-01,-0.00018764201145988007,1.4684840790625668e-15,0.0,0.0,7.55511627999005e-18,-0.00018764201145988007,1.4609289627825767e-15,0.0,0.0,0.09979033501709718,2.757617442196368e-13
2016-03-02,-0.0001076909382848256,2.0289082877988982e-16,0.0,0.0,7.516294212032446e-18,-0.0001076909382848256,1.9537453456785737e-16,0.0,0.0,0.09962138616292117,2.743447387391843e-13
2016-03-03,6.284425253803941e-05,-1.4046686237473763e-16,0.0,0.0,7.51154448446266e-18,6.284425253803941e-05,-1.4797840685920028e-16,0.0,0.0,0.09952441310206554,2.741713736828871e-13
2016-03-04,-0.00017962623486142567,4.770574626903158e-16,0.0,0.0,7.514920622081633e-18,-0.00017962623486142567,4.695425420682342e-16,0.0,0.0,0.09958099926113803,2.742946027059796e-13
2016-03-07,2.6955441476007825e-05,4.2356540130222283e-16,0.0,0.0,2.2509594977626074e-17,2.6955441476007825e-05,4.010558063245968e-16,0.0,0.0,0.09941923132847291,2.7386673889445057e-13
2016-03-08,8.98490496644661e-05,-1.0074951114297627e-15,0.0,0.0,7.491391860557957e-18,8.98490496644661e-05,-1.0149865032903207e-15,0.0,0.0,0.09944350622633663,2.734358029103654e-13
2016-03-09,-0.00046469762763561554,-2.5683831729054926e-15,5.1156467584862406e-05,2.0702049540650268e-16,2.0199556531251568e-17,-0.0005158540952204779,-2.7956032248432468e-15,0.25000000000582484,1.0117024551583048e-12,0.34952441310767385,7.372838133906822e-13
2016-03-10,-0.00044665889930705136,-2.2361076718211524e-15,0.0,0.0,2.0280384913133095e-17,-0.00044665889930705136,-2.2563880567342854e-15,0.0,0.0,0.3492398722983786,7.402340493293579e-13
2016-03-11,-0.0005468466199035712,-1.0944947065093644e-14,0.0,0.0,2.035073797524276e-17,-0.0005468466199035712,-1.0965297803068887e-14,0.0,0.0,0.3489490746086513,7.428019360963607e-13
2016-03-14,0.00020769160335226583,-1.3222354382223763e-16,0.0,0.0,6.198569528395905e-17,0.00020769160335226583,-1.9420923910619668e-16,0.0,0.0,0.3485928548131286,7.541592926215016e-13
2016-03-15,9.602168314812621e-05,2.7547576781147868e-15,0.0,0.0,2.066122982688082e-17,9.602168314812621e-05,2.734096448287906e-15,0.0,0.0,0.34872811851441277,7.541348886811498e-13
2016-03-16,0.0017142569649793266,-5.495259819569997e-15,0.0,0.0,2.058378052453021e-17,0.0017142569649793266,-5.515843600094527e-15,0.0,0.0,0.3487906487324023,7.513079891453527e-13
2016-03-17,0.0005930974171270327,-2.7930083030053655e-15,0.0,0.0,2.0698852436124484e-17,0.0005930974171270327,-2.81370715544149e-15,0.0,0.0,0.34990507847951846,7.555081139185437e-13
2016-03-18,3.99461115008205e-05,-1.6595463345599464e-15,0.0,0.0,2.0763058695065645e-17,3.99461115008205e-05,-1.680309393255012e-15,0.0,0.0,0.3502904195535649,7.578516423698961e-13
2016-03-21,-0.0005503256896251601,-5.472694395703711e-16,0.0,0.0,6.242308359433355e-17,-0.0005503256896251601,-6.096925231647046e-16,0.0,0.0,0.35031637188821435,7.594808503977246e-13
2016-03-22,-0.00047538926623638434,7.418699935656102e-16,0.0,0.0,2.0834153784769786e-17,-0.00047538926623638434,7.210358397808405e-16,0.0,0.0,0.34995863742707173,7.604466131440971e-13
2016-03-23,0.002844637271739881,0.0,5.068692640419019e-05,1.5410165189127016e-16,0.0,0.002793950345335691,-1.5410165189127016e-16,0.24999999999981976,7.600660704020306e-13,0.5991850187646035,0.0
2016-03-24,-0.00011113701575038116,0.0,0.0,0.0,0.0,-0.00011113701575038116,0.0,0.0,0.0,0.6003523015161992,0.0
2016-03-28,0.000553936719512364,0.0,0.0,0.0,0.0,0.000553936719512364,0.0,0.0,0.0,0.6003078809268665,0.0
2016-03-29,0.004596551254208715,0.0,0.0,0.0,0.0,0.004596551254208715,0.0,0.0,0.0,0.6005291624921365,0.0
2016-03-30,-0.000842456445651268,0.0,0.0,0.0,0.0,-0.000842456445651268,0.0,0.0,0.0,0.6023569491562197,0.0
2016-03-31,0.0015796877260845063,0.0,0.0,0.0,0.0,0.0015796877260845063,0.0,0.0,0.0,0.6020216697466683,0.0
2016-04-01,0.001489079700440746,0.0,0.0,0.0,0.0,0.001489079700440746,0.0,0.0,0.0,0.6026493596761398,0.0
2016-04-04,-3.0398201103825273e-06,0.0,0.0,0.0,0.0,-3.0398201103825273e-06,0.0,0.0,0.0,0.603240166689872,0.0
2016-04-05,-0.0005642156715910537,0.0,0.0,0.0,0.0,-0.0005642156715910537,0.0,0.0,0.0,0.6032389606076854,0.0
2016-04-06,-0.0003993038738239264,0.0,0.0,0.0,0.0,-0.0003993038738239264,0.0,0.0,0.0,0.6030149754354391,0.0
2016-04-07,0.0012401207701543493,0.0,8.354433489172595e-07,0.0,0.0,0.001239285326805432,0.0,0.00417170657355197,0.0,0.6000000000019936,0.0
2016-04-08,0.00022116046795915423,0.0,0.0,0.0,0.0,0.00022116046795915423,0.0,0.0,0.0,0.600495934971132,0.0
2016-04-11,-0.0013804916659286306,0.0,0.0,0.0,0.0,-0.0013804916659286306,0.0,0.0,0.0,0.6005842699409021,0.0
2016-04-12,-1.6135597208852738e-05,0.0,0.0,0.0,0.0,-1.6135597208852738e-05,0.0,0.0,0.0,0.6000321176126272,0.0
2016-04-13,-0.0009722611306118919,0.0,0.0,0.0,0.0,-0.0009722611306118919,0.0,0.0,0.0,0.6000256637878442,0.0
2016-04-14,-0.0013824042756551986,0.0,0.0,0.0,0.0,-0.0013824042756551986,0.0,0.0,0.0,0.5996364058271179,0.0
2016-04-15,0.0026199880985964784,0.0,0.0,0.0,0.0,0.0026199880985964784,0.0,0.0,0.0,0.599082175312083,0.0
2016-04-18,0.00034415669933086316,0.0,0.0,0.0,0.0,0.00034415669933086316,0.0,0.0,0.0,0.6001298303974254,0.0
2016-04-19,-0.0004766254626258512,0.0,0.0,0.0,0.0,-0.0004766254626258512,0.0,0.0,0.0,0.6002674010492952,0.0
2016-04-20,-0.005667806805256549,0.0,0.0,0.0,0.0,-0.005667806805256549,0.0,0.0,0.0,0.6000767874631049,0.0
2016-04-21,-0.005032522651424774,0.0,1.1050953185325616e-05,1.0231156755328389e-05,1.3698630136986302e-06,-0.005043573604610099,-1.160101976902702e-05,0.0540063721512735,0.05,0.6500000000314516,0.05
2016-04-22,0.0007530958822381173,-0.00028705034597414377,0.0,0.0,1.3768230948700767e-06,0.0007530958822381173,-0.00028842716906901384,0.0,0.0,0.6482444663567477,0.050254042962757796
2016-04-25,-5.5015136180684284e-05,0.0001639552592559946,0.0,0.0,4.152133097388123e-06,-5.5015136180684284e-05,0.00015980312615860648,0.0,0.0,0.6486961334414217,0.050517619351555486
2016-04-26,-0.0009843123001762985,0.00014344114185160887,0.0,0.0,1.3794078955041883e-06,-0.0009843123001762985,0.00014206173395610468,0.0,0.0,0.6485731556279094,0.05034838818590287
2016-04-27,0.004067659763045212,6.152860269322764e-05,0.0,0.0,1.3766374748995984e-06,0.004067659763045212,6.015196521832804e-05,0.0,0.0,0.6481347351754216,0.05024726783383533
2016-04-28,0.0011577285522897476,0.00040849512855480546,0.0,0.0,1.36929954901937e-06,0.0011577285522897476,0.0004071258290057861,0.0,0.0,0.6495212933261183,0.049979433539207
2016-04-29,0.0005218311769621154,0.0003466816173288015,0.0,0.0,1.3559859810582694e-06,0.0005218311769621154,0.00034532563134774324,0.0,0.0,0.64966239483349,0.049493488308626835
2016-05-02,0.00044691889514029254,0.0001833714679352881,0.0,0.0,4.035963750224234e-06,0.00044691889514029254,0.00017933550418506387,0.0,0.0,0.6496209028217499,0.04910422562772817
2016-05-03,0.0021122209641589495,-0.00014254022279924357,0.0,0.0,1.339458532442245e-06,0.0021122209641589495,-0.0001438796813316858,0.0,0.0,0.6496609686771859,0.04889023643414194
2016-05-04,0.002298296179445059,-0.00018290597935186458,0.0,0.0,1.3407247401707998e-06,0.002298296179445059,-0.00018424670409203538,0.0,0.0,0.6504927978132273,0.04893645301623419
2016-05-05,0.0010693065938602274,-0.0004063056047024351,2.0911069349081016e-05,2.0445474633935265e-05,4.109589041191776e-06,0.0010483955245111465,-0.0004308606683775621,0.10328392753547812,0.10098426270164078,0.7499999999642223,0.1500000000034998
2016-05-06,-0.0011767531302471616,-0.0004639738103870049,0.0,0.0,4.118177583393088e-06,-0.0011767531302471616,-0.000468091987970398,0.0,0.0,0.7506057813248989,0.15031348179384774
2016-05-09,0.0017158843112353335,3.620168604494023e-06,0.0,0.0,1.2413085186480706e-05,0.0017158843112353335,-8.792916581986682e-06,0.0,0.0,0.7506637538055215,0.1510258697688486
2016-05-10,0.0014963196411586991,-0.0020247481425217746,0.0,0.0,4.130544662210651e-06,0.0014963196411586991,-0.002028878687183985,0.0,0.0,0.7510974461299225,0.1507648801706888
2016-05-11,0.0006644646738927083,0.0016472257829597222,0.0,0.0,4.1882477032619305e-06,0.0006644646738927083,0.0016430375352564602,0.0,0.0,0.7529947799527549,0.15287104116906045
2016-05-12,0.00022928803610924078,-0.000561397523793992,0.0,0.0,4.1335799848095415e-06,0.00022928803610924078,-0.0005655311037788015,0.0,0.0,0.751924177924973,0.15087566944554825
2016-05-13,0.0001732325870665179,0.0009853529687332524,0.0,0.0,4.150356267409364e-06,0.0001732325870665179,0.000981202612465843,0.0,0.0,0.7524064574164583,0.15148800376044178
2016-05-16,-0.001197718279927931,-0.001268637211089782,0.0,0.0,1.2355816897044817e-05,-0.001197718279927931,-0.0012809930279868266,0.0,0.0,0.7517118873408717,0.15032910558071194
2016-05-17,-0.0035881998019907206,0.0007159239904099299,0.0,0.0,4.163683385303476e-06,-0.0035881998019907206,0.0007117603070246264,0.0,0.0,0.7523790996430677,0.1519744435635768
2016-05-18,-0.007399846206000415,-0.0004137632632756146,0.0,0.0,4.156023579768689e-06,-0.007399846206000415,-0.0004179192868553833,0.0,0.0,0.7509509648551693,0.15169486066155718
2016-05-19,0.0025507727928695727,-0.0004170378951538301,5.494012145778925e-06,4.578360587720406e-05,4.737326188833139e-06,0.002545278780723794,-0.00046755882721986734,0.0267856247899644,0.2232143752176816,0.7729124059015438,0.17291240589240958
2016-05-20,-2.9307297993214667e-06,-0.0005243628370849938,0.0,0.0,4.738905765523974e-06,-2.9307297993214667e-06,-0.0005291017428505178,0.0,0.0,0.7738553240465166,0.17297006044162505
2016-05-23,-0.000484867734720046,-0.0008180441823586203,0.0,0.0,1.4267406335419704e-05,-0.000484867734720046,-0.00083231158869404,0.0,0.0,0.7742643270811386,0.17358677708093972
2016-05-24,0.0009449431007666152,-0.0008179749183414001,0.0,0.0,4.784516347191312e-06,0.0009449431007666152,-0.0008227594346885914,0.0,0.0,0.774800009899239,0.17463484667248294
2016-05-25,-0.00026101910438556673,-0.0006393007995452747,0.0,0.0,4.8063393627629364e-06,-0.00026101910438556673,-0.0006441071389080376,0.0,0.0,0.7756501812172705,0.17543138674084718
2016-05-26,0.0030231097205560093,0.0009748742049548467,0.0,0.0,4.828224605960808e-06,0.0030231097205560093,0.000970045980348886,0.0,0.0,0.7760916230080698,0.17623019811756951
2016-05-27,-0.00045746588024600445,-0.000534294923364063,0.0,0.0,4.782418780814553e-06,-0.00045746588024600445,-0.0005390773421448775,0.0,0.0,0.7760159800937213,0.17455828549973118
2016-05-31,0.0007385796397370605,0.00017887728996212061,0.0,0.0,1.920736896493405e-05,0.0007385796397370605,0.00015966992099718656,0.0,0.0,0.7763321627686064,0.17526724180502318
2016-06-01,0.001929009266039047,0.0004708735069656631,0.0,0.0,4.792636509923519e-06,0.001929009266039047,0.00046608087045573956,0.0,0.0,0.7763733653739305,0.17493123261220844
2016-06-02,0.0018462650995046518,-0.0005326867088685209,0.0,0.0,4.768315320904268e-06,0.0018462650995046518,-0.0005374550241894253,0.0,0.0,0.7764427243293752,0.17404350921300576
2016-06-03,0.006731453307826114,0.0015375724262904815,4.2259481666914547e-07,3.124710058621578e-05,4.842006486143155e-06,0.006731030713009445,0.0015014833192181225,0.0020534928121111744,0.15183739582718325,0.7767332368160439,0.17673323674422514
2016-06-06,-0.0013264340226667713,-0.0005761167250694667,0.0,0.0,1.4282066331090072e-05,-0.0013264340226667713,-0.0005903987914005567,0.0,0.0,0.7770674712627123,0.17376514036159585
2016-06-07,0.0006070196805215989,-0.00021295298393324383,0.0,0.0,4.785646080338245e-06,0.0006070196805215989,-0.00021773863001358208,0.0,0.0,0.7772308588544032,0.17467608193234593
2016-06-08,0.0028175047540993084,-4.649251515431252e-05,0.0,0.0,4.7896159019553395e-06,0.0028175047540993084,-5.128213105626786e-05,0.0,0.0,0.7775351988159229,0.1748209804213699
2016-06-09,0.0023841132167682385,0.00021291434560460779,0.0,0.0,4.777673560804403e-06,0.0023841132167682385,0.00020813667204380338,0.0,0.0,0.7782000290444266,0.17438508496936073
2016-06-10,0.0009089725721553114,0.0005243050480806347,0.0,0.0,4.7595024713097575e-06,0.0009089725721553114,0.0005195455456093249,0.0,0.0,0.7785659048808349,0.17372184020280615
2016-06-13,-0.0005216916533578095,0.0012687556850545939,0.0,0.0,1.4215107309995305e-05,-0.0005216916533578095,0.0012545405777445986,0.0,0.0,0.7783629718455117,0.17295047227160953
2016-06-14,0.00038359938140940426,-0.00032077781096217736,0.0,0.0,4.700164163352692e-06,0.00038359938140940426,-0.00032547797512553003,0.0,0.0,0.7772716574940031,0.17155599196237323
2016-06-15,0.000675124822778109,-0.00029786340881822183,0.0,0.0,4.7086789214890815e-06,0.000675124822778109,-0.0003025720877397109,0.0,0.0,0.7776100610851219,0.17186678063435146
2016-06-16,0.002148738680175093,0.00024779048821173234,0.0,0.0,4.715082945779183e-06,0.002148738680175093,0.00024307540526595316,0.0,0.0,0.7779953416155339,0.17210052752094018
2016-06-17,-0.0010951771786169287,0.00044897070265340625,2.5871477768846692e-05,1.5590506078975823e-05,2.7397260273972604e-06,-0.0011210486563857753,0.0004306404705470332,0.12718389391275597,0.07664275264485718,0.7000000000022716,0.1
2016-06-20,-0.0018581000095455377,0.0005718171282386679,0.0,0.0,8.187929394082576e-06,-0.0018581000095455377,0.0005636291988445853,0.0,0.0,0.6993876858070107,0.09961980762800467
2016-06-21,-0.0008974622780895216,-0.0004907522416666458,0.0,0.0,2.717160860758286e-06,-0.0008974622780895216,-0.0004934694025274041,0.0,0.0,0.6984336878195578,0.09917637141767742
2016-06-22,0.0005816290360594142,0.0004504991757701868,0.0,0.0,2.7344095044607963e-06,0.0005816290360594142,0.000447764766265726,0.0,0.0,0.6985078021726684,0.09980594691281906
2016-06-23,-0.0017555470167437365,0.00045003591159198435,0.0,0.0,2.71926786380315e-06,-0.0017555470167437365,0.0004473166437281812,0.0,0.0,0.6983705329104233,0.09925327702881495
2016-06-24,0.00540175656084457,-0.002580861557624485,0.0,0.0,2.7104840503608857e-06,0.00540175656084457,-0.002583572041674846,0.0,0.0,0.6975275125716397,0.09893266783817233
2016-06-27,0.0062744870832077285,-0.0008578664422310121,0.0,0.0,8.320130096722583e-06,0.0062744870832077285,-0.0008661865723277347,0.0,0.0,0.7009538518385805,0.10122824951012474
2016-06-28,0.0018236959313439388,0.000487573782433324,0.0,0.0,2.7818348900486035e-06,0.0018236959313439388,0.0004847919475432754,0.0,0.0,0.7034240104865087,0.10153697348677403
2016-06-29,-0.0003683348400122318,0.00032429745930344416,0.0,0.0,2.762100428868201e-06,-0.0003683348400122318,0.00032153535887457596,0.0,0.0,0.7036234003268965,0.10081666565368934
2016-06-30,0.003789346764622776,-0.00020270118295522593,0.0,0.0,2.753344422059822e-06,0.003789346764622776,-0.00020545452737728576,0.0,0.0,0.7032879789993918,0.1004970714051835
2016-07-01,0.001926839246857316,0.0,7.240689508375337e-05,2.0525415056470114e-05,0.0,0.0018544323517735626,-2.0525415056470114e-05,0.3539670075231547,0.10034016425239065,0.4164902499510376,0.0
2016-07-05,0.0023006354862850084,0.0,0.0,0.0,0.0,0.0023006354862850084,0.0,0.0,0.0,0.41765115584606105,0.0
2016-07-06,0.0006282711455290347,0.0,0.0,0.0,0.0,0.0006282711455290347,0.0,0.0,0.0,0.41898785300939023,0.0
2016-07-07,-0.0020361746679448587,0.0,0.0,0.0,0.0,-0.0020361746679448587,0.0,0.0,0.0,0.4193526569807373,0.0
2016-07-08,0.0026057342169628073,0.0,0.0,0.0,0.0,0.0026057342169628073,0.0,0.0,0.0,0.41816794528993834,0.0
2016-07-11,-0.0011700452247207054,0.0,0.0,0.0,0.0,-0.0011700452247207054,0.0,0.0,0.0,0.41968010469791134,0.0
2016-07-12,-0.0035095278314623006,0.0,0.0,0.0,0.0,-0.0035095278314623006,0.0,0.0,0.0,0.4190003087836394,0.0
2016-07-13,0.0020716815348630073,0.0,0.0,0.0,0.0,0.0020716815348630073,0.0,0.0,0.0,0.41695409294581265,0.0
2016-07-14,-0.0020154749012004985,0.0,0.0,0.0,0.0,-0.0020154749012004985,0.0,0.0,0.0,0.41815948120483576,0.0
2016-07-15,-0.0008588520352665373,0.0,0.0,0.0,0.0,-0.0008588520352665373,0.0,0.0,0.0,0.4169844279523647,0.0
2016-07-18,8.14386243550207e-05,-8.439020624338251e-17,5.0649851328170376e-05,2.1334660252569694e-17,8.655177031701049e-18,3.0788773026850326e-05,-1.1438004352765323e-16,0.25000000001558603,1.053046538856961e-13,0.4005443123857121,1.053046538856961e-13
2016-07-19,3.970353418527396e-05,-5.062582229917802e-16,0.0,0.0,2.8872821751364867e-18,3.970353418527396e-05,-5.091455051669167e-16,0.0,0.0,0.4006134166145115,1.0538579939248175e-13
2016-07-20,-0.000834621218138961,-8.438425769922073e-17,0.0,0.0,2.901037082012674e-18,-0.000834621218138961,-8.728529478123341e-17,0.0,0.0,0.4006372134353975,1.0588785349346259e-13
2016-07-21,0.0007515321064950684,1.688902111389932e-16,0.0,0.0,2.9057742002865653e-18,0.0007515321064950684,1.6598443693870663e-16,0.0,0.0,0.40013655467594417,1.0606075831045964e-13
2016-07-22,0.0011948107272126145,-5.484713525186092e-16,0.0,0.0,2.898968403383406e-18,0.0011948107272126145,-5.513703209219926e-16,0.0,0.0,0.40058703276586993,1.0581234672349433e-13
2016-07-25,-0.0006937049697008006,1.685619803781361e-16,0.0,0.0,8.731552494757577e-18,-0.0006937049697008006,1.598304278833785e-16,0.0,0.0,0.40130236312476547,1.0623388868621718e-13
2016-07-26,-0.00109739841023858,1.2650924537583882e-16,0.0,0.0,2.9079165979993164e-18,-0.00109739841023858,1.236013287778395e-16,0.0,0.0,0.4008867552894962,1.0613895582697505e-13
2016-07-27,8.579896806421862e-05,5.065736390165658e-16,0.0,0.0,2.9076414323621084e-18,8.579896806421862e-05,5.036659975842037e-16,0.0,0.0,0.400228567072495,1.0612891228121695e-13
2016-07-28,0.00018640566490059595,4.222209207530734e-17,0.0,0.0,2.8935144419728365e-18,0.00018640566490059595,3.93285776333345e-17,0.0,0.0,0.400280022427698,1.0561327713200853e-13
2016-07-29,0.0015062039815647817,1.4349174270487776e-15,0.0,0.0,2.8918186209541264e-18,0.0015062039815647817,1.4320256084278234e-15,0.0,0.0,0.4003917927942421,1.0555137966482562e-13
2016-08-01,-0.001608820778783023,0.0,4.0920844190417096e-05,2.119901552907455e-17,0.0,-0.0016497416229734401,-2.119901552907455e-17,0.20067563711224348,1.0395987745642882e-13,0.6000000000653498,0.0
2016-08-02,-0.003770940485259357,0.0,0.0,0.0,0.0,-0.003770940485259357,0.0,0.0,0.0,0.5993800014228922,0.0
2016-08-03,-0.0005668491471177211,0.0,0.0,0.0,0.0,-0.0005668491471177211,0.0,0.0,0.0,0.597863568874162,0.0
2016-08-04,0.001291108668342163,0.0,0.0,0.0,0.0,0.001291108668342163,0.0,0.0,0.0,0.5976354888942111,0.0
2016-08-05,-0.002891958748061382,0.0,0.0,0.0,0.0,-0.002891958748061382,0.0,0.0,0.0,0.5981543153410102,0.0
2016-08-08,0.0008159147657255364,0.0,0.0,0.0,0.0,0.0008159147657255364,0.0,0.0,0.0,0.596988823643981,0.0
2016-08-09,0.0021679931107441786,0.0,0.0,0.0,0.0,0.0021679931107441786,0.0,0.0,0.0,0.5973173783408936,0.0
2016-08-10,0.0007855892841518587,0.0,0.0,0.0,0.0,0.0007855892841518587,0.0,0.0,0.0,0.5981885028984277,0.0
2016-08-11,-0.002116927740920377,0.0,0.0,0.0,0.0,-0.002116927740920377,0.0,0.0,0.0,0.59850391392128,0.0
2016-08-12,0.0020540658165808297,0.0,0.0,0.0,0.0,0.0020540658165808297,0.0,0.0,0.0,0.5976521726440511,0.0
2016-08-15,-0.0023471849548613037,0.0,1.3156945444249321e-06,0.0,0.0,-0.0023485006494057287,0.0,0.00656160090643719,0.0,0.6000000000346505,0.0
2016-08-16,-0.003097914301385945,0.0,0.0,0.0,0.0,-0.003097914301385945,0.0,0.0,0.0,0.5990597071911604,0.0
2016-08-17,0.0028882363930495345,0.0,0.0,0.0,0.0,0.0028882363930495345,0.0,0.0,0.0,0.5978137687134373,0.0
2016-08-18,0.0016706518777437626,0.0,0.0,0.0,0.0,0.0016706518777437626,0.0,0.0,0.0,0.5989720322844242,0.0
2016-08-19,-0.0031020923757329936,0.0,0.0,0.0,0.0,-0.0031020923757329936,0.0,0.0,0.0,0.5996408929783416,0.0
2016-08-22,0.0016880534056997185,0.0,0.0,0.0,0.0,0.0016880534056997185,0.0,0.0,0.0,0.5983950774099182,0.0
2016-08-23,-4.5233847631927984e-05,0.0,0.0,0.0,0.0,-4.5233847631927984e-05,0.0,0.0,0.0,0.5990718655127801,0.0
2016-08-24,-0.0010723272409493762,0.0,0.0,0.0,0.0,-0.0010723272409493762,0.0,0.0,0.0,0.5990537291702568,0.0
2016-08-25,0.0001767810871443005,0.0,0.0,0.0,0.0,0.0001767810871443005,0.0,0.0,0.0,0.5986233220245819,0.0
2016-08-26,-0.004215366692432841,0.0,0.0,0.0,0.0,-0.004215366692432841,0.0,0.0,0.0,0.5986942652886416,0.0
2016-08-29,0.0036286105074348476,-7.909373683644316e-14,1.118663366709978e-06,3.0402499315475077e-15,1.246736674870925e-15,0.0036274918440681375,-8.338072344286159e-14,0.005581314226269703,1.516862954426292e-11,0.5999999998877429,1.516862954426292e-11
2016-08-30,-0.001483943372248299,1.2839314020751959e-14,0.0,0.0,4.162359508010867e-16,-0.001483943372248299,1.2423078069950872e-14,0.0,0.0,0.6014468667913022,1.5192612204239666e-11
2016-08-31,-1.0487758072744367e-05,4.2484269751170047e-14,0.0,0.0,4.1650225453325684e-16,-1.0487758072744367e-05,4.206776749663679e-14,0.0,0.0,0.6008545575574188,1.5202332290463873e-11
2016-09-01,-0.0006164303810451698,-3.6800918659431497e-14,0.0,0.0,4.1534265795063075e-16,-0.0006164303810451698,-3.7216261317382126e-14,0.0,0.0,0.6008503713726538,1.5160007015198022e-11
2016-09-02,0.0019085964017133954,-1.0529991729519225e-13,0.0,0.0,4.166077119481024e-16,0.0019085964017133954,-1.0571652500714036e-13,0.0,0.0,0.6006041716500183,1.520618148610574e-11
2016-09-06,0.0037384922654432715,-6.560984450316763e-14,0.0,0.0,1.6747740969413388e-15,0.0037384922654432715,-6.728461860010898e-14,0.0,0.0,0.6013650049671987,1.5282313634589716e-11
2016-09-07,0.000911750827117192,-1.3485820894591287e-14,0.0,0.0,4.18924906698258e-16,0.000911750827117192,-1.3904745801289545e-14,0.0,0.0,0.6028497481121409,1.5290759094486416e-11
2016-09-08,-0.00295033346352144,5.646452336447795e-14,0.0,0.0,4.189124374819573e-16,-0.00295033346352144,5.6045610926996e-14,0.0,0.0,0.6032115203366729,1.529030396809144e-11
2016-09-09,-0.010671369029779982,3.8712539579538e-13,0.0,0.0,4.1860047522898557e-16,-0.010671369029779982,3.86706795320151e-13,0.0,0.0,0.6020373979545947,1.5278917345857972e-11
2016-09-12,0.003045300714512524,-1.9389424255765724e-13,0.0,0.0,1.2371853615560726e-15,0.003045300714512524,-1.9513142791921332e-13,0.0,0.0,0.597744784101355,1.5052421898932218e-11
2016-09-13,-0.004982155066127012,2.0560352542819606e-14,3.923226257424917e-05,2.873958664173298e-15,2.871665279838474e-17,-0.005021387328701261,1.7657677225847923e-14,0.19318644813179758,1.4151869659785249e-11,0.6000000000657065,1.048157827141043e-12
2016-09-14,0.0008928171594899419,-3.8450682163250515e-15,0.0,0.0,2.829543782138031e-17,0.0008928171594899419,-3.873363654146432e-15,0.0,0.0,0.5980207387594764,1.0327834804803813e-12
2016-09-15,0.0008874692801247729,-1.145798664812451e-14,0.0,0.0,2.837544806912992e-17,0.0008874692801247729,-1.148636209619364e-14,0.0,0.0,0.598379312600795,1.0357038545232422e-12
2016-09-16,0.00016059343986231495,4.029850446434467e-15,0.0,0.0,2.8663927156745273e-17,0.00016059343986231495,4.001186519277722e-15,0.0,0.0,0.5987354225864585,1.0462333412212026e-12
2016-09-19,0.0008077913579809396,-4.746592574327644e-15,0.0,0.0,8.564680657031669e-17,0.0008077913579809396,-4.83223938089796e-15,0.0,0.0,0.5987998526981847,1.0420361466055198e-12
2016-09-20,0.0003198977852321251,3.9099469952469435e-15,0.0,0.0,2.865583122279487e-17,0.0003198977852321251,3.8812911640241485e-15,0.0,0.0,0.5991236771274233,1.0459378396320126e-12
2016-09-21,0.003489971363700513,-1.619776256908922e-14,0.0,0.0,2.8539579638990563e-17,0.003489971363700513,-1.622630214872821e-14,0.0,0.0,0.5992518755648637,1.0416946568231556e-12
2016-09-22,0.003536706152313737,-1.2617389777824682e-14,0.0,0.0,2.888255466725316e-17,0.003536706152313737,-1.2646272332491935e-14,0.0,0.0,0.6006456109466377,1.0542132453547403e-12
2016-09-23,0.0002006724579863605,1.058842648114747e-14,0.0,0.0,2.912522920166966e-17,0.0002006724579863605,1.05593012519458e-14,0.0,0.0,0.6020530324351266,1.0630708658609426e-12
2016-09-26,0.00040994306700291473,1.0813862693578513e-14,0.0,0.0,8.648805020679915e-17,0.00040994306700291473,1.0727374643371714e-14,0.0,0.0,0.6021328734093653,1.0522712775160565e-12
2016-09-27,0.0003916909993421835,-3.239242521281551e-13,5.054545864414815e-05,8.695310963211781e-15,1.2068057680244025e-15,0.00034114554069803534,-3.338263688593913e-13,0.2500000000441419,4.3007379881366366e-11,0.5483410975050401,4.4048410532890694e-11
2016-09-28,0.00122910006377735,-2.204577977470539e-13,0.0,0.0,1.2152658225532884e-15,0.00122910006377735,-2.216730635696072e-13,0.0,0.0,0.5485456546006291,4.4357202523195036e-11
2016-09-29,-0.0010874050343212707,4.907526815155854e-13,0.0,0.0,1.2198064979734071e-15,-0.0010874050343212707,4.89532875017612e-13,0.0,0.0,0.5490998559965028,4.452293717602935e-11
2016-09-30,-0.0003990501671044648,-3.606663638407214e-13,0.0,0.0,1.207674450304265e-15,-0.0003990501671044648,-3.6187403829102565e-13,0.0,0.0,0.5486090111625251,4.408011743610568e-11
2016-10-03,-0.0016616706312610203,1.9770750274440794e-14,0.0,0.0,3.654125340968687e-15,-0.0016616706312610203,1.6116624933472107e-14,0.0,0.0,0.5484288116045348,4.4458524981785686e-11
2016-10-04,-0.002474289263449816,2.2935392033715287e-13,0.0,0.0,1.219526567412908e-15,-0.002474289263449816,2.2813439376973997e-13,0.0,0.0,0.5476772000920692,4.4512719710571135e-11
2016-10-05,-0.0013686869610942413,-2.1317958375273876e-13,0.0,0.0,1.216252258266573e-15,-0.0013686869610942413,-2.1439583601100535e-13,0.0,0.0,0.5465552466070568,4.439320742672991e-11
2016-10-06,-0.0001491325738919395,-6.417769449366824e-15,0.0,0.0,1.2237677497705249e-15,-0.0001491325738919395,-7.64153719913735e-15,0.0,0.0,0.5459337720815486,4.4667522866624155e-11
2016-10-07,0.0005102173878464174,2.5459783715020656e-13,0.0,0.0,1.2241261361519696e-15,0.0005102173878464174,2.533737110140546e-13,0.0,0.0,0.5458660459160886,4.4680603969546894e-11
2016-10-10,7.358831424034176e-05,-2.498762625235079e-13,0.0,0.0,3.6495904743076895e-15,7.358831424034176e-05,-2.535258529978156e-13,0.0,0.0,0.5460976347950623,4.440335077074356e-11
2016-10-11,-0.0020561665555469026,9.638263599699187e-14,3.180468161302878e-05,7.742686797771496e-15,1.7605017619751813e-16,-0.0020879712371599315,8.846389902302286e-14,0.15701340848297551,3.822410988815634e-11,0.600000000057931,6.425831431209412e-12
2016-10-12,3.1124591687709145e-05,8.747482202842142e-15,0.0,0.0,1.7377238778070035e-16,3.1124591687709145e-05,8.573709815061441e-15,0.0,0.0,0.5991949352926741,6.342692153995563e-12
2016-10-13,0.00010837485819344438,4.7725788158464634e-14,0.0,0.0,1.7352732976676003e-16,0.00010837485819344438,4.7552260828697876e-14,0.0,0.0,0.5992074097983905,6.33374753648674e-12
2016-10-14,-0.0008313192886697538,2.3440524703107878e-15,0.0,0.0,1.7220111165573748e-16,-0.0008313192886697538,2.1718513586550503e-15,0.0,0.0,0.5992508409316473,6.285340575434417e-12
2016-10-17,0.0007999843182189399,8.43913134429825e-15,0.0,0.0,5.1684033245787125e-16,0.0007999843182189399,7.92229101184038e-15,0.0,0.0,0.5989174132409234,6.2882240449041e-12
2016-10-18,0.0012424503345537148,-5.892714023644034e-14,0.0,0.0,1.7191137533697001e-16,0.0012424503345537148,-5.90990516117773e-14,0.0,0.0,0.5992380165430227,6.274765199799405e-12
2016-10-19,0.0007340188876334928,-3.019622453110779e-14,0.0,0.0,1.7331048786161355e-16,0.0007340188876334928,-3.0369535018969406e-14,0.0,0.0,0.5997353255217736,6.325832806948895e-12
2016-10-20,-0.0003236928167783564,1.2279224476718055e-14,0.0,0.0,1.7401005501736806e-16,-0.0003236928167783564,1.2105214421700686e-14,0.0,0.0,0.6000289118549976,6.351367008133933e-12
2016-10-21,0.0006532741666893804,2.5379710457671644e-15,0.0,0.0,1.7372987302037122e-16,0.0006532741666893804,2.3642411727467933e-15,0.0,0.0,0.5998994021654825,6.34114036524355e-12
2016-10-24,-0.0002138180581509553,-2.4274366940906458e-14,0.0,0.0,5.206408974527586e-16,-0.0002138180581509553,-2.4795007838359215e-14,0.0,0.0,0.6001606069118105,6.334464252341896e-12
2016-10-25,-0.00011260042416890592,0.0,4.0541757981135537e-05,1.2923495084920639e-15,0.0,-0.00015314218215004146,-1.2923495084920639e-15,0.19952000087388766,6.360098523198839e-12,0.6000000002044179,0.0
2016-10-26,-0.0020283822198298813,0.0,0.0,0.0,0.0,-0.0020283822198298813,0.0,0.0,0.0,0.5999792819167273,0.0
2016-10-27,-0.002662567215417564,0.0,0.0,0.0,0.0,-0.002662567215417564,0.0,0.0,0.0,0.5991662378404554,0.0
2016-10-28,-0.0007811668421877898,0.0,0.0,0.0,0.0,-0.0007811668421877898,0.0,0.0,0.0,0.5980961418038726,0.0
2016-10-31,0.00024168908606604265,0.0,0.0,0.0,0.0,0.00024168908606604265,0.0,0.0,0.0,0.5977819423939417,0.0
2016-11-01,-0.0010403112426502679,0.0,0.0,0.0,0.0,-0.0010403112426502679,0.0,0.0,0.0,0.5978791306193502,0.0
2016-11-02,-0.0002761380643127313,0.0,0.0,0.0,0.0,-0.0002761380643127313,0.0,0.0,0.0,0.5974603641105221,0.0
2016-11-03,-0.0008614699175260927,0.0,0.0,0.0,0.0,-0.0008614699175260927,0.0,0.0,0.0,0.597349176891635,0.0
2016-11-04,0.0007200184658240267,0.0,0.0,0.0,0.0,0.0007200184658240267,0.0,0.0,0.0,0.5970020062431901,0.0
2016-11-07,0.0025740448990131237,0.0,0.0,0.0,0.0,0.0025740448990131237,0.0,0.0,0.0,0.5972919634658305,0.0
2016-11-08,0.00045396550819263584,0.0,5.073945591171403e-05,0.0,0.0,0.0004032260522809218,0.0,0.2500000000646201,0.0,0.5493211452392678,0.0
2016-11-09,-0.004289127856468132,0.0,0.0,0.0,0.0,-0.004289127856468132,0.0,0.0,0.0,0.5495535164525043,0.0
2016-11-10,-0.007646600710216367,0.0,0.0,0.0,0.0,-0.007646600710216367,0.0,0.0,0.0,0.547613171504505,0.0
2016-11-11,-0.0018671914572253243,0.0,0.0,0.0,0.0,-0.0018671914572253243,0.0,0.0,0.0,0.5441272949543347,0.0
2016-11-14,-0.0030657582378855407,0.0,0.0,0.0,0.0,-0.0030657582378855407,0.0,0.0,0.0,0.5432745010043128,0.0
2016-11-15,0.005405262126289478,0.0,0.0,0.0,0.0,0.005405262126289478,0.0,0.0,0.0,0.5418699851372247,0.0
2016-11-16,0.0011085814952812006,0.0,0.0,0.0,0.0,0.0011085814952812006,0.0,0.0,0.0,0.5443329847967024,0.0
2016-11-17,-0.0002586173848587698,0.0,0.0,0.0,0.0,-0.0002586173848587698,0.0,0.0,0.0,0.5448375694445634,0.0
2016-11-18,-0.0015196890385869104,0.0,0.0,0.0,0.0,-0.0015196890385869104,0.0,0.0,0.0,0.5447198260766054,0.0
2016-11-21,0.003110238726202364,0.0,0.0,0.0,0.0,0.003110238726202364,0.0,0.0,0.0,0.5440268887375294,0.0
2016-11-22,0.0012050075268954534,0.0,5.968318757771651e-05,0.0,0.0,0.001145324339317737,0.0,0.2948872948402473,0.0,0.2505535819106998,0.0
2016-11-23,-0.0009758793886190235,0.0,0.0,0.0,0.0,-0.0009758793886190235,0.0,0.0,0.0,0.25147057406849244,0.0
2016-11-25,0.0007091955804090691,0.0,0.0,0.0,0.0,0.0007091955804090691,0.0,0.0,0.0,0.25073938607866253,0.0
2016-11-28,-4.355601520026693e-05,0.0,0.0,0.0,0.0,-4.355601520026693e-05,0.0,0.0,0.0,0.2512703818148008,0.0
2016-11-29,0.00010923850915552028,0.0,0.0,0.0,0.0,0.00010923850915552028,0.0,0.0,0.0,0.25123776871567366,0.0
2016-11-30,-0.0017587910105514501,0.0,0.0,0.0,0.0,-0.0017587910105514501,0.0,0.0,0.0,0.2513195534514885,0.0
2016-12-01,-0.003388400788811295,0.0,0.0,0.0,0.0,-0.003388400788811295,0.0,0.0,0.0,0.2500004610043853,0.0
2016-12-02,0.0010578214868514103,0.0,0.0,0.0,0.0,0.0010578214868514103,0.0,0.0,0.0,0.24745052175869287,0.0
2016-12-05,0.0015891889462266305,0.0,0.0,0.0,0.0,0.0015891889462266305,0.0,0.0,0.0,0.2482457435639829,0.0
2016-12-06,0.0009194073812541877,0.0,0.0,0.0,0.0,0.0009194073812541877,0.0,0.0,0.0,0.24943852755944898,0.0
2016-12-07,0.002074368171085381,9.340997547442235e-16,3.108830488541868e-05,2.2286355586677468e-17,2.9702978497995402e-18,0.0020432798661999623,9.088431013077464e-16,0.15123449211117054,1.0841587151768322e-13,0.2988934733319063,1.0841587151768322e-13
2016-12-08,0.0011223871572000855,-2.0541834514335863e-16,0.0,0.0,2.9387014861175996e-18,0.0011223871572000855,-2.0835704662947623e-16,0.0,0.0,0.30035413394836474,1.0726260424329239e-13
2016-12-09,0.0011981693804655326,-1.3098912696169669e-15,0.0,0.0,2.9410284134643087e-18,0.0011981693804655326,-1.3128322980304311e-15,0.0,0.0,0.3011385270902207,1.0734753709144727e-13
2016-12-12,-0.0010261815228894623,-5.201648075997212e-16,0.0,0.0,8.920059794008738e-18,-0.0010261815228894623,-5.290848673937299e-16,0.0,0.0,0.30197487941650003,1.0852739416043964e-13
2016-12-13,0.001630061168837079,-8.836430049933057e-16,0.0,0.0,2.9906733289999698e-18,0.001630061168837079,-8.8663367832230565e-16,0.0,0.0,0.30125784312585197,1.0915957650849888e-13
2016-12-14,-0.00014802894048831117,5.671297282881314e-16,0.0,0.0,3.0099762809423643e-18,-0.00014802894048831117,5.64119752007189e-16,0.0,0.0,0.30239498197691755,1.098641342543963e-13
2016-12-15,0.0016150886454949854,-7.090117865269233e-16,0.0,0.0,2.9948818093484705e-18,0.0016150886454949854,-7.120066683362719e-16,0.0,0.0,0.3022917009566401,1.0931318604121918e-13
2016-12-16,-0.0009907144809891335,-8.693358585301461e-17,0.0,0.0,3.0094462673057125e-18,-0.0009907144809891335,-8.994303212032032e-17,0.0,0.0,0.3034167446629771,1.0984478875665852e-13
2016-12-19,0.0012919126469063378,4.586451039170034e-16,0.0,0.0,9.044444490280656e-18,0.0012919126469063378,4.496006594267228e-16,0.0,0.0,0.30272594515962875,1.1004074129841465e-13
2016-12-20,0.0007052859838765394,7.901457328898917e-17,0.0,0.0,2.9983755714871736e-18,0.0007052859838765394,7.6016197717502e-17,0.0,0.0,0.3036256000539007,1.0944070835928184e-13
2016-12-21,-0.0011016907753390653,4.261466807408291e-15,5.04950183550104e-05,4.003262859123291e-16,5.1307512268846566e-17,-0.0011521857936940758,3.809833009227115e-15,0.24999999999875008,1.9820088146903554e-12,0.5452332423405061,1.8727241978128994e-12
2016-12-22,-0.0003522714174103495,9.931265052711117e-15,0.0,0.0,5.1249809055498174e-17,-0.0003522714174103495,9.88001524365562e-15,0.0,0.0,0.544759215394126,1.8706180305256837e-12
2016-12-23,0.0005305841656351932,-2.958179109775265e-15,0.0,0.0,5.099568392385642e-17,0.0005305841656351932,-3.0091747936991213e-15,0.0,0.0,0.5445987905645824,1.8613424632207587e-12
2016-12-27,0.0007876701206559569,-5.327181975092053e-15,0.0,0.0,2.0419857517682231e-16,0.0007876701206559569,-5.531380550268876e-15,0.0,0.0,0.5448402910989621,1.8633119984885035e-12
2016-12-28,-0.0031011144008031796,1.3002010503387268e-14,0.0,0.0,5.115530048360017e-17,-0.0031011144008031796,1.2950855202903668e-14,0.0,0.0,0.5451985246319426,1.867168467651406e-12
2016-12-29,-0.0007833790141573791,2.6913836993593756e-15,0.0,0.0,5.0957104829362845e-17,-0.0007833790141573791,2.640426594530013e-15,0.0,0.0,0.5437837458362681,1.859934326271744e-12
2016-12-30,-0.0016593015548328465,1.0006401072573738e-14,0.0,0.0,5.092326050326496e-17,-0.0016593015548328465,9.955477812070474e-15,0.0,0.0,0.5434260754053277,1.8586990083691715e-12
2017-01-03,0.004052516486904926,-1.0715452902537839e-14,0.0,0.0,2.0293317745156616e-16,0.004052516486904926,-1.0918386079989405e-14,0.0,0.0,0.5426672224164019,1.851765244245541e-12
2017-01-04,0.0016854184446306315,-2.271900307452576e-14,0.0,0.0,5.08209158157933e-17,0.0016854184446306315,-2.2769823990341554e-14,0.0,0.0,0.5445130906262143,1.8549634272764555e-12
2017-01-05,-0.001859607647197099,3.3570743780598032e-15,0.0,0.0,5.1356796564006325e-17,-0.001859607647197099,3.305717581495797e-15,0.0,0.0,0.5452794849694113,1.8745230745862305e-12
2017-01-06,0.0022561412091217973,0.0001474680969618635,3.057593489638529e-05,2.038395659781709e-05,2.7397260274426817e-06,0.002225565274225412,0.00012434441433660374,0.14999999999976363,0.10000000000095556,0.5941972544444721,0.10000000000165787
2017-01-09,-0.0016109175685439672,-0.0002482522427704916,0.0,0.0,8.187816786828792e-06,-0.0016109175685439672,-0.0002564400595573204,0.0,0.0,0.5950550699794214,0.09961843757308361
2017-01-10,0.0006194349170986909,2.758443671401249e-05,0.0,0.0,2.7411924802731757e-06,0.0006194349170986909,2.4843244233739314e-05,0.0,0.0,0.5945543981014934,0.10005352552997092
2017-01-11,0.0023097235972546312,-0.00030370779889123573,0.0,0.0,2.738672275542832e-06,0.0023097235972546312,-0.00030644647116677854,0.0,0.0,0.5947906224100079,0.09996153805731336
2017-01-12,-0.001652583421124044,-0.0003123634260124619,0.0,0.0,2.741501050810057e-06,-0.001652583421124044,-0.000315104927063272,0.0,0.0,0.5959065799862908,0.10006478835456709
2017-01-13,0.0009858754591574063,9.203219474968872e-05,0.0,0.0,2.755480880514832e-06,0.0009858754591574063,8.927671386917389e-05,0.0,0.0,0.5954256085974163,0.10057505213879138
2017-01-17,-0.003598224546990173,-6.43792736174006e-05,0.0,0.0,1.1000011116231826e-05,-0.003598224546990173,-7.537928473363244e-05,0.0,0.0,0.5957709396361979,0.10037510143561541
2017-01-18,0.0024131798574274586,0.00022151459687140245,0.0,0.0,2.7619127681012856e-06,0.0024131798574274586,0.00021875268410330117,0.0,0.0,0.594356144097573,0.10080981603569691
2017-01-19,-0.0009967562496336216,0.00041424735473042637,0.0,0.0,2.7486097196711453e-06,-0.0009967562496336216,0.00041149874501075523,0.0,0.0,0.5952027903622361,0.1003242547679968
2017-01-20,0.002049111195519287,0.0001933737139161705,0.0,0.0,2.738863417444988e-06,0.002049111195519287,0.00019063485049872553,0.0,0.0,0.5945540013037691,0.09996851473674206
2017-01-23,-0.0012597947601249802,-0.000945768508255498,1.0811664202921647e-05,4.018317208507837e-05,2.4373845121124292e-05,-0.0012706064243279019,-0.0010103255254617005,0.05300372053801258,0.19699627953232296,0.6442158644273936,0.2965484489736789
2017-01-24,0.005512428769682538,0.0007450150484067939,0.0,0.0,8.169159803954142e-06,0.005512428769682538,0.0007368458886028397,0.0,0.0,0.6444259614319727,0.2981743328443262
2017-01-25,0.004311467471826075,0.0009206642570503032,0.0,0.0,8.09814092589748e-06,0.004311467471826075,0.0009125661161244057,0.0,0.0,0.6459019713801728,0.29558214379525805
2017-01-26,0.0008375849457965837,-0.00021845566218631345,0.0,0.0,8.030963225985983e-06,0.0008375849457965837,-0.00022648662541229945,0.0,0.0,0.6468343544584675,0.2931301577484884
2017-01-27,-0.0002472296329349542,-0.00034537045303222025,0.0,0.0,8.03203994650066e-06,-0.0002472296329349542,-0.0003534024929787209,0.0,0.0,0.6472763898895781,0.29316945804727407
2017-01-30,-0.004097067836913767,2.8350488828425662e-05,0.0,0.0,2.4139005114039055e-05,-0.004097067836913767,4.211483714386607e-06,0.0,0.0,0.647418020318542,0.2936912288874752
2017-01-31,-0.003180748052493055,-0.0006721455326011739,0.0,0.0,8.078622955580542e-06,-0.003180748052493055,-0.0006802241555567544,0.0,0.0,0.6459647935910202,0.29486973787868975
2017-02-01,0.0016413989280292533,0.0004786077421978142,0.0,0.0,8.128421511229374e-06,0.0016413989280292533,0.0004704793206865848,0.0,0.0,0.6452754360637064,0.29668738515987214
2017-02-02,-0.0007321931852111893,-0.00018499771303636425,0.0,0.0,8.098206544093162e-06,-0.0007321931852111893,-0.00019309591958045742,0.0,0.0,0.645553504587016,0.2955845388594004
2017-02-03,0.0032962628679976957,-3.9369366143213454e-05,0.0,0.0,8.110779790759063e-06,0.0032962628679976957,-4.748014593397252e-05,0.0,0.0,0.645418510117247,0.2960434623627058
2017-02-06,-0.0008912227774395112,-0.000991269347520141,1.2907145628312015e-05,1.5691454076800898e-07,2.4320918195374016e-05,-0.0009041299230678232,-0.0010157471802562832,0.064197998932125,0.0007804668677916623,0.704095495310569,0.2959045047103839
2017-02-07,-0.0002330465809029747,-0.00033277043180483194,0.0,0.0,8.149777367071187e-06,-0.0002330465809029747,-0.00034092020917190314,0.0,0.0,0.7045569352611257,0.29746687389809834
2017-02-08,-5.7975834215516435e-05,-0.0009633474359234883,0.0,0.0,8.163579989004638e-06,-5.7975834215516435e-05,-0.000971511015912493,0.0,0.0,0.7047283793660023,0.29797066959866925
2017-02-09,0.0036056680175045822,0.0011926187327240955,0.0,0.0,8.19841322805109e-06,0.0036056680175045822,0.0011844203194960445,0.0,0.0,0.7053966000556691,0.2992420828238648
2017-02-10,0.003159337275726744,8.720108888629911e-05,0.0,0.0,8.126810601543567e-06,0.003159337275726744,7.907427828475555e-05,0.0,0.0,0.7056222750431613,0.29662858695634015
2017-02-13,0.003882491357085292,0.00037941889015086206,0.0,0.0,2.4294588715050747e-05,0.003882491357085292,0.0003551243014358113,0.0,0.0,0.7064936949742475,0.29558416269978405
2017-02-14,0.0017848258908075172,0.0008535251699529033,0.0,0.0,8.053672830170189e-06,0.0017848258908075172,0.000845471497122733,0.0,0.0,0.7073785877513747,0.2939590583012119
2017-02-15,0.0018215409470742263,0.0005524310419994206,0.0,0.0,8.009221943381573e-06,0.0018215409470742263,0.000544421820056039,0.0,0.0,0.7073029964182282,0.2923366009334274
2017-02-16,-0.0007527312146159349,-0.0008687603798267869,0.0,0.0,7.975217778017947e-06,-0.0007527312146159349,-0.0008767355976048048,0.0,0.0,0.7074507352660842,0.2910954488976551
2017-02-17,0.0009767549155774253,-0.0005822787556054487,0.0,0.0,8.012074842312354e-06,0.0009767549155774253,-0.0005902908304477611,0.0,0.0,0.7078514244556019,0.29244073174440094
2017-02-21,0.003522651905392263,-0.0003795223130795013,5.628508943582857e-06,1.5577711215996412e-05,3.0032207218529035e-05,0.00351702339644868,-0.0004251322315140268,0.027817062913192372,0.0769877381882738,0.725956109146059,0.27404389086907743
2017-02-22,-0.00038371597716358244,-0.00023725581102655783,0.0,0.0,7.495275101358833e-06,-0.00038371597716358244,-0.0002447510861279167,0.0,0.0,0.7272302442842755,0.2735775411995974
2017-02-23,-0.0017234415897407931,-0.0006719490457986177,0.0,0.0,7.506492844078375e-06,-0.0017234415897407931,-0.0006794555386426961,0.0,0.0,0.7273036146739473,0.2739869888088607
2017-02-24,0.0009050703699793135,-0.0007674584915254202,0.0,0.0,7.543027526158892e-06,0.0009050703699793135,-0.0007750015190515792,0.0,0.0,0.7273278671275204,0.2753205047047996
2017-02-27,0.001188335208426127,0.0007044464754686862,0.0,0.0,2.2689210199102996e-05,0.001188335208426127,0.0006817572652695832,0.0,0.0,0.7281382293946856,0.2760520574224198
2017-02-28,-0.002412872604442295,1.3275413711502364e-06,0.0,0.0,7.529688948298685e-06,-0.002412872604442295,-6.202147577148449e-06,0.0,0.0,0.7279652023570716,0.274833646612902
2017-03-01,0.010132547655020167,0.0010547214816301561,0.0,0.0,7.547911539537988e-06,0.010132547655020167,0.0010471735700906181,0.0,0.0,0.7273117512469177,0.27549877119313654
2017-03-02,-0.004860049329926278,0.0008490814326142655,0.0,0.0,7.435883950955261e-06,-0.004860049329926278,0.0008416455486633102,0.0,0.0,0.7292910285112084,0.271409764209867
2017-03-03,-0.0002876324449951845,-0.0002801918422024461,0.0,0.0,7.442528530742223e-06,-0.0002876324449951845,-0.0002876343707331883,0.0,0.0,0.7273537803626071,0.2716522913720911
2017-03-06,-0.0021146739361797206,-3.281064031789149e-05,0.0,0.0,2.2363480026652595e-05,-0.0021146739361797206,-5.517412034454409e-05,0.0,0.0,0.7274846456932312,0.2720890069909399
2017-03-07,-0.0021071468325191424,0.0002124359208264938,1.643441933673456e-05,3.410557493827543e-05,3.975892833218329e-06,-0.002123581251855877,0.00017435445305500006,0.08129412940483995,0.16870587062734205,0.7451200884509982,0.14512008841246898
2017-03-08,-0.0007819763520086029,0.0006156339098984529,0.0,0.0,3.977826356739436e-06,-0.0007819763520086029,0.0006116560835417135,0.0,0.0,0.7444640709362926,0.14519066202098943
2017-03-09,-0.0009926025374156957,-2.2192356998824715e-05,0.0,0.0,3.961634420914603e-06,-0.0009926025374156957,-2.615399141973932e-05,0.0,0.0,0.7438087802954317,0.14459965636338298
2017-03-10,0.0016106033615980613,-0.00047841508605686963,0.0,0.0,3.9662831075063735e-06,0.0016106033615980613,-0.000482381369164376,0.0,0.0,0.7435736983178476,0.14476933342398265
2017-03-13,0.0009007976615518179,-0.0010130022076876603,0.0,0.0,1.1924717382010268e-05,0.0009007976615518179,-0.0010249269250696706,0.0,0.0,0.7443445158267424,0.1450840614811249
2017-03-14,-0.002797518199247632,-2.3468984393644303e-06,0.0,0.0,4.00315618797491e-06,-0.002797518199247632,-6.35005462733934e-06,0.0,0.0,0.7453378317244183,0.1461152008610842
2017-03-15,0.005236679703784306,-0.0014873367885810383,0.0,0.0,4.014476549916527e-06,0.005236679703784306,-0.0014913512651309549,0.0,0.0,0.7446281527636462,0.14652839407195323
2017-03-16,-0.0018412516608324729,0.00026962290927890555,0.0,0.0,4.04009402398547e-06,-0.0018412516608324729,0.0002655828152549201,0.0,0.0,0.7470668218539667,0.14746343187546965
2017-03-17,0.0007187076707267015,3.191875198824719e-05,0.0,0.0,4.039071333829911e-06,0.0007187076707267015,2.787968065441728e-05,0.0,0.0,0.7464016520225136,0.14742610368479175
2017-03-20,-0.00023774271333501122,-0.0004922326162379831,0.0,0.0,1.2105552689902445e-05,-0.00023774271333501122,-0.0005043381689278855,0.0,0.0,0.7465629852114721,0.14728422439381308
2017-03-21,-0.00975055492185086,0.0004589316675245101,5.021853921479548e-05,5.480896762718053e-07,4.125623706590422e-06,-0.009800773461065655,0.00045425795414164786,0.24730093525840888,0.0026990647610785545,0.7499999999690592,0.15058526529055036
2017-03-22,0.0020931462581242864,-0.00031359644177606405,0.0,0.0,4.151855619174407e-06,0.0020931462581242864,-0.00031774829739523845,0.0,0.0,0.7472334743020653,0.15154273009986585
2017-03-23,-0.00025622082532205997,-0.00017685077145389495,0.0,0.0,4.15307394350069e-06,-0.00025622082532205997,-0.00018100384539739564,0.0,0.0,0.7479986253261572,0.15158719893777517
2017-03-24,0.00035621318127413283,3.701647733063068e-05,0.0,0.0,4.159737910153911e-06,0.00035621318127413283,3.285673942047677e-05,0.0,0.0,0.7480694789324369,0.15183043372061775
2017-03-27,-0.0011287968187151966,-0.00040934771419835867,0.0,0.0,1.247131906515054e-05,-0.0011287968187151966,-0.0004218190332635092,0.0,0.0,0.7481346154382135,0.15173438195933156
2017-03-28,0.005643950039760251,-4.7332374972423256e-05,0.0,0.0,4.1747948640135265e-06,0.005643950039760251,-5.1507169836436784e-05,0.0,0.0,0.7481659365806709,0.15238001253649372
2017-03-29,0.0014105794986969532,-0.0006425086331845443,0.0,0.0,4.152866970133167e-06,0.0014105794986969532,-0.0006466615001546774,0.0,0.0,0.749617692500836,0.1515796444098606
2017-03-30,0.0031937761537193013,0.00034737940511623275,0.0,0.0,4.1672864812367e-06,0.0031937761537193013,0.00034321211863499605,0.0,0.0,0.7504549859286861,0.15210595656513956
2017-03-31,-0.0013379830314727884,-8.602383693001758e-05,0.0,0.0,4.1431150877844046e-06,-0.0013379830314727884,-9.016695201780198e-05,0.0,0.0,0.7509925103805635,0.15122370070413077
2017-04-03,-0.0011079434613891397,-0.000909500926879297,0.0,0.0,1.2454202184347592e-05,-0.0011079434613891397,-0.0009219551290636446,0.0,0.0,0.7507266776413702,0.15152612657622902
2017-04-04,0.0003872209170017826,0.0003250227606504408,1.590044187999644e-05,9.890651730445802e-06,5.526450737656483e-06,0.00037132047512178617,0.0003096056581823385,0.07872493576216492,0.04896976624938083,0.798284548404407,0.2017154519244616
2017-04-05,-0.0018816096657162204,-0.00012835080984720747,0.0,0.0,5.51379151974859e-06,-0.0018816096657162204,-0.00013386460136695607,0.0,0.0,0.7981283029022328,0.20125339047082352
2017-04-06,0.0015163746292874928,-0.0004883473666224877,0.0,0.0,5.5284504298705976e-06,0.0015163746292874928,-0.0004938758170523582,0.0,0.0,0.7978547489518995,0.20178844069027682
2017-04-07,-0.00018984460564375487,0.00047557626415034213,0.0,0.0,5.536169083465886e-06,-0.00018984460564375487,0.00047004009506687627,0.0,0.0,0.7985546024486784,0.20207017154650486
2017-04-10,0.000357239610175601,5.830847565241836e-05,0.0,0.0,1.6564777414415692e-05,0.000357239610175601,4.174369823800267e-05,0.0,0.0,0.7981411223006427,0.20153812520872424
2017-04-11,-0.0013893984515926758,-0.0006987158327156351,0.0,0.0,5.517793471493869e-06,-0.0013893984515926758,-0.0007042336261871289,0.0,0.0,0.7981799014530273,0.20139946170952622
2017-04-12,-0.003537373337142706,-0.00017547421155711954,0.0,0.0,5.548552999565477e-06,-0.003537373337142706,-0.00018102276455668503,0.0,0.0,0.7984621890533308,0.2025221844841399
2017-04-13,-0.0032416216524646635,-0.00012709236904274508,0.0,0.0,5.5740871762375315e-06,-0.0032416216524646635,-0.0001326664562189826,0.0,0.0,0.797891693077305,0.20345418193266984
2017-04-17,0.005523623363092443,-0.00012051950313183685,0.0,0.0,2.2385812817798436e-05,0.005523623363092443,-0.0001429053159496353,0.0,0.0,0.7973405280873374,0.2042705419624108
2017-04-18,-0.0019161644148281516,-5.2155436155142836e-05,0.0,0.0,5.569785662412543e-06,-0.0019161644148281516,-5.772522181755538e-05,0.0,0.0,0.7985672860425624,0.2032971766780578
2017-04-19,-0.00029002602879751947,0.0003071264239558079,1.9996656896362338e-05,4.1539787361118886e-05,2.747321660522233e-06,-0.0003100226856938818,0.0002628393149341668,0.09794959277422803,0.2034742745768564,0.7002772402524885,0.1002772406090615
2017-04-20,0.00584044098029755,-0.00028444422476306646,0.0,0.0,2.7390364749216217e-06,0.00584044098029755,-0.0002871832612379881,0.0,0.0,0.7000202435383811,0.09997483133463918
2017-04-21,-0.001015438986802903,0.0005165661250513606,0.0,0.0,2.7316598561986035e-06,-0.001015438986802903,0.000513834465195162,0.0,0.0,0.7019625058147724,0.09970558475124902
2017-04-24,0.00706245505435487,-0.0007110226086778129,0.0,0.0,8.156613473064658e-06,0.00706245505435487,-0.0007191792221508775,0.0,0.0,0.7012988414978631,0.09923879725561999
2017-04-25,0.0034878574200725623,-2.7256108102499525e-05,0.0,0.0,2.7210906009128363e-06,0.0034878574200725623,-2.997719870341236e-05,0.0,0.0,0.7038962882386556,0.09931980693331852
2017-04-26,4.3413118368071833e-05,-0.00042142332534297053,0.0,0.0,2.712457988769914e-06,4.3413118368071833e-05,-0.0004241357833317405,0.0,0.0,0.7049465250127637,0.09900471659010185
2017-04-27,0.0016330623570404747,0.0002766654324718601,0.0,0.0,2.725041318292695e-06,0.0016330623570404747,0.0002739403911535674,0.0,0.0,0.7052584460061833,0.09946400811768336
2017-04-28,-0.0008879812135105025,-7.835667128493219e-05,0.0,0.0,2.712289100661594e-06,-0.0008879812135105025,-8.106896038559378e-05,0.0,0.0,0.7055460301447604,0.09899855217414817
2017-05-01,0.0019761424891138117,0.00035792627946424916,0.0,0.0,8.151206504417536e-06,0.0019761424891138117,0.0003497750729598316,0.0,0.0,0.705341560292908,0.09917301247041338
2017-05-02,0.001218740080603729,-0.0005772857224143277,0.0,0.0,2.7009803776732226e-06,0.001218740080603729,-0.0005799867027920009,0.0,0.0,0.7056763577483945,0.09858578378507263
2017-05-03,-0.0013611682051616054,0.0004773773703933165,2.614406957259747e-05,8.247555974290084e-06,3.835616438402294e-06,-0.001387312274734203,0.0004652941979806242,0.12965034535615996,0.04090023083214786,0.7400000000247235,0.14000000000168372
2017-05-04,-0.000693442190993797,0.0004734789279107283,0.0,0.0,3.8260653077132756e-06,-0.000693442190993797,0.000469652862603015,0.0,0.0,0.739320498683863,0.13965138373153455
2017-05-05,0.002510696515849716,-0.00015173925716011988,0.0,0.0,3.8139468028845986e-06,0.002510696515849716,-0.00015555320396300448,0.0,0.0,0.738792390345725,0.13920905830528787
2017-05-08,0.00015236371766904824,0.0006252832289035501,0.0,0.0,1.1427398966172939e-05,0.00015236371766904824,0.0006138558299373771,0.0,0.0,0.7395613139792264,0.13903335408843742
2017-05-09,0.0009775903203008344,-0.00023111971084624445,0.0,0.0,3.7890986598960717e-06,0.0009775903203008344,-0.0002349088095061405,0.0,0.0,0.7391473285651878,0.13830210108620658
2017-05-10,0.0006685309095724966,-0.0006677230144808193,0.0,0.0,3.7926140024713544e-06,0.0006685309095724966,-0.0006715156284832906,0.0,0.0,0.7395756497246042,0.13843041109020443
2017-05-11,-0.0008410064579735818,-0.00016674128590987066,0.0,0.0,3.8109191582124855e-06,-0.0008410064579735818,-0.00017055220506808315,0.0,0.0,0.7402463900615757,0.1390985492747557
2017-05-12,-0.00014239498120162977,-0.0006155934636330417,0.0,0.0,3.819350910121304e-06,-0.00014239498120162977,-0.000619412814543163,0.0,0.0,0.7401540928882488,0.1394063082194276
2017-05-15,0.002488275375081225,-0.0003263206733001076,0.0,0.0,1.151742351642395e-05,0.002488275375081225,-0.0003378380968165316,0.0,0.0,0.7405758743814915,0.14012865278315806
2017-05-16,0.0003659480008258301,-0.0003867611931150475,0.0,0.0,3.8398241635372465e-06,0.0003659480008258301,-0.00039060101727858473,0.0,0.0,0.7414696657466491,0.14015358196910951
2017-05-17,-0.010830411074901816,0.0008267523763968955,1.803113019735059e-05,3.2263440968705974e-05,3.829577994540878e-06,-0.010848442205099167,0.0007906593574336486,0.08962761677621038,0.1603723832824388,0.7397795967281678,0.13977959680074206
2017-05-18,0.00228931115957653,0.0007548747589425907,0.0,0.0,3.845605509636315e-06,0.00228931115957653,0.0007510291534329544,0.0,0.0,0.7363552872309654,0.14036460110172552
2017-05-19,0.00397401900106385,-0.0005760332057061347,0.0,0.0,3.813330187894243e-06,0.00397401900106385,-0.000579846535894029,0.0,0.0,0.7364056745315348,0.13918655185813983
2017-05-22,0.003684816309606282,0.0002587135668546659,0.0,0.0,1.1448477651060929e-05,0.003684816309606282,0.000247265089203605,0.0,0.0,0.7378752177856593,0.1392898114212413
2017-05-23,0.0004733361835657898,0.0007156359355670308,0.0,0.0,3.7941522585725984e-06,0.0004733361835657898,0.0007118417833084582,0.0,0.0,0.7386555802281236,0.13848655743789984
2017-05-24,0.002346672468663302,-0.00025619402022262886,0.0,0.0,3.7700775817012217e-06,0.002346672468663302,-0.00025996409780433007,0.0,0.0,0.7382539540913424,0.1376078317320946
2017-05-25,0.003594883175164132,-0.0005487720253565496,0.0,0.0,3.7692313094288085e-06,0.003594883175164132,-0.0005525412566659784,0.0,0.0,0.7390584271535108,0.1375769427941515
2017-05-26,0.000790372230123518,-0.00043819397122800077,0.0,0.0,3.7727880482098985e-06,0.000790372230123518,-0.00044196675927621066,0.0,0.0,0.7404007580659231,0.13770676375966132
2017-05-30,0.0005623944431892748,-0.00031191618076886496,0.0,0.0,1.5133900716155702e-05,0.0005623944431892748,-0.00032705008148502067,0.0,0.0,0.740932985190475,0.13809684403492078
2017-05-31,0.0004956845158845418,6.588326319106057e-05,0.0,0.0,3.791128607084941e-06,0.0004956845158845418,6.209213458397562e-05,0.0,0.0,0.7413209139363558,0.13837619415860034
2017-06-01,0.003980670813380631,-0.000540088021264371,8.356555067666479e-07,2.8154582530560957e-07,3.825715736703113e-06,0.003979835157873864,-0.0005441952828263798,0.004171414365977045,0.00140541681452551,0.7396386244832113,0.13963862438966362
2017-06-02,0.003970467526466718,-0.0002508691030545511,0.0,0.0,3.827363227073325e-06,0.003970467526466718,-0.0002546964662816244,0.0,0.0,0.74107323454167,0.13969875778817634
2017-06-05,-0.00080491534611654,5.83971369268898e-05,0.0,0.0,1.1460125855553076e-05,-0.00080491534611654,4.693701107133672e-05,0.0,0.0,0.7422855389441343,0.13943153124256247
2017-06-06,-0.0023112144980515434,0.00015506060640304296,0.0,0.0,3.821338522102012e-06,-0.0023112144980515434,0.00015123926788094093,0.0,0.0,0.7420430761734275,0.13947885605672344
2017-06-07,0.000810313697124913,-3.6085176409456613e-05,0.0,0.0,3.825352953937313e-06,0.000810313697124913,-3.991052936339393e-05,0.0,0.0,0.7413331228580542,0.13962538281871192
2017-06-08,-0.0006003142737780801,-0.00010519695515227787,0.0,0.0,3.823396032492396e-06,-0.0006003142737780801,-0.00010902035118477027,0.0,0.0,0.7415721270393842,0.13955395518597247
2017-06-09,-0.005330449835662107,0.0004280535694671097,0.0,0.0,3.82899417900268e-06,-0.005330449835662107,0.00042422457528810704,0.0,0.0,0.7414977828172917,0.1397582875335978
2017-06-12,-0.0008839021625966877,0.00012182368245473247,0.0,0.0,1.1508262178449275e-05,-0.0008839021625966877,0.00011031542027628319,0.0,0.0,0.7397969434330485,0.1400171898377995
2017-06-13,0.0033409264992231027,-0.00021424570185177056,0.0,0.0,3.83571701751272e-06,0.0033409264992231027,-0.00021808141886928327,0.0,0.0,0.739485097137741,0.14000367113921428
2017-06-14,-0.0004438562214124033,-0.00019489128688781078,0.0,0.0,3.829627429590847e-06,-0.0004438562214124033,-0.00019872091431740162,0.0,0.0,0.7405135146508013,0.1397814011800659
2017-06-15,-0.0025943986220230285,0.0005342568108544164,4.0487962642272204e-05,9.877597617006417e-06,3.823973675424052e-06,-0.002634886584665301,0.0005205552395619859,0.20097047684343353,0.0490295231868436,0.7395750391936953,0.13957503915297792
2017-06-16,0.00013879985536616865,-0.00015511773395405506,0.0,0.0,3.817407767423636e-06,0.00013879985536616865,-0.0001589351417214787,0.0,0.0,0.7385421634174661,0.13933538351096272
2017-06-19,0.004731478985598207,-0.00037380765910099024,0.0,0.0,1.146520356021846e-05,0.004731478985598207,-0.0003852728626612087,0.0,0.0,0.7386958371250426,0.13949330998265794
2017-06-20,-0.0049783010901828725,0.00047504164857463166,0.0,0.0,3.815393339906301e-06,-0.0049783010901828725,0.0004712262552347254,0.0,0.0,0.7402102099638355,0.13926185690658
2017-06-21,5.041367718996306e-06,7.472378488643278e-05,0.0,0.0,3.81959369484107e-06,5.041367718996306e-06,7.090419119159172e-05,0.0,0.0,0.7385606570250127,0.13941516986169905
2017-06-22,0.00022324032491366966,0.0002746580838505072,0.0,0.0,3.8172565641746085e-06,0.00022324032491366966,0.0002708408272863326,0.0,0.0,0.7385096118674979,0.1393298645923732
2017-06-23,0.001635701366773732,0.0002588350461821752,0.0,0.0,3.807850298102314e-06,0.001635701366773732,0.00025502719588407286,0.0,0.0,0.7383680384612209,0.13898653588073445
2017-06-26,0.0005549670418946875,-0.00047680186334029444,0.0,0.0,1.1380758855090065e-05,0.0005549670418946875,-0.0004881826221953845,0.0,0.0,0.7386072340340207,0.1384658994035958
2017-06-27,-0.005330945428455688,0.0005243251264291531,0.0,0.0,3.8063951418883734e-06,-0.005330945428455688,0.0005205187312872648,0.0,0.0,0.7391128398538133,0.13893342267892564
2017-06-28,0.00548699996894674,-0.0006101060981160386,0.0,0.0,3.810359525116843e-06,0.00548699996894674,-0.0006139164576411555,0.0,0.0,0.7373287603788743,0.13907812266676478
2017-06-29,-0.0062783219788133905,0.00031226250290682984,3.671837979641008e-05,1.4044524127376421e-05,4.6532481181086955e-06,-0.006315040358609801,0.0002935647306613447,0.18083273886405107,0.06916726113944793,0.7698435562861126,0.16984355631096737
2017-06-30,0.0016584829937973486,-0.00022440252952991648,0.0,0.0,4.6728303148974475e-06,0.0016584829937973486,-0.00022907535984481394,0.0,0.0,0.768190876950469,0.17055830649375686
2017-07-03,-0.000662626218081643,-0.0007615418724290089,0.0,0.0,1.4016899125600875e-05,-0.000662626218081643,-0.0007755587715546098,0.0,0.0,0.7687505021079483,0.1705389393614773
2017-07-05,0.00046367107869636445,-0.00021103200448316085,0.0,0.0,9.399846456923413e-06,0.00046367107869636445,-0.00022043185094008426,0.0,0.0,0.7691941193263984,0.17154719783885228
2017-07-06,-0.005360186239943977,0.00047554138207811015,0.0,0.0,4.704560593528967e-06,-0.005360186239943977,0.0004708368214845812,0.0,0.0,0.7694706249644971,0.17171646166380727
2017-07-07,0.0023651941701154605,-0.00030938795026861195,0.0,0.0,4.714583307666747e-06,0.0023651941701154605,-0.0003141025335762787,0.0,0.0,0.7678647980282481,0.17208229072983627
2017-07-10,0.00083837279146458,-0.00030959784060923787,0.0,0.0,1.4140176272306346e-05,0.00083837279146458,-0.0003237380168815442,0.0,0.0,0.7686534136103101,0.17203881131306054
2017-07-11,0.0004464714391261991,0.0003901551186016628,0.0,0.0,4.719445432651824e-06,0.0004464714391261991,0.00038543567316901093,0.0,0.0,0.7690959828640008,0.17225975829179155
2017-07-12,0.005362704411157864,-0.00035811125302187487,0.0,0.0,4.7048422595822965e-06,0.005362704411157864,-0.00036281609528145717,0.0,0.0,0.768902798596311,0.1717267424747538
2017-07-13,0.0004868386093734425,-0.00017777189673817023,0.0,0.0,4.691198060418626e-06,0.0004868386093734425,-0.00018246309479858885,0.0,0.0,0.7704135214432117,0.17122872920527984
2017-07-14,0.003016281920069012,-1.4931838456295695e-05,1.115827971796946e-05,2.358781694261831e-05,3.5667432777815415e-06,0.0030051236403510423,-4.208639867669554e-05,0.05556651519773472,0.11746369707085097,0.7301861298338131,0.13018612963902626
2017-07-17,-8.209145520093578e-05,0.00014167231176159424,0.0,0.0,1.0669841968622485e-05,-8.209145520093578e-05,0.00013100246979297174,0.0,0.0,0.7310363239011465,0.12981641061824023
2017-07-18,0.0013550625047189602,0.00012634622796044756,0.0,0.0,3.5525587970867163e-06,0.0013550625047189602,0.00012279366916336085,0.0,0.0,0.7309184824813832,0.12966839609366515
2017-07-19,0.0025478174776989828,-0.0005084634047313916,0.0,0.0,3.543859941301023e-06,0.0025478174776989828,-0.0005120072646726927,0.0,0.0,0.7311929469751158,0.12935088785748736
2017-07-20,0.0005333823105226403,0.00034050982599923647,0.0,0.0,3.5505621748027913e-06,0.0005333823105226403,0.00033695926382443366,0.0,0.0,0.7322500423381338,0.1295955193803019
2017-07-21,-0.0001236734311771068,0.0001662819365386692,0.0,0.0,3.5381537361810153e-06,-0.0001236734311771068,0.0001627437828024882,0.0,0.0,0.7321462073658854,0.12914261137060706
2017-07-24,-0.0012343923850295945,-0.0004623457947808077,0.0,0.0,1.0600380039484913e-05,-0.0012343923850295945,-0.0004729461748202926,0.0,0.0,0.7319939346742931,0.12897129048039976
2017-07-25,0.0005540584638708546,-0.0002725539504807805,0.0,0.0,3.5521918152960623e-06,0.0005540584638708546,-0.00027610614229607654,0.0,0.0,0.7320093300446185,0.12965500125830626
2017-07-26,0.0016101239585835357,0.00012574514541052986,0.0,0.0,3.558669906253922e-06,0.0016101239585835357,0.00012218647550427594,0.0,0.0,0.7323598273942372,0.12989145157826815
2017-07-27,0.000490692150779625,0.0003687024296166957,0.0,0.0,3.549076731124216e-06,0.000490692150779625,0.00036515335288557146,0.0,0.0,0.7327006863088643,0.12954130068603387
2017-07-28,0.0003163931786919643,-4.147676825225536e-05,4.010806996515305e-05,1.0362110428988443e-05,4.942192488876258e-06,0.0002762851087268113,-5.678107117012006e-05,0.1986721151710362,0.05132788484590775,0.7803900258661348,0.1803900258439834
2017-07-31,0.00041002898184545265,0.00010025939023683837,0.0,0.0,1.4826731988538908e-05,0.00041002898184545265,8.543265824829946e-05,0.0,0.0,0.7805350884414591,0.1803919058605567
2017-08-01,0.0012391449477008691,-0.0008778085909270773,0.0,0.0,4.937051044162839e-06,0.0012391449477008691,-0.0008827456419712402,0.0,0.0,0.7805583806878199,0.18020236311194363
2017-08-02,0.00015868072058776512,-0.00011070576175207596,0.0,0.0,4.959333091728423e-06,0.00015868072058776512,-0.00011566509484380438,0.0,0.0,0.7815189928090688,0.18101565784808749
2017-08-03,0.0007199738979594872,-9.685626507793674e-05,0.0,0.0,4.96215267619457e-06,0.0007199738979594872,-0.00010181841775413132,0.0,0.0,0.7816440506217102,0.1811185726811018
2017-08-04,-0.0002700069608680266,-0.0003593386982857881,0.0,0.0,4.9617391462534685e-06,-0.0002700069608680266,-0.00036430043743204156,0.0,0.0,0.7818807006796777,0.1811034788382516
2017-08-07,0.0009580958819813502,-0.00019026048248152366,0.0,0.0,1.4924218668606088e-05,0.0009580958819813502,-0.00020518470115012976,0.0,0.0,0.7821067898418672,0.18157799380137407
2017-08-08,-0.002318898343822953,0.0003673735120667402,0.0,0.0,4.976205531377738e-06,-0.002318898343822953,0.00036239730653536245,0.0,0.0,0.7824757509822047,0.18163150189528743
2017-08-09,-0.001049621322979552,0.0001027231813595791,0.0,0.0,4.9758758098332355e-06,-0.001049621322979552,9.774730554974586e-05,0.0,0.0,0.7816862225436217,0.1816194670589131
2017-08-10,-0.007288615954123653,0.0014100147588722615,0.0,0.0,4.9777997143093775e-06,-0.007288615954123653,0.0014050369591579522,0.0,0.0,0.7813803768991419,0.18168968957229228
2017-08-11,0.0005761716124888711,-0.00015169632980078737,3.3284077940233466e-05,1.176633426673052e-05,3.3676832031919124e-06,0.0005428875345486377,-0.0001668303472707098,0.16527342528721645,0.058426205191227855,0.7229204369991706,0.1229204369165048
2017-08-14,0.004938627909828393,-0.0011566032493780204,0.0,0.0,1.0111715217882818e-05,0.004938627909828393,-0.0011667149645959033,0.0,0.0,0.7232246347897303,0.12302586848424096
2017-08-15,-0.0007214607203037971,-0.00021216892577580903,0.0,0.0,3.38947469606757e-06,-0.0007214607203037971,-0.0002155584004718766,0.0,0.0,0.725427015150292,0.12371582640646629
2017-08-16,0.0018305608253872984,-0.00010394130331327223,0.0,0.0,3.398471976572568e-06,0.0018305608253872984,-0.0001073397752898448,0.0,0.0,0.7253852542831802,0.12404422714489874
2017-08-17,-0.007384688350636067,0.0011890128395692938,0.0,0.0,3.3954685406484687e-06,-0.007384688350636067,0.0011856173710286452,0.0,0.0,0.7259648172538454,0.12393460173366909
2017-08-18,-0.00018505417201716335,0.00011915945246409698,0.0,0.0,3.3838696948377345e-06,-0.00018505417201716335,0.00011577558276925925,0.0,0.0,0.7230624443182265,0.1235112438615773
2017-08-21,0.0006478459085601756,0.00041241989582174965,0.0,0.0,1.0142517816239144e-05,0.0006478459085601756,0.0004022773780055105,0.0,0.0,0.722927473541705,0.1234006334309096
2017-08-22,0.004774117938056826,-0.0010555782511307275,0.0,0.0,3.366005376223445e-06,0.004774117938056826,-0.001058944256506951,0.0,0.0,0.722816273249817,0.12285919623215573
2017-08-23,-0.0020666569449108198,0.00025461851448094376,0.0,0.0,3.382359276144938e-06,-0.0020666569449108198,0.00025123615520479883,0.0,0.0,0.724897271921404,0.12345611357929023
2017-08-24,-0.0008823653784201401,-3.556359534065931e-05,0.0,0.0,3.381522312339808e-06,-0.0008823653784201401,-3.894511765299912e-05,0.0,0.0,0.7241452433059575,0.12342556440040298
2017-08-25,0.0019144317265874639,0.0004943397895738509,1.3750388446840732e-05,7.0983918133547e-06,2.42139880278704e-06,0.0019006813381406231,0.00048481999895770914,0.06838175378311344,0.03530085590770448,0.688381056344876,0.08838105630172696
2017-08-28,0.0005710945693110913,2.592647691674844e-05,0.0,0.0,7.206374923708773e-06,0.0005710945693110913,1.8720101993039665e-05,0.0,0.0,0.6886527061202173,0.08767756157179007
2017-08-29,0.00034150431940036555,-0.0002124698957325079,0.0,0.0,2.399999105450005e-06,0.00034150431940036555,-0.0002148698948379579,0.0,0.0,0.6888175260068382,0.08759996734892517
2017-08-30,0.0015499747972028898,-0.0007608929333636893,0.0,0.0,2.405515577402851e-06,0.0015499747972028898,-0.0007632984489410921,0.0,0.0,0.6890717701191472,0.08780131857520407
2017-08-31,0.0044989713174645885,-0.000272424309630499,0.0,0.0,2.4244546979705178e-06,0.0044989713174645885,-0.0002748487643284695,0.0,0.0,0.6900788761860195,0.08849259647592389
2017-09-01,-6.417440049307649e-05,-4.897497868468744e-05,0.0,0.0,2.4216888671261156e-06,-6.417440049307649e-05,-5.139666755181356e-05,0.0,0.0,0.6916562069208132,0.08839164365010321
2017-09-05,-0.0029829299108475385,0.0006171605616952858,0.0,0.0,9.693242847884955e-06,-0.0029829299108475385,0.0006074673188474008,0.0,0.0,0.6916719697886055,0.08845084098695022
2017-09-06,0.0018175630579011794,-7.693353335780015e-05,0.0,0.0,2.4121321330807376e-06,0.0018175630579011794,-7.934566549088089e-05,0.0,0.0,0.6903288903329208,0.08804282285744691
2017-09-07,0.002768840218882889,0.00025775853176340373,0.0,0.0,2.4100507090588606e-06,0.002768840218882889,0.00025534848105434487,0.0,0.0,0.6909454400097905,0.0879668508806484
2017-09-08,0.000713634103829358,0.0004591808845147844,0.0,0.0,2.3957436506002104e-06,0.000713634103829358,0.00045678514086418417,0.0,0.0,0.69162268272695,0.08744464324690768
2017-09-11,0.00416442293802278,-0.0005067072656517893,1.5695674159728203e-05,1.4734989139156028e-05,1.3158421913140384e-05,0.004148727263863052,-0.0005346006767040858,0.07798349671139444,0.07321036136339525,0.760094133366222,0.16009413327654134
2017-09-12,0.0015308740875640292,4.57767758471085e-05,0.0,0.0,4.384178054085129e-06,0.0015308740875640292,4.139259779302337e-05,0.0,0.0,0.7615063758649405,0.1600224989741072
2017-09-13,-0.00110401757419023,-0.00021702314914712233,0.0,0.0,4.376043588295195e-06,-0.00110401757419023,-0.00022139919273541752,0.0,0.0,0.7618394351889656,0.1597255909727746
2017-09-14,0.0007892219484643226,0.0002640871600068501,0.0,0.0,4.387805098445338e-06,0.0007892219484643226,0.00025969935490840476,0.0,0.0,0.761745047272553,0.16015488609325482
2017-09-15,0.0005019223670135552,7.238771253906842e-05,0.0,0.0,4.375979775378094e-06,0.0005019223670135552,6.801173276369033e-05,0.0,0.0,0.7617352688699693,0.15972326180130042
2017-09-18,0.0006805910145707829,-4.420523635593172e-05,0.0,0.0,1.3114515241692778e-05,0.0006805910145707829,-5.73197515976245e-05,0.0,0.0,0.7618030137221493,0.15955993544059546
2017-09-19,0.0004951448835780761,0.00016067552538082992,0.0,0.0,4.369992492190384e-06,0.0004951448835780761,0.00015630553288863955,0.0,0.0,0.7620086666326715,0.15950472596494902
2017-09-20,0.0003576330525321106,-8.107151225462576e-05,0.0,0.0,4.362748308799162e-06,0.0003576330525321106,-8.543426056342492e-05,0.0,0.0,0.7620074014772064,0.15924031327116941
2017-09-21,-0.0010752099350782333,0.0005433902661382457,0.0,0.0,4.363781630033096e-06,-0.0010752099350782333,0.0005390264845082126,0.0,0.0,0.7621575761582184,0.159278029496208
2017-09-22,0.0010205615566388146,-0.00010004490652234022,0.0,0.0,4.351227281539394e-06,0.0010205615566388146,-0.00010439613380387962,0.0,0.0,0.7614906649154316,0.15881979577618788
2017-09-25,-0.0005371062771442627,7.866471326763353e-05,3.15291802002929e-05,1.887993879823405e-05,9.158999227906638e-06,-0.0005686354573445556,5.0625775241492845e-05,0.15636645149821998,0.09363354884679181,0.7114344901748956,0.11143449060619742
2017-09-26,-7.175386486521752e-05,-0.00033929617258514485,0.0,0.0,3.0524257310943824e-06,-7.175386486521752e-05,-0.00034234859831623924,0.0,0.0,0.7112658264824183,0.11141353918494497
2017-09-27,0.0005520671823600815,-0.0010489928044223953,0.0,0.0,3.0629899083103922e-06,0.0005520671823600815,-0.0010520557943307057,0.0,0.0,0.7114887018415115,0.11179913165332929
2017-09-28,0.0003896019995133015,9.693217977992435e-05,0.0,0.0,3.0932760399923543e-06,0.0003896019995133015,9.383890373993199e-05,0.0,0.0,0.7123969593907693,0.11290457545972094
2017-09-29,0.0016254098228763027,-0.00029064979905122365,0.0,0.0,3.0891269535093315e-06,0.0016254098228763027,-0.000293738926004733,0.0,0.0,0.7124421377197077,0.1127531338030906
2017-10-02,0.0010112271525393346,-0.0006194234238832749,0.0,0.0,9.27891342614336e-06,0.0010112271525393346,-0.0006287023373094182,0.0,0.0,0.7131179091768952,0.11289344668474423
2017-10-03,0.0018962168180447227,-0.00011432323962725984,0.0,0.0,3.108752471846824e-06,0.0018962168180447227,-0.00011743199209910666,0.0,0.0,0.7138560686686665,0.11346946522240908
2017-10-04,2.7783993102226863e-05,0.00010246446784482145,0.0,0.0,3.1063590710187888e-06,2.7783993102226863e-05,9.935810877380266e-05,0.0,0.0,0.7144813768551403,0.11338210609218582
2017-10-05,0.0010309251082509297,-0.0007150116033100382,0.0,0.0,3.103157283384949e-06,0.0010309251082509297,-0.0007181147605934232,0.0,0.0,0.7144183282003765,0.11326524084355064
2017-10-06,-0.0005107388637672304,6.408506641287708e-05,0.0,0.0,3.121770120383081e-06,-0.0005107388637672304,6.0963296292494e-05,0.0,0.0,0.7152255233640105,0.11394460939398243
2017-10-09,-0.00039783274907525883,0.00019098322753341803,1.8034571077411502e-05,3.2470304233775954e-05,1.615158243496377e-05,-0.0004158673201526703,0.0001423613408646783,0.08927143653222264,0.16072856355414555,0.7965109197129789,0.19651091962539252
2017-10-10,0.0024768093191810886,0.0002814022577348267,0.0,0.0,5.38009988394932e-06,0.0024768093191810886,0.00027602215785087734,0.0,0.0,0.7963308882233245,0.19637364576415015
2017-10-11,0.0010385965527638472,0.00024974995554202366,0.0,0.0,5.357641548754409e-06,0.0010385965527638472,0.0002443923139932693,0.0,0.0,0.7966147513798391,0.1955539165295359
2017-10-12,0.00024755558547903775,-0.0002307118790899638,0.0,0.0,5.343942865018606e-06,0.00024755558547903775,-0.00023605582195498242,0.0,0.0,0.7966312788709011,0.1950539145731791
2017-10-13,0.002136442509500718,-0.00032809469430612596,0.0,0.0,5.350202212358083e-06,0.002136442509500718,-0.00033344489651848403,0.0,0.0,0.796869670643608,0.19528238075107002
2017-10-16,0.0005832581959451004,-0.0003318836644083943,0.0,0.0,1.60486376688689e-05,0.0005832581959451004,-0.0003479323020772632,0.0,0.0,0.7975680997730273,0.1952584249712383
2017-10-17,-0.00010630126696675835,-0.0001304552786559689,0.0,0.0,5.3573778630230406e-06,-0.00010630126696675835,-0.00013581265651899194,0.0,0.0,0.7979635764770638,0.19554429200034096
2017-10-18,0.0002812640617515532,0.00022451675181961038,0.0,0.0,5.36225025569461e-06,0.0002812640617515532,0.00021915450156391578,0.0,0.0,0.7980504943464231,0.19572213433285326
2017-10-19,0.0002488942882189449,0.00017598369741927597,0.0,0.0,5.3534201609833575e-06,0.0002488942882189449,0.00017063027725829262,0.0,0.0,0.7979324581938225,0.19539983587589255
2017-10-20,0.0014020046899757752,-0.0004084684827459996,0.0,0.0,5.346355762243144e-06,0.0014020046899757752,-0.00041381483850824274,0.0,0.0,0.7978466362186643,0.19514198532187474
2017-10-23,-0.001175735540705524,-5.30169501037576e-05,1.9386319702539057e-05,2.110139675527733e-05,1.643835616086577e-05,-0.001195121860408063,-9.05567030199007e-05,0.09574138712092185,0.10421147626460386,0.8000000002658353,0.19999999995720022
2017-10-24,0.0015496070909987144,-0.0007346253879761701,0.0,0.0,5.48796032575061e-06,0.0015496070909987144,-0.0007401133483019208,0.0,0.0,0.7998526180901098,0.20031055188989724
2017-10-25,-0.0033888148490192715,0.0004808724812519296,0.0,0.0,5.503631893129266e-06,-0.0033888148490192715,0.00047536884935880035,0.0,0.0,0.800754019812631,0.20088256409921823
2017-10-26,0.00027731523411525554,-0.0014833582126893333,0.0,0.0,5.506500195568726e-06,0.00027731523411525554,-0.001488864712884902,0.0,0.0,0.7996950733760875,0.2009872571382585
2017-10-27,0.0026288902421885392,-0.0009447649217839949,0.0,0.0,5.553868933612984e-06,0.0026288902421885392,-0.0009503187907176078,0.0,0.0,0.8009427704062126,0.20271621607687393
2017-10-30,-0.0005000480296124531,0.0009808766432476733,0.0,0.0,1.6711207755959707e-05,-0.0005000480296124531,0.0009641654354917137,0.0,0.0,0.8022250685506777,0.2033196943641764
2017-10-31,0.0007260114383180114,-0.0005195697257324098,0.0,0.0,5.540957597761825e-06,0.0007260114383180114,-0.0005251106833301716,0.0,0.0,0.8013530985997499,0.20224495231830658
2017-11-01,0.000650876534788336,-0.0006612542948162069,0.0,0.0,5.554076566592703e-06,0.000650876534788336,-0.0006668083713827997,0.0,0.0,0.8019180041056048,0.20272379468063365
2017-11-02,0.0012841962874486654,-0.00039169517934514806,0.0,0.0,5.572281899299742e-06,0.0012841962874486654,-0.00039726746124444783,0.0,0.0,0.8025816672403693,0.20338828932444059
2017-11-03,-0.0001461662014661919,-2.812063011129541e-05,0.0,0.0,5.578065926611544e-06,-0.0001461662014661919,-3.369869603790695e-05,0.0,0.0,0.8031535235159443,0.2035994063213213
2017-11-06,0.00032754674052009187,-0.0002624815625975305,1.7975377372314074e-06,1.8716296672444215e-05,1.643835616474038e-05,0.00032574920278286045,-0.0002976362154347151,0.0088542346214837,0.09219193486216186,0.7999999999913013,0.20000000000434132
2017-11-07,-5.243174174643042e-05,0.0021406532033116208,0.0,0.0,5.48648908900272e-06,-5.243174174643042e-05,0.002135166714222618,0.0,0.0,0.800305047766139,0.20025685174859928
2017-11-08,0.0004981623985952821,-0.00029583492956572043,0.0,0.0,5.4165597975144875e-06,0.0004981623985952821,-0.00030125148936323493,0.0,0.0,0.7985893660231287,0.19770443260927878
2017-11-09,-0.0038401865563892786,0.0012165702433967456,0.0,0.0,5.423596898681304e-06,-0.0038401865563892786,0.0012111466464980643,0.0,0.0,0.7989302103475915,0.1979612868018676
2017-11-10,-0.0008811993698484848,0.00041810541234319165,0.0,0.0,5.404474786988386e-06,-0.0008811993698484848,0.00041270093755620325,0.0,0.0,0.7971858572254487,0.1972633297250761
2017-11-13,-0.0010488234337261819,0.0011555365175773956,0.0,0.0,1.618664294939926e-05,-0.0010488234337261819,0.0011393498746279963,0.0,0.0,0.7966779002028871,0.19693748921769097
2017-11-14,-0.00165265276301524,0.0011386464201325192,0.0,0.0,5.363403585233913e-06,-0.00165265276301524,0.0011332830165472851,0.0,0.0,0.795557057820182,0.1957642308610378
2017-11-15,-0.0020585197909495003,0.0007434950622341307,0.0,0.0,5.334978619394482e-06,-0.0020585197909495003,0.0007381600836147362,0.0,0.0,0.794316949249714,0.1947267196078986
2017-11-16,0.005379942592437275,-0.0020644489602295577,0.0,0.0,5.3216353645745526e-06,0.005379942592437275,-0.0020697705955941325,0.0,0.0,0.7933058785764284,0.19423969080697118
2017-11-17,-0.0016457029405039598,-0.0006426819195760477,0.0,0.0,5.3604515933057e-06,-0.0016457029405039598,-0.0006480423711693533,0.0,0.0,0.7960507562474696,0.19565648315565803
2017-11-20,0.0010325764752955032,-0.00040568491052389805,4.991338952008574e-05,6.573261597592008e-07,1.643835616912149e-05,0.0009826630857754173,-0.00042278059285277874,0.24675046050454943,0.0032495395360196966,0.7999999999156879,0.20000000005764482
2017-11-21,0.003515440427194507,-0.0008042369281292525,0.0,0.0,5.4874943594348175e-06,0.003515440427194507,-0.0008097244224886873,0.0,0.0,0.8005843432330992,0.20029354411937084
2017-11-22,0.00035518161663374015,0.0009964434276260037,0.0,0.0,5.494661254978681e-06,0.00035518161663374015,0.000990948766371025,0.0,0.0,0.8019299888547956,0.20055513580672185
2017-11-24,0.0018287569275474609,-0.0005275833337838639,0.0,0.0,1.0920023095215863e-05,0.0018287569275474609,-0.0005385033568790797,0.0,0.0,0.801206641867746,0.1992904214876895
2017-11-27,-0.0013613013288294527,0.0002972165685415498,0.0,0.0,1.6402234614780792e-05,-0.0013613013288294527,0.00028081433392676905,0.0,0.0,0.8020006146385777,0.1995605211464996
2017-11-28,0.0046897942518260545,-0.000912535614342468,0.0,0.0,5.465173667646971e-06,0.0046897942518260545,-0.0009180007880101149,0.0,0.0,0.8015053293945044,0.19947883886911444
2017-11-29,8.78654034008048e-06,0.0011335764775662095,0.0,0.0,5.469544650619125e-06,8.78654034008048e-06,0.0011281069329155903,0.0,0.0,0.8031657483264318,0.19963837974759807
2017-11-30,0.0036883868319685757,0.001026087029176763,0.0,0.0,5.432311800991555e-06,0.0036883868319685757,0.0010206547173757714,0.0,0.0,0.8022624479258869,0.19827938073619172
2017-12-01,-0.0023978717428641957,0.001570581414848412,0.0,0.0,5.37887050290274e-06,-0.0023978717428641957,0.0015652025443455093,0.0,0.0,0.8021733670426741,0.19632877335595
2017-12-04,0.0006998836916272521,-0.0006578792610741331,0.0,0.0,1.6020862704203508e-05,0.0006998836916272521,-0.0006739001237783366,0.0,0.0,0.8004419986973259,0.19492049623447602
2017-12-05,-0.0004686782925841556,-0.00010465652318299146,2.7218202970998992e-05,3.3441052885972464e-05,1.862806325276843e-06,-0.0004958964955551546,-0.00013996038239424077,0.13312873567578826,0.1635657245674983,0.6679924306987373,0.06799243087260477
2017-12-06,-0.0003279618258866141,0.0007089805782576968,0.0,0.0,1.8668606834876257e-06,-0.0003279618258866141,0.0007071137175742092,0.0,0.0,0.6679484720362132,0.06814041494729833
2017-12-07,0.0012838985866255631,-0.0009679330143740562,0.0,0.0,1.846736364469871e-06,0.0012838985866255631,-0.0009697797507385261,0.0,0.0,0.6673674765691346,0.06740587730315029
2017-12-08,0.0010800956428647615,-0.0008187520969033457,0.0,0.0,1.872666837265522e-06,0.0010800956428647615,-0.0008206247637406112,0.0,0.0,0.6684414051197252,0.06835233956019154
2017-12-11,0.0007830554503686242,-0.0003664783925857767,0.0,0.0,5.683820418811877e-06,0.0007830554503686242,-0.00037216221300458857,0.0,0.0,0.6693478244941287,0.06915314842887782
2017-12-12,0.0005266444457633268,0.0007611828145480662,0.0,0.0,1.9038650249134944e-06,0.0005266444457633268,0.0007592789495231527,0.0,0.0,0.6698556407916858,0.06949107340934256
2017-12-13,0.0015424109287561604,-0.0004909506379564146,0.0,0.0,1.880592403458641e-06,0.0015424109287561604,-0.0004928312303598732,0.0,0.0,0.6695213320928675,0.06864162272624037
2017-12-14,-0.0024105769658891267,-0.00011384897036391738,0.0,0.0,1.8920572410000481e-06,-0.0024105769658891267,-0.00011574102760491743,0.0,0.0,0.6703601466211162,0.06906008929650176
2017-12-15,0.0017176235461008754,-0.0003009357018587753,0.0,0.0,1.899976335276053e-06,0.0017176235461008754,-0.00030283567819405137,0.0,0.0,0.6696412965117915,0.06934913623757592
2017-12-18,0.003846531979760574,-0.0004937808420671249,0.0,0.0,5.716575705123249e-06,0.003846531979760574,-0.0004994974177722481,0.0,0.0,0.6704104315128698,0.06955167107899952
2017-12-19,-0.0025681463927448808,2.6120069510693466e-05,4.543538639601166e-05,5.136106211825576e-06,2.60827706223622e-06,-0.0026135817791408922,1.837568623663167e-05,0.22460967660203762,0.025390323418337312,0.6952021127904787,0.09520211277162202
2017-12-20,-0.00030949823371758636,-0.00019717956679188393,0.0,0.0,2.614346211109494e-06,-0.00030949823371758636,-0.00019979391300299341,0.0,0.0,0.6944361713808345,0.09542363670549653
2017-12-21,0.0007747001785322886,5.233490110320978e-05,0.0,0.0,2.621083288156159e-06,0.0007747001785322886,4.971381781505362e-05,0.0,0.0,0.6944803665438493,0.0956695400176998
2017-12-22,0.0013082635579600504,-0.0006620728854210149,0.0,0.0,2.6174915585730127e-06,0.0013082635579600504,-0.000664690376979588,0.0,0.0,0.6946823608610722,0.09553844188791498
2017-12-26,-0.000617314789786837,-0.00015319198240643957,0.0,0.0,1.0535741646175715e-05,-0.000617314789786837,-0.0001637277240526153,0.0,0.0,0.6955429916034174,0.09613864252135339
2017-12-27,0.00046916212630711447,0.00025316132438448375,0.0,0.0,2.6401945563511213e-06,0.00046916212630711447,0.00025052112982813264,0.0,0.0,0.6954688675662515,0.0963671013068159
2017-12-28,0.0006720503485265316,0.00015079598949972435,0.0,0.0,2.631364880410442e-06,0.0006720503485265316,0.0001481646246193139,0.0,0.0,0.6954375349429722,0.09604481813498114
2017-12-29,-0.0007238511862637241,-0.0005521305415554114,0.0,0.0,2.62508035322642e-06,-0.0007238511862637241,-0.0005547556219086377,0.0,0.0,0.6955390937124276,0.09581543289276434
2018-01-02,0.004908858317641583,-0.0003507184210157851,0.0,0.0,1.057434930452725e-05,0.004908858317641583,-0.00036129277032031235,0.0,0.0,0.6957047753884535,0.09649093740381118
2018-01-03,0.004012656914571007,-0.0004642367555931859,0.0,0.0,2.6411850876863983e-06,0.004012656914571007,-0.0004668779406808723,0.0,0.0,0.697441970629206,0.09640325570055351
2018-01-04,0.004545005824133338,1.1926304434095575e-05,2.401997372222666e-05,2.6483499623016594e-05,4.42308999944222e-06,0.004520985850411112,-1.898028518836324e-05,0.11890258300295832,0.1310974170309224,0.7614427850257599,0.161442784979641
2018-01-05,0.0038345574714753606,-0.0005161640761769467,0.0,0.0,4.402941185654367e-06,0.0038345574714753606,-0.0005205670173626011,0.0,0.0,0.7625547650538338,0.1607073532763844
2018-01-08,0.0010969700675657302,-0.00016224713364196167,0.0,0.0,1.3207478543763453e-05,0.0010969700675657302,-0.00017545461218572512,0.0,0.0,0.763857904720766,0.16069098894912204
2018-01-09,-7.571694061311382e-05,0.0007767764900454119,0.0,0.0,4.402880652300957e-06,-7.571694061311382e-05,0.0007723736093931109,0.0,0.0,0.7642506060430794,0.16070514380898493
2018-01-10,-0.0009132809704700995,0.0003361517656893788,0.0,0.0,4.37854875943564e-06,-0.0009132809704700995,0.00033177321692994313,0.0,0.0,0.7636428921890562,0.15981702971940087
2018-01-11,0.005292820340603942,-0.00043839738716671875,0.0,0.0,4.371881404954032e-06,0.005292820340603942,-0.0004427692685716728,0.0,0.0,0.7631734024694179,0.15957367128082217
2018-01-12,0.00392202494896674,0.0003645625486286098,0.0,0.0,4.362732815305804e-06,0.00392202494896674,0.00036019981581330397,0.0,0.0,0.7647571117602844,0.15923974775866184
2018-01-16,-0.002564818430758471,0.0006693177208545262,0.0,0.0,1.733673938635873e-05,-0.002564818430758471,0.0006519809814681675,0.0,0.0,0.7654015153850693,0.1581977469005234
2018-01-17,0.004343972770464764,-0.0009262249755646786,0.0,0.0,4.32411871099101e-06,0.004343972770464764,-0.0009305490942756697,0.0,0.0,0.764298676084368,0.15783033295117185
2018-01-18,-0.0013991124480696867,0.0011104469102493446,0.0,0.0,4.33469857497385e-06,-0.0013991124480696867,0.0011061122116743708,0.0,0.0,0.7660278711827168,0.15821649798654552
2018-01-19,0.002542559524242509,-0.0009591943237977509,3.265489937333294e-05,1.5161537670649595e-05,3.7301027409102884e-06,0.0025099046248691762,-0.0009780859642093108,0.16206985440004068,0.07524837772948598,0.7361487500826227,0.13614875004322552
2018-01-22,0.00316173848254335,-0.0002352546000847725,0.0,0.0,1.1251910226305352e-05,0.00316173848254335,-0.00024650651031107786,0.0,0.0,0.7375614991390997,0.1368982410867151
2018-01-23,0.0019236961508760715,-0.0007483810891415081,0.0,0.0,3.7461611448683014e-06,0.0019236961508760715,-0.0007521272502863764,0.0,0.0,0.7385701343522436,0.136734881787693
2018-01-24,0.00012893744924942241,0.00043458555363464624,0.0,0.0,3.7622569930625315e-06,0.00012893744924942241,0.0004308232966415837,0.0,0.0,0.7396273061532035,0.1373223802467824
2018-01-25,-0.00013177647790423767,0.00043353577168515857,0.0,0.0,3.748252414970704e-06,-0.00013177647790423767,0.0004297875192701879,0.0,0.0,0.7393423887554544,0.1368112131464307
2018-01-26,0.005436243639381906,-0.0008776127763529204,0.0,0.0,3.7352615734045026e-06,0.005436243639381906,-0.0008813480379263248,0.0,0.0,0.7389903849833617,0.13633704742926434
2018-01-29,-0.004942191182701722,0.000775880278602599,0.0,0.0,1.1226780464219044e-05,-0.004942191182701722,0.00076465349813838,0.0,0.0,0.7410512176908304,0.13659249564799836
2018-01-30,-0.00504777492564535,0.0011891754880292299,0.0,0.0,3.7366130024356675e-06,-0.00504777492564535,0.001185438875026794,0.0,0.0,0.7391970500409931,0.13638637458890185
2018-01-31,0.0005516024026819356,-0.0003762402030409879,0.0,0.0,3.7183945413662446e-06,0.0005516024026819356,-0.00037995859758235416,0.0,0.0,0.7369958005650243,0.13572140075986794
2018-02-01,-0.0011318193386112459,0.0013615263359380873,0.0,0.0,3.7280625932853295e-06,-0.0011318193386112459,0.001357798273344802,0.0,0.0,0.7374208292506139,0.13607428465491453
2018-02-02,-0.011655049701259471,0.0002329879393739523,4.2967067946554345e-05,7.721681863461243e-06,2.6465347366050053e-06,-0.011698016769206026,0.00022261972277388606,0.2119161951021705,0.03808380507437832,0.6440652921411644,0.0965985178860827
2018-02-05,-0.01925855704148384,0.00036859210299235867,0.0,0.0,8.012399987317135e-06,-0.01925855704148384,0.00036057970300504153,0.0,0.0,0.6397516465956994,0.09748419984569182
2018-02-06,0.010817324959460877,-0.0005166672609485787,0.0,0.0,2.711951989227225e-06,0.010817324959460877,-0.0005193792129378059,0.0,0.0,0.6324450212333165,0.0989862476067937
2018-02-07,-0.00415061877363487,0.0010422909634398964,0.0,0.0,2.6983201026268687e-06,-0.00415061877363487,0.0010395926433372695,0.0,0.0,0.6367055866054068,0.09848868374588071
2018-02-08,-0.01553319906738451,0.0011143386885922293,0.0,0.0,2.678095811870466e-06,-0.01553319906738451,0.0011116605927803589,0.0,0.0,0.6345290041440957,0.09775049713327201
2018-02-09,0.005445447378652885,-6.607707846366597e-06,0.0,0.0,2.6863066596322183e-06,0.005445447378652885,-9.294014505998815e-06,0.0,0.0,0.628053299905399,0.09805019307657598
2018-02-12,0.007121104760226521,-0.00011673674785513878,0.0,0.0,8.015887484456449e-06,0.007121104760226521,-0.00012475263533959523,0.0,0.0,0.6300735707229066,0.0975266310608868
2018-02-13,-0.0002863606567254719,0.00028914594024252217,0.0,0.0,2.6565744317131045e-06,-0.0002863606567254719,0.00028648936581080907,0.0,0.0,0.632767610467082,0.0969649667575283
2018-02-14,0.007037388309510499,-0.00024878459760088023,0.0,0.0,2.648652284225504e-06,0.007037388309510499,-0.00025143324988510573,0.0,0.0,0.6324811684042838,0.0966758083742309
2018-02-15,0.005221071222891834,-0.0005186977828660825,0.0,0.0,2.6375698699937312e-06,0.005221071222891834,-0.0005213353527360763,0.0,0.0,0.6352080633424408,0.0962713002547712
2018-02-16,1.0967919405358018e-05,-0.0003425217979558762,0.00010907403818965346,9.50250381389741e-06,1.3566074973241602e-06,-9.810611878429544e-05,-0.00035338090926709774,0.5374333661097924,0.04682106481007193,0.1,0.049516173652331845
2018-02-20,0.0,-0.00032126411528714537,0.0,0.0,5.46643464902279e-06,0.0,-0.0003267305499361682,0.0,0.0,0.1000561419695815,0.04988121617233295
2018-02-21,-1.0976459860181587e-05,-0.0001928185376819882,0.0,0.0,1.3758599543184162e-06,-1.0976459860181587e-05,-0.0001941943976363066,0.0,0.0,0.10008884405264129,0.0502188883326222
2018-02-22,1.0978712372008713e-05,0.00017142942803982807,0.0,0.0,1.3814260823548212e-06,1.0978712372008713e-05,0.00017004800195747326,0.0,0.0,0.10009840486834197,0.05042205200595098
2018-02-23,2.1901624684564235e-05,-0.00010712888726327267,0.0,0.0,1.3764802060071628e-06,2.1901624684564235e-05,-0.00010850536746927984,0.0,0.0,0.10009126438798874,0.05024152751926145
2018-02-26,-2.1903521611515984e-05,6.428485448418587e-05,0.0,0.0,4.1386041506524785e-06,-2.1903521611515984e-05,6.0146250333533386e-05,0.0,0.0,0.10012183693848664,0.05035301716627182
2018-02-27,2.190268399311372e-05,-0.00032139243162891175,0.0,0.0,1.3777208001913655e-06,2.190268399311372e-05,-0.0003227701524291031,0.0,0.0,0.10009610546866755,0.05028680920698484
2018-02-28,1.0918347088427335e-05,-0.00015002599197046505,0.0,0.0,1.386943358427902e-06,1.0918347088427335e-05,-0.00015141293532889294,0.0,0.0,0.10014813946985153,0.05062343258261842
2018-03-01,9.820633965064001e-06,0.0001714823688805964,0.0,0.0,1.3912491225503904e-06,9.820633965064001e-06,0.00017009111975804602,0.0,0.0,0.10017313159981683,0.05078059297308925
2018-03-02,1.0969758972182361e-05,0.0002143144034230916,0.0,0.0,1.3863015635122908e-06,1.0969758972182361e-05,0.00021292810185957932,0.0,0.0,0.10016493138531482,0.050600007068198616
2018-03-05,0.0,0.0,3.1501603417707815e-08,1.0339496222222244e-05,9.305404340920139e-17,-3.1501603417707815e-08,-1.0339496222315297e-05,0.00015347699503294454,0.050374413940121265,0.1,1.1321575281452835e-12
2018-03-06,0.0,2.710403736621212e-16,0.0,0.0,3.1018336160830677e-17,0.0,2.400220375012905e-16,0.0,0.0,0.10000103711053845,1.1321692698703196e-12
2018-03-07,0.0,0.0,0.0,0.0,3.1010910397168694e-17,0.0,-3.1010910397168694e-17,0.0,0.0,0.10000103711053843,1.1318982294966572e-12
2018-03-08,-1.0950610491547862e-05,-2.7104037366230055e-16,0.0,0.0,3.1010910397168694e-17,-1.0950610491547862e-05,-3.0205128405946926e-16,0.0,0.0,0.10000103711053843,1.1318982294966572e-12
2018-03-09,2.189111041065084e-05,5.433415137903287e-16,0.0,0.0,3.101867583426771e-17,2.189111041065084e-05,5.12322837956061e-16,0.0,0.0,0.09999118146452772,1.1321816679507713e-12
2018-03-12,1.097119105080369e-05,-5.433296197016903e-16,0.0,0.0,9.300933321860747e-17,1.097119105080369e-05,-6.363389529202978e-16,0.0,0.0,0.10001088322565137,1.1316135541597242e-12
2018-03-13,0.0,-2.7166182939704864e-16,0.0,0.0,3.101765651523913e-17,0.0,-3.0267948591228777e-16,0.0,0.0,0.10002075706986738,1.132144462806228e-12
2018-03-14,0.0,1.357681752460241e-16,0.0,0.0,3.102509930508563e-17,0.0,1.0474307594093846e-16,0.0,0.0,0.1000207570698674,1.1324161246356254e-12
2018-03-15,-1.0971070685090441e-05,-1.3576817524596362e-16,0.0,0.0,3.102137962905149e-17,-1.0971070685090441e-05,-1.6678955487501512e-16,0.0,0.0,0.1000207570698674,1.1322803564603794e-12
2018-03-16,2.192168174113574e-05,5.427022182931839e-16,0.0,0.0,3.1025439687377483e-17,2.192168174113574e-05,5.116767786058064e-16,0.0,0.0,0.10001088322565148,1.132428548589278e-12
2018-03-19,-1.6589853310643883e-13,0.0001790539203373794,6.185494461263085e-09,5.050895590617597e-05,2.054542914565063e-05,-6.185660359796192e-09,0.0001079995352855528,3.0612081299910554e-05,0.24996938793761747,0.10000000001314949,0.24996938793874932
2018-03-20,-1.0945717462609598e-05,0.00041673568300054696,0.0,0.0,6.842831814696394e-06,-1.0945717462609598e-05,0.00040989285118585056,0.0,0.0,0.09998920184415008,0.24976336123641837
2018-03-21,2.1810314173808683e-05,-0.00022631394659193926,0.0,0.0,6.828690112376358e-06,2.1810314173808683e-05,-0.0002331426367043156,0.0,0.0,0.0999383859940462,0.24924718910173707
2018-03-22,1.0933321168206445e-05,-0.0007187799082567422,0.0,0.0,6.836335233077171e-06,1.0933321168206445e-05,-0.0007256162434898193,0.0,0.0,0.09998132559396744,0.2495262360073167
2018-03-23,1.0951491823028175e-05,-0.00023017966430735932,0.0,0.0,6.860931223680171e-06,1.0951491823028175e-05,-0.0002370405955310395,0.0,0.0,0.10006377278468793,0.2504239896643262
2018-03-26,-1.0953968315483338e-05,0.00046048996913045434,0.0,0.0,2.0606371423604765e-05,-1.0953968315483338e-05,0.0004398835977068496,0.0,0.0,0.1000973551978312,0.25071085232052454
2018-03-27,2.1877846106022587e-05,-0.0009688648285810922,0.0,0.0,6.8532347555532665e-06,2.1877846106022587e-05,-0.0009757180633366455,0.0,0.0,0.10004348961259316,0.25014306857769425
2018-03-28,1.099080270679391e-05,9.498228923128269e-05,0.0,0.0,6.886347472601394e-06,1.099080270679391e-05,8.80959417586813e-05,0.0,0.0,0.10016090495804239,0.25135168274995096
2018-03-29,2.1844775303008855e-05,-0.00034540728054499944,0.0,0.0,6.88306319777769e-06,2.1844775303008855e-05,-0.00035229034374277714,0.0,0.0,0.10016197103711987,0.2512318067188857
2018-04-02,-5.501854180209167e-06,-0.00031314621065528406,0.0,0.0,2.7579219074497416e-05,-5.501854180209167e-06,-0.0003407254297297815,0.0,0.0,0.1002169320535026,0.2516603740547889
2018-04-03,-1.0918454973617391e-05,0.0005868859961818019,4.927661840906313e-08,3.802871593412539e-07,6.853732744821946e-06,-1.0967731592026455e-05,0.0005796519762776386,0.0002461381396741715,0.001899545402348787,0.10000000000778148,0.250161245186001
2018-04-04,2.1845166082863565e-05,0.00016907069871257272,0.0,0.0,6.83376742056948e-06,2.1845166082863565e-05,0.00016223693129200324,0.0,0.0,0.09993225165575526,0.24943251085078602
2018-04-05,1.0930904453913862e-05,0.00040173317120704126,0.0,0.0,6.827878456445266e-06,1.0930904453913862e-05,0.000394905292750596,0.0,0.0,0.09993570044849694,0.24921756366025216
2018-04-06,-1.6195370134688313e-13,-0.0008417604800680126,0.0,0.0,6.81410665705997e-06,-1.6195370134688313e-13,-0.0008485745867250725,0.0,0.0,0.09990608584699312,0.2487148929826889
2018-04-09,1.0935749864926083e-05,-1.3378056862905612e-05,0.0,0.0,2.052892608903745e-05,1.0935749864926083e-05,-3.390698295194306e-05,0.0,0.0,0.09999093561371201,0.24976860074995566
2018-04-10,-1.0936000934585085e-05,0.0003199332718580321,0.0,0.0,6.843499088731016e-06,-1.0936000934585085e-05,0.0003130897727693011,0.0,0.0,0.1000041685826431,0.24978771673868205
2018-04-11,2.189639543777009e-05,-0.00017788639759799008,0.0,0.0,6.832669276817928e-06,2.189639543777009e-05,-0.000184719066874808,0.0,0.0,0.09996302837564082,0.24939242860385438
2018-04-12,5.711819439620515e-14,0.0006315722021158211,0.0,0.0,6.8386563650505165e-06,5.711819439620515e-14,0.0006247335457507706,0.0,0.0,0.10000120723478749,0.2496109573243439
2018-04-13,-3.867059907670545e-14,-7.525641636187614e-05,0.0,0.0,6.817094149647128e-06,-3.867059907670545e-14,-8.207351051152327e-05,0.0,0.0,0.0999387721313673,0.24882393646212017
2018-04-16,2.1815778580210462e-05,5.4408093153765156e-05,0.0,0.0,2.0459147061842672e-05,2.1815778580210462e-05,3.3948946091922484e-05,0.0,0.0,0.09994697513044645,0.2489196225857525
2018-04-17,8.099523409429111e-14,-0.00013899814445738408,7.356833318113386e-09,9.66563420062483e-16,6.817844859449598e-06,-7.356752322879292e-09,-0.00014581598931780025,3.678352633976479e-05,4.832732982190086e-12,0.10000000001151131,0.24885133736991027
2018-04-18,-1.0933554245903425e-05,0.0007531999867270904,0.0,0.0,6.822647929140982e-06,-1.0933554245903425e-05,0.0007463773387979494,0.0,0.0,0.10001458447295597,0.2490266494136458
2018-04-19,2.1871691477775542e-05,0.0004732074754937111,0.0,0.0,6.7970134917402494e-06,2.1871691477775542e-05,0.00046641046200197086,0.0,0.0,0.09993015790518937,0.2480909924485191
2018-04-20,-7.390344262441547e-14,0.0005894303686069652,0.0,0.0,6.780737990022608e-06,-7.390344262441547e-14,0.0005826496306169426,0.0,0.0,0.09990324862328977,0.24749693663582523
2018-04-23,-2.3782465974032603e-14,0.0001430215702335821,0.0,0.0,2.0281950367513176e-05,-2.3782465974032603e-14,0.00012273961986606892,0.0,0.0,0.09984507392778029,0.24676372947141034
2018-04-24,1.088154580230651e-05,0.0001848354567400744,0.0,0.0,6.755902506414582e-06,1.088154580230651e-05,0.00017807955423365982,0.0,0.0,0.09983282048532237,0.24659044148413223
2018-04-25,1.0941364005454136e-05,0.00033980085492246785,0.0,0.0,6.749563116427175e-06,1.0941364005454136e-05,0.00033305129180604065,0.0,0.0,0.09982483901973262,0.2463590537495919
2018-04-26,1.08757490356288e-05,-0.00045365020956662777,0.0,0.0,6.737935703566189e-06,1.08757490356288e-05,-0.000460388145270194,0.0,0.0,0.09980144941809889,0.24593465318016583
2018-04-27,1.0932206952788954e-05,-0.00029748475475860375,0.0,0.0,6.753400213543749e-06,1.0932206952788954e-05,-0.0003042381549721475,0.0,0.0,0.09985721222188168,0.24649910779434683
2018-04-30,-1.0935414452888297e-05,-0.0001691636106885024,0.0,0.0,2.0290602796881452e-05,-1.0935414452888297e-05,-0.00018945421348538386,0.0,0.0,0.09989744494362837,0.24686900069539097
2018-05-01,7.622174798177069e-06,0.0,1.889579595080378e-08,4.995084549683822e-05,0.0,7.603279002226265e-06,-4.995084549683822e-05,9.34702566324908e-05,0.24708767811396487,0.1000000000047313,0.0
2018-05-02,1.0968959909533002e-05,0.0,0.0,0.0,0.0,1.0968959909533002e-05,0.0,0.0,0.0,0.1000118574383126,0.0
2018-05-03,2.0228855745346277e-15,0.0,0.0,0.0,0.0,2.0228855745346277e-15,0.0,0.0,0.0,0.10002172926388377,0.0
2018-05-04,2.1906693859500326e-05,0.0,0.0,0.0,0.0,2.1906693859500326e-05,0.0,0.0,0.0,0.1000217292638856,0.0
2018-05-07,5.040809558694955e-15,0.0,0.0,0.0,0.0,5.040809558694955e-15,0.0,0.0,0.0,0.10004144438044978,0.0
2018-05-08,1.0927286355259004e-05,0.0,0.0,0.0,0.0,1.0927286355259004e-05,0.0,0.0,0.0,0.10004144438045431,0.0
2018-05-09,1.0815480577953126e-14,0.0,0.0,0.0,0.0,1.0815480577953126e-14,0.0,0.0,0.0,0.10005127837784052,0.0
2018-05-10,6.28075202854044e-14,0.0,0.0,0.0,0.0,6.28075202854044e-14,0.0,0.0,0.0,0.10005127837785024,0.0
2018-05-11,6.7267292636681784e-15,0.0,0.0,0.0,0.0,6.7267292636681784e-15,0.0,0.0,0.0,0.10005127837790677,0.0
2018-05-14,1.0441597508873422e-14,0.0,0.0,0.0,0.0,1.0441597508873422e-14,0.0,0.0,0.0,0.10005127837791283,0.0
2018-05-15,-0.000972857756568485,1.581071731707946e-14,4.128425577987217e-05,4.54037023815958e-16,6.027750597014255e-17,-0.0010141420123483571,1.5296402787293362e-14,0.2000512784101255,2.200128967910203e-12,0.3000000000419517,2.200128967910203e-12
2018-05-16,0.0005305878325685842,3.3618142592295634e-15,0.0,0.0,5.990508789907929e-17,0.0005305878325685842,3.3019091713304843e-15,0.0,0.0,0.29933070613005097,2.186535708316394e-12
2018-05-17,0.0006962106232298043,3.8101527413455026e-15,0.0,0.0,5.978126418743281e-17,0.0006962106232298043,3.750371477158069e-15,0.0,0.0,0.2997022755818018,2.1820161428412977e-12
2018-05-18,-0.0007305481827628444,-3.4813237844414404e-15,0.0,0.0,5.96353576715633e-17,-0.0007305481827628444,-3.5409591421130038e-15,0.0,0.0,0.30018949109235,2.1766905550120606e-12
2018-05-21,0.0014137928361481148,-9.156727136628334e-15,0.0,0.0,1.7932321346387471e-16,0.0014137928361481148,-9.336050350092209e-15,0.0,0.0,0.2996778720344172,2.1817657638104757e-12
2018-05-22,-4.369523218350054e-05,-8.599905566735373e-16,0.0,0.0,5.994053023234134e-17,-4.369523218350054e-05,-9.199310869058786e-16,0.0,0.0,0.30066658460718143,2.187829353480459e-12
2018-05-23,-0.0024429137724948755,-1.0708014055073906e-14,0.0,0.0,5.996671187685448e-17,-0.0024429137724948755,-1.0767980766950761e-14,0.0,0.0,0.30063602573594533,2.188784983505189e-12
2018-05-24,-0.0008827053425454551,-3.641873327880628e-16,0.0,0.0,6.040765281195776e-17,-0.0008827053425454551,-4.2459498560002057e-16,0.0,0.0,0.29892335594661607,2.2048793276364587e-12
2018-05-25,-0.0015283806748613105,-5.534087110029701e-15,0.0,0.0,6.047100862948904e-17,-0.0015283806748613105,-5.59455811865919e-15,0.0,0.0,0.2983039651077739,2.20719181497635e-12
2018-05-29,-0.0036593472733634025,-1.2112679813758922e-14,0.0,0.0,2.428616949388955e-16,-0.0036593472733634025,-1.2355541508697818e-14,0.0,0.0,0.29722986481428804,2.216112966317421e-12
2018-05-30,0.002722035827830235,-2.306668199419546e-16,5.084842152322193e-05,4.582072531260621e-16,4.493199248217014e-19,0.0026711874063070134,-6.893233929928384e-16,0.24999999999837583,2.2528096221916493e-12,0.35010837497341296,1.6400177255992102e-14
2018-05-31,-0.0012690221008888347,2.662018524080774e-16,0.0,0.0,4.544257074972523e-19,-0.0012690221008888347,2.657474267005802e-16,0.0,0.0,0.35189044547489123,1.6586538323649706e-14
2018-06-01,0.0017358251720767555,0.0,0.0,0.0,4.477006480784082e-19,0.0017358251720767555,-4.477006480784082e-19,0.0,0.0,0.35106693507350184,1.63410736548619e-14
2018-06-04,0.0011201887326432445,-1.346835199181237e-16,0.0,0.0,1.340774593944974e-18,0.0011201887326432445,-1.3602429451206866e-16,0.0,0.0,0.3521914175176621,1.6312757559663848e-14
2018-06-05,5.921634617252938e-05,7.547293123298217e-17,0.0,0.0,4.501106152584806e-19,5.921634617252938e-05,7.502282061772369e-17,0.0,0.0,0.3529162734172569,1.6429037456934542e-14
2018-06-06,0.0018519236862691664,-1.9687561808414353e-17,0.0,0.0,4.48016333827536e-19,0.0018519236862691664,-2.013557814224189e-17,0.0,0.0,0.35295458908229915,1.6352596184705067e-14
2018-06-07,-0.00036820375031067134,-1.0152213877035492e-16,0.0,0.0,4.477265636543578e-19,-0.00036820375031067134,-1.0196986533400927e-16,0.0,0.0,0.354150652786166,1.634201957338406e-14
2018-06-08,0.0005697871844564196,-2.0312221007633172e-16,0.0,0.0,4.506739319457293e-19,0.0005697871844564196,-2.0357288400827744e-16,0.0,0.0,0.35391276104175373,1.644959851601912e-14
2018-06-11,0.0010932476186987037,-1.3752106575173499e-16,0.0,0.0,1.3679373388430337e-18,0.0010932476186987037,-1.38889003090578e-16,0.0,0.0,0.3542806836329757,1.6643237622590244e-14
2018-06-12,-0.0011060752907058643,-3.2706980071921066e-17,0.0,0.0,4.592447451551914e-19,-0.0011060752907058643,-3.316622481707626e-17,0.0,0.0,0.35498584382324294,1.6762433198164488e-14
2018-06-13,-0.00035207076321596743,3.1524195896252876e-15,2.0785022785034257e-05,2.45951460493263e-15,3.33414918071388e-16,-0.0003728557860010017,3.594900666212696e-16,0.10298609808035857,1.2186458247043422e-11,0.4524295543871033,1.2169644509605664e-11
2018-06-14,0.0013164627029737712,1.2214369436506258e-14,0.0,0.0,3.3345288024715697e-16,0.0013164627029737712,1.1880916556259101e-14,0.0,0.0,0.4522461062012808,1.2171030129021233e-11
2018-06-15,-0.0017287471514127173,2.590373677332986e-14,0.0,0.0,3.3268027880955097e-16,-0.0017287471514127173,2.5571056494520308e-14,0.0,0.0,0.4529662557228844,1.214283017654861e-11
2018-06-18,-0.0008504408872280609,3.451650222519288e-14,0.0,0.0,9.976364232982076e-16,-0.0008504408872280609,3.351886580189467e-14,0.0,0.0,0.45201893501775664,1.213790981679486e-11
2018-06-19,-0.0017467506856632233,5.221161911067766e-14,0.0,0.0,3.318820629135533e-16,-0.0017467506856632233,5.1879737047764107e-14,0.0,0.0,0.45155251285017184,1.2113695296344695e-11
2018-06-20,0.0011455066830379623,-6.486367852813376e-15,0.0,0.0,3.310298341852736e-16,0.0011455066830379623,-6.81739768699865e-15,0.0,0.0,0.45059283550886525,1.2082588947762485e-11
2018-06-21,-0.002335553832065774,5.283735499476129e-14,0.0,0.0,3.308285765481962e-16,-0.002335553832065774,5.2506526418213097e-14,0.0,0.0,0.4512214649882322,1.207524304400916e-11
2018-06-22,0.0016804406066367608,-2.7871020837865337e-14,0.0,0.0,3.301520657034171e-16,0.0016804406066367608,-2.8201172903568756e-14,0.0,0.0,0.4499367626864223,1.2050550398174723e-11
2018-06-25,-0.006134288603941115,1.1245164103199839e-13,0.0,0.0,9.910815123284644e-16,-0.006134288603941115,1.1146055951966993e-13,0.0,0.0,0.4508595605795834,1.2058158399996316e-11
2018-06-26,0.001851165732655297,-1.131254529475426e-15,0.0,0.0,3.292996563611604e-16,0.001851165732655297,-1.4605541858365865e-15,0.0,0.0,0.4474701832211293,1.2019437457182355e-11
2018-06-27,-0.0020251375642234676,2.931075970083117e-14,5.1726627734488304e-05,2.452429891902253e-15,9.580982017940115e-17,-0.002076864191957956,2.6762519988749517e-14,0.24999999999315775,1.1852840593163176e-11,0.40590255568537975,3.497058436548142e-12
2018-06-28,0.00109987215037051,-1.3138134001074643e-14,0.0,0.0,9.520451250999188e-17,0.00109987215037051,-1.3233338513584635e-14,0.0,0.0,0.40471796236502355,3.474964706614704e-12
2018-06-29,-0.00034978982908327695,-3.3663700545391663e-15,0.0,0.0,9.545946817619874e-17,-0.00034978982908327695,-3.461829522715365e-15,0.0,0.0,0.40537197716717277,3.4842705884312535e-12
2018-07-02,0.00065587675846939,-1.178344840184679e-14,0.0,0.0,2.867553965994506e-16,0.00065587675846939,-1.2070203798446241e-14,0.0,0.0,0.40516390955276405,3.4888573252933157e-12
2018-07-03,-4.7537273646264396e-05,1.4608701425756887e-14,0.0,0.0,9.584510382659539e-17,-4.7537273646264396e-05,1.4512856321930292e-14,0.0,0.0,0.40555379300409783,3.498346289670732e-12
2018-07-05,0.0016615355053916743,-3.028011914817031e-14,0.0,0.0,1.9089880567149958e-16,0.0016615355053916743,-3.0471017953841806e-14,0.0,0.0,0.4055255333086931,3.483903203504866e-12
2018-07-06,0.001150220837848737,-3.5317083088875855e-14,0.0,0.0,9.611928952887675e-17,0.001150220837848737,-3.541320237840473e-14,0.0,0.0,0.40651163529869355,3.5083540678040012e-12
2018-07-09,0.001769710419635917,-2.444365117753029e-14,0.0,0.0,2.9092601337629327e-16,0.001769710419635917,-2.4734577190906584e-14,0.0,0.0,0.4071934936950722,3.539599829411568e-12
2018-07-10,-0.000217915700023211,-6.777937010430822e-15,0.0,0.0,9.747252871576061e-17,-0.000217915700023211,-6.875409539146582e-15,0.0,0.0,0.40824073623009194,3.5577472981252617e-12
2018-07-11,-0.001303755887577025,1.8945747245397815e-14,0.0,0.0,9.767951151928729e-17,-0.001303755887577025,1.8848067733878528e-14,0.0,0.0,0.4081117544887386,3.565302170453986e-12
2018-07-12,0.0027113213650646877,-1.526067912837683e-14,5.107324605050562e-05,4.564723042009348e-16,5.547952107690142e-17,0.0026602481190141822,-1.5772630953654663e-14,0.24999999999646316,2.2344002951323955e-12,0.45592676137727306,2.0250025193069018e-12
2018-07-13,6.613633665234148e-05,-1.1111913091941928e-15,0.0,0.0,5.574931486493426e-17,6.613633665234148e-05,-1.166940624059127e-15,0.0,0.0,0.4574212287788888,2.0348499925701005e-12
2018-07-16,-0.0005477108864567944,5.966358838975762e-15,0.0,0.0,1.673282089125834e-16,-0.0005477108864567944,5.799030630063179e-15,0.0,0.0,0.4574571105780725,2.0358265417697648e-12
2018-07-17,0.0007471413958037829,-4.8864638626142285e-15,0.0,0.0,5.564308407443175e-17,0.0007471413958037829,-4.94210694668866e-15,0.0,0.0,0.45715979108604116,2.0309725687167587e-12
2018-07-18,0.0004025581197354346,-3.5522271176714446e-17,0.0,0.0,5.573531763368302e-17,0.0004025581197354346,-9.125758881039746e-17,0.0,0.0,0.4575650666792574,2.03433909362943e-12
2018-07-19,-0.0001305591143282014,4.2568593080103536e-15,0.0,0.0,5.571386277874857e-17,-0.0001305591143282014,4.201145445231605e-15,0.0,0.0,0.4577833403982359,2.0335559914243227e-12
2018-07-20,-0.0005289932104304941,1.9422762069383854e-15,0.0,0.0,5.560449617010974e-17,-0.0005289932104304941,1.8866717107682756e-15,0.0,0.0,0.4577125398277227,2.0295641102090054e-12
2018-07-23,2.351951497563793e-05,-1.6262427258118634e-15,0.0,0.0,1.6674205478490701e-16,2.351951497563793e-05,-1.7929847805967702e-15,0.0,0.0,0.457425521612502,2.0286949998830355e-12
2018-07-24,-0.000316691491936753,-8.677516016344584e-15,0.0,0.0,5.562393127564553e-17,-0.000316691491936753,-8.73313994762023e-15,0.0,0.0,0.4574382824009451,2.0302734915610618e-12
2018-07-25,0.0020992020717182547,-1.4937523793110788e-14,0.0,0.0,5.58793679608854e-17,0.0020992020717182547,-1.4993403161071674e-14,0.0,0.0,0.4572664032884823,2.039596930572317e-12
2018-07-26,-0.0010841903882198617,-1.260011212006118e-06,5.143252313157802e-05,2.7314360505781426e-07,3.618262224043429e-08,-0.0011356229113514398,-1.5693374393043666e-06,0.2486793343049886,0.0013206657138260822,0.6013206657224806,0.0013206657117758517
2018-07-27,-0.0046136678143084715,-1.720185324994376e-06,0.0,0.0,3.625837583951618e-08,-0.0046136678143084715,-1.7564437008338922e-06,0.0,0.0,0.6009198367147175,0.0013234307181423407
2018-07-30,-0.003863056300755641,1.8437030855350964e-06,0.0,0.0,1.0942153944123936e-07,-0.003863056300755641,1.734281546093857e-06,0.0,0.0,0.599071136355417,0.001331295396535079
2018-07-31,0.002457017776832813,-4.1637597863167135e-06,0.0,0.0,3.6564521458942065e-08,0.002457017776832813,-4.200324307775656e-06,0.0,0.0,0.5975152789581165,0.0013346050332513854
2018-08-01,0.0002749839245304231,4.709148149741411e-06,0.0,0.0,3.658885129649819e-08,0.0002749839245304231,4.672559298444913e-06,0.0,0.0,0.5985042750038091,0.001335493072322184
2018-08-02,0.0037658144543674344,-1.6196624844493882e-06,0.0,0.0,3.6449640160766843e-08,0.0037658144543674344,-1.6561121246101552e-06,0.0,0.0,0.5986118532422835,0.0013304118658679898
2018-08-03,0.0008547276247533506,-4.1482685526024446e-06,0.0,0.0,3.635716036691392e-08,0.0008547276247533506,-4.184625712969359e-06,0.0,0.0,0.6001187257886376,0.0013270363533923579
2018-08-06,0.002297940656756233,-1.2666749842430427e-06,0.0,0.0,1.0931945378433251e-07,0.002297940656756233,-1.3759944380273752e-06,0.0,0.0,0.6004627340387696,0.0013300533543760455
2018-08-07,0.0013041573973996373,4.135598793958589e-06,0.0,0.0,3.639094718899413e-08,0.0013041573973996373,4.099207846769595e-06,0.0,0.0,0.6013795676318621,0.0013282695723982859
2018-08-08,0.0001142145542050188,2.0656842618696394e-06,0.0,0.0,3.6230244655566985e-08,0.0001142145542050188,2.0294540172140725e-06,0.0,0.0,0.6018962902318927,0.001322403929928195
2018-08-09,0.001137705007236723,-1.6031105981433951e-06,3.9794873305215023e-07,3.239003386217092e-07,8.128428115293047e-09,0.001137307058503671,-1.9351393648803975e-06,0.0019865132871718866,0.0016168724083038565,0.6002966875908213,0.00029668762620819626
2018-08-10,-0.0018523972257363476,4.3035892057033e-06,0.0,0.0,8.16308082086068e-09,-0.0018523972257363476,4.29542612488244e-06,0.0,0.0,0.6007523152889215,0.0002979524499614148
2018-08-13,-0.001545840184371356,2.95802026972385e-06,0.0,0.0,2.418021029199492e-08,-0.001545840184371356,2.933840059431855e-06,0.0,0.0,0.6000087953977424,0.00029419255855260486
2018-08-14,0.0035749364843614614,-2.4604663724743126e-06,0.0,0.0,7.991358363625237e-09,0.0035749364843614614,-2.468457730837938e-06,0.0,0.0,0.5993877543823104,0.00029168458027232114
2018-08-15,-0.004096881757659539,4.6531790756869016e-06,0.0,0.0,8.030081192914339e-09,-0.004096881757659539,4.645148994493987e-06,0.0,0.0,0.6008162938669535,0.00029309796354137335
2018-08-16,0.0025656908252290936,-1.7583768950368592e-06,0.0,0.0,7.935069014590131e-09,0.0025656908252290936,-1.7663119640514493e-06,0.0,0.0,0.59917136309622,0.0002896300190325398
2018-08-17,0.000510691755887719,-2.1547624095430964e-06,0.0,0.0,7.962827635074724e-09,0.000510691755887719,-2.1627252371781713e-06,0.0,0.0,0.6001981910665563,0.0002906432086802274
2018-08-20,0.0008126508817475996,-2.0535595788060813e-06,0.0,0.0,2.4053354835694155e-08,0.0008126508817475996,-2.0776129336417753e-06,0.0,0.0,0.6004035601819855,0.00029264915050094555
2018-08-21,0.001765914573779572,-1.151003886116487e-06,0.0,0.0,8.067507545537674e-09,0.001765914573779572,-1.1590713936620246e-06,0.0,0.0,0.6007292759708371,0.00029446402541212513
2018-08-22,0.00031878462072517787,1.4986548735709271e-06,0.0,0.0,8.084774248740951e-09,0.00031878462072517787,1.4905700993221862e-06,0.0,0.0,0.6014338069245257,0.0002950942600790447
2018-08-23,0.00034669397944821586,0.0,6.747869497211025e-07,5.875742009729656e-08,0.0,0.0003460191924984948,-5.875742009729656e-08,0.003370656024748556,0.00029350160392327,0.6000000000264276,0.0
2018-08-24,0.00225922018613103,0.0,0.0,0.0,0.0,0.00225922018613103,0.0,0.0,0.0,0.6001390696322382,0.0
2018-08-27,0.002120998141881866,0.0,0.0,0.0,0.0,0.002120998141881866,0.0,0.0,0.0,0.6010404071977478,0.0
2018-08-28,0.0005171518556499201,0.0,0.0,0.0,0.0,0.0005171518556499201,0.0,0.0,0.0,0.6018848087785833,0.0
2018-08-29,0.002717216788028309,0.0,0.0,0.0,0.0,0.002717216788028309,0.0,0.0,0.0,0.6020905883691886,0.0
2018-08-30,-0.00125838027232417,0.0,0.0,0.0,0.0,-0.00125838027232417,0.0,0.0,0.0,0.6031688645923309,0.0
2018-08-31,0.0012906753813796,0.0,0.0,0.0,0.0,0.0012906753813796,0.0,0.0,0.0,0.6026688709379389,0.0
2018-09-04,-0.0003800126072773345,0.0,0.0,0.0,0.0,-0.0003800126072773345,0.0,0.0,0.0,0.6031810354064044,0.0
2018-09-05,-0.003264488076061068,0.0,0.0,0.0,0.0,-0.003264488076061068,0.0,0.0,0.0,0.6030301818708067,0.0
2018-09-06,-0.001966368587223947,0.0,0.0,0.0,0.0,-0.001966368587223947,0.0,0.0,0.0,0.6017300343167805,0.0
2018-09-07,-0.00036339276241261983,0.00028154691057833493,2.5388782259134054e-05,2.5046518414378693e-05,3.4014171365831386e-06,-0.00038878154467175387,0.0002530989750273731,0.12584827453032915,0.12415172548528455,0.7241517255056955,0.12415172548528455
2018-09-10,0.000915731026111615,-0.0003282734820825628,0.0,0.0,1.0182492154484978e-05,0.000915731026111615,-0.0003384559742370478,0.0,0.0,0.7238865515307257,0.12388698787956723
2018-09-11,0.0022409359852763656,-3.380978295935154e-05,0.0,0.0,3.4011944208389262e-06,0.0022409359852763656,-3.721097738019047e-05,0.0,0.0,0.7243841136800354,0.1241435963606208
2018-09-12,-0.0004402797952796469,0.00022915066567774165,0.0,0.0,3.3946398635024688e-06,-0.0004402797952796469,0.00022575602581423917,0.0,0.0,0.7250272888973616,0.1239043550178401
2018-09-13,0.002182519259166832,-0.00037636751825447537,0.0,0.0,3.3890888031780523e-06,0.002182519259166832,-0.0003797566070576534,0.0,0.0,0.7247424835915538,0.1237017413159989
2018-09-14,0.0003470995901465207,-0.0007210982673305035,0.0,0.0,3.393282958249169e-06,0.0003470995901465207,-0.0007244915502887527,0.0,0.0,0.7256168878256091,0.12385482797609468
2018-09-17,-0.004722066420749822,0.0001822744362165031,0.0,0.0,1.0242982844860525e-05,-0.004722066420749822,0.00017203145337164256,0.0,0.0,0.7262380638221912,0.12462295794580305
2018-09-18,0.003164340090026387,-0.0009334336956108207,0.0,0.0,3.4249172882049033e-06,0.003164340090026387,-0.0009368586128990256,0.0,0.0,0.7248139261100848,0.12500948101947898
2018-09-19,-0.0007257208996245808,-0.000778405204669436,0.0,0.0,3.4428219918960547e-06,-0.0007257208996245808,-0.0007818480266613321,0.0,0.0,0.7263603120592789,0.125663002704206
2018-09-20,0.003313517206232531,-0.0005550865297695545,0.0,0.0,3.4693784890906757e-06,0.003313517206232531,-0.0005585559082586451,0.0,0.0,0.7267301870073806,0.12663231485180967
2018-09-21,-0.0007393858997420089,-0.0002448736384452671,2.6021736995510437e-05,4.514949842159693e-06,4.085312462641755e-06,-0.0007654076367375193,-0.00025347390075006854,0.128386493660066,0.022275937205343387,0.7491139049131945,0.14911390488642406
2018-09-24,-0.0009259734387654389,0.0021872543443388452,0.0,0.0,1.2288584600316542e-05,-0.0009259734387654389,0.0021749657597385287,0.0,0.0,0.7491378016886272,0.14951111263718458
2018-09-25,0.00010373874860794055,0.0005370557107390359,0.0,0.0,4.031235108520373e-06,0.00010373874860794055,0.0005330244756305155,0.0,0.0,0.7472784831627631,0.1471400814609936
2018-09-26,-0.0007954630541678589,0.0008639801733578977,0.0,0.0,4.0139653079401656e-06,-0.0007954630541678589,0.0008599662080499576,0.0,0.0,0.7469066192442958,0.14650973373981604
2018-09-27,0.002350301493767414,0.0002585384056036135,0.0,0.0,3.990037248272508e-06,0.002350301493767414,0.000254548368355341,0.0,0.0,0.7460630327715194,0.14563635956194648
2018-09-28,0.0010249211516148878,0.0006932342554578048,0.0,0.0,3.972605962190487e-06,0.0010249211516148878,0.0006892616494956143,0.0,0.0,0.7464688948674123,0.14500011761995277
2018-10-01,-5.3790229886735257e-05,-0.0010603021351340163,0.0,0.0,1.1840542873638824e-05,-5.3790229886735257e-05,-0.0010721426780076551,0.0,0.0,0.7462146676697714,0.14405993829593902
2018-10-02,-0.002465123435807587,-0.00026254176682813846,0.0,0.0,3.980378637405325e-06,-0.002465123435807587,-0.0002665221454655438,0.0,0.0,0.7470019515193617,0.14528382026529438
2018-10-03,0.0005749782628258738,-0.0006191912431523624,0.0,0.0,3.998494031075639e-06,0.0005749782628258738,-0.0006231897371834381,0.0,0.0,0.7465762096878314,0.14594503213426083
2018-10-04,-0.005901666369039094,1.1758441389195611e-05,0.0,0.0,4.015651775216239e-06,-0.005901666369039094,7.742789613979374e-06,0.0,0.0,0.7471872109477183,0.14657128979539272
2018-10-05,-0.00415688462035696,0.0008380785373320338,1.1911111672860805e-05,3.865679833285094e-05,5.479452054737671e-06,-0.004168795732029821,0.0007939422869444452,0.05888671131537322,0.19111328869410693,0.800000000006947,0.199999999997925
2018-10-08,-0.0012315323277276712,-0.00019297391600151984,0.0,0.0,1.6424904642779954e-05,-0.0012315323277276712,-0.0002093988206442998,0.0,0.0,0.7985380643240059,0.1998363398204894
2018-10-09,-0.0001735447889360524,0.0005945737468416409,0.0,0.0,5.48816323621718e-06,-0.0001735447889360524,0.0005890855836054237,0.0,0.0,0.7984570536354989,0.2003179581219271
2018-10-10,-0.01737350949622754,0.003175706579372479,0.0,0.0,5.469600702300532e-06,-0.01737350949622754,0.0031702369786701786,0.0,0.0,0.7979519272685976,0.1996404256339694
2018-10-11,-0.010068910714114492,0.0023684619253521028,0.0,0.0,5.460146998395834e-06,-0.010068910714114492,0.002363001778353707,0.0,0.0,0.7918249229390677,0.19929536544144796
2018-10-12,0.008652480214389049,-0.0005123880216809842,0.0,0.0,5.4371558584930545e-06,0.008652480214389049,-0.0005178251775394772,0.0,0.0,0.787826934841985,0.19845618883499647
2018-10-15,-0.003045079148536258,0.00014688046181953655,0.0,0.0,1.6221624341299115e-05,-0.003045079148536258,0.00013065883747823744,0.0,0.0,0.7900526096161835,0.19736309615247255
2018-10-16,0.012826206429785,-0.001861357832806175,0.0,0.0,5.418977168650214e-06,0.012826206429785,-0.0018667768099748252,0.0,0.0,0.7893079054589958,0.1977926666557328
2018-10-17,-0.0008028062492461514,9.552794336942699e-05,0.0,0.0,5.4106753578782935e-06,-0.0008028062492461514,9.01172680115487e-05,0.0,0.0,0.7934384787235607,0.19748965056255774
2018-10-18,-0.008161818155193228,0.001979662580872209,0.0,0.0,5.411915166256732e-06,-0.008161818155193228,0.001974250665705952,0.0,0.0,0.7932009780712902,0.19753490356837072
2018-10-19,-0.0006331146159745463,-0.00012757813752882008,6.780538674759285e-05,2.5384946128734446e-05,1.9460660521568938e-06,-0.0007009200027221391,-0.00015490914970971143,0.33586608840286925,0.1257413749782686,0.4540609974375964,0.07103141090372661
2018-10-22,0.00022642728580687848,0.00017737841961821112,0.0,0.0,5.8536937925852226e-06,0.00022642728580687848,0.0001715247258256259,0.0,0.0,0.4538162720170621,0.0712199411431202
2018-10-23,-0.0009777083685200535,7.802562067952904e-05,0.0,0.0,1.945597327095664e-06,-0.0009777083685200535,7.608002335243338e-05,0.0,0.0,0.453862083973548,0.07101430243899173
2018-10-24,-0.005530038583544996,0.0006889463767112135,0.0,0.0,1.945213498485505e-06,-0.005530038583544996,0.000687001163212728,0.0,0.0,0.4532930774923633,0.07100029269472095
2018-10-25,0.003765015674698033,-0.0003295240353483797,0.0,0.0,1.935712985712768e-06,0.003765015674698033,-0.0003314597483340925,0.0,0.0,0.4499421254594021,0.07065352397851603
2018-10-26,-0.0032163223885948557,6.554592076075933e-05,0.0,0.0,1.9380865130430727e-06,-0.0032163223885948557,6.360783424771625e-05,0.0,0.0,0.45215464288040513,0.07074015772607214
2018-10-29,-0.0008733901198199115,0.00020114085341088058,0.0,0.0,5.8272438396412465e-06,-0.0008733901198199115,0.00019531360957123934,0.0,0.0,0.4503581712529888,0.07089813338230183
2018-10-30,0.002497986736217375,-0.00021811174362922019,0.0,0.0,1.9382181651106205e-06,0.002497986736217375,-0.0002200499617943308,0.0,0.0,0.44978977301279893,0.07074496302653766
2018-10-31,0.001802763815249223,-1.560322235454845e-05,0.0,0.0,1.9397751441845906e-06,0.001802763815249223,-1.754299749873304e-05,0.0,0.0,0.451259818413832,0.07080179276273757
2018-11-01,0.0015738807317216407,-0.0006548166874576899,0.0,0.0,1.936745112035868e-06,0.0015738807317216407,-0.0006567534325697257,0.0,0.0,0.452255206818932,0.07069119658930918
2018-11-02,-0.0001074986027748329,2.126946997811531e-14,3.143798445353401e-05,1.4365577406051853e-05,1.1799960141182717e-16,-0.0001389365872283669,-1.4365577384900383e-05,0.15599231303908734,0.07128063985858275,0.3000001037922523,4.306985451531692e-12
2018-11-05,0.00045331337918068815,-2.222767189207386e-15,0.0,0.0,3.523046376844023e-16,0.00045331337918068815,-2.575071826891788e-15,0.0,0.0,0.2999385864240273,4.286373091826894e-12
2018-11-06,0.00015252658527879277,3.4212451173795124e-15,0.0,0.0,1.1744253868527456e-16,0.00015252658527879277,3.3038025786942377e-15,0.0,0.0,0.3002557898364995,4.286652662012521e-12
2018-11-07,0.0015866121799721447,0.0,0.0,0.0,1.1733090985930376e-16,0.0015866121799721447,-1.1733090985930376e-16,0.0,0.0,0.30036250315482527,4.282578209864587e-12
2018-11-08,0.0004980061618870624,4.132521050173313e-15,0.0,0.0,1.1714504610233438e-16,0.0004980061618870624,4.015376004070978e-15,0.0,0.0,0.3014707980946345,4.275794182735205e-12
2018-11-09,-0.00021757596665264477,-1.3240097205315667e-14,0.0,0.0,1.169735727875085e-16,-0.00021757596665264477,-1.3357070778103176e-14,0.0,0.0,0.3018184967853497,4.26953540674406e-12
2018-11-12,-0.0001237248319346277,-1.2654013605821052e-14,0.0,0.0,3.5208555088416845e-16,-0.0001237248319346277,-1.300609915670522e-14,0.0,0.0,0.3016665562112756,4.283707535757383e-12
2018-11-13,-0.0007774972253661327,-2.6969614967221655e-15,0.0,0.0,1.1772310086986336e-16,-0.0007774972253661327,-2.8146845975920287e-15,0.0,0.0,0.3015801443320172,4.296893181750013e-12
2018-11-14,-0.0008618157047711905,-7.377577574711857e-15,0.0,0.0,1.178886483229115e-16,-0.0008618157047711905,-7.495466223034769e-15,0.0,0.0,0.3010367023074293,4.302935663786269e-12
2018-11-15,0.0006998047761123667,-2.4604956584073826e-15,0.0,0.0,1.181926340040912e-16,0.0006998047761123667,-2.5786882924114736e-15,0.0,0.0,0.30043380517420365,4.314031141149329e-12
2018-11-16,-0.00021785513682824923,-1.1452055339832295e-14,1.0224204821254067e-05,8.000454714266408e-16,4.370678360964392e-17,-0.0002280793416495033,-1.2295807594868579e-14,0.0510206074265361,3.992369737760197e-12,0.25000010462547995,1.595297601752003e-12
2018-11-19,-0.0007302679034580131,-3.0540370747178867e-15,0.0,0.0,1.3209174304917733e-16,-0.0007302679034580131,-3.186128817767064e-15,0.0,0.0,0.24983923265635727,1.607116207098324e-12
2018-11-20,5.7411829582710194e-05,3.431167878966765e-15,0.0,0.0,4.414649203119564e-17,5.7411829582710194e-05,3.3870213869355693e-15,0.0,0.0,0.24929101397902945,1.6113469591386408e-12
2018-11-21,-0.00025829942035433264,8.345796134726484e-15,0.0,0.0,4.4049958443064487e-17,-0.00025829942035433264,8.301746176283419e-15,0.0,0.0,0.24933411108111675,1.6078234831718537e-12
2018-11-23,0.00026467334873784496,6.085878313792191e-16,0.0,0.0,8.766525687337059e-17,0.00026467334873784496,5.209225745058485e-16,0.0,0.0,0.2491401644208172,1.5998909379390135e-12
2018-11-26,0.0006819566440837826,-4.0607709840865974e-15,0.0,0.0,1.3141308285170189e-16,0.0006819566440837826,-4.192184066938299e-15,0.0,0.0,0.2493388444226312,1.5988591746957064e-12
2018-11-27,0.0007862504981740856,-4.237011992315502e-15,0.0,0.0,4.3885686814428224e-17,0.0007862504981740856,-4.28089767912993e-15,0.0,0.0,0.24985041391691823,1.60182756872663e-12
2018-11-28,0.0007158338820287046,4.468917139789562e-16,0.0,0.0,4.396720010178247e-17,0.0007158338820287046,4.0292451387717367e-16,0.0,0.0,0.2504397560321506,1.6048028037150602e-12
2018-11-29,2.6550360268272295e-05,-2.084255502940242e-15,0.0,0.0,4.3923514553245306e-17,2.6550360268272295e-05,-2.1281790174934875e-15,0.0,0.0,0.25097593283788006,1.6032082811934537e-12
2018-11-30,0.0014431871113005416,-9.654745854911417e-15,0.0,0.0,4.397944977350103e-17,0.0014431871113005416,-9.698725304684918e-15,0.0,0.0,0.25099581916872415,1.6052499167327876e-12
2018-12-03,3.984091723624866e-05,-4.6283753173700645e-15,5.039392955593346e-05,2.4407442093201607e-16,3.960609190136416e-17,-1.0553012319684795e-05,-4.912055830203445e-15,0.24999999999189587,1.2108324508272364e-12,0.3971519643792125,4.81874118133264e-13
2018-12-04,-0.0017503210015664288,9.378057790589354e-16,0.0,0.0,1.3328976097852706e-17,-0.0017503210015664288,9.244768029610827e-16,0.0,0.0,0.39719599691069934,4.865076275716237e-13
2018-12-06,0.00018354204817803952,-2.7355183164282975e-16,0.0,0.0,2.665321726361057e-17,0.00018354204817803952,-3.002050489064403e-16,0.0,0.0,0.3961390464015898,4.864212150608929e-13
2018-12-07,-0.0013617581562014969,-7.897543760273939e-16,0.0,0.0,1.3331656283035435e-17,-0.0013617581562014969,-8.030860323104294e-16,0.0,0.0,0.39624985993888445,4.866054543307933e-13
2018-12-10,0.0006687431776123389,-1.5691818539680623e-16,0.0,0.0,4.0114506423988797e-17,0.0006687431776123389,-1.9703269182079503e-16,0.0,0.0,0.3954265771492952,4.880598281585303e-13
2018-12-11,0.0009421544551388864,-2.298287532851746e-15,0.0,0.0,1.3366862271746322e-17,0.0009421544551388864,-2.3116543951234926e-15,0.0,0.0,0.3958306113061064,4.878904729187407e-13
2018-12-12,-0.0004975888415164101,2.159249662315531e-15,0.0,0.0,1.3417187990028077e-17,-0.0004975888415164101,2.145832474325503e-15,0.0,0.0,0.39639929639813076,4.897273616360249e-13
2018-12-13,0.0006956351972221551,-3.601402856564126e-15,0.0,0.0,1.336468058096062e-17,0.0006956351972221551,-3.614767537145086e-15,0.0,0.0,0.39609880190057734,4.878108412050625e-13
2018-12-14,-0.0011676554039481918,1.2837120893389357e-15,0.0,0.0,1.3453990083328345e-17,-0.0011676554039481918,1.2702580992556074e-15,0.0,0.0,0.3965186047999486,4.910706380414844e-13
2018-12-17,-0.0023440780539890544,1.4972048293625226e-14,0.0,0.0,4.0303520290565005e-17,-0.0023440780539890544,1.4931744773334662e-14,0.0,0.0,0.3958131227277066,4.903594968685407e-13
2018-12-18,-0.0011020449895904625,-0.0003573365018637579,1.0434334795004222e-05,2.0055138553267204e-05,2.739726027398385e-06,-0.0011124793243854666,-0.0003801313664444235,0.0520282358924833,0.10000000000051755,0.3423652980142494,0.10000000000004104
2018-12-19,-0.0008465867579624066,8.009930042839555e-05,0.0,0.0,2.753626160390885e-06,-0.0008465867579624066,7.734567426800466e-05,0.0,0.0,0.3417733876368869,0.1005073548542673
2018-12-20,-0.0023729382569446797,0.00032964727816758534,0.0,0.0,2.753549802643477e-06,-0.0023729382569446797,0.00032689372836494185,0.0,0.0,0.34118925767324193,0.10050456779648692
2018-12-21,-0.0002093533481880124,9.818936031871028e-05,0.0,0.0,2.7501452900884983e-06,-0.0002093533481880124,9.543921502862179e-05,0.0,0.0,0.33951097398701613,0.10038030308823018
2018-12-24,-0.0029422742788569036,0.00023211528520423162,0.0,0.0,8.243304540774265e-06,-0.0029422742788569036,0.00022387198066345737,0.0,0.0,0.339340276292248,0.10029353857942024
2018-12-26,0.0028482843828419122,8.059849788995313e-05,0.0,0.0,5.497762845906798e-06,0.0028482843828419122,7.510073504404634e-05,0.0,0.0,0.33731495977525916,0.10033417193779906
2018-12-27,0.0005012867882539506,-1.711802419522009e-16,0.0,0.0,2.7386670663843042e-06,0.0005012867882539506,-2.7386670665554845e-06,0.0,0.0,0.33917171461518714,0.0999613479230271
2018-12-28,-0.0001901840780548096,-0.00047288855342965706,0.0,0.0,2.7373023894209408e-06,-0.0001901840780548096,-0.000475625855819078,0.0,0.0,0.3395037424505063,0.09991153721386434
2018-12-31,0.00020288607178634718,-0.00027677235261720686,0.0,0.0,8.256271828399618e-06,0.00020288607178634718,-0.0002850286244456065,0.0,0.0,0.33953962722920455,0.10045130724552868
2019-01-02,0.00021023268870913202,-0.00031247521474830144,0.0,0.0,5.519800237777367e-06,0.00021023268870913202,-0.0003179950149860788,0.0,0.0,0.3397704229108469,0.10073635433943694
2019-01-03,-0.0001385323242196701,-3.778973598491984e-05,2.8334723808608166e-05,2.2256746828398933e-05,2.444652977665859e-07,-0.00016686704802827825,-6.0290948111085356e-05,0.1400172966544179,0.10998270335310129,0.2,0.008922983368480384
2019-01-04,-0.0001747310226686759,-6.785090105524957e-05,0.0,0.0,2.4555641310178884e-07,-0.0001747310226686759,-6.809645746835136e-05,0.0,0.0,0.19990687812162894,0.008962809078215292
2019-01-07,-0.00025049760323474354,-3.866552140340958e-05,0.0,0.0,7.424263072028348e-07,-0.00025049760323474354,-3.940794771061242e-05,0.0,0.0,0.1997806593330462,0.009032853404301155
2019-01-08,0.00012621192112684205,6.875570396108308e-06,0.0,0.0,2.4860683759001664e-07,0.00012621192112684205,6.626963558518291e-06,0.0,0.0,0.19958802340569898,0.009074149572035606
2019-01-09,-0.0004444025537862166,-1.6325660502753688e-05,0.0,0.0,2.483854705494626e-07,-0.0004444025537862166,-1.657404597330315e-05,0.0,0.0,0.19968770903427235,0.009066069675055384
2019-01-10,0.00030974699128348635,1.6333189724299294e-05,0.0,0.0,2.4894750789510913e-07,0.00030974699128348635,1.6084242216404185e-05,0.0,0.0,0.19933519534104682,0.009086584038171483
2019-01-11,9.088868928614003e-05,-8.58269492360475e-07,0.0,0.0,2.484190805496879e-07,9.088868928614003e-05,-1.106688572910163e-06,0.0,0.0,0.19957991296310773,0.009067296440063608
2019-01-14,-1.0960554532779794e-05,1.031245525181814e-05,0.0,0.0,7.452608733348045e-07,-1.0960554532779794e-05,9.567194378483336e-06,0.0,0.0,0.19965287641770094,0.009067340625573456
2019-01-15,0.00021544926205266723,-3.093363656502977e-05,0.0,0.0,2.4813810383675044e-07,0.00021544926205266723,-3.118177466886652e-05,0.0,0.0,0.19964219403664643,0.00905704079004139
2019-01-16,5.74980433704664e-05,-7.735520248972506e-06,0.0,0.0,2.489397292305277e-07,5.74980433704664e-05,-7.984459978203034e-06,0.0,0.0,0.19982082281775151,0.009086300116914262
2019-01-17,1.0952604565028779e-05,0.0,3.0273429146454114e-05,1.8369046939002123e-06,0.0,-1.9320824581425335e-05,-1.8369046939002123e-06,0.14986842465921013,0.009093585381165128,0.05,0.0
2019-01-18,0.0,0.0,0.0,0.0,0.0,0.0,0.0,0.0,0.0,0.0500120107451489,0.0
2019-01-22,5.445852096287448e-06,0.0,0.0,0.0,0.0,5.445852096287448e-06,0.0,0.0,0.0,0.0500120107451489,0.0
2019-01-23,0.0,0.0,0.0,0.0,0.0,0.0,0.0,0.0,0.0,0.05001718421105769,0.0
2019-01-24,1.63782218352176e-05,0.0,0.0,0.0,0.0,1.63782218352176e-05,0.0,0.0,0.0,0.05001718421105769,0.0
2019-01-25,-5.440639016429735e-06,0.0,0.0,0.0,0.0,-5.440639016429735e-06,0.0,0.0,0.0,0.05003274298552927,0.0
2019-01-28,5.440668617141236e-06,0.0,0.0,0.0,0.0,5.440668617141236e-06,0.0,0.0,0.0,0.05002757452848671,0.0
2019-01-29,0.0,0.0,0.0,0.0,0.0,0.0,0.0,0.0,0.0,0.05003274298552926,0.0
2019-01-30,1.0927126114460077e-05,0.0,0.0,0.0,0.0,1.0927126114460077e-05,0.0,0.0,0.0,0.05003274298552926,0.0
2019-01-31,0.0,0.0,0.0,0.0,0.0,0.0,0.0,0.0,0.0,0.050043123284124434,0.0
2019-02-01,-0.00017327005311958433,-3.1544869920820854e-16,5.0441607569547726e-05,8.99362031464152e-17,1.2212168110853274e-17,-0.00022371166068913207,-4.17597070465477e-16,0.25000000000292333,4.457441360461445e-13,0.30004312328704774,4.457441360461445e-13
2019-02-04,0.0001672608467814779,-2.512704845570729e-15,0.0,0.0,3.6670635271620854e-17,0.0001672608467814779,-2.5493754808423497e-15,0.0,0.0,0.2999369526277027,4.461593958047204e-13
2019-02-05,0.00014714623056143842,-3.362791065525024e-15,0.0,0.0,1.2290330628078013e-17,0.00014714623056143842,-3.3750813961531022e-15,0.0,0.0,0.30005402618398525,4.485970679248475e-13
2019-02-06,0.00030695839882570865,1.65780995812202e-15,0.0,0.0,1.2380640125620814e-17,0.00030695839882570865,1.6454293179963991e-15,0.0,0.0,0.3001570054426202,4.518933645851597e-13
2019-02-07,0.0003370532802754384,4.0719504899997895e-15,0.0,0.0,1.2331435437036364e-17,0.0003370532802754384,4.059619054562753e-15,0.0,0.0,0.3003717622062661,4.500973934518273e-13
2019-02-08,0.00020866638859251432,8.7683015751165e-16,0.0,0.0,1.2215757788405428e-17,0.00020866638859251432,8.646143997232446e-16,0.0,0.0,0.30060749474436144,4.458751592767981e-13
2019-02-11,0.00017719288091129525,2.0556420886160317e-16,0.0,0.0,3.656757470933783e-17,0.00017719288091129525,1.6899663415226534e-16,0.0,0.0,0.3007534040062827,4.4490549229694355e-13
2019-02-12,-6.978074107032664e-05,-5.4888158196576106e-15,0.0,0.0,1.2181401216071065e-17,-6.978074107032664e-05,-5.500997220873681e-15,0.0,0.0,0.30087728357451654,4.4462114438659387e-13
2019-02-13,0.00012096552856823934,-1.2091733624803263e-15,0.0,0.0,1.2332640312458545e-17,0.00012096552856823934,-1.2215060027927849e-15,0.0,0.0,0.30082849486875485,4.5014137140473694e-13
2019-02-14,0.00022961206872476885,6.247986006270939e-16,0.0,0.0,1.2364272699004392e-17,0.00022961206872476885,6.124343279280896e-16,0.0,0.0,0.3009130602899325,4.512959535136604e-13
2019-02-15,-0.000213568840041895,-6.518678128537975e-15,5.046612400534528e-05,2.1764087340937212e-16,3.079072709722191e-17,-0.00026403496404724027,-6.767109729044569e-15,0.2499999999971252,1.0781533043027899e-12,0.550468541374452,1.1238615390486e-12
2019-02-19,0.0003986568681752298,-1.5827096681695884e-15,0.0,0.0,1.239100006467736e-16,0.0003986568681752298,-1.706619668816362e-15,0.0,0.0,0.5504002974571645,1.1306787559018091e-12
2019-02-20,-0.0001139004976365093,-2.090838255063179e-15,0.0,0.0,3.100850031878653e-17,-0.0001139004976365093,-2.1218467553819654e-15,0.0,0.0,0.5505794620413217,1.1318102616357083e-12
2019-02-21,-0.0010588491075277805,2.874840745219555e-15,0.0,0.0,3.10693223699305e-17,-0.0010588491075277805,2.843771422849624e-15,0.0,0.0,0.5505282669872591,1.1340302665024634e-12
2019-02-22,0.0009758008275379301,-5.42049963556531e-15,0.0,0.0,3.102340871842138e-17,0.0009758008275379301,-5.451523044283732e-15,0.0,0.0,0.5500518397793742,1.1323544182223804e-12
2019-02-25,-0.0005093201125520002,-1.2418666184591624e-16,0.0,0.0,9.342458288796187e-17,-0.0005093201125520002,-2.176112447338781e-16,0.0,0.0,0.5504904715492257,1.1366657584702027e-12
2019-02-26,0.0007681874716583483,-2.820047768041372e-15,0.0,0.0,3.1160800826201785e-17,0.0007681874716583483,-2.851208568867574e-15,0.0,0.0,0.5502614106402742,1.1373692301563652e-12
2019-02-27,-0.0012920682467972675,1.3414801115399143e-15,0.0,0.0,3.121408414051192e-17,-0.0012920682467972675,1.3102660273994023e-15,0.0,0.0,0.5506066289977262,1.139314071128685e-12
2019-02-28,-0.0005556238833173821,2.311760788789076e-15,0.0,0.0,3.121766661651796e-17,-0.0005556238833173821,2.2805431221725576e-15,0.0,0.0,0.5500252308866942,1.1394448315029056e-12
2019-03-01,-0.0008645193820319781,4.042162772973763e-16,0.0,0.0,3.117165041795091e-17,-0.0008645193820319781,3.730446268794254e-16,0.0,0.0,0.54977507516559,1.137765240255208e-12
2019-03-04,0.0006395195694511956,0.00015591197864962012,4.0152745740928216e-05,1.0079990236269084e-05,4.1095890410528785e-06,0.0005993668237102674,0.00014172239937229814,0.19917055870226663,0.05000000000061503,0.6500000000505931,0.049999999999476685
2019-03-05,0.0003324918522049716,-4.582467531268115e-05,0.0,0.0,1.36458017696222e-06,0.0003324918522049716,-4.718925548964337e-05,0.0,0.0,0.6501576947591541,0.049807176459121034
2019-03-06,0.0005395336477257256,0.0002931705108577782,0.0,0.0,1.3654460822058038e-06,0.0005395336477257256,0.0002918050647755724,0.0,0.0,0.6503046530052007,0.04983878200051184
2019-03-07,0.00110541826716412,0.0005858539786232512,0.0,0.0,1.3562864799591475e-06,0.00110541826716412,0.0005844976921432921,0.0,0.0,0.6503035641251915,0.049504456518508884
2019-03-08,0.0004980213032374988,8.224685339571136e-05,0.0,0.0,1.3379746213584822e-06,0.0004980213032374988,8.090887877435288e-05,0.0,0.0,0.6503100131226823,0.0488360736795846
2019-03-11,-8.702582178019161e-05,-0.0005297290553669313,0.0,0.0,4.004845322896141e-06,-8.702582178019161e-05,-0.0005337339006898274,0.0,0.0,0.6504314800108109,0.04872561809523637
2019-03-12,0.0009798645388601464,-0.00011880647684340839,0.0,0.0,1.3502997774850767e-06,0.0009798645388601464,-0.00012015677662089347,0.0,0.0,0.6507484125930297,0.04928594187820529
2019-03-13,-0.00028194551103460463,-0.00019174576477325783,0.0,0.0,1.3523920874781932e-06,-0.00028194551103460463,-0.00019309815686073602,0.0,0.0,0.6511684625501102,0.049362311192954055
2019-03-14,-0.00035278674424337836,0.0005298544944749555,0.0,0.0,1.3582906434714607e-06,-0.00035278674424337836,0.0005284962038314841,0.0,0.0,0.6511958635105959,0.049577608486708315
2019-03-15,0.0010179350959894412,-0.0005662930181160218,0.0,0.0,1.3435380096413861e-06,0.0010179350959894412,-0.0005676365561256632,0.0,0.0,0.6507287375715354,0.049039137351910594
2019-03-18,-0.0001535788070132663,-0.00013552601056776556,3.60423922961695e-07,2.1991669824232772e-07,4.165630737059762e-06,-0.000153939230936228,-0.00013991155800306766,0.001800733050024514,0.0010987374631603315,0.6506818404429009,0.05068184063422711
2019-03-19,-4.974657290793495e-05,-1.0676572044560888e-05,0.0,0.0,1.3926658563659608e-06,-4.974657290793495e-05,-1.2069237900926849e-05,0.0,0.0,0.6507194760673082,0.05083230375735757
2019-03-20,0.0020201691023319745,-2.9388793379424116e-05,0.0,0.0,1.3930444773629603e-06,0.0020201691023319745,-3.078183785678708e-05,0.0,0.0,0.650709953657787,0.05084612342374805
2019-03-21,0.00040749502150583174,-0.0003380324271856661,0.0,0.0,1.3910822484753603e-06,0.00040749502150583174,-0.00033942350943414146,0.0,0.0,0.6514341679228095,0.05077450206935065
2019-03-22,0.0013150567182270785,0.0005373493297605549,0.0,0.0,1.400248093858984e-06,0.0013150567182270785,0.000535949081666696,0.0,0.0,0.6517972941169402,0.05110905542585291
2019-03-25,0.0011527854319324893,-2.810249245241466e-05,0.0,0.0,4.148898947225978e-06,0.0011527854319324893,-3.225139139964064e-05,0.0,0.0,0.6519056696596437,0.050478270524582744
2019-03-26,0.00023371473126663074,-0.0005547197567678082,0.0,0.0,1.3821874589439148e-06,0.00023371473126663074,-0.0005561019442267522,0.0,0.0,0.6523274999223376,0.050449842251452895
2019-03-27,0.0004293644717287972,0.00017895054500730829,0.0,0.0,1.3978359049207604e-06,0.0004293644717287972,0.00017755270910238752,0.0,0.0,0.6527716598897354,0.051021010529607745
2019-03-28,0.00046829200665655685,-1.943906005744525e-05,0.0,0.0,1.3920882679759574e-06,0.00046829200665655685,-2.0831148325421208e-05,0.0,0.0,0.6528048258968978,0.05081122178112245
2019-03-29,-0.0002638418325133623,2.3859062301920523e-05,0.0,0.0,1.391997980352749e-06,-0.0002638418325133623,2.2467064321567773e-05,0.0,0.0,0.6529809344941317,0.05080792628287534
2019-04-01,-0.0016637313308485383,-0.001671147508348243,1.55412183376542e-05,3.530751404238862e-05,1.0204174916213244e-05,-0.0016792725491861925,-0.0017166591973068448,0.07640907462743624,0.17359092554781871,0.724150795034377,0.12415079481392781
2019-04-02,0.000589420421091291,-0.00044389504843615524,0.0,0.0,3.4589227676153785e-06,0.000589420421091291,-0.0004473539712037706,0.0,0.0,0.7249489408262669,0.1262506810179613
2019-04-03,-0.001104800793188112,-0.0009635753939935996,0.0,0.0,3.4705912212179027e-06,-0.001104800793188112,-0.0009670459852148175,0.0,0.0,0.7254353012294895,0.12667657957445344
2019-04-04,0.0003809098060133713,0.0004462354816186376,0.0,0.0,3.5042508178484147e-06,0.0003809098060133713,0.0004427312308007892,0.0,0.0,0.725834317929558,0.12790515485146717
2019-04-05,0.0007002020812262007,-0.0006197019509331348,0.0,0.0,3.489151379954841e-06,0.0007002020812262007,-0.0006231911023130897,0.0,0.0,0.7256175793202095,0.12735402536835166
2019-04-08,-0.0010127453335515562,-0.0004505119384557881,0.0,0.0,1.0517578577768463e-05,-0.0010127453335515562,-0.00046102951703355655,0.0,0.0,0.7262618512653225,0.12796387269618298
2019-04-09,0.000697542479137088,0.0005731775103014596,0.0,0.0,3.5233950097112155e-06,0.000697542479137088,0.0005696541152917484,0.0,0.0,0.7263195373994789,0.12860391785445938
2019-04-10,0.0009946882767641362,-0.0008474001538185676,0.0,0.0,3.5032522070121472e-06,0.0009946882767641362,-0.0008509034060255798,0.0,0.0,0.7260969722681326,0.1278687055559434
2019-04-11,-0.0007639026070956649,0.00019006970908596232,0.0,0.0,3.5259616696396204e-06,-0.0007639026070956649,0.00018654374741632271,0.0,0.0,0.7269871307942668,0.12869760094184615
2019-04-12,-0.0011533984856792554,-0.0008280754437768319,0.0,0.0,3.5227881933237845e-06,-0.0011533984856792554,-0.0008315982319701557,0.0,0.0,0.7266427618235319,0.12858176905631813
2019-04-15,-0.00028988051954773064,3.5124599180144666e-05,4.952394952160985e-05,1.0553573127014032e-06,1.0228839805658497e-05,-0.0003394044690693405,2.3840402061784767e-05,0.2447836509428688,0.005216349231992892,0.6680326432234878,0.12445088430217836
2019-04-16,-0.0027411168278742193,-0.0005921469061399327,0.0,0.0,3.409726938067036e-06,-0.0027411168278742193,-0.0005955566330779998,0.0,0.0,0.6679535448411223,0.1244550332394468
2019-04-17,-0.0006406653111933599,-0.0006476875308760842,0.0,0.0,3.4374196880221577e-06,-0.0006406653111933599,-0.0006511249505641064,0.0,0.0,0.6674394555313119,0.12546581861280875
2019-04-18,0.001397843501394375,-0.0003195924094695662,0.0,0.0,3.459633672969767e-06,0.001397843501394375,-0.000323052043142536,0.0,0.0,0.6676612685449775,0.12627662906339648
2019-04-22,-0.0014051125975413621,-0.0003052640755921385,0.0,0.0,1.3858663344588809e-05,-0.0014051125975413621,-0.00031912273893672726,0.0,0.0,0.6683407850793671,0.1264603030193729
2019-04-23,0.00228794495753014,-0.0014290683245366633,0.0,0.0,3.4790278983173657e-06,0.00228794495753014,-0.0014325473524349807,0.0,0.0,0.6680876127515956,0.12698451828858384
2019-04-24,0.0015010869869815711,4.008403617785409e-05,0.0,0.0,3.5151735840886646e-06,0.0015010869869815711,3.6568862593765425e-05,0.0,0.0,0.6698026101605078,0.12830383581923624
2019-04-25,-2.4749725122284323e-05,-7.553264871520533e-05,0.0,0.0,3.508680248608106e-06,-2.4749725122284323e-05,-7.904132896381343e-05,0.0,0.0,0.6702730478746123,0.12806682907419586
2019-04-26,0.001260516057713603,0.0003694698642454867,0.0,0.0,3.5111140584732844e-06,0.001260516057713603,0.0003659587501870134,0.0,0.0,0.6703178711479092,0.12815566313427487
2019-04-29,-0.0014371574073707733,-7.489046851471308e-05,0.0,0.0,1.0485919705079503e-05,-0.0014371574073707733,-8.537638821979258e-05,0.0,0.0,0.6704878555994869,0.12757868974513398
2019-04-30,0.0010452258537370085,0.0001907762605406264,3.4685397533209236e-05,1.555968442595556e-05,5.479452053744773e-06,0.0010105404562037992,0.00016973712406092607,0.17258105769238352,0.07741894245323537,0.8000000002891239,0.19999999996168422
2019-05-01,-0.0002006174391268784,0.0009429878863608263,0.0,0.0,5.4677718183893984e-06,-0.0002006174391268784,0.0009375201145424369,0.0,0.0,0.800100885006338,0.199573671371213
2019-05-02,-0.0005669507189771287,0.0004016994454836291,0.0,0.0,5.437929309174915e-06,-0.0005669507189771287,0.00039626151617445416,0.0,0.0,0.7993112529664105,0.19848441978488443
2019-05-03,0.001884241155459484,-0.0023939521667419375,0.0,0.0,5.427850320359204e-06,0.001884241155459484,-0.002399380017062297,0.0,0.0,0.7988806625508585,0.19811653669311097
2019-05-06,0.00036309054408107625,0.0019350866572701894,0.0,0.0,1.6488808178739004e-05,0.00036309054408107625,0.0019185978490914503,0.0,0.0,0.8011776214341653,0.20061383284132456
2019-05-07,-0.0017533155540959016,0.004074172805404549,0.0,0.0,5.430861785809473e-06,-0.0017533155540959016,0.004068741943618739,0.0,0.0,0.7997160092421245,0.19822645518204576
2019-05-08,-0.0005193199072579948,0.00036269205857166213,0.0,0.0,5.306952754602704e-06,-0.0005193199072579948,0.00035738510581705943,0.0,0.0,0.7961193379636979,0.19370377554299872
2019-05-09,0.00023318655789687304,0.001635229693130311,0.0,0.0,5.297873896032128e-06,0.00023318655789687304,0.0016299318192342788,0.0,0.0,0.7957288742536931,0.19337239720517266
2019-05-10,0.0013460422530355016,-0.0006819870385373945,0.0,0.0,5.24330418613563e-06,0.0013460422530355016,-0.0006872303427235302,0.0,0.0,0.7944818470819943,0.19138060279395047
2019-05-13,-0.000732347631551533,0.006813515415892131,0.0,0.0,1.5775573152117134e-05,-0.000732347631551533,0.006797739842740014,0.0,0.0,0.7953039336312357,0.19193614001742512
2019-05-14,0.0008489774238804471,-0.002545064739081589,1.955431707711968e-05,3.114462554336232e-05,5.4794520559989916e-06,0.0008294231068033275,-0.0025816888166809502,0.09642369279243443,0.1535763071491998,0.7999999996379933,0.20000000004396318
2019-05-15,0.00156811611351643,-0.0015058151958394995,0.0,0.0,5.5589205629561216e-06,0.00156811611351643,-0.0015113741164024556,0.0,0.0,0.8022547405342988,0.2029006005478984
2019-05-16,0.00013884461071948508,-0.0017099940200094661,0.0,0.0,5.59985802667305e-06,0.00013884461071948508,-0.001715593878036139,0.0,0.0,0.8037772487214878,0.20439481797356635
2019-05-17,-6.339894042593925e-05,0.0017512165319524574,0.0,0.0,5.655624679976557e-06,-6.339894042593925e-05,0.0017455609072724808,0.0,0.0,0.8051856692462454,0.20643030081914435
2019-05-20,-0.0006009337878588101,0.002370373725488524,0.0,0.0,1.6794687050761836e-05,-0.0006009337878588101,0.0023535790384377623,0.0,0.0,0.8037701986475698,0.20433535911760234
2019-05-21,0.000575035286105805,-0.0020772184949435844,0.0,0.0,5.523606348583905e-06,0.000575035286105805,-0.0020827421012921685,0.0,0.0,0.8017640568933119,0.20161163172331248
2019-05-22,0.0007474208787549215,0.0012892077066831552,0.0,0.0,5.588942931683571e-06,0.0007474208787549215,0.0012836187637514716,0.0,0.0,0.8035506109118367,0.2039964170064503
2019-05-23,0.0004681414114557482,0.0031705315571353486,0.0,0.0,5.542365408737958e-06,0.0004681414114557482,0.0031649891917266107,0.0,0.0,0.8026677817061838,0.2022963374189355
2019-05-24,9.896495202846951e-05,-0.0005812242288174148,0.0,0.0,5.435752730862449e-06,9.896495202846951e-05,-0.0005866599815482772,0.0,0.0,0.8002285881445104,0.19840497467647938
2019-05-28,0.0006218290281658366,0.00115990099596992,0.0,0.0,2.1817346941008035e-05,0.0006218290281658366,0.001138083649028912,0.0,0.0,0.8007180593141131,0.19908329083669832
2019-05-29,-0.00010518558031849064,0.0012956452705316676,1.166253625497912e-05,4.894060204237992e-07,5.479452059274365e-06,-0.00011684811657346975,0.0012896764124519693,0.05777164904924143,0.002424326256001014,0.7999999995073844,0.20000000016351432
2019-05-30,0.0017541829084699709,-0.0009646438312275134,0.0,0.0,5.4375775837236405e-06,0.0017541829084699709,-0.0009700814088112371,0.0,0.0,0.7989577736429253,0.19847158180591293
2019-05-31,0.0005591291896618195,0.002738111140428329,0.0,0.0,5.459725203119972e-06,0.0005591291896618195,0.002732651415225209,0.0,0.0,0.8000846090096169,0.199279969913879
2019-06-03,0.0012066099400821844,0.0017109529258048416,0.0,0.0,1.6101124010903807e-05,0.0012066099400821844,0.0016948518017939377,0.0,0.0,0.7980168418369465,0.19589700879932964
2019-06-04,0.0008743980363263102,-0.004927849586481238,0.0,0.0,5.304774314619988e-06,0.0008743980363263102,-0.004933154360795858,0.0,0.0,0.7969112442900502,0.19362426248362954
2019-06-05,0.0005624987788300535,-0.001635664939423683,0.0,0.0,5.461952627101001e-06,0.0005624987788300535,-0.0016411268920507838,0.0,0.0,0.8010368557307068,0.19936127088918656
2019-06-06,0.0005057285539897504,-0.0017218446299868341,0.0,0.0,5.512711530804604e-06,0.0005057285539897504,-0.0017273573415176387,0.0,0.0,0.8024649157275139,0.2012139708743681
2019-06-07,0.0019876917351429376,-0.0030825196210955254,0.0,0.0,5.566685779883525e-06,0.0019876917351429376,-0.003088086306875409,0.0,0.0,0.803952776136645,0.2031840309657486
2019-06-10,-0.0010637254944172946,-0.0013747118367256276,0.0,0.0,1.697209111365934e-05,-0.0010637254944172946,-0.001391683927839287,0.0,0.0,0.8068282973505125,0.20649377521618859
2019-06-11,-3.757145247199197e-05,-2.7229868770914234e-06,0.0,0.0,5.709045085640966e-06,-3.757145247199197e-05,-8.43203196273239e-06,0.0,0.0,0.8077479237188028,0.20838014562589524
2019-06-12,0.0004152631032286217,0.0010035264905132967,5.05558705012067e-05,1.2776785942485753e-14,5.709382337771746e-06,0.000364707232727415,0.000997817108162748,0.24999999999108669,6.318151490302819e-11,0.7434019443717026,0.20839245532866876
2019-06-13,0.001153803164196253,-0.0006683427636655147,0.0,0.0,5.674157283905967e-06,0.001153803164196253,-0.0006740169209494206,0.0,0.0,0.7428051174219062,0.2071067408625678
2019-06-14,0.0005816683701970238,0.0015261530997273413,0.0,0.0,5.689738186444804e-06,0.0005816683701970238,0.0015204633615408965,0.0,0.0,0.7436021505038422,0.20767544380523537
2019-06-17,-0.0002153574968537579,4.666100291418972e-05,0.0,0.0,1.6908233983077456e-05,-0.0002153574968537579,2.9752768931112267e-05,0.0,0.0,0.7426227280726477,0.20571684679410907
2019-06-18,0.002557384348640735,-0.003372977692485956,0.0,0.0,5.635845650316208e-06,0.002557384348640735,-0.003378613538136272,0.0,0.0,0.742545190473842,0.20570836623654162
2019-06-19,0.0020161451649739035,-0.0005820551931764453,0.0,0.0,5.732964075496677e-06,0.0020161451649739035,-0.0005877881572519419,0.0,0.0,0.745714977729238,0.2092531887556287
2019-06-20,0.001505918057647765,-0.002621642692517803,0.0,0.0,5.740711008319908e-06,0.001505918057647765,-0.002627383403526123,0.0,0.0,0.7466646192528841,0.20953595180367665
2019-06-21,-0.002794861205201245,0.0009257824276655059,0.0,0.0,5.819062712689952e-06,-0.002794861205201245,0.0009199633649528159,0.0,0.0,0.749010526659879,0.2123957890131832
2019-06-24,0.0008173540122730016,-0.000282053179971534,0.0,0.0,1.741374542537506e-05,0.0008173540122730016,-0.000299466925396909,0.0,0.0,0.7476173716501167,0.2118672360087299
2019-06-25,-0.0008912330783057527,0.0027121097753238753,0.0,0.0,5.809300731008766e-06,-0.0008912330783057527,0.0027063004745928663,0.0,0.0,0.7480473216141535,0.21203947668181994
2019-06-26,-0.0009887084784290167,-0.0012396926874352289,6.101520722494957e-05,1.0340694656916302e-05,4.320567997500615e-06,-0.0010497236856539663,-0.0012543539500896458,0.30238486095948813,0.051247380092115095,0.4434177460280166,0.1577007319087724
2019-06-27,0.0006481909986875346,-0.0003798275853362718,0.0,0.0,4.364588531542768e-06,0.0006481909986875346,-0.00038419217386781457,0.0,0.0,0.4434507825802838,0.15930748140131104
2019-06-28,-1.2586101824265739e-05,-0.0004085798730029838,0.0,0.0,4.373840078116888e-06,-1.2586101824265739e-05,-0.0004129537130811007,0.0,0.0,0.4439817629153203,0.15964516285126643
2019-07-01,0.0007525373766858559,-0.001921802419827423,0.0,0.0,1.3160702544645644e-05,0.0007525373766858559,-0.0019349631223720687,0.0,0.0,0.44415818380482097,0.16012188095985533
2019-07-02,0.0009463790662884835,-0.0003191026624747522,0.0,0.0,4.444808625459768e-06,0.0009463790662884835,-0.00032354747110021194,0.0,0.0,0.4454374178524676,0.16223551482928159
2019-07-03,0.0010065962828877202,-0.00116446067965,0.0,0.0,4.450779078324525e-06,0.0010065962828877202,-0.0011689114587283245,0.0,0.0,0.44610594803951564,0.16245343635884515
2019-07-05,-0.0005572908293834072,0.0003981762514296364,0.0,0.0,8.96681967219923e-06,-0.0005572908293834072,0.0003892094317574372,0.0,0.0,0.44718512925529186,0.16364445901763594
2019-07-08,0.0001249797980870939,0.0012498566721588212,0.0,0.0,1.3419758304844528e-05,0.0001249797980870939,0.0012364369138539767,0.0,0.0,0.446702920877173,0.1632737260422751
2019-07-09,-0.00011151926319489104,-0.00038647624727118765,0.0,0.0,4.43297499348946e-06,-0.00011151926319489104,-0.0003909092222646771,0.0,0.0,0.4462204087535738,0.16180358726236524
2019-07-10,0.00010571897035688846,-0.0009577181453221112,0.0,0.0,4.445797078918678e-06,0.00010571897035688846,-0.0009621639424010299,0.0,0.0,0.44633313997390645,0.1622715933805317
2019-07-11,-0.0022628331078380776,-0.0005993067501998763,5.0192085362223796e-05,1.2626971705295198e-07,4.458681484940751e-06,-0.0023130251932003015,-0.00060389170140187,0.24937264583508534,0.0006273541575947607,0.6936114573228861,0.1627418742003374
2019-07-12,0.00044927905636814726,-0.001519849041857119,0.0,0.0,4.488192532584448e-06,0.00044927905636814726,-0.0015243372343897036,0.0,0.0,0.6933711301788963,0.16381902743933235
2019-07-15,0.001237475760716571,-0.0002695055327489314,0.0,0.0,1.3604121919608543e-05,0.001237475760716571,-0.00028310965466853995,0.0,0.0,0.6945671092862875,0.16551681668857063
2019-07-16,-0.0003606872942374223,0.0008521619117097597,0.0,0.0,4.537760335100989e-06,-0.0003606872942374223,0.0008476241513746587,0.0,0.0,0.69514116587937,0.16562825223118613
2019-07-17,0.001749771602186558,0.0011794024267077511,0.0,0.0,4.512216269001561e-06,0.001749771602186558,0.0011748902104387496,0.0,0.0,0.6944423290199766,0.16469589381855698
2019-07-18,0.0002999389518885823,-0.0008471579713733032,0.0,0.0,4.466839877735768e-06,0.0002999389518885823,-0.0008516248112510389,0.0,0.0,0.6941619117869807,0.16303965553735553
2019-07-19,-0.0004892601565034498,0.00042738255008668575,0.0,0.0,4.492528149423478e-06,-0.0004892601565034498,0.00042289002193726227,0.0,0.0,0.694845187002985,0.16397727745395693
2019-07-22,0.00044894094613821204,-0.001386768607808439,0.0,0.0,1.3443349352292129e-05,0.00044894094613821204,-0.001400211957160731,0.0,0.0,0.6944020144016204,0.1635607504528876
2019-07-23,-6.112698219822184e-05,-0.001197238687793333,0.0,0.0,4.523413103007716e-06,-6.112698219822184e-05,-0.0012017621008963406,0.0,0.0,0.6955125762993939,0.16510457825978164
2019-07-24,0.0005157583501115846,-0.0011879538173758687,0.0,0.0,4.561975431917574e-06,0.0005157583501115846,-0.0011925157928077863,0.0,0.0,0.6963308379306404,0.16651210326499147
2019-07-25,-0.0006275609939750795,0.0007457073564863752,4.9862482594146805e-05,6.957272200822605e-07,4.5033807531708515e-06,-0.0006774234765692264,0.0007405082485131222,0.24655977131263598,0.003440228712149893,0.7643733975175063,0.1643733974907361
2019-07-26,0.000730913226069546,-0.00040029685862282715,0.0,0.0,4.482667626572057e-06,0.000730913226069546,-0.0004047795262493992,0.0,0.0,0.7636976588308899,0.16361736836988008
2019-07-29,0.00019269971698870154,0.00020975738808458002,0.0,0.0,1.3476508847692641e-05,0.00019269971698870154,0.00019628087923688738,0.0,0.0,0.7641793474190597,0.16396419098026044
2019-07-30,0.000382777454715161,0.0006101489142722352,0.0,0.0,4.4846783852696236e-06,0.000382777454715161,0.0006056642358869656,0.0,0.0,0.7640748368504493,0.1636907610623412
2019-07-31,0.00015413466043488332,0.002270016658474853,0.0,0.0,4.463550017733808e-06,0.00015413466043488332,0.002265553108457119,0.0,0.0,0.763702738679027,0.16291957564728404
2019-08-01,0.0034339545590873974,0.001329899661015575,0.0,0.0,4.390733576184562e-06,0.0034339545590873974,0.0013255089274393905,0.0,0.0,0.7620130397075454,0.1602617755307365
2019-08-02,0.0007857952885503797,0.00217487983928135,0.0,0.0,4.333672015313979e-06,0.0007857952885503797,0.002170546167266036,0.0,0.0,0.761821134394219,0.15817902855896027
2019-08-05,-6.592048201601382e-05,0.005813818147707867,0.0,0.0,1.2784463559267085e-05,-6.592048201601382e-05,0.0058010336841485995,0.0,0.0,0.7603590487057753,0.1555443066377495
2019-08-06,0.00253319785686133,-0.002345012758034869,0.0,0.0,4.078812711480095e-06,0.00253319785686133,-0.002349091570746349,0.0,0.0,0.7559576256645577,0.14887666396902344
2019-08-07,0.0012963449671009352,-0.000684537176617392,0.0,0.0,4.142297013438633e-06,0.0012963449671009352,-0.0006886794736308306,0.0,0.0,0.7583512062972568,0.15119384099051011
2019-08-08,0.001491591680606902,-0.003371017756888724,5.062151759874145e-05,5.288941319940819e-15,4.158524464092703e-06,0.0014409701630081605,-0.0033751762813581053,0.2514990732693202,2.6276648817300602e-11,0.5076873469159616,0.1517861429393837
2019-08-09,-0.0005968938406233325,0.0016051568659451972,0.0,0.0,4.259119129244934e-06,-0.0005968938406233325,0.0016008977468159524,0.0,0.0,0.5101657042230491,0.15545784821744008
2019-08-12,-0.000662038285515239,0.0019921082643315196,0.0,0.0,1.2632743362742113e-05,-0.000662038285515239,0.0019794755209687773,0.0,0.0,0.5090577144486418,0.15369837758002905
2019-08-13,0.000489339675058222,-0.003244742155723991,0.0,0.0,4.150867638049743e-06,0.000489339675058222,-0.0032488930233620407,0.0,0.0,0.5077267780003519,0.1515066687888156
2019-08-14,-0.00035491031870038146,0.00473665305337237,0.0,0.0,4.25149691596179e-06,-0.00035491031870038146,0.0047324015564564085,0.0,0.0,0.5096224480081819,0.15517963743260532
2019-08-15,0.001874838010321409,0.00022383467201454705,0.0,0.0,4.103761419774137e-06,0.001874838010321409,0.0002197309105947729,0.0,0.0,0.5070479397759898,0.14978729182175599
2019-08-16,0.0009763502255421701,-0.002767683577407904,0.0,0.0,4.0890641363509815e-06,0.0009763502255421701,-0.002771772641544255,0.0,0.0,0.5078590320415904,0.1492508409768108
2019-08-19,-0.00028296400100629045,-0.002118369221540308,0.0,0.0,1.2517146817011325e-05,-0.00028296400100629045,-0.0021308863683573193,0.0,0.0,0.5097505999208009,0.15229195294030445
2019-08-20,-0.00017276168392928344,0.0008706222291963119,0.0,0.0,4.240656094536162e-06,-0.00017276168392928344,0.0008663815731017757,0.0,0.0,0.5107003902454227,0.15478394745056986
2019-08-21,0.00033665228751517497,-0.0015395037709532806,0.0,0.0,4.213880599328272e-06,0.00033665228751517497,-0.001543717651552609,0.0,0.0,0.5101737618933102,0.1538066418754819
2019-08-22,6.037569981652817e-05,0.00025599481552231765,5.024201454858588e-05,1.6292176062270878e-15,4.261202334358963e-06,1.0133685267942291e-05,0.00025173361318632943,0.2500000000124608,8.106848525812893e-12,0.350605727684423,0.15553388520410216
2019-08-23,-0.0007791689032696314,0.004845790016613321,0.0,0.0,4.25307503649938e-06,-0.0007791689032696314,0.004841536941576821,0.0,0.0,0.35057429943953783,0.15523723883222737
2019-08-26,0.000978301587921145,-0.001877874152954326,0.0,0.0,1.2310929472134168e-05,0.000978301587921145,-0.0018901850824264601,0.0,0.0,0.3483798832334315,0.14978297524429907
2019-08-27,0.0004859430622813078,0.0003683313529877171,0.0,0.0,4.158884182149574e-06,0.0004859430622813078,0.0003641724688055675,0.0,0.0,0.3496770495512458,0.15179927264845944
2019-08-28,0.000883883593152612,-0.0005815717661520629,0.0,0.0,4.145268954685793e-06,0.000883883593152612,-0.0005857170351067487,0.0,0.0,0.3498655664616855,0.1513023168460315
2019-08-29,0.00022937246825136491,-0.0025674315038026617,0.0,0.0,4.159962066160187e-06,0.00022937246825136491,-0.002571591465868822,0.0,0.0,0.3506448994720661,0.15183861541484683
2019-08-30,9.018792203308618e-05,-6.869416478263356e-05,0.0,0.0,4.240234212432172e-06,9.018792203308618e-05,-7.293439899506574e-05,0.0,0.0,0.35169802573762465,0.1547685487537743
2019-09-03,0.0002828800488974745,0.0018603314129658729,0.0,0.0,1.6968172216625845e-05,0.0002828800488974745,0.0018433632407492471,0.0,0.0,0.35178214417832887,0.15483457147671084
2019-09-04,0.0006344589114472047,-0.002387170239987808,0.0,0.0,4.1821827322690244e-06,0.0006344589114472047,-0.002391352422720077,0.0,0.0,0.35131803660935385,0.1526496697278194
2019-09-05,-0.0010113200856358441,-0.0030548381484345353,0.0,0.0,4.2550603445616865e-06,-0.0010113200856358441,-0.003059093208779097,0.0,0.0,0.3525719268513431,0.15530970257650156
2019-09-06,0.0007331062909674411,0.00010758469093338159,4.2902252985977765e-05,7.556964176429257e-06,3.3307077825003112e-06,0.0006902040379814633,9.669701897445201e-05,0.21255904967390052,0.03744095034558019,0.4649854850090446,0.12157083406126136
2019-09-09,-0.0016175018232065744,0.0007759504060947829,0.0,0.0,9.975431092893355e-06,-0.0016175018232065744,0.0007659749750018895,0.0,0.0,0.4653524050006601,0.12136774496353582
2019-09-10,-0.0013425064908620641,0.0005580266133169346,0.0,0.0,3.3067005266730795e-06,-0.0013425064908620641,0.0005547199127902615,0.0,0.0,0.4641301224377698,0.12069456922356739
2019-09-11,0.0005679023194518527,-0.0012292726770242461,0.0,0.0,3.294007100890386e-06,0.0005679023194518527,-0.0012325666841251366,0.0,0.0,0.4631524812552412,0.12023125918249908
2019-09-12,8.535581643171841e-05,-0.0006266494431701132,0.0,0.0,3.3298990696200374e-06,8.535581643171841e-05,-0.0006299793422397332,0.0,0.0,0.4640288069868791,0.12154131604113136
2019-09-13,-0.002487553843917093,0.0008034790530287823,0.0,0.0,3.3488914325746658e-06,-0.002487553843917093,0.0008001301615962076,0.0,0.0,0.4643670680331721,0.12223453728897529
2019-09-16,0.0009770884995153602,0.0003493502483547683,0.0,0.0,9.997504950119406e-06,0.0009770884995153602,0.0003393527434046489,0.0,0.0,0.4626602179979725,0.12163631022645276
2019-09-17,0.0005226709869759927,-0.0005115397156645545,0.0,0.0,3.318561718844986e-06,0.0005226709869759927,-0.0005148582773833995,0.0,0.0,0.4630277576606866,0.12112750273784197
2019-09-18,0.0006900511034170935,2.2181113772522897e-05,0.0,0.0,3.332550469326502e-06,0.0006900511034170935,1.8848563303196395e-05,0.0,0.0,0.46354680709107615,0.12163809213041732
2019-09-19,0.0004479451785670111,-0.0002554687331712025,0.0,0.0,3.3295824277059907e-06,0.0004479451785670111,-0.00025879831559890847,0.0,0.0,0.4639079939721775,0.12152975861126865
2019-09-20,0.0004221910756208675,0.0011312045485252665,4.5260026982826655e-05,4.975334072921998e-06,2.657591162993146e-06,0.00037693104863804086,0.0011235716232893512,0.22523988101369133,0.02476011901215899,0.39060059362794597,0.09700207744924981
2019-09-23,0.00034833535619458323,-0.00029818632047194524,0.0,0.0,7.867991829898825e-06,0.00034833535619458323,-0.00030605431230184405,0.0,0.0,0.3904369330423177,0.09572723393043568
2019-09-24,6.294860272335577e-06,0.0009302807632553162,0.0,0.0,2.63072220185083e-06,6.294860272335577e-06,0.0009276500410534653,0.0,0.0,0.3907687462879986,0.09602136036755529
2019-09-25,0.0005878345566042696,-0.0011319739697838035,0.0,0.0,2.602804181957166e-06,0.0005878345566042696,-0.0011345767739657606,0.0,0.0,0.39041041932771536,0.09500235264143655
2019-09-26,0.0005643953194629616,-0.00010729525872160593,0.0,0.0,2.635257974218839e-06,0.0005643953194629616,-0.00010993051669582477,0.0,0.0,0.39121214608052646,0.0961869160589876
2019-09-27,-0.0003668146930414722,0.0012870064188833016,0.0,0.0,2.6369991470509362e-06,-0.0003668146930414722,0.0012843694197362506,0.0,0.0,0.3915985736314601,0.09625046886735918
2019-09-30,0.0006912630543837103,-0.0010000691684350412,0.0,0.0,7.798060943977348e-06,0.0006912630543837103,-0.0010078672293790186,0.0,0.0,0.39087311146745374,0.0948764081517244
2019-10-01,-0.0007084995367780285,0.0008931941232321705,0.0,0.0,2.6275847075806133e-06,-0.0007084995367780285,0.0008905665385245899,0.0,0.0,0.3916883846997306,0.0959068418266924
2019-10-02,-0.0017528129411831038,0.0017860919559352724,0.0,0.0,2.6026397808897066e-06,-0.0017528129411831038,0.0017834893161543827,0.0,0.0,0.3909087135855135,0.09499635200247429
2019-10-03,0.0005068158605286473,-0.0011430522301881776,0.0,0.0,2.5536274186674668e-06,0.0005068158605286473,-0.0011456058576068452,0.0,0.0,0.3891439631182,0.09320740078136254
2019-10-04,0.0026937812056585767,-0.001560812133075345,5.037666781107454e-05,5.378795820676038e-15,2.586596209186008e-06,0.002643404537847502,-0.0015633987292899096,0.24999999999969358,2.6692892039035373e-11,0.6387705126759115,0.0944107616352893
2019-10-07,-0.0010001563180010557,0.00040464271070876623,0.0,0.0,7.879564580787788e-06,-0.0010001563180010557,0.00039676314612797843,0.0,0.0,0.6407722561229947,0.09586803573291809
2019-10-08,-0.0015450749855240524,0.0017506318641844997,0.0,0.0,2.617014513954422e-06,-0.0015450749855240524,0.0017480148496705453,0.0,0.0,0.6401583669925544,0.09552102975933639
2019-10-09,0.0009655258362750337,-0.001393073806620089,0.0,0.0,2.5685307398480484e-06,0.0009655258362750337,-0.001395642337359937,0.0,0.0,0.6384837182079974,0.09375137200445376
2019-10-10,-0.0006661229298685722,-0.000655115158965562,0.0,0.0,2.6078188114115005e-06,-0.0006661229298685722,-0.0006577229777769736,0.0,0.0,0.6397244000648871,0.09518538661651976
2019-10-11,-0.0009134002697622128,-0.0013239488598452216,0.0,0.0,2.62924789099178e-06,-0.0009134002697622128,-0.0013265781077362133,0.0,0.0,0.6399054132976928,0.09596754802119997
2019-10-14,-0.00026004507168121845,5.9772267546745944e-05,0.0,0.0,8.014513724933182e-06,-0.00026004507168121845,5.1757753821812764e-05,0.0,0.0,0.640426554662751,0.09750991698668705
2019-10-15,-0.0008010455929060006,-0.0010760959466847033,0.0,0.0,2.670423193891189e-06,-0.0008010455929060006,-0.0010787663698785944,0.0,0.0,0.6402998759348539,0.09747044657702839
2019-10-16,6.023220752653281e-05,0.0006827925800903112,0.0,0.0,2.7049901474606875e-06,6.023220752653281e-05,0.0006800875899428504,0.0,0.0,0.6407032319419472,0.09873214038231509
2019-10-17,0.0004170280880605003,0.00019151606231735806,0.0,0.0,2.6842962637644785e-06,0.0004170280880605003,0.0001888317660535936,0.0,0.0,0.6402894451970838,0.09797681362740346
2019-10-18,0.0009915595063535924,0.001758384684999433,3.1289419737925127e-05,1.937181266001054e-05,5.296464226006079e-06,0.0009602700866156674,0.0017337164081134165,0.15440514500801772,0.09559485499859346,0.7933209442266214,0.19332094424922183
2019-10-21,0.0009031019849454994,-0.0016030532864528297,0.0,0.0,1.570256541024036e-05,0.0009031019849454994,-0.00161875585186307,0.0,0.0,0.7921783858600517,0.19104787915792434
2019-10-22,0.0006619300424949074,0.0005634639522007491,0.0,0.0,5.281887741589008e-06,0.0006619300424949074,0.0005581820644591601,0.0,0.0,0.7936494661544276,0.1927889025679988
2019-10-23,0.0008756630853551582,-7.115772994438386e-05,0.0,0.0,5.2600325436460875e-06,0.0008756630853551582,-7.641776248802995e-05,0.0,0.0,0.7933434282751114,0.19199118784308217
2019-10-24,0.0007179672438387141,-0.0015410238783960626,0.0,0.0,5.257779814568419e-06,0.0007179672438387141,-0.001546281658210631,0.0,0.0,0.7935848224028628,0.19190896323174733
2019-10-25,-0.0022520165964282704,-0.001782208149797339,0.0,0.0,5.304393352326474e-06,-0.0022520165964282704,-0.0017875125431496654,0.0,0.0,0.7949612675234585,0.1936103573599163
2019-10-28,-0.002559607873614733,-0.0015284618453729976,0.0,0.0,1.6124799516121823e-05,-0.002559607873614733,-0.0015445866448891195,0.0,0.0,0.7959244107772663,0.19618506077948222
2019-10-29,0.0005513260584954509,0.0005918395944074759,0.0,0.0,5.439132095167535e-06,0.0005513260584954509,0.0005864004623123083,0.0,0.0,0.7966343452165413,0.198528321473615
2019-10-30,0.0017040897412712358,-0.0009586898499934308,0.0,0.0,5.416754526477632e-06,0.0017040897412712358,-0.0009641066045199084,0.0,0.0,0.7962797227165208,0.19771154021643353
2019-10-31,0.0007151135572374607,0.0011102879602369285,0.0,0.0,5.4389952370636184e-06,0.0007151135572374607,0.001104848964999865,0.0,0.0,0.7973937545260917,0.19852332615282203
2019-11-01,-0.0001044276912448689,-0.0018571298984515648,1.0781866988724662e-05,4.012825737608621e-05,5.479452054799588e-06,-0.00011520955823359356,-0.0019027376078824504,0.05294559345242153,0.19705440655224657,0.7999999999993802,0.20000000000018497
2019-11-04,-0.0023256004838469652,-0.0005767036774120346,0.0,0.0,1.66245444302912e-05,-0.0023256004838469652,-0.0005933282218423258,0.0,0.0,0.8015129831611106,0.20226529056854298
2019-11-05,-0.0031675526870767728,-2.956221080008277e-05,0.0,0.0,5.57358380460892e-06,-0.0031675526870767728,-3.513579460469169e-05,0.0,0.0,0.8015269827957305,0.20343580886822557
2019-11-06,0.0010883706290693753,-6.0232097049592445e-05,0.0,0.0,5.5923041362356645e-06,0.0010883706290693753,-6.582440118582811e-05,0.0,0.0,0.8009245419137367,0.20411910097260177
2019-11-07,-0.003450126535722694,-0.00019814538516397474,0.0,0.0,5.588240096843846e-06,-0.003450126535722694,-0.0002037336252608186,0.0,0.0,0.8011936549930889,0.20397076353480034
2019-11-08,-0.0005200510189778926,-0.0006217251976155053,0.0,0.0,5.614182174115775e-06,-0.0005200510189778926,-0.0006273393797896211,0.0,0.0,0.8006690612423717,0.20491764935522574
2019-11-11,-0.000471033222776566,0.00016098362330670994,0.0,0.0,1.691305309825999e-05,-0.000471033222776566,0.00014407057020844995,0.0,0.0,0.8010681481253112,0.2057754793621632
2019-11-12,-0.0001104005397629375,-0.00028390419182226784,0.0,0.0,5.63511632844136e-06,-0.0001104005397629375,-0.0002895393081507092,0.0,0.0,0.80085896587435,0.2056817459881096
2019-11-13,0.002779697219416529,8.849742064188949e-05,0.0,0.0,5.645152246808625e-06,0.002779697219416529,8.285226839508086e-05,0.0,0.0,0.8010689447265092,0.20604805700851478
2019-11-14,0.0017093129862906153,-0.0003138478573181638,0.0,0.0,5.626621178369471e-06,0.0017093129862906153,-0.0003194744784965333,0.0,0.0,0.80155415351433,0.2053716730104857
2019-11-15,0.0011415074660946797,-0.0009904316291507167,4.140423532686373e-05,1.106042023534918e-06,5.479452054720006e-06,0.001100103230767816,-0.0009970171232289715,0.20214860950016936,0.005400047974349905,0.8000000000283543,0.19999999999728021
2019-11-18,0.00046582995920147515,-0.0006470562723837424,0.0,0.0,1.651805872116461e-05,0.00046582995920147515,-0.0006635743311049071,0.0,0.0,0.8010589294475029,0.20096971444083606
2019-11-19,-0.00047575400942588146,0.0009097209963563521,0.0,0.0,5.524839648774154e-06,-0.00047575400942588146,0.0009041961567075779,0.0,0.0,0.801683287764909,0.2016566471802566
2019-11-20,0.0011175387008754958,0.0008432411214049278,0.0,0.0,5.497560399278003e-06,0.0011175387008754958,0.0008377435610056498,0.0,0.0,0.8008644096881148,0.2006609545736471
2019-11-21,-0.0021702143065541824,0.0010672829870364314,0.0,0.0,5.463774681084317e-06,-0.0021702143065541824,0.0010618192123553472,0.0,0.0,0.800416907407826,0.19942777585957755
2019-11-22,0.00036056556909132303,-0.0005490728090919596,0.0,0.0,5.440564346133424e-06,0.00036056556909132303,-0.000554513373438093,0.0,0.0,0.799132447585791,0.19858059863386995
2019-11-25,0.00046143386243292485,-0.002328648757652626,0.0,0.0,1.6369997235401402e-05,0.00046143386243292485,-0.0023450187548880275,0.0,0.0,0.7996481031487381,0.1991682996973837
2019-11-26,0.002538021930486605,-0.000778267963266588,0.0,0.0,5.530882227439425e-06,0.002538021930486605,-0.0007837988454940275,0.0,0.0,0.8016194553066848,0.20187720130153902
2019-11-27,0.0004408245750341735,-0.0014316480456888978,0.0,0.0,5.54248188771635e-06,0.0004408245750341735,-0.0014371905275766142,0.0,0.0,0.8027492759258812,0.20230058890164676
2019-11-29,-0.00109464067982321,0.0009608802609884357,0.0,0.0,1.117454417904481e-05,-0.00109464067982321,0.0009497057168093909,0.0,0.0,0.8039911699287771,0.20393543126756775
2019-12-02,-0.003211253105766351,0.0011767147175965062,2.9613133846198904e-05,2.0897368633953288e-05,1.64383561634382e-05,-0.0032408662396125497,0.0011393789927991148,0.1459643318789146,0.1030039733897973,0.8000000001121303,0.1999999999884981
2019-12-03,0.0022203343316146364,0.0019304156877065404,0.0,0.0,5.458684651272219e-06,0.0022203343316146364,0.0019249570030552682,0.0,0.0,0.7984667146241518,0.199241989771436
2019-12-04,0.0015361257485088475,-0.0013812760957097377,0.0,0.0,5.383480455357206e-06,0.0015361257485088475,-0.001386659576165095,0.0,0.0,0.7973816696302236,0.19649703662053797
2019-12-05,0.0004795313617758197,-3.987501330103047e-05,0.0,0.0,5.420513452663675e-06,0.0004795313617758197,-4.529552675369414e-05,0.0,0.0,0.7987984020391055,0.1978487410222241
2019-12-06,0.00013709497719111675,-0.0008121467894138152,0.0,0.0,5.419252685066614e-06,0.00013709497719111675,-0.0008175660420988818,0.0,0.0,0.7989310089270946,0.1978027230049314
2019-12-09,0.00018686141719746958,-0.00019497476938828848,0.0,0.0,1.6335625766772017e-05,0.00018686141719746958,-0.0002113103951550605,0.0,0.0,0.7996122168810199,0.1987501134957262
2019-12-10,-0.0004968374867416396,0.0003922296358040982,0.0,0.0,5.450683627071646e-06,-0.0004968374867416396,0.0003867789521770265,0.0,0.0,0.7998186330463468,0.1989499523881151
2019-12-11,0.0008497340636927136,-0.0011081335749626073,0.0,0.0,5.440536387114368e-06,0.0008497340636927136,-0.0011135741113497217,0.0,0.0,0.7994097774282255,0.19857957812967442
2019-12-12,-0.002365854826020834,-0.0016800245164315338,0.0,0.0,5.4723400335411905e-06,-0.002365854826020834,-0.001685496856465075,0.0,0.0,0.8004707077215916,0.19974041122425346
2019-12-13,0.0023351163000504094,-0.000687375501341516,0.0,0.0,5.5408158962882915e-06,0.0023351163000504094,-0.0006929163172378043,0.0,0.0,0.8013514092758027,0.20223978021452269
2019-12-16,0.0016833712111028719,0.0002071085917512642,3.037408585013292e-05,2.0370156260856237e-05,1.6438356163424627e-05,0.001652997125252739,0.00017030007932698334,0.14964301665491894,0.10035698350385983,0.800000000219826,0.19999999998833295
2019-12-17,0.00042110241245417186,-0.001354050709542533,0.0,0.0,5.463815686613948e-06,0.00042110241245417186,-0.001359514525229147,0.0,0.0,0.8002243246567455,0.19942927256140908
2019-12-18,0.001217125336325929,-4.051077419612386e-05,0.0,0.0,5.506079938435578e-06,0.001217125336325929,-4.6016854134559434e-05,0.0,0.0,0.8013974681604689,0.20097191775289858
2019-12-19,0.0003721426023612219,-0.0007416582614156624,0.0,0.0,5.500747850194371e-06,0.0003721426023612219,-0.0007471590092658568,0.0,0.0,0.8016757442327567,0.20077729653209453
2019-12-20,0.001148755007553334,-0.00032484717237325604,0.0,0.0,5.523138522180141e-06,0.001148755007553334,-0.00033037031089543615,0.0,0.0,0.802348780791975,0.20159455605957516
2019-12-23,-0.0011487196958618337,0.0004909403436561547,0.0,0.0,1.658254443353669e-05,-0.0011487196958618337,0.000474357799222618,0.0,0.0,0.8028405034176741,0.20175429060802974
2019-12-24,0.000720685728959143,0.00014128601091780552,0.0,0.0,5.517785375015501e-06,0.000720685728959143,0.00013576822554279002,0.0,0.0,0.8022327789401645,0.20139916618806575
2019-12-26,0.0010448572126129116,-0.0007526509050178654,0.0,0.0,1.1018392305140635e-05,0.0010448572126129116,-0.0007636692973230061,0.0,0.0,0.8022663604721333,0.20108565956881658
2019-12-27,0.0009687596269200743,-0.0006723542887592032,0.0,0.0,5.528262244774749e-06,0.0009687596269200743,-0.0006778825510039779,0.0,0.0,0.8030853997753834,0.20178157193427831
2019-12-30,-0.0002933227535628761,0.0009977752753916806,0.0,0.0,1.6635209929439096e-05,-0.0002933227535628761,0.0009811400654622415,0.0,0.0,0.8038203464903547,0.202395054141509
2019-12-31,0.0003193256100084612,-0.0002170032849942176,4.107839157444852e-05,9.356950043866737e-06,5.479452054689632e-06,0.00027824721843401265,-0.00023183968709277397,0.20361908069368495,0.046380919335069125,0.8000000000505578,0.19999999999617157
2020-01-02,0.0012865002909432913,-0.0021805446552430182,0.0,0.0,1.097028559646521e-05,0.0012865002909432913,-0.0021915149408394835,0.0,0.0,0.8002821865399128,0.20020771213549007
2020-01-03,-0.0003116236289913001,0.0025821884247967334,0.0,0.0,5.54990649437428e-06,-0.0003116236289913001,0.002576638518302359,0.0,0.0,0.8022947753560883,0.20257158704466122
2020-01-06,-8.030240457812171e-06,0.000808975036515951,0.0,0.0,1.6400337808744514e-05,-8.030240457812171e-06,0.0007925746987072066,0.0,0.0,0.8001707530574307,0.19953744333972495
2020-01-07,-0.0011559391286784261,0.0004099495923000572,0.0,0.0,5.440347375566479e-06,-0.0011559391286784261,0.00040450924492449074,0.0,0.0,0.7995354517091604,0.1985726792081765
2020-01-08,0.0009925824130553567,-0.0015610590562790748,0.0,0.0,5.4331985476400925e-06,0.0009925824130553567,-0.001566492254826715,0.0,0.0,0.7989798899463062,0.19831174698886334
2020-01-09,0.0018014981720225493,-0.0017638098918434835,0.0,0.0,5.479111805097121e-06,0.0018014981720225493,-0.0017692890036485806,0.0,0.0,0.8004318480746387,0.1999875808860449
2020-01-10,0.00029173111552923867,0.00013789227909701435,0.0,0.0,5.527257335415602e-06,0.00029173111552923867,0.00013236502176159875,0.0,0.0,0.8022075078099714,0.20174489274266946
2020-01-13,0.0014359026650437893,-0.0016697770573756595,0.0,0.0,1.6563413914404783e-05,0.0014359026650437893,-0.0016863404712900642,0.0,0.0,0.8021590463724411,0.2015215359585915
2020-01-14,-0.00012078088673245068,0.00014484485136580358,0.0,0.0,5.568279795885336e-06,-0.00012078088673245068,0.00013927657156991824,0.0,0.0,0.8037962500070057,0.20324221254981475
2020-01-15,0.0014619483596693386,0.0003446713200982011,2.2012918556208515e-05,6.255716954963444e-07,5.479452054652773e-06,0.00143993544111313,0.00033856629634805194,0.1088594887518538,0.003093611361686326,0.8000000001639582,0.19999999999482626
2020-01-16,0.0015192115560034778,-0.0007435188110478264,0.0,0.0,5.460297855563894e-06,0.0015192115560034778,-0.0007489791089033903,0.0,0.0,0.8000390776340187,0.19930087172808209
2020-01-17,0.0001577962065876071,-0.0009975926594326522,0.0,0.0,5.476450094391142e-06,0.0001577962065876071,-0.0010030691095270433,0.0,0.0,0.8009413781523442,0.19989042844527663
2020-01-21,0.0002938831951486493,0.0026643172618019783,0.0,0.0,2.2033750132453187e-05,0.0002938831951486493,0.0026422835116695254,0.0,0.0,0.8017768946421758,0.20105796995863534
2020-01-22,0.000558788061942415,-0.0003310554729521554,0.0,0.0,5.419529896390882e-06,0.000558788061942415,-0.00033647500284854625,0.0,0.0,0.7997226587918914,0.1978128412182672
2020-01-23,-0.00015138204604878402,0.00011342315594810811,0.0,0.0,5.427393328934614e-06,-0.00015138204604878402,0.0001079957626191735,0.0,0.0,0.8001035733808436,0.1980998565061134
2020-01-24,-0.001747933625054117,0.000719013199746317,0.0,0.0,5.424521195024045e-06,-0.001747933625054117,0.000713588678551293,0.0,0.0,0.7999868997931692,0.19799502361837762
2020-01-27,-0.0025994320155385345,0.002831001315452342,0.0,0.0,1.623125532667306e-05,-0.0025994320155385345,0.0028147700601256686,0.0,0.0,0.799065475504628,0.19748027314118888
2020-01-28,0.0024868369130481524,-0.0013603780360067741,0.0,0.0,5.331708642635533e-06,0.0024868369130481524,-0.0013657097446494097,0.0,0.0,0.796294570973261,0.19460736545619697
2020-01-29,0.0005056117866486581,-5.466271377171226e-05,0.0,0.0,5.3629667060816e-06,0.0005056117866486581,-6.002568047779386e-05,0.0,0.0,0.7978868752331764,0.19574828477197842
2020-01-30,0.0015465715059969818,0.001244259935516899,9.979438771110801e-06,3.186641769502879e-05,5.479452054203101e-06,0.001536592067225871,0.001206914065767667,0.049229832714757414,0.15720106594433603,0.8000000001801566,0.19999999997841317
2020-01-31,-0.00259242242149303,0.0007464117724558285,0.0,0.0,5.4304642289840475e-06,-0.00259242242149303,0.0007409813082268444,0.0,0.0,0.7993535403457849,0.19821194435791775
2020-02-03,0.0006297600838665884,0.0014701934622877474,0.0,0.0,1.626014848155412e-05,0.0006297600838665884,0.0014539333138061934,0.0,0.0,0.7982390104464454,0.19783180652557508
2020-02-04,0.002067727976949418,-0.0015231369371894912,0.0,0.0,5.368583738421378e-06,0.002067727976949418,-0.0015285055209279127,0.0,0.0,0.7972076342462586,0.19595330645238035
2020-02-05,0.002218700014094852,-5.2621086397582e-05,0.0,0.0,5.407397727239295e-06,0.002218700014094852,-5.8028484124821294e-05,0.0,0.0,0.7988446072720954,0.19737001704423424
2020-02-06,0.0007890345356449545,-0.0010388438156037846,0.0,0.0,5.397177872268434e-06,0.0007890345356449545,-0.001044240993476053,0.0,0.0,0.7993362043066704,0.19699699233779783
2020-02-07,5.561431438805961e-05,0.00029958576251978256,0.0,0.0,5.427024358331589e-06,5.561431438805961e-05,0.00029415873816145095,0.0,0.0,0.8003294880960701,0.19808638907910303
2020-02-10,0.001663234366446186,-0.000821895646266204,0.0,0.0,1.625076550780644e-05,0.001663234366446186,-0.0008381464117740104,0.0,0.0,0.8001052471557998,0.19771764701164507
2020-02-11,-0.0003170623133656079,-0.0004001132318456158,0.0,0.0,5.434955208797321e-06,-0.0003170623133656079,-0.0004055481870544131,0.0,0.0,0.8011074973757635,0.19837586512110217
2020-02-12,0.0008586747904479672,-0.000359902156757683,0.0,0.0,5.449855337842149e-06,0.0008586747904479672,-0.00036535201209552515,0.0,0.0,0.8013695130872713,0.19891971983123846
2020-02-13,0.001589735478814558,0.0006772569866626444,4.159177809658438e-05,1.648181961466464e-07,5.479452055347231e-06,0.0015481437007179735,0.0006716127164111505,0.20658301930193468,0.0008186387347231224,0.7999999999659739,0.20000000002017393
2020-02-14,0.0018876633459218148,0.00048650421204755716,0.0,0.0,5.448802056081614e-06,0.0018876633459218148,0.00048105540999147554,0.0,0.0,0.7998143424256772,0.1988812750469789
2020-02-18,0.0006534648180179876,0.0001581783713067213,0.0,0.0,2.1690513966980067e-05,0.0006534648180179876,0.00013648785733974122,0.0,0.0,0.7998074867765514,0.19792593994869315
2020-02-19,-0.0005916128331029179,-0.0011589608665077032,0.0,0.0,5.4140180197175025e-06,-0.0005916128331029179,-0.0011643748845274206,0.0,0.0,0.7998291244378907,0.19761165771968886
2020-02-20,0.0005757282299775357,0.0006265219116452802,0.0,0.0,5.455349899643713e-06,0.0005757282299775357,0.0006210665617456365,0.0,0.0,0.8006434316369436,0.19912027133699553
2020-02-21,-0.00024805640429490574,-0.0006191513794292732,0.0,0.0,5.431684304277377e-06,-0.00024805640429490574,-0.0006245830637335506,0.0,0.0,0.8002614111780064,0.1982564771061243
2020-02-24,-0.0065943044792130924,0.00224736185431322,0.0,0.0,1.6360218639796435e-05,-0.0065943044792130924,0.0022310016356734234,0.0,0.0,0.8007120877440044,0.19904932678418993
2020-02-25,-0.007104664799034233,0.00040793862856015065,0.0,0.0,5.415463964930327e-06,-0.007104664799034233,0.00040252316459522033,0.0,0.0,0.7975979446446607,0.19766443471995698
2020-02-26,-0.002276729275686039,0.00033697140329221216,0.0,0.0,5.440752256367929e-06,-0.002276729275686039,0.00033153065103584423,0.0,0.0,0.795827025285605,0.19858745735742941
2020-02-27,-0.014157595577297316,0.0015134798602567017,0.0,0.0,5.442106140506762e-06,-0.014157595577297316,0.0015080377541161949,0.0,0.0,0.7950969174401872,0.19863687412849673
2020-02-28,0.0011399157094995251,-0.001948959478973405,5.9280244446109765e-05,2.3095390587569657e-05,2.364323972954602e-06,0.0010806354650534154,-0.0019744191935339296,0.2909445190359688,0.11335103910640598,0.5000001000096834,0.08629782501284297
2020-03-02,0.000838044006107412,0.0006498810698904654,0.0,0.0,7.259648925274279e-06,0.000838044006107412,0.0006426214209651911,0.0,0.0,0.5015883272044341,0.08832572859083705
2020-03-03,0.0028488991015338467,-0.0013592853799420596,0.0,0.0,2.3985265988616605e-06,0.0028488991015338467,-0.0013616839065409214,0.0,0.0,0.5016835457290492,0.08754622085845061
2020-03-04,0.0008434281136871373,0.0009427003573970883,0.0,0.0,2.4321501635228433e-06,0.0008434281136871373,0.0009402682072335654,0.0,0.0,0.5037832107845219,0.08877348096858378
2020-03-05,-0.0005964385816138326,-0.0021823750074927003,0.0,0.0,2.4020382496821997e-06,-0.0005964385816138326,-0.0021847770457423827,0.0,0.0,0.5037281408666011,0.08767439611340028
2020-03-06,0.0004258006518476106,-0.004689568107277168,0.0,0.0,2.468695319780444e-06,0.0004258006518476106,-0.004692036802596948,0.0,0.0,0.5045349226965379,0.09010737917198622
2020-03-09,-0.009445056619271633,-0.002580240754959841,0.0,0.0,7.824912839396008e-06,-0.009445056619271633,-0.002588065667799237,0.0,0.0,0.5071242350930606,0.09520310621265143
2020-03-10,-0.0027804110646018503,0.005073208929817365,0.0,0.0,2.711625124046157e-06,-0.0027804110646018503,0.0050704973046933185,0.0,0.0,0.5037407525502068,0.09897431702768472
2020-03-11,-0.009194158131087666,0.0034474882182561725,0.0,0.0,2.5667550082456395e-06,-0.009194158131087666,0.003444921463247927,0.0,0.0,0.4998157203817772,0.09368655780096584
2020-03-12,-0.01398809579802701,-0.0005625131736325489,0.0,0.0,2.4865993242518353e-06,-0.01398809579802701,-0.0005649997729568007,0.0,0.0,0.49345857236901336,0.09076087533519199
2020-03-13,0.0,0.0,9.85262356537308e-05,1.876601404379802e-05,0.0,-9.85262356537308e-05,-1.876601404379802e-05,0.4865513042012134,0.09267205376401155,0.0,0.0
2020-03-16,0.0,0.0,0.0,0.0,0.0,0.0,0.0,0.0,0.0,0.0,0.0
2020-03-17,0.0,0.0,0.0,0.0,0.0,0.0,0.0,0.0,0.0,0.0,0.0
2020-03-18,0.0,0.0,0.0,0.0,0.0,0.0,0.0,0.0,0.0,0.0,0.0
2020-03-19,0.0,0.0,0.0,0.0,0.0,0.0,0.0,0.0,0.0,0.0,0.0
2020-03-20,0.0,0.0,0.0,0.0,0.0,0.0,0.0,0.0,0.0,0.0,0.0
2020-03-23,0.0,0.0,0.0,0.0,0.0,0.0,0.0,0.0,0.0,0.0,0.0
2020-03-24,0.0,0.0,0.0,0.0,0.0,0.0,0.0,0.0,0.0,0.0,0.0
2020-03-25,0.0,0.0,0.0,0.0,0.0,0.0,0.0,0.0,0.0,0.0,0.0
2020-03-26,0.0,0.0,0.0,0.0,0.0,0.0,0.0,0.0,0.0,0.0,0.0
2020-03-27,0.0,0.0,0.0,0.0,0.0,0.0,0.0,0.0,0.0,0.0,0.0
2020-03-30,0.0,0.0,0.0,0.0,0.0,0.0,0.0,0.0,0.0,0.0,0.0
2020-03-31,0.0,0.0,0.0,0.0,0.0,0.0,0.0,0.0,0.0,0.0,0.0
2020-04-01,0.0,0.0,0.0,0.0,0.0,0.0,0.0,0.0,0.0,0.0,0.0
2020-04-02,0.0,0.0,0.0,0.0,0.0,0.0,0.0,0.0,0.0,0.0,0.0
2020-04-03,0.0,0.0,0.0,0.0,0.0,0.0,0.0,0.0,0.0,0.0,0.0
2020-04-06,0.0,0.0,0.0,0.0,0.0,0.0,0.0,0.0,0.0,0.0,0.0
2020-04-07,0.0,0.0,0.0,0.0,0.0,0.0,0.0,0.0,0.0,0.0,0.0
2020-04-08,0.0,0.0,0.0,0.0,0.0,0.0,0.0,0.0,0.0,0.0,0.0
2020-04-09,0.0,0.0,0.0,0.0,0.0,0.0,0.0,0.0,0.0,0.0,0.0
2020-04-13,0.0,0.0,0.0,0.0,0.0,0.0,0.0,0.0,0.0,0.0,0.0
2020-04-14,0.0,0.0,0.0,0.0,0.0,0.0,0.0,0.0,0.0,0.0,0.0
2020-04-15,0.0,0.0,0.0,0.0,0.0,0.0,0.0,0.0,0.0,0.0,0.0
2020-04-16,0.0,0.0,0.0,0.0,0.0,0.0,0.0,0.0,0.0,0.0,0.0
2020-04-17,0.0,0.0,0.0,0.0,0.0,0.0,0.0,0.0,0.0,0.0,0.0
2020-04-20,0.0,0.0,0.0,0.0,0.0,0.0,0.0,0.0,0.0,0.0,0.0
2020-04-21,0.0,0.0,0.0,0.0,0.0,0.0,0.0,0.0,0.0,0.0,0.0
2020-04-22,0.0,0.0,0.0,0.0,0.0,0.0,0.0,0.0,0.0,0.0,0.0
2020-04-23,0.0,0.0,0.0,0.0,0.0,0.0,0.0,0.0,0.0,0.0,0.0
2020-04-24,0.0,0.0,0.0,0.0,0.0,0.0,0.0,0.0,0.0,0.0,0.0
2020-04-27,0.0,7.442013371941099e-16,3.0054034722238116e-05,7.102654232781482e-17,2.91365105558476e-17,-3.0054034722238116e-05,6.440382843104474e-16,0.14999999999971525,3.544942117628125e-13,0.14999999999971525,3.544942117628125e-13
2020-04-28,3.4628786320909956e-05,-1.3416996001677646e-15,0.0,0.0,9.692072393431424e-18,3.4628786320909956e-05,-1.351391672561196e-15,0.0,0.0,0.15000450824041428,3.537606423602469e-13
2020-04-29,-1.6994038275533212e-05,-9.18842040700763e-16,0.0,0.0,9.728494400632895e-18,-1.6994038275533212e-05,-9.28570535101396e-16,0.0,0.0,0.15003394153343316,3.550900456231007e-13
2020-04-30,0.00018405939389520555,2.2537125494291653e-15,0.0,0.0,9.75383391219949e-18,0.00018405939389520555,2.243958715516966e-15,0.0,0.0,0.1500194969322307,3.560149377952813e-13
2020-05-01,-0.0001565837723740523,1.6127054529527176e-15,0.0,0.0,9.690304771277177e-18,-0.0001565837723740523,1.6030151481814404e-15,0.0,0.0,0.15017591503822597,3.5369612415161686e-13
2020-05-04,0.0,-2.5788496177339265e-16,0.0,0.0,2.8942895168420976e-17,0.0,-2.868278569418136e-16,0.0,0.0,0.150042825537492,3.5213855788245515e-13
2020-05-05,-1.1569735820103303e-05,-2.5094620866126874e-16,0.0,0.0,9.654697064225446e-18,-1.1569735820103303e-05,-2.606009057254942e-16,0.0,0.0,0.15004282553749204,3.5239644284422876e-13
2020-05-06,4.012266459727538e-05,1.9529483678594486e-15,0.0,0.0,9.661684085951358e-18,4.012266459727538e-05,1.943286683773497e-15,0.0,0.0,0.15003299164374959,3.526514691372246e-13
2020-05-07,6.387037728540619e-05,-2.4874027756027237e-15,0.0,0.0,9.607793160952948e-18,6.387037728540619e-05,-2.4970105687636765e-15,0.0,0.0,0.15006709321669837,3.506844503747826e-13
2020-05-08,-2.3127086353887522e-05,-6.081714137681457e-16,0.0,0.0,9.675323215658222e-18,-2.3127086353887522e-05,-6.178467369838039e-16,0.0,0.0,0.15012137528510608,3.5314929737152507e-13
2020-05-11,-2.3647476845870562e-05,2.5985464104815438e-14,1.002568530451774e-05,1.7927362868648832e-15,7.542247759540226e-16,-3.3673162150388305e-05,2.3438503041996532e-14,0.0501166898660092,8.96158275184063e-12,0.19999999999247164,9.17640144077394e-12
2020-05-12,2.307246158793799e-05,-2.6059004407316585e-14,0.0,0.0,2.5070477015029254e-16,2.307246158793799e-05,-2.6309709177466878e-14,0.0,0.0,0.1999830865785228,9.150724110485677e-12
2020-05-13,0.0,-2.433065793614734e-14,0.0,0.0,2.5141291476170844e-16,0.0,-2.4582070850909048e-14,0.0,0.0,0.20000154451216273,9.176571388802358e-12
2020-05-14,-1.214247089626618e-05,-3.1142039358613863e-14,0.0,0.0,2.520795081298282e-16,-1.214247089626618e-05,-3.1394118866743693e-14,0.0,0.0,0.20000154451216762,9.20090204673873e-12
2020-05-15,3.58213413829746e-05,-5.5271573771974866e-15,0.0,0.0,2.52935785953026e-16,3.58213413829746e-05,-5.780093163150512e-15,0.0,0.0,0.19999183043625818,9.23215618728545e-12
2020-05-18,-8.077031188835099e-05,5.0575154645206954e-14,0.0,0.0,7.592344479704469e-16,-8.077031188835099e-05,4.9815920197236505e-14,0.0,0.0,0.20002048677550194,9.237352450307104e-12
2020-05-19,5.76728799240902e-05,-2.442374695412085e-14,0.0,0.0,2.517128595744327e-16,5.76728799240902e-05,-2.467545981369528e-14,0.0,0.0,0.199955866961342,9.187519374466795e-12
2020-05-20,0.0,-2.125640050920117e-14,0.0,0.0,2.5236744856904863e-16,0.0,-2.1508767957770217e-14,0.0,0.0,0.20000200514964345,9.211411872770271e-12
2020-05-21,-1.2152699892203488e-05,1.0057714949764657e-14,0.0,0.0,2.5294981570629244e-16,-1.2152699892203488e-05,9.804765134058365e-15,0.0,0.0,0.20000200514964778,9.232668273279674e-12
2020-05-22,-1.0929584896282503e-05,-2.317805284893769e-14,0.0,0.0,2.5267733258384224e-16,-1.0929584896282503e-05,-2.3430730181521532e-14,0.0,0.0,0.1999922828959484,9.222722639310243e-12
2020-05-26,1.0929342497499854e-05,-2.3865597074003668e-15,4.616677841526601e-09,1.7340610088593675e-15,6.696380128147152e-17,1.0924725819658327e-05,-4.187584517541206e-15,2.3082683854418267e-05,8.670040108005171e-12,0.19999999999978482,6.110446866934276e-13
2020-05-27,-3.400598227481285e-05,-8.917385843133041e-16,0.0,0.0,1.6806151915229215e-17,-3.400598227481285e-05,-9.085447362285332e-16,0.0,0.0,0.2000087443015901,6.134245449058663e-13
2020-05-28,4.6165326385687875e-05,1.3875692231947596e-15,0.0,0.0,1.683115546929456e-17,4.6165326385687875e-05,1.370738067725465e-15,0.0,0.0,0.19998153888798217,6.143371746292514e-13
2020-05-29,3.1324814745084164e-17,-2.069486695534159e-15,0.0,0.0,1.6792364649143697e-17,3.1324814745084164e-17,-2.0862790601833027e-15,0.0,0.0,0.20001847029640318,6.129213096937449e-13
2020-06-01,-5.989110715752275e-07,-2.4773210834039387e-15,0.0,0.0,5.0547188744324427e-17,-5.989110715752275e-07,-2.5278682721482632e-15,0.0,0.0,0.20001847029640366,6.149907963892804e-13
2020-06-02,-1.6083271238245822e-17,-4.602684607338557e-15,0.0,0.0,1.6916944857024638e-17,-1.6083271238245822e-17,-4.6196015521955814e-15,0.0,0.0,0.200017991178322,6.174684872813993e-13
2020-06-03,-8.088034173117267e-05,-1.428009436647778e-15,0.0,0.0,1.7043045805170976e-17,-8.088034173117267e-05,-1.445052482452949e-15,0.0,0.0,0.20001799117832292,6.220711718887406e-13
2020-06-04,2.3068120177693308e-05,2.5076779265491403e-15,0.0,0.0,1.7083551074829446e-17,2.3068120177693308e-05,2.490594375474311e-15,0.0,0.0,0.19995328312646155,6.235496142312748e-13
2020-06-05,-5.646624310342305e-05,-3.4682814723015882e-15,0.0,0.0,1.7014455078497925e-17,-5.646624310342305e-05,-3.485295927380086e-15,0.0,0.0,0.1999717382745481,6.210276103651743e-13
2020-06-08,-1.219969552452884e-05,-4.050962642210228e-15,0.0,0.0,5.1331327953337126e-17,-1.219969552452884e-05,-4.1022939701635655e-15,0.0,0.0,0.1999265611332491,6.245311567656018e-13
2020-06-09,3.470279556231412e-05,-3.803617494119333e-14,2.0801651848991222e-08,1.4237429271054682e-15,1.8322362967524828e-16,3.468199391046513e-05,-3.964314149797405e-14,0.00010400070196948678,7.11819738730226e-12,0.19999999999403578,6.687662483146561e-12
2020-06-10,6.875128546147128e-05,-6.874005039376531e-14,0.0,0.0,1.8425932617911728e-16,6.875128546147128e-05,-6.892430971994442e-14,0.0,0.0,0.20002776542786352,6.7254654055377805e-12
2020-06-11,-6.812574379004338e-05,5.198477059650859e-14,0.0,0.0,1.8612981856672494e-16,-6.812574379004338e-05,5.179864077794187e-14,0.0,0.0,0.20008276076633744,6.79373837768546e-12
2020-06-12,5.653928178781031e-05,3.2534616945371555e-15,0.0,0.0,1.847181623386009e-16,5.653928178781031e-05,3.0687435321985546e-15,0.0,0.0,0.2000282620966714,6.742212925358933e-12
2020-06-15,-2.313990438064463e-05,-1.3129546155501926e-14,0.0,0.0,5.538557645981467e-16,-2.313990438064463e-05,-1.3683401920100073e-14,0.0,0.0,0.200073489367065,6.738578469277451e-12
2020-06-16,-1.1549723520344581e-05,-3.739464830500114e-15,0.0,0.0,1.8498258227195205e-16,-1.1549723520344581e-05,-3.9244474127720665e-15,0.0,0.0,0.20005497871576544,6.7518642529262495e-12
2020-06-17,3.469056403497304e-05,-1.0332403618155323e-14,0.0,0.0,1.8508717106885235e-16,3.469056403497304e-05,-1.0517490789224175e-14,0.0,0.0,0.20004573946522813,6.755681744013112e-12
2020-06-18,-2.2447051159817777e-05,-2.3923910259825652e-14,0.0,0.0,1.8536382024456063e-16,-2.2447051159817777e-05,-2.4109274080070214e-14,0.0,0.0,0.20007348936707064,6.765779438926464e-12
2020-06-19,2.3109679230585027e-05,-7.55518063123606e-15,0.0,0.0,1.8602344551852326e-16,2.3109679230585027e-05,-7.741204076754583e-15,0.0,0.0,0.20005553297269907,6.789855761426099e-12
2020-06-22,-2.310914518564252e-05,-2.7920711470668038e-14,0.0,0.0,5.586783994274827e-16,-2.310914518564252e-05,-2.847938987009552e-14,0.0,0.0,0.20007401900552962,6.79725385970104e-12
2020-06-23,-0.0004586402158900164,0.0,5.086417773914299e-05,1.3886596605644138e-15,0.0,-0.0005095043936291594,-1.3886596605644138e-15,0.25000000002310957,6.825332298766935e-12,0.44993058899971505,0.0
2020-06-24,0.0009843462413379074,0.0,0.0,0.0,0.0,0.0009843462413379074,0.0,0.0,0.0,0.4497010734565714,0.0
2020-06-25,0.0002434626079726024,0.0,0.0,0.0,0.0,0.0002434626079726024,0.0,0.0,0.0,0.45024222545559056,0.0
2020-06-26,0.0010837381438892001,0.0,0.0,0.0,0.0,0.0010837381438892001,0.0,0.0,0.0,0.4503760383387008,0.0
2020-06-29,-2.1086104992076227e-06,0.0,0.0,0.0,0.0,-2.1086104992076227e-06,0.0,0.0,0.0,0.4509710419626257,0.0
2020-06-30,-0.0005809961633872467,0.0,0.0,0.0,0.0,-0.0005809961633872467,0.0,0.0,0.0,0.4509698842719593,0.0
2020-07-01,-0.000398846634034322,0.0,0.0,0.0,0.0,-0.000398846634034322,0.0,0.0,0.0,0.4506507144446922,0.0
2020-07-02,0.0006632662510266938,0.0,0.0,0.0,0.0,0.0006632662510266938,0.0,0.0,0.0,0.45043152090663435,0.0
2020-07-06,-0.0008654844907663387,0.0,0.0,0.0,0.0,-0.0008654844907663387,0.0,0.0,0.0,0.4507957895243645,0.0
2020-07-07,0.0013715553703185389,0.0,0.0,0.0,0.0,0.0013715553703185389,0.0,0.0,0.0,0.45032005005280007,0.0
2020-07-08,-0.0005271439597507041,1.9340270377635747e-15,3.105318316360791e-05,5.4717099502446004e-17,7.251072369505797e-18,-0.0005581971429143121,1.8720588658916228e-15,0.150202845859296,2.646641414869616e-13,0.5999999999932705,2.646641414869616e-13
2020-07-09,0.0018685840279558154,1.8564121686419895e-15,0.0,0.0,7.202105522100679e-18,0.0018685840279558154,1.8492100631198888e-15,0.0,0.0,0.5998076669595135,2.628768515566748e-13
2020-07-10,-0.0006420932134978566,-3.947062672901784e-15,0.0,0.0,7.137907135474232e-18,-0.0006420932134978566,-3.954200580037258e-15,0.0,0.0,0.6005540652532121,2.6053361044480945e-13
2020-07-13,0.00024303060252055679,7.092738077190115e-16,0.0,0.0,2.1752104395135717e-17,0.00024303060252055679,6.875217033238758e-16,0.0,0.0,0.6002974189384973,2.646506034741512e-13
2020-07-14,0.0005541646449554301,-4.302783959998143e-15,0.0,0.0,7.229512313196238e-18,0.0005541646449554301,-4.31001347231134e-15,0.0,0.0,0.6003945352953547,2.638771994316627e-13
2020-07-15,-0.00017330384038570902,-3.944131687685574e-15,0.0,0.0,7.343327392833572e-18,-0.00017330384038570902,-3.9514750150784074e-15,0.0,0.0,0.6006158598655756,2.680314498384254e-13
2020-07-16,0.0006797421827129081,9.757865742747286e-16,0.0,0.0,7.452677372845815e-18,0.0006797421827129081,9.683338969018829e-16,0.0,0.0,0.6005466330630328,2.7202272410887227e-13
2020-07-17,1.7949610082889623e-05,-1.3458354928108871e-15,0.0,0.0,7.420899195881456e-18,1.7949610082889623e-05,-1.3532563920067685e-15,0.0,0.0,0.6008179739247363,2.708628206496731e-13
2020-07-20,0.0005931624907886054,1.0724450334611051e-15,0.0,0.0,2.2372912618433946e-17,0.0005931624907886054,1.0500721208426712e-15,0.0,0.0,0.6008251389578477,2.722037701909463e-13
2020-07-21,0.00026088088034857253,-1.242682246568086e-15,0.0,0.0,7.423851933262731e-18,0.00026088088034857253,-1.2501060985013487e-15,0.0,0.0,0.6010617741495635,2.709705955640897e-13
2020-07-22,0.0005350838877042913,-1.0654006883536696e-05,2.173334405788286e-07,2.3799689237753501e-07,3.2507539302668276e-08,0.0005348665542637125,-1.09245113152169e-05,0.001083508268173309,0.0011865251845450827,0.6011865251197149,0.0011865251845473922
2020-07-23,0.0010531416798410943,5.380369823428278e-06,0.0,0.0,3.278225390113581e-08,0.0010531416798410943,5.347587569527142e-06,0.0,0.0,0.601406506853576,0.0011965522673914567
2020-07-24,-9.361776789411553e-05,1.3100689551032132e-05,0.0,0.0,3.2600339399344965e-08,-9.361776789411553e-05,1.3068089211632787e-05,0.0,0.0,0.6018226257431831,0.0011899123880760912
2020-07-27,-0.0007463362976090795,-8.84638383530169e-06,0.0,0.0,9.673204092865558e-08,-0.0007463362976090795,-8.943115876230346e-06,0.0,0.0,0.6017774809580183,0.0011769064979653095
2020-07-28,0.0008273595579459011,1.3446051486733036e-06,0.0,0.0,3.2510935163346454e-08,0.0008273595579459011,1.3120942135099572e-06,0.0,0.0,0.6014854342263918,0.0011866491334621453
2020-07-29,0.0004576282026133187,-1.2428856945203241e-05,0.0,0.0,3.2447208584177116e-08,0.0004576282026133187,-1.2461304153787419e-05,0.0,0.0,0.6018140875101478,0.0011843231133224646
2020-07-30,0.0006883187123499048,8.28212317897525e-06,0.0,0.0,3.27731356976415e-08,0.0006883187123499048,8.24935004327761e-06,0.0,0.0,0.6020037235822728,0.001196219452963915
2020-07-31,0.0001761771382758756,6.822616062276562e-06,0.0,0.0,3.252357333082886e-08,0.0001761771382758756,6.790092488945733e-06,0.0,0.0,0.6022725184933831,0.0011871104265752535
2020-08-03,-0.0002740633557430321,-1.2188600188832842e-05,0.0,0.0,9.699221063227876e-08,-0.0002740633557430321,-1.228559239946512e-05,0.0,0.0,0.6023384874266317,0.0011800718960260578
2020-08-04,0.0013715107758822424,5.257163508427657e-06,0.0,0.0,3.267402730252474e-08,0.0013715107758822424,5.224489481125132e-06,0.0,0.0,0.6022368739662814,0.001192601996542153
2020-08-05,-0.0009826744405262565,-0.0014826085617705537,2.1571114676940328e-05,2.1511581872369916e-05,2.810101787263694e-06,-0.001004245555203197,-0.0015069302454301873,0.10166357793148044,0.10138300281945836,0.7025687152138371,0.10256871523512485
2020-08-06,0.0010163916202507966,0.00043019763013815997,0.0,0.0,2.857897883921729e-06,0.0010163916202507966,0.00042733973225423825,0.0,0.0,0.7033522820031974,0.1043132727631431
2020-08-07,-0.001148248939523485,-0.00032034219280764847,0.0,0.0,2.842008550630954e-06,-0.001148248939523485,-0.0003231842013582794,0.0,0.0,0.703353220527088,0.10373331209802981
2020-08-10,-0.0006528859850436315,-0.0009876324518967683,0.0,0.0,8.564957910111316e-06,-0.0006528859850436315,-0.0009961974098068795,0.0,0.0,0.7032397418497073,0.10420698790635434
2020-08-11,-0.0020167235095040685,0.00019275986388540953,0.0,0.0,2.8868049755260545e-06,-0.0020167235095040685,0.00018987305890988347,0.0,0.0,0.7037473940062887,0.10536838160670096
2020-08-12,-0.001135419401400105,-0.0006499932413230853,0.0,0.0,2.886797630917626e-06,-0.001135419401400105,-0.0006528800389540029,0.0,0.0,0.7030149737182962,0.10536811352849336
2020-08-13,-0.0018457880925169005,2.222431102956588e-05,0.0,0.0,2.9098092752248995e-06,-0.0018457880925169005,1.9314501754340982e-05,0.0,0.0,0.7031369737735877,0.10620803854570883
2020-08-14,-0.0006392216249521837,-0.0001112123209402491,0.0,0.0,2.914523690541639e-06,-0.0006392216249521837,-0.00011412684463079073,0.0,0.0,0.7025744193034741,0.10638011470476985
2020-08-17,0.0006391208803275607,-0.0004896298281075888,0.0,0.0,8.759310623585215e-06,0.0006391208803275607,-0.000498389138731174,0.0,0.0,0.7024643981578106,0.10657161258695345
2020-08-18,0.0012990563138898046,0.0004334633884696595,0.0,0.0,2.9327719895905023e-06,0.0012990563138898046,0.000430530616480069,0.0,0.0,0.7030045839786847,0.10704617762005332
2020-08-19,-0.001347448662974787,-9.251131056910443e-05,1.148368910076776e-05,1.1070194205599775e-05,4.181455017695899e-06,-0.0013589323520755549,-0.00010776295979240011,0.05581527747372525,0.05380552850671194,0.7526231081618557,0.15262310814590027
2020-08-20,0.0009764382320554754,0.0005005512821614684,0.0,0.0,4.190135225841681e-06,0.0009764382320554754,0.0004963611469356267,0.0,0.0,0.7523791705010019,0.15293993574322132
2020-08-21,0.0010190662530828768,0.00032573693966194274,0.0,0.0,4.1702795070156794e-06,0.0010190662530828768,0.00032156666015492705,0.0,0.0,0.7522476987894329,0.15221520200607233
2020-08-24,-8.847085964459303e-05,-0.0018275192899344362,0.0,0.0,1.2467351480161536e-05,-8.847085964459303e-05,-0.0018399866414145977,0.0,0.0,0.7522582628560759,0.1516861096752987
2020-08-25,-0.001477666613324758,0.0005575397898177031,0.0,0.0,4.213979328407728e-06,-0.001477666613324758,0.0005533258104892954,0.0,0.0,0.7536231221593309,0.15381024548688207
2020-08-26,-0.00019031614967271237,-0.0009971380883991919,0.0,0.0,4.202588890061623e-06,-0.00019031614967271237,-0.0010013406772892534,0.0,0.0,0.7528413375123301,0.15339449448724923
2020-08-27,-0.003190138801491737,0.00021428463876993324,0.0,0.0,4.234954354066482e-06,-0.003190138801491737,0.00021004968441586675,0.0,0.0,0.7535489931648126,0.1545758339234266
2020-08-28,0.0009954594595019113,-0.0008219915603865954,0.0,0.0,4.241724258345321e-06,0.0009954594595019113,-0.0008262332846449408,0.0,0.0,0.7526016744227613,0.1548229354296042
2020-08-31,0.0016307420176189579,0.001662532422620535,0.0,0.0,1.2790569226100349e-05,0.0016307420176189579,0.0016497418533944345,0.0,0.0,0.7534696270993981,0.15561859225088756
2020-09-01,0.0019558554577304957,-0.0029451724431750616,0.0,0.0,4.2041824890242885e-06,0.0019558554577304957,-0.0029493766256640857,0.0,0.0,0.7526313740336811,0.15345266084938652
2020-09-02,0.0012941404270175117,-0.002470775865027505,6.942000838830171e-07,7.887228266614865e-07,4.182131423645547e-06,0.0012934462269336288,-0.0024757467192778122,0.0034375203705826196,0.00390557541887196,0.7526477969742635,0.15264779696306247
2020-09-03,-7.9912808071832e-05,0.002870117581772776,0.0,0.0,4.254854429585306e-06,-7.9912808071832e-05,0.0028658627273431907,0.0,0.0,0.754834378458571,0.15530218667986367
2020-09-04,-0.0036519710024518004,-0.00013379465090251105,0.0,0.0,4.164618652182729e-06,-0.0036519710024518004,-0.00013795926955469378,0.0,0.0,0.7526575992725669,0.1520085808046696
2020-09-08,0.0009084372045307038,0.0016556376862554491,0.0,0.0,1.6736567459892806e-05,0.0009084372045307038,0.0016389011187955564,0.0,0.0,0.7518551066991567,0.15272117807152186
2020-09-09,-7.125707988594027e-05,-0.0024773655497330248,0.0,0.0,4.1282658385839605e-06,-7.125707988594027e-05,-0.002481493815571609,0.0,0.0,0.7508508727005544,0.15068170310831452
2020-09-10,0.0005877566431996182,0.0008845043468990568,0.0,0.0,4.206877978871414e-06,0.0005877566431996182,0.0008802974689201854,0.0,0.0,0.7527010739612349,0.15355104622880658
2020-09-11,0.00048303008968908175,-0.0011848580832513555,0.0,0.0,4.176513635049701e-06,0.00048303008968908175,-0.0011890345968864052,0.0,0.0,0.7521845829343846,0.15244274767931407
2020-09-14,-1.005334809138111e-05,-0.0013727025952061502,0.0,0.0,1.263584746629624e-05,-1.005334809138111e-05,-0.0013853384426724465,0.0,0.0,0.7531993751777675,0.15373614417327092
2020-09-15,0.00010549315955364842,-0.0005522525092879946,0.0,0.0,4.255495529238833e-06,0.00010549315955364842,-0.0005565080048172335,0.0,0.0,0.7542417846241918,0.15532558681721736
2020-09-16,-0.0002753335572391573,-0.00013382662353478487,0.0,0.0,4.272552719676495e-06,-0.0002753335572391573,-0.00013809917625446136,0.0,0.0,0.7546876531188391,0.15594817426819207
2020-09-17,-0.0002661518920316065,0.0003928221298085643,3.180024266105584e-05,1.0943083430494101e-05,5.4794520536676765e-06,-0.0002979521346926624,0.00037639959432440254,0.15483415060641542,0.05328144964285741,0.8000000002782238,0.1999999999588702
2020-09-18,-0.000893275959143232,0.0027580044170889785,0.0,0.0,5.468260832365032e-06,-0.000893275959143232,0.0027525361562566134,0.0,0.0,0.7996711162185839,0.19959152038132366
2020-09-21,-0.0009775944404751132,0.004379316788959862,0.0,0.0,1.614807373179027e-05,-0.0009775944404751132,0.004363168715228072,0.0,0.0,0.7972954605443116,0.19646823040344824
2020-09-22,-2.8870326511311542e-05,-0.0008852341396345495,0.0,0.0,5.244952784820197e-06,-2.8870326511311542e-05,-0.0008904790924193697,0.0,0.0,0.7936309695098166,0.19144077664593714
2020-09-23,-0.0022988329768560255,0.003917675273714402,0.0,0.0,5.274054473863125e-06,-0.0022988329768560255,0.003912401219240538,0.0,0.0,0.7943323681844334,0.19250298829600407
2020-09-24,0.0002561298106599884,-0.0008133105121206713,0.0,0.0,5.158397478367573e-06,0.0002561298106599884,-0.0008184689095990389,0.0,0.0,0.7907575938666896,0.18828150796041648
2020-09-25,0.0007860052322047503,-0.0018812241659752907,0.0,0.0,5.183594896234916e-06,0.0007860052322047503,-0.0018864077608715256,0.0,0.0,0.7914587919012349,0.18920121371257442
2020-09-28,0.0009689176074438001,-0.0023054571775657905,0.0,0.0,1.5722707159747558e-05,0.0009689176074438001,-0.002321179884725538,0.0,0.0,0.7931175456862427,0.19129293711026196
2020-09-29,-5.556822732140145e-05,0.0012804309631057604,0.0,0.0,5.3112477969679226e-06,-5.556822732140145e-05,0.0012751197153087926,0.0,0.0,0.795161730506188,0.19386054458932916
2020-09-30,-0.00044116244067392334,-0.0011266254799439659,0.0,0.0,5.269740776403689e-06,-0.00044116244067392334,-0.0011318952207203697,0.0,0.0,0.7941376705011401,0.19234553833873466
2020-10-01,0.0004824650910221413,0.0014630121152523967,1.042692520874024e-06,2.0302952906314497e-05,5.4794520542851e-06,0.00048142239850126726,0.001437229710291797,0.0050529947797706655,0.09839018981697636,0.8000000001867026,0.19999999998140616
2020-10-02,-0.0005325331024715281,-0.0010751391779464828,0.0,0.0,5.428953257962626e-06,-0.0005325331024715281,-0.0010805681312044454,0.0,0.0,0.7989495590214888,0.19815679391563584
2020-10-05,-0.0015617549928111471,-0.0014822800355540986,0.0,0.0,1.6401684955791265e-05,-0.0015617549928111471,-0.0014986817205098898,0.0,0.0,0.7997070343226625,0.1995538336287937
2020-10-06,0.0003718761770372239,0.00095433626679808,0.0,0.0,5.524746868678786e-06,0.0003718761770372239,0.0009488115199294012,0.0,0.0,0.8005954510407343,0.2016532607067757
2020-10-07,-0.00047989100335718603,-0.0024341952840446325,0.0,0.0,5.491348313431121e-06,-0.00047989100335718603,-0.002439686632358064,0.0,0.0,0.7999108947404182,0.2004342134402359
2020-10-08,0.0019095497893193722,-0.0010037985658281222,0.0,0.0,5.5743132354424375e-06,0.0019095497893193722,-0.0010093728790635647,0.0,0.0,0.8017718388667627,0.20346243309364898
2020-10-09,0.00044048446492423935,-0.00020289288614754714,0.0,0.0,5.596776477056563e-06,0.00044048446492423935,-0.0002084896626246037,0.0,0.0,0.8029585838789823,0.20428234141256452
2020-10-12,0.0011232824443593262,0.000254129181454692,0.0,0.0,1.6803107325236312e-05,0.0011232824443593262,0.0002373260741294557,0.0,0.0,0.8032127271660633,0.20443780579037513
2020-10-13,0.00010029430036620363,0.0003239839813385741,0.0,0.0,5.586472329910867e-06,0.00010029430036620363,0.00031839750900866323,0.0,0.0,0.8032431101922777,0.20390624004174662
2020-10-14,0.000177089700610801,-1.3113399513452005e-05,0.0,0.0,5.5752617400238655e-06,0.000177089700610801,-1.8688661253475873e-05,0.0,0.0,0.8030071919585016,0.2034970535108711
2020-10-15,-0.0007070126467017949,0.00011105724448956083,6.209278124169018e-07,1.9416849719229998e-05,5.479452053664453e-06,-0.0007076335745142118,8.616094271666637e-05,0.003057076594135767,0.09559693674770545,0.8000000002330916,0.1999999999587525
2020-10-16,-7.485714465249329e-05,-0.0005065895505537918,0.0,0.0,5.479814944447151e-06,-7.485714465249329e-05,-0.000512069365498239,0.0,0.0,0.7997900352044538,0.200013245472321
2020-10-19,-0.0013192940148936793,0.00153474444077688,0.0,0.0,1.6490761195565482e-05,-0.0013192940148936793,0.0015182536795813146,0.0,0.0,0.8001848277482271,0.20063759454604674
2020-10-20,-0.0007136317959416093,0.0003452479302872679,0.0,0.0,5.453787521887199e-06,-0.0007136317959416093,0.0003397941427653807,0.0,0.0,0.7987066233313715,0.19906324454888277
2020-10-21,-0.0010804873947601126,0.0008124143241872773,0.0,0.0,5.446364730691333e-06,-0.0010804873947601126,0.0008069679594565859,0.0,0.0,0.798291422927528,0.19879231267023362
2020-10-22,-0.0014383210358330577,-0.0003205363181689068,0.0,0.0,5.425590808535408e-06,-0.0014383210358330577,-0.00032596190897744224,0.0,0.0,0.7974290478756373,0.19803406451154237
2020-10-23,0.0011579537064107762,-0.0005428079141657564,0.0,0.0,5.443977341847699e-06,0.0011579537064107762,-0.0005482518915076041,0.0,0.0,0.7973975617582477,0.198705172977441
2020-10-26,0.0004554355666621771,0.0019820463563169745,0.0,0.0,1.636656764865349e-05,0.0004554355666621771,0.001965679788668321,0.0,0.0,0.798068931388773,0.19912657305861747
2020-10-27,0.0017547715176825464,0.0007343766214086578,0.0,0.0,5.38817451759033e-06,0.0017547715176825464,0.0007289884468910675,0.0,0.0,0.7965957168334193,0.19666836989204706
2020-10-28,-0.0016076309773033822,0.002474490236600669,0.0,0.0,5.354754684848138e-06,-0.0016076309773033822,0.002469135481915821,0.0,0.0,0.796372490242949,0.19544854599695705
2020-10-29,-0.0013179623051197942,-0.0017534760579033541,5.266346312001087e-07,4.0012933204698077e-07,5.337154621229772e-06,-0.0013184889397509943,-0.0017592133418566308,0.0026299435238485032,0.0019981928327059235,0.794806143582946,0.19480614367488666
2020-10-30,-0.0017461239130397922,0.0005237441279182935,0.0,0.0,5.401820255698127e-06,-0.0017461239130397922,0.0005183423076625954,0.0,0.0,0.7959378409870499,0.1971664393329816
2020-11-02,0.0013741287328245472,-0.0036729604422781896,0.0,0.0,1.6182281612222272e-05,0.0013741287328245472,-0.003689142723890412,0.0,0.0,0.7951680097295404,0.19688442628203764
2020-11-03,0.0004153939947912371,-0.0011430910338817769,0.0,0.0,5.507472800542528e-06,0.0004153939947912371,-0.0011485985066823194,0.0,0.0,0.7983904234630149,0.20102275721980226
2020-11-04,0.005628800460490998,0.0007674699177010622,0.0,0.0,5.542854408976048e-06,0.005628800460490998,0.0007619270632920861,0.0,0.0,0.7993919352314871,0.2023141859276258
2020-11-05,0.0010124951985143976,-0.0037742082651239825,0.0,0.0,5.486763425846306e-06,0.0010124951985143976,-0.0037796950285498288,0.0,0.0,0.7999087369104897,0.20026686504339017
2020-11-06,-0.0017647627827978825,0.0005079717326228799,0.0,0.0,5.605678424397312e-06,-0.0017647627827978825,0.0005023660541984826,0.0,0.0,0.8031436911947724,0.20460726249050187
2020-11-09,-0.0020380220229632377,-0.0018673491154760564,0.0,0.0,1.67964880033879e-05,-0.0020380220229632377,-0.0018841456034794442,0.0,0.0,0.8023918652777557,0.20435727070788612
2020-11-10,-0.0007986982048386727,-0.001065478296407695,0.0,0.0,5.672237048723717e-06,-0.0007986982048386727,-0.0010711505334564187,0.0,0.0,0.803505325831443,0.20703665227841567
2020-11-11,0.0009898380016759869,0.0013712015126459266,0.0,0.0,5.712109014760922e-06,0.0009898380016759869,0.0013654894036311657,0.0,0.0,0.8042103793898301,0.20849197903877364
2020-11-12,0.0004978346158121247,0.0021970455491865225,4.096145705065279e-05,1.006793807485635e-05,4.292133318391937e-06,0.00045687315876147185,0.0021826854777932743,0.20330816361310203,0.049971220477784586,0.6000000000886501,0.1566628661213057
2020-11-13,0.0006277946731783595,-0.0017101602257543513,0.0,0.0,4.2207992425532556e-06,0.0006277946731783595,-0.0017143810249969046,0.0,0.0,0.5989169582746692,0.15405917235319377
2020-11-16,0.0004151325651655612,-0.0019816590622399734,0.0,0.0,1.281688549495697e-05,0.0004151325651655612,-0.0019944759477349304,0.0,0.0,0.6001969187281412,0.15593877352197646
2020-11-17,0.0004613844906464946,0.00043193230013945213,0.0,0.0,4.333431169930171e-06,0.0004613844906464946,0.00042759886896952194,0.0,0.0,0.601562124453767,0.15817023770245123
2020-11-18,0.00028781758548788544,0.0008959173885919296,0.0,0.0,4.317758992387449e-06,0.00028781758548788544,0.0008915996295995421,0.0,0.0,0.6014887954142949,0.1575982032221419
2020-11-19,0.0011750857946353829,-0.0003806603529569292,0.0,0.0,4.288155785753524e-06,0.0011750857946353829,-0.0003849485087426827,0.0,0.0,0.6010677034029562,0.1565176861800036
2020-11-20,0.00031976053612234366,1.2503926120122538e-05,0.0,0.0,4.295191045924051e-06,0.00031976053612234366,8.208735074198488e-06,0.0,0.0,0.6017673104082066,0.15677447317622784
2020-11-23,1.8308275348686602e-05,-0.0010162647442438183,0.0,0.0,1.2880321068303524e-05,1.8308275348686602e-05,-0.0010291450653121218,0.0,0.0,0.6018896696280404,0.15671057299769287
2020-11-24,-0.00012245450629687842,-0.002402958295352993,0.0,0.0,4.3256557577871726e-06,-0.00012245450629687842,-0.0024072839511107805,0.0,0.0,0.6025170242781087,0.1578864351592318
2020-11-25,0.00016589072930497259,0.0011901193417474048,0.0,0.0,4.402627728310418e-06,0.00016589072930497259,0.0011857167140190944,0.0,0.0,0.6039223353287804,0.16069591208333023
2020-11-27,0.0013960470525022919,7.642432143585033e-05,2.9623273620028352e-05,2.125002871152393e-05,3.006261061725177e-06,0.0013664237788822634,5.2168031662601224e-05,0.14557376985807724,0.1044262301597023,0.5422711101281115,0.05486426437648448
2020-11-30,-0.0009108171484707721,-2.003027894360389e-05,0.0,0.0,4.496731115576067e-06,-0.0009108171484707721,-2.4527010059179954e-05,0.0,0.0,0.5428970079311932,0.05471022857284215
2020-12-01,0.00035765171679356516,0.000388118772010459,0.0,0.0,1.5008629700360443e-06,0.00035765171679356516,0.0003866179090404229,0.0,0.0,0.5424936090109506,0.05478149840631561
2020-12-02,-0.00012793271277980247,5.4050739872366836e-05,0.0,0.0,1.4891212712906543e-06,-0.00012793271277980247,5.256161860107618e-05,0.0,0.0,0.5424475335049479,0.05435292640210888
2020-12-03,0.0017382827792360733,0.0002280754123528868,0.0,0.0,1.4877525626408838e-06,0.0017382827792360733,0.00022658765979024592,0.0,0.0,0.5423604790949168,0.05430296853639226
2020-12-04,-0.00021364079392097588,-0.00018622495413130998,0.0,0.0,1.4785986663957733e-06,-0.00021364079392097588,-0.00018770355279770575,0.0,0.0,0.5430317747924113,0.05396885132344573
2020-12-07,0.00040560831990070896,-8.478134449550062e-05,0.0,0.0,4.452889301748673e-06,0.00040560831990070896,-8.92342337972493e-05,0.0,0.0,0.5430360784586439,0.05417681983794219
2020-12-08,5.684443984375491e-06,-0.00013119273899134444,0.0,0.0,1.4861490314361107e-06,5.684443984375491e-06,-0.00013267888802278056,0.0,0.0,0.5432698102888069,0.05424443964741804
2020-12-09,-0.001112752362720362,2.1288734512469056e-05,0.0,0.0,1.4899325662102125e-06,-0.001112752362720362,1.9798801946258842e-05,0.0,0.0,0.5433444964650413,0.05438253866667276
2020-12-10,0.0019128596076827273,8.494395585851249e-05,0.0,0.0,1.4909788838900573e-06,0.0019128596076827273,8.345297697462243e-05,0.0,0.0,0.5428250266480732,0.05442072926198709
2020-12-11,-0.00020775688041204833,-0.00011905625281779989,2.150322449776238e-05,1.1358774937211818e-06,1.33073939787884e-06,-0.00022926010490981072,-0.00012152286970939991,0.10706470891080087,0.00565554218327783,0.6485719880492644,0.04857198802257766
2020-12-14,-0.0003463665835304386,0.00013893818749974115,0.0,0.0,4.003407966428677e-06,-0.0003463665835304386,0.00013493477953331246,0.0,0.0,0.6485917461108668,0.048708130258215576
2020-12-15,0.0015485749429944792,0.0001588207070820935,0.0,0.0,1.3309442003912764e-06,0.0015485749429944792,0.00015748976288170222,0.0,0.0,0.6483824682022683,0.04857946331428158
2020-12-16,8.771682677924202e-05,5.945797311395879e-05,0.0,0.0,1.324333549414987e-06,8.771682677924202e-05,5.81336395645438e-05,0.0,0.0,0.6488241072355865,0.04833817455364703
2020-12-17,0.0010098745325194782,0.00025761802792600036,0.0,0.0,1.3225116749056909e-06,0.0010098745325194782,0.0002562955162510947,0.0,0.0,0.6488171937720822,0.048271676134057716
2020-12-18,-0.0002646856368569931,-5.937850329050395e-05,0.0,0.0,1.31379016498606e-06,-0.0002646856368569931,-6.069229345549001e-05,0.0,0.0,0.649005317210457,0.04795334102199119
2020-12-21,-0.0014575804517955016,-9.898470326130729e-05,0.0,0.0,3.9475353607716905e-06,-0.0014575804517955016,-0.00010293223862207897,0.0,0.0,0.6489517861626541,0.048028346889388895
2020-12-22,0.00028878157293703554,-0.0002577738760088462,0.0,0.0,1.320617870882326e-06,0.00028878157293703554,-0.0002590944938797285,0.0,0.0,0.6485062078780669,0.0482025522872049
2020-12-23,0.0011042838233253907,0.00021810988157758713,0.0,0.0,1.3276407550791156e-06,0.0011042838233253907,0.000216782240822508,0.0,0.0,0.648775729194641,0.04845888756038772
2020-12-24,0.0007369228972761709,-3.960402257559378e-05,0.0,0.0,1.3199214384655112e-06,0.0007369228972761709,-4.0923944014059293e-05,0.0,0.0,0.6490226112713512,0.04817713250399116
2020-12-28,0.00042236030862235395,0.0,7.601980370793015e-07,3.644664018115026e-07,5.479452054794521e-06,0.00042160011058527466,-5.843918456606023e-06,0.0037894493825638893,0.0018167989312577063,0.6500000000180475,0.05
2020-12-29,0.0007532522206417984,0.00016420219145146835,0.0,0.0,1.3692937213551338e-06,0.0007532522206417984,0.00016283289773011322,0.0,0.0,0.6501520555837358,0.049979220829462385
2020-12-30,0.001202331119889949,0.0002050614797078938,0.0,0.0,1.3635459070647027e-06,0.001202331119889949,0.0002036979338008291,0.0,0.0,0.6503095688859863,0.04976942560786164
2020-12-31,0.000385867158760098,-0.00014334330572668237,0.0,0.0,1.3560211791576636e-06,0.000385867158760098,-0.00014469932690584005,0.0,0.0,0.6505971415226472,0.04949477303925472
2021-01-04,-0.0009052598498253695,-4.094212015026408e-05,0.0,0.0,5.438481985143821e-06,-0.0009052598498253695,-4.63806021354079e-05,0.0,0.0,0.6508260503739243,0.049626148114437364
2021-01-05,0.0010486504526475648,0.0002868905051450631,0.0,0.0,1.3620383690169595e-06,0.0010486504526475648,0.0002855284667760461,0.0,0.0,0.6505398705805567,0.04971440046911902
2021-01-06,-0.0025690877079732294,6.13965658748282e-05,0.0,0.0,1.352374046233708e-06,-0.0025690877079732294,6.0044191828594496e-05,0.0,0.0,0.650720343668242,0.049361652687530344
2021-01-07,0.0007157492214373885,-0.000287224382579612,0.0,0.0,1.35408941781255e-06,0.0007157492214373885,-0.00028857847199742454,0.0,0.0,0.6497815862361247,0.04942426375015807
2021-01-08,0.0009457650910100735,-8.203749515742545e-05,0.0,0.0,1.3613770385292958e-06,0.0009457650910100735,-8.339887219595475e-05,0.0,0.0,0.6502195806719859,0.0496902619063193
2021-01-11,-0.0028000751060172735,-0.0003073494700185787,0.0,0.0,4.08734913159346e-06,-0.0028000751060172735,-0.0003114368191501722,0.0,0.0,0.6506042866044128,0.049729414434387095
2021-01-12,0.000748978291549876,0.0002631598607753382,1.5331663725633173e-07,1.3176102251849373e-07,1.3826127635646691e-06,0.0007488249749126196,0.00026164548698925504,0.0007660020778924746,0.0006583057053727228,0.6504653660074498,0.050465365870110426
2021-01-13,0.001878212809500813,-0.00016161878821361057,0.0,0.0,1.37401450329554e-06,0.001878212809500813,-0.00016299280271690612,0.0,0.0,0.6505569756912795,0.05015152937028721
2021-01-14,-0.0002279761195980278,0.00010233601391892168,0.0,0.0,1.376082131698126e-06,-0.0002279761195980278,0.00010095993178722356,0.0,0.0,0.651318034776752,0.050226997806981595
2021-01-15,-0.0004936815174804322,-0.00032097664154644357,0.0,0.0,1.3734528560353e-06,-0.0004936815174804322,-0.0003223500944024789,0.0,0.0,0.6511727681397692,0.05013102924528845
2021-01-19,0.0017442109634730478,0.0001391710902154054,0.0,0.0,5.533502459433785e-06,0.0017442109634730478,0.00013363758775597161,0.0,0.0,0.6512104949721761,0.050493209942333285
2021-01-20,0.0014305456584754249,1.2874058547219931e-05,0.0,0.0,1.376976954098872e-06,0.0014305456584754249,1.1497081593121059e-05,0.0,0.0,0.6517308540954947,0.050259658824608824
2021-01-21,-4.3590160105245265e-05,0.0002243708610792749,0.0,0.0,1.3746419477251605e-06,-4.3590160105245265e-05,0.00022299621913154976,0.0,0.0,0.6522208693843532,0.05017443109196836
2021-01-22,-0.0008980719137245077,-9.814161659606099e-05,0.0,0.0,1.368249328626462e-06,-0.0008980719137245077,-9.950986592468745e-05,0.0,0.0,0.6520602956563568,0.049941100494865866
2021-01-25,0.001724083188191315,-6.156607419111176e-05,0.0,0.0,4.1169213858829635e-06,0.001724083188191315,-6.568299557699473e-05,0.0,0.0,0.651812459976453,0.05008921019490939
2021-01-26,-0.0006679036349485762,0.00014362571687425422,0.0,0.0,1.3717190113137397e-06,-0.0006679036349485762,0.00014225399786294048,0.0,0.0,0.652454512475483,0.050067743912951504
2021-01-27,-0.0024063436705610126,-0.00026207335472264745,2.2859075080654504e-07,5.944802629477543e-07,1.4240847950553784e-06,-0.002406572261311819,-0.0002640919197806506,0.001137319265266461,0.0029577480868565134,0.6519790949385269,0.051979095019521304
2021-01-28,0.0008919797684202315,0.00011729651123360407,0.0,0.0,1.435097550590323e-06,0.0008919797684202315,0.00011586141368301374,0.0,0.0,0.6513121873975575,0.05238106059654679
2021-01-29,-0.0018641480463687421,-1.258790556615921e-05,0.0,0.0,1.430442288895456e-06,-0.0018641480463687421,-1.4018347855054666e-05,0.0,0.0,0.6515475107525447,0.05221114354468415
2021-02-01,0.0023121027037851793,-0.00027181207233508407,0.0,0.0,4.300438427997563e-06,0.0023121027037851793,-0.00027611251076308164,0.0,0.0,0.6509058722412221,0.05232200087397034
2021-02-02,0.0007823008642103997,-7.347365945744935e-05,0.0,0.0,1.4379986309803046e-06,0.0007823008642103997,-7.491165808842966e-05,0.0,0.0,0.6518907318081242,0.05248695003078112
2021-02-03,-0.0002328335052386574,2.3825193096188727e-05,0.0,0.0,1.4389936793552877e-06,-0.0002328335052386574,2.238619941683344e-05,0.0,0.0,0.6522116651802791,0.05252326929646801
2021-02-04,0.0006388984883549287,-0.00022268417431848137,0.0,0.0,1.4386436930281893e-06,0.0006388984883549287,-0.00022412281801150957,0.0,0.0,0.6521160677445804,0.05251049479552891
2021-02-05,0.0005728010775828324,0.00027918150255419746,0.0,0.0,1.4441456328379536e-06,0.0005728010775828324,0.0002777373569213595,0.0,0.0,0.6524843316069044,0.05271131559858531
2021-02-08,0.0009760851307345151,1.0867583929222525e-05,0.0,0.0,4.305828201268842e-06,0.0009760851307345151,6.561755727953683e-06,0.0,0.0,0.6525021545234684,0.05238757644877091
2021-02-09,-2.160113419843982e-05,0.0002529472693853241,0.0,0.0,1.4335696323284212e-06,-2.160113419843982e-05,0.0002515136997529957,0.0,0.0,0.6528367316724567,0.052325291579987374
2021-02-10,0.000614091597512728,-0.00030573580908511695,1.0176038745947532e-05,1.0104056270279421e-05,2.7931078331546465e-06,0.0006039155587667805,-0.000318632973188551,0.0504689423663433,0.05011193906608293,0.7019484359208497,0.1019484359101446
2021-02-11,0.0006549752118188378,0.0002933901836122919,0.0,0.0,2.800685169984542e-06,0.0006549752118188378,0.00029058949844230735,0.0,0.0,0.7023621558265358,0.10222500870443577
2021-02-12,-0.0005709286896590594,0.0005522238524795902,0.0,0.0,2.790008948759028e-06,-0.0005709286896590594,0.0005494338435308311,0.0,0.0,0.7023530108171804,0.1018353266297045
2021-02-16,-0.0023167848156041464,0.0007028313592038825,0.0,0.0,1.1099756700134925e-05,-0.0023167848156041464,0.0006917316025037475,0.0,0.0,0.7017971671496426,0.10128527988873118
2021-02-17,0.00040879417673183796,-0.0005066389444718833,0.0,0.0,2.7601689427660545e-06,0.00040879417673183796,-0.0005093991134146493,0.0,0.0,0.7006189253698696,0.10074616641096097
2021-02-18,-0.0020754171268956667,0.0003740993997003682,0.0,0.0,2.7743285729430993e-06,-0.0020754171268956667,0.0003713250711274251,0.0,0.0,0.7010982534920025,0.10126299291242313
2021-02-19,-0.001273058691910202,0.0007752387301741384,0.0,0.0,2.7687975602476205e-06,-0.001273058691910202,0.0007724699326138908,0.0,0.0,0.7002160690056205,0.10106111094903814
2021-02-22,-0.003885941492510532,0.0005079244300033836,0.0,0.0,8.246802685672306e-06,-0.003885941492510532,0.0004996776273177113,0.0,0.0,0.6992930685632869,0.10033609934234641
2021-02-23,0.0006488021779749535,7.526755326901313e-05,0.0,0.0,2.7443114534588065e-06,0.0006488021779749535,7.252324181555433e-05,0.0,0.0,0.6977699602734675,0.10016736805124643
2021-02-24,-0.0001098466310150914,0.00037914681503174215,0.0,0.0,2.740272700355786e-06,-0.0001098466310150914,0.00037640654233138637,0.0,0.0,0.6979153383770094,0.10001995356298618
2021-02-25,-0.008013160500675241,-0.0001239843357488011,4.066661771696169e-05,9.55956694412239e-06,1.426115868037571e-06,-0.008053827118392202,-0.00013497001856096105,0.20241741441653321,0.04758258572765281,0.6520532293324626,0.052053229183371345
2021-02-26,-0.0001691512662139577,-0.0003328147684871677,0.0,0.0,1.441315338067793e-06,-0.0001691512662139577,-0.0003342560838252355,0.0,0.0,0.6493575258805772,0.052608009839474446
2021-03-01,0.005345574338834148,-7.432405779566931e-05,0.0,0.0,4.3534922326974525e-06,0.005345574338834148,-7.867755002836676e-05,0.0,0.0,0.6495153454132074,0.052967488831152335
2021-03-02,-0.0007981714548244883,0.00017376402827054923,0.0,0.0,1.445586597712431e-06,-0.0007981714548244883,0.0001723184416728368,0.0,0.0,0.6514299056737167,0.05276391081650372
2021-03-03,-0.0026294572325544375,-0.00014747369637975122,0.0,0.0,1.4417282493726644e-06,-0.0026294572325544375,-0.0001489154246291239,0.0,0.0,0.6510391890570433,0.052623081102102245
2021-03-04,-0.004020267208817714,-0.0003176569678132571,0.0,0.0,1.4497967001260505e-06,-0.004020267208817714,-0.00031910676451338315,0.0,0.0,0.6502162749440492,0.05291757955460084
2021-03-05,0.0026959458260617385,-0.0002138442200966408,0.0,0.0,1.4648561895747849e-06,0.0026959458260617385,-0.00021530907628621558,0.0,0.0,0.6490123148828052,0.053467250919479646
2021-03-08,-0.004360618349382226,-0.0002858362315835092,0.0,0.0,4.401226960649881e-06,-0.004360618349382226,-0.00029023745854415907,0.0,0.0,0.6500956096487046,0.053548261354573544
2021-03-09,0.004790402010273528,0.0002766453287019744,0.0,0.0,1.4817984139420436e-06,0.004790402010273528,0.0002751635302880323,0.0,0.0,0.6487522444432968,0.054085642108884585
2021-03-10,0.0021152399596874485,7.331554872338583e-05,0.0,0.0,1.4667889741851092e-06,0.0021152399596874485,7.184875974920072e-05,0.0,0.0,0.6502487686980607,0.053537797557756485
2021-03-11,0.003112260599049538,0.00023870277161518386,5.0008932753413434e-05,2.582663220744358e-07,1.4263928270086132e-06,0.003062251666296125,0.0002370181124661008,0.24871553265846902,0.0012844674406314455,0.4587971686079674,0.05206333818581438
2021-03-12,-0.0014098206742190792,-0.00017554123540480446,0.0,0.0,1.4151839514042957e-06,-0.0014098206742190792,-0.00017695641935620875,0.0,0.0,0.46039047682041345,0.051654214226256795
2021-03-15,0.001259846493880337,-9.04845293066394e-05,0.0,0.0,4.2667502825708776e-06,0.001259846493880337,-9.475127958921028e-05,0.0,0.0,0.459710113624178,0.051912128437945675
2021-03-16,0.00021179959800363005,-5.210624487590023e-06,0.0,0.0,1.423071109051722e-06,0.00021179959800363005,-6.633695596641745e-06,0.0,0.0,0.46043351123761617,0.051942095480387855
2021-03-17,0.0007421259790714875,0.00023731899071633504,0.0,0.0,1.4229219308250062e-06,0.0007421259790714875,0.00023589606878551004,0.0,0.0,0.4605508215107203,0.05193665047511272
2021-03-18,-0.004029243545375002,-0.00028058456454304123,0.0,0.0,1.4150361041600118e-06,-0.004029243545375002,-0.00028199960064720126,0.0,0.0,0.4608422336247231,0.051648817801840434
2021-03-19,0.001389912449818169,-1.1077622488347473e-05,0.0,0.0,1.4288836172047945e-06,0.001389912449818169,-1.2506506105552268e-05,0.0,0.0,0.4587909494154726,0.052154252027975
2021-03-22,0.0010070281506721409,0.00010424449754512098,0.0,0.0,4.281663752032945e-06,0.0010070281506721409,9.996283379308803e-05,0.0,0.0,0.45954787788686885,0.052093575649734165
2021-03-23,-0.0024773512899458347,-0.00027197672298179097,0.0,0.0,1.4227902210987337e-06,-0.0024773512899458347,-0.0002733995132028897,0.0,0.0,0.4600456396619926,0.05193184307010378
2021-03-24,-0.0018190358830287884,-0.00011941330762941317,0.0,0.0,1.43418672846191e-06,-0.0018190358830287884,-0.00012084749435787509,0.0,0.0,0.45883041650876727,0.05234781558885971
2021-03-25,0.0030461911431637336,-0.0001403357465844701,5.0023775839669295e-05,5.194237745969517e-07,1.3698630137593894e-06,0.0029961673673240645,-0.00014222503337282645,0.24743079303249324,0.0025692070282814627,0.6040404969977484,0.050000000002217715
2021-03-26,0.006881555212799405,5.99746282107545e-05,0.0,0.0,1.3697985027981874e-06,0.006881555212799405,5.8604829707956315e-05,0.0,0.0,0.6053590283825716,0.04999764535213384
2021-03-29,-0.0012739656575820259,-0.00011912252700321795,0.0,0.0,4.076176767767928e-06,-0.0012739656575820259,-0.0001231987037709859,0.0,0.0,0.6080208217830199,0.04959348400784312
2021-03-30,-0.0016946036937353004,-0.00019881092412940996,0.0,0.0,1.3638948053474424e-06,-0.0016946036937353004,-0.0002001748189347574,0.0,0.0,0.6075957672775871,0.04978216039518165
2021-03-31,-0.00012010824474880482,3.9834142850405514e-05,0.0,0.0,1.3719412046964304e-06,-0.00012010824474880482,3.846220164570908e-05,0.0,0.0,0.6070513915165838,0.050075853971419705
2021-04-01,0.004076840877025199,0.0002191299148056933,0.0,0.0,1.3709617919225234e-06,0.004076840877025199,0.0002177589530137708,0.0,0.0,0.6069808408557302,0.0500401054051721
2021-04-05,0.004638563609072237,0.0001586857191167046,0.0,0.0,5.436485401171233e-06,0.004638563609072237,0.00015324923371553336,0.0,0.0,0.6084446554190049,0.049607929285687496
2021-04-06,-0.002298964590645205,0.0001184379798267925,0.0,0.0,1.348312933115406e-06,-0.002298964590645205,0.0001170896668936771,0.0,0.0,0.6101594491435228,0.04921342205871232
2021-04-07,-0.00024879683008007317,-5.935285793238729e-05,0.0,0.0,1.3480092445233786e-06,-0.00024879683008007317,-6.0700867176910674e-05,0.0,0.0,0.6091896601962685,0.04920233742510332
2021-04-08,0.0018899888193954102,0.00021769014329704877,0.0,0.0,1.3500531885731942e-06,0.0018899888193954102,0.00021634009010847556,0.0,0.0,0.6091293875089542,0.04927694138292159
2021-04-09,0.0030166295331026365,9.255791577408509e-05,4.0344728565547605e-05,1.0167393945082064e-05,2.7199366367026315e-06,0.002976284804537089,7.96705851923004e-05,0.19967844629415438,0.05032155371961722,0.6992776871982156,0.09927768723964606
2021-04-12,-0.0008682406292069919,5.056532101726057e-05,0.0,0.0,8.127365543643859e-06,-0.0008682406292069919,4.243795547361672e-05,0.0,0.0,0.7001546752777589,0.09888294744766693
2021-04-13,0.0009542854901314447,-2.9367891755392814e-05,0.0,0.0,2.709974400726408e-06,0.0009542854901314447,-3.2077866156119225e-05,0.0,0.0,0.6998643845285464,0.09891406562651388
2021-04-14,0.0004471705676525158,0.00012069910612293556,0.0,0.0,2.708281402743048e-06,0.0004471705676525158,0.00011799082472019252,0.0,0.0,0.7001729651720948,0.09885227120012124
2021-04-15,0.0044264877720195965,-0.00032083913446187404,0.0,0.0,2.7034466942198512e-06,0.0044264877720195965,-0.0003235425811560939,0.0,0.0,0.7002243959451614,0.09867580433902456
2021-04-16,0.0022762146206769577,0.0001945305541301599,0.0,0.0,2.7011541201855825e-06,0.0022762146206769577,0.00019182940000997433,0.0,0.0,0.7017715534966773,0.09859212538677378
2021-04-19,-0.002426265269851396,0.000325908205236458,0.0,0.0,8.067562448625667e-06,-0.002426265269851396,0.00031784064278783235,0.0,0.0,0.7023144251995979,0.09815534312494562
2021-04-20,-0.00734017291203639,-0.00022698741884672315,0.0,0.0,2.6859215541019654e-06,-0.00734017291203639,-0.0002296733404008251,0.0,0.0,0.7013669392570843,0.09803613672472172
2021-04-21,0.005999581190711872,3.3013642595250215e-05,0.0,0.0,2.7126749195690055e-06,0.005999581190711872,3.030096767568121e-05,0.0,0.0,0.6993205151257247,0.0990126345642687
2021-04-22,-0.0029622660537021867,-0.00017694304975449253,0.0,0.0,2.695516787624898e-06,-0.0029622660537021867,-0.00017963856654211742,0.0,0.0,0.7010925906129224,0.09838636274830878
2021-04-23,0.0064976960876579224,0.00044418387362202944,2.028573844754972e-05,3.018687789405534e-05,6.805343173332175e-06,0.006477410349210373,0.00040719165255464194,0.100478932534455,0.14952106748221364,0.7516049741430746,0.24839502582662437
2021-04-26,0.00017658552591896852,0.00014157165441002785,0.0,0.0,2.024017570225533e-05,0.00017658552591896852,0.00012133147870777253,0.0,0.0,0.7529191217380474,0.2462554710441065
2021-04-27,-0.0009854341069734992,0.0006706519251699509,0.0,0.0,6.740838348252438e-06,-0.0009854341069734992,0.0006639110868216985,0.0,0.0,0.7528714140674181,0.24604059971121398
2021-04-28,0.0006908267325841909,-6.674130571548796e-05,0.0,0.0,6.72462644510934e-06,0.0006908267325841909,-7.34659321605973e-05,0.0,0.0,0.7521278063642873,0.2454488652464909
2021-04-29,0.0027303969845050295,0.00026625503125807725,0.0,0.0,6.722304886507627e-06,0.0027303969845050295,0.00025953272637156964,0.0,0.0,0.7523541591309882,0.24536412835752835
2021-04-30,-0.004553039642771488,-0.0005881442660059049,0.0,0.0,6.6949926706170145e-06,-0.004553039642771488,-0.0005948392586765219,0.0,0.0,0.7528336364584987,0.24436723247752104
2021-05-03,0.0038604925703527642,9.177349895396833e-06,0.0,0.0,2.0237498829697752e-05,0.0038604925703527642,-1.106014893430092e-05,0.0,0.0,0.7521525872503025,0.24622290242798928
2021-05-04,-0.0029047105891631983,-0.0004942591441924937,0.0,0.0,6.719714422428505e-06,-0.0029047105891631983,-0.0005009788586149222,0.0,0.0,0.7531140183015804,0.2452695764186404
2021-05-05,0.0033955966852016067,-0.00017719541755480573,0.0,0.0,6.756265511001943e-06,0.0033955966852016067,-0.00018395168306580768,0.0,0.0,0.7527730188392501,0.24660369115157094
2021-05-06,0.004834979252631723,0.00015332060190393815,0.0,0.0,6.739475377562681e-06,0.004834979252631723,0.00014658112652637546,0.0,0.0,0.7537478450251065,0.24599085128103784
2021-05-07,0.004892962786813339,0.00026670305377743267,1.632767125528421e-05,2.925064436102347e-06,6.461249627781213e-06,0.004876635115558055,0.0002573167397135491,0.08070092108991794,0.014457382841072633,0.7641643886372361,0.2358356114140143
2021-05-10,-0.002059442971699551,0.0004258129266931966,0.0,0.0,1.9262933113208503e-05,-0.002059442971699551,0.0004065499935799881,0.0,0.0,0.7651292148718358,0.23436568621070347
2021-05-11,-0.007859656489644231,0.0003078591780426207,0.0,0.0,6.419923042539281e-06,-0.007859656489644231,0.0003014392550000814,0.0,0.0,0.7643331327682329,0.23432719105268374
2021-05-12,-0.011982649936276374,0.0005976867843769361,0.0,0.0,6.460317023982645e-06,-0.011982649936276374,0.0005912264673529535,0.0,0.0,0.7622346110526894,0.23580157137536653
2021-05-13,0.006735267646682634,-0.0003930235879837478,0.0,0.0,6.51819354652968e-06,0.006735267646682634,-0.00039954178153027745,0.0,0.0,0.7588968768093922,0.2379140644483333
2021-05-14,0.008447173196053313,-0.0003017567463384753,0.0,0.0,6.487856038749392e-06,0.008447173196053313,-0.0003082446023772247,0.0,0.0,0.7608118491449328,0.23680674541435281
2021-05-17,-0.001336674048584329,0.00021601236947007315,0.0,0.0,1.9331036117998598e-05,-0.001336674048584329,0.00019668133335207455,0.0,0.0,0.7630486240761278,0.23519427276898294
2021-05-18,-0.0015556135958064454,0.00023744483911273027,0.0,0.0,6.445107934985532e-06,-0.0015556135958064454,0.00023099973117774472,0.0,0.0,0.762581287139655,0.23524643962697192
2021-05-19,-0.0032597298486072793,0.00025034423696306386,0.0,0.0,6.447142571364916e-06,-0.0032597298486072793,0.00024389709439169894,0.0,0.0,0.7620350757705474,0.23532070385481946
2021-05-20,0.005325513699936938,-0.0005030746096919112,0.0,0.0,6.459765397216224e-06,0.005325513699936938,-0.0005095343750891274,0.0,0.0,0.7610706075885766,0.23578143699839216
2021-05-21,0.001577889989513875,-6.008939739207022e-05,1.4680836380823964e-05,3.577987472591588e-05,3.893533725306085e-06,0.001563209153133051,-9.976280584329219e-05,0.0727339947257103,0.1772660052938537,0.7421139809522082,0.14211398097367212
2021-05-24,0.0037319205327877307,-8.150945160287731e-05,0.0,0.0,1.1668463859684488e-05,0.0037319205327877307,-9.31779154625618e-05,0.0,0.0,0.7426051082086353,0.14196631029282794
2021-05-25,-0.0015513631951949505,-0.00031533473161516923,0.0,0.0,3.877611458819879e-06,-0.0015513631951949505,-0.0003192123430739891,0.0,0.0,0.7436311463974562,0.1415328182469256
2021-05-26,0.0006431485935607638,9.461846358147421e-05,0.0,0.0,3.893533915835746e-06,0.0006431485935607638,9.072492966563847e-05,0.0,0.0,0.7434705009347345,0.14211398792800475
2021-05-27,0.0015724074028868917,0.00010164408447281721,0.0,0.0,3.88808826412927e-06,0.0015724074028868917,9.775599620868795e-05,0.0,0.0,0.7435679646862926,0.14191522164071835
2021-05-28,0.0015489966811561035,4.33839747861025e-06,0.0,0.0,3.878825222773093e-06,0.0015489966811561035,4.59572255837157e-07,0.0,0.0,0.7438979409754997,0.1415771206312179
2021-06-01,0.001081579550752603,6.656161007915321e-05,0.0,0.0,1.5490823097553798e-05,0.001081579550752603,5.107078698159942e-05,0.0,0.0,0.744293687148728,0.1413537607651784
2021-06-02,0.001962892491074711,-0.0001130962392839256,0.0,0.0,3.866502772961211e-06,0.001962892491074711,-0.00011696274205688681,0.0,0.0,0.7445319723095902,0.1411273512130842
2021-06-03,-0.0010281686837220212,0.00021995149087323943,0.0,0.0,3.862471449112232e-06,-0.0010281686837220212,0.0002160890194241272,0.0,0.0,0.7451194266843771,0.14098020789259647
2021-06-04,0.0033967825452686936,-0.0004853479581260285,0.0,0.0,3.859579667029462e-06,0.0033967825452686936,-0.000489207537793058,0.0,0.0,0.7446960104868552,0.14087465784657532
2021-06-07,0.000734403615952869,0.0001919172791593264,2.2481231747009417e-05,2.9685282450426855e-05,1.6438356164421738e-05,0.0007119223842058597,0.0001457936405444778,0.10773784725356873,0.14226215281769783,0.8000000000893733,0.20000000000046447
2021-06-08,0.000470796559851536,-0.0005518472264852368,0.0,0.0,5.469502766988384e-06,0.000470796559851536,-0.0005573167292522251,0.0,0.0,0.8000481895525747,0.199636850995076
2021-06-09,-0.0008188295825953206,-0.0005025237478116453,0.0,0.0,5.485096440557085e-06,-0.0008188295825953206,-0.0005080088442522024,0.0,0.0,0.8005882531437085,0.2002060200803336
2021-06-10,0.0016628216470401186,-0.0005845632463497402,0.0,0.0,5.506170012426977e-06,0.0016628216470401186,-0.0005900694163621671,0.0,0.0,0.8008319982298135,0.20097520545358466
2021-06-11,0.0007026325333478432,0.00022368656155104756,0.0,0.0,5.51626785518715e-06,0.0007026325333478432,0.00021817029369586042,0.0,0.0,0.8016348642879996,0.20134377671433096
2021-06-14,-0.0005673241145971318,0.000539929388478348,0.0,0.0,1.651521111563714e-05,-0.0005673241145971318,0.0005234141773627108,0.0,0.0,0.8015993818443886,0.20093506857358517
2021-06-15,-0.0025556097521241897,5.8194442723676274e-05,0.0,0.0,5.49051887423249e-06,-0.0025556097521241897,5.2703923849443784e-05,0.0,0.0,0.801067232541693,0.20040393890948585
2021-06-16,-0.00362776378915346,0.00095422069944871,0.0,0.0,5.502697238929238e-06,-0.00362776378915346,0.0009487180022097807,0.0,0.0,0.8005152370419838,0.20084844922091719
2021-06-17,-0.004956470176148904,-0.0007004254162577561,0.0,0.0,5.491265557925579e-06,-0.004956470176148904,-0.0007059166818156817,0.0,0.0,0.7990281061342189,0.2004311928642836
2021-06-18,-0.009864494731160396,-0.0009918848012924015,0.0,0.0,5.54183531079012e-06,-0.009864494731160396,-0.0009974266366031916,0.0,0.0,0.7985935817602845,0.20227698884383938
2021-06-21,0.009715870426560991,0.0006584352798136,1.4625651144233682e-05,1.1205816066329808e-06,1.6438356164414507e-05,0.009701244775416758,0.0006408763420425526,0.07179829179556624,0.005501009451158676,0.8000000000162304,0.2000000000003765
2021-06-22,0.0012125382063965535,-0.0002914361784658744,0.0,0.0,5.405508310422395e-06,0.0012125382063965535,-0.0002968416867762968,0.0,0.0,0.8014274110904422,0.19730105333041742
2021-06-23,-0.0007237056476265535,0.0003454459128270203,0.0,0.0,5.408540281744858e-06,-0.0007237056476265535,0.00034003737254527546,0.0,0.0,0.801905647086738,0.1974117202836873
2021-06-24,0.004095058472321957,-2.005823880346932e-05,0.0,0.0,5.401148259396697e-06,0.004095058472321957,-2.5459387062866016e-05,0.0,0.0,0.8014894475129343,0.19714191146797944
2021-06-25,0.002782093391298094,0.0004638210685655324,0.0,0.0,5.379804154121347e-06,0.002782093391298094,0.00045844126441141103,0.0,0.0,0.8023193877388289,0.19636285162542919
2021-06-28,-0.0020531578105066916,-0.0005643080973274701,0.0,0.0,1.6049281928467464e-05,-0.0020531578105066916,-0.0005803573792559375,0.0,0.0,0.8025009489936731,0.19526626346302084
2021-06-29,-0.00044313091840546693,-8.813750296326545e-05,0.0,0.0,5.379387838223265e-06,-0.00044313091840546693,-9.351689080148872e-05,0.0,0.0,0.8025613486856463,0.19634765609514918
2021-06-30,-0.0003218009083472425,-0.0004126199929379755,0.0,0.0,5.384692247629792e-06,-0.0003218009083472425,-0.00041800468518560533,0.0,0.0,0.8025489038782887,0.1965412670384874
2021-07-01,0.0031168642485670563,0.0002525397707465604,0.0,0.0,5.3999918491455875e-06,0.0031168642485670563,0.00024713977889741483,0.0,0.0,0.802821034461842,0.19709970249381398
2021-07-02,0.0030962245464877026,-0.00039438770518797437,0.0,0.0,5.37499145840326e-06,0.0030962245464877026,-0.00039976269664637764,0.0,0.0,0.8032358102098596,0.196187188231719
2021-07-06,-0.0037931467248444673,-0.0011674989013094263,2.3761972323913067e-05,8.769926719565708e-07,2.1917808219232653e-05,-0.0038169086971683803,-0.0011902937022006154,0.1069453024382055,0.003947073300985995,0.800000000009769,0.20000000000049797
2021-07-07,0.002158709149383853,-0.0005224379102554827,0.0,0.0,5.5391740918803006e-06,0.002158709149383853,-0.000527977084347363,0.0,0.0,0.8002136851693122,0.20217985435363098
2021-07-08,-0.005566094357013234,-0.00048690478307839897,0.0,0.0,5.5444459534853515e-06,-0.005566094357013234,-0.0004924492290318843,0.0,0.0,0.8010660701918219,0.2023722773022153
2021-07-09,0.00910190713244608,0.0009710388953329748,0.0,0.0,5.591663145441128e-06,0.00910190713244608,0.0009654472321875337,0.0,0.0,0.8003489246790205,0.20409570480860117
2021-07-12,0.00273649140274576,8.941503190062243e-05,0.0,0.0,1.6528776965344505e-05,0.00273649140274576,7.288625493527792e-05,0.0,0.0,0.801383024917817,0.20110011974502479
2021-07-13,-0.0035234583004472475,0.0005728336134068826,0.0,0.0,5.491714295436149e-06,-0.0035234583004472475,0.0005673418991114465,0.0,0.0,0.8018667697332373,0.20044757178341943
2021-07-14,-3.468741798046298e-05,-0.0007330615899772425,0.0,0.0,5.4922559717945165e-06,-3.468741798046298e-05,-0.000738553845949037,0.0,0.0,0.8007103042960385,0.20046734297049984
2021-07-15,-0.0017188218833720488,-0.0007627505388614368,0.0,0.0,5.5166055179953106e-06,-0.0017188218833720488,-0.0007682671443794321,0.0,0.0,0.8012952114001014,0.20135610140682883
2021-07-16,-0.0035273548826176538,9.290028981209214e-05,0.0,0.0,5.551309393715374e-06,-0.0035273548826176538,8.734898041837676e-05,0.0,0.0,0.8015699653826076,0.20262279287061113
2021-07-19,-0.012681367462352704,-0.0015140014822613624,0.0,0.0,1.6703753551694303e-05,-0.012681367462352704,-0.0015307052358130566,0.0,0.0,0.800797358138452,0.20322900154561402
2021-07-20,0.009424046473990587,-0.0009023198022614208,1.0840213960255749e-05,7.362824332396825e-05,4.033531632970381e-06,0.009413206260030331,-0.0009799815772183595,0.05225432885067797,0.3549186808908338,0.7472239046108158,0.14722390460341891
2021-07-21,0.005250036768511215,0.000324283664635633,0.0,0.0,4.024314772770167e-06,0.005250036768511215,0.00032025934986286284,0.0,0.0,0.7503203311481521,0.14688748920611108
2021-07-22,-0.0008261902161322073,-0.0007091699160663018,0.0,0.0,3.993187054458157e-06,-0.0008261902161322073,-0.0007131631031207599,0.0,0.0,0.7513849313501586,0.1457513274877227
2021-07-23,0.004318261119199222,-0.001874110837335751,0.0,0.0,4.01880272454054e-06,0.004318261119199222,-0.0018781296400602917,0.0,0.0,0.7517158974959721,0.1466862994457297
2021-07-26,0.0004370277190211397,-0.0018576718879791977,0.0,0.0,1.2180722117322778e-05,0.0004370277190211397,-0.0018698526100965206,0.0,0.0,0.7541938265177133,0.14819878576076045
2021-07-27,-0.00030273937498160545,-0.0005143075828944907,0.0,0.0,4.117034815954591e-06,-0.00030273937498160545,-0.0005184246177104453,0.0,0.0,0.7557136595787045,0.15027177078234258
2021-07-28,0.00025858532195456954,0.0015352036760455643,0.0,0.0,4.134520554070077e-06,0.00025858532195456954,0.0015310691554914942,0.0,0.0,0.7560317462510765,0.15091000022355783
2021-07-29,0.0033480772462863642,-0.0008808898915172165,0.0,0.0,4.085149173873839e-06,0.0033480772462863642,-0.0008849750406910903,0.0,0.0,0.754939251161989,0.1491079448463951
2021-07-30,-0.002177233853801539,0.0011683858458006872,0.0,0.0,4.099186428371579e-06,-0.002177233853801539,0.0011642866593723155,0.0,0.0,0.7564241783462253,0.14962030463556264
2021-08-02,-6.54223992820439e-05,9.55807063175297e-05,0.0,0.0,1.2213899607101313e-05,-6.54223992820439e-05,8.336680671042839e-05,0.0,0.0,0.7550117315076156,0.14860244521973262
2021-08-03,0.006133104245576385,0.000531099782326814,3.142116534023619e-05,1.95657431997531e-05,4.100833551654784e-06,0.0061016830802361486,0.0005074332055754061,0.15406486803031633,0.09593513198331177,0.7496804246496588,0.1496804246353996
2021-08-04,-0.00273023670443948,0.0007488683178320874,0.0,0.0,4.059453472629476e-06,-0.00273023670443948,0.0007448088643594579,0.0,0.0,0.7508510668808936,0.1481700517509759
2021-08-05,0.0030369470532668925,-5.967784275692843e-05,0.0,0.0,4.046971502303583e-06,0.0030369470532668925,-6.372481425923201e-05,0.0,0.0,0.749609125002412,0.14771445983408077
2021-08-06,-0.0007569722219845187,0.0013829797633852963,0.0,0.0,4.0366047885667316e-06,-0.0007569722219845187,0.0013789431585967296,0.0,0.0,0.750414921721932,0.1473360747826857
2021-08-09,-0.0010268533703900464,0.0013468810804655774,0.0,0.0,1.1988688180490512e-05,-0.0010268533703900464,0.0013348923922850869,0.0,0.0,0.7491919738662596,0.14586237286263457
2021-08-10,6.143230543817891e-06,-0.000861996364321242,0.0,0.0,3.958109289863029e-06,6.143230543817891e-06,-0.000865954473611105,0.0,0.0,0.7479347274139955,0.14447098908000056
2021-08-11,0.0021832826385515714,-0.0008700432999799925,0.0,0.0,3.985152107198659e-06,0.0021832826385515714,-0.0008740284520871911,0.0,0.0,0.7485845120243639,0.14545805191275107
2021-08-12,0.0011229090586306616,0.00023527190474673495,0.0,0.0,4.003746987432997e-06,0.0011229090586306616,0.00023126815775930196,0.0,0.0,0.7497861340279866,0.14613676504130435
2021-08-13,0.0026103999324065077,-0.0009255088437529513,0.0,0.0,3.991895447957662e-06,0.0026103999324065077,-0.000929500739200909,0.0,0.0,0.7498935543206385,0.14570418385045467
2021-08-16,0.0010106306422346194,0.00046017829880976236,0.0,0.0,1.2031531771859134e-05,0.0010106306422346194,0.0004481467670379032,0.0,0.0,0.7512411935369261,0.1463836365576194
2021-08-17,-0.0019856713491301432,0.0013637681266050743,2.7177016926891255e-05,2.3441846837127868e-05,4.617847482442905e-06,-0.0020128483660570343,0.0013357084322855035,0.13422376029789732,0.11577623987470476,0.7685514333441457,0.16855143310916604
2021-08-18,-0.005784135259259146,0.0014894243127926835,0.0,0.0,4.583587702398195e-06,-0.005784135259259146,0.0014848407250902854,0.0,0.0,0.7670851860070655,0.16730095113753413
2021-08-19,-0.00024647027289355746,0.0009744405607932396,0.0,0.0,4.562396643795613e-06,-0.00024647027289355746,0.0009698781641494439,0.0,0.0,0.7645882407923347,0.16652747749853986
2021-08-20,0.004014649279503917,-0.001548521116019825,0.0,0.0,4.532420853118405e-06,0.004014649279503917,-0.0015530535368729434,0.0,0.0,0.7637892393564343,0.1654333611388218
2021-08-23,0.0036125020011501907,-0.0011165536787527564,0.0,0.0,1.369083696154364e-05,0.0036125020011501907,-0.0011302445157143001,0.0,0.0,0.7659185069001504,0.16657184969878094
2021-08-24,0.0006045682583761163,-0.0007946374136169257,0.0,0.0,4.582827075448705e-06,0.0006045682583761163,-0.0007992202406923745,0.0,0.0,0.7676255645975664,0.16727318825387777
2021-08-25,0.000327285310536922,-0.0004918950254828271,0.0,0.0,4.605494432113763e-06,0.000327285310536922,-0.0004965005199149408,0.0,0.0,0.7683796994876193,0.16810054677215233
2021-08-26,-0.002285896491857866,0.0007018781029325007,0.0,0.0,4.619752740581661e-06,-0.002285896491857866,0.000697258350191919,0.0,0.0,0.7688370837262566,0.16862097503123064
2021-08-27,0.0055136876922861535,-0.001857630229186001,0.0,0.0,4.6078433992899535e-06,0.0055136876922861535,-0.0018622380725852909,0.0,0.0,0.7677708973660156,0.1681862840740833
2021-08-30,0.0033736096251639866,-0.0003062816681981812,0.0,0.0,1.3925364368089226e-05,0.0033736096251639866,-0.0003202070325662704,0.0,0.0,0.7704712481123912,0.16942526647841893
2021-08-31,0.0006852908954948936,0.00035990240926461704,4.412704181670582e-05,6.1969193429061135e-06,5.479452054633479e-06,0.0006411638536781878,0.00034822603786707746,0.21921486706114396,0.0307851329709916,0.8000000000717462,0.19999999999412196
2021-09-01,0.0025357824948421385,0.0007952563835399932,0.0,0.0,5.464185504749698e-06,0.0025357824948421385,0.0007897921980352435,0.0,0.0,0.799893884044059,0.19944277092336402
2021-09-02,0.0025947201864258813,-0.000584259761422146,0.0,0.0,5.424358549109305e-06,0.0025947201864258813,-0.0005896841199712553,0.0,0.0,0.7997699717606908,0.19798908704248963
2021-09-03,0.0012371731061455288,0.00030125464724525613,0.0,0.0,5.429479363913878e-06,0.0012371731061455288,0.00029582516788134223,0.0,0.0,0.8007591409888908,0.19817599678285655
2021-09-07,-0.0029196027779750246,0.0009356856504938665,0.0,0.0,2.1651711211820776e-05,-0.0029196027779750246,0.0009140339392820457,0.0,0.0,0.8007687370033155,0.1975718648078646
2021-09-08,-0.0002965627142178827,0.0005203255025238061,0.0,0.0,5.3981188786646025e-06,-0.0002965627142178827,0.0005149273836451415,0.0,0.0,0.7994524912297666,0.19703133907125797
2021-09-09,-0.002642504913055081,-0.0007981892838303167,0.0,0.0,5.382687996559774e-06,-0.002642504913055081,-0.0008035719718268765,0.0,0.0,0.7989814591933332,0.19646811187443175
2021-09-10,-0.004226713300198197,-0.0012625346602493388,0.0,0.0,5.4232451157512076e-06,-0.004226713300198197,-0.0012679579053650899,0.0,0.0,0.7990926891251507,0.1979484467249191
2021-09-13,0.0009284180480594129,0.00041634305292357796,0.0,0.0,1.6463969418019374e-05,0.0009284180480594129,0.0003998790835055586,0.0,0.0,0.7992576337308398,0.20031162791923574
2021-09-14,-0.0012528653812932796,0.000589426431040931,0.0,0.0,5.469318267256241e-06,-0.0012528653812932796,0.0005839571127736748,0.0,0.0,0.7991245768956456,0.19963011675485276
2021-09-15,0.003873135026573307,-0.0011545635903993893,1.4587219207120606e-05,3.583143309358169e-05,5.479452054788231e-06,0.0038585478073661864,-0.0011958744755477591,0.07233046968496328,0.1776695303158936,0.8000000000072129,0.19999999999977044
2021-09-16,-0.00043798435425468455,0.003055973713242081,0.0,0.0,5.496448686639631e-06,-0.00043798435425468455,0.003050477264555441,0.0,0.0,0.8017383676631139,0.20062037706234656
2021-09-17,-0.0048206753868813585,0.0005083203874568514,0.0,0.0,5.398619524195149e-06,-0.0048206753868813585,0.0005029217679326562,0.0,0.0,0.7992124464586619,0.19704961263312293
2021-09-20,-0.006743870844355556,0.0016426556305152349,0.0,0.0,1.622413061338251e-05,-0.006743870844355556,0.0016264314999018523,0.0,0.0,0.7978366330815985,0.19739358912948718
2021-09-21,0.0009744090970888103,-0.0005820648734217427,0.0,0.0,5.390625472830313e-06,0.0009744090970888103,-0.000587455498894573,0.0,0.0,0.7951619553125723,0.1967578297583064
2021-09-22,0.0038621071075124664,-0.0014623495723090428,0.0,0.0,5.404481172227818e-06,0.0038621071075124664,-0.0014677540534812706,0.0,0.0,0.7958284157406449,0.1972635627863154
2021-09-23,0.0034421828598018823,0.0009580509705630214,0.0,0.0,5.431540518443473e-06,0.0034421828598018823,0.000952619430044578,0.0,0.0,0.7977803550186725,0.19825122892318678
2021-09-24,-0.0017527401790278642,0.00013249491578635466,0.0,0.0,5.381641297151373e-06,-0.0017527401790278642,0.0001271132744892033,0.0,0.0,0.7977167305643413,0.19642990734602508
2021-09-27,-0.00403615560122557,-0.0003520909366311609,0.0,0.0,1.6160304524195856e-05,-0.00403615560122557,-0.0003682512411553568,0.0,0.0,0.7972600377525977,0.19661703837771627
2021-09-28,-0.010511097458460067,0.0026690085732584104,0.0,0.0,5.4202876537929825e-06,-0.010511097458460067,0.0026635882856046174,0.0,0.0,0.796733018509647,0.19784049936344386
2021-09-29,0.00138910490264433,0.0011092686433523094,1.8984902773112788e-06,3.9581823878829863e-05,5.4794520547123985e-06,0.0013872064123670188,0.0010642073674187672,0.00943612823674987,0.19673483210777978,0.8000000000390393,0.19999999999700255
2021-09-30,-0.004903309057929199,0.0018491308282384974,0.0,0.0,5.435735895100194e-06,-0.004903309057929199,0.0018436950923433973,0.0,0.0,0.7994293727613309,0.1984043601711571
2021-10-01,0.004858921592782592,-0.0018999027478101907,0.0,0.0,5.4016015921863014e-06,0.004858921592782592,-0.001905304349402377,0.0,0.0,0.7969644673176827,0.19715845811479998
2021-10-04,-0.006472278144626255,0.0015793581277495714,0.0,0.0,1.63127794600891e-05,-0.006472278144626255,0.0015630453482894824,0.0,0.0,0.7994620839139883,0.19847215009775077
2021-10-05,0.003917016948112873,0.00011310779128353304,0.0,0.0,5.420935703011322e-06,0.003917016948112873,0.00010768685558052173,0.0,0.0,0.7969019831203625,0.19786415315991324
2021-10-06,0.000777916525335399,0.0008277629511444626,0.0,0.0,5.396119078434355e-06,0.000777916525335399,0.0008223668320660282,0.0,0.0,0.797608860653145,0.19695834636285395
2021-10-07,0.003946607498692628,-0.002168113354637574,0.0,0.0,5.364855352680937e-06,0.003946607498692628,-0.0021734782099902547,0.0,0.0,0.7971111734336359,0.1958172203728542
2021-10-08,-0.002434051670392685,0.0004418959352670782,0.0,0.0,5.414654835484407e-06,-0.002434051670392685,0.00043648128043159376,0.0,0.0,0.7996399159768944,0.19763490149518087
2021-10-11,-0.0029656053060654656,-0.0008445661745086069,0.0,0.0,1.6240085005533154e-05,-0.0029656053060654656,-0.0008608062595141401,0.0,0.0,0.7988015265834605,0.1975877009006534
2021-10-12,0.0007918877765507558,0.0005174429494069925,0.0,0.0,5.4573826599404475e-06,0.0007918877765507558,0.000511985566747052,0.0,0.0,0.7988928139804683,0.19919446708782634
2021-10-13,0.004088289521226526,-0.0023773292656573894,2.6977736527741854e-05,1.982163439827286e-05,2.7407810906647763e-06,0.004061311784698784,-0.0023998916811463268,0.13389735297216349,0.0983798019815888,0.7000385098382568,0.10003850980926433
2021-10-14,0.007939466794528697,-0.0020488398051180627,0.0,0.0,2.801259330745559e-06,0.007939466794528697,-0.002051641064448808,0.0,0.0,0.7029588893287816,0.10224596557221291
2021-10-15,0.0018659619544256904,-0.001213029792498221,0.0,0.0,2.840666578375318e-06,0.0018659619544256904,-0.0012158704590765962,0.0,0.0,0.7067372105903913,0.10368433011069911
2021-10-18,0.0007216197056294692,0.000348473029853974,0.0,0.0,8.616099560913792e-06,0.0007216197056294692,0.00033985693029306023,0.0,0.0,0.7081428149233427,0.10482921132445114
2021-10-19,0.002508730432559123,0.00011224297172836916,0.0,0.0,2.85945074052126e-06,0.002508730432559123,0.0001093835209878479,0.0,0.0,0.7081127894473759,0.10436995202902599
2021-10-20,0.002865786260040568,-0.0011209208651524257,0.0,0.0,2.84891680177966e-06,0.002865786260040568,-0.0011237697819542053,0.0,0.0,0.7087658900134925,0.10398546326495758
2021-10-21,0.0007109402324785983,0.002075420229748704,0.0,0.0,2.8746193282307637e-06,0.0007109402324785983,0.0020725456104204736,0.0,0.0,0.7103941579444578,0.10492360548042287
2021-10-22,-0.0010747806102478208,0.0007348462189098254,0.0,0.0,2.809937079937029e-06,-0.0010747806102478208,0.0007320362818298883,0.0,0.0,0.7091312414057259,0.10256270341770155
2021-10-25,0.0023764744061531094,-0.0007970058351123061,0.0,0.0,8.372282472782094e-06,0.0023764744061531094,-0.0008053781175850882,0.0,0.0,0.7082992263381284,0.10186277008551547
2021-10-26,0.0025847976156497415,0.0007561546361104086,0.0,0.0,2.808184672049275e-06,0.0025847976156497415,0.0007533464514383594,0.0,0.0,0.7095609122285663,0.10249874052979852
2021-10-27,-0.0023152047262545526,0.0012705944551282707,1.7634165086366866e-05,2.3989551604741027e-05,4.995194770980409e-06,-0.0023328388913409193,0.0012416097087525491,0.08753257087214521,0.11907947531104862,0.7823246092619143,0.1823246091407849
2021-10-28,0.00327230117560566,-0.0008802178329062153,0.0,0.0,4.965802792913198e-06,0.00327230117560566,-0.0008851836356991285,0.0,0.0,0.780861503395725,0.18125180194133178
2021-10-29,-0.000833554337331618,0.0004368856766728864,0.0,0.0,4.978035194851221e-06,-0.000833554337331618,0.00043190764147803517,0.0,0.0,0.7822664426252595,0.18169828461206955
2021-11-01,0.002275725317387378,-0.0008661672979148925,0.0,0.0,1.4904183388784833e-05,0.002275725317387378,-0.0008810714813036772,0.0,0.0,0.7817468743369994,0.18133423123021547
2021-11-02,0.0025505564806308488,-6.01061873562981e-05,0.0,0.0,4.984839614805673e-06,0.0025505564806308488,-6.509102697110378e-05,0.0,0.0,0.7829306823748253,0.181946645940407
2021-11-03,0.003295200590119118,-0.00018731992623001378,0.0,0.0,4.974123347921248e-06,0.003295200590119118,-0.00019229404957793502,0.0,0.0,0.7835337926819702,0.18155550219912553
2021-11-04,0.0012632941568235987,1.5007070517289315e-05,0.0,0.0,4.96385302866574e-06,0.0012632941568235987,1.0043217488623575e-05,0.0,0.0,0.784395088621238,0.18118063554629954
2021-11-05,0.0015457313774533917,-0.001365476777061233,0.0,0.0,4.957129777433907e-06,0.0015457313774533917,-0.001370433906838667,0.0,0.0,0.7846592468329695,0.18093523687633759
2021-11-08,0.0022331567467610753,-0.00031998213385664713,0.0,0.0,1.498099416989408e-05,0.0022331567467610753,-0.0003349631280265412,0.0,0.0,0.7860671826215762,0.18226876240037798
2021-11-09,-0.0016356383885979568,4.438615201102144e-05,0.0,0.0,4.992953764128613e-06,-0.0016356383885979568,3.939319824689283e-05,0.0,0.0,0.7868068276688794,0.18224281239069437
2021-11-10,-0.004945249277978451,0.0014523764013886385,2.1081092223497868e-05,2.019223407575036e-05,2.248625643342477e-06,-0.004966330370201949,0.0014299355416695456,0.10483513213653649,0.10041488861301161,0.6820748359247819,0.08207483598200041
2021-11-11,0.0008701637196171379,-0.0014620865932005965,0.0,0.0,2.216673541908005e-06,0.0008701637196171379,-0.0014643032667425045,0.0,0.0,0.6795326825110544,0.08090858427964218
2021-11-12,0.003772577490157265,-0.0005401749319807506,0.0,0.0,2.258072318909941e-06,0.003772577490157265,-0.0005424330042996606,0.0,0.0,0.6808073407958115,0.08241963964021284
2021-11-15,-0.00027460864944522646,0.0005842216462947522,0.0,0.0,6.796660700261486e-06,-0.00027460864944522646,0.0005774249855944907,0.0,0.0,0.6823757460326384,0.08269270518651474
2021-11-16,-2.40088553911889e-05,0.0006228566364639635,0.0,0.0,2.2488665007383597e-06,-2.40088553911889e-05,0.0006206077699632251,0.0,0.0,0.6818946485440812,0.08208362727695012
2021-11-17,-0.00037739433124501874,0.0017904326295452436,0.0,0.0,2.2304712386358313e-06,-0.00037739433124501874,0.0017882021583066079,0.0,0.0,0.6814640789588635,0.08141220021020784
2021-11-18,0.0009084519170024641,-0.0007408344214217147,0.0,0.0,2.1783450636153775e-06,0.0009084519170024641,-0.0007430127664853301,0.0,0.0,0.6801271559126597,0.07950959482196128
2021-11-19,-0.0017399701522278774,-0.0005448183033009745,0.0,0.0,2.198278215798364e-06,-0.0017399701522278774,-0.0005470165815167729,0.0,0.0,0.6809229565141688,0.0802371548766403
2021-11-22,-0.005226788785009349,0.00021130757359348498,0.0,0.0,6.654833750470378e-06,-0.005226788785009349,0.0002046527398430146,0.0,0.0,0.680739829320729,0.08096714396405626
2021-11-23,0.0014607006150655483,-0.0004143932586791513,0.0,0.0,2.2236561720455435e-06,0.0014607006150655483,-0.00041661691485119683,0.0,0.0,0.678922682611946,0.08116345027966233
2021-11-24,-7.040363898821165e-06,-0.0009389089013624396,2.1676409330309726e-05,2.0613372349281684e-05,4.972404336568778e-06,-2.871677322913089e-05,-0.00096449467804829,0.1051570260565225,0.10000000000992976,0.7814927582272726,0.18149275828476036
2021-11-26,-0.018617756259405132,0.001973439828589896,0.0,0.0,1.0006194002693085e-05,-0.018617756259405132,0.0019634336345872028,0.0,0.0,0.7822626701052291,0.18261304054914881
2021-11-29,0.005752006321825647,-0.0003024286136321865,0.0,0.0,1.5098546535348443e-05,0.005752006321825647,-0.00031752716016753495,0.0,0.0,0.7765782993872518,0.1836989828467394
2021-11-30,-0.00972791789108655,0.0008098062439347776,0.0,0.0,5.013886697780124e-06,-0.00972791789108655,0.0008047923572369975,0.0,0.0,0.7781017280821648,0.18300686446897452
2021-12-01,-0.00603852857738041,0.001468845798228961,0.0,0.0,5.0366428215090435e-06,-0.00603852857738041,0.001463809155407452,0.0,0.0,0.7752918365741986,0.18383746298508005
2021-12-02,0.010314557674185425,-0.0016362833568920338,0.0,0.0,5.019362646658225e-06,0.010314557674185425,-0.001641302719538692,0.0,0.0,0.7727885990097876,0.18320673660302522
2021-12-03,-0.004960995105351961,0.0003489872229947924,0.0,0.0,5.020646976405328e-06,-0.004960995105351961,0.00034396657601838703,0.0,0.0,0.7763695060192549,0.18325361463879444
2021-12-06,0.005406968693194843,-0.0008850680560646453,0.0,0.0,1.5102987974229143e-05,0.005406968693194843,-0.0009001710440388744,0.0,0.0,0.7749866463700459,0.18375302035312122
2021-12-07,0.012774170418100316,-0.00037721350953247036,0.0,0.0,5.035882063191412e-06,0.012774170418100316,-0.00038224939159566175,0.0,0.0,0.7768923185881802,0.18380969530648653
2021-12-08,0.004139923515310786,-0.00031621900860622756,0.0,0.0,4.984449771956271e-06,0.004139923515310786,-0.0003212034583781838,0.0,0.0,0.7800007809284037,0.18193241667640386
2021-12-09,-0.0028633193742604365,0.0015738257232518272,6.466212962682061e-05,2.0518354099005925e-05,2.2010641982013956e-06,-0.002927981503887257,0.00155110630495462,0.3189765291978743,0.10121648348308032,0.4621813527476477,0.08033884323435095
2021-12-10,0.0025696322869166194,0.0001952021743019536,0.0,0.0,2.1609210037725394e-06,0.0025696322869166194,0.00019304125329818107,0.0,0.0,0.4599513289509359,0.07887361663769768
2021-12-13,-0.003415651495820532,0.0005260420922204534,0.0,0.0,6.448902783906912e-06,-0.003415651495820532,0.0005195931894365465,0.0,0.0,0.4612466872195593,0.0784616505375341
2021-12-14,-0.0022044807480065117,0.0005544381066992956,0.0,0.0,2.141423837478694e-06,-0.0022044807480065117,0.000552296682861817,0.0,0.0,0.45916079214981004,0.07816197006797232
2021-12-15,0.004083938547894109,-0.0004654575995933879,0.0,0.0,2.1297524954994107e-06,0.004083938547894109,-0.00046758735208888734,0.0,0.0,0.45771253676145784,0.0777359660857285
2021-12-16,-0.0014334506940878744,0.00027955820244924753,0.0,0.0,2.134784627561302e-06,-0.0014334506940878744,0.0002774234178216862,0.0,0.0,0.46013247468429846,0.07791963890598752
2021-12-17,-0.0038135695031840727,-0.0002237243599671093,0.0,0.0,2.129587359802199e-06,-0.0038135695031840727,-0.0002258539473269115,0.0,0.0,0.45922990628795674,0.07772993863278026
2021-12-20,-0.0028625326699656373,0.0002664336496018858,0.0,0.0,6.433136545588126e-06,-0.0028625326699656373,0.0002600005130562977,0.0,0.0,0.45726341735590087,0.07826982797132219
2021-12-21,0.005579002731884047,-0.0014313840267344397,0.0,0.0,2.1426556266550407e-06,0.005579002731884047,-0.0014335266823610948,0.0,0.0,0.45558656336735465,0.07820693037290898
2021-12-22,0.004597952696623157,-0.000698585101532894,0.0,0.0,2.1728640714205482e-06,0.004597952696623157,-0.0007007579656043146,0.0,0.0,0.4592617076895486,0.07930953860685
2021-12-23,0.0011976212706661662,-9.052111597700279e-05,4.4299372350585326e-05,6.320076313979292e-06,1.3283246783077391e-06,0.001153321898315581,-9.816951696928982e-05,0.21878632383188315,0.031213676169708025,0.24825570018987028,0.04848385075823248
2021-12-27,0.0020780059572010827,-0.0007957592951670531,0.0,0.0,5.317607948839522e-06,0.0020780059572010827,-0.0008010769031158926,0.0,0.0,0.24919038762962048,0.048523172533160644
2021-12-28,-0.00011439914632935587,0.0004154332744968489,0.0,0.0,1.3494804209775398e-06,-0.00011439914632935587,0.00041408379407587134,0.0,0.0,0.25094795085730864,0.049256035365680205
2021-12-29,0.0009406134563747134,0.00012640147893450636,0.0,0.0,1.337697799935716e-06,0.0009406134563747134,0.00012506378113457065,0.0,0.0,0.25075840326722665,0.04882596969765363
2021-12-30,0.00028131955087059955,0.0004148666988413198,0.0,0.0,1.3328143957549516e-06,0.00028131955087059955,0.00041353388444556485,0.0,0.0,0.2514310723529923,0.04864772544505573
2021-12-31,-0.0004700543696546623,-0.0008471828610683437,0.0,0.0,1.3205306095972733e-06,-0.0004700543696546623,-0.000848503391677941,0.0,0.0,0.25153761013135184,0.048199367250300475
2022-01-03,0.001281720850653237,0.00045122480575622613,0.0,0.0,4.03654571550699e-06,0.001281720850653237,0.00044718826004071916,0.0,0.0,0.2513990399169713,0.04911130620533505
2022-01-04,-0.0010872152348880301,-0.0005405372925909224,0.0,0.0,1.3308519929214068e-06,-0.0010872152348880301,-0.0005418681445838438,0.0,0.0,0.25224465268946583,0.04857609774163135
2022-01-05,-0.00244875544094627,0.0010106445591038823,0.0,0.0,1.3478570052594816e-06,-0.00244875544094627,0.0010092967020986228,0.0,0.0,0.25156726149910524,0.04919678069197108
2022-01-06,-0.0006833172779539369,0.0001988069322062889,0.0,0.0,1.3220711801428738e-06,-0.0006833172779539369,0.00019748486102614605,0.0,0.0,0.2494776187966828,0.04825559807521489
2022-01-07,-0.0008239429999709328,1.1764270060233837e-16,4.282316226271399e-05,1.0196838334388934e-05,3.050857406623743e-17,-0.0008667661622336468,-1.01968383343018e-05,0.2019198499811989,0.04808015003962163,0.44896168476492815,1.1135629534176664e-12
2022-01-10,0.0012512298197123871,3.6134783810277783e-16,0.0,0.0,9.159637957151931e-17,0.0012512298197123871,2.697514585312585e-16,0.0,0.0,0.44853108693280186,1.1144226181201516e-12
2022-01-11,0.0036209642773034,-1.0960260259499343e-16,0.0,0.0,3.048408398815722e-17,0.0036209642773034,-1.4008668658315066e-16,0.0,0.0,0.44922023899386654,1.1126690655677387e-12
2022-01-12,-0.0003859958508232131,1.092071673431957e-16,0.0,0.0,3.0377092432640295e-17,-0.0003859958508232131,7.88300749105554e-17,0.0,0.0,0.4512073974035169,1.1087638737913708e-12
2022-01-13,-0.003132134407174079,-3.011748013875792e-16,0.0,0.0,3.038582925947078e-17,-0.003132134407174079,-3.3156063064705e-16,0.0,0.0,0.45099548393823385,1.1090827679706835e-12
2022-01-14,-0.0005460719297598858,6.469416410869158e-16,0.0,0.0,3.048957808045839e-17,-0.0005460719297598858,6.164520630064575e-16,0.0,0.0,0.44927052520117167,1.1128695999367312e-12
2022-01-18,-0.0038756589744269134,8.985994674088778e-16,0.0,0.0,1.219540102694716e-16,-0.0038756589744269134,7.766454571394063e-16,0.0,0.0,0.4489696229798357,1.1128303437089284e-12
2022-01-19,-0.0024299759236611498,-3.706003201267144e-16,0.0,0.0,3.0582410397192704e-17,-0.0024299759236611498,-4.011827305239071e-16,0.0,0.0,0.44682570807089805,1.1162579794975336e-12
2022-01-20,-0.0019459983416736035,1.1850209955163524e-16,0.0,0.0,3.06670841066489e-17,-0.0019459983416736035,8.783501544498635e-17,0.0,0.0,0.4454782335292282,1.1193485698926846e-12
2022-01-21,-0.003958672848287602,-3.4792418799061407e-16,0.0,0.0,3.072362559824886e-17,-0.003958672848287602,-3.7864781358886293e-16,0.0,0.0,0.4443970310730674,1.1214123343360833e-12
2022-01-24,-0.0029750422660791837,-3.053309542132135e-16,5.031791227996421e-05,4.6696817251923404e-17,1.116351374849841e-16,-0.0030253601783591477,-4.63662908950121e-16,0.2500000000054997,2.3200891659183865e-13,0.40114482314865696,1.3582275060673063e-12
2022-01-25,-0.0004906066639495131,4.860360928144502e-16,0.0,0.0,3.7333023569461785e-17,-0.0004906066639495131,4.487030692449884e-16,0.0,0.0,0.3993780433109218,1.362655360285355e-12
2022-01-26,-0.0019648861083685506,1.258039173012596e-15,0.0,0.0,3.7338025796398814e-17,-0.0019648861083685506,1.2207011472161973e-15,0.0,0.0,0.39908322953885433,1.3628379415685568e-12
2022-01-27,0.001295415365829865,6.114430105058182e-16,0.0,0.0,3.737700051883284e-17,0.001295415365829865,5.740660099869854e-16,0.0,0.0,0.397900171950869,1.3642605189373986e-12
2022-01-28,0.0034978494884180915,-1.436725115012261e-16,0.0,0.0,3.731191422851114e-17,0.0034978494884180915,-1.8098442572973724e-16,0.0,0.0,0.3986791322427557,1.3618848693406567e-12
2022-01-31,0.0024536756334250604,-5.142237242931315e-16,0.0,0.0,1.115573405983676e-16,0.0024536756334250604,-6.257810648914992e-16,0.0,0.0,0.4007751306454748,1.3572809772801393e-12
2022-02-01,-0.0005086250373235917,5.801482848853656e-17,0.0,0.0,3.710881552423233e-17,-0.0005086250373235917,2.0906012964304233e-17,0.0,0.0,0.40224183528890767,1.3544717666344801e-12
2022-02-02,0.0021515604671838435,-2.1245722824441435e-16,0.0,0.0,3.7126109345628086e-17,0.0021515604671838435,-2.4958333759004245e-16,0.0,0.0,0.4019376458016816,1.355102991115425e-12
2022-02-03,-0.0023795274321153775,6.729420853217909e-16,0.0,0.0,3.7052210021303764e-17,-0.0023795274321153775,6.358898753004872e-16,0.0,0.0,0.40322165050612396,1.3524056657775873e-12
2022-02-04,-0.0021166015638193958,1.459283295923246e-15,0.0,0.0,3.7122106322174384e-17,-0.0021166015638193958,1.4221611896010717e-15,0.0,0.0,0.40179821294388335,1.3549568807593651e-12
2022-02-07,-0.001020893390372278,1.2018356068507444e-17,5.094163426939713e-05,2.7757807663954634e-16,9.990039354715414e-19,-0.0010718350246416751,-2.6655872450651043e-16,0.2499999999990351,1.362235824485652e-12,0.3462332863236979,1.2154547881570419e-14
2022-02-08,0.0012098983491823068,-4.8549829370291765e-18,0.0,0.0,3.330289939344932e-19,0.0012098983491823068,-5.18801193096367e-18,0.0,0.0,0.3455828006830115,1.2155558278609002e-14
2022-02-09,0.0021231065692859357,-7.425417702211146e-17,0.0,0.0,3.327594021143516e-19,0.0021231065692859357,-7.458693642422581e-17,0.0,0.0,0.34637362215854384,1.2145718177173833e-14
2022-02-10,-0.00569179084350119,1.2595680823884884e-16,0.0,0.0,3.3408446620376244e-19,-0.00569179084350119,1.2562272377264508e-16,0.0,0.0,0.34775840058302754,1.2194083016437329e-14
2022-02-11,-0.0029297471108982224,4.6308108006591297e-17,0.0,0.0,3.3252626469377144e-19,-0.0029297471108982224,4.5975581741897525e-17,0.0,0.0,0.34402472652791594,1.2137208661322658e-14
2022-02-14,-0.0032840929002675733,2.450039755569198e-17,0.0,0.0,9.966927057930092e-19,-0.0032840929002675733,2.3503704849898972e-17,0.0,0.0,0.3420972378111411,1.2126427920481613e-14
2022-02-15,0.003606379117532072,-7.959871871570762e-17,0.0,0.0,3.3265211862338403e-19,0.003606379117532072,-7.993137083433101e-17,0.0,0.0,0.3399295049847855,1.2141802329753517e-14
2022-02-16,0.0004990894942221023,-4.6720638305624674e-17,0.0,0.0,3.3362971021759593e-19,0.0004990894942221023,-4.705426801584227e-17,0.0,0.0,0.34230141542582426,1.2177484422942252e-14
2022-02-17,-0.0006915101650876305,4.5672146770040066e-17,0.0,0.0,3.3474266115996846e-19,-0.0006915101650876305,4.5337404108880097e-17,0.0,0.0,0.34262950213512017,1.2218107132338849e-14
2022-02-18,-0.00035196974240527174,1.8668426836580144e-17,0.0,0.0,3.3372214172095342e-19,-0.00035196974240527174,1.8334704694859192e-17,0.0,0.0,0.3421746091905226,1.2180858172814801e-14
2022-02-22,-0.0006682311555281368,3.951597081910429e-14,5.112012526593967e-05,1.196210631311009e-15,6.397624176927688e-16,-0.0007193512807940765,3.767999777010051e-14,0.2500000000053246,5.8499985334225e-12,0.10805700698040027,5.837832061446515e-12
2022-02-23,-0.0007258713242076381,-7.926402069211537e-15,0.0,0.0,1.5897233203633766e-16,-0.0007258713242076381,-8.085374401247874e-15,0.0,0.0,0.10746608168837254,5.8024901193263245e-12
2022-02-24,-0.0016426400397768217,-1.4819022290724425e-14,0.0,0.0,1.5930512876163255e-16,-0.0016426400397768217,-1.4978327419486058e-14,0.0,0.0,0.10681774630312371,5.814637199799588e-12
2022-02-25,0.0029827078853967856,-4.883889903575547e-14,0.0,0.0,1.5997390892045209e-16,0.0029827078853967856,-4.8998872944675917e-14,0.0,0.0,0.10534815536146183,5.8390476755965e-12
2022-02-28,-0.0011797352397841159,-5.4697211665266906e-14,0.0,0.0,4.824967360272836e-16,-0.0011797352397841159,-5.5179708401294186e-14,0.0,0.0,0.10800870483127219,5.870376954998618e-12
2022-03-01,-0.00023519078263745444,-5.672375117020548e-14,0.0,0.0,1.6252253264571187e-16,-0.00023519078263745444,-5.688627370285119e-14,0.0,0.0,0.10695514834907772,5.9320724415684826e-12
2022-03-02,0.0013079145383287087,-8.054120686383609e-14,0.0,0.0,1.641152064040842e-16,0.0013079145383287087,-8.070532207024018e-14,0.0,0.0,0.10674506302136101,5.9902050337490745e-12
2022-03-03,0.0009308385551338138,-4.494232788119509e-14,0.0,0.0,1.6610456423687787e-16,0.0009308385551338138,-4.510843244543197e-14,0.0,0.0,0.10791183809779258,6.0628165946460414e-12
2022-03-04,0.0003926305404187995,-1.1367613979575413e-13,0.0,0.0,1.671802430752536e-16,0.0003926305404187995,-1.1384332003882938e-13,0.0,0.0,0.10874145591322584,6.102078872246757e-12
2022-03-07,-0.0016182670115517561,-4.075707437750787e-15,0.0,0.0,5.106834636682702e-16,-0.0016182670115517561,-4.586390901419057e-15,0.0,0.0,0.10909125389568503,6.213315474630621e-12
2022-03-08,0.0024257550285257763,3.029497458824319e-15,4.855103777323797e-05,9.098861109593785e-16,4.82082360473053e-17,0.002377203990752538,2.0714031118176352e-15,0.2384030690378803,4.46786827381116e-12,0.1499999999968259,1.7596006157266434e-12
2022-03-09,-0.007089872133966159,3.16591766352202e-14,0.0,0.0,4.801110392906584e-17,-0.007089872133966159,3.161116553129113e-14,0.0,0.0,0.15206426724241184,1.7524052934109031e-12
2022-03-10,0.002410614967476336,-1.3965176517986335e-14,0.0,0.0,4.7480358900206826e-17,0.002410614967476336,-1.4012656876886541e-14,0.0,0.0,0.1460095843921147,1.7330330998575491e-12
2022-03-11,-1.1777237411889335e-05,-1.16380229822825e-15,0.0,0.0,4.774786475859064e-17,-1.1777237411889335e-05,-1.2115501629868407e-15,0.0,0.0,0.14806327581079004,1.7427970636885585e-12
2022-03-14,-0.00446404138923087,1.2088850558527948e-14,0.0,0.0,1.4334093741943897e-16,-0.00446404138923087,1.194550962110851e-14,0.0,0.0,0.1480532422315617,1.7439814052698409e-12
2022-03-15,-0.004809437170670452,7.598704089480905e-16,0.0,0.0,4.766187567367627e-17,-0.004809437170670452,7.122085332744142e-16,0.0,0.0,0.14423306320617701,1.7396584620891839e-12
2022-03-16,-0.0007072645711475504,-8.702943514936515e-15,0.0,0.0,4.7871291273968815e-17,-0.0007072645711475504,-8.750814806210483e-15,0.0,0.0,0.1400974157543503,1.7473021314998617e-12
2022-03-17,0.005342387164245843,-2.855205107385446e-15,0.0,0.0,4.814377847143166e-17,0.005342387164245843,-2.9033488858568776e-15,0.0,0.0,0.1394888066742363,1.7572479142072556e-12
2022-03-18,9.576106441967102e-05,-3.931413162358323e-15,0.0,0.0,4.796575165294035e-17,9.576106441967102e-05,-3.979378914011264e-15,0.0,0.0,0.1440615612030502,1.7507499353323227e-12
2022-03-21,0.005782105628414644,-1.1465119871676413e-15,0.0,0.0,1.4420657543262284e-16,0.005782105628414644,-1.290718562600264e-15,0.0,0.0,0.14414351893066846,1.7545133344302446e-12
2022-03-22,0.0,-1.5763289962891639e-15,3.064512810152799e-05,2.432088156347505e-16,1.5412409096162927e-17,-3.064512810152799e-05,-1.834950221020077e-15,0.14906372237096968,1.1830138628183173e-12,0.0,5.625529320099469e-13
2022-03-23,0.0,-1.0246471271628387e-14,0.0,0.0,1.545606984519205e-17,0.0,-1.026192734147358e-14,0.0,0.0,0.0,5.641465493495099e-13
2022-03-24,0.0,8.275990244961604e-15,0.0,0.0,1.5736795085510798e-17,0.0,8.260253449876093e-15,0.0,0.0,0.0,5.743930206211441e-13
2022-03-25,0.0,2.3645471649607844e-15,0.0,0.0,1.5510055626744597e-17,0.0,2.34903710933404e-15,0.0,0.0,0.0,5.661170303761778e-13
2022-03-28,0.0,-2.7586508870540457e-15,0.0,0.0,4.633582053790813e-17,0.0,-2.804986707591954e-15,0.0,0.0,0.0,5.637524832112156e-13
2022-03-29,0.0,-3.3498064701939917e-15,0.0,0.0,1.5520852988993734e-17,0.0,-3.3653273231829854e-15,0.0,0.0,0.0,5.665111340982713e-13
2022-03-30,0.0,1.9704810266669753e-15,0.0,0.0,1.5612628508725127e-17,0.0,1.95486839815825e-15,0.0,0.0,0.0,5.698609405684672e-13
2022-03-31,0.0,2.1675328877135733e-15,0.0,0.0,1.5558642727172578e-17,0.0,2.1519742449864006e-15,0.0,0.0,0.0,5.678904595417991e-13
2022-04-01,0.0,1.1822735824803253e-15,0.0,0.0,1.549925826449546e-17,0.0,1.1667743242158299e-15,0.0,0.0,0.0,5.657229266540843e-13
2022-04-04,0.0,-9.261249550194764e-15,0.0,0.0,4.6400601622323565e-17,0.0,-9.307650151817088e-15,0.0,0.0,0.0,5.645406530716033e-13
2022-04-05,0.0,3.940962053333906e-15,0.0,0.0,1.5720600071830234e-17,0.0,3.925241453262075e-15,0.0,0.0,0.0,5.738019026218035e-13
2022-04-06,0.0,3.743910192287216e-15,0.0,0.0,1.561262850872513e-17,0.0,3.7282975637784906e-15,0.0,0.0,0.0,5.698609405684673e-13
2022-04-07,0.0,1.5763773045736324e-15,0.0,0.0,1.55100556267446e-17,0.0,1.5608672489468878e-15,0.0,0.0,0.0,5.661170303761779e-13
2022-04-08,0.0,-3.941037220933248e-16,0.0,0.0,1.5466867207441188e-17,0.0,-4.09570589300766e-16,0.0,0.0,0.0,5.645406530716033e-13
2022-04-11,0.0,1.1231692993062134e-14,0.0,0.0,4.6432993709070975e-17,0.0,1.1185259999353062e-14,0.0,0.0,0.0,5.649347567936969e-13
2022-04-12,0.0,-9.261211966395042e-15,0.0,0.0,1.516994695344188e-17,0.0,-9.276381913348483e-15,0.0,0.0,0.0,5.537030638006286e-13
2022-04-13,0.0,-5.911555831399695e-16,0.0,0.0,1.5423678788137776e-17,0.0,-6.065792619281072e-16,0.0,0.0,0.0,5.629642757670289e-13
2022-04-14,0.0,1.970518610466376e-16,0.0,0.0,1.5439874831511484e-17,0.0,1.8161198621512613e-16,0.0,0.0,0.0,5.635554313501692e-13
2022-04-18,0.0,-1.3005122158682425e-14,0.0,0.0,6.173790460154766e-17,0.0,-1.3066860063283973e-14,0.0,0.0,0.0,5.633583794891224e-13
2022-04-19,0.0,1.2413966575542614e-14,0.0,0.0,1.5790780867063354e-17,0.0,1.239817579467555e-14,0.0,0.0,0.0,5.763635016478124e-13
2022-04-20,-7.319721308152681e-05,-2.70667674797286e-15,5.101071040119414e-05,4.0118112138960884e-16,3.84167583589472e-17,-0.00012420792348272094,-3.1462746277214164e-15,0.2500000000047118,1.9661612151738355e-12,0.2500000000047118,1.4022116801015727e-12
2022-04-21,-0.0030685133885936847,3.52487513635384e-15,0.0,0.0,3.849569535667231e-17,-0.0030685133885936847,3.4863794409971677e-15,0.0,0.0,0.24995784953708025,1.4050928805185396e-12
2022-04-22,-0.00227822576923915,1.0595143445339056e-15,0.0,0.0,3.851731432984203e-17,-0.00227822576923915,1.0209970302040635e-15,0.0,0.0,0.24764925119144185,1.4058819730392342e-12
2022-04-25,-0.0035648576850947295,-1.6529510574662896e-15,0.0,0.0,1.1572851530454496e-16,-0.0035648576850947295,-1.7686795727708345e-15,0.0,0.0,0.24593131247574745,1.4080302695386302e-12
2022-04-26,0.0008358371635405578,-2.313903640163624e-15,0.0,0.0,3.8759630665773575e-17,0.0008358371635405578,-2.3526632708293978e-15,0.0,0.0,0.24323354777270356,1.4147265193007357e-12
2022-04-27,0.0016183390378099107,1.0890281828941252e-15,0.0,0.0,3.87906026587538e-17,0.0016183390378099107,1.0502375802353714e-15,0.0,0.0,0.24386555304410304,1.4158569970445138e-12
2022-04-28,0.0037029752426386664,1.178920133990848e-15,0.0,0.0,3.869813956024037e-17,0.0037029752426386664,1.1402219944306075e-15,0.0,0.0,0.24508725780493718,1.4124820939487732e-12
2022-04-29,-0.002885216640881749,1.8189758125317487e-15,0.0,0.0,3.8523189959798545e-17,-0.002885216640881749,1.7804526225719503e-15,0.0,0.0,0.24787236780625477,1.406096433532647e-12
2022-05-02,0.001116263890724632,1.9523044902218432e-15,0.0,0.0,1.157540405019971e-16,0.001116263890724632,1.836550449719846e-15,0.0,0.0,0.2456960374612545,1.4083408261076313e-12
2022-05-03,0.00261653518395662,-5.623501940860393e-17,0.0,0.0,3.848822935243559e-17,0.00261653518395662,-9.472324876103952e-17,0.0,0.0,0.24653710088853287,1.404820371363899e-12
2022-05-04,0.001716400248041676,-1.9961660135263346e-15,1.0227004827547693e-05,0.0,3.838932302351953e-17,0.0017061732432141284,-2.0345553365498542e-15,0.050530356608168306,0.0,0.19797306152743593,1.401210290358463e-12
2022-05-05,-0.00013642810810762492,3.6183215492551186e-15,0.0,0.0,3.8378532078795584e-17,-0.00013642810810762492,3.579943017176323e-15,0.0,0.0,0.19934933727017518,1.4008164208760386e-12
2022-05-06,0.0017867460357144566,2.651986985892142e-15,0.0,0.0,3.828462308025203e-17,0.0017867460357144566,2.6137023628118898e-15,0.0,0.0,0.19924009111075625,1.3973887424291992e-12
2022-05-09,-0.005016921431809283,-1.699877287022064e-15,0.0,0.0,1.1443143778983667e-16,-0.005016921431809283,-1.8143087248119004e-15,0.0,0.0,0.2006682938679081,1.392249159776346e-12
2022-05-10,0.0002545969185817889,1.2879222914834593e-15,0.0,0.0,3.838294881560771e-17,0.0002545969185817889,1.2495393426678516e-15,0.0,0.0,0.19663788927711928,1.4009776317696815e-12
2022-05-11,0.001152003719118942,-1.0584254179074393e-16,0.0,0.0,3.8337902561518196e-17,0.001152003719118942,-1.4418044435226212e-16,0.0,0.0,0.19684237073466546,1.399333443495414e-12
2022-05-12,0.0003477409484656459,-1.895573710787477e-16,0.0,0.0,3.829668443428548e-17,0.0003477409484656459,-2.278540555130332e-16,0.0,0.0,0.19776654665651877,1.39782898185142e-12
2022-05-13,0.0010312738499962757,2.2913903664419055e-15,0.0,0.0,3.8288563285605457e-17,0.0010312738499962757,2.2531018031563e-15,0.0,0.0,0.1980454191031063,1.3975325599245993e-12
2022-05-16,0.001401266420665344,-1.3556992543459928e-15,0.0,0.0,1.1455921447987087e-16,0.001401266420665344,-1.4702584688258636e-15,0.0,0.0,0.19887160187058617,1.3938037761717623e-12
2022-05-17,-0.0005135269742572175,4.7719252031310444e-15,0.0,0.0,3.8170060847408006e-17,-0.0005135269742572175,4.733755142283636e-15,0.0,0.0,0.19999262534098078,1.393207220930392e-12
2022-05-18,-1.703923724744625e-13,2.3856993019305114e-05,4.0600431470178126e-05,1.0171386973923621e-05,1.3698630137606646e-06,-4.06004316405705e-05,1.2315743031620828e-05,0.19958158889724686,0.05000000000087511,4.212759072161575e-12,0.050000000002264254
2022-05-19,-1.7073129882099507e-15,-0.00014791919074656602,0.0,0.0,1.3692481262704403e-06,-1.7073129882099507e-15,-0.00014928843887283645,0.0,0.0,4.042481040004536e-12,0.04997755660887107
2022-05-20,9.52905900858019e-15,-0.000262514791392803,0.0,0.0,1.3735057553688435e-06,9.52905900858019e-15,-0.00026388829714817184,0.0,0.0,4.041377057888202e-12,0.05013296007096278
2022-05-23,4.8089339051469715e-14,-0.00014799270850115176,0.0,0.0,4.143187162908346e-06,4.8089339051469715e-14,-0.0001521358956640601,0.0,0.0,4.051975385781384e-12,0.050408777148718206
2022-05-24,2.8359814429044953e-14,-0.00031513811424621933,0.0,0.0,1.3853277404660891e-06,2.8359814429044953e-14,-0.0003165234419866854,0.0,0.0,4.1006885867636424e-12,0.05056446252701225
2022-05-25,1.6398181875257296e-14,-0.0003725459923559414,0.0,0.0,1.3944030226485474e-06,1.6398181875257296e-14,-0.00037394039537858996,0.0,0.0,4.130355755612966e-12,0.050895710326671985
2022-05-26,4.7570053026784027e-14,-0.00025802215226949855,0.0,0.0,1.4051351989769916e-06,4.7570053026784027e-14,-0.0002594272874684756,0.0,0.0,4.148305156358476e-12,0.051287434762660185
2022-05-27,5.2658738192525644e-14,-0.00019114253256944286,0.0,0.0,1.4125707584393215e-06,5.2658738192525644e-14,-0.00019255510332788218,0.0,0.0,4.196964016375431e-12,0.05155883268303524
2022-05-31,-3.272967438274566e-14,8.603938363754199e-05,0.0,0.0,5.672322395238836e-06,-3.272967438274566e-14,8.036706124230315e-05,0.0,0.0,4.25044119871194e-12,0.05175994185655439
2022-06-01,-7.474300548832674e-15,-9.628033277513197e-07,0.0,0.0,1.4156095870400488e-06,-7.474300548832674e-15,-2.3784129147913685e-06,0.0,0.0,4.217372586488392e-12,0.05166974992696178
2022-06-02,0.0006737455780014236,-1.2717226057067435e-15,2.0208455349342976e-05,1.0441877745321644e-05,8.64073813235163e-17,0.0006535371226520807,-1.0441877746679775e-05,0.1000000000026894,0.051670835623475575,0.10000000000324266,3.153869418308345e-12
2022-06-03,-0.0004847638705209837,1.5911778959104817e-15,0.0,0.0,8.638666818320929e-17,-0.0004847638705209837,1.5047912277272723e-15,0.0,0.0,0.10060904438320675,3.153113388687139e-12
2022-06-06,0.0004445912292004276,1.0104929361604753e-14,0.0,0.0,2.5915485171373917e-16,0.0004445912292004276,9.845774509891013e-15,0.0,0.0,0.10017284068665798,3.153050695850493e-12
2022-06-07,0.0006060234448108665,-4.741473369086364e-15,0.0,0.0,8.60698372967147e-17,0.0006060234448108665,-4.827543206383078e-15,0.0,0.0,0.10057271816746331,3.1415490613300867e-12
2022-06-08,-0.001978442298084801,4.677425071838249e-15,0.0,0.0,8.614753325182687e-17,-0.001978442298084801,4.5912775385864216e-15,0.0,0.0,0.10111746205958677,3.1443849636916805e-12
2022-06-09,-0.00238698278687049,1.4857795772555538e-15,0.0,0.0,8.618990637616387e-17,-0.00238698278687049,1.39958967087939e-15,0.0,0.0,0.09933554941416602,3.1459315827299816e-12
2022-06-10,-0.0007434790041679898,1.6317848616429407e-14,0.0,0.0,8.635532876970376e-17,-0.0007434790041679898,1.6231493287659704e-14,0.0,0.0,0.0971805348912998,3.1519695000941876e-12
2022-06-13,-0.004437209885773852,2.5497830197142696e-14,0.0,0.0,2.5791654881100886e-16,-0.004437209885773852,2.5239913648331688e-14,0.0,0.0,0.09650880815971426,3.137984677200607e-12
2022-06-14,-0.0023371711876968102,1.0214320827051182e-14,0.0,0.0,8.565367558271659e-17,-0.0023371711876968102,1.0128667151468466e-14,0.0,0.0,0.09248196014173472,3.1263591587691553e-12
2022-06-15,0.000585651173813553,-1.8129691665121512e-14,0.0,0.0,8.557383187076431e-17,0.000585651173813553,-1.8215265496992276e-14,0.0,0.0,0.09035596631514525,3.1234448632828972e-12
2022-06-16,0.0005497330135463498,3.0445152915230346e-14,3.999008427564645e-05,7.12017981579715e-16,2.378345983548183e-17,0.0005097429292707033,2.970935147381515e-14,0.19088838858983848,3.3987416534031295e-12,0.0999999999981905,8.680962839950867e-13
2022-06-17,-0.0036962841724095833,2.8929371363257506e-14,0.0,0.0,2.293765375016848e-17,-0.0036962841724095833,2.8906433709507334e-14,0.0,0.0,0.10049850460960684,8.372243618811495e-13
2022-06-21,-0.0003008112614047918,-2.4827328425654033e-14,0.0,0.0,8.89089055137016e-17,-0.0003008112614047918,-2.4916237331167735e-14,0.0,0.0,0.09716135642110361,8.112937628125271e-13
2022-06-22,-0.0017050936986827085,1.850964489992788e-14,0.0,0.0,2.2914320042727296e-17,-0.0017050936986827085,1.8486730579885155e-14,0.0,0.0,0.09688969066976871,8.363726815595463e-13
2022-06-23,-0.0020596658768397805,1.77410454396441e-14,0.0,0.0,2.244547812714326e-17,-0.0020596658768397805,1.7718599961516956e-14,0.0,0.0,0.09534717283467185,8.19259951640729e-13
2022-06-24,0.0007550945376760396,-5.565865873489299e-15,0.0,0.0,2.2004744509094523e-17,0.0007550945376760396,-5.587870617998394e-15,0.0,0.0,0.09348004461589123,8.031731745819502e-13
2022-06-27,0.00010060125481033906,-1.3578054520188316e-14,0.0,0.0,6.642154740761049e-17,0.00010060125481033906,-1.3644476067595927e-14,0.0,0.0,0.09416403640403358,8.081288267925943e-13
2022-06-28,0.0008550338818324772,-1.4115476795810496e-14,0.0,0.0,2.2510252736569533e-17,0.0008550338818324772,-1.4137987048547066e-14,0.0,0.0,0.0942551554719324,8.216242248847879e-13
2022-06-29,-0.0014070912473259731,1.6599822708753428e-14,0.0,0.0,2.2877417161434052e-17,-0.0014070912473259731,1.6576945291591994e-14,0.0,0.0,0.09502893639339537,8.35025726392343e-13
2022-06-30,-0.0029691088769522003,9.421821601253397e-15,0.0,0.0,2.2454222638320052e-17,-0.0029691088769522003,9.399367378615077e-15,0.0,0.0,0.09375376524855293,8.19579126298682e-13
2022-07-01,0.0001662948726341318,0.0,8.626507898289249e-06,1.7073777384282723e-16,0.0,0.00015766836473584254,-1.7073777384282723e-16,0.04105500860594273,8.12569913239966e-13,0.05,0.0
2022-07-05,-0.00324228459948925,0.0,0.0,0.0,0.0,-0.00324228459948925,0.0,0.0,0.0,0.05015838648185975,0.0
2022-07-06,-0.0007784579479979824,0.0,0.0,0.0,0.0,-0.0007784579479979824,0.0,0.0,0.0,0.04706871204254384,0.0
2022-07-07,0.0018085363161399399,0.0,0.0,0.0,0.0,0.0018085363161399399,0.0,0.0,0.0,0.046326317184359506,0.0
2022-07-08,0.0008332006239026294,0.0,0.0,0.0,0.0,0.0008332006239026294,0.0,0.0,0.0,0.04804795702530285,0.0
2022-07-11,0.00011100296803756884,0.0,0.0,0.0,0.0,0.00011100296803756884,0.0,0.0,0.0,0.048840463744342,0.0
2022-07-12,-0.0023030143451328337,0.0,0.0,0.0,0.0,-0.0023030143451328337,0.0,0.0,0.0,0.04894603355738103,0.0
2022-07-13,0.00019467433132511073,0.0,0.0,0.0,0.0,0.00019467433132511073,0.0,0.0,0.0,0.046750686714396264,0.0
2022-07-14,-0.00041708683690320277,0.0,0.0,0.0,0.0,-0.00041708683690320277,0.0,0.0,0.0,0.04693622376774447,0.0
2022-07-15,0.00061198873816133,0.0,0.0,0.0,0.0,0.00061198873816133,0.0,0.0,0.0,0.046538547546431476,0.0
2022-07-18,-1.5957263212092363e-05,0.00024670964682926887,1.0148142705707633e-05,4.059257081892396e-05,1.6438356163899382e-05,-2.6105405917799998e-05,0.0001896787198464455,0.05000000000333922,0.19999999999410917,0.002878301667451011,0.19999999999410917
2022-07-19,-1.7948819629167764e-05,0.00016480535551301661,0.0,0.0,5.47179784612001e-06,-1.7948819629167764e-05,0.0001593335576668966,0.0,0.0,0.0028618762776521293,0.19972062138338031
2022-07-20,7.975978405597942e-06,-0.00015539638075675282,0.0,0.0,5.466509749851511e-06,7.975978405597942e-06,-0.00016086289050660433,0.0,0.0,0.0028435254269253717,0.19952760586958013
2022-07-21,-7.977197966764592e-06,-0.0003715322909176299,0.0,0.0,5.471603721537963e-06,-7.977197966764592e-06,-0.00037700389463916786,0.0,0.0,0.002851937429238031,0.19971353583613563
2022-07-22,-3.99057651324689e-06,-0.000719844380246578,0.0,0.0,5.483893883871565e-06,-3.99057651324689e-06,-0.0007253282741304496,0.0,0.0,0.002845055523855365,0.20016212676131215
2022-07-25,-3.993047350313263e-06,0.00042955302269963677,0.0,0.0,1.6522897403685575e-05,-3.993047350313263e-06,0.0004130301252959512,0.0,0.0,0.0028431385018465056,0.20102858507817445
2022-07-26,2.195333281954213e-05,-0.00015640449160191983,0.0,0.0,5.493616798968014e-06,2.195333281954213e-05,-0.00016189810840088785,0.0,0.0,0.0028379846135626057,0.2005170131623325
2022-07-27,-2.3952502563519575e-05,-0.00018549656747034255,0.0,0.0,5.498671363862461e-06,-2.3952502563519575e-05,-0.00019099523883420503,0.0,0.0,0.0028603382357746403,0.2007015047809798
2022-07-28,-1.9963053290186114e-06,-0.000805030645548382,0.0,0.0,5.504936735319169e-06,-1.9963053290186114e-06,-0.0008105355822837011,0.0,0.0,0.002836995538994583,0.20093019083914967
2022-07-29,-1.098960282282886e-05,-7.177874865655746e-05,0.0,0.0,5.531486878918815e-06,-1.098960282282886e-05,-7.731023553547627e-05,0.0,0.0,0.0028373046341556873,0.20189927108053676
2022-08-01,-3.3103117629219246e-06,-0.00010581552352145872,2.0021257746970496e-05,1.04088287484276e-05,1.2328767123478279e-05,-2.3331569509892422e-05,-0.0001285531193933646,0.100000000006975,0.05198888541719424,0.10282656461474732,0.15000000000231903
2022-08-02,2.8892245088231015e-05,0.00031321966150132333,0.0,0.0,4.113112815458769e-06,2.8892245088231015e-05,0.00030910654868586456,0.0,0.0,0.10283887395336197,0.15012861776424508
2022-08-03,-2.909737397383825e-06,-0.00022102634135512075,0.0,0.0,4.103144596945244e-06,-2.909737397383825e-06,-0.000225129485952066,0.0,0.0,0.10283300876552727,0.1497647777885014
2022-08-04,3.8825276988910244e-06,-8.475536914943929e-05,0.0,0.0,4.1101373856840446e-06,3.8825276988910244e-06,-8.886550653512333e-05,0.0,0.0,0.10285355367262813,0.15002001457746764
2022-08-05,4.58917327437316e-05,0.0008970468086140241,0.0,0.0,4.112808969349847e-06,4.58917327437316e-05,0.0008929339996446743,0.0,0.0,0.10286617807456128,0.15011752738126943
2022-08-08,6.911269883385373e-06,-0.00011275774866804594,0.0,0.0,1.2253193420082237e-05,6.911269883385373e-06,-0.00012501094208812818,0.0,0.0,0.10281554392897499,0.14908051994433386
2022-08-09,-1.3901159969531133e-05,5.743387463288187e-05,0.0,0.0,4.087969847981273e-06,-1.3901159969531133e-05,5.33459047849006e-05,0.0,0.0,0.1028345999314016,0.14921089945131646
2022-08-10,-2.00451685329725e-05,-0.00025102879772569543,0.0,0.0,4.086235136667192e-06,-2.00451685329725e-05,-0.0002551150328623626,0.0,0.0,0.10281664319517846,0.1491475824883525
2022-08-11,1.997412206212829e-06,0.0003224193138245589,0.0,0.0,4.094239209660236e-06,1.997412206212829e-06,0.0003183250746148987,0.0,0.0,0.10282489134445628,0.14943973115259862
2022-08-12,3.28517673576593e-05,-0.00025175690440682586,0.0,0.0,4.084097575510222e-06,3.28517673576593e-05,-0.0002558410019823361,0.0,0.0,0.10279396153927203,0.1490695615061231
2022-08-15,0.000874049189449754,-3.288521075673266e-05,1.9838860169413015e-05,1.0130182114637147e-05,8.196007806649998e-06,0.0008542103292803409,-5.12114006780198e-05,0.09720774268553806,0.049636527902722924,0.20000000000185078,0.0997180949809083
2022-08-16,-2.4467257406820876e-05,0.00013920155366975285,0.0,0.0,2.73071080904095e-06,-2.4467257406820876e-05,0.0001364708428607119,0.0,0.0,0.20071287696614004,0.0996709445299947
2022-08-17,0.00014145904492398245,0.00027791388519133524,0.0,0.0,2.726591679800313e-06,0.00014145904492398245,0.00027518729351153493,0.0,0.0,0.20066593440460145,0.0995205963127114
2022-08-18,0.000821378896837228,-1.6723843121639042e-05,0.0,0.0,2.7178452204944214e-06,0.000821378896837228,-1.9441688342133464e-05,0.0,0.0,0.20072376262878916,0.09920135054804638
2022-08-19,0.0006358180780445436,0.0001792309607317901,0.0,0.0,2.716125246079442e-06,0.0006358180780445436,0.00017651483548571066,0.0,0.0,0.20138364448792917,0.09913857148189964
2022-08-22,0.0008580078885834571,0.00018140611208296783,0.0,0.0,8.127042562234394e-06,0.0008580078885834571,0.00017327906952073344,0.0,0.0,0.2018554887087189,0.09887901784051845
2022-08-23,-0.0004449069971534856,3.592229789463059e-05,0.0,0.0,2.701258384401135e-06,-0.0004449069971534856,3.322103951022946e-05,0.0,0.0,0.20250465618642194,0.09859593103064143
2022-08-24,0.00010321229018010369,0.00014622380673514138,0.0,0.0,2.7013863346762324e-06,0.00010321229018010369,0.00014352242040046513,0.0,0.0,0.20214296861088188,0.09860060121568248
2022-08-25,-0.00016539995425610693,-8.53085935321769e-05,0.0,0.0,2.696714829831802e-06,-0.00016539995425610693,-8.80053083620087e-05,0.0,0.0,0.2021962920574607,0.09843009128886077
2022-08-26,0.00038799944915207375,0.0001318731338213951,0.0,0.0,2.6997361789278305e-06,0.00038799944915207375,0.00012917339764246727,0.0,0.0,0.20208210077102087,0.0985403705308658
2022-08-29,3.4329697099514583e-05,0.00020651872807002939,2.0482575619533183e-05,2.691970747042871e-16,8.084188726064027e-06,1.38471214799814e-05,0.00019843453934369616,0.10236544230698769,1.3453619374690532e-12,0.10000000000129387,0.09835762950044566
2022-08-30,-3.432241109827428e-05,8.85350320034319e-05,0.0,0.0,2.688500808593517e-06,-3.432241109827428e-05,8.584653119483839e-05,0.0,0.0,0.10001309875168628,0.09813027951366336
2022-08-31,-6.863369242587176e-05,-3.5489900181899106e-05,0.0,0.0,2.685936800748061e-06,-6.863369242587176e-05,-3.8175836982647164e-05,0.0,0.0,0.09997362528751219,0.09803669322730424
2022-09-01,0.0008924092497219273,0.0002627033888233003,0.0,0.0,2.6871961449361106e-06,0.0008924092497219273,0.0002600161926783642,0.0,0.0,0.09991566354008957,0.09808265929016804
2022-09-02,3.427721309402423e-05,-0.0003154971275455583,0.0,0.0,2.676913848191895e-06,3.427721309402423e-05,-0.0003181740413937502,0.0,0.0,0.1006920327294471,0.09770735545900415
2022-09-06,0.0005829919091011956,0.0003663281227511532,0.0,0.0,1.074528097163084e-05,0.0005829919091011956,0.00035558284177952235,0.0,0.0,0.10075491394304517,0.09805068886613141
2022-09-07,-0.0007194795864973547,-0.00021477632809159878,0.0,0.0,2.6737743189177313e-06,-0.0007194795864973547,-0.0002174501024105165,0.0,0.0,0.10124288183954537,0.09759276264049718
2022-09-08,0.00020574428661655013,0.00013379455276599282,0.0,0.0,2.6821716080895096e-06,0.00020574428661655013,0.00013111238115790332,0.0,0.0,0.1006176739389903,0.09789926369526711
2022-09-09,-0.0007199118133442637,-7.328699688175904e-05,0.0,0.0,2.6776040351312464e-06,-0.0007199118133442637,-7.596460091689028e-05,0.0,0.0,0.1007894666217339,0.0977325472822905
2022-09-12,-0.0005146388139075346,-4.0171873823879254e-05,0.0,0.0,8.045238709914865e-06,-0.0005146388139075346,-4.821711253379412e-05,0.0,0.0,0.10014926124331887,0.09788373763729752
2022-09-13,0.0013774054312106709,0.00032518341882304964,6.195223766817537e-08,4.734809083341373e-16,2.6843577426166958e-06,0.0013773434789730026,0.00032249906107995947,0.00030926605175579544,2.3636203729484925e-12,0.09999999999902234,0.09797905760550937
2022-09-14,-0.00020626590906720757,0.0001295437704839312,0.0,0.0,2.6709084839927405e-06,-0.00020626590906720757,0.00012687286199993846,0.0,0.0,0.10120537223322908,0.09748815966573504
2022-09-15,6.875315586929773e-05,0.00017382969345334292,0.0,0.0,2.6675711261958986e-06,6.875315586929773e-05,0.00017116212232714701,0.0,0.0,0.10100712558763779,0.09736634610615028
2022-09-16,-5.317844823379693e-16,-1.4747924261565208e-05,0.0,0.0,2.6621699735911912e-06,-5.317844823379693e-16,-1.74100942351564e-05,0.0,0.0,0.10105163491240488,0.09716920403607848
2022-09-19,-6.873786162708041e-05,0.00010005367685141453,0.0,0.0,7.987861148347392e-06,-6.873786162708041e-05,9.206581570306714e-05,0.0,0.0,0.10105339426152128,0.09718564397155995
2022-09-20,0.00048119943350887834,0.0003051107362267956,0.0,0.0,2.659817138064351e-06,0.00048119943350887834,0.00030245091908873123,0.0,0.0,0.10098230068942123,0.09708332553934879
2022-09-21,0.0009959750932461773,-6.400330230491952e-05,0.0,0.0,2.6493817508683287e-06,0.0009959750932461773,-6.665268405578784e-05,0.0,0.0,0.1013840504760268,0.09670243390669397
2022-09-22,0.0001372601067420477,0.0003244299757137766,0.0,0.0,2.648673794088488e-06,0.0001372601067420477,0.0003217813019196881,0.0,0.0,0.10228496985466368,0.0966765934842298
2022-09-23,0.0016119315635465957,0.00018856755029218535,0.0,0.0,2.6385740868374986e-06,0.0016119315635465957,0.00018592897620534787,0.0,0.0,0.10237523548909472,0.0963079541695687
2022-09-26,0.001163988047292985,0.0004793098758601205,0.0,0.0,7.886045547643958e-06,0.001163988047292985,0.00047142383031247655,0.0,0.0,0.10380054814313014,0.09594688749633482
2022-09-27,0.0,-1.8317505528968114e-05,2.160129139671827e-05,3.6974742497381634e-16,2.6112795541460052e-06,-2.160129139671827e-05,-2.0928785083483866e-05,0.10479315621805237,1.7937353353045497e-12,0.0,0.09531170372632919
2022-09-28,0.0,-0.0002636525080066919,0.0,0.0,2.6118924875998085e-06,0.0,-0.0002662644004942917,0.0,0.0,0.0,0.095334075797393
2022-09-29,0.0,0.00012517617267402916,0.0,0.0,2.619813407029783e-06,0.0,0.00012255635926699938,0.0,0.0,0.0,0.09562318935658708
2022-09-30,0.0,4.176900229006876e-05,0.0,0.0,2.6160633076523346e-06,0.0,3.9152938982416425e-05,0.0,0.0,0.0,0.09548631072931021
2022-10-03,0.0,-0.0003230781884572728,0.0,0.0,7.84444972101435e-06,0.0,-0.00033092263817828717,0.0,0.0,0.0,0.09544080493900792
2022-10-04,0.0,-0.0003486969742359657,0.0,0.0,2.6245365494483963e-06,0.0,-0.00035132151078541405,0.0,0.0,0.0,0.09579558405486646
2022-10-05,0.0,0.00014427935703148517,0.0,0.0,2.6350156288799674e-06,0.0,0.0001416443414026052,0.0,0.0,0.0,0.0961780704541188
2022-10-06,0.0,5.0566237588621184e-05,0.0,0.0,2.63069014740985e-06,0.0,4.7935547441211335e-05,0.0,0.0,0.0,0.09602019038045952
2022-10-07,0.0,-5.820095544537744e-09,0.0,0.0,2.6291787399153405e-06,0.0,-2.634998835459878e-06,0.0,0.0,0.0,0.09596502400690993
2022-10-10,0.0,0.00011900112780655941,0.0,0.0,7.887557481814817e-06,0.0,0.00011111357032474459,0.0,0.0,0.0,0.0959652826954136
2022-10-11,0.0,-0.00012954621496634816,0.0,0.0,2.6256337788566593e-06,0.0,-0.0001321718487452048,0.0,0.0,0.0,0.09583563292826806
2022-10-12,0.0,-6.158346387393591e-05,0.0,0.0,2.6295305401384224e-06,0.0,-6.421299441407433e-05,0.0,0.0,0.0,0.09597786471505242
2022-10-13,0.0,0.00030423760852348053,0.0,0.0,2.6313867275479864e-06,0.0,0.00030160622179593253,0.0,0.0,0.0,0.0960456155555015
2022-10-14,0.0,1.4695187578174257e-05,0.0,0.0,2.62226056050192e-06,0.0,1.2072927017672338e-05,0.0,0.0,0.0,0.09571251045832008
2022-10-17,0.0,-7.212374440695348e-05,0.0,0.0,7.865478898516498e-06,0.0,-7.998922330546998e-05,0.0,0.0,0.0,0.09569665993195073
2022-10-18,0.0,-9.279764739366159e-05,0.0,0.0,2.6240121851995883e-06,0.0,-9.542165957886118e-05,0.0,0.0,0.0,0.09577644475978497
2022-10-19,0.0,0.0002917584458044071,0.0,0.0,2.626805240613495e-06,0.0,0.0002891316405637936,0.0,0.0,0.0,0.09587839128239256
2022-10-20,0.0,0.0003017980471140376,0.0,0.0,2.6180548960294863e-06,0.0,0.0002991799922180081,0.0,0.0,0.0,0.09555900370507625
2022-10-21,0.0,1.6963800022010654e-05,0.0,0.0,2.6090058940194567e-06,0.0,1.4354794127991199e-05,0.0,0.0,0.0,0.09522871513171018
2022-10-24,0.0,0.0002782785688598188,0.0,0.0,7.825511063524791e-06,0.0,0.00027045305779629404,0.0,0.0,0.0,0.09521038460621829
2022-10-25,-0.0005474474254766554,-8.44873605191877e-05,2.020984422729947e-05,2.3884648903611183e-16,2.6001763917787004e-06,-0.0005676572697039549,-8.708753691120525e-05,0.09999999999779019,1.1818324097134791e-12,0.09999999999779019,0.09490643829992257
2022-10-26,-0.0005036637835087145,-9.69097192571064e-05,0.0,0.0,2.604196197920701e-06,-0.0005036637835087145,-9.951391545502711e-05,0.0,0.0,0.09951771127693834,0.09505316122410559
2022-10-27,0.00039842727700396596,-8.778077011351377e-05,0.0,0.0,2.608424602271785e-06,0.00039842727700396596,-9.038919471578556e-05,0.0,0.0,0.09907380660412468,0.09520749798292014
2022-10-28,7.757339250983672e-05,2.1119957550908735e-05,0.0,0.0,2.6100255676070665e-06,7.757339250983672e-05,1.850993198330167e-05,0.0,0.0,0.09944160208072404,0.0952659332176579
2022-10-31,0.0004150809898689743,0.00021410301370379406,0.0,0.0,7.827588715152687e-06,0.0004150809898689743,0.00020627542498864138,0.0,0.0,0.09950961425867688,0.09523566270102438
2022-11-01,-1.2214157552547081e-05,-0.00013583924920011124,0.0,0.0,2.6017138108263636e-06,-1.2214157552547081e-05,-0.0001384409630109376,0.0,0.0,0.09986264495349934,0.09496255409516227
2022-11-02,0.00023215346129615305,-4.5134523089786335e-05,0.0,0.0,2.605828015425952e-06,0.00023215346129615305,-4.774035110521229e-05,0.0,0.0,0.09986547604127993,0.09511272256304723
2022-11-03,0.0004312384347961428,0.0001863057370113339,0.0,0.0,2.606583889460355e-06,0.0004312384347961428,0.00018369915312187356,0.0,0.0,0.10007917359090884,0.09514031196530297
2022-11-04,-0.0009342532742641723,-0.0001640924202043983,0.0,0.0,2.599880858229088e-06,-0.0009342532742641723,-0.0001666923010626274,0.0,0.0,0.10044864237985027,0.09489565132536171
2022-11-07,-0.0002876675099224411,0.00010168748290243933,0.0,0.0,7.821740933995876e-06,-0.0002876675099224411,9.386574196844346e-05,0.0,0.0,0.0996240697844113,0.09516451469694984
2022-11-08,5.446458349317732e-06,-0.00014452617227383055,1.0075707549651282e-05,1.3509808477465689e-17,2.6049658665515274e-06,-4.62924920033355e-06,-0.00014713113814039558,0.049355657576029194,6.617753421739698e-14,0.05000000000055425,0.09508125412913074
2022-11-09,2.7364945488852366e-05,-0.00021594279948700337,0.0,0.0,2.609321479348117e-06,2.7364945488852366e-05,-0.0002185521209663515,0.0,0.0,0.05001303645668832,0.09524023399620626
2022-11-10,5.4483266934339775e-06,-0.0009403541901193182,0.0,0.0,2.6157378159547745e-06,5.4483266934339775e-06,-0.000942969927935273,0.0,0.0,0.05004997031463436,0.09547443028234927
2022-11-11,-5.4534393979956184e-06,-3.410419466688634e-05,0.0,0.0,2.6439797325637184e-06,-5.4534393979956184e-06,-3.674817439945006e-05,0.0,0.0,0.05010239071489687,0.09650526023857572
2022-11-14,-4.168419820739726e-15,0.0002908687978073164,0.0,0.0,7.935077155245883e-06,-4.168419820739726e-15,0.00028293372065207054,0.0,0.0,0.050099051536323415,0.09654343872215823
2022-11-15,1.0948781280055317e-05,-0.00041200235240912295,0.0,0.0,2.6363108090302067e-06,1.0948781280055317e-05,-0.00041463866321815314,0.0,0.0,0.050084880834636504,0.09622534452960255
2022-11-16,5.464227782787486e-06,-0.00027338147960499,0.0,0.0,2.6486677850981077e-06,5.464227782787486e-06,-0.0002760301473900881,0.0,0.0,0.05011606096264977,0.09667637415608094
2022-11-17,1.643177559404357e-05,4.59774833513939e-06,0.0,0.0,2.6568765488956645e-06,1.643177559404357e-05,1.9408717862437255e-06,0.0,0.0,0.050135090037173057,0.09697599403469176
2022-11-18,-1.3239069978195411e-15,1.704617806151254e-05,0.0,0.0,2.6567017725429905e-06,-1.3239069978195411e-15,1.4389476288969552e-05,0.0,0.0,0.05015060041346979,0.09696961469781916
2022-11-21,5.480379531369612e-06,-3.415064118246752e-05,0.0,0.0,7.96858959806682e-06,5.480379531369612e-06,-4.211923078053434e-05,0.0,0.0,0.050149878782976894,0.09695117344314633
2022-11-22,1.0907066172917835e-05,-0.0001512284007700856,3.143979635575253e-08,6.459880841278227e-18,2.6572295245303384e-06,1.0875626376562082e-05,-0.00015388563029462238,0.00015719686402077687,3.2298969074303e-14,0.05000000000056249,0.09698887764535735
2022-11-23,1.0913562245745696e-05,-0.00021264012009846454,0.0,0.0,2.661753425754899e-06,1.0913562245745696e-05,-0.00021530187352421945,0.0,0.0,0.05001806014971339,0.09715400004005383
2022-11-25,-7.570029897912169e-16,5.8588018835360235e-05,0.0,0.0,5.336249031868036e-06,-7.570029897912169e-16,5.32517698034922e-05,0.0,0.0,0.05003920113977783,0.09738654483159166
2022-11-28,5.484758290102749e-06,-4.8894479461496855e-05,0.0,0.0,7.999132126256541e-06,5.484758290102749e-06,-5.6893611587753394e-05,0.0,0.0,0.05003653660564802,0.0973227742027879
2022-11-29,1.636131724880405e-05,-9.27437170558223e-05,0.0,0.0,2.6678541015187384e-06,1.636131724880405e-05,-9.541157115734104e-05,0.0,0.0,0.05004459409913451,0.09737667470543396
2022-11-30,8.400555884155942e-15,-0.00035152039300966216,0.0,0.0,2.6706061373669406e-06,8.400555884155942e-15,-0.0003541909991470291,0.0,0.0,0.05006491306047264,0.09747712401389334
2022-12-01,1.0960017485241298e-05,-0.00028598566611708314,0.0,0.0,2.681186485185901e-06,1.0960017485241298e-05,-0.00028866685260226904,0.0,0.0,0.0500826518849917,0.09786330670928538
2022-12-02,5.493882355642156e-06,8.605742224971266e-05,0.0,0.0,2.689768676061362e-06,5.493882355642156e-06,8.33676535736513e-05,0.0,0.0,0.05010752710524488,0.0981765566762397
2022-12-05,5.478573887801642e-06,0.0001706093454755202,0.0,0.0,8.061516456662178e-06,5.478573887801642e-06,0.00016254782901885804,0.0,0.0,0.05010856826326143,0.09808178355605651
2022-12-06,1.6452717599791737e-05,-9.106764266649821e-05,0.0,0.0,2.6820472688225552e-06,1.6452717599791737e-05,-9.374968993532076e-05,0.0,0.0,0.05010562776874986,0.09789472531202326
2022-12-07,-1.2557973103689657e-15,-0.0001021904829637938,9.997979950399067e-06,9.850776996809848e-06,1.3384556608688035e-06,-9.997979951654865e-06,-0.00011337971562147245,0.04987404493108948,0.04913973592489821,0.10000000000126504,0.04885363162171132
2022-12-08,6.557983252223448e-05,4.8083243293230275e-05,0.0,0.0,1.341420901547712e-06,6.557983252223448e-05,4.6741822391682564e-05,0.0,0.0,0.10001233929321465,0.04896186290649149
2022-12-09,-1.095830834481648e-05,2.405987964104122e-05,0.0,0.0,1.3399530466726812e-06,-1.095830834481648e-05,2.2719926594368542e-05,0.0,0.0,0.10006667947069697,0.048908286203552864
2022-12-12,1.0958179461573918e-05,3.0053537986470732e-05,0.0,0.0,4.0178343594300595e-06,1.0958179461573918e-05,2.6035703627040673e-05,0.0,0.0,0.10005454435899727,0.048883651373065724
2022-12-13,7.404605397534866e-15,-0.00014427365082205016,0.0,0.0,1.3384052224013283e-06,7.404605397534866e-15,-0.00014561205604445148,0.0,0.0,0.10006180086389604,0.04885179061764848
2022-12-14,3.277955419150686e-05,-5.9998325095449384e-06,0.0,0.0,1.3425534171269835e-06,3.277955419150686e-05,-7.342385926671922e-06,0.0,0.0,0.10007637319036444,0.0490031997251349
2022-12-15,2.185905046577916e-05,-6.649426888437148e-06,0.0,0.0,1.3426836420301188e-06,2.185905046577916e-05,-7.992110530467267e-06,0.0,0.0,0.10010660631596666,0.04900795293409934
2022-12-16,-5.708764729829258e-15,-4.820636649076016e-05,0.0,0.0,1.3428471969278325e-06,-5.708764729829258e-15,-4.9549213687688e-05,0.0,0.0,0.10012707691027102,0.049013922687865884
2022-12-19,1.204360363165017e-05,6.0266184080689516e-05,0.0,0.0,4.032703575183535e-06,1.204360363165017e-05,5.623348050550598e-05,0.0,0.0,0.10013203837403226,0.04906456016473301
2022-12-20,1.0968588942898689e-05,7.539533629560204e-17,0.0,0.0,1.3424917353090356e-06,1.0968588942898689e-05,-1.3424917352336403e-06,0.0,0.0,0.10013724489856869,0.0490009483387798
2022-12-21,0.001905188789901923,-4.817880149139273e-05,3.050081126014074e-05,4.795645350872319e-16,1.3424788125039849e-06,0.0018746879786417823,-4.952128030437628e-05,0.15014724945988372,2.360766579869768e-12,0.1499999999982825,0.049000476656395446
2022-12-22,-0.0023110295095348917,3.0047085603431423e-05,0.0,0.0,1.3413505912382094e-06,-0.0023110295095348917,2.8705735012193213e-05,0.0,0.0,0.1516284416060443,0.04895929658019464
2022-12-23,0.0031754670870233603,2.41241082657463e-05,0.0,0.0,1.3435938997140786e-06,0.0031754670870233603,2.278051436603222e-05,0.0,0.0,0.14965898234999767,0.049041177339563875
2022-12-27,0.0010943776187920186,6.610105867212298e-05,0.0,0.0,5.354606503557791e-06,0.0010943776187920186,6.0746452168565195e-05,0.0,0.0,0.15234720535292265,0.04886078434496484
2022-12-28,-0.002299089093016329,1.5143479358957922e-14,0.0,0.0,1.3352982028845597e-06,-0.002299089093016329,-1.3352981877410804e-06,0.0,0.0,0.15326454340839885,0.04873838440528644
2022-12-29,0.0010821270011362896,-3.610179163699651e-05,0.0,0.0,1.3383770380671423e-06,0.0010821270011362896,-3.744016867506365e-05,0.0,0.0,0.15131353967276517,0.048850761889450686
2022-12-30,0.0006417737961856845,6.0072020358845025e-05,0.0,0.0,1.3379683703102648e-06,0.0006417737961856845,5.873405198853476e-05,0.0,0.0,0.15223662707417876,0.048835845516324666
2023-01-03,-0.0036048840192644043,-4.2018367084969304e-05,0.0,0.0,5.341548449522947e-06,-0.0036048840192644043,-4.735991553449225e-05,0.0,0.0,0.1527713833173742,0.04874162960189688
2023-01-04,-1.729953381347541e-05,-4.8210496143079536e-05,0.0,0.0,1.341437557704087e-06,-1.729953381347541e-05,-4.955193370078362e-05,0.0,0.0,0.14971328874890177,0.048962470856199175
2023-01-05,0.0018342610330702596,6.630827888890245e-05,0.0,0.0,1.3428481645853075e-06,0.0018342610330702596,6.496543072431715e-05,0.0,0.0,0.1497059972807022,0.049013958007363724
2023-01-06,0.0018968872131545078,-0.00018649885709431287,1.0253849281303156e-05,7.371614838319575e-17,1.3384894049008588e-06,0.0018866333638732048,-0.00018783734649928746,0.05125299462365503,3.6846390590600935e-13,0.1,0.04885486327888135
2023-01-09,-0.0003601521374736194,-4.804071271618016e-05,0.0,0.0,4.023960998969293e-06,-0.0003601521374736194,-5.206467371514945e-05,0.0,0.0,0.10172407875329738,0.0489581921541264
2023-01-10,0.0007205812999974461,4.203075187018076e-05,0.0,0.0,1.3431902024818835e-06,0.0007205812999974461,4.068756166769888e-05,0.0,0.0,0.1014057277615579,0.04902644239058875
2023-01-11,0.00031357799234725965,-4.199877952043292e-05,0.0,0.0,1.3410177999393532e-06,0.00031357799234725965,-4.333979732037227e-05,0.0,0.0,0.10204862262277681,0.04894714969778638
2023-01-12,0.0019505337157082001,-0.00010803777800166698,0.0,0.0,1.341805844243639e-06,0.0019505337157082001,-0.00010937958384591062,0.0,0.0,0.10233454591214787,0.048975913314892816
2023-01-13,0.0001506697254694082,8.38674304257825e-05,0.0,0.0,1.3422944124632892e-06,0.0001506697254694082,8.252513601331922e-05,0.0,0.0,0.10409342758356088,0.04899374605491007
2023-01-17,0.00022014444268049976,-2.9946042607657868e-05,0.0,0.0,5.35873706862518e-06,0.00022014444268049976,-3.530477967628305e-05,0.0,0.0,0.104219793788654,0.04889847575120477
2023-01-18,-0.0019114168771586072,-0.00010779937095551488,0.0,0.0,1.3402569740323733e-06,-0.0019114168771586072,-0.00010913962792954725,0.0,0.0,0.1044206371559519,0.04891937955218163
2023-01-19,0.0012768712106705207,1.2007756863034913e-05,0.0,0.0,1.34592990888861e-06,0.0012768712106705207,1.0661826954146302e-05,0.0,0.0,0.1027167653071162,0.04912644167443426
2023-01-20,0.0010317608311171769,4.195486595513219e-05,0.0,0.0,1.343870651386572e-06,0.0010317608311171769,4.0610995303745616e-05,0.0,0.0,0.10385991344793766,0.049051278775609886
2023-01-23,0.00013259997706080995,-6.630367002545781e-15,9.586273855064545e-07,9.81968810485238e-06,7.645783978521039e-17,0.0001316413496753035,-9.819688111559205e-06,0.004779311896984731,0.048956823989965634,0.1,9.302370507200597e-13
2023-01-24,-0.000386759134291223,6.490513088555375e-17,0.0,0.0,2.56644739966854e-17,-0.000386759134291223,3.924065688886835e-17,0.0,0.0,0.10012040314319348,9.36753300879017e-13
2023-01-25,1.104419948720764e-05,2.4595281240711525e-15,0.0,0.0,2.5672624896101218e-17,1.104419948720764e-05,2.433855499175051e-15,0.0,0.0,0.0997722318309115,9.370508087076943e-13
2023-01-26,0.0031506753789181316,-3.432845007661712e-15,0.0,0.0,2.5604957777673264e-17,0.0031506753789181316,-3.4584499654393853e-15,0.0,0.0,0.09978217401616336,9.34580958885074e-13
2023-01-27,-0.0020717964564722214,1.24563715050639e-15,0.0,0.0,2.5618293399564554e-17,-0.0020717964564722214,1.2200188571068253e-15,0.0,0.0,0.10260955998080867,9.350677090841062e-13
2023-01-30,-0.002308031681858046,8.806630608372121e-15,0.0,0.0,7.691184475045024e-17,-0.002308031681858046,8.729718763621671e-15,0.0,0.0,0.10074648974479161,9.357607777971444e-13
2023-01-31,0.0008744311941131526,-1.3887950712944699e-14,0.0,0.0,2.545475441220617e-17,0.0008744311941131526,-1.3913405467356906e-14,0.0,0.0,0.09866618273862145,9.290985360455252e-13
2023-02-01,-0.001957429475701293,-5.653240677318964e-15,0.0,0.0,2.5812674804508625e-17,-0.001957429475701293,-5.679053352123472e-15,0.0,0.0,0.09945364856006671,9.421626303645647e-13
2023-02-02,-0.0022272389806375376,-5.161921968427473e-16,0.0,0.0,2.6018487465013868e-17,-0.0022272389806375376,-5.422106843077612e-16,0.0,0.0,0.09768743534972518,9.49674792473006e-13
2023-02-03,-0.00021100565271566182,3.896273054545028e-15,0.0,0.0,2.6090740030211137e-17,-0.00021100565271566182,3.870182314514817e-15,0.0,0.0,0.09567328363580696,9.523120111027065e-13
2023-02-06,-0.00042774801405186887,1.0031132092355923e-14,1.0002696977454067e-05,2.559532141127578e-16,1.705336551407146e-16,-0.0004377507110293229,9.60464522310245e-15,0.04999999999910254,1.2794210135780304e-12,0.14548242531281097,2.074826137545361e-12
2023-02-07,0.003094807743212221,-1.1652186682587464e-14,0.0,0.0,5.659450045961065e-17,0.003094807743212221,-1.1708781183047075e-14,0.0,0.0,0.14511820289525842,2.0656992667757886e-12
2023-02-08,-0.000875176583206349,4.476655978171461e-15,0.0,0.0,5.67381448010493e-17,-0.000875176583206349,4.419917833370412e-15,0.0,0.0,0.14775573504554937,2.0709422852382993e-12
2023-02-09,-0.0008152490601886625,7.812824311550807e-15,0.0,0.0,5.666508865073048e-17,-0.0008152490601886625,7.756159222900077e-15,0.0,0.0,0.1470092174870025,2.0682757357516626e-12
2023-02-10,0.0037784738039814453,-5.3876928938306676e-15,0.0,0.0,5.64970978755381e-17,0.0037784738039814453,-5.444189991706206e-15,0.0,0.0,0.1463132501665041,2.0621440724571404e-12
2023-02-13,-0.0002433843815037052,-1.4841278010716486e-14,0.0,0.0,1.6929444308173675e-16,-0.0002433843815037052,-1.5010572453798223e-14,0.0,0.0,0.1495267410962594,2.0597490574944638e-12
2023-02-14,3.318899495469545e-05,3.6879509918803616e-16,0.0,0.0,5.685192825510009e-17,3.318899495469545e-05,3.1194317093293606e-16,0.0,0.0,0.14931969879729606,2.075095381311153e-12
2023-02-15,-0.001680952479475597,8.83814980289018e-15,0.0,0.0,5.683993781937034e-17,-0.001680952479475597,8.78130986507081e-15,0.0,0.0,0.14934793108451944,2.074657730407017e-12
2023-02-16,-0.0009363843461946986,1.3087502354060412e-14,0.0,0.0,5.669309512770376e-17,-0.0009363843461946986,1.3030809258932708e-14,0.0,0.0,0.147915617729418,2.0692979721611873e-12
2023-02-17,-0.003453593194968652,-1.1205893797673715e-14,0.0,0.0,5.638733363591292e-17,-0.003453593194968652,-1.1262281131309628e-14,0.0,0.0,0.14711699143105667,2.0581376777108217e-12
2023-02-21,-0.001179844730317666,0.0,5.190934429829372e-05,4.3144772946920094e-16,0.0,-0.0012317540746159597,-4.3144772946920094e-16,0.24983451114064364,2.076515009614976e-12,0.3939957837668532,0.0
2023-02-22,-0.0014561767064890105,0.0,0.0,0.0,0.0,-0.0014561767064890105,0.0,0.0,0.0,0.39330038839248616,0.0
2023-02-23,0.0019195646008103512,0.0,0.0,0.0,0.0,0.0019195646008103512,0.0,0.0,0.0,0.39241563819760256,0.0
2023-02-24,-0.0013552433355990112,0.0,0.0,0.0,0.0,-0.0013552433355990112,0.0,0.0,0.0,0.39357970113651375,0.0
2023-02-27,0.0016395737676859526,0.0,0.0,0.0,0.0,0.0016395737676859526,0.0,0.0,0.0,0.3927567387536222,0.0
2023-02-28,-0.0023859593307148964,0.0,0.0,0.0,0.0,-0.0023859593307148964,0.0,0.0,0.0,0.39375072915477866,0.0
2023-03-01,0.0022517903128725625,0.0,0.0,0.0,0.0,0.0022517903128725625,0.0,0.0,0.0,0.3923007835389955,0.0
2023-03-02,0.0010329331927596377,0.0,0.0,0.0,0.0,0.0010329331927596377,0.0,0.0,0.0,0.39366612029568016,0.0
2023-03-03,0.002314992647855485,0.0,0.0,0.0,0.0,0.002314992647855485,0.0,0.0,0.0,0.39429177642493823,0.0
2023-03-06,-0.0007246143150384172,0.0,0.0,0.0,0.0,-0.0007246143150384172,0.0,0.0,0.0,0.3956907479005795,0.0
2023-03-07,-0.005249354570428495,9.200294646267501e-14,2.069655566210038e-05,1.2071738309002387e-15,1.6247948520887035e-16,-0.005270051126090595,9.063329314656591e-14,0.10167628328055064,5.930501210123767e-12,0.49692882251098813,5.930501210123767e-12
2023-03-08,6.98505520762496e-05,7.199490092491209e-16,0.0,0.0,1.6080631403500814e-16,6.98505520762496e-05,5.591426952141128e-16,0.0,0.0,0.49428437185099716,5.869430462277797e-12
2023-03-09,-0.0025600480587748596,9.725228841017033e-14,0.0,0.0,1.607753591570203e-16,-0.0025600480587748596,9.70915130510133e-14,0.0,0.0,0.49431969389955205,5.868300609231241e-12
2023-03-10,-0.0023856384874983223,5.860451109897472e-14,0.0,0.0,1.5851672332903388e-16,-0.0023856384874983223,5.844599437564569e-14,0.0,0.0,0.4930218053564659,5.7858604015097355e-12
2023-03-13,-0.002848282569639534,5.030192555123432e-14,0.0,0.0,4.718590459563593e-16,-0.002848282569639534,4.9830066505277964e-14,0.0,0.0,0.49180944641281643,5.7409517258023695e-12
2023-03-14,0.0030004353416361327,-5.612854746594617e-14,0.0,0.0,1.563535528046575e-16,0.0030004353416361327,-5.628490101875083e-14,0.0,0.0,0.4903578415360858,5.706904677369998e-12
2023-03-15,-0.011018372706408038,1.0100397215401702e-13,0.0,0.0,1.574189957102171e-16,-0.011018372706408038,1.008465531583068e-13,0.0,0.0,0.49188241549437095,5.745793343422924e-12
2023-03-16,0.0036882446313173823,-6.023581431000374e-14,0.0,0.0,1.563747589726278e-16,0.0036882446313173823,-6.039218906897637e-14,0.0,0.0,0.4862214115178535,5.707678702500914e-12
2023-03-17,-0.003685392331827736,6.169542186801477e-14,0.0,0.0,1.5744436193247454e-16,-0.003685392331827736,6.153797750608229e-14,0.0,0.0,0.48810938931456527,5.74671921053532e-12
2023-03-20,0.005016714833953222,-5.046971090814208e-14,0.0,0.0,4.689906437275958e-16,0.005016714833953222,-5.093870155186968e-14,0.0,0.0,0.4862158933075159,5.706052832019081e-12
2023-03-21,0.002202677512140994,-3.007166489407311e-16,4.9629622457605454e-05,1.089675969525271e-15,1.1356236259768898e-17,0.0021530478896833885,-1.401748854725771e-15,0.24447289423997798,5.3676861693066e-12,0.24999999999880942,4.145026234815648e-13
2023-03-22,-0.00034635193524788766,3.711307521731062e-15,0.0,0.0,1.134005938114919e-17,-0.00034635193524788766,3.699967462349912e-15,0.0,0.0,0.25166083967118075,4.139121674119455e-13
2023-03-23,-0.0006557550954889261,-4.56522583744298e-16,0.0,0.0,1.124227350620499e-17,-0.0006557550954889261,-4.67764857250503e-16,0.0,0.0,0.25140156115316165,4.1034298297648215e-13
2023-03-24,-0.0005819017493664745,-5.479716659105543e-16,0.0,0.0,1.1262166197122792e-17,-0.0005819017493664745,-5.592338321076771e-16,0.0,0.0,0.25091034179281435,4.110690661949819e-13
2023-03-27,0.0017836166894021318,-1.151682123902548e-15,0.0,0.0,3.385123545155701e-17,0.0017836166894021318,-1.1855333593541049e-15,0.0,0.0,0.2504741914136028,4.118566979939436e-13
2023-03-28,1.1612838825687294e-05,-2.4083799474255626e-15,0.0,0.0,1.1295151864046411e-17,1.1612838825687294e-05,-2.419675099289609e-15,0.0,0.0,0.2518086779424907,4.12273043037694e-13
2023-03-29,0.0018017654416257977,-3.71656841347207e-15,0.0,0.0,1.13610029428086e-17,0.0018017654416257977,-3.727929416414879e-15,0.0,0.0,0.2518173664668267,4.1467660741251386e-13
2023-03-30,0.001933802186906951,-1.7589187815040702e-15,0.0,0.0,1.1442210555404029e-17,0.001933802186906951,-1.7703609920594743e-15,0.0,0.0,0.2531629915791276,4.1764068527224703e-13
2023-03-31,0.00014463231186405203,-3.180570548197495e-15,0.0,0.0,1.1468222836660227e-17,0.00014463231186405203,-3.192038771034155e-15,0.0,0.0,0.2546044391448205,4.1859013353809826e-13
2023-04-03,0.0019418502865124775,-1.1578085366605085e-15,0.0,0.0,3.466107215636923e-17,0.0019418502865124775,-1.1924696088168778e-15,0.0,0.0,0.25471223183773467,4.2170971123582555e-13
2023-04-04,-0.0023369122553108324,0.0,3.105800044271859e-05,8.581545606631793e-17,0.0,-0.0023679702557535508,-8.581545606631793e-17,0.15274597968481937,4.22047965809158e-13,0.40000000001387337,0.0
2023-04-05,-0.0016711563429810145,0.0,0.0,0.0,0.0,-0.0016711563429810145,0.0,0.0,0.0,0.39860697722436567,0.0
2023-04-06,0.001344440542205977,0.0,0.0,0.0,0.0,0.001344440542205977,0.0,0.0,0.0,0.3976002730997463,0.0
2023-04-10,0.0008524675837064353,0.0,0.0,0.0,0.0,0.0008524675837064353,0.0,0.0,0.0,0.39840907632735495,0.0
2023-04-11,0.0011724937439995674,0.0,0.0,0.0,0.0,0.0011724937439995674,0.0,0.0,0.0,0.39892147628408486,0.0
2023-04-12,0.0018728588908451871,0.0,0.0,0.0,0.0,0.0018728588908451871,0.0,0.0,0.0,0.3996254117328843,0.0
2023-04-13,0.0027452522505982003,0.0,0.0,0.0,0.0,0.0027452522505982003,0.0,0.0,0.0,0.4007477266808293,0.0
2023-04-14,-0.0011715062465493318,0.0,0.0,0.0,0.0,-0.0011715062465493318,0.0,0.0,0.0,0.402388321486253,0.0
2023-04-17,0.00043634572586942293,0.0,0.0,0.0,0.0,0.00043634572586942293,0.0,0.0,0.0,0.4016873945315575,0.0
2023-04-18,0.0016451640964134904,0.0,0.0,0.0,0.0,0.0016451640964134904,0.0,0.0,0.0,0.4019483518120935,0.0
2023-04-19,-0.00030750993599447515,0.0,5.2708281067065195e-05,0.0,0.0,-0.00036021821706154033,0.0,0.2529307289135202,0.0,0.1500001000175467,0.0
2023-04-20,3.81874240832573e-05,0.0,0.0,0.0,0.0,3.81874240832573e-05,0.0,0.0,0.0,0.14974653151014394,0.0
2023-04-21,0.0004982107751546401,0.0,0.0,0.0,0.0,0.0004982107751546401,0.0,0.0,0.0,0.1497789992600637,0.0
2023-04-24,0.00026394976092385797,0.0,0.0,0.0,0.0,0.00026394976092385797,0.0,0.0,0.0,0.15020237759224805,0.0
2023-04-25,-0.0014063938775109722,0.0,0.0,0.0,0.0,-0.0014063938775109722,0.0,0.0,0.0,0.15042662228218395,0.0
2023-04-26,-5.71838202120729e-05,0.0,0.0,0.0,0.0,-5.71838202120729e-05,0.0,0.0,0.0,0.14923010471027784,0.0
2023-04-27,0.0012559223295143026,0.0,0.0,0.0,0.0,0.0012559223295143026,0.0,0.0,0.0,0.14918145165537622,0.0
2023-04-28,-4.081798981614562e-05,0.0,0.0,0.0,0.0,-4.081798981614562e-05,0.0,0.0,0.0,0.15024867332108666,0.0
2023-05-01,-0.00014801724661158642,0.0,0.0,0.0,0.0,-0.00014801724661158642,0.0,0.0,0.0,0.15021398676425252,0.0
2023-05-02,-0.0010178394520784066,0.0,0.0,0.0,0.0,-0.0010178394520784066,0.0,0.0,0.0,0.15008818515755687,0.0
2023-05-03,0.0012069739881970395,8.17421869609235e-15,4.056066410358124e-05,8.867460060186334e-16,1.2038467635236835e-16,0.0011664133240934583,7.167088013721349e-15,0.20098788959587527,4.3940406868614446e-12,0.24999999999919148,4.3940406868614446e-12
2023-05-04,0.0005118819512632718,2.5533639020357705e-14,0.0,0.0,1.2002073137497107e-16,0.0005118819512632718,2.5413618288982735e-14,0.0,0.0,0.25091430419976246,4.380756695186444e-12
2023-05-05,-7.663949265609656e-05,-5.985306343896721e-14,0.0,0.0,1.1926013251164767e-16,-7.663949265609656e-05,-5.997232357147886e-14,0.0,0.0,0.2512975514700252,4.35299483667514e-12
2023-05-08,1.9438327682738107e-05,7.861679915572794e-15,0.0,0.0,3.6272762666794084e-16,1.9438327682738107e-05,7.498952288904853e-15,0.0,0.0,0.2512401668963099,4.413186124459947e-12
2023-05-09,0.0002499319822878464,1.2980634724167994e-14,0.0,0.0,1.2069147435804802e-16,0.0002499319822878464,1.2859943249809945e-14,0.0,0.0,0.25125472125238724,4.405238814068753e-12
2023-05-10,-0.00020976692317163992,-4.711829412567287e-15,0.0,0.0,1.2030577226984303e-16,-0.00020976692317163992,-4.83213518483713e-15,0.0,0.0,0.2514418098846974,4.391160687849271e-12
2023-05-11,-0.0010721141287939261,2.237221918316503e-14,0.0,0.0,1.204601320378887e-16,-0.0010721141287939261,2.2251759051127144e-14,0.0,0.0,0.2512847541912536,4.3967948193829374e-12
2023-05-12,-0.0005636615447610221,7.729241935534157e-15,0.0,0.0,1.1997582230022028e-16,-0.0005636615447610221,7.609266113233937e-15,0.0,0.0,0.25048118447933143,4.379117513958039e-12
2023-05-15,0.0009688522161294968,-2.101044318826106e-14,0.0,0.0,3.594948201472308e-16,0.0009688522161294968,-2.136993800840829e-14,0.0,0.0,0.25005847127877007,4.373853645124641e-12
2023-05-16,-0.0021749886504072932,4.374953551457545e-14,0.0,0.0,1.202906913933103e-16,-0.0021749886504072932,4.362924482318214e-14,0.0,0.0,0.2507843505211319,4.390610235855826e-12
2023-05-17,0.00016539330351327485,0.0,5.1655986491398836e-05,9.00123268347893e-16,0.0,0.00011373731702187602,-9.00123268347893e-16,0.2500000000033324,4.3563356810046094e-12,0.4982812824445597,0.0
2023-05-18,-0.003094961947573785,0.0,0.0,0.0,0.0,-0.003094961947573785,0.0,0.0,0.0,0.49838999020775665,0.0
2023-05-19,0.001988131574017315,0.0,0.0,0.0,0.0,0.001988131574017315,0.0,0.0,0.0,0.49683270658136225,0.0
2023-05-22,-0.002128562726296809,0.0,0.0,0.0,0.0,-0.002128562726296809,0.0,0.0,0.0,0.4978310844578416,0.0
2023-05-23,-0.0030077852486351704,0.0,0.0,0.0,0.0,-0.0030077852486351704,0.0,0.0,0.0,0.49675990635212464,0.0
2023-05-24,-0.0047968755381415954,0.0,0.0,0.0,0.0,-0.0047968755381415954,0.0,0.0,0.0,0.4952417017886383,0.0
2023-05-25,-0.00230391419516262,0.0,0.0,0.0,0.0,-0.00230391419516262,0.0,0.0,0.0,0.4928087685774677,0.0
2023-05-26,0.002773555820207127,0.0,0.0,0.0,0.0,0.002773555820207127,0.0,0.0,0.0,0.49163754510133895,0.0
2023-05-30,-0.001934250349300945,0.0,0.0,0.0,0.0,-0.001934250349300945,0.0,0.0,0.0,0.49304361692819887,0.0
2023-05-31,-0.0013690162346317143,0.0,0.0,0.0,0.0,-0.0013690162346317143,0.0,0.0,0.0,0.49206113600308937,0.0
2023-06-01,0.0037619628544742927,-2.201002664348349e-14,5.029084393711587e-05,5.585168741699686e-16,7.606669012681279e-17,0.0037116720105371767,-2.2644610207780272e-14,0.24999999998173,2.7764341896286666e-12,0.5499948610306529,2.7764341896286666e-12
2023-06-02,0.000405570321210813,-1.0919402141654126e-14,0.0,0.0,7.638618409390999e-17,0.000405570321210813,-1.0995788325748036e-14,0.0,0.0,0.5517090608061856,2.7880957194277145e-12
2023-06-05,-0.000386255188664168,-1.122120695542679e-16,0.0,0.0,2.299627713142373e-16,-0.000386255188664168,-3.421748408685052e-16,0.0,0.0,0.5518908005981307,2.79788038432322e-12
2023-06-06,0.0018114798109757088,-1.609626810699994e-15,0.0,0.0,7.668695214118862e-17,0.0018114798109757088,-1.6863137628411826e-15,0.0,0.0,0.5517176492141532,2.7990737531533844e-12
2023-06-07,-0.0024357647385386673,2.962746743241111e-14,0.0,0.0,7.65923060897079e-17,-0.0024357647385386673,2.9550875126321405e-14,0.0,0.0,0.5525282352819226,2.7956191722743378e-12
2023-06-08,0.0036785690666531925,-2.3867874731070645e-14,0.0,0.0,7.596562905379136e-17,0.0036785690666531925,-2.3943840360124435e-14,0.0,0.0,0.5514356380260451,2.7727454604633845e-12
2023-06-09,-0.0010197627616078822,-4.374626607738843e-15,0.0,0.0,7.63387261533714e-17,-0.0010197627616078822,-4.450965333892214e-15,0.0,0.0,0.5530796653443808,2.786363504598056e-12
2023-06-12,-3.357950151747694e-05,-2.7511314790655243e-14,0.0,0.0,2.296098844212661e-16,-3.357950151747694e-05,-2.774092467507651e-14,0.0,0.0,0.5526234473956209,2.7935869271254045e-12
2023-06-13,0.0010673161214238987,-9.144879356197128e-15,0.0,0.0,7.729295825123185e-17,0.0010673161214238987,-9.22217231444836e-15,0.0,0.0,0.552608424209538,2.8211929761699627e-12
2023-06-14,0.0010454569250776652,-1.1522643466232055e-14,0.0,0.0,7.746082770094431e-17,0.0010454569250776652,-1.1600104293933e-14,0.0,0.0,0.5530854233421093,2.8273202110844676e-12
2023-06-15,0.00423611779549641,0.0,1.1148085659266468e-05,5.719805712076072e-16,0.0,0.004224969709837143,-5.719805712076072e-16,0.055272177399922906,2.835878066187761e-12,0.6000000000441743,0.0
2023-06-16,-0.00037249342714446243,0.0,0.0,0.0,0.0,-0.00037249342714446243,0.0,0.0,0.0,0.6016939790037885,0.0
2023-06-20,-0.003890456501674384,0.0,0.0,0.0,0.0,-0.003890456501674384,0.0,0.0,0.0,0.6015455573428824,0.0
2023-06-21,0.00012745414504863935,0.0,0.0,0.0,0.0,0.00012745414504863935,0.0,0.0,0.0,0.599989333243661,0.0
2023-06-22,-0.0021997085299619123,0.0,0.0,0.0,0.0,-0.0021997085299619123,0.0,0.0,0.0,0.6000403097640341,0.0
2023-06-23,-0.002222998666745003,0.0,0.0,0.0,0.0,-0.002222998666745003,0.0,0.0,0.0,0.5991585754633185,0.0
2023-06-26,0.00045234954481855876,0.0,0.0,0.0,0.0,0.00045234954481855876,0.0,0.0,0.0,0.5982655202504498,0.0
2023-06-27,0.0010512053560716352,0.0,0.0,0.0,0.0,0.0010512053560716352,0.0,0.0,0.0,0.5984471624937164,0.0
2023-06-28,-0.0009292909842178697,0.0,0.0,0.0,0.0,-0.0009292909842178697,0.0,0.0,0.0,0.5988688337241928,0.0
2023-06-29,-0.0011460627448960606,0.0,0.0,0.0,0.0,-0.0011460627448960606,0.0,0.0,0.0,0.5984957194161213,0.0
2023-06-30,0.0050903933307103345,-0.0005562378085376105,3.122274561448711e-05,1.0077673184415942e-05,1.3698630137079971e-06,0.005059170585095848,-0.0005676853447357344,0.15491048897568585,0.050000000000341896,0.6499999999721341,0.050000000000341896
2023-07-03,-0.0001997773941322445,-0.0003768575841630852,0.0,0.0,4.136727168149041e-06,-0.0001997773941322445,-0.00038099431133123424,0.0,0.0,0.6521612208052624,0.05033018054581333
2023-07-05,-0.0028187989628191586,-0.0005771605397797827,0.0,0.0,2.7800824359560925e-06,-0.0028187989628191586,-0.0005799406222157388,0.0,0.0,0.6523403042021441,0.05073650445619869
2023-07-06,-0.004690991739073757,0.0006254592856464625,0.0,0.0,1.4106482615934981e-06,-0.004690991739073757,0.000624048637384869,0.0,0.0,0.6517365881805899,0.05148866154816268
2023-07-07,0.0015576248446515072,0.0003721668252946293,0.0,0.0,1.3992028692106688e-06,0.0015576248446515072,0.00037076762242541864,0.0,0.0,0.6496878399203314,0.05107090472618941
2023-07-10,0.0007129332156418924,0.0002166564199050517,0.0,0.0,4.158999370441663e-06,0.0007129332156418924,0.00021249742053461003,0.0,0.0,0.6499920250402351,0.050601159007040236
2023-07-11,0.0027321953681149836,-0.0006262186243116597,0.0,0.0,1.3791210502834606e-06,0.0027321953681149836,-0.0006275977453619431,0.0,0.0,0.6501033327151019,0.05033791833534631
2023-07-12,0.007139671120201379,-0.0007406424183233104,0.0,0.0,1.3933452937292796e-06,0.007139671120201379,-0.0007420357636170397,0.0,0.0,0.6514644575345816,0.0508571032211187
2023-07-13,0.005582877172073895,-0.00017631225789123715,0.0,0.0,1.4046504256075193e-06,0.005582877172073895,-0.00017771690831684466,0.0,0.0,0.6544174047283289,0.05126974053467446
2023-07-14,-0.0019552417991572195,0.0001982432985817454,0.0,0.0,1.401903385951088e-06,-0.0019552417991572195,0.0001968413951957943,0.0,0.0,0.6564520533465921,0.051169473587214714
2023-07-17,0.0009345817289107055,-2.8586182748448324e-17,4.00900372243541e-05,1.0289778257542454e-05,2.445532361092126e-18,0.0008944916916863514,-1.0289778257573486e-05,0.1989389840005322,0.05106101599982344,0.5446567848708704,2.9753977059954195e-14
2023-07-18,0.0033251832269306256,-2.3207929158783515e-16,0.0,0.0,8.152398001951381e-19,0.0033251832269306256,-2.328945313880303e-16,0.0,0.0,0.545109379843096,2.975625270712254e-14
2023-07-19,0.0009605679227054932,1.6013290155648402e-16,0.0,0.0,8.188752267819251e-19,0.0009605679227054932,1.593140263297021e-16,0.0,0.0,0.5466169615180312,2.9888945777540265e-14
2023-07-20,-0.0033154661074666944,-7.110027660769065e-17,0.0,0.0,8.137064037296328e-19,-0.0033154661074666944,-7.191398301142028e-17,0.0,0.0,0.5470520487906181,2.9700283736131595e-14
2023-07-21,-0.00018541256768934928,-3.568142865011638e-18,0.0,0.0,8.18367626642988e-19,-0.00018541256768934928,-4.386510491654626e-18,0.0,0.0,0.5455453197007061,2.987041837246906e-14
2023-07-24,-0.00044849378616535293,-9.275995115247666e-17,0.0,0.0,2.4558514976773146e-18,-0.00044849378616535293,-9.521580265015398e-17,0.0,0.0,0.5454610424654749,2.987952655507399e-14
2023-07-25,0.002135993999926274,-5.389631992434354e-16,0.0,0.0,8.215269841647286e-19,0.002135993999926274,-5.397847262276001e-16,0.0,0.0,0.5452570930974263,2.998573492201259e-14
2023-07-26,0.0008146767381424004,1.0328637450449177e-16,0.0,0.0,8.345105896002333e-19,0.0008146767381424004,1.0245186391489154e-16,0.0,0.0,0.5462263508892518,3.0459636520408516e-14
2023-07-27,-0.0039034792297212894,1.957306882475501e-16,0.0,0.0,8.310038264284801e-19,-0.0039034792297212894,1.9489968442112162e-16,0.0,0.0,0.5465957288019712,3.0331639664639525e-14
2023-07-28,0.004521026287616257,-2.1078439456304883e-16,0.0,0.0,8.288768453688524e-19,0.004521026287616257,-2.1161327140841767e-16,0.0,0.0,0.5448189389845347,3.0254004855963114e-14
2023-07-31,0.000275528092658115,-4.936931344425955e-15,5.145524618582877e-05,4.537717181266032e-16,1.7871481181930755e-16,0.00022407284647228622,-5.569417874371865e-15,0.2499999999994254,2.204691220827027e-12,0.39675712743054103,2.1743635438015755e-12
2023-08-01,-0.001716147998296966,6.1121230728817884e-15,0.0,0.0,5.969348664329948e-17,-0.001716147998296966,6.052429586238489e-15,0.0,0.0,0.39694371121593996,2.178812262480431e-12
2023-08-02,-0.0054111749749579195,2.2022709748820997e-14,0.0,0.0,5.962836231126703e-17,-0.0054111749749579195,2.196308138650973e-14,0.0,0.0,0.3959069982201479,2.1764352243612466e-12
2023-08-03,-0.0006632280302225216,9.247167620876608e-15,0.0,0.0,5.934613270851196e-17,-0.0006632280302225216,9.187821488168095e-15,0.0,0.0,0.3926203607157453,2.1661338438606865e-12
2023-08-04,-0.0006314602969296043,-1.1113105140802245e-14,0.0,0.0,5.91320036527109e-17,-0.0006314602969296043,-1.1172237144454955e-14,0.0,0.0,0.39221726216772596,2.158318133323948e-12
2023-08-07,0.0024663601084410395,-4.963270412560587e-15,0.0,0.0,1.7842208332183168e-16,0.0024663601084410395,-5.141692495882419e-15,0.0,0.0,0.39183322899793066,2.1708020137489518e-12
2023-08-08,-0.0018376062547051425,3.4694718016299815e-15,0.0,0.0,5.946334975150583e-17,-0.0018376062547051425,3.4100084518784757e-15,0.0,0.0,0.3933294969256831,2.170412265929963e-12
2023-08-09,-0.001751418140666145,-6.493797617755275e-16,0.0,0.0,5.947759212484659e-17,-0.001751418140666145,-7.088573539003741e-16,0.0,0.0,0.3922126230402496,2.1709321125569005e-12
2023-08-10,0.0006879416574826299,3.847280954725693e-15,0.0,0.0,5.959976746511453e-17,0.0006879416574826299,3.7876811872605786e-15,0.0,0.0,0.3911462655647477,2.17539151247668e-12
2023-08-11,-0.0013493346399818743,5.5030745894873545e-15,0.0,0.0,5.945346199426317e-17,-0.0013493346399818743,5.443621127493091e-15,0.0,0.0,0.3915648334616854,2.1700513627906058e-12
2023-08-14,0.000996485924206849,2.1054073339458342e-15,4.3353865169174146e-05,6.826840905289916e-16,9.584197464704121e-17,0.0009531320590376748,1.3268812687698015e-15,0.21169716993579624,3.3335502927185365e-12,0.59999999999341,1.1660773582056681e-12
2023-08-15,-0.0052807453961398005,1.2340153698275544e-14,0.0,0.0,3.185927639192929e-17,-0.0052807453961398005,1.2308294421883615e-14,0.0,0.0,0.6004242023613234,1.1628635883054193e-12
2023-08-16,-0.0028444579781787896,6.334378325895661e-15,0.0,0.0,3.1688529043091165e-17,-0.0028444579781787896,6.30268979685257e-15,0.0,0.0,0.5983029424741435,1.1566313100728276e-12
2023-08-17,-0.0037092756779085385,-8.828526968810819e-16,0.0,0.0,3.1604883193571956e-17,-0.0037092756779085385,-9.144575800746538e-16,0.0,0.0,0.5971570726956158,1.1535782365653764e-12
2023-08-18,0.00042428515070896575,-1.3343498942938384e-15,0.0,0.0,3.174682867815864e-17,0.00042428515070896575,-1.366096722971997e-15,0.0,0.0,0.5956572539822741,1.1587592467527902e-12
2023-08-21,0.0031734815434114453,1.7821151687620697e-16,0.0,0.0,9.530972012955839e-17,0.0031734815434114453,8.290179674664858e-17,0.0,0.0,0.5958287378471496,1.159601594909627e-12
2023-08-22,-0.001018861409291291,2.2867145582553217e-15,0.0,0.0,3.166453737759266e-17,-0.001018861409291291,2.255050020877729e-15,0.0,0.0,0.5971073103616921,1.1557556142821322e-12
2023-08-23,0.006373873736322457,-4.225949840058261e-15,0.0,0.0,3.163411844616954e-17,0.006373873736322457,-4.257583958504431e-15,0.0,0.0,0.5966963998873078,1.1546453232851884e-12
2023-08-24,-0.007050410957939855,4.486563794874542e-15,0.0,0.0,3.1548809763876306e-17,-0.007050410957939855,4.455014985110666e-15,0.0,0.0,0.5992507251650312,1.151531556381485e-12
2023-08-25,0.002960349255442838,-3.288878430849945e-15,0.0,0.0,3.1649028867789816e-17,0.002960349255442838,-3.320527459717735e-15,0.0,0.0,0.5964052160778968,1.1551895536743284e-12
2023-08-28,0.0035434809656639515,0.0,1.181368775520751e-06,2.3144878613842486e-16,0.0,0.0035422995968884307,-2.3144878613842486e-16,0.0058956917550562265,1.1550590538949915e-12,0.6000000000295119,0.0
2023-08-29,0.006384321945324001,0.0,0.0,0.0,0.0,0.006384321945324001,0.0,0.0,0.0,0.6014130956289662,0.0
2023-08-30,0.0013036728142532949,0.0,0.0,0.0,0.0,0.0013036728142532949,0.0,0.0,0.0,0.603941659583317,0.0
2023-08-31,-0.0009505411854818259,0.0,0.0,0.0,0.0,-0.0009505411854818259,0.0,0.0,0.0,0.6044573178249456,0.0
2023-09-01,0.001195757110919568,0.0,0.0,0.0,0.0,0.001195757110919568,0.0,0.0,0.0,0.6040809804907865,0.0
2023-09-05,-0.0025573326935477204,0.0,0.0,0.0,0.0,-0.0025573326935477204,0.0,0.0,0.0,0.604553838050923,0.0
2023-09-06,-0.0026709543808542875,0.0,0.0,0.0,0.0,-0.0026709543808542875,0.0,0.0,0.0,0.6035399578233795,0.0
2023-09-07,-0.0008236643009630679,0.0,0.0,0.0,0.0,-0.0008236643009630679,0.0,0.0,0.0,0.6024781952174105,0.0
2023-09-08,0.0007508378295578422,0.0,0.0,0.0,0.0,0.0007508378295578422,0.0,0.0,0.0,0.602150500787753,0.0
2023-09-11,0.0039001833076592815,0.0,0.0,0.0,0.0,0.0039001833076592815,0.0,0.0,0.0,0.6024489971198941,0.0
2023-09-12,-0.0033311754746638642,0.0,1.7180465464952629e-06,0.0,0.0,-0.0033328935212103596,0.0,0.008570489405799006,0.0,0.6000000001742222,0.0
2023-09-13,-0.0003348906220262418,0.0,0.0,0.0,0.0,-0.0003348906220262418,0.0,0.0,0.0,0.598664108427919,0.0
2023-09-14,0.004285294568204869,0.0,0.0,0.0,0.0,0.004285294568204869,0.0,0.0,0.0,0.5985296597759562,0.0
2023-09-15,-0.004057099408276925,0.0,0.0,0.0,0.0,-0.004057099408276925,0.0,0.0,0.0,0.6002427374019681,0.0
2023-09-18,7.352565550942576e-05,0.0,0.0,0.0,0.0,7.352565550942576e-05,0.0,0.0,0.0,0.5986142756170834,0.0
2023-09-19,-0.0011204133350788228,0.0,0.0,0.0,0.0,-0.0011204133350788228,0.0,0.0,0.0,0.5986437855958404,0.0
2023-09-20,-0.003277165325636236,0.0,0.0,0.0,0.0,-0.003277165325636236,0.0,0.0,0.0,0.5981935963430629,0.0
2023-09-21,-0.007614014123724207,0.0,0.0,0.0,0.0,-0.007614014123724207,0.0,0.0,0.0,0.5968724808153816,0.0
2023-09-22,-0.00037448733004044794,0.0,0.0,0.0,0.0,-0.00037448733004044794,0.0,0.0,0.0,0.59377951228457,0.0
2023-09-25,0.001294749818805973,0.0,0.0,0.0,0.0,0.001294749818805973,0.0,0.0,0.0,0.5936273308687057,0.0
2023-09-26,-0.005639343231819288,2.474994147045171e-06,4.0530456889505247e-05,1.9924364708376094e-07,2.7076518467912203e-08,-0.005679873688708793,2.2486739814934976e-06,0.20104010511682407,0.0009882929240787955,0.6009882928313455,0.0009882929240787955
2023-09-27,0.0015133176599186385,1.6269149141750736e-06,0.0,0.0,2.71629313475814e-08,0.0015133176599186385,1.5997519828274921e-06,0.0,0.0,0.5987484185984895,0.0009914469941867212
2023-09-28,0.0015716471696020585,-5.065661485933936e-06,0.0,0.0,2.7077338404816726e-08,0.0015716471696020585,-5.092738824338753e-06,0.0,0.0,0.5993537648042174,0.0009883228517758105
2023-09-29,-0.000892111842982815,2.00405665260213e-06,0.0,0.0,2.7173554798337383e-08,-0.000892111842982815,1.976883097803793e-06,0.0,0.0,0.5999855020272165,0.0009918347501393144
2023-10-02,-0.0007729613696480104,6.018010398859461e-06,0.0,0.0,8.142842970187293e-08,-0.0007729613696480104,5.936581969157588e-06,0.0,0.0,0.5996271392637881,0.0009907125613727874
2023-10-03,-0.005375910457439834,6.989867773645646e-06,0.0,0.0,2.699864153068297e-08,-0.005375910457439834,6.962869132114964e-06,0.0,0.0,0.599313866485334,0.0009854504158699285
2023-10-04,0.002736199387015574,-4.3322314229017475e-06,0.0,0.0,2.69518413275035e-08,0.002736199387015574,-4.359183264229251e-06,0.0,0.0,0.597143990817265,0.0009837422084538778
2023-10-05,-8.39194670692085e-05,1.4401429193146824e-06,0.0,0.0,2.699678170572822e-08,-8.39194670692085e-05,1.4131461376089543e-06,0.0,0.0,0.59824587806286,0.00098538253225908
2023-10-06,0.005305650167364029,3.55232178703541e-06,0.0,0.0,2.695955006862617e-08,0.005305650167364029,3.525362236966784e-06,0.0,0.0,0.5982113148105154,0.0009840235775048552
2023-10-09,0.0023550372700180513,-9.645500230571158e-06,0.0,0.0,8.01610892586315e-08,0.0023550372700180513,-9.725661319829789e-06,0.0,0.0,0.6003297091762285,0.0009752932526466832
2023-10-10,0.0027698306191550988,0.0,2.552955879940882e-07,1.968209844876681e-07,0.0,0.0027695753235671048,-1.968209844876681e-07,0.001274570233209329,0.0009826341695522997,0.600000000036043,0.0
2023-10-11,0.0019582177126376355,0.0,0.0,0.0,0.0,0.0019582177126376355,0.0,0.0,0.0,0.6011051429943977,0.0
2023-10-12,-0.003155607374084627,0.0,0.0,0.0,0.0,-0.003155607374084627,0.0,0.0,0.0,0.6018847393494748,0.0
2023-10-13,-0.002427316216150115,0.0,0.0,0.0,0.0,-0.002427316216150115,0.0,0.0,0.0,0.6006244669724239,0.0
2023-10-16,0.003905228685419005,0.0,0.0,0.0,0.0,0.003905228685419005,0.0,0.0,0.0,0.5996526974729081,0.0
2023-10-17,-0.00045962883952489146,0.0,0.0,0.0,0.0,-0.00045962883952489146,0.0,0.0,0.0,0.6012100633728807,0.0
2023-10-18,-0.006787146024709022,0.0,0.0,0.0,0.0,-0.006787146024709022,0.0,0.0,0.0,0.6010266837305224,0.0
2023-10-19,-0.0027908136194253414,0.0,0.0,0.0,0.0,-0.0027908136194253414,0.0,0.0,0.0,0.5983002891347968,0.0
2023-10-20,-0.004303025481876871,0.0,0.0,0.0,0.0,-0.004303025481876871,0.0,0.0,0.0,0.5971760826600542,0.0
2023-10-23,-0.0007357892631855224,0.0,0.0,0.0,0.0,-0.0007357892631855224,0.0,0.0,0.0,0.5954352301463041,0.0
2023-10-24,0.0015835604420304666,-1.173474655426421e-15,5.0394598156092805e-05,2.7862723107369206e-17,3.7869251113926576e-18,0.0015331658438743738,-1.2051243036451828e-15,0.25000000000955475,1.38222766565832e-13,0.35534345521592825,1.38222766565832e-13
2023-10-25,-0.003796725699845375,-4.72753962215751e-16,0.0,0.0,3.813228789816864e-18,-0.003796725699845375,-4.765671910055679e-16,0.0,0.0,0.3563806250562045,1.3918285082831554e-13
2023-10-26,-0.0032962244635401936,9.079158850210077e-16,0.0,0.0,3.840763277809123e-18,-0.0032962244635401936,9.040751217431986e-16,0.0,0.0,0.3539276656203062,1.40187859640033e-13
2023-10-27,0.0003603196879266328,1.9045605049583543e-15,0.0,0.0,3.828508493354993e-18,0.0003603196879266328,1.900731996464999e-15,0.0,0.0,0.3517910233339328,1.3974056000745724e-13
2023-10-30,0.0025695803442095594,-2.1522383490252428e-15,0.0,0.0,1.1324905674001085e-17,0.0025695803442095594,-2.163563254699244e-15,0.0,0.0,0.35202450166327687,1.377863523670132e-13
2023-10-31,0.0006954122777547864,-4.954204201345958e-16,0.0,0.0,3.824107640393343e-18,0.0006954122777547864,-4.992445277749892e-16,0.0,0.0,0.35368525931710937,1.3957992887435703e-13
2023-11-01,0.00235703620547269,1.4439009427629385e-16,0.0,0.0,3.835013886846541e-18,0.00235703620547269,1.405550803894473e-16,0.0,0.0,0.3541344021836105,1.3997800686989872e-13
2023-11-02,0.0038380449897053377,-1.8109225658784958e-15,0.0,0.0,3.822049285308097e-18,0.0038380449897053377,-1.8147446151638038e-15,0.0,0.0,0.355653151035502,1.3950479891374553e-13
2023-11-03,0.002230367147296702,-1.6399371608395743e-16,0.0,0.0,3.856860796923863e-18,0.002230367147296702,-1.6785057688088128e-16,0.0,0.0,0.358116727911916,1.4077541908772098e-13
2023-11-06,0.0005684752264440755,-2.2502446308750736e-16,0.0,0.0,1.1558282113634696e-17,0.0005684752264440755,-2.3658274520114207e-16,0.0,0.0,0.3595451773077766,1.406257657158888e-13
2023-11-07,0.0017489583359363366,-9.151113835384245e-06,4.997203906603649e-05,7.520800359355197e-07,1.0155391979947629e-07,0.0016989862968703,-1.0004747791119241e-05,0.24629328193421046,0.003706718072540114,0.6037067180739651,0.0037067180726808847
2023-11-08,0.00038312498691404163,1.4509471604748525e-05,0.0,0.0,1.016329790206772e-07,0.00038312498691404163,1.4407838625727848e-05,0.0,0.0,0.6044347971898264,0.0037096037342547175
2023-11-09,-0.0018847124426478352,1.504093784003921e-05,0.0,0.0,1.0119523082464322e-07,-0.0018847124426478352,1.4939742609214566e-05,0.0,0.0,0.6045775827420151,0.0036936259250994774
2023-11-10,0.004890675158438824,-2.5833211631895993e-05,0.0,0.0,1.009719449219599e-07,0.004890675158438824,-2.593418357681795e-05,0.0,0.0,0.6038218799662141,0.0036854759896515366
2023-11-13,-0.0006804548479741701,-1.1782808896858087e-05,0.0,0.0,3.035623601822503e-07,-0.0006804548479741701,-1.2086371257040338e-05,0.0,0.0,0.605765662087133,0.003693342048884045
2023-11-14,0.004529581429122426,-3.805183405663602e-05,0.0,0.0,1.015806188418121e-07,0.004529581429122426,-3.815341467547783e-05,0.0,0.0,0.6055045440943763,0.0037076925877261415
2023-11-15,0.00019097698804443835,-2.9878908755395297e-05,0.0,0.0,1.021642713728442e-07,0.00019097698804443835,-2.998107302676814e-05,0.0,0.0,0.6073064523102378,0.0037289959051088136
2023-11-16,0.0006040939976838609,4.641082949719585e-05,0.0,0.0,1.0296629445992549e-07,0.0006040939976838609,4.630786320273592e-05,0.0,0.0,0.6073996404373887,0.0037582697477872803
2023-11-17,-0.0002859874473070636,4.7983495710248916e-06,0.0,0.0,1.0162866541155676e-07,-0.0002859874473070636,4.696720905613335e-06,0.0,0.0,0.6076085447069046,0.0037094462875218214
2023-11-20,0.0018177827989092864,2.6664017499571416e-06,0.0,0.0,3.045772861044753e-07,0.0018177827989092864,2.3618244638526665e-06,0.0,0.0,0.6074934395304872,0.0037056903142711163
2023-11-21,-0.0003936543988300533,-1.117836460485494e-05,2.261721284917168e-05,1.670092365937758e-16,1.0126838680454897e-07,-0.00041627161167922497,-1.1279632991826498e-05,0.11285419368791076,8.333340124583192e-13,0.5039317052874449,0.003696296118366037
2023-11-22,0.0011559939588553943,-2.6625635653094302e-05,0.0,0.0,1.0161809031005869e-07,0.0011559939588553943,-2.672725374340436e-05,0.0,0.0,0.5037534312951725,0.0037090602963171424
2023-11-24,-0.0007001890310947775,-1.3830663934999104e-05,0.0,0.0,2.044642249184261e-07,-0.0007001890310947775,-1.403512815991753e-05,0.0,0.0,0.5043398910070538,0.0037314721047612756
2023-11-27,-0.00038065374636541414,1.0645932469095354e-05,0.0,0.0,3.080531232593719e-07,-0.00038065374636541414,1.0337879345835982e-05,0.0,0.0,0.5039996707170415,0.0037479796663223578
2023-11-28,0.0010207274484078596,-1.7039273254424148e-05,0.0,0.0,1.0243063672712466e-07,0.0010207274484078596,-1.7141703891151272e-05,0.0,0.0,0.5038055841723883,0.0037387182405400504
2023-11-29,0.0005265603770418756,3.0322619466292487e-05,0.0,0.0,1.0279430323401227e-07,0.0005265603770418756,3.0219825163058474e-05,0.0,0.0,0.5043201830743906,0.003751992068041448
2023-11-30,0.001320127740682279,-3.7218454861172547e-05,0.0,0.0,1.019068068437851e-07,0.001320127740682279,-3.732036166801633e-05,0.0,0.0,0.5045658111970486,0.0037195984497981564
2023-12-01,0.0011388836798861429,-1.539843466842963e-05,0.0,0.0,1.0279462483534996e-07,0.0011388836798861429,-1.550122929326498e-05,0.0,0.0,0.5052378161390306,0.0037520038064902733
2023-12-04,0.0002982021985784932,-4.772977780031161e-06,0.0,0.0,3.093020347954961e-07,0.0002982021985784932,-5.082279814826657e-06,0.0,0.0,0.5058084834452533,0.003763174756678536
2023-12-05,0.0017411875739996117,2.96927023758798e-05,0.0,0.0,1.0320119445395213e-07,0.0017411875739996117,2.958950118142585e-05,0.0,0.0,0.5059583791648332,0.0037668435975692516
2023-12-06,-0.0002283085849396444,9.52716539581166e-06,2.134429495158451e-05,8.474725571478431e-16,1.0220671044929018e-07,-0.0002496528798912289,9.4249586845149e-06,0.10633166487685469,4.2218854332448174e-12,0.6037305449030868,0.0037305449313990917
2023-12-07,0.0014306947089180355,-1.588198627450755e-05,0.0,0.0,1.0197018830562967e-07,0.0014306947089180355,-1.598395646281318e-05,0.0,0.0,0.6036472492419747,0.003721911873155483
2023-12-08,0.0001469288251137424,2.5904937322093268e-05,0.0,0.0,1.0226064198748733e-07,0.0001469288251137424,2.580267668010578e-05,0.0,0.0,0.6042231429736457,0.003732513432543288
2023-12-11,0.0015413218407773568,-3.54152497288979e-05,0.0,0.0,3.046001389924242e-07,0.0015413218407773568,-3.5719849867890324e-05,0.0,0.0,0.6042656960775935,0.0037059683577411614
2023-12-12,0.0004192509851696686,-1.2139529471931515e-05,0.0,0.0,1.023495627731518e-07,0.0004192509851696686,-1.2241879034704667e-05,0.0,0.0,0.6048962848675805,0.003735759041220041
2023-12-13,0.003744892129489796,-6.805901668243264e-05,0.0,0.0,1.0264037705357993e-07,0.003744892129489796,-6.816165705948622e-05,0.0,0.0,0.6050692671511771,0.0037463737624556675
2023-12-14,0.00046720817967772484,5.572043025089827e-05,0.0,0.0,1.04122178461215e-07,0.00046720817967772484,5.561630807243706e-05,0.0,0.0,0.606583913721003,0.003800459513834348
2023-12-15,0.0007541695439024648,1.8270075040591974e-14,0.0,0.0,1.0254197987295346e-07,0.0007541695439024648,-1.0254196160287842e-07,0.0,0.0,0.6067339065567844,0.003742782265362801
2023-12-18,0.0010471900504665044,-3.893251840781501e-05,0.0,0.0,3.0739414383690137e-07,0.0010471900504665044,-3.9239912551651914e-05,0.0,0.0,0.6070303345562209,0.0037399620833489674
2023-12-19,0.0009864976831950836,-7.397772313295191e-06,0.0,0.0,1.0342710958287242e-07,0.0009864976831950836,-7.501199422878064e-06,0.0,0.0,0.6074652299443865,0.0037750894997748436
2023-12-20,-0.003678377474441501,1.0900090535225473e-05,1.4698285855630503e-06,1.189777686555288e-06,5.912440657468964e-08,-0.003679847303027064,9.651188442095495e-06,0.007334244554898187,0.005936828692044215,0.6021580408881743,0.002158040839976172
2023-12-21,0.0027481742722713855,-3.750920223533232e-05,0.0,0.0,5.9042471406437604e-08,0.0027481742722713855,-3.7568244706738756e-05,0.0,0.0,0.6006842925704169,0.0021550502063349725
2023-12-22,0.00046202014050438156,-6.927555453200329e-06,0.0,0.0,5.990773451647e-08,0.00046202014050438156,-6.987463187716799e-06,0.0,0.0,0.6018012208261213,0.002186632309851155
2023-12-26,0.0009356742230988325,6.925115036760146e-07,0.0,0.0,2.4028078661549344e-07,0.0009356742230988325,4.5223071706052117e-07,0.0,0.0,0.601989316156379,0.0021925621778663773
2023-12-27,0.000875516209025428,-1.210619755467583e-05,0.0,0.0,5.999506077247701e-08,0.000875516209025428,-1.2166192615448307e-05,0.0,0.0,0.6023611042150723,0.002189819718195411
2023-12-28,0.00037812725603019636,-1.3132371569119427e-05,0.0,0.0,6.02746992552195e-08,0.00037812725603019636,-1.3192646268374646e-05,0.0,0.0,0.6027162653265375,0.0022000265228155117
2023-12-29,-0.0010420888231084142,-3.454648927882013e-06,0.0,0.0,6.061237070526313e-08,-0.0010420888231084142,-3.515261298587276e-06,0.0,0.0,0.6028743828549252,0.002212351530742104
2024-01-02,-0.001745915883293368,2.0057851287515877e-05,0.0,0.0,2.4308224226974607e-07,-0.001745915883293368,1.9814769045246132e-05,0.0,0.0,0.6024622310012527,0.002218125460711433
2024-01-03,-0.0011531664482293783,1.2125069144799954e-05,0.0,0.0,6.032515771712855e-08,-0.0011531664482293783,1.2064743987082826e-05,0.0,0.0,0.6017550051027716,0.002201868256675192
2024-01-04,-9.380380197333917e-05,5.202089669343609e-06,0.0,0.0,6.006150032230568e-08,-9.380380197333917e-05,5.142028169021304e-06,0.0,0.0,0.6012879693811434,0.0021922447617641573
2024-01-05,0.0003413864301425546,-1.6301724831671235e-05,7.218810885877276e-07,4.065262116015028e-17,5.992429030597888e-08,0.00034066454905396686,-1.6361649122017868e-05,0.0036038236660063117,2.0294876890147862e-13,0.6021872366020262,0.002187236596168229
2024-01-08,0.002657414539165837,-3.2246952283596314e-05,0.0,0.0,1.810540223678223e-07,0.002657414539165837,-3.2428006305964135e-05,0.0,0.0,0.6023332846012471,0.0022028239388085045
2024-01-09,0.00023144006509793265,1.3487639130277622e-05,0.0,0.0,6.107449919613914e-08,0.00023144006509793265,1.3426564631081483e-05,0.0,0.0,0.6034067645097383,0.0022292192206590784
2024-01-10,0.0013663874380450284,-3.976072510280189e-05,0.0,0.0,6.069011385276851e-08,0.0013663874380450284,-3.982141521665466e-05,0.0,0.0,0.6034904299071913,0.0022151891556260505
2024-01-11,0.0010056333357630442,-2.0026760986244154e-05,0.0,0.0,6.169760284346973e-08,0.0010056333357630442,-2.0088458589087624e-05,0.0,0.0,0.6040554978458913,0.0022519625037866454
2024-01-12,0.0020753994536111785,-2.1731571019357797e-05,0.0,0.0,6.218499512327367e-08,0.0020753994536111785,-2.179375601448107e-05,0.0,0.0,0.6044654033999046,0.002269752321999489
2024-01-16,-0.0010535604021035888,1.6867630635518845e-05,0.0,0.0,2.50606874816633e-07,-0.0010535604021035888,1.661702376070221e-05,0.0,0.0,0.6052977599249915,0.002286787732701776
2024-01-17,-0.0022817001336277883,2.8256873849763266e-05,0.0,0.0,6.225414586175746e-08,-0.0022817001336277883,2.8194619703901508e-05,0.0,0.0,0.6048714169334259,0.002272276323954147
2024-01-18,0.002468405414092887,-2.1068023994215874e-05,0.0,0.0,6.161884333758955e-08,0.002468405414092887,-2.1129642837553463e-05,0.0,0.0,0.6039507230844071,0.0022490877818220185
2024-01-19,0.0031567550293746527,-5.856802157473327e-06,0.0,0.0,6.204421018209208e-08,0.0031567550293746527,-5.918846367655419e-06,0.0,0.0,0.6049386767318389,0.002264613671646361
2024-01-22,0.0005535564409050346,-2.6789266960437877e-05,5.0749387274736244e-05,3.4281118771101844e-16,1.8602786834612633e-07,0.0005028070536302983,-2.6975294829126816e-05,0.24999999999976513,1.6887454515207153e-12,0.6022633390538998,0.0022633390648778705
2024-01-23,-0.0007146423805330872,2.0254235646474565e-05,0.0,0.0,6.271340094030301e-08,-0.0007146423805330872,2.0191522245534263e-05,0.0,0.0,0.6025301924935799,0.00228903913432106
2024-01-24,0.0010630654345231553,-2.748269451030432e-06,0.0,0.0,6.220168638914605e-08,0.0010630654345231553,-2.810471137419578e-06,0.0,0.0,0.6022337718728137,0.0022703615532038307
2024-01-25,0.0015559324208318953,8.578999390608088e-06,0.0,0.0,6.221102189785443e-08,0.0015559324208318953,8.516788368710233e-06,0.0,0.0,0.6026578663133546,0.002270702299271687
2024-01-26,-0.0009282127079933709,1.8159204767642082e-05,0.0,0.0,6.187917399383904e-08,-0.0009282127079933709,1.8097325593648244e-05,0.0,0.0,0.6032700134387278,0.002258589850775125
2024-01-29,0.0027790175073553456,-2.6749148545451646e-05,0.0,0.0,1.8431273045451353e-07,0.0027790175073553456,-2.693346127590616e-05,0.0,0.0,0.602890500649278,0.002242471553863247
2024-01-30,-0.0013350464711226692,8.207831990307514e-06,0.0,0.0,6.19998015383044e-08,-0.0013350464711226692,8.14583218876921e-06,0.0,0.0,0.6040072394691738,0.002262992756148111
2024-01-31,-0.0018574741124514243,-9.588433310771902e-06,0.0,0.0,6.18570075317974e-08,-0.0018574741124514243,-9.6502903183037e-06,0.0,0.0,0.6034729416298791,0.0022577807749106045
2024-02-01,0.003051366457035518,-2.4359481348688286e-05,0.0,0.0,6.223590651461417e-08,0.003051366457035518,-2.44217172552029e-05,0.0,0.0,0.6027408596850922,0.002271610587783417
2024-02-02,0.0008497454155277594,1.402396970976158e-05,0.0,0.0,6.271345938925142e-08,0.0008497454155277594,1.3961256250372329e-05,0.0,0.0,0.6039640603067657,0.0022890412677076775
2024-02-05,-0.0016214586752052922,1.0936471462211275e-05,3.0309184762208195e-05,9.739575328110376e-16,1.8682635955348517e-07,-0.0016517678599675004,1.0749645101683833e-05,0.14996411694329118,4.8189577678905735e-12,0.6022730541174305,0.0022730540412340696
2024-02-06,0.0009744442135151077,3.4236600908666983e-07,0.0,0.0,6.20776944567063e-08,0.0009744442135151077,2.8028831462996355e-07,0.0,0.0,0.6016388958290525,0.00226583584766978
2024-02-07,0.0019466047532471164,-1.2995555419002222e-05,0.0,0.0,6.200787397197954e-08,0.0019466047532471164,-1.3057563292974201e-05,0.0,0.0,0.6020265300329931,0.0022632873999772533
2024-02-08,0.00013583117801680653,5.802633151322155e-06,0.0,0.0,6.224356571461854e-08,0.00013583117801680653,5.740389585607537e-06,0.0,0.0,0.6028075778879318,0.002271890148583577
2024-02-09,0.00190847629159963,-8.190661280388603e-06,0.0,0.0,6.207580129539783e-08,0.00190847629159963,-8.252737081684001e-06,0.0,0.0,0.6028580615051397,0.0022657667472820208
2024-02-12,-0.0005435672114993313,-1.158175569368267e-05,0.0,0.0,1.8654612957351796e-07,-0.0005435672114993313,-1.1768301823256188e-05,0.0,0.0,0.6036195257559309,0.002269644576477802
2024-02-13,-0.0045411911439667985,7.838942871442669e-06,0.0,0.0,6.253407896118211e-08,-0.0045411911439667985,7.776408792481487e-06,0.0,0.0,0.6034110541319223,0.002282493882083147
2024-02-14,0.002784301932329485,-8.901756873827235e-06,0.0,0.0,6.260311930659278e-08,0.002784301932329485,-8.964359993133828e-06,0.0,0.0,0.6015971523832085,0.002285013854690636
2024-02-15,0.001770315215065382,-2.1851468992196476e-05,0.0,0.0,6.267306414686041e-08,0.001770315215065382,-2.1914142056343336e-05,0.0,0.0,0.602708734120558,0.002287566841360405
2024-02-16,-0.0019521979476887323,3.411545645764568e-07,0.0,0.0,6.316130323985104e-08,-0.0019521979476887323,2.7799326133660575e-07,0.0,0.0,0.6034240221278554,0.002305387568254563
2024-02-20,-0.001127576871104354,1.5514569251877323e-05,1.1097436380648637e-06,1.937543167968478e-06,8.045153043500432e-07,-0.0011286866147424187,1.2772510779558803e-05,0.005527549502492378,0.009650756631357848,0.6073412025105203,0.007341202152194143
2024-02-21,-0.0006102611465532393,-4.055563604018002e-05,0.0,0.0,2.0092798777111316e-07,-0.0006102611465532393,-4.075656402795113e-05,0.0,0.0,0.6068908637138003,0.007333871553645631
2024-02-22,0.005519316186566781,-7.425885666968984e-05,0.0,0.0,2.0217071780513454e-07,0.005519316186566781,-7.446102738749497e-05,0.0,0.0,0.6066755591007985,0.00737923119988741
2024-02-23,0.0001832560964192711,-4.379828633793517e-05,0.0,0.0,2.0309936042850652e-07,0.0001832560964192711,-4.400138569836368e-05,0.0,0.0,0.6088796139798679,0.007413126655640487
2024-02-26,-0.001007933311457289,4.4650034286120487e-05,0.0,0.0,6.128126033947709e-07,-0.001007933311457289,4.4037221682725716e-05,0.0,0.0,0.6089780670117302,0.007455886674636379
2024-02-27,0.0005610562777595295,-2.7502393574767868e-05,0.0,0.0,2.0324348478793757e-07,0.0005610562777595295,-2.7705637059555804e-05,0.0,0.0,0.6085567191422601,0.007418387194759722
2024-02-28,-0.0005016211821364798,-2.3195962849862304e-05,0.0,0.0,2.0388823110417213e-07,-0.0005016211821364798,-2.3399851080966475e-05,0.0,0.0,0.6087930752432847,0.007441920435302283
2024-02-29,0.001706587128760949,-5.672719588039292e-05,0.0,0.0,2.04631172605345e-07,0.001706587128760949,-5.6931827052998265e-05,0.0,0.0,0.6086109876307018,0.007469037800095092
2024-03-01,0.0033684499897297746,-3.432247437492558e-05,0.0,0.0,2.0584576779331836e-07,0.0033684499897297746,-3.45283201427189e-05,0.0,0.0,0.6093124192965736,0.007513370524456119
2024-03-04,-0.000809418507911256,-5.473471714196972e-05,0.0,0.0,6.182969749878924e-07,-0.000809418507911256,-5.535301411695761e-05,0.0,0.0,0.6106450265996971,0.007522613195686025
2024-03-05,-0.002621501480943625,0.00047884689796846136,9.764572151768227e-06,1.158212893415649e-05,1.3698630136799902e-06,-0.002631266053095393,0.0004658949060206249,0.04854739665189529,0.05758390625830614,0.6500000000540066,0.04999999999931964
2024-03-06,0.0016663123527154906,-0.00037027732489540807,0.0,0.0,1.3596881500741538e-06,0.0016663123527154906,-0.0003716370130454822,0.0,0.0,0.6487833553313999,0.04962861747770662
2024-03-07,0.0030137651053817878,-0.0004160257652443592,0.0,0.0,1.3680615387804535e-06,0.0030137651053817878,-0.0004173938267831396,0.0,0.0,0.6496086354034217,0.04993424616548656
2024-03-08,-0.0020104340319948505,3.1557071068694145e-05,0.0,0.0,1.3758871909663155e-06,-0.0020104340319948505,3.018118387772783e-05,0.0,0.0,0.6509323384808609,0.05021988247027051
2024-03-11,-0.0005158203463604231,0.0003987428138295422,0.0,0.0,4.133252726513953e-06,-0.0005158203463604231,0.0003946095611030283,0.0,0.0,0.6502094836306984,0.05028790817258643
2024-03-12,0.002787626732645207,6.808955689168262e-05,0.0,0.0,1.3669921423761384e-06,0.002787626732645207,6.672256474930649e-05,0.0,0.0,0.6497724227099333,0.04989521319672905
2024-03-13,-0.000757159039388757,-0.00019398788194456307,0.0,0.0,1.3612412171522744e-06,-0.000757159039388757,-0.00019534912316171535,0.0,0.0,0.6507027166006368,0.049685304426058015
2024-03-14,-0.0016013551380870488,0.0008931645141806977,0.0,0.0,1.367858850364095e-06,-0.0016013551380870488,0.0008917966553303335,0.0,0.0,0.6505652262495223,0.049926848038289465
2024-03-15,-0.00217946889805258,-9.23033125317631e-05,0.0,0.0,1.3443424793115358e-06,-0.00217946889805258,-9.364765501107463e-05,0.0,0.0,0.6494246758991308,0.04906850049487105
2024-03-18,0.0020761890276659064,0.000282384785079051,0.0,0.0,4.04981972381849e-06,0.0020761890276659064,0.0002783349653552325,0.0,0.0,0.648719822768514,0.049272806639791625
2024-03-19,0.002123260678683118,-0.00019093948875654996,4.652029339278576e-05,3.766588943577236e-06,1.8520780297798192e-06,0.0020767403852903323,-0.00019655815572990702,0.23127449576809367,0.01872550440162512,0.6676008483344644,0.0676008480869634
2024-03-20,0.002495644741671154,-0.0012009508949437525,0.0,0.0,1.8538237222305863e-06,0.002495644741671154,-0.001202804718665983,0.0,0.0,0.6684672687334321,0.06766456586141639
2024-03-21,0.001214570933045254,-0.0005680412900374354,0.0,0.0,1.8842904004309788e-06,0.001214570933045254,-0.0005699255804378664,0.0,0.0,0.670096585789715,0.06877659961573072
2024-03-22,-0.001335550809322085,0.0008541302747643451,0.0,0.0,1.8986292329891268e-06,-0.001335550809322085,0.000852231645531356,0.0,0.0,0.6708786779008881,0.06929996700410312
2024-03-25,-0.0013060322257843922,-0.0001727991363797854,0.0,0.0,5.628405526883313e-06,-0.0013060322257843922,-0.00017842754190666873,0.0,0.0,0.6698668865950461,0.06847893391041364
2024-03-26,0.0003028478012281566,3.4897054567621385e-05,0.0,0.0,1.8836656243774566e-06,0.0003028478012281566,3.301338894324393e-05,0.0,0.0,0.6695547815046707,0.06875379528977717
2024-03-27,0.0038023157679913594,-0.0012391365230077413,0.0,0.0,1.8820774239270779e-06,0.0038023157679913594,-0.0012410186004316683,0.0,0.0,0.6696327256616805,0.06869582597333834
2024-03-28,0.0001867449968788695,-0.00039305940224183497,0.0,0.0,1.9111313943357596e-06,0.0001867449968788695,-0.0003949705336361707,0.0,0.0,0.6717145807765204,0.06975629589325523
2024-04-01,-0.0022083735629834676,0.0003069922011770626,0.0,0.0,7.689201668473098e-06,-0.0022083735629834676,0.0002993029995085895,0.0,0.0,0.6720412619258866,0.07016396522481702
2024-04-02,-0.002556195245832791,0.000682053790306579,0.0,0.0,1.9175504109240206e-06,-0.002556195245832791,0.000680136239895655,0.0,0.0,0.6711140925216694,0.06999058999872676
2024-04-03,0.0005067776478244509,-0.001184412198651182,2.573290925288117e-05,2.486375698464666e-05,5.21915734399895e-06,0.00048104473857156976,-0.0012144951129798276,0.12714725676991306,0.12285274325279129,0.7904992430901965,0.19049924305596164
2024-04-04,-0.00441715178197555,0.0006052303453637847,0.0,0.0,5.255461613565222e-06,-0.00441715178197555,0.0005999748837502195,0.0,0.0,0.7915866102336734,0.1918243488951306
2024-04-05,0.0035165733177854137,-0.0014621512031021407,0.0,0.0,5.25895431920367e-06,0.0035165733177854137,-0.0014674101574213443,0.0,0.0,0.7901857371930182,0.19195183265093396
2024-04-08,0.00032242357657763445,0.00028123266151097417,0.0,0.0,1.58645307568415e-05,0.00032242357657763445,0.00026536813075413266,0.0,0.0,0.7920792109715904,0.19301845754157163
2024-04-09,0.00024971051032768863,-0.00040294597692259483,0.0,0.0,5.277369920246566e-06,0.00024971051032768863,-0.0004082233468428414,0.0,0.0,0.7919361410517215,0.19262400208899966
2024-04-10,-0.006399814842992176,0.0014400513646196426,0.0,0.0,5.289247949748212e-06,-0.006399814842992176,0.0014347621166698942,0.0,0.0,0.7923114430962975,0.19305755016580972
2024-04-11,-0.00012819683271344726,-0.000622976634341899,0.0,0.0,5.275990056518002e-06,-0.00012819683271344726,-0.000628252624398417,0.0,0.0,0.7898331916950708,0.1925736370629071
2024-04-12,-0.004787488931564676,0.0027475853031050023,0.0,0.0,5.2970648713598965e-06,-0.004787488931564676,0.0027422882382336423,0.0,0.0,0.7903028190007447,0.19334286780463622
2024-04-15,-0.0033308427778028196,0.0014090120953182002,0.0,0.0,1.5697470161916055e-05,-0.0033308427778028196,0.0013933146251562843,0.0,0.0,0.7871251589900847,0.1909858869699787
2024-04-16,-0.0015759360998207953,0.0010842830181450078,0.0,0.0,5.203969820900929e-06,-0.0015759360998207953,0.0010790790483241068,0.0,0.0,0.7853158878537192,0.18994489846288393
2024-04-17,-0.0004711653950577347,0.0005970100984830553,3.1628057888407185e-05,1.874566268126799e-05,3.880929183435757e-06,-0.0005027934529461418,0.0005743835066183516,0.1569670531332617,0.0930329469008373,0.7416539152441465,0.14165391519540513
2024-04-18,-0.00019790760614489699,0.0001601417837132722,0.0,0.0,3.864296097216421e-06,-0.00019790760614489699,0.00015627748761605576,0.0,0.0,0.7411296923346365,0.14104680754839938
2024-04-19,0.000654906090364821,-0.0013189345100072891,0.0,0.0,3.860069346231704e-06,0.000654906090364821,-0.0013227945793535209,0.0,0.0,0.7409626310906493,0.1408925311374572
2024-04-22,0.00410005308635781,0.00039980835797415507,0.0,0.0,1.1696425522829103e-05,0.00410005308635781,0.00038811193245132596,0.0,0.0,0.7421131860354941,0.14230651052775412
2024-04-23,0.0041255692902380505,-0.0004526603084052663,0.0,0.0,3.870483485381606e-06,0.0041255692902380505,-0.0004565307918906479,0.0,0.0,0.7428790752431403,0.14127264721642863
2024-04-24,-0.001287066713931264,3.4295916887481517e-06,0.0,0.0,3.868690762321524e-06,-0.001287066713931264,-4.3909907357337193e-07,0.0,0.0,0.7442738750325696,0.1412072128247356
2024-04-25,-0.0013943078893790262,-0.0007037495669606321,0.0,0.0,3.873584062903546e-06,-0.0013943078893790262,-0.0007076231510235357,0.0,0.0,0.7439446413689548,0.1413858182959794
2024-04-26,0.001624600640950124,0.000796335268441351,0.0,0.0,3.9010646418185165e-06,0.001624600640950124,0.0007924342037995324,0.0,0.0,0.7441144106569465,0.14238885942637586
2024-04-29,0.0016523482857526198,-0.0005937913332576569,0.0,0.0,1.1609680708801465e-05,0.0016523482857526198,-0.0006054010139664584,0.0,0.0,0.7439408802678557,0.1412511152904178
2024-04-30,-0.005622651778547395,0.0038129395032866996,0.0,0.0,3.88209747394702e-06,-0.005622651778547395,0.0038090574058127526,0.0,0.0,0.7448134481460819,0.14169655779906623
2024-05-01,0.0004614326840129591,0.001403761682125016,2.7686445096422422e-05,2.397409903166956e-05,4.74249855477854e-06,0.00043374623891653666,0.001375045084538568,0.13398254696930875,0.11601745324727832,0.7731011975163471,0.1731011972494167
2024-05-02,0.0037144389248759914,-0.0002706486599752706,0.0,0.0,4.695546067624728e-06,0.0037144389248759914,-0.0002753442060428953,0.0,0.0,0.7721659431421372,0.1713874314683026
2024-05-03,0.0024479406464378074,-0.0006539576774354997,0.0,0.0,4.686842603758285e-06,0.0024479406464378074,-0.000658644520039258,0.0,0.0,0.7732212011177589,0.17106975503717742
2024-05-06,0.0027720336598406324,-0.0011542073988869345,0.0,0.0,1.4089068242135226e-05,0.0027720336598406324,-0.0011682964671290697,0.0,0.0,0.7742837189052263,0.17141699694597862
2024-05-07,0.00038095097023233595,0.0002039842142127194,0.0,0.0,4.72040790750316e-06,0.00038095097023233595,0.00019926380630521626,0.0,0.0,0.7758115547202268,0.17229488862386533
2024-05-08,0.00019301064459256912,0.00047044272193722225,0.0,0.0,4.712085277388347e-06,0.00019301064459256912,0.0004657306366598339,0.0,0.0,0.7757424084822708,0.17199111262467467
2024-05-09,0.001887240317880599,-0.0017080169269531025,0.0,0.0,4.696102918837789e-06,0.001887240317880599,-0.0017127130298719402,0.0,0.0,0.7754246149225146,0.17140775653757928
2024-05-10,-0.0001721522010167912,0.0003325808087889627,0.0,0.0,4.742070282471926e-06,-0.0001721522010167912,0.00032783873850649077,0.0,0.0,0.7771762167829752,0.17308556531022534
2024-05-13,-0.000278223604769561,-0.0005670880598698987,0.0,0.0,1.4196665208823962e-05,-0.000278223604769561,-0.0005812847250787227,0.0,0.0,0.7768831143398528,0.17272609337402486
2024-05-14,0.0020390636525776766,-0.0003876681445734582,0.0,0.0,4.751842643783632e-06,0.0020390636525776766,-0.00039241998721724184,0.0,0.0,0.777272963321624,0.17344225649810258
2024-05-15,0.003826383056785246,-0.0010083645717400367,1.0855427556142738e-05,3.948428967901449e-05,3.4005489988437854e-06,0.0038155276292291033,-0.001051249410417895,0.053910848892576885,0.19608915111883907,0.7241200384726466,0.1241200384577982
2024-05-16,-0.0010633403157319981,0.0003911087310294327,0.0,0.0,3.4187251180867703e-06,-0.0010633403157319981,0.00038769000591134595,0.0,0.0,0.7259397221672749,0.12478346681016711
2024-05-17,0.0013534350726926603,-0.001579644949402439,0.0,0.0,3.4103139900913245e-06,0.0013534350726926603,-0.0015830552633925303,0.0,0.0,0.7253664759357423,0.12447646063833334
2024-05-20,-0.0009579231045698239,0.00014981923401894554,0.0,0.0,1.0363155391448946e-05,-0.0009579231045698239,0.0001394560786274966,0.0,0.0,0.7268868188984077,0.12608505726262884
2024-05-21,0.0004907459038787913,-0.00020657066152720625,0.0,0.0,3.45310674794477e-06,0.0004907459038787913,-0.000210023768275151,0.0,0.0,0.7265235313478171,0.1260383962999841
2024-05-22,-0.001397406194705231,0.002713279562845164,0.0,0.0,3.4577955383755844e-06,-0.001397406194705231,0.0027098217673067883,0.0,0.0,0.726810245527393,0.1262095371507088
2024-05-23,-0.0030645252701814504,0.00108487961956632,0.0,0.0,3.3790244277171273e-06,-0.0030645252701814504,0.001081500595138603,0.0,0.0,0.7244620440642988,0.12333439161167514
2024-05-24,0.002499827431260079,-0.0003536486407277386,0.0,0.0,3.3559566432458705e-06,0.002499827431260079,-0.00035700459737098445,0.0,0.0,0.722830910325176,0.12249241747847427
2024-05-28,-0.0035493983157268674,-0.0005756587987204372,0.0,0.0,1.343379634285641e-05,-0.0035493983157268674,-0.0005890925950632936,0.0,0.0,0.7237798058617279,0.12258339162856474
2024-05-29,-0.004377481308094868,0.001341065011384555,0.0,0.0,3.388242771565323e-06,-0.004377481308094868,0.0013376767686129898,0.0,0.0,0.7232234612669243,0.12367086116213427
2024-05-30,0.0013074990109370804,-0.0005222795820667984,1.9286283555571806e-05,3.2110896954066714e-05,1.822268920811373e-06,0.0012882127273815085,-0.0005562127479416764,0.09381002696837744,0.15618997307387028,0.6665128155425575,0.06651281560961513
2024-05-31,0.004006831124035788,-0.0008364047262095108,0.0,0.0,1.8352345587977318e-06,0.004006831124035788,-0.0008382399607683086,0.0,0.0,0.6673318276693612,0.06698606139611721
2024-06-03,0.002152619159802538,0.0007284310964301208,0.0,0.0,5.556841910156028e-06,0.002152619159802538,0.0007228742545199648,0.0,0.0,0.669218179982008,0.06760824324023167
2024-06-04,-0.006767247159902735,0.000805993099404999,0.0,0.0,1.8270698929334876e-06,-0.006767247159902735,0.0008041660295120655,0.0,0.0,0.6694458121178201,0.06668805109207229
2024-06-05,0.005845677636388495,-0.0007619369479675079,0.0,0.0,1.8158157468262285e-06,0.005845677636388495,-0.0007637527637143342,0.0,0.0,0.6666538761070329,0.06627727475915733
2024-06-06,-0.0001402614134490229,0.0002764159646307213,0.0,0.0,1.8274040018526118e-06,-0.0001402614134490229,0.00027458856062886867,0.0,0.0,0.6690992416649171,0.06670024606762033
2024-06-07,0.0005946266459022159,0.0006528429151055542,0.0,0.0,1.819586541856528e-06,0.0005946266459022159,0.0006510233285636977,0.0,0.0,0.6688691329689995,0.06641490877776329
2024-06-10,0.00044727346416816694,-0.00029239109107412386,0.0,0.0,5.398376815837281e-06,0.00044727346416816694,-0.0002977894678899611,0.0,0.0,0.6686308795768297,0.06568025125935359
2024-06-11,-0.001568176982476768,0.00020194649268470339,0.0,0.0,1.8071995060321423e-06,-0.001568176982476768,0.00020013929317867123,0.0,0.0,0.668978151513487,0.06596278197017319
2024-06-12,0.00318980855013709,-0.0005838605459248886,0.0,0.0,1.804134849881858e-06,0.00318980855013709,-0.0005856646807747705,0.0,0.0,0.6683242673173728,0.0658509220206878
2024-06-13,-0.0016447043767710363,0.0005849181644891516,5.139005541736464e-05,2.066463166458439e-08,1.8126503628925112e-06,-0.001696094432188401,0.0005830848494945946,0.24989951204990538,0.00010048795098060404,0.6661617382464904,0.06616173824557664
2024-06-14,-0.002411970297658911,0.0009080101779794338,0.0,0.0,1.7986270968955648e-06,-0.002411970297658911,0.0009062115508825382,0.0,0.0,0.6652574718108033,0.0656498890366881
2024-06-17,0.00263801640990727,-0.00045258161456186035,0.0,0.0,5.329274919478118e-06,0.00263801640990727,-0.0004579108894813385,0.0,0.0,0.663845092067029,0.06483951152031713
2024-06-18,0.0020796009090654106,-0.0001527734557600493,0.0,0.0,1.7849331268852254e-06,0.0020796009090654106,-0.00015455838888693454,0.0,0.0,0.665033265782936,0.06515005913131074
2024-06-20,0.0009942965451643082,-8.552751825422688e-05,0.0,0.0,3.57136237759943e-06,0.0009942965451643082,-8.909888063182631e-05,0.0,0.0,0.6658311134872805,0.06517736339118961
2024-06-21,-0.0012582963481679041,-1.653072204611286e-05,0.0,0.0,1.7864073567107146e-06,-0.0012582963481679041,-1.8317129402823574e-05,0.0,0.0,0.6662223471197727,0.06520386851994112
2024-06-24,0.0022291958095949,-0.0006214027855547365,0.0,0.0,5.367432896791388e-06,0.0022291958095949,-0.0006267702184515278,0.0,0.0,0.6658140379460025,0.06530376691096187
2024-06-25,-0.001532830951344183,0.00012344027231017487,0.0,0.0,1.8032794117039809e-06,-0.001532830951344183,0.00012163699289847089,0.0,0.0,0.6669744568173545,0.06581969852719528
2024-06-26,-0.0018778579412521007,0.00029349184305238376,0.0,0.0,1.8024410803983215e-06,-0.0018778579412521007,0.00029168940197198546,0.0,0.0,0.6663820201468584,0.06578909943453874
2024-06-27,6.274861774884833e-05,-0.0005366099648736122,0.0,0.0,1.7972509509014386e-06,6.274861774884833e-05,-0.0005384072158245136,0.0,0.0,0.6655598523043392,0.06559965970790252
2024-06-28,-7.148433273143439e-05,-0.0003705163602818824,2.09627564396939e-05,2.070793399898147e-05,4.462908746349759e-06,-9.244708917112829e-05,-0.0003956872030272136,0.09791872247647435,0.09672842634701825,0.7628961693429346,0.1628961692417662
2024-07-01,-0.0008048230718562629,0.00017763149753912788,0.0,0.0,1.342573319929698e-05,-0.0008048230718562629,0.0001642057643398309,0.0,0.0,0.763197227748778,0.1633464205914466
2024-07-02,0.0024772649104842365,-0.0005039934217357079,0.0,0.0,4.473243420550665e-06,0.0024772649104842365,-0.0005084666651562586,0.0,0.0,0.7628811195256674,0.16327338485009923
2024-07-03,0.0016106758909129404,-0.0014465754471536026,0.0,0.0,4.478234718845697e-06,0.0016106758909129404,-0.0014510536818724484,0.0,0.0,0.7638545090191088,0.16345556723786794
2024-07-05,0.0009119786311582945,-0.000998593645028585,0.0,0.0,9.034291772144817e-06,0.0009119786311582945,-0.0010076279368007297,0.0,0.0,0.7653430191666286,0.16487582484164293
2024-07-08,-0.0003070087118247958,0.0001928859095932331,0.0,0.0,1.3634818009094706e-05,-0.0003070087118247958,0.0001792510915841384,0.0,0.0,0.766328296567248,0.16589028577731893
2024-07-09,-0.0002578113695154536,0.0008458251365691792,0.0,0.0,4.5402348404951495e-06,-0.0002578113695154536,0.000841284901728684,0.0,0.0,0.7661191654168173,0.16571857167807297
2024-07-10,0.0033446576380274803,-0.0009009111446683534,0.0,0.0,4.514427500122879e-06,0.0033446576380274803,-0.0009054255721684763,0.0,0.0,0.7654147547967126,0.16477660375448505
2024-07-11,0.0022740502935984235,-0.0015590146772262088,0.0,0.0,4.5280649959027805e-06,0.0022740502935984235,-0.0015635427422221115,0.0,0.0,0.7668887927006368,0.16527437235045145
2024-07-12,0.002327609331786114,-0.0013601541772849694,0.0,0.0,4.5675324604813615e-06,0.002327609331786114,-0.0013647217097454507,0.0,0.0,0.7686167349999036,0.16671493480756971
2024-07-15,0.0015092160985167797,9.868002137134715e-05,1.335423727164535e-05,2.7581331780253836e-05,1.6438356164362852e-05,0.0014958618612451343,5.466033342673046e-05,0.06632983071116426,0.13699509979930788,0.8000000000004195,0.19999999999974805
2024-07-16,0.004640866601328219,-0.0001891774418621421,0.0,0.0,5.468269818837703e-06,0.004640866601328219,-0.0001946457116809798,0.0,0.0,0.8002683822106246,0.19959184838757618
2024-07-17,-0.0021955023474379796,0.00020831630364576218,0.0,0.0,5.449224307501976e-06,-0.0021955023474379796,0.0002028670793382602,0.0,0.0,0.8013462862143454,0.19889668722382212
2024-07-18,-0.0035740898911173105,0.0018330777530482722,0.0,0.0,5.454385612649262e-06,-0.0035740898911173105,0.001827623367435623,0.0,0.0,0.8007463793431899,0.19908507486169802
2024-07-19,-0.0024282178419502056,0.0010163767087141768,0.0,0.0,5.41361900871726e-06,-0.0024282178419502056,0.0010109630897054596,0.0,0.0,0.7985669599144815,0.19759709381818003
2024-07-22,0.0037364020142700853,0.0004199079239068595,0.0,0.0,1.6180250751747072e-05,0.0037364020142700853,0.00040372767315511243,0.0,0.0,0.7972686748908362,0.19685971747958936
2024-07-23,-0.0007234308090081976,0.0012391361432783476,0.0,0.0,5.35972264373296e-06,-0.0007234308090081976,0.0012337764206346146,0.0,0.0,0.7977024851645435,0.19562987649625302
2024-07-24,-0.006535540695289967,0.0011710743554962366,0.0,0.0,5.323057109464424e-06,-0.006535540695289967,0.0011657512983867721,0.0,0.0,0.796572527062007,0.19429158449545147
2024-07-25,0.0006707167635387912,-0.0013918775347471738,0.0,0.0,5.31953767756413e-06,0.0006707167635387912,-0.0013971970724247378,0.0,0.0,0.7943022220164376,0.1941631252310907
2024-07-26,0.00608759124676877,-0.0006359972517247693,0.0,0.0,5.361566381053713e-06,0.00608759124676877,-0.000641358818105823,0.0,0.0,0.7955508908368862,0.19569717290846056
2024-07-29,-0.000293196567898469,0.0003332007108642678,3.798884738927958e-05,1.4099080093381443e-05,1.0487677033087978e-05,-0.0003311854152877486,0.00030861395373779843,0.18233038459819506,0.06766961549437378,0.616267396840403,0.12760007056923706
2024-07-30,0.0005466669035628298,-0.0008956953156115082,0.0,0.0,3.4868422608896597e-06,0.0005466669035628298,-0.0008991821578723979,0.0,0.0,0.6159881040243098,0.12726974252247258
2024-07-31,0.002113682590905278,-0.0006247700059077669,0.0,0.0,3.51262011074928e-06,0.002113682590905278,-0.0006282826260185162,0.0,0.0,0.6167521854813836,0.12821063404234873
2024-08-01,-0.0034737329147323482,0.0011951396497307193,0.0,0.0,3.5245018023590385e-06,-0.0034737329147323482,0.0011916151479283604,0.0,0.0,0.6179479681820496,0.1286443157861049
2024-08-02,-0.0039282147834554665,0.00045724205555280694,0.0,0.0,3.4997450807396624e-06,-0.0039282147834554665,0.00045374231047206725,0.0,0.0,0.6158797453764554,0.12774069544699768
2024-08-05,-0.006983431920265824,0.0013462510532864017,0.0,0.0,1.0498129164205285e-05,-0.006983431920265824,0.0013357529241221965,0.0,0.0,0.6140851525516082,0.12772723816449763
2024-08-06,0.0020985391911404272,0.00018665416461487327,0.0,0.0,3.4821589133234423e-06,0.0020985391911404272,0.00018317200570154983,0.0,0.0,0.6105499105371807,0.12709880033630563
2024-08-07,0.0005623961888677391,-0.00014355955896361446,0.0,0.0,3.469129548859339e-06,0.0005623961888677391,-0.0001470286885124738,0.0,0.0,0.6112537452137554,0.12662322853336588
2024-08-08,0.004058667628735896,-0.0010748572601838435,0.0,0.0,3.4716206890532884e-06,0.004058667628735896,-0.0010783288808728967,0.0,0.0,0.6115621183742019,0.126714155150445
2024-08-09,0.0009459421401075447,-0.00034022034822606036,0.0,0.0,3.4906654676189423e-06,0.0009459421401075447,-0.0003437110136936793,0.0,0.0,0.6137914794735547,0.12740928956809136
2024-08-12,0.0001575170844757362,-0.00015915573314962818,4.3839607157345225e-05,1.0418268963329337e-05,6.29742293474255e-06,0.00011367747731839096,-0.00017587142504770008,0.2148328335593052,0.05105397578363116,0.3995345969286253,0.07661864570603436
2024-08-13,0.00010767073766326069,-0.00031723256278604094,0.0,0.0,2.103632242486443e-06,0.00010767073766326069,-0.0003193361950285274,0.0,0.0,0.39971697398968786,0.07678257685075517
2024-08-14,0.0002829587109505668,-0.00012376922447821854,0.0,0.0,2.1127707461627657e-06,0.0002829587109505668,-0.0001258819952243813,0.0,0.0,0.3999092917104856,0.07711613223494096
2024-08-15,0.0002066096423039009,0.0002682617476768764,0.0,0.0,2.115829336296521e-06,0.0002066096423039009,0.00026614591834057987,0.0,0.0,0.4001293994095114,0.07722777077482301
2024-08-16,-3.391318480824607e-06,-0.00021695503179943078,0.0,0.0,2.107483374889422e-06,-3.391318480824607e-06,-0.0002190625151743202,0.0,0.0,0.4001468374093558,0.0769231431834639
2024-08-19,-0.00038000702518793396,-0.00012567443105860804,0.0,0.0,6.34169277896068e-06,-0.00038000702518793396,-0.00013201612383756872,0.0,0.0,0.40023247934025746,0.0771572621440216
2024-08-20,-0.0002709013282449325,-0.00023779434813942646,0.0,0.0,2.1184254109342714e-06,-0.0002709013282449325,-0.00023991277355036073,0.0,0.0,0.40005731091919705,0.07732252749910092
2024-08-21,4.8322729267896616e-05,-0.00016613085565057276,0.0,0.0,2.126026328811472e-06,4.8322729267896616e-05,-0.00016825688197938423,0.0,0.0,0.39999073049667727,0.07759996100161873
2024-08-22,0.00019144221128760688,0.0004217216894156924,0.0,0.0,2.1308334188039222e-06,0.00019144221128760688,0.00041959085599688846,0.0,0.0,0.40008703732577766,0.07777541978634317
2024-08-23,-2.3436866180252575e-05,-0.0004646324655647523,0.0,0.0,2.117985240897612e-06,-2.3436866180252575e-05,-0.0004667504508056499,0.0,0.0,0.40003404550722077,0.07730646129276283
2024-08-26,-0.00023579389786943615,2.1400147708135337e-05,4.529509226697824e-05,5.6691008625412376e-06,4.109589040696429e-06,-0.0002810889901364144,1.1621457804897669e-05,0.22219076526374854,0.02780923486325966,0.2219839805070257,0.04999999999513989
2024-08-27,5.633382036217608e-05,2.141909689017338e-05,0.0,0.0,1.3696457832181874e-06,5.633382036217608e-05,2.0049451106955193e-05,0.0,0.0,0.2218079566518867,0.049992071087463834
2024-08-28,-7.516477355295319e-05,2.1413067629117845e-05,0.0,0.0,1.3689543934307914e-06,-7.516477355295319e-05,2.0044113235687052e-05,0.0,0.0,0.22184734504626752,0.04996683536022389
2024-08-29,9.124224657009392e-05,6.422956328731356e-05,0.0,0.0,1.368443163534473e-06,9.124224657009392e-05,6.286112012377908e-05,0.0,0.0,0.22178440517557593,0.04994817546900827
2024-08-30,8.616872581623747e-05,0.0001284261549692724,0.0,0.0,1.3664728714018281e-06,8.616872581623747e-05,0.00012705968209787057,0.0,0.0,0.2218414609061481,0.04987625980616673
2024-09-03,-0.0004012327583132398,-0.00024249735101262656,0.0,0.0,5.450655151912467e-06,-0.0004012327583132398,-0.00024794800616453905,0.0,0.0,0.22188031844491488,0.049737228261201256
2024-09-04,0.0004760083565312771,-0.00027915375065755844,0.0,0.0,1.3701970565922422e-06,0.0004760083565312771,-0.00028052394771415067,0.0,0.0,0.2216229590485826,0.05001219256561684
2024-09-05,0.0004362666624031037,-8.58709282577371e-05,0.0,0.0,1.3775758099626516e-06,0.0004362666624031037,-8.724850406769976e-05,0.0,0.0,0.22205555900543708,0.05028151706363679
2024-09-06,-0.00012190643226339907,-6.439719770743151e-05,0.0,0.0,1.3794469860874907e-06,-0.00012190643226339907,-6.5776644693519e-05,0.0,0.0,0.22241419907369187,0.05034981499219342
2024-09-09,0.00030014206358100465,-6.438732004230073e-05,0.0,0.0,4.144411714564754e-06,0.00030014206358100465,-6.853173175686548e-05,0.0,0.0,0.2223340209745972,0.05042367586053784
2024-09-10,9.567896554712355e-05,0.0,4.0124375494652635e-05,1.0150842487320155e-05,0.0,5.555459005247092e-05,-1.0150842487320155e-05,0.1995236276748758,0.05047637233123522,0.3209158189694984,0.0
2024-09-11,0.00015534911190847093,0.0,0.0,0.0,0.0,0.00015534911190847093,0.0,0.0,0.0,0.320996923471763,0.0
2024-09-12,0.00020082079455637061,0.0,0.0,0.0,0.0,0.00020082079455637061,0.0,0.0,0.0,0.3211023896126134,0.0
2024-09-13,0.0007141380417781264,0.0,0.0,0.0,0.0,0.0007141380417781264,0.0,0.0,0.0,0.3212386989963951,0.0
2024-09-16,0.0006279927652124322,0.0,0.0,0.0,0.0,0.0006279927652124322,0.0,0.0,0.0,0.32172308234615177,0.0
2024-09-17,-6.412172717222594e-05,0.0,0.0,0.0,0.0,-6.412172717222594e-05,0.0,0.0,0.0,0.32214876801572834,0.0
2024-09-18,-0.00018393129207870928,0.0,0.0,0.0,0.0,-0.00018393129207870928,0.0,0.0,0.0,0.3221053002367385,0.0
2024-09-19,0.0006418232861242962,0.0,0.0,0.0,0.0,0.0006418232861242962,0.0,0.0,0.0,0.32198059125083284,0.0
2024-09-20,7.40812909339262e-05,0.0,0.0,0.0,0.0,7.40812909339262e-05,0.0,0.0,0.0,0.32241548077358967,0.0
2024-09-23,-0.00024305623457623735,0.0,0.0,0.0,0.0,-0.00024305623457623735,0.0,0.0,0.0,0.32246567339115695,0.0
2024-09-24,0.0006660385869392614,-1.2674990634158073e-13,5.032369238238915e-05,7.879089757517223e-15,1.0723849077095834e-15,0.0006157148945568722,-1.3570138100680754e-13,0.2500000000413271,3.914204913139979e-11,0.5705149416428339,3.914204913139979e-11
2024-09-25,-0.0014788070120327497,1.7348014390046623e-13,0.0,0.0,1.0751954940032532e-15,-0.0014788070120327497,1.7240494840646299e-13,0.0,0.0,0.5708295119970614,3.924463553111873e-11
2024-09-26,8.08323707291469e-05,-3.208066053451391e-13,0.0,0.0,1.0720279357767824e-15,8.08323707291469e-05,-3.218786332809159e-13,0.0,0.0,0.5701939117398296,3.912901965585256e-11
2024-09-27,0.001298596011489645,5.259666382850808e-14,0.0,0.0,1.0807297998895377e-15,0.001298596011489645,5.1515934028618546e-14,0.0,0.0,0.5702286511770098,3.944663769596814e-11
2024-09-30,-0.000365606967918694,3.275633072579964e-14,0.0,0.0,3.2336671589280213e-15,-0.000365606967918694,2.952266356687162e-14,0.0,0.0,0.5707860267307435,3.934295043362425e-11
2024-10-01,0.0011828983268845836,1.8582439408818393e-13,0.0,0.0,1.0773855189103087e-15,0.0011828983268845836,1.8474700856927364e-13,0.0,0.0,0.5706290457180192,3.932457144022626e-11
2024-10-02,-0.0005528680052017874,7.536020805945586e-14,0.0,0.0,1.0710275229550726e-15,-0.0005528680052017874,7.428918053650079e-14,0.0,0.0,0.5711363478145456,3.909250458786014e-11
2024-10-03,-0.0018828668567666272,2.397318051745461e-13,0.0,0.0,1.069554182007549e-15,-0.0018828668567666272,2.386622509925386e-13,0.0,0.0,0.5708991116623375,3.903872764327554e-11
2024-10-04,-0.002125386287430844,-1.6957197228994708e-13,0.0,0.0,1.0649914244007232e-15,-0.002125386287430844,-1.706369637143478e-13,0.0,0.0,0.5700896477084909,3.887218699062641e-11
2024-10-07,-0.0016495810627767653,2.5002159439683816e-13,0.0,0.0,3.215746398882755e-15,-0.0016495810627767653,2.468058479979554e-13,0.0,0.0,0.5691739759848778,3.912491451974019e-11
2024-10-08,0.001306829221196236,-2.6189388135681604e-05,2.8363905964701743e-05,2.200925496503508e-05,2.9926317697863836e-06,0.0012784653152315343,-5.1191274870503066e-05,0.14076894054243222,0.10923105962246245,0.7092310597782948,0.109231059597203
2024-10-09,-0.00019084538309899137,-0.00027877852655607666,0.0,0.0,2.989680130456461e-06,-0.00019084538309899137,-0.0002817682066865331,0.0,0.0,0.7096669331950781,0.10912332476166083
2024-10-10,-0.0004035737205978766,0.0005346907313753835,0.0,0.0,2.9987351412872522e-06,-0.0004035737205978766,0.0005316919962340962,0.0,0.0,0.7098115543987749,0.1094538326569847
2024-10-11,0.0010207442183530267,-0.002086707708532778,0.0,0.0,2.983703813166128e-06,0.0010207442183530267,-0.002089691412345944,0.0,0.0,0.7093171041939084,0.10890518918056366
2024-10-14,0.0004398683629810992,-0.0008033136369341131,0.0,0.0,9.132383698046009e-06,0.0004398683629810992,-0.0008124460206321592,0.0,0.0,0.7110979745968606,0.11111066832622644
2024-10-15,0.001579246197768858,-7.311633172883574e-05,0.0,0.0,3.067279291875313e-06,0.001579246197768858,-7.618361102071105e-05,0.0,0.0,0.7118030448710088,0.11195569415344893
2024-10-16,0.0007542261932074254,-0.001759199679309947,0.0,0.0,3.0646760790909834e-06,0.0007542261932074254,-0.001762264355389038,0.0,0.0,0.712311642089448,0.11186067688682089
2024-10-17,-0.0023466538418321805,0.00027058430602271567,0.0,0.0,3.1160143919999704e-06,-0.0023466538418321805,0.0002674682916307157,0.0,0.0,0.7137853911965893,0.11373452530799891
2024-10-18,0.0008425399447442539,0.00017859333380740238,0.0,0.0,3.115077948399878e-06,0.0008425399447442539,0.00017547825585900249,0.0,0.0,0.7129210324638906,0.11370034511659553
2024-10-21,-0.004092883864621993,0.0017076008735551708,0.0,0.0,9.321065926289094e-06,-0.004092883864621993,0.0016982798076288818,0.0,0.0,0.7130376870654862,0.11340630210318398
2024-10-22,6.34049718715519e-05,0.0011199127323421165,1.9431977472405897e-05,1.9541755225976047e-05,5.479452054307832e-06,4.3972994399146e-05,0.0010948915250618325,0.09252817207570557,0.09305089473153652,0.8000000002692242,0.1999999999822359
2024-10-23,-0.0020817425119018457,0.0025472759193035507,0.0,0.0,5.442571162504102e-06,-0.0020817425119018457,0.0025418333481410467,0.0,0.0,0.7991532779272535,0.19865384743139974
2024-10-24,0.0012328258821937587,-0.0007724145347412885,0.0,0.0,5.3703119498374565e-06,0.0012328258821937587,-0.000777784846691126,0.0,0.0,0.7967049787554402,0.1960163861690671
2024-10-25,-0.0013172489844428524,0.0003720930247421393,0.0,0.0,5.389021765840488e-06,-0.0013172489844428524,0.0003667040029762988,0.0,0.0,0.7975748753404683,0.1966992944531778
2024-10-28,0.0003026130890461595,-0.002116590639800356,0.0,0.0,1.6151835355224872e-05,0.0003026130890461595,-0.002132742475155581,0.0,0.0,0.7970152251784712,0.19651399682190263
2024-10-29,-0.0005325897250745039,-0.00022179315566028197,0.0,0.0,5.451911606702252e-06,-0.0005325897250745039,-0.00022724506726698422,0.0,0.0,0.7987797084850436,0.1989947736446322
2024-10-30,-0.00038863945555941157,0.00013488398262276677,0.0,0.0,5.462138454353068e-06,-0.00038863945555941157,0.0001294218441684137,0.0,0.0,0.7988541159112438,0.19936805358388696
2024-10-31,-0.001321745073011723,0.002098151445740913,0.0,0.0,5.4598582941999164e-06,-0.001321745073011723,0.002092691587446713,0.0,0.0,0.798672506435086,0.19928482773829698
2024-11-01,-0.001313169008936147,-0.00043287210794135377,0.0,0.0,5.398212959481451e-06,-0.001313169008936147,-0.00043827032090083525,0.0,0.0,0.7967365201189656,0.19703477302107297
2024-11-04,0.00234901238337003,-0.0010831938605469229,0.0,0.0,1.625869352315241e-05,0.00234901238337003,-0.0010994525540700753,0.0,0.0,0.79681893112476,0.19781410453168763
2024-11-05,0.0022141581113932687,-0.0025443315497848005,2.110586563917827e-05,2.9102735098089225e-05,5.4794520541837474e-06,0.0021930522457540903,-0.0025789137369370734,0.10224575000026505,0.14098597176888986,0.8000000002114215,0.19999999997770676
2024-11-06,-0.0026029515201749513,-0.005371927413075036,0.0,0.0,5.551301801467603e-06,-0.0026029515201749513,-0.005377478714876504,0.0,0.0,0.8025238213612352,0.2026225157535675
2024-11-07,0.004337395614414229,-0.0014814377964977722,0.0,0.0,5.744320040305977e-06,0.004337395614414229,-0.001487182116538078,0.0,0.0,0.8063559371420418,0.20966768147116815
2024-11-08,0.0026625643709108885,0.00018941429448273328,0.0,0.0,5.768466017491234e-06,0.0026625643709108885,0.00018364582846524204,0.0,0.0,0.8083892508022814,0.21054900963843004
2024-11-11,-0.0009703563749936693,-0.0011370516177542705,0.0,0.0,1.7240758930384395e-05,-0.0009703563749936693,-0.001154292376684655,0.0,0.0,0.8087499428371444,0.2097625669863435
2024-11-12,-0.0021986613318097977,0.0033343490544754653,0.0,0.0,5.79037425400855e-06,-0.0021986613318097977,0.0033285586802214565,0.0,0.0,0.8094994885399616,0.2113486602713121
2024-11-13,1.511382899728779e-05,0.0014104358657533408,0.0,0.0,5.692590182565935e-06,1.511382899728779e-05,0.001404743275570775,0.0,0.0,0.8063896896360453,0.20777954166365664
2024-11-14,-0.0009117968300410136,0.0010753128204350764,0.0,0.0,5.6459316878332685e-06,-0.0009117968300410136,0.001069666888747243,0.0,0.0,0.8052614472780899,0.20607650660591434
2024-11-15,-0.001632696124509174,0.001881139335144217,0.0,0.0,5.615584529956456e-06,-0.001632696124509174,0.0018755237506142607,0.0,0.0,0.8042226877651187,0.20496883534341065
2024-11-18,0.0019951533186626734,-0.001615999957057458,0.0,0.0,1.6688087069372417e-05,0.0019951533186626734,-0.0016326880441268304,0.0,0.0,0.8023951479316391,0.2030383926773644
2024-11-19,0.0015100942810767582,-0.0001225368903165678,2.4812898914023484e-05,1.7984988547235514e-05,3.2508738020418e-06,0.0014852813821627348,-0.00014377275266584511,0.11854371126255388,0.08592334562725683,0.7186568938387431,0.11865689377452567
2024-11-20,-0.00028327240991752386,-0.0005380711925325797,0.0,0.0,3.2498712467966346e-06,-0.00028327240991752386,-0.0005413210637793763,0.0,0.0,0.7192021721994615,0.11862030050807713
2024-11-21,0.000779950716677321,-0.0011213571267456948,0.0,0.0,3.267307123434924e-06,0.000779950716677321,-0.0011246244338691297,0.0,0.0,0.7195122048579152,0.11925671000537473
2024-11-22,0.0007752088635215273,-0.0008967354757364882,0.0,0.0,3.299166372433671e-06,0.0007752088635215273,-0.0009000346421089219,0.0,0.0,0.72054050694951,0.12041957259382897
2024-11-25,0.0036086057182909267,0.00012484954712132533,0.0,0.0,9.972448221591667e-06,0.0036086057182909267,0.00011487709889973366,0.0,0.0,0.7214057658494312,0.12133145336269861
2024-11-26,-1.3774203653826991e-05,0.0006033663730890201,0.0,0.0,3.308410063635484e-06,-1.3774203653826991e-05,0.0006000579630253847,0.0,0.0,0.7223248075583479,0.1207569673226952
2024-11-27,0.001546828926338261,-7.351660169895964e-05,0.0,0.0,3.2899506334458784e-06,0.001546828926338261,-7.680655233240552e-05,0.0,0.0,0.7218878022601406,0.12008319812077456
2024-11-29,0.0021217281442332983,-0.0004333933632834747,0.0,0.0,6.574265256814e-06,0.0021217281442332983,-0.0004399676285402887,0.0,0.0,0.7223727271152479,0.1199803409368555
2024-12-02,0.00034818556057169777,0.0005463885071950486,0.0,0.0,9.880402786260595e-06,0.00034818556057169777,0.000536508104408788,0.0,0.0,0.7232780747514976,0.12021156723283721
2024-12-03,-3.873790817419277e-05,0.00018930393836819417,0.0,0.0,3.275600144580948e-06,-3.873790817419277e-05,0.0001860283382236132,0.0,0.0,0.722986638613023,0.1195594052772046
2024-12-04,0.0009037127839259912,-0.0001791450320677773,3.6757495733672984e-05,1.4111600403853304e-05,1.3698630136131703e-06,0.0008669552881923182,-0.00019462649548524378,0.18064747819865992,0.06935252185768423,0.6500000000815136,0.04999999999688072
2024-12-05,0.0001522337685699245,0.0005849479819512384,0.0,0.0,1.3738474195065999e-06,0.0001522337685699245,0.0005835741345317318,0.0,0.0,0.6504663855857222,0.050145430811990896
2024-12-06,0.0011318225853368012,-0.00017680900432220638,0.0,0.0,1.3568230862483744e-06,0.0011318225853368012,-0.00017816582740845475,0.0,0.0,0.6501402410268203,0.04952404264806567
2024-12-09,-0.0028513887494817387,0.0002493794652559378,0.0,0.0,4.081109527994498e-06,-0.0028513887494817387,0.0002452983557279433,0.0,0.0,0.6506515653498046,0.0496534992572664
2024-12-10,0.0018350988589239579,0.0002146119486286335,0.0,0.0,1.3570741865494096e-06,0.0018350988589239579,0.00021325487444208408,0.0,0.0,0.6494928135826126,0.049533207809053445
2024-12-11,0.0009763062196861838,-0.00022248993021376377,0.0,0.0,1.3484323407156298e-06,0.0009763062196861838,-0.0002238383625544794,0.0,0.0,0.6499964897051743,0.049217780436120497
2024-12-12,-0.0005524276410304006,0.0006420333888473324,0.0,0.0,1.353509482861858e-06,-0.0005524276410304006,0.0006406798793644706,0.0,0.0,0.6504833281288434,0.04940309612445782
2024-12-13,-0.0023626375553430215,0.00033448231814186093,0.0,0.0,1.3358016395183692e-06,-0.0023626375553430215,0.00033314651650234256,0.0,0.0,0.649873547692595,0.04875675984242048
2024-12-16,0.00024001927033902716,-0.00028520295014254155,0.0,0.0,3.9880068453290155e-06,0.00024001927033902716,-0.00028919095698787055,0.0,0.0,0.6488277001404386,0.04852074995150302
2024-12-17,-0.0012855156340551642,0.0005587722488965201,0.0,0.0,1.3372151476898561e-06,-0.0012855156340551642,0.0005574350337488302,0.0,0.0,0.649099636734719,0.048808352890679745
2024-12-18,-0.005867244846578312,0.0021376782699565294,5.106397835402857e-05,1.1172485536377946e-15,1.3228694744042665e-06,-0.005918308824932341,0.002136355400481008,0.25000000006206535,5.469846797723221e-12,0.6482847359111147,0.04828473581575573
2024-12-19,-0.0007601568873485306,0.00020555609463113512,0.0,0.0,1.2691026335110393e-06,-0.0007601568873485306,0.00020428699199762407,0.0,0.0,0.6448563075852876,0.04632224612315294
2024-12-20,0.001625629321105155,-0.0004323343392142388,0.0,0.0,1.264173675774387e-06,0.001625629321105155,-0.0004335985128900132,0.0,0.0,0.6444543834886475,0.04614233916576513
2024-12-23,0.00034694187343416714,0.00010690386890726548,0.0,0.0,3.823497629604021e-06,0.00034694187343416714,0.00010308037127766146,0.0,0.0,0.6453107824761676,0.046519221160182256
2024-12-24,0.0027685170259772775,-0.00041486200531329337,0.0,0.0,1.2709983592126219e-06,0.0027685170259772775,-0.000416133003672506,0.0,0.0,0.6453672947109723,0.0463914401112607
2024-12-26,0.00026919096897305933,-0.0004786866104617795,0.0,0.0,2.558709815013393e-06,0.00026919096897305933,-0.0004812453202767929,0.0,0.0,0.6466147255878897,0.046696454123994424
2024-12-27,-0.002313236806499072,0.0006878728514251197,0.0,0.0,1.2927437410986043e-06,-0.002313236806499072,0.0006865801076840211,0.0,0.0,0.6470211202007867,0.047185146550099054
2024-12-30,-0.0023174495545927247,0.000358110494199594,0.0,0.0,3.827920441086155e-06,-0.0023174495545927247,0.0003542825737585078,0.0,0.0,0.6457583104758386,0.04657303203321489
2024-12-31,0.00032007455893329147,-5.876044776804932e-05,0.0,0.0,1.2686528112548225e-06,0.00032007455893329147,-6.0029100579304146e-05,0.0,0.0,0.6447065274883392,0.04630582761080102
