,long_gross_return,short_gross_return,long_transaction_cost,short_transaction_cost,short_borrow_cost,long_net_return,short_net_return,long_turnover,short_turnover,long_gross_exposure,short_gross_exposure
2007-01-03,0.0,0.0,0.0,0.0,0.0,0.0,0.0,0.0,0.0,0.0,0.0
2007-01-04,0.0,0.0,0.0,0.0,0.0,0.0,0.0,0.0,0.0,0.0,0.0
2007-01-05,0.0,0.0,0.0,0.0,0.0,0.0,0.0,0.0,0.0,0.0,0.0
2007-01-08,0.0,0.0,0.0,0.0,0.0,0.0,0.0,0.0,0.0,0.0,0.0
2007-01-09,0.0,0.0,0.0,0.0,0.0,0.0,0.0,0.0,0.0,0.0,0.0
2007-01-10,0.0,0.0,0.0,0.0,0.0,0.0,0.0,0.0,0.0,0.0,0.0
2007-01-11,0.0,0.0,0.0,0.0,0.0,0.0,0.0,0.0,0.0,0.0,0.0
2007-01-12,0.0,0.0,0.0,0.0,0.0,0.0,0.0,0.0,0.0,0.0,0.0
2007-01-16,0.0,0.0,0.0,0.0,0.0,0.0,0.0,0.0,0.0,0.0,0.0
2007-01-17,0.0,0.0,0.0,0.0,0.0,0.0,0.0,0.0,0.0,0.0,0.0
2007-01-18,0.0,0.0,0.0,0.0,0.0,0.0,0.0,0.0,0.0,0.0,0.0
2007-01-19,0.0,0.0,0.0,0.0,0.0,0.0,0.0,0.0,0.0,0.0,0.0
2007-01-22,0.0,0.0,0.0,0.0,0.0,0.0,0.0,0.0,0.0,0.0,0.0
2007-01-23,0.0,0.0,0.0,0.0,0.0,0.0,0.0,0.0,0.0,0.0,0.0
2007-01-24,0.0,0.0,0.0,0.0,0.0,0.0,0.0,0.0,0.0,0.0,0.0
2007-01-25,0.0,0.0,0.0,0.0,0.0,0.0,0.0,0.0,0.0,0.0,0.0
2007-01-26,0.0,0.0,0.0,0.0,0.0,0.0,0.0,0.0,0.0,0.0,0.0
2007-01-29,0.0,0.0,0.0,0.0,0.0,0.0,0.0,0.0,0.0,0.0,0.0
2007-01-30,0.0,0.0,0.0,0.0,0.0,0.0,0.0,0.0,0.0,0.0,0.0
2007-01-31,0.0,0.0,0.0,0.0,0.0,0.0,0.0,0.0,0.0,0.0,0.0
2007-02-01,0.0,0.0,0.0,0.0,0.0,0.0,0.0,0.0,0.0,0.0,0.0
2007-02-02,0.0,0.0,0.0,0.0,0.0,0.0,0.0,0.0,0.0,0.0,0.0
2007-02-05,0.0,0.0,0.0,0.0,0.0,0.0,0.0,0.0,0.0,0.0,0.0
2007-02-06,0.0,0.0,0.0,0.0,0.0,0.0,0.0,0.0,0.0,0.0,0.0
2007-02-07,0.0,0.0,0.0,0.0,0.0,0.0,0.0,0.0,0.0,0.0,0.0
2007-02-08,0.0,0.0,0.0,0.0,0.0,0.0,0.0,0.0,0.0,0.0,0.0
2007-02-09,0.0,0.0,0.0,0.0,0.0,0.0,0.0,0.0,0.0,0.0,0.0
2007-02-12,0.0,0.0,0.0,0.0,0.0,0.0,0.0,0.0,0.0,0.0,0.0
2007-02-13,0.0,0.0,0.0,0.0,0.0,0.0,0.0,0.0,0.0,0.0,0.0
2007-02-14,0.0,0.0,0.0,0.0,0.0,0.0,0.0,0.0,0.0,0.0,0.0
2007-02-15,0.0,0.0,0.0,0.0,0.0,0.0,0.0,0.0,0.0,0.0,0.0
2007-02-16,0.0,0.0,0.0,0.0,0.0,0.0,0.0,0.0,0.0,0.0,0.0
2007-02-20,0.0,0.0,0.0,0.0,0.0,0.0,0.0,0.0,0.0,0.0,0.0
2007-02-21,0.0,0.0,0.0,0.0,0.0,0.0,0.0,0.0,0.0,0.0,0.0
2007-02-22,0.0,0.0,0.0,0.0,0.0,0.0,0.0,0.0,0.0,0.0,0.0
2007-02-23,0.0,0.0,0.0,0.0,0.0,0.0,0.0,0.0,0.0,0.0,0.0
2007-02-26,0.0,0.0,0.0,0.0,0.0,0.0,0.0,0.0,0.0,0.0,0.0
2007-02-27,0.0,0.0,0.0,0.0,0.0,0.0,0.0,0.0,0.0,0.0,0.0
2007-02-28,0.0,0.0,0.0,0.0,0.0,0.0,0.0,0.0,0.0,0.0,0.0
2007-03-01,0.0,0.0,0.0,0.0,0.0,0.0,0.0,0.0,0.0,0.0,0.0
2007-03-02,0.0,0.0,0.0,0.0,0.0,0.0,0.0,0.0,0.0,0.0,0.0
2007-03-05,0.0,0.0,0.0,0.0,0.0,0.0,0.0,0.0,0.0,0.0,0.0
2007-03-06,0.0,0.0,0.0,0.0,0.0,0.0,0.0,0.0,0.0,0.0,0.0
2007-03-07,0.0,0.0,0.0,0.0,0.0,0.0,0.0,0.0,0.0,0.0,0.0
2007-03-08,0.0,0.0,0.0,0.0,0.0,0.0,0.0,0.0,0.0,0.0,0.0
2007-03-09,0.0,0.0,0.0,0.0,0.0,0.0,0.0,0.0,0.0,0.0,0.0
2007-03-12,0.0,0.0,0.0,0.0,0.0,0.0,0.0,0.0,0.0,0.0,0.0
2007-03-13,0.0,0.0,0.0,0.0,0.0,0.0,0.0,0.0,0.0,0.0,0.0
2007-03-14,0.0,0.0,0.0,0.0,0.0,0.0,0.0,0.0,0.0,0.0,0.0
2007-03-15,0.0,0.0,0.0,0.0,0.0,0.0,0.0,0.0,0.0,0.0,0.0
2007-03-16,0.0,0.0,0.0,0.0,0.0,0.0,0.0,0.0,0.0,0.0,0.0
2007-03-19,0.0,0.0,0.0,0.0,0.0,0.0,0.0,0.0,0.0,0.0,0.0
2007-03-20,0.0,0.0,0.0,0.0,0.0,0.0,0.0,0.0,0.0,0.0,0.0
2007-03-21,0.0,0.0,0.0,0.0,0.0,0.0,0.0,0.0,0.0,0.0,0.0
2007-03-22,0.0,0.0,0.0,0.0,0.0,0.0,0.0,0.0,0.0,0.0,0.0
2007-03-23,0.0,0.0,0.0,0.0,0.0,0.0,0.0,0.0,0.0,0.0,0.0
2007-03-26,0.0,0.0,0.0,0.0,0.0,0.0,0.0,0.0,0.0,0.0,0.0
2007-03-27,0.0,0.0,0.0,0.0,0.0,0.0,0.0,0.0,0.0,0.0,0.0
2007-03-28,0.0,0.0,0.0,0.0,0.0,0.0,0.0,0.0,0.0,0.0,0.0
2007-03-29,0.0,0.0,0.0,0.0,0.0,0.0,0.0,0.0,0.0,0.0,0.0
2007-03-30,0.0,0.0,0.0,0.0,0.0,0.0,0.0,0.0,0.0,0.0,0.0
2007-04-02,0.0,0.0,0.0,0.0,0.0,0.0,0.0,0.0,0.0,0.0,0.0
2007-04-03,0.0,0.0,0.0,0.0,0.0,0.0,0.0,0.0,0.0,0.0,0.0
2007-04-04,0.0,0.0,0.0,0.0,0.0,0.0,0.0,0.0,0.0,0.0,0.0
2007-04-05,0.0,0.0,0.0,0.0,0.0,0.0,0.0,0.0,0.0,0.0,0.0
2007-04-09,0.0,0.0,0.0,0.0,0.0,0.0,0.0,0.0,0.0,0.0,0.0
2007-04-10,0.0,0.0,0.0,0.0,0.0,0.0,0.0,0.0,0.0,0.0,0.0
2007-04-11,0.0,0.0,0.0,0.0,0.0,0.0,0.0,0.0,0.0,0.0,0.0
2007-04-12,0.0,0.0,0.0,0.0,0.0,0.0,0.0,0.0,0.0,0.0,0.0
2007-04-13,0.0,0.0,0.0,0.0,0.0,0.0,0.0,0.0,0.0,0.0,0.0
2007-04-16,0.0,0.0,0.0,0.0,0.0,0.0,0.0,0.0,0.0,0.0,0.0
2007-04-17,0.0,0.0,0.0,0.0,0.0,0.0,0.0,0.0,0.0,0.0,0.0
2007-04-18,0.0,0.0,0.0,0.0,0.0,0.0,0.0,0.0,0.0,0.0,0.0
2007-04-19,0.0,0.0,0.0,0.0,0.0,0.0,0.0,0.0,0.0,0.0,0.0
2007-04-20,0.0,0.0,0.0,0.0,0.0,0.0,0.0,0.0,0.0,0.0,0.0
2007-04-23,0.0,0.0,0.0,0.0,0.0,0.0,0.0,0.0,0.0,0.0,0.0
2007-04-24,0.0,0.0,0.0,0.0,0.0,0.0,0.0,0.0,0.0,0.0,0.0
2007-04-25,0.0,0.0,0.0,0.0,0.0,0.0,0.0,0.0,0.0,0.0,0.0
2007-04-26,0.0,0.0,0.0,0.0,0.0,0.0,0.0,0.0,0.0,0.0,0.0
2007-04-27,0.0,0.0,0.0,0.0,0.0,0.0,0.0,0.0,0.0,0.0,0.0
2007-04-30,0.0,0.0,0.0,0.0,0.0,0.0,0.0,0.0,0.0,0.0,0.0
2007-05-01,0.0,0.0,0.0,0.0,0.0,0.0,0.0,0.0,0.0,0.0,0.0
2007-05-02,0.0,0.0,0.0,0.0,0.0,0.0,0.0,0.0,0.0,0.0,0.0
2007-05-03,0.0,0.0,0.0,0.0,0.0,0.0,0.0,0.0,0.0,0.0,0.0
2007-05-04,0.0,0.0,0.0,0.0,0.0,0.0,0.0,0.0,0.0,0.0,0.0
2007-05-07,0.0,0.0,0.0,0.0,0.0,0.0,0.0,0.0,0.0,0.0,0.0
2007-05-08,0.0,0.0,0.0,0.0,0.0,0.0,0.0,0.0,0.0,0.0,0.0
2007-05-09,0.0,0.0,0.0,0.0,0.0,0.0,0.0,0.0,0.0,0.0,0.0
2007-05-10,0.0,0.0,0.0,0.0,0.0,0.0,0.0,0.0,0.0,0.0,0.0
2007-05-11,0.0,0.0,0.0,0.0,0.0,0.0,0.0,0.0,0.0,0.0,0.0
2007-05-14,0.0,0.0,0.0,0.0,0.0,0.0,0.0,0.0,0.0,0.0,0.0
2007-05-15,0.0,0.0,0.0,0.0,0.0,0.0,0.0,0.0,0.0,0.0,0.0
2007-05-16,0.0,0.0,0.0,0.0,0.0,0.0,0.0,0.0,0.0,0.0,0.0
2007-05-17,0.0,0.0,0.0,0.0,0.0,0.0,0.0,0.0,0.0,0.0,0.0
2007-05-18,0.0,0.0,0.0,0.0,0.0,0.0,0.0,0.0,0.0,0.0,0.0
2007-05-21,0.0,0.0,0.0,0.0,0.0,0.0,0.0,0.0,0.0,0.0,0.0
2007-05-22,0.0,0.0,0.0,0.0,0.0,0.0,0.0,0.0,0.0,0.0,0.0
2007-05-23,0.0,0.0,0.0,0.0,0.0,0.0,0.0,0.0,0.0,0.0,0.0
2007-05-24,0.0,0.0,0.0,0.0,0.0,0.0,0.0,0.0,0.0,0.0,0.0
2007-05-25,0.0,0.0,0.0,0.0,0.0,0.0,0.0,0.0,0.0,0.0,0.0
2007-05-29,0.0,0.0,0.0,0.0,0.0,0.0,0.0,0.0,0.0,0.0,0.0
2007-05-30,0.0,0.0,0.0,0.0,0.0,0.0,0.0,0.0,0.0,0.0,0.0
2007-05-31,0.0,0.0,0.0,0.0,0.0,0.0,0.0,0.0,0.0,0.0,0.0
2007-06-01,0.0,0.0,0.0,0.0,0.0,0.0,0.0,0.0,0.0,0.0,0.0
2007-06-04,0.0,0.0,0.0,0.0,0.0,0.0,0.0,0.0,0.0,0.0,0.0
2007-06-05,0.0,0.0,0.0,0.0,0.0,0.0,0.0,0.0,0.0,0.0,0.0
2007-06-06,0.0,0.0,0.0,0.0,0.0,0.0,0.0,0.0,0.0,0.0,0.0
2007-06-07,0.0,0.0,0.0,0.0,0.0,0.0,0.0,0.0,0.0,0.0,0.0
2007-06-08,0.0,0.0,0.0,0.0,0.0,0.0,0.0,0.0,0.0,0.0,0.0
2007-06-11,0.0,0.0,0.0,0.0,0.0,0.0,0.0,0.0,0.0,0.0,0.0
2007-06-12,0.0,0.0,0.0,0.0,0.0,0.0,0.0,0.0,0.0,0.0,0.0
2007-06-13,0.0,0.0,0.0,0.0,0.0,0.0,0.0,0.0,0.0,0.0,0.0
2007-06-14,0.0,0.0,0.0,0.0,0.0,0.0,0.0,0.0,0.0,0.0,0.0
2007-06-15,0.0,0.0,0.0,0.0,0.0,0.0,0.0,0.0,0.0,0.0,0.0
2007-06-18,0.0,0.0,0.0,0.0,0.0,0.0,0.0,0.0,0.0,0.0,0.0
2007-06-19,0.0,0.0,0.0,0.0,0.0,0.0,0.0,0.0,0.0,0.0,0.0
2007-06-20,0.0,0.0,0.0,0.0,0.0,0.0,0.0,0.0,0.0,0.0,0.0
2007-06-21,0.0,0.0,0.0,0.0,0.0,0.0,0.0,0.0,0.0,0.0,0.0
2007-06-22,0.0,0.0,0.0,0.0,0.0,0.0,0.0,0.0,0.0,0.0,0.0
2007-06-25,0.0,0.0,0.0,0.0,0.0,0.0,0.0,0.0,0.0,0.0,0.0
2007-06-26,0.0,0.0,0.0,0.0,0.0,0.0,0.0,0.0,0.0,0.0,0.0
2007-06-27,0.0,0.0,0.0,0.0,0.0,0.0,0.0,0.0,0.0,0.0,0.0
2007-06-28,0.0,0.0,0.0,0.0,0.0,0.0,0.0,0.0,0.0,0.0,0.0
2007-06-29,0.0,0.0,0.0,0.0,0.0,0.0,0.0,0.0,0.0,0.0,0.0
2007-07-02,0.0,0.0,0.0,0.0,0.0,0.0,0.0,0.0,0.0,0.0,0.0
2007-07-03,0.0,0.0,0.0,0.0,0.0,0.0,0.0,0.0,0.0,0.0,0.0
2007-07-05,0.0,0.0,0.0,0.0,0.0,0.0,0.0,0.0,0.0,0.0,0.0
2007-07-06,0.0,0.0,0.0,0.0,0.0,0.0,0.0,0.0,0.0,0.0,0.0
2007-07-09,0.0,0.0,0.0,0.0,0.0,0.0,0.0,0.0,0.0,0.0,0.0
2007-07-10,0.0,0.0,0.0,0.0,0.0,0.0,0.0,0.0,0.0,0.0,0.0
2007-07-11,0.0,0.0,0.0,0.0,0.0,0.0,0.0,0.0,0.0,0.0,0.0
2007-07-12,0.0,0.0,0.0,0.0,0.0,0.0,0.0,0.0,0.0,0.0,0.0
2007-07-13,0.0,0.0,0.0,0.0,0.0,0.0,0.0,0.0,0.0,0.0,0.0
2007-07-16,0.0,0.0,0.0,0.0,0.0,0.0,0.0,0.0,0.0,0.0,0.0
2007-07-17,0.0,0.0,0.0,0.0,0.0,0.0,0.0,0.0,0.0,0.0,0.0
2007-07-18,0.0,0.0,0.0,0.0,0.0,0.0,0.0,0.0,0.0,0.0,0.0
2007-07-19,0.0,0.0,0.0,0.0,0.0,0.0,0.0,0.0,0.0,0.0,0.0
2007-07-20,0.0,0.0,0.0,0.0,0.0,0.0,0.0,0.0,0.0,0.0,0.0
2007-07-23,0.0,0.0,0.0,0.0,0.0,0.0,0.0,0.0,0.0,0.0,0.0
2007-07-24,0.0,0.0,0.0,0.0,0.0,0.0,0.0,0.0,0.0,0.0,0.0
2007-07-25,0.0,0.0,0.0,0.0,0.0,0.0,0.0,0.0,0.0,0.0,0.0
2007-07-26,0.0,0.0,0.0,0.0,0.0,0.0,0.0,0.0,0.0,0.0,0.0
2007-07-27,0.0,0.0,0.0,0.0,0.0,0.0,0.0,0.0,0.0,0.0,0.0
2007-07-30,0.0,0.0,0.0,0.0,0.0,0.0,0.0,0.0,0.0,0.0,0.0
2007-07-31,0.0,0.0,0.0,0.0,0.0,0.0,0.0,0.0,0.0,0.0,0.0
2007-08-01,0.0,0.0,0.0,0.0,0.0,0.0,0.0,0.0,0.0,0.0,0.0
2007-08-02,0.0,0.0,0.0,0.0,0.0,0.0,0.0,0.0,0.0,0.0,0.0
2007-08-03,0.0,0.0,0.0,0.0,0.0,0.0,0.0,0.0,0.0,0.0,0.0
2007-08-06,0.0,0.0,0.0,0.0,0.0,0.0,0.0,0.0,0.0,0.0,0.0
2007-08-07,0.0,0.0,0.0,0.0,0.0,0.0,0.0,0.0,0.0,0.0,0.0
2007-08-08,0.0,0.0,0.0,0.0,0.0,0.0,0.0,0.0,0.0,0.0,0.0
2007-08-09,0.0,0.0,0.0,0.0,0.0,0.0,0.0,0.0,0.0,0.0,0.0
2007-08-10,0.0,0.0,0.0,0.0,0.0,0.0,0.0,0.0,0.0,0.0,0.0
2007-08-13,0.0,0.0,0.0,0.0,0.0,0.0,0.0,0.0,0.0,0.0,0.0
2007-08-14,0.0,0.0,0.0,0.0,0.0,0.0,0.0,0.0,0.0,0.0,0.0
2007-08-15,0.0,0.0,0.0,0.0,0.0,0.0,0.0,0.0,0.0,0.0,0.0
2007-08-16,0.0,0.0,0.0,0.0,0.0,0.0,0.0,0.0,0.0,0.0,0.0
2007-08-17,0.0,0.0,0.0,0.0,0.0,0.0,0.0,0.0,0.0,0.0,0.0
2007-08-20,0.0,0.0,0.0,0.0,0.0,0.0,0.0,0.0,0.0,0.0,0.0
2007-08-21,0.0,0.0,0.0,0.0,0.0,0.0,0.0,0.0,0.0,0.0,0.0
2007-08-22,0.0,0.0,0.0,0.0,0.0,0.0,0.0,0.0,0.0,0.0,0.0
2007-08-23,0.0,0.0,0.0,0.0,0.0,0.0,0.0,0.0,0.0,0.0,0.0
2007-08-24,0.0,0.0,0.0,0.0,0.0,0.0,0.0,0.0,0.0,0.0,0.0
2007-08-27,0.0,0.0,0.0,0.0,0.0,0.0,0.0,0.0,0.0,0.0,0.0
2007-08-28,0.0,0.0,0.0,0.0,0.0,0.0,0.0,0.0,0.0,0.0,0.0
2007-08-29,0.0,0.0,0.0,0.0,0.0,0.0,0.0,0.0,0.0,0.0,0.0
2007-08-30,0.0,0.0,0.0,0.0,0.0,0.0,0.0,0.0,0.0,0.0,0.0
2007-08-31,0.0,0.0,0.0,0.0,0.0,0.0,0.0,0.0,0.0,0.0,0.0
2007-09-04,0.0,0.0,0.0,0.0,0.0,0.0,0.0,0.0,0.0,0.0,0.0
2007-09-05,0.0,0.0,0.0,0.0,0.0,0.0,0.0,0.0,0.0,0.0,0.0
2007-09-06,0.0,0.0,0.0,0.0,0.0,0.0,0.0,0.0,0.0,0.0,0.0
2007-09-07,0.0,0.0,0.0,0.0,0.0,0.0,0.0,0.0,0.0,0.0,0.0
2007-09-10,0.0,0.0,0.0,0.0,0.0,0.0,0.0,0.0,0.0,0.0,0.0
2007-09-11,0.0,0.0,0.0,0.0,0.0,0.0,0.0,0.0,0.0,0.0,0.0
2007-09-12,0.0,0.0,0.0,0.0,0.0,0.0,0.0,0.0,0.0,0.0,0.0
2007-09-13,0.0,0.0,0.0,0.0,0.0,0.0,0.0,0.0,0.0,0.0,0.0
2007-09-14,0.0,0.0,0.0,0.0,0.0,0.0,0.0,0.0,0.0,0.0,0.0
2007-09-17,0.0,0.0,0.0,0.0,0.0,0.0,0.0,0.0,0.0,0.0,0.0
2007-09-18,0.0,0.0,0.0,0.0,0.0,0.0,0.0,0.0,0.0,0.0,0.0
2007-09-19,0.0,0.0,0.0,0.0,0.0,0.0,0.0,0.0,0.0,0.0,0.0
2007-09-20,0.0,0.0,0.0,0.0,0.0,0.0,0.0,0.0,0.0,0.0,0.0
2007-09-21,0.0,0.0,0.0,0.0,0.0,0.0,0.0,0.0,0.0,0.0,0.0
2007-09-24,0.0,0.0,0.0,0.0,0.0,0.0,0.0,0.0,0.0,0.0,0.0
2007-09-25,0.0,0.0,0.0,0.0,0.0,0.0,0.0,0.0,0.0,0.0,0.0
2007-09-26,0.0,0.0,0.0,0.0,0.0,0.0,0.0,0.0,0.0,0.0,0.0
2007-09-27,0.0,0.0,0.0,0.0,0.0,0.0,0.0,0.0,0.0,0.0,0.0
2007-09-28,0.0,0.0,0.0,0.0,0.0,0.0,0.0,0.0,0.0,0.0,0.0
2007-10-01,0.0,0.0,0.0,0.0,0.0,0.0,0.0,0.0,0.0,0.0,0.0
2007-10-02,0.0,0.0,0.0,0.0,0.0,0.0,0.0,0.0,0.0,0.0,0.0
2007-10-03,0.0,0.0,0.0,0.0,0.0,0.0,0.0,0.0,0.0,0.0,0.0
2007-10-04,0.0,0.0,0.0,0.0,0.0,0.0,0.0,0.0,0.0,0.0,0.0
2007-10-05,0.0,0.0,0.0,0.0,0.0,0.0,0.0,0.0,0.0,0.0,0.0
2007-10-08,0.0,0.0,0.0,0.0,0.0,0.0,0.0,0.0,0.0,0.0,0.0
2007-10-09,0.0,0.0,0.0,0.0,0.0,0.0,0.0,0.0,0.0,0.0,0.0
2007-10-10,0.0,0.0,0.0,0.0,0.0,0.0,0.0,0.0,0.0,0.0,0.0
2007-10-11,0.0,0.0,0.0,0.0,0.0,0.0,0.0,0.0,0.0,0.0,0.0
2007-10-12,0.0,0.0,0.0,0.0,0.0,0.0,0.0,0.0,0.0,0.0,0.0
2007-10-15,0.0,0.0,0.0,0.0,0.0,0.0,0.0,0.0,0.0,0.0,0.0
2007-10-16,0.0,0.0,0.0,0.0,0.0,0.0,0.0,0.0,0.0,0.0,0.0
2007-10-17,0.0,0.0,0.0,0.0,0.0,0.0,0.0,0.0,0.0,0.0,0.0
2007-10-18,0.0,0.0,0.0,0.0,0.0,0.0,0.0,0.0,0.0,0.0,0.0
2007-10-19,0.0,0.0,0.0,0.0,0.0,0.0,0.0,0.0,0.0,0.0,0.0
2007-10-22,0.0,0.0,0.0,0.0,0.0,0.0,0.0,0.0,0.0,0.0,0.0
2007-10-23,0.0,0.0,0.0,0.0,0.0,0.0,0.0,0.0,0.0,0.0,0.0
2007-10-24,0.0,0.0,0.0,0.0,0.0,0.0,0.0,0.0,0.0,0.0,0.0
2007-10-25,0.0,0.0,0.0,0.0,0.0,0.0,0.0,0.0,0.0,0.0,0.0
2007-10-26,0.0,0.0,0.0,0.0,0.0,0.0,0.0,0.0,0.0,0.0,0.0
2007-10-29,0.0,0.0,0.0,0.0,0.0,0.0,0.0,0.0,0.0,0.0,0.0
2007-10-30,0.0,0.0,0.0,0.0,0.0,0.0,0.0,0.0,0.0,0.0,0.0
2007-10-31,0.0,0.0,0.0,0.0,0.0,0.0,0.0,0.0,0.0,0.0,0.0
2007-11-01,0.0,0.0,0.0,0.0,0.0,0.0,0.0,0.0,0.0,0.0,0.0
2007-11-02,0.0,0.0,0.0,0.0,0.0,0.0,0.0,0.0,0.0,0.0,0.0
2007-11-05,0.0,0.0,0.0,0.0,0.0,0.0,0.0,0.0,0.0,0.0,0.0
2007-11-06,0.0,0.0,0.0,0.0,0.0,0.0,0.0,0.0,0.0,0.0,0.0
2007-11-07,0.0,0.0,0.0,0.0,0.0,0.0,0.0,0.0,0.0,0.0,0.0
2007-11-08,0.0,0.0,0.0,0.0,0.0,0.0,0.0,0.0,0.0,0.0,0.0
2007-11-09,0.0,0.0,0.0,0.0,0.0,0.0,0.0,0.0,0.0,0.0,0.0
2007-11-12,0.0,0.0,0.0,0.0,0.0,0.0,0.0,0.0,0.0,0.0,0.0
2007-11-13,0.0,0.0,0.0,0.0,0.0,0.0,0.0,0.0,0.0,0.0,0.0
2007-11-14,0.0,0.0,0.0,0.0,0.0,0.0,0.0,0.0,0.0,0.0,0.0
2007-11-15,0.0,0.0,0.0,0.0,0.0,0.0,0.0,0.0,0.0,0.0,0.0
2007-11-16,0.0,0.0,0.0,0.0,0.0,0.0,0.0,0.0,0.0,0.0,0.0
2007-11-19,0.0,0.0,0.0,0.0,0.0,0.0,0.0,0.0,0.0,0.0,0.0
2007-11-20,0.0,0.0,0.0,0.0,0.0,0.0,0.0,0.0,0.0,0.0,0.0
2007-11-21,0.0,0.0,0.0,0.0,0.0,0.0,0.0,0.0,0.0,0.0,0.0
2007-11-23,0.0,0.0,0.0,0.0,0.0,0.0,0.0,0.0,0.0,0.0,0.0
2007-11-26,0.0,0.0,0.0,0.0,0.0,0.0,0.0,0.0,0.0,0.0,0.0
2007-11-27,0.0,0.0,0.0,0.0,0.0,0.0,0.0,0.0,0.0,0.0,0.0
2007-11-28,0.0,0.0,0.0,0.0,0.0,0.0,0.0,0.0,0.0,0.0,0.0
2007-11-29,0.0,0.0,0.0,0.0,0.0,0.0,0.0,0.0,0.0,0.0,0.0
2007-11-30,0.0,0.0,0.0,0.0,0.0,0.0,0.0,0.0,0.0,0.0,0.0
2007-12-03,0.0,0.0,0.0,0.0,0.0,0.0,0.0,0.0,0.0,0.0,0.0
2007-12-04,0.0,0.0,0.0,0.0,0.0,0.0,0.0,0.0,0.0,0.0,0.0
2007-12-05,0.0,0.0,0.0,0.0,0.0,0.0,0.0,0.0,0.0,0.0,0.0
2007-12-06,0.0,0.0,0.0,0.0,0.0,0.0,0.0,0.0,0.0,0.0,0.0
2007-12-07,0.0,0.0,0.0,0.0,0.0,0.0,0.0,0.0,0.0,0.0,0.0
2007-12-10,0.0,0.0,0.0,0.0,0.0,0.0,0.0,0.0,0.0,0.0,0.0
2007-12-11,0.0,0.0,0.0,0.0,0.0,0.0,0.0,0.0,0.0,0.0,0.0
2007-12-12,0.0,0.0,0.0,0.0,0.0,0.0,0.0,0.0,0.0,0.0,0.0
2007-12-13,0.0,0.0,0.0,0.0,0.0,0.0,0.0,0.0,0.0,0.0,0.0
2007-12-14,0.0,0.0,0.0,0.0,0.0,0.0,0.0,0.0,0.0,0.0,0.0
2007-12-17,0.0,0.0,0.0,0.0,0.0,0.0,0.0,0.0,0.0,0.0,0.0
2007-12-18,0.0,0.0,0.0,0.0,0.0,0.0,0.0,0.0,0.0,0.0,0.0
2007-12-19,0.0,0.0,0.0,0.0,0.0,0.0,0.0,0.0,0.0,0.0,0.0
2007-12-20,0.0,0.0,0.0,0.0,0.0,0.0,0.0,0.0,0.0,0.0,0.0
2007-12-21,0.0,0.0,0.0,0.0,0.0,0.0,0.0,0.0,0.0,0.0,0.0
2007-12-24,0.0,0.0,0.0,0.0,0.0,0.0,0.0,0.0,0.0,0.0,0.0
2007-12-26,0.0,0.0,0.0,0.0,0.0,0.0,0.0,0.0,0.0,0.0,0.0
2007-12-27,0.0,0.0,0.0,0.0,0.0,0.0,0.0,0.0,0.0,0.0,0.0
2007-12-28,0.0,0.0,0.0,0.0,0.0,0.0,0.0,0.0,0.0,0.0,0.0
2007-12-31,0.0,0.0,0.0,0.0,0.0,0.0,0.0,0.0,0.0,0.0,0.0
2008-01-02,0.0,0.0,0.0,0.0,0.0,0.0,0.0,0.0,0.0,0.0,0.0
2008-01-03,0.0,0.0,0.0,0.0,0.0,0.0,0.0,0.0,0.0,0.0,0.0
2008-01-04,0.0,0.0,0.0,0.0,0.0,0.0,0.0,0.0,0.0,0.0,0.0
2008-01-07,0.0,0.0,0.0,0.0,0.0,0.0,0.0,0.0,0.0,0.0,0.0
2008-01-08,0.0,0.0,0.0,0.0,0.0,0.0,0.0,0.0,0.0,0.0,0.0
2008-01-09,0.0,0.0,0.0,0.0,0.0,0.0,0.0,0.0,0.0,0.0,0.0
2008-01-10,0.0,0.0,0.0,0.0,0.0,0.0,0.0,0.0,0.0,0.0,0.0
2008-01-11,0.0,0.0,0.0,0.0,0.0,0.0,0.0,0.0,0.0,0.0,0.0
2008-01-14,0.0,0.0,0.0,0.0,0.0,0.0,0.0,0.0,0.0,0.0,0.0
2008-01-15,0.0,0.0,0.0,0.0,0.0,0.0,0.0,0.0,0.0,0.0,0.0
2008-01-16,0.0,0.0,0.0,0.0,0.0,0.0,0.0,0.0,0.0,0.0,0.0
2008-01-17,0.0,0.0,0.0,0.0,0.0,0.0,0.0,0.0,0.0,0.0,0.0
2008-01-18,0.0,0.0,0.0,0.0,0.0,0.0,0.0,0.0,0.0,0.0,0.0
2008-01-22,0.0,0.0,0.0,0.0,0.0,0.0,0.0,0.0,0.0,0.0,0.0
2008-01-23,0.0,0.0,0.0,0.0,0.0,0.0,0.0,0.0,0.0,0.0,0.0
2008-01-24,0.0,0.0,0.0,0.0,0.0,0.0,0.0,0.0,0.0,0.0,0.0
2008-01-25,0.0,0.0,0.0,0.0,0.0,0.0,0.0,0.0,0.0,0.0,0.0
2008-01-28,0.0,0.0,0.0,0.0,0.0,0.0,0.0,0.0,0.0,0.0,0.0
2008-01-29,0.0,0.0,0.0,0.0,0.0,0.0,0.0,0.0,0.0,0.0,0.0
2008-01-30,0.0,0.0,0.0,0.0,0.0,0.0,0.0,0.0,0.0,0.0,0.0
2008-01-31,0.0,0.0,0.0,0.0,0.0,0.0,0.0,0.0,0.0,0.0,0.0
2008-02-01,0.0,0.0,0.0,0.0,0.0,0.0,0.0,0.0,0.0,0.0,0.0
2008-02-04,0.0,0.0,0.0,0.0,0.0,0.0,0.0,0.0,0.0,0.0,0.0
2008-02-05,0.0,0.0,0.0,0.0,0.0,0.0,0.0,0.0,0.0,0.0,0.0
2008-02-06,0.0,0.0,0.0,0.0,0.0,0.0,0.0,0.0,0.0,0.0,0.0
2008-02-07,0.0,0.0,0.0,0.0,0.0,0.0,0.0,0.0,0.0,0.0,0.0
2008-02-08,0.0,0.0,0.0,0.0,0.0,0.0,0.0,0.0,0.0,0.0,0.0
2008-02-11,0.0,0.0,0.0,0.0,0.0,0.0,0.0,0.0,0.0,0.0,0.0
2008-02-12,0.0,0.0,0.0,0.0,0.0,0.0,0.0,0.0,0.0,0.0,0.0
2008-02-13,0.0,0.0,0.0,0.0,0.0,0.0,0.0,0.0,0.0,0.0,0.0
2008-02-14,0.0,0.0,0.0,0.0,0.0,0.0,0.0,0.0,0.0,0.0,0.0
2008-02-15,0.0,0.0,0.0,0.0,0.0,0.0,0.0,0.0,0.0,0.0,0.0
2008-02-19,0.0,0.0,0.0,0.0,0.0,0.0,0.0,0.0,0.0,0.0,0.0
2008-02-20,0.0,0.0,0.0,0.0,0.0,0.0,0.0,0.0,0.0,0.0,0.0
2008-02-21,0.0,0.0,0.0,0.0,0.0,0.0,0.0,0.0,0.0,0.0,0.0
2008-02-22,0.0,0.0,0.0,0.0,0.0,0.0,0.0,0.0,0.0,0.0,0.0
2008-02-25,0.0,0.0,0.0,0.0,0.0,0.0,0.0,0.0,0.0,0.0,0.0
2008-02-26,0.0,0.0,0.0,0.0,0.0,0.0,0.0,0.0,0.0,0.0,0.0
2008-02-27,0.0,0.0,0.0,0.0,0.0,0.0,0.0,0.0,0.0,0.0,0.0
2008-02-28,0.0,0.0,0.0,0.0,0.0,0.0,0.0,0.0,0.0,0.0,0.0
2008-02-29,0.0,0.0,0.0,0.0,0.0,0.0,0.0,0.0,0.0,0.0,0.0
2008-03-03,0.0,0.0,0.0,0.0,0.0,0.0,0.0,0.0,0.0,0.0,0.0
2008-03-04,0.0,0.0,0.0,0.0,0.0,0.0,0.0,0.0,0.0,0.0,0.0
2008-03-05,0.0,0.0,0.0,0.0,0.0,0.0,0.0,0.0,0.0,0.0,0.0
2008-03-06,0.0,0.0,0.0,0.0,0.0,0.0,0.0,0.0,0.0,0.0,0.0
2008-03-07,0.0,0.0,0.0,0.0,0.0,0.0,0.0,0.0,0.0,0.0,0.0
2008-03-10,0.0,0.0,0.0,0.0,0.0,0.0,0.0,0.0,0.0,0.0,0.0
2008-03-11,0.0,0.0,0.0,0.0,0.0,0.0,0.0,0.0,0.0,0.0,0.0
2008-03-12,0.0,0.0,0.0,0.0,0.0,0.0,0.0,0.0,0.0,0.0,0.0
2008-03-13,0.0,0.0,0.0,0.0,0.0,0.0,0.0,0.0,0.0,0.0,0.0
2008-03-14,0.0,0.0,0.0,0.0,0.0,0.0,0.0,0.0,0.0,0.0,0.0
2008-03-17,0.0,0.0,0.0,0.0,0.0,0.0,0.0,0.0,0.0,0.0,0.0
2008-03-18,0.0,0.0,0.0,0.0,0.0,0.0,0.0,0.0,0.0,0.0,0.0
2008-03-19,0.0,0.0,0.0,0.0,0.0,0.0,0.0,0.0,0.0,0.0,0.0
2008-03-20,0.0,0.0,0.0,0.0,0.0,0.0,0.0,0.0,0.0,0.0,0.0
2008-03-24,0.0,0.0,0.0,0.0,0.0,0.0,0.0,0.0,0.0,0.0,0.0
2008-03-25,0.0,0.0,0.0,0.0,0.0,0.0,0.0,0.0,0.0,0.0,0.0
2008-03-26,0.0,0.0,0.0,0.0,0.0,0.0,0.0,0.0,0.0,0.0,0.0
2008-03-27,0.0,0.0,0.0,0.0,0.0,0.0,0.0,0.0,0.0,0.0,0.0
2008-03-28,0.0,0.0,0.0,0.0,0.0,0.0,0.0,0.0,0.0,0.0,0.0
2008-03-31,0.0,0.0,0.0,0.0,0.0,0.0,0.0,0.0,0.0,0.0,0.0
2008-04-01,0.0,0.0,0.0,0.0,0.0,0.0,0.0,0.0,0.0,0.0,0.0
2008-04-02,0.0,0.0,0.0,0.0,0.0,0.0,0.0,0.0,0.0,0.0,0.0
2008-04-03,0.0,0.0,0.0,0.0,0.0,0.0,0.0,0.0,0.0,0.0,0.0
2008-04-04,0.0,0.0,0.0,0.0,0.0,0.0,0.0,0.0,0.0,0.0,0.0
2008-04-07,0.0,0.0,0.0,0.0,0.0,0.0,0.0,0.0,0.0,0.0,0.0
2008-04-08,0.0,0.0,0.0,0.0,0.0,0.0,0.0,0.0,0.0,0.0,0.0
2008-04-09,0.0,0.0,0.0,0.0,0.0,0.0,0.0,0.0,0.0,0.0,0.0
2008-04-10,0.0,0.0,0.0,0.0,0.0,0.0,0.0,0.0,0.0,0.0,0.0
2008-04-11,0.0,0.0,0.0,0.0,0.0,0.0,0.0,0.0,0.0,0.0,0.0
2008-04-14,0.0,0.0,0.0,0.0,0.0,0.0,0.0,0.0,0.0,0.0,0.0
2008-04-15,0.0,0.0,0.0,0.0,0.0,0.0,0.0,0.0,0.0,0.0,0.0
2008-04-16,0.0,0.0,0.0,0.0,0.0,0.0,0.0,0.0,0.0,0.0,0.0
2008-04-17,0.0,0.0,0.0,0.0,0.0,0.0,0.0,0.0,0.0,0.0,0.0
2008-04-18,0.0,0.0,0.0,0.0,0.0,0.0,0.0,0.0,0.0,0.0,0.0
2008-04-21,0.0,0.0,0.0,0.0,0.0,0.0,0.0,0.0,0.0,0.0,0.0
2008-04-22,0.0,0.0,0.0,0.0,0.0,0.0,0.0,0.0,0.0,0.0,0.0
2008-04-23,0.0,0.0,0.0,0.0,0.0,0.0,0.0,0.0,0.0,0.0,0.0
2008-04-24,0.0,0.0,0.0,0.0,0.0,0.0,0.0,0.0,0.0,0.0,0.0
2008-04-25,0.0,0.0,0.0,0.0,0.0,0.0,0.0,0.0,0.0,0.0,0.0
2008-04-28,0.0,0.0,0.0,0.0,0.0,0.0,0.0,0.0,0.0,0.0,0.0
2008-04-29,0.0,0.0,0.0,0.0,0.0,0.0,0.0,0.0,0.0,0.0,0.0
2008-04-30,0.0,0.0,0.0,0.0,0.0,0.0,0.0,0.0,0.0,0.0,0.0
2008-05-01,0.0,0.0,0.0,0.0,0.0,0.0,0.0,0.0,0.0,0.0,0.0
2008-05-02,0.0,0.0,0.0,0.0,0.0,0.0,0.0,0.0,0.0,0.0,0.0
2008-05-05,0.0,0.0,0.0,0.0,0.0,0.0,0.0,0.0,0.0,0.0,0.0
2008-05-06,0.0,0.0,0.0,0.0,0.0,0.0,0.0,0.0,0.0,0.0,0.0
2008-05-07,0.0,0.0,0.0,0.0,0.0,0.0,0.0,0.0,0.0,0.0,0.0
2008-05-08,0.0,0.0,0.0,0.0,0.0,0.0,0.0,0.0,0.0,0.0,0.0
2008-05-09,0.0,0.0,0.0,0.0,0.0,0.0,0.0,0.0,0.0,0.0,0.0
2008-05-12,0.0,0.0,0.0,0.0,0.0,0.0,0.0,0.0,0.0,0.0,0.0
2008-05-13,0.0,0.0,0.0,0.0,0.0,0.0,0.0,0.0,0.0,0.0,0.0
2008-05-14,0.0,0.0,0.0,0.0,0.0,0.0,0.0,0.0,0.0,0.0,0.0
2008-05-15,0.0,0.0,0.0,0.0,0.0,0.0,0.0,0.0,0.0,0.0,0.0
2008-05-16,0.0,0.0,0.0,0.0,0.0,0.0,0.0,0.0,0.0,0.0,0.0
2008-05-19,0.0,0.0,0.0,0.0,0.0,0.0,0.0,0.0,0.0,0.0,0.0
2008-05-20,0.0,0.0,0.0,0.0,0.0,0.0,0.0,0.0,0.0,0.0,0.0
2008-05-21,0.0,0.0,0.0,0.0,0.0,0.0,0.0,0.0,0.0,0.0,0.0
2008-05-22,0.0,0.0,0.0,0.0,0.0,0.0,0.0,0.0,0.0,0.0,0.0
2008-05-23,0.0,0.0,0.0,0.0,0.0,0.0,0.0,0.0,0.0,0.0,0.0
2008-05-27,0.0,0.0,0.0,0.0,0.0,0.0,0.0,0.0,0.0,0.0,0.0
2008-05-28,0.0,0.0,0.0,0.0,0.0,0.0,0.0,0.0,0.0,0.0,0.0
2008-05-29,0.0,0.0,0.0,0.0,0.0,0.0,0.0,0.0,0.0,0.0,0.0
2008-05-30,0.0,0.0,0.0,0.0,0.0,0.0,0.0,0.0,0.0,0.0,0.0
2008-06-02,0.0,0.0,0.0,0.0,0.0,0.0,0.0,0.0,0.0,0.0,0.0
2008-06-03,0.0,0.0,0.0,0.0,0.0,0.0,0.0,0.0,0.0,0.0,0.0
2008-06-04,0.0,0.0,0.0,0.0,0.0,0.0,0.0,0.0,0.0,0.0,0.0
2008-06-05,0.0,0.0,0.0,0.0,0.0,0.0,0.0,0.0,0.0,0.0,0.0
2008-06-06,0.0,0.0,0.0,0.0,0.0,0.0,0.0,0.0,0.0,0.0,0.0
2008-06-09,0.0,0.0,0.0,0.0,0.0,0.0,0.0,0.0,0.0,0.0,0.0
2008-06-10,0.0,0.0,0.0,0.0,0.0,0.0,0.0,0.0,0.0,0.0,0.0
2008-06-11,0.0,0.0,0.0,0.0,0.0,0.0,0.0,0.0,0.0,0.0,0.0
2008-06-12,0.0,0.0,0.0,0.0,0.0,0.0,0.0,0.0,0.0,0.0,0.0
2008-06-13,0.0,0.0,0.0,0.0,0.0,0.0,0.0,0.0,0.0,0.0,0.0
2008-06-16,0.0,0.0,0.0,0.0,0.0,0.0,0.0,0.0,0.0,0.0,0.0
2008-06-17,0.0,0.0,0.0,0.0,0.0,0.0,0.0,0.0,0.0,0.0,0.0
2008-06-18,0.0,0.0,0.0,0.0,0.0,0.0,0.0,0.0,0.0,0.0,0.0
2008-06-19,0.0,0.0,0.0,0.0,0.0,0.0,0.0,0.0,0.0,0.0,0.0
2008-06-20,0.0,0.0,0.0,0.0,0.0,0.0,0.0,0.0,0.0,0.0,0.0
2008-06-23,0.0,0.0,0.0,0.0,0.0,0.0,0.0,0.0,0.0,0.0,0.0
2008-06-24,0.0,0.0,0.0,0.0,0.0,0.0,0.0,0.0,0.0,0.0,0.0
2008-06-25,0.0,0.0,0.0,0.0,0.0,0.0,0.0,0.0,0.0,0.0,0.0
2008-06-26,0.0,0.0,0.0,0.0,0.0,0.0,0.0,0.0,0.0,0.0,0.0
2008-06-27,0.0,0.0,0.0,0.0,0.0,0.0,0.0,0.0,0.0,0.0,0.0
2008-06-30,0.0,0.0,0.0,0.0,0.0,0.0,0.0,0.0,0.0,0.0,0.0
2008-07-01,0.0,0.0,0.0,0.0,0.0,0.0,0.0,0.0,0.0,0.0,0.0
2008-07-02,0.0,0.0,0.0,0.0,0.0,0.0,0.0,0.0,0.0,0.0,0.0
2008-07-03,0.0,0.0,0.0,0.0,0.0,0.0,0.0,0.0,0.0,0.0,0.0
2008-07-07,0.0,0.0,0.0,0.0,0.0,0.0,0.0,0.0,0.0,0.0,0.0
2008-07-08,0.0,0.0,0.0,0.0,0.0,0.0,0.0,0.0,0.0,0.0,0.0
2008-07-09,0.0,0.0,0.0,0.0,0.0,0.0,0.0,0.0,0.0,0.0,0.0
2008-07-10,0.0,0.0,0.0,0.0,0.0,0.0,0.0,0.0,0.0,0.0,0.0
2008-07-11,0.0,0.0,0.0,0.0,0.0,0.0,0.0,0.0,0.0,0.0,0.0
2008-07-14,0.0,0.0,0.0,0.0,0.0,0.0,0.0,0.0,0.0,0.0,0.0
2008-07-15,0.0,0.0,0.0,0.0,0.0,0.0,0.0,0.0,0.0,0.0,0.0
2008-07-16,0.0,0.0,0.0,0.0,0.0,0.0,0.0,0.0,0.0,0.0,0.0
2008-07-17,0.0,0.0,0.0,0.0,0.0,0.0,0.0,0.0,0.0,0.0,0.0
2008-07-18,0.0,0.0,0.0,0.0,0.0,0.0,0.0,0.0,0.0,0.0,0.0
2008-07-21,0.0,0.0,0.0,0.0,0.0,0.0,0.0,0.0,0.0,0.0,0.0
2008-07-22,0.0,0.0,0.0,0.0,0.0,0.0,0.0,0.0,0.0,0.0,0.0
2008-07-23,0.0,0.0,0.0,0.0,0.0,0.0,0.0,0.0,0.0,0.0,0.0
2008-07-24,0.0,0.0,0.0,0.0,0.0,0.0,0.0,0.0,0.0,0.0,0.0
2008-07-25,0.0,0.0,0.0,0.0,0.0,0.0,0.0,0.0,0.0,0.0,0.0
2008-07-28,0.0,0.0,0.0,0.0,0.0,0.0,0.0,0.0,0.0,0.0,0.0
2008-07-29,0.0,0.0,0.0,0.0,0.0,0.0,0.0,0.0,0.0,0.0,0.0
2008-07-30,0.0,0.0,0.0,0.0,0.0,0.0,0.0,0.0,0.0,0.0,0.0
2008-07-31,0.0,0.0,0.0,0.0,0.0,0.0,0.0,0.0,0.0,0.0,0.0
2008-08-01,0.0,0.0,0.0,0.0,0.0,0.0,0.0,0.0,0.0,0.0,0.0
2008-08-04,0.0,0.0,0.0,0.0,0.0,0.0,0.0,0.0,0.0,0.0,0.0
2008-08-05,0.0,0.0,0.0,0.0,0.0,0.0,0.0,0.0,0.0,0.0,0.0
2008-08-06,0.0,0.0,0.0,0.0,0.0,0.0,0.0,0.0,0.0,0.0,0.0
2008-08-07,0.0,0.0,0.0,0.0,0.0,0.0,0.0,0.0,0.0,0.0,0.0
2008-08-08,0.0,0.0,0.0,0.0,0.0,0.0,0.0,0.0,0.0,0.0,0.0
2008-08-11,0.0,0.0,0.0,0.0,0.0,0.0,0.0,0.0,0.0,0.0,0.0
2008-08-12,0.0,0.0,0.0,0.0,0.0,0.0,0.0,0.0,0.0,0.0,0.0
2008-08-13,0.0,0.0,0.0,0.0,0.0,0.0,0.0,0.0,0.0,0.0,0.0
2008-08-14,0.0,0.0,0.0,0.0,0.0,0.0,0.0,0.0,0.0,0.0,0.0
2008-08-15,0.0,0.0,0.0,0.0,0.0,0.0,0.0,0.0,0.0,0.0,0.0
2008-08-18,0.0,0.0,0.0,0.0,0.0,0.0,0.0,0.0,0.0,0.0,0.0
2008-08-19,0.0,0.0,0.0,0.0,0.0,0.0,0.0,0.0,0.0,0.0,0.0
2008-08-20,0.0,0.0,0.0,0.0,0.0,0.0,0.0,0.0,0.0,0.0,0.0
2008-08-21,0.0,0.0,0.0,0.0,0.0,0.0,0.0,0.0,0.0,0.0,0.0
2008-08-22,0.0,0.0,0.0,0.0,0.0,0.0,0.0,0.0,0.0,0.0,0.0
2008-08-25,0.0,0.0,0.0,0.0,0.0,0.0,0.0,0.0,0.0,0.0,0.0
2008-08-26,0.0,0.0,0.0,0.0,0.0,0.0,0.0,0.0,0.0,0.0,0.0
2008-08-27,0.0,0.0,0.0,0.0,0.0,0.0,0.0,0.0,0.0,0.0,0.0
2008-08-28,0.0,0.0,0.0,0.0,0.0,0.0,0.0,0.0,0.0,0.0,0.0
2008-08-29,0.0,0.0,0.0,0.0,0.0,0.0,0.0,0.0,0.0,0.0,0.0
2008-09-02,0.0,0.0,0.0,0.0,0.0,0.0,0.0,0.0,0.0,0.0,0.0
2008-09-03,0.0,0.0,0.0,0.0,0.0,0.0,0.0,0.0,0.0,0.0,0.0
2008-09-04,0.0,0.0,0.0,0.0,0.0,0.0,0.0,0.0,0.0,0.0,0.0
2008-09-05,0.0,0.0,0.0,0.0,0.0,0.0,0.0,0.0,0.0,0.0,0.0
2008-09-08,0.0,0.0,0.0,0.0,0.0,0.0,0.0,0.0,0.0,0.0,0.0
2008-09-09,0.0,0.0,0.0,0.0,0.0,0.0,0.0,0.0,0.0,0.0,0.0
2008-09-10,0.0,0.0,0.0,0.0,0.0,0.0,0.0,0.0,0.0,0.0,0.0
2008-09-11,0.0,0.0,0.0,0.0,0.0,0.0,0.0,0.0,0.0,0.0,0.0
2008-09-12,0.0,0.0,0.0,0.0,0.0,0.0,0.0,0.0,0.0,0.0,0.0
2008-09-15,0.0,0.0,0.0,0.0,0.0,0.0,0.0,0.0,0.0,0.0,0.0
2008-09-16,0.0,0.0,0.0,0.0,0.0,0.0,0.0,0.0,0.0,0.0,0.0
2008-09-17,0.0,0.0,0.0,0.0,0.0,0.0,0.0,0.0,0.0,0.0,0.0
2008-09-18,0.0,0.0,0.0,0.0,0.0,0.0,0.0,0.0,0.0,0.0,0.0
2008-09-19,0.0,0.0,0.0,0.0,0.0,0.0,0.0,0.0,0.0,0.0,0.0
2008-09-22,0.0,0.0,0.0,0.0,0.0,0.0,0.0,0.0,0.0,0.0,0.0
2008-09-23,0.0,0.0,0.0,0.0,0.0,0.0,0.0,0.0,0.0,0.0,0.0
2008-09-24,0.0,0.0,0.0,0.0,0.0,0.0,0.0,0.0,0.0,0.0,0.0
2008-09-25,0.0,0.0,0.0,0.0,0.0,0.0,0.0,0.0,0.0,0.0,0.0
2008-09-26,0.0,0.0,0.0,0.0,0.0,0.0,0.0,0.0,0.0,0.0,0.0
2008-09-29,0.0,0.0,0.0,0.0,0.0,0.0,0.0,0.0,0.0,0.0,0.0
2008-09-30,0.0,0.0,0.0,0.0,0.0,0.0,0.0,0.0,0.0,0.0,0.0
2008-10-01,0.0,0.0,0.0,0.0,0.0,0.0,0.0,0.0,0.0,0.0,0.0
2008-10-02,0.0,0.0,0.0,0.0,0.0,0.0,0.0,0.0,0.0,0.0,0.0
2008-10-03,0.0,0.0,0.0,0.0,0.0,0.0,0.0,0.0,0.0,0.0,0.0
2008-10-06,0.0,0.0,0.0,0.0,0.0,0.0,0.0,0.0,0.0,0.0,0.0
2008-10-07,0.0,0.0,0.0,0.0,0.0,0.0,0.0,0.0,0.0,0.0,0.0
2008-10-08,0.0,0.0,0.0,0.0,0.0,0.0,0.0,0.0,0.0,0.0,0.0
2008-10-09,0.0,0.0,0.0,0.0,0.0,0.0,0.0,0.0,0.0,0.0,0.0
2008-10-10,0.0,0.0,0.0,0.0,0.0,0.0,0.0,0.0,0.0,0.0,0.0
2008-10-13,0.0,0.0,0.0,0.0,0.0,0.0,0.0,0.0,0.0,0.0,0.0
2008-10-14,0.0,0.0,0.0,0.0,0.0,0.0,0.0,0.0,0.0,0.0,0.0
2008-10-15,0.0,0.0,0.0,0.0,0.0,0.0,0.0,0.0,0.0,0.0,0.0
2008-10-16,0.0,0.0,0.0,0.0,0.0,0.0,0.0,0.0,0.0,0.0,0.0
2008-10-17,0.0,0.0,0.0,0.0,0.0,0.0,0.0,0.0,0.0,0.0,0.0
2008-10-20,0.0,0.0,0.0,0.0,0.0,0.0,0.0,0.0,0.0,0.0,0.0
2008-10-21,0.0,0.0,0.0,0.0,0.0,0.0,0.0,0.0,0.0,0.0,0.0
2008-10-22,0.0,0.0,0.0,0.0,0.0,0.0,0.0,0.0,0.0,0.0,0.0
2008-10-23,0.0,0.0,0.0,0.0,0.0,0.0,0.0,0.0,0.0,0.0,0.0
2008-10-24,0.0,0.0,0.0,0.0,0.0,0.0,0.0,0.0,0.0,0.0,0.0
2008-10-27,0.0,0.0,0.0,0.0,0.0,0.0,0.0,0.0,0.0,0.0,0.0
2008-10-28,0.0,0.0,0.0,0.0,0.0,0.0,0.0,0.0,0.0,0.0,0.0
2008-10-29,0.0,0.0,0.0,0.0,0.0,0.0,0.0,0.0,0.0,0.0,0.0
2008-10-30,0.0,0.0,0.0,0.0,0.0,0.0,0.0,0.0,0.0,0.0,0.0
2008-10-31,0.0,0.0,0.0,0.0,0.0,0.0,0.0,0.0,0.0,0.0,0.0
2008-11-03,0.0,0.0,0.0,0.0,0.0,0.0,0.0,0.0,0.0,0.0,0.0
2008-11-04,0.0,0.0,0.0,0.0,0.0,0.0,0.0,0.0,0.0,0.0,0.0
2008-11-05,0.0,0.0,0.0,0.0,0.0,0.0,0.0,0.0,0.0,0.0,0.0
2008-11-06,0.0,0.0,0.0,0.0,0.0,0.0,0.0,0.0,0.0,0.0,0.0
2008-11-07,0.0,0.0,0.0,0.0,0.0,0.0,0.0,0.0,0.0,0.0,0.0
2008-11-10,0.0,0.0,0.0,0.0,0.0,0.0,0.0,0.0,0.0,0.0,0.0
2008-11-11,0.0,0.0,0.0,0.0,0.0,0.0,0.0,0.0,0.0,0.0,0.0
2008-11-12,0.0,0.0,0.0,0.0,0.0,0.0,0.0,0.0,0.0,0.0,0.0
2008-11-13,0.0,0.0,0.0,0.0,0.0,0.0,0.0,0.0,0.0,0.0,0.0
2008-11-14,0.0,0.0,0.0,0.0,0.0,0.0,0.0,0.0,0.0,0.0,0.0
2008-11-17,0.0,0.0,0.0,0.0,0.0,0.0,0.0,0.0,0.0,0.0,0.0
2008-11-18,0.0,0.0,0.0,0.0,0.0,0.0,0.0,0.0,0.0,0.0,0.0
2008-11-19,0.0,0.0,0.0,0.0,0.0,0.0,0.0,0.0,0.0,0.0,0.0
2008-11-20,0.0,0.0,0.0,0.0,0.0,0.0,0.0,0.0,0.0,0.0,0.0
2008-11-21,0.0,0.0,0.0,0.0,0.0,0.0,0.0,0.0,0.0,0.0,0.0
2008-11-24,0.0,0.0,0.0,0.0,0.0,0.0,0.0,0.0,0.0,0.0,0.0
2008-11-25,0.0,0.0,0.0,0.0,0.0,0.0,0.0,0.0,0.0,0.0,0.0
2008-11-26,0.0,0.0,0.0,0.0,0.0,0.0,0.0,0.0,0.0,0.0,0.0
2008-11-28,0.0,0.0,0.0,0.0,0.0,0.0,0.0,0.0,0.0,0.0,0.0
2008-12-01,0.0,0.0,0.0,0.0,0.0,0.0,0.0,0.0,0.0,0.0,0.0
2008-12-02,0.0,0.0,0.0,0.0,0.0,0.0,0.0,0.0,0.0,0.0,0.0
2008-12-03,0.0,0.0,0.0,0.0,0.0,0.0,0.0,0.0,0.0,0.0,0.0
2008-12-04,0.0,0.0,0.0,0.0,0.0,0.0,0.0,0.0,0.0,0.0,0.0
2008-12-05,0.0,0.0,0.0,0.0,0.0,0.0,0.0,0.0,0.0,0.0,0.0
2008-12-08,0.0,0.0,0.0,0.0,0.0,0.0,0.0,0.0,0.0,0.0,0.0
2008-12-09,0.0,0.0,0.0,0.0,0.0,0.0,0.0,0.0,0.0,0.0,0.0
2008-12-10,0.0,0.0,0.0,0.0,0.0,0.0,0.0,0.0,0.0,0.0,0.0
2008-12-11,0.0,0.0,0.0,0.0,0.0,0.0,0.0,0.0,0.0,0.0,0.0
2008-12-12,0.0,0.0,0.0,0.0,0.0,0.0,0.0,0.0,0.0,0.0,0.0
2008-12-15,0.0,0.0,0.0,0.0,0.0,0.0,0.0,0.0,0.0,0.0,0.0
2008-12-16,0.0,0.0,0.0,0.0,0.0,0.0,0.0,0.0,0.0,0.0,0.0
2008-12-17,0.0,0.0,0.0,0.0,0.0,0.0,0.0,0.0,0.0,0.0,0.0
2008-12-18,0.0,0.0,0.0,0.0,0.0,0.0,0.0,0.0,0.0,0.0,0.0
2008-12-19,0.0,0.0,0.0,0.0,0.0,0.0,0.0,0.0,0.0,0.0,0.0
2008-12-22,0.0,0.0,0.0,0.0,0.0,0.0,0.0,0.0,0.0,0.0,0.0
2008-12-23,0.0,0.0,0.0,0.0,0.0,0.0,0.0,0.0,0.0,0.0,0.0
2008-12-24,0.0,0.0,0.0,0.0,0.0,0.0,0.0,0.0,0.0,0.0,0.0
2008-12-26,0.0,0.0,0.0,0.0,0.0,0.0,0.0,0.0,0.0,0.0,0.0
2008-12-29,0.0,0.0,0.0,0.0,0.0,0.0,0.0,0.0,0.0,0.0,0.0
2008-12-30,0.0,0.0,0.0,0.0,0.0,0.0,0.0,0.0,0.0,0.0,0.0
2008-12-31,0.0,0.0,0.0,0.0,0.0,0.0,0.0,0.0,0.0,0.0,0.0
2009-01-02,0.0,0.0,0.0,0.0,0.0,0.0,0.0,0.0,0.0,0.0,0.0
2009-01-05,0.0,0.0,0.0,0.0,0.0,0.0,0.0,0.0,0.0,0.0,0.0
2009-01-06,0.0,0.0,0.0,0.0,0.0,0.0,0.0,0.0,0.0,0.0,0.0
2009-01-07,0.0,0.0,0.0,0.0,0.0,0.0,0.0,0.0,0.0,0.0,0.0
2009-01-08,0.0,0.0,0.0,0.0,0.0,0.0,0.0,0.0,0.0,0.0,0.0
2009-01-09,0.0,0.0,0.0,0.0,0.0,0.0,0.0,0.0,0.0,0.0,0.0
2009-01-12,0.0,0.0,0.0,0.0,0.0,0.0,0.0,0.0,0.0,0.0,0.0
2009-01-13,0.0,0.0,0.0,0.0,0.0,0.0,0.0,0.0,0.0,0.0,0.0
2009-01-14,0.0,0.0,0.0,0.0,0.0,0.0,0.0,0.0,0.0,0.0,0.0
2009-01-15,0.0,0.0,0.0,0.0,0.0,0.0,0.0,0.0,0.0,0.0,0.0
2009-01-16,0.0,0.0,0.0,0.0,0.0,0.0,0.0,0.0,0.0,0.0,0.0
2009-01-20,0.0,0.0,0.0,0.0,0.0,0.0,0.0,0.0,0.0,0.0,0.0
2009-01-21,0.0,0.0,0.0,0.0,0.0,0.0,0.0,0.0,0.0,0.0,0.0
2009-01-22,0.0,0.0,0.0,0.0,0.0,0.0,0.0,0.0,0.0,0.0,0.0
2009-01-23,0.0,0.0,0.0,0.0,0.0,0.0,0.0,0.0,0.0,0.0,0.0
2009-01-26,0.0,0.0,0.0,0.0,0.0,0.0,0.0,0.0,0.0,0.0,0.0
2009-01-27,0.0,0.0,0.0,0.0,0.0,0.0,0.0,0.0,0.0,0.0,0.0
2009-01-28,0.0,0.0,0.0,0.0,0.0,0.0,0.0,0.0,0.0,0.0,0.0
2009-01-29,0.0,0.0,0.0,0.0,0.0,0.0,0.0,0.0,0.0,0.0,0.0
2009-01-30,0.0,0.0,0.0,0.0,0.0,0.0,0.0,0.0,0.0,0.0,0.0
2009-02-02,0.0,0.0,0.0,0.0,0.0,0.0,0.0,0.0,0.0,0.0,0.0
2009-02-03,0.0,0.0,0.0,0.0,0.0,0.0,0.0,0.0,0.0,0.0,0.0
2009-02-04,0.0,0.0,0.0,0.0,0.0,0.0,0.0,0.0,0.0,0.0,0.0
2009-02-05,0.0,0.0,0.0,0.0,0.0,0.0,0.0,0.0,0.0,0.0,0.0
2009-02-06,0.0,0.0,0.0,0.0,0.0,0.0,0.0,0.0,0.0,0.0,0.0
2009-02-09,0.0,0.0,0.0,0.0,0.0,0.0,0.0,0.0,0.0,0.0,0.0
2009-02-10,0.0,0.0,0.0,0.0,0.0,0.0,0.0,0.0,0.0,0.0,0.0
2009-02-11,0.0,0.0,0.0,0.0,0.0,0.0,0.0,0.0,0.0,0.0,0.0
2009-02-12,0.0,0.0,0.0,0.0,0.0,0.0,0.0,0.0,0.0,0.0,0.0
2009-02-13,0.0,0.0,0.0,0.0,0.0,0.0,0.0,0.0,0.0,0.0,0.0
2009-02-17,0.0,0.0,0.0,0.0,0.0,0.0,0.0,0.0,0.0,0.0,0.0
2009-02-18,0.0,0.0,0.0,0.0,0.0,0.0,0.0,0.0,0.0,0.0,0.0
2009-02-19,0.0,0.0,0.0,0.0,0.0,0.0,0.0,0.0,0.0,0.0,0.0
2009-02-20,0.0,0.0,0.0,0.0,0.0,0.0,0.0,0.0,0.0,0.0,0.0
2009-02-23,0.0,0.0,0.0,0.0,0.0,0.0,0.0,0.0,0.0,0.0,0.0
2009-02-24,0.0,0.0,0.0,0.0,0.0,0.0,0.0,0.0,0.0,0.0,0.0
2009-02-25,0.0,0.0,0.0,0.0,0.0,0.0,0.0,0.0,0.0,0.0,0.0
2009-02-26,0.0,0.0,0.0,0.0,0.0,0.0,0.0,0.0,0.0,0.0,0.0
2009-02-27,0.0,0.0,0.0,0.0,0.0,0.0,0.0,0.0,0.0,0.0,0.0
2009-03-02,0.0,0.0,0.0,0.0,0.0,0.0,0.0,0.0,0.0,0.0,0.0
2009-03-03,0.0,0.0,0.0,0.0,0.0,0.0,0.0,0.0,0.0,0.0,0.0
2009-03-04,0.0,0.0,0.0,0.0,0.0,0.0,0.0,0.0,0.0,0.0,0.0
2009-03-05,0.0,0.0,0.0,0.0,0.0,0.0,0.0,0.0,0.0,0.0,0.0
2009-03-06,0.0,0.0,0.0,0.0,0.0,0.0,0.0,0.0,0.0,0.0,0.0
2009-03-09,0.0,0.0,0.0,0.0,0.0,0.0,0.0,0.0,0.0,0.0,0.0
2009-03-10,0.0,0.0,0.0,0.0,0.0,0.0,0.0,0.0,0.0,0.0,0.0
2009-03-11,0.0,0.0,0.0,0.0,0.0,0.0,0.0,0.0,0.0,0.0,0.0
2009-03-12,0.0,0.0,0.0,0.0,0.0,0.0,0.0,0.0,0.0,0.0,0.0
2009-03-13,0.0,0.0,0.0,0.0,0.0,0.0,0.0,0.0,0.0,0.0,0.0
2009-03-16,0.0,0.0,0.0,0.0,0.0,0.0,0.0,0.0,0.0,0.0,0.0
2009-03-17,0.0,0.0,0.0,0.0,0.0,0.0,0.0,0.0,0.0,0.0,0.0
2009-03-18,0.0,0.0,0.0,0.0,0.0,0.0,0.0,0.0,0.0,0.0,0.0
2009-03-19,0.0,0.0,0.0,0.0,0.0,0.0,0.0,0.0,0.0,0.0,0.0
2009-03-20,0.0,0.0,0.0,0.0,0.0,0.0,0.0,0.0,0.0,0.0,0.0
2009-03-23,0.0,0.0,0.0,0.0,0.0,0.0,0.0,0.0,0.0,0.0,0.0
2009-03-24,0.0,0.0,0.0,0.0,0.0,0.0,0.0,0.0,0.0,0.0,0.0
2009-03-25,0.0,0.0,0.0,0.0,0.0,0.0,0.0,0.0,0.0,0.0,0.0
2009-03-26,0.0,0.0,0.0,0.0,0.0,0.0,0.0,0.0,0.0,0.0,0.0
2009-03-27,0.0,0.0,0.0,0.0,0.0,0.0,0.0,0.0,0.0,0.0,0.0
2009-03-30,0.0,0.0,0.0,0.0,0.0,0.0,0.0,0.0,0.0,0.0,0.0
2009-03-31,0.0,0.0,0.0,0.0,0.0,0.0,0.0,0.0,0.0,0.0,0.0
2009-04-01,0.0,0.0,0.0,0.0,0.0,0.0,0.0,0.0,0.0,0.0,0.0
2009-04-02,0.0,0.0,0.0,0.0,0.0,0.0,0.0,0.0,0.0,0.0,0.0
2009-04-03,0.0,0.0,0.0,0.0,0.0,0.0,0.0,0.0,0.0,0.0,0.0
2009-04-06,0.0,0.0,0.0,0.0,0.0,0.0,0.0,0.0,0.0,0.0,0.0
2009-04-07,0.0,0.0,0.0,0.0,0.0,0.0,0.0,0.0,0.0,0.0,0.0
2009-04-08,0.0,0.0,0.0,0.0,0.0,0.0,0.0,0.0,0.0,0.0,0.0
2009-04-09,0.0,0.0,0.0,0.0,0.0,0.0,0.0,0.0,0.0,0.0,0.0
2009-04-13,0.0,0.0,0.0,0.0,0.0,0.0,0.0,0.0,0.0,0.0,0.0
2009-04-14,0.0,0.0,0.0,0.0,0.0,0.0,0.0,0.0,0.0,0.0,0.0
2009-04-15,0.0,0.0,0.0,0.0,0.0,0.0,0.0,0.0,0.0,0.0,0.0
2009-04-16,0.0,0.0,0.0,0.0,0.0,0.0,0.0,0.0,0.0,0.0,0.0
2009-04-17,0.0,0.0,0.0,0.0,0.0,0.0,0.0,0.0,0.0,0.0,0.0
2009-04-20,0.0,0.0,0.0,0.0,0.0,0.0,0.0,0.0,0.0,0.0,0.0
2009-04-21,0.0,0.0,0.0,0.0,0.0,0.0,0.0,0.0,0.0,0.0,0.0
2009-04-22,0.0,0.0,0.0,0.0,0.0,0.0,0.0,0.0,0.0,0.0,0.0
2009-04-23,0.0,0.0,0.0,0.0,0.0,0.0,0.0,0.0,0.0,0.0,0.0
2009-04-24,0.0,0.0,0.0,0.0,0.0,0.0,0.0,0.0,0.0,0.0,0.0
2009-04-27,0.0,0.0,0.0,0.0,0.0,0.0,0.0,0.0,0.0,0.0,0.0
2009-04-28,0.0,0.0,0.0,0.0,0.0,0.0,0.0,0.0,0.0,0.0,0.0
2009-04-29,0.0,0.0,0.0,0.0,0.0,0.0,0.0,0.0,0.0,0.0,0.0
2009-04-30,0.0,0.0,0.0,0.0,0.0,0.0,0.0,0.0,0.0,0.0,0.0
2009-05-01,0.0,0.0,0.0,0.0,0.0,0.0,0.0,0.0,0.0,0.0,0.0
2009-05-04,0.0,0.0,0.0,0.0,0.0,0.0,0.0,0.0,0.0,0.0,0.0
2009-05-05,0.0,0.0,0.0,0.0,0.0,0.0,0.0,0.0,0.0,0.0,0.0
2009-05-06,0.0,0.0,0.0,0.0,0.0,0.0,0.0,0.0,0.0,0.0,0.0
2009-05-07,0.0,0.0,0.0,0.0,0.0,0.0,0.0,0.0,0.0,0.0,0.0
2009-05-08,0.0,0.0,0.0,0.0,0.0,0.0,0.0,0.0,0.0,0.0,0.0
2009-05-11,0.0,0.0,0.0,0.0,0.0,0.0,0.0,0.0,0.0,0.0,0.0
2009-05-12,0.0,0.0,0.0,0.0,0.0,0.0,0.0,0.0,0.0,0.0,0.0
2009-05-13,0.0,0.0,0.0,0.0,0.0,0.0,0.0,0.0,0.0,0.0,0.0
2009-05-14,0.0,0.0,0.0,0.0,0.0,0.0,0.0,0.0,0.0,0.0,0.0
2009-05-15,0.0,0.0,0.0,0.0,0.0,0.0,0.0,0.0,0.0,0.0,0.0
2009-05-18,0.0,0.0,0.0,0.0,0.0,0.0,0.0,0.0,0.0,0.0,0.0
2009-05-19,0.0,0.0,0.0,0.0,0.0,0.0,0.0,0.0,0.0,0.0,0.0
2009-05-20,0.0,0.0,0.0,0.0,0.0,0.0,0.0,0.0,0.0,0.0,0.0
2009-05-21,0.0,0.0,0.0,0.0,0.0,0.0,0.0,0.0,0.0,0.0,0.0
2009-05-22,0.0,0.0,0.0,0.0,0.0,0.0,0.0,0.0,0.0,0.0,0.0
2009-05-26,0.0,0.0,0.0,0.0,0.0,0.0,0.0,0.0,0.0,0.0,0.0
2009-05-27,0.0,0.0,0.0,0.0,0.0,0.0,0.0,0.0,0.0,0.0,0.0
2009-05-28,0.0,0.0,0.0,0.0,0.0,0.0,0.0,0.0,0.0,0.0,0.0
2009-05-29,0.0,0.0,0.0,0.0,0.0,0.0,0.0,0.0,0.0,0.0,0.0
2009-06-01,0.0,0.0,0.0,0.0,0.0,0.0,0.0,0.0,0.0,0.0,0.0
2009-06-02,0.0,0.0,0.0,0.0,0.0,0.0,0.0,0.0,0.0,0.0,0.0
2009-06-03,0.0,0.0,0.0,0.0,0.0,0.0,0.0,0.0,0.0,0.0,0.0
2009-06-04,0.0,0.0,0.0,0.0,0.0,0.0,0.0,0.0,0.0,0.0,0.0
2009-06-05,0.0,0.0,0.0,0.0,0.0,0.0,0.0,0.0,0.0,0.0,0.0
2009-06-08,-1.0820512271331198e-05,1.9499728728298305e-15,1.6746436557714415e-05,8.86619326119198e-17,3.481233566256141e-17,-2.7566948829045613e-05,1.8264986045553493e-15,0.0800000000000026,4.235500838944972e-13,0.0800000000000026,4.235500838944972e-13
2009-06-09,0.0003791710609533307,-1.8677290514498903e-15,0.0,0.0,1.1551006399198676e-17,0.0003791710609533307,-1.879280057849089e-15,0.0,0.0,0.07999138460613732,4.216117335707516e-13
2009-06-10,-6.79259269313315e-05,-6.844846898467238e-17,0.0,0.0,1.1597779515778831e-17,-6.79259269313315e-05,-8.004624850045121e-17,0.0,0.0,0.08034009302877998,4.2331895232592723e-13
2009-06-11,0.00023054575496848893,-4.229016507952322e-15,0.0,0.0,1.1600442787128087e-17,0.00023054575496848893,-4.24061695073945e-15,0.0,0.0,0.08027762003360128,4.234161617301752e-13
2009-06-12,0.0005068685718849949,1.3658805287246528e-15,0.0,0.0,1.1713605731022771e-17,0.0005068685718849949,1.3541669229936301e-15,0.0,0.0,0.08048960925083826,4.275466091823312e-13
2009-06-15,-0.000586401340631549,8.55004225908587e-15,0.0,0.0,3.5010807162195564e-17,-0.000586401340631549,8.515031451923675e-15,0.0,0.0,0.08095544405240998,4.2596482047337925e-13
2009-06-16,-0.0004053312264342717,4.603989843695751e-15,0.0,0.0,1.144273135394589e-17,-0.0004053312264342717,4.592547112341805e-15,0.0,0.0,0.08041619887860865,4.1765969441902497e-13
2009-06-17,-0.00017941157762267897,-5.734732856118519e-16,0.0,0.0,1.1321183475082023e-17,-0.00017941157762267897,-5.847944690869339e-16,0.0,0.0,0.08004331170587564,4.1322319684049384e-13
2009-06-18,-0.000140064929371642,3.005293242942411e-16,0.0,0.0,1.13389294071616e-17,-0.000140064929371642,2.891903948870795e-16,0.0,0.0,0.07987823120773169,4.138709233613983e-13
2009-06-19,0.0003437337705358815,-1.6629396844656229e-15,0.0,0.0,1.1332282982459502e-17,0.0003437337705358815,-1.6742719674480824e-15,0.0,0.0,0.07974933636352521,4.136283288597718e-13
2009-06-22,-0.00039626596650440676,-4.365894339465062e-15,1.3228363422187228e-07,1.7364304943353786e-16,3.696979534172836e-17,-0.0003963982501386286,-4.576507184240328e-15,0.0006589289432748147,8.64947744619335e-13,0.08000000000921104,4.4979917665769513e-13
2009-06-23,0.00039122215877171544,-5.349231791468622e-15,0.0,0.0,1.244781294872743e-17,0.00039122215877171544,-5.36167960441735e-15,0.0,0.0,0.07963530133680616,4.5434517262855116e-13
2009-06-24,0.00013462843000074435,4.611051451210041e-15,0.0,0.0,1.25894419757167e-17,0.00013462843000074435,4.598462009234324e-15,0.0,0.0,0.07999522758994912,4.595146321136595e-13
2009-06-25,0.0006949857725494422,-8.338298690828969e-15,0.0,0.0,1.2461434135657921e-17,0.0006949857725494422,-8.350760124964627e-15,0.0,0.0,0.08011906971538058,4.548423459515141e-13
2009-06-26,1.0057905980925896e-05,-7.843644801702125e-16,0.0,0.0,1.268106751363008e-17,1.0057905980925896e-05,-7.970455476838426e-16,0.0,0.0,0.08075792987564658,4.628589642474979e-13
2009-06-29,0.00045638479953335467,-6.862730209567337e-16,0.0,0.0,3.8107287574813306e-17,0.00045638479953335467,-7.243803085315471e-16,0.0,0.0,0.08076717543297073,4.636386654935619e-13
2009-06-30,0.0001769035636628744,7.844977113837529e-16,0.0,0.0,1.2715428064090588e-17,0.0001769035636628744,7.717822833196623e-16,0.0,0.0,0.08118650794435114,4.641131243393065e-13
2009-07-01,4.5618839449774255e-05,9.183902437335596e-16,0.0,0.0,1.2691689770958076e-17,4.5618839449774255e-05,9.056985539626015e-16,0.0,0.0,0.0813490205763735,4.632466766399697e-13
2009-07-02,-0.0007074012730179776,-1.0811488753403245e-15,0.0,0.0,1.2665950588451043e-17,-0.0007074012730179776,-1.0938148259287755e-15,0.0,0.0,0.08139092645621657,4.623071964784631e-13
2009-07-06,-0.0005007053725748073,8.853046483894385e-16,0.0,0.0,5.081823330526735e-17,-0.0005007053725748073,8.344864150841711e-16,0.0,0.0,0.08074064121557885,4.637163789105645e-13
2009-07-07,-0.0007344679264790978,-0.00015696738666089513,8.334061931870155e-06,8.096611628155288e-06,1.0838349638670987e-06,-0.000742801988410968,-0.00016614783325291752,0.04072015636351605,0.03955997618068604,0.1195599761881459,0.039559976181149106
2009-07-08,-3.306854296456996e-05,-0.00045829215856593714,0.0,0.0,1.0891254005525745e-06,-3.306854296456996e-05,-0.0004593812839664897,0.0,0.0,0.1189336129479457,0.03975307712016897
2009-07-09,0.0006854640161382026,0.00023580752792198758,0.0,0.0,1.1022241401894018e-06,0.0006854640161382026,0.00023470530378179818,0.0,0.0,0.11895912580589613,0.040231181116913164
2009-07-10,-0.00011372315049316911,-0.00024868326296776825,0.0,0.0,1.094756298813404e-06,-0.00011372315049316911,-0.00024977801926658164,0.0,0.0,0.1195345977525135,0.03995860490668924
2009-07-13,0.0003327861538632663,0.00014402281663790405,0.0,0.0,3.3059103189521975e-06,0.0003327861538632663,0.00014071690631895187,0.0,0.0,0.11946430001482025,0.04022190888058507
2009-07-14,0.0003402423201090832,0.0002661347582984862,0.0,0.0,1.0975046039360525e-06,0.0003402423201090832,0.00026503725369455015,0.0,0.0,0.11974038872819331,0.04005891804366591
2009-07-15,0.001135276333858024,0.0005144122272273807,0.0,0.0,1.0895537560618926e-06,0.001135276333858024,0.0005133226734713188,0.0,0.0,0.12000799266165116,0.039768712096259075
2009-07-16,0.0002849537033646076,-0.0002350472997044815,0.0,0.0,1.0736901858099245e-06,0.0002849537033646076,-0.00023612098989029144,0.0,0.0,0.12094388103329512,0.03918969178206224
2009-07-17,-0.00010981253491682244,0.0002654982387098233,0.0,0.0,1.080077094761324e-06,-0.00010981253491682244,0.000264418161615062,0.0,0.0,0.12122291509278046,0.03942281395878832
2009-07-20,0.001324105397942734,-0.0001435718104624394,0.0,0.0,3.2179120039373e-06,0.001324105397942734,-0.0001467897224663767,0.0,0.0,0.12109438068524818,0.039151262714570485
2009-07-21,0.0006957113551297866,-0.00044740634170382487,4.5769413715104545e-07,1.511957195496354e-07,1.0958904114087891e-06,0.0006952536609926356,-0.00044865342783478326,0.002274530346967875,0.0007513735146093825,0.1200000000178359,0.0400000000164208
2009-07-22,7.537515582864636e-05,0.0002391551735612893,0.0,0.0,1.1078749171877865e-06,7.537515582864636e-05,0.0002380472986441015,0.0,0.0,0.12066595512029879,0.040437434477354206
2009-07-23,0.0002644253826440523,0.00038956187809551125,0.0,0.0,1.100977649534624e-06,0.0002644253826440523,0.00038846090044597666,0.0,0.0,0.12070349908917945,0.04018568420801377
2009-07-24,0.00041493792093934317,-8.405538772517574e-05,0.0,0.0,1.0895933408212549e-06,0.00041493792093934317,-8.514498106599699e-05,0.0,0.0,0.12088899770344642,0.039770156939975806
2009-07-27,0.00011184254001094571,0.00018572641913737356,0.0,0.0,3.274608741624739e-06,0.00011184254001094571,0.00018245181039574883,0.0,0.0,0.12126394363191476,0.03984107302310099
2009-07-28,-0.00048503889792562586,-7.958837722220078e-05,0.0,0.0,1.0861282107671405e-06,-0.00048503889792562586,-8.067450543296792e-05,0.0,0.0,0.12134007647294183,0.03964367969300062
2009-07-29,4.3457553130767894e-06,-2.6517583285482736e-05,0.0,0.0,1.0889247335697092e-06,4.3457553130767894e-06,-2.7606508019052447e-05,0.0,0.0,0.12092344558896619,0.039745752775294386
2009-07-30,0.0007416098844424448,-0.00015928064342084913,0.0,0.0,1.0896765893984939e-06,0.0007416098844424448,-0.00016037032001024761,0.0,0.0,0.12093060428116,0.03977319551304502
2009-07-31,0.0019537432042290273,-0.0004023319901719273,0.0,0.0,1.0934049124478414e-06,0.0019537432042290273,-0.0004034253950843751,0.0,0.0,0.12160153454263058,0.03990927930434621
2009-08-03,-8.384432629405602e-05,0.00042768039267576023,0.0,0.0,3.3081544293701273e-06,-8.384432629405602e-05,0.00042437223824639013,0.0,0.0,0.12336402430297495,0.04024921222400322
2009-08-04,5.7356287701648195e-05,0.00011509391683467508,6.927963612099662e-07,1.5718446269267615e-17,1.0906294823087058e-06,5.666349134043823e-05,0.00011400328735235065,0.0034302378196251343,7.782663402622347e-14,0.11980797610581437,0.03980797610426776
2009-08-05,-7.823470212758693e-05,0.0002256650762223841,0.0,0.0,1.0872906599188044e-06,-7.823470212758693e-05,0.00022457778556246529,0.0,0.0,0.11984487885409918,0.03968610908703636
2009-08-06,-0.0004991839835796101,-5.5328807336928024e-14,0.0,0.0,1.08094986555443e-06,-0.0004991839835796101,-1.0809499208832372e-06,0.0,0.0,0.11974911969655658,0.03945467009273669
2009-08-07,-9.328257021626101e-05,0.00026117776798380114,0.0,0.0,1.081490897527879e-06,-9.328257021626101e-05,0.0002600962770862733,0.0,0.0,0.11930962213315939,0.03947441775976759
2009-08-10,-4.390443701672651e-05,-0.0002522888075764823,0.0,0.0,3.2224684748104007e-06,-4.390443701672651e-05,-0.0002555112760512927,0.0,0.0,0.11919645596027861,0.03920669977685987
2009-08-11,5.07591140358437e-05,-0.000274518455029118,0.0,0.0,1.0813919661421647e-06,5.07591140358437e-05,-0.0002755998469952602,0.0,0.0,0.11918823835463815,0.039470806764189015
2009-08-12,-0.00038102890976951905,0.000110760110476958,0.0,0.0,1.0891579067666723e-06,-0.00038102890976951905,0.00010967095257019133,0.0,0.0,0.11926581328154921,0.03975426359698354
2009-08-13,0.0002070381180306163,-0.0003101072752931093,0.0,0.0,1.0864181914130473e-06,0.0002070381180306163,-0.00031119369348452233,0.0,0.0,0.11891705346048292,0.039654263986576226
2009-08-14,-0.0005096684819735208,-0.00012402260276378767,0.0,0.0,1.0950283344534184e-06,-0.0005096684819735208,-0.00012511763109824108,0.0,0.0,0.1191365003092608,0.039968534207549776
2009-08-17,-0.0014797374922298977,-0.00027484773174422364,0.0,0.0,3.297371767751384e-06,-0.0014797374922298977,-0.000278145103511975,0.0,0.0,0.11870218232421803,0.04011802317430851
2009-08-18,0.001122224024395608,0.00024220652584117038,9.019703076229417e-06,8.500859439273587e-06,2.1917808224523897e-06,0.0011132043213193785,0.0002315138855794444,0.04293369213201707,0.040464001856688206,0.16000000001458264,0.08000000001951223
2009-08-19,0.0006175011701557572,0.00010496889288428656,0.0,0.0,2.182210568940523e-06,0.0006175011701557572,0.00010278668231534603,0.0,0.0,0.1609058510115265,0.0796506857663291
2009-08-20,0.0004521625630823135,1.3301908122852058e-05,0.0,0.0,2.1777660904010626e-06,0.0004521625630823135,1.1124142032450997e-05,0.0,0.0,0.16140709261357006,0.07948846229963878
2009-08-21,0.0014213773313028338,0.0005425263173664298,0.0,0.0,2.176393360453082e-06,0.0014213773313028338,0.0005403499240059767,0.0,0.0,0.16178430266013366,0.07943835765653749
2009-08-24,-0.0006506806072367899,-0.0003291554930612645,0.0,0.0,6.471892788715084e-06,-0.0006506806072367899,-0.0003356273858499796,0.0,0.0,0.16288614180754052,0.07874136226270016
2009-08-25,0.0005705151594869632,-0.00010496818846833594,0.0,0.0,2.168454318779624e-06,0.0005705151594869632,-0.00010713664278711557,0.0,0.0,0.16239563331148127,0.0791485826354563
2009-08-26,0.00048326882661492925,-0.00020445391988462626,0.0,0.0,2.170324477822288e-06,0.00048326882661492925,-0.00020662424436244855,0.0,0.0,0.1628906684346447,0.07921684344051351
2009-08-27,-0.00010083493204132254,0.0003287765559741733,0.0,0.0,2.175324163434944e-06,-0.00010083493204132254,0.00032660123181073834,0.0,0.0,0.16332875324654794,0.07939933196537548
2009-08-28,0.0006565169562368104,-0.0001592885225492941,0.0,0.0,2.165827615672211e-06,0.0006565169562368104,-0.0001614543501649663,0.0,0.0,0.1631910752692877,0.07905270797203569
2009-08-31,-9.132328314240299e-05,-8.42232109953762e-05,0.0,0.0,6.507353506963664e-06,-9.132328314240299e-05,-9.073056450233986e-05,0.0,0.0,0.16376651754656057,0.07917280100139124
2009-09-01,-0.001456797327925333,-0.00036171774579090067,1.7032035114956006e-05,1.595251093471694e-07,2.191780822429176e-06,-0.001473829363040289,-0.00036406905172267704,0.08184872542517899,0.0007666099080498431,0.1600000000180325,0.08000000001866492
2009-09-02,0.0003038901334036331,-6.43222331920232e-05,0.0,0.0,2.205744832587508e-06,0.0003038901334036331,-6.65279780246107e-05,0.0,0.0,0.15883512551550077,0.08050968638944404
2009-09-03,0.000318942671164719,0.00011033359322836085,0.0,0.0,2.2069832312550167e-06,0.000318942671164719,0.00010812660999710583,0.0,0.0,0.15910125103303574,0.0805548879408081
2009-09-04,0.0004374066613911684,0.00039607248683610737,0.0,0.0,2.2030195511082997e-06,0.0004374066613911684,0.0003938694672849991,0.0,0.0,0.1593521393006177,0.08041021361545293
2009-09-08,0.0010654437709963357,0.000539249885773219,0.0,0.0,8.76138986614661e-06,0.0010654437709963357,0.0005304884959070724,0.0,0.0,0.15965682705289963,0.07994768252858782
2009-09-09,-0.00014348242196842549,0.00010241861138417988,0.0,0.0,2.1721069614764277e-06,-0.00014348242196842549,0.00010024650442270345,0.0,0.0,0.16046617767320065,0.0792819040938896
2009-09-10,0.0016813349426685507,-0.00021151316164060133,0.0,0.0,2.169394767896746e-06,0.0016813349426685507,-0.00021368255640849808,0.0,0.0,0.16032962724977612,0.07918290902823122
2009-09-11,0.0007262494415201503,-3.218530656440237e-05,0.0,0.0,2.1720019052583698e-06,0.0007262494415201503,-3.435730846966074e-05,0.0,0.0,0.16177353487794732,0.07927806954193051
2009-09-14,-0.000552982100722512,0.00026994424947234067,0.0,0.0,6.51414399845185e-06,-0.000552982100722512,0.00026343010547388884,0.0,0.0,0.162387429734328,0.07925541864783085
2009-09-15,-0.0002102825576016722,0.00022007847871623832,0.0,0.0,2.1646123677850594e-06,-0.0002102825576016722,0.00021791386634845326,0.0,0.0,0.16188132069300562,0.07900835142415467
2009-09-16,0.0008469459252410717,0.00015389536640221312,3.6628641425467977e-07,2.1501854679422878e-07,2.187773754907665e-06,0.000846579638826817,0.00015149257410051122,0.0018160623628361871,0.0010660703617394443,0.1598537420203755,0.07985374205412979
2009-09-17,-0.0003019313056694167,-0.0002666932860125066,0.0,0.0,2.1813802684676003e-06,-0.0003019313056694167,-0.00026887466628097424,0.0,0.0,0.16054045697645772,0.07962037979906739
2009-09-18,-0.0006159037007667449,7.303630464209388e-05,0.0,0.0,2.1899369629344434e-06,-0.0006159037007667449,7.084636767915944e-05,0.0,0.0,0.16033004301682535,0.07993269914710718
2009-09-21,-0.0003428124369025883,-0.00011473322311753553,0.0,0.0,6.567387507580377e-06,-0.0003428124369025883,-0.00012130061062511591,0.0,0.0,0.15980124015384095,0.07990321467556126
2009-09-22,0.0009318711123266332,0.00031814532352173245,0.0,0.0,2.193290479898021e-06,0.0009318711123266332,0.00031595203304183445,0.0,0.0,0.15953246881722072,0.08005510251627777
2009-09-23,-0.00033489379288706444,-0.0002632949804076554,0.0,0.0,2.181851604732405e-06,-0.00033489379288706444,-0.0002654768320123878,0.0,0.0,0.16026435835381583,0.07963758357273278
2009-09-24,-0.0005089167409065001,-0.000408530454363626,0.0,0.0,2.190380205772371e-06,-0.0005089167409065001,-0.00041072083456939834,0.0,0.0,0.1600255391938945,0.07994887751069152
2009-09-25,-0.0006123443602544234,-5.592128090612343e-05,0.0,0.0,2.203599333708988e-06,-0.0006123443602544234,-5.812488023983242e-05,0.0,0.0,0.1596634549656047,0.08043137568037804
2009-09-28,0.0006427735233497017,-0.00019341153836816962,0.0,0.0,6.619832664969562e-06,0.0006427735233497017,-0.00020003137103313917,0.0,0.0,0.1591578210287341,0.08054129742379633
2009-09-29,-0.000886486858430341,-5.307398870511447e-05,0.0,0.0,2.2109309622470013e-06,-0.000886486858430341,-5.528491966736147e-05,0.0,0.0,0.1597298754032585,0.08069898012201553
2009-09-30,0.00021283354393972188,0.00019653158413656264,1.681992157653106e-05,1.7472720201322527e-07,2.1917808229427612e-06,0.0001960136223631908,0.00019416507611160665,0.07972342808496338,0.000828175771260708,0.16000000003373185,0.08000000003741078
2009-10-01,-0.0026987246764904175,-0.0005801461260597835,0.0,0.0,2.185543643405872e-06,-0.0026987246764904175,-0.0005823316697031893,0.0,0.0,0.1601503463239826,0.0797723429843143
2009-10-02,-0.0008540007509031855,0.0001049560792565447,0.0,0.0,2.2086848773520466e-06,-0.0008540007509031855,0.00010274739437919266,0.0,0.0,0.15796992988846048,0.08061699802334969
2009-10-05,0.0013144564964405142,0.00023207925975247184,0.0,0.0,6.622403207631946e-06,0.0013144564964405142,0.0002254568565448399,0.0,0.0,0.15723405174669186,0.08057257235952202
2009-10-06,0.00024806336386369566,0.0003054963375669629,0.0,0.0,2.1977250937755895e-06,0.00024806336386369566,0.0003032986124731873,0.0,0.0,0.1583047326714508,0.08021696592280901
2009-10-07,0.0006968820245872414,-0.0002917496679161504,0.0,0.0,2.188148869017582e-06,0.0006968820245872414,-0.00029393781678516796,0.0,0.0,0.1584654242258323,0.07986743371914173
2009-10-08,0.0002484463998721335,0.00041002459979634897,0.0,0.0,2.195257444332497e-06,0.0002484463998721335,0.0004078293423520165,0.0,0.0,0.1590981985528409,0.08012689671813614
2009-10-09,-0.0005571638138053106,7.26591721970851e-05,0.0,0.0,2.182591511788773e-06,-0.0005571638138053106,7.047658068529634e-05,0.0,0.0,0.1592421382002723,0.07966459018029023
2009-10-12,0.00017234841949703505,5.7238537465023885e-05,0.0,0.0,6.544987910667442e-06,0.00017234841949703505,5.0693549554356446e-05,0.0,0.0,0.15876224194272204,0.0796306862464539
2009-10-13,-0.00013102626442893395,-3.9938797434512685e-06,0.0,0.0,2.1796083136504788e-06,-0.00013102626442893395,-6.173488057101747e-06,0.0,0.0,0.15889914918310466,0.07955570344824249
2009-10-14,3.2037791504514604e-05,0.0005743008137236265,2.6368937288955495e-07,1.4464961008105714e-07,2.191780823205335e-06,3.177410213162505e-05,0.00057196438329034,0.0013149240167487784,0.0007213155548312294,0.16000000002765824,0.08000000004699473
2009-10-15,7.447637804563632e-05,0.00011223912532826499,0.0,0.0,2.174733583976008e-06,7.447637804563632e-05,0.00011006439174428898,0.0,0.0,0.15993547861553817,0.07937777581512429
2009-10-16,-0.0006703537694262706,-0.0002881176527301095,0.0,0.0,2.171257853850704e-06,-0.0006703537694262706,-0.0002902889105839602,0.0,0.0,0.15998043208149612,0.0792509116655507
2009-10-19,0.0007307001111649541,0.0001343096404009819,0.0,0.0,6.543740661082186e-06,0.0007307001111649541,0.00012776589973989973,0.0,0.0,0.1594632655308326,0.07961551137649993
2009-10-20,0.00030567836144681614,-0.0002680551415833416,0.0,0.0,2.1756994068612897e-06,0.00030567836144681614,-0.00027023084099020287,0.0,0.0,0.1600565625232491,0.07941302835043708
2009-10-21,-6.842207986496013e-05,0.00033887859004305145,0.0,0.0,2.1829660026109914e-06,-6.842207986496013e-05,0.00033669562404044044,0.0,0.0,0.16035655664237397,0.0796782590953012
2009-10-22,0.0005270851955890865,0.00013457696397548938,0.0,0.0,2.1730986727955103e-06,0.0005270851955890865,0.00013240386530269388,0.0,0.0,0.16024514502951503,0.07931810155703614
2009-10-23,-0.0011046935803608498,-1.7622530832991704e-05,0.0,0.0,2.1679818723575615e-06,-0.0011046935803608498,-1.9790512705349264e-05,0.0,0.0,0.16066627257588606,0.079131338341051
2009-10-26,-0.0003203534514043735,-4.0485548037153815e-05,0.0,0.0,6.512717491486248e-06,-0.0003203534514043735,-4.6998265528640064e-05,0.0,0.0,0.15974120544004977,0.07923806281308268
2009-10-27,-0.00012978098881104175,-0.00044426930050762455,0.0,0.0,2.172813210255686e-06,-0.00012978098881104175,-0.00044644211371788024,0.0,0.0,0.15947943703365525,0.07930768217433254
2009-10-28,-0.0013048776161344957,-0.0002804243106064204,1.621056190256659e-05,2.8858411817633047e-08,2.1823831280092922e-06,-0.0013210881780370623,-0.00028263555214624734,0.07917476776429369,0.0001409487263575785,0.1596569841606971,0.07965698417233916
2009-10-29,0.0012343372105927345,0.0004742031051685384,0.0,0.0,2.193583888370052e-06,0.0012343372105927345,0.00047200952128016835,0.0,0.0,0.1586064675002533,0.0800658119255069
2009-10-30,-0.00039169704744498673,-0.0005244332883003626,0.0,0.0,2.176877514642226e-06,-0.00039169704744498673,-0.0005266101658150048,0.0,0.0,0.15956852547888534,0.07945602928444125
2009-11-02,0.0007007205119942852,0.00024648794826408416,0.0,0.0,6.57977890824748e-06,0.0007007205119942852,0.00023990816935583667,0.0,0.0,0.1593231360164835,0.080053976717011
2009-11-03,-0.00022573404543761613,-1.422415610806656e-05,0.0,0.0,2.1844517836088156e-06,-0.00022573404543761613,-1.6408607891675375e-05,0.0,0.0,0.15987347495255033,0.07973249010172177
2009-11-04,0.000225975948487121,0.00040972284048113164,0.0,0.0,2.185370657965514e-06,0.000225975948487121,0.00040753746982316613,0.0,0.0,0.15968640779759746,0.07976602901574126
2009-11-05,0.00043770195052802676,-0.0007680538393278106,0.0,0.0,2.172768896413896e-06,0.00043770195052802676,-0.0007702266082242245,0.0,0.0,0.1598111412437112,0.07930606471910719
2009-11-06,1.4258832658192461e-05,7.628534418685577e-05,0.0,0.0,2.194541206417848e-06,1.4258832658192461e-05,7.409080298043792e-05,0.0,0.0,0.16030214761100156,0.08010075403425145
2009-11-09,0.0008663866108252995,0.0004947324687193437,0.0,0.0,6.576772535507023e-06,0.0008663866108252995,0.0004881556961838367,0.0,0.0,0.16030224379882807,0.08001739918200212
2009-11-10,-0.0003847205251791112,0.0001458754974569101,0.0,0.0,2.17575604401284e-06,-0.0003847205251791112,0.00014369974141289726,0.0,0.0,0.16095061599095445,0.07941509560646866
2009-11-11,0.0003198228642727556,-0.00018412133788327128,3.2487982097353056e-05,1.0008544180016846e-15,2.1722830204432394e-06,0.0002873348821754026,-0.00018629362090471537,0.15858562668812543,4.88553350672118e-12,0.15928833023902228,0.07928833024617823
2009-11-12,-0.0009838885128921368,-0.0005776109700080756,0.0,0.0,2.177107462975238e-06,-0.0009838885128921368,-0.0005797880774710509,0.0,0.0,0.15959202772352513,0.07946442239859619
2009-11-13,0.0006226262927347108,0.0008174791451228465,0.0,0.0,2.19636682845115e-06,0.0006226262927347108,0.0008152827782943954,0.0,0.0,0.15885653946261677,0.08016738923846697
2009-11-16,0.0009204681031060648,-3.7501878394135646e-05,0.0,0.0,6.512545969705693e-06,0.0009204681031060648,-4.401442436384134e-05,0.0,0.0,0.15925017847915332,0.07923597596475258
2009-11-17,-8.026983478194756e-05,-0.0003340191985073197,0.0,0.0,2.1699742234008153e-06,-8.026983478194756e-05,-0.0003361891727307205,0.0,0.0,0.16003038736054667,0.07920405915412976
2009-11-18,-1.363583623455926e-05,0.00024148374316701848,0.0,0.0,2.1800333288352953e-06,-1.363583623455926e-05,0.00023930370983818317,0.0,0.0,0.16001675794596432,0.07957121650248827
2009-11-19,-0.000528866582753314,-0.00017146995323307277,0.0,0.0,2.172926976061631e-06,-0.000528866582753314,-0.0001736428802091344,0.0,0.0,0.15996702269187216,0.07931183462624954
2009-11-20,-7.6601716072233e-05,-0.0001544141660924464,0.0,0.0,2.179155660472274e-06,-7.6601716072233e-05,-0.00015659332175291867,0.0,0.0,0.15955024166370554,0.079539181607238
2009-11-23,0.0007870525005496745,0.00035679194717598014,0.0,0.0,6.5516863774647e-06,0.0007870525005496745,0.0003502402607985154,0.0,0.0,0.1595108370833205,0.07971218425915387
2009-11-24,3.606874482078557e-05,-0.00024029782335890769,0.0,0.0,2.171650534880964e-06,3.606874482078557e-05,-0.00024246947389378864,0.0,0.0,0.1601157910537272,0.07926524452315521
2009-11-25,0.000663236128422008,0.00032392228667507775,1.0960948736943392e-05,4.48641899914262e-08,2.172647699902294e-06,0.0006522751796850647,0.00032170477478518406,0.053825958308755605,0.00022031468972165015,0.15930164106605907,0.07930164104643372
2009-11-27,-0.0010052895877387998,-0.0005872209492403279,0.0,0.0,4.3233353914037526e-06,-0.0010052895877387998,-0.0005915442846317316,0.0,0.0,0.15980922621161153,0.0789008708931185
2009-11-30,0.000255576235050692,9.366687784948377e-05,0.0,0.0,6.543717051698991e-06,0.000255576235050692,8.712316079778478e-05,0.0,0.0,0.15905792570731117,0.07961522412900439
2009-12-01,0.0008212537244108872,0.0003991085451538077,0.0,0.0,2.1779264273306556e-06,0.0008212537244108872,0.00039693061872647705,0.0,0.0,0.15925892400532174,0.07949431459756892
2009-12-02,-0.00014595744314055748,-4.0750671401091266e-05,0.0,0.0,2.164355362825531e-06,-0.00014595744314055748,-4.29150267639168e-05,0.0,0.0,0.15988540782921898,0.07899897074313189
2009-12-03,-0.00022448243876306272,0.00016926250910747815,0.0,0.0,2.1658808948503747e-06,-0.00022448243876306272,0.00016709662821262777,0.0,0.0,0.15976962647004553,0.07905465266203868
2009-12-04,-0.0006300996050529349,-0.00028593379951904807,0.0,0.0,2.1613675976652214e-06,-0.0006300996050529349,-0.0002880951671167133,0.0,0.0,0.1595543001841253,0.0788899173147806
2009-12-07,-3.435521008336915e-05,-0.00010877326483082094,0.0,0.0,6.5135849408160525e-06,-3.435521008336915e-05,-0.00011528684977163699,0.0,0.0,0.15907025805842934,0.07924861677992864
2009-12-08,-0.0005976051690046753,-0.00033321817032874545,0.0,0.0,2.1745004664483924e-06,-0.0005976051690046753,-0.00033539267079519386,0.0,0.0,0.1590597048702227,0.07936926702536633
2009-12-09,-6.253977929808162e-05,0.00023722662025971294,0.0,0.0,2.1856689558031882e-06,-6.253977929808162e-05,0.00023504095130390975,0.0,0.0,0.15861008256562223,0.07977691688681635
2009-12-10,0.00016755352268305225,0.0001349901379611616,3.899530795872654e-07,3.896648528500438e-16,2.178793751815059e-06,0.000167163569603465,0.00013281134420895687,0.0019433352868953233,1.9418989059090202e-12,0.15952597194487697,0.07952597194124965
2009-12-11,-7.067169821972316e-05,-0.00012172897730776551,0.0,0.0,2.1744431134853595e-06,-7.067169821972316e-05,-0.00012390342042125087,0.0,0.0,0.1596456357817259,0.07936717364221563
2009-12-14,0.0006862231816427963,8.826102688876923e-05,0.0,0.0,6.534605933603439e-06,0.0006862231816427963,8.17264209551658e-05,0.0,0.0,0.1596060194436752,0.07950437219217515
2009-12-15,-0.0005450357935709962,-0.00015604471464046783,0.0,0.0,2.174114257362149e-06,-0.0005450357935709962,-0.00015821882889782997,0.0,0.0,0.16016924072055824,0.07935517039371842
2009-12-16,5.654785304055367e-05,3.52948927622483e-05,0.0,0.0,2.179922495595183e-06,5.654785304055367e-05,3.3114970266653116e-05,0.0,0.0,0.15973654038739185,0.07956717108922416
2009-12-17,-0.0007592303184591262,-0.0007717827921244823,0.0,0.0,2.178760158444718e-06,-0.0007592303184591262,-0.000773961552282927,0.0,0.0,0.15977876202552468,0.07952474578323221
2009-12-18,-0.00017361506868790558,0.00019619788665587847,0.0,0.0,2.2032829479803142e-06,-0.00017361506868790558,0.00019399460370789817,0.0,0.0,0.15926371353796612,0.08041982760128147
2009-12-21,-5.928625934407428e-05,0.0002817094323994819,0.0,0.0,6.593588615973092e-06,-5.928625934407428e-05,0.0002751158437835088,0.0,0.0,0.15908685635311798,0.08022199482767262
2009-12-22,8.620915466713954e-05,3.298425038529467e-05,0.0,0.0,2.1896722093069557e-06,8.620915466713954e-05,3.0794578175987715e-05,0.0,0.0,0.15899325464569503,0.07992303563970388
2009-12-23,0.00027716570082994096,0.00024712801423449845,0.0,0.0,2.1885124670861847e-06,0.00027716570082994096,0.00024493950176741224,0.0,0.0,0.15906085308680185,0.07988070504864575
2009-12-24,0.00023004775203905233,0.0001393692296991016,2.8344674235070245e-07,1.3423406041435625e-07,2.1622750190170903e-06,0.00022976430529670163,0.00013707272061967016,0.001412615947248056,0.0006689834317113601,0.15892303820781803,0.0789230381941238
2009-12-28,-1.505873503105002e-05,0.00020865784189720902,0.0,0.0,8.630660689928177e-06,-1.505873503105002e-05,0.00020002718120728084,0.0,0.0,0.15909472412442027,0.07875477879559462
2009-12-29,-7.777960296868554e-05,-0.0002235818873920742,0.0,0.0,2.151550550317219e-06,-7.777960296868554e-05,-0.0002257334379423914,0.0,0.0,0.1590502461125018,0.0785315950865785
2009-12-30,9.457947838616162e-05,-6.980975313386393e-05,0.0,0.0,2.158331163133261e-06,9.457947838616162e-05,-7.19680842969972e-05,0.0,0.0,0.15902073137528075,0.07877908745436404
2009-12-31,-0.00038222415255339956,0.00011815112352490581,0.0,0.0,2.16019491409102e-06,-0.00038222415255339956,0.0001159909286108148,0.0,0.0,0.15911171311601746,0.07884711436432223
2010-01-04,0.001029839828726207,0.00018193459125047482,0.0,0.0,8.630129215156575e-06,0.001029839828726207,0.00017330446203531826,0.0,0.0,0.15877175928080842,0.07874992908830375
2010-01-05,0.00025293653211829685,-0.0001526651890964895,0.0,0.0,2.149961081039803e-06,0.00025293653211829685,-0.00015481515017752928,0.0,0.0,0.15960956577172541,0.0784735794579528
2010-01-06,0.00010344163006066506,0.000260967541924861,0.0,0.0,2.1539323421422368e-06,0.00010344163006066506,0.00025881360958271877,0.0,0.0,0.1598468179131712,0.07861853048819165
2010-01-07,-3.393234777912398e-05,-0.0002600934714478375,0.0,0.0,2.1460051448650336e-06,-3.393234777912398e-05,-0.0002622394765927025,0.0,0.0,0.159892337706119,0.07832918778757372
2010-01-08,0.0003408077229454152,0.00022960536290930023,0.0,0.0,2.153768879056036e-06,0.0003408077229454152,0.0002274515940302442,0.0,0.0,0.1599057649404699,0.07861256408554532
2010-01-11,9.763564083479511e-05,0.0004013724677441623,8.33620219811953e-06,8.281893155042785e-06,9.726447300726614e-06,8.929943863667558e-05,0.0003833641272883929,0.04026230253978564,0.03999999998629247,0.1983384421515475,0.11833844215884046
2010-01-12,-0.0006196692442206258,-0.0009592617489608009,0.0,0.0,3.2296260677028457e-06,-0.0006196692442206258,-0.0009624913750285038,0.0,0.0,0.19834232860007228,0.11788135147115389
2010-01-13,0.0006780320185157705,0.0006931011781006007,0.0,0.0,3.2610667428873304e-06,0.0006780320185157705,0.0006898401113577134,0.0,0.0,0.19803598409107484,0.11902893611538756
2010-01-14,-0.0002561224816260188,-0.0006387112508875742,0.0,0.0,3.2376489797090543e-06,-0.0002561224816260188,-0.0006419488998672833,0.0,0.0,0.19844257204590854,0.11817418775938046
2010-01-15,-0.0008902004748383225,-0.0006508509420993489,0.0,0.0,3.2580739010188307e-06,-0.0008902004748383225,-0.0006541090160003676,0.0,0.0,0.19836459513027058,0.11891969738718731
2010-01-19,0.000256402419313106,6.496132557152931e-05,0.0,0.0,1.312388908118113e-05,0.000256402419313106,5.183743649034818e-05,0.0,0.0,0.19777982792078677,0.1197554878657778
2010-01-20,-0.0010528789178050225,-0.0010344673177851889,0.0,0.0,3.2781820415910598e-06,-0.0010528789178050225,-0.0010377454998267799,0.0,0.0,0.19797520649099842,0.11965364451807367
2010-01-21,-0.0009922770647840138,-0.00033318891284867707,0.0,0.0,3.3134507930759647e-06,-0.0009922770647840138,-0.000336502363641753,0.0,0.0,0.19733488069322105,0.12094095394727272
2010-01-22,-0.00047668745886893585,0.00010673727152213059,0.0,0.0,3.327000105740561e-06,-0.00047668745886893585,0.00010341027141639003,0.0,0.0,0.19660384677558185,0.12143550385953047
2010-01-25,-0.00019666365911307138,0.0003290896184649108,0.0,0.0,9.975951185796003e-06,-0.00019666365911307138,0.0003191136672791148,0.0,0.0,0.1962003964488764,0.12137407276051804
2010-01-26,-0.0003925052720501936,-0.00026546638642519415,1.547878229066551e-05,3.744282867536066e-07,3.287671232823923e-06,-0.0004079840543408591,-0.00026912848594477166,0.07597973506640135,0.001837932822794578,0.20000000000247778,0.11999999999807319
2010-01-27,-0.0006412109334760864,-2.5125571585204665e-05,0.0,0.0,3.2971768442956173e-06,-0.0006412109334760864,-2.8422748429500283e-05,0.0,0.0,0.19974274304657547,0.12034695481679003
2010-01-28,-2.0172164712475832e-05,-3.438889635254336e-05,0.0,0.0,3.3000750575312087e-06,-2.0172164712475832e-05,-3.768897141007457e-05,0.0,0.0,0.19923494654391777,0.12045273959988913
2010-01-29,-0.0007048785876145962,-0.0008162852153288543,0.0,0.0,3.3012082307339217e-06,-0.0007048785876145962,-0.0008195864235595882,0.0,0.0,0.19922630183937526,0.12049410042178815
2010-02-01,0.0004745242600222024,0.0006777916993913891,0.0,0.0,9.98593984360351e-06,0.0004745242600222024,0.0006678057595477855,0.0,0.0,0.19882452428239253,0.12149560143050936
2010-02-02,0.0011181846498258623,-4.103854836394561e-05,0.0,0.0,3.306300093084701e-06,0.0011181846498258623,-4.434484845703031e-05,0.0,0.0,0.19907164302853808,0.12067995339759159
2010-02-03,-0.0006901007302837116,0.000428149980130412,0.0,0.0,3.3038766026807255e-06,-0.0006901007302837116,0.0004248461035277313,0.0,0.0,0.199975086471229,0.12059149599784644
2010-02-04,-0.0013631440375803726,-0.0012134639545196163,0.0,0.0,3.2930199550178636e-06,-0.0013631440375803726,-0.001216756974474634,0.0,0.0,0.19933786103087134,0.12019522835815201
2010-02-05,-0.0008585012308766546,-0.0003900484811627528,0.0,0.0,3.3348691751730214e-06,-0.0008585012308766546,-0.00039338335033792585,0.0,0.0,0.1984867932721333,0.12172272489381528
2010-02-08,0.0001852323413799991,-8.372255403062449e-08,0.0,0.0,1.0049246801916855e-05,0.0001852323413799991,-1.013296935594748e-05,0.0,0.0,0.19787600996712681,0.1222658360899884
2010-02-09,0.0005559103752813836,0.0008693407783146,5.133143103939735e-07,3.7049202785505644e-07,3.298790476743435e-06,0.0005553970609709897,0.0008656714958100015,0.002547454979894276,0.0018386624768869353,0.19999999999796975,0.12040585240113538
2010-02-10,-0.0003634234114352684,0.00036908904403673077,0.0,0.0,3.270325564343247e-06,-0.0003634234114352684,0.0003658187184723875,0.0,0.0,0.20027131111020707,0.1193668830985285
2010-02-11,0.00021969064077164002,0.00027777030067022813,0.0,0.0,3.2602057265457814e-06,0.00021969064077164002,0.00027451009494368236,0.0,0.0,0.1999074088591486,0.11899750901892103
2010-02-12,-0.00034047640125209555,-0.00038788695029697197,0.0,0.0,3.2509889401958916e-06,-0.00034047640125209555,-0.00039113793923716786,0.0,0.0,0.20002824539388275,0.11866109631715005
2010-02-16,0.0017169132610999995,0.0001762433576908525,0.0,0.0,1.305601588817367e-05,0.0017169132610999995,0.00016318734180267882,0.0,0.0,0.1998339703910857,0.11913614497958473
2010-02-17,-0.0005061287015768227,0.00028600746210716326,0.0,0.0,3.2530593081346994e-06,-0.0005061287015768227,0.0002827544027990286,0.0,0.0,0.2011726588150599,0.11873666474691652
2010-02-18,0.0005535639404898632,0.0002963795687691924,0.0,0.0,3.2459485487359933e-06,0.0005535639404898632,0.0002931336202204564,0.0,0.0,0.20071136387364513,0.11847712202886376
2010-02-19,0.0003964877167349098,-0.0003475245673863489,0.0,0.0,3.23508941823144e-06,0.0003964877167349098,-0.0003507596568045803,0.0,0.0,0.20109466145480928,0.11808076376544756
2010-02-22,-0.0003919225459233798,0.0002581039463225317,0.0,0.0,9.733386828870932e-06,-0.0003919225459233798,0.0002483705594936608,0.0,0.0,0.20148193579350937,0.11842287308459634
2010-02-23,-0.0009952128608057738,-0.0011191224516396295,0.0,0.0,3.237855735917837e-06,-0.0009952128608057738,-0.0011223603073755473,0.0,0.0,0.20111888426293045,0.11818173436100105
2010-02-24,0.000743808460275298,-3.355179416598489e-05,2.449377225344106e-07,4.5775583381893965e-08,3.2691913568951414e-06,0.0007435635225527636,-3.686676110626193e-05,0.001222862674209888,0.0002285366734396596,0.19932548452687088,0.11932548452667267
2010-02-25,-0.0002092703707639002,-0.0002822394890926816,0.0,0.0,3.267801239579505e-06,-0.0002092703707639002,-0.0002855072903322611,0.0,0.0,0.19992800451383383,0.11927474524465193
2010-02-26,0.0006338707733137169,-0.00014779551908644466,0.0,0.0,3.277155291551973e-06,0.0006338707733137169,-0.00015107267437799665,0.0,0.0,0.19981759942756053,0.11961616814164702
2010-03-01,-0.00034928109027459293,-0.00015819245562827497,0.0,0.0,9.838863267086096e-06,-0.00034928109027459293,-0.00016803131889536106,0.0,0.0,0.20035473931362088,0.11970616974954751
2010-03-02,0.0005018918572435399,0.0001476121715685622,0.0,0.0,3.2856548389293536e-06,0.0005018918572435399,0.00014432651672963286,0.0,0.0,0.20010897708037625,0.11992640162092139
2010-03-03,0.00028520185604300976,0.0003747630991607565,0.0,0.0,3.279491402243866e-06,0.00028520185604300976,0.00037148360775851266,0.0,0.0,0.2004813142287269,0.11970143618190107
2010-03-04,-0.00025234481201340264,-0.0004971112536631586,0.0,0.0,3.267078477130048e-06,-0.00025234481201340264,-0.0005003783321402886,0.0,0.0,0.20063476215293083,0.11924836441524675
2010-03-05,0.00042026914198643674,0.0007280676076164067,0.0,0.0,3.283169281035788e-06,0.00042026914198643674,0.000724784438335371,0.0,0.0,0.20053336344475725,0.11983567875780624
2010-03-08,-0.00020336728551326096,0.0003266117174827806,0.0,0.0,9.77846979802632e-06,-0.00020336728551326096,0.00031683324768475425,0.0,0.0,0.20072379308881158,0.11897138254265355
2010-03-09,-0.00028323331678109894,-0.00017707466879588038,0.0,0.0,3.250172882449704e-06,-0.00028323331678109894,-0.00018032484167833008,0.0,0.0,0.20049767614156172,0.1186313102094142
2010-03-10,-5.94461390734737e-05,0.0002329870023228259,1.8716590976063654e-05,5.957415164417332e-16,3.2565338359857178e-06,-7.816273004953734e-05,0.00022973046848624444,0.09279585835555867,2.9536546183518407e-12,0.19886348501883333,0.11886348501347871
2010-03-11,-4.6540979795408684e-05,-2.409307885259633e-05,0.0,0.0,3.2496580871156705e-06,-4.6540979795408684e-05,-2.7342736939712e-05,0.0,0.0,0.19877391116758394,0.11861252017972196
2010-03-12,0.0004396716106868551,-5.332841778331413e-05,0.0,0.0,3.250558334799036e-06,0.0004396716106868551,-5.6578976118113163e-05,0.0,0.0,0.19874205398940883,0.11864537922016477
2010-03-15,-0.00020115244735556626,-0.00016583892046805594,0.0,0.0,9.752322119249306e-06,-0.00020115244735556626,-0.00017559124258730523,0.0,0.0,0.1991054497687868,0.11865325245086655
2010-03-16,0.000569604270469681,-0.0001818186564974985,0.0,0.0,3.256544454391597e-06,0.000569604270469681,-0.0001850752009518901,0.0,0.0,0.19897926150263182,0.1188638725852933
2010-03-17,0.00031076708180799006,-0.00023457314120586795,0.0,0.0,3.2602721180423985e-06,0.00031076708180799006,-0.00023783341332391035,0.0,0.0,0.19947216292789618,0.11899993230854752
2010-03-18,-0.00013207904448739357,-3.227100646870573e-05,0.0,0.0,3.2664605444948295e-06,-0.00013207904448739357,-3.553746701320056e-05,0.0,0.0,0.19976836017034988,0.11922580987406128
2010-03-19,-0.0004987574414076732,-0.0002545590274767426,0.0,0.0,3.267892434388167e-06,-0.0004987574414076732,-0.00025782691991113073,0.0,0.0,0.19966974907265428,0.11927807385516809
2010-03-22,0.00024332620480891888,-7.506527446892919e-05,0.0,0.0,9.83203872969988e-06,0.00024332620480891888,-8.489731319862907e-05,0.0,0.0,0.19932179538450445,0.1196231378780152
2010-03-23,-0.0002953192945719307,0.00013632408695717806,0.0,0.0,3.2788833562396072e-06,-0.0002953192945719307,0.00013304520360093845,0.0,0.0,0.19953350971652986,0.11967924250274567
2010-03-24,-0.0005551410181619003,0.001103906761789006,4.489670769505896e-06,8.303257057713462e-06,4.38487758850194e-06,-0.0005596306889314062,0.0010912186271427905,0.021891110335225693,0.04048571169777578,0.17737941653040618,0.1600480319803208
2010-03-25,-0.0003950880321706678,0.0003863296371480295,0.0,0.0,4.352319926854656e-06,-0.0003950880321706678,0.00038197731722117487,0.0,0.0,0.17673032780166875,0.15885967733019493
2010-03-26,1.9520734365552068e-05,-0.0002973532616885853,0.0,0.0,4.3417924772377005e-06,1.9520734365552068e-05,-0.00030169505416582297,0.0,0.0,0.17633755168087306,0.15847542541917606
2010-03-29,0.000479879410648723,0.00021239747378339158,0.0,0.0,1.305350078853051e-05,0.000479879410648723,0.00019934397299486108,0.0,0.0,0.17640684989811672,0.15881759292712117
2010-03-30,0.00017505521205223612,-0.00012670145832632823,0.0,0.0,4.342398362130737e-06,0.00017505521205223612,-0.00013104385668845895,0.0,0.0,0.17676666525627469,0.15849754021777188
2010-03-31,-0.0003747547357917992,-0.00040978312773404615,0.0,0.0,4.345678375766302e-06,-0.0003747547357917992,-0.00041412880610981246,0.0,0.0,0.17693393336610963,0.15861726071547003
2010-04-01,0.00024030107373451196,0.00018123899588776474,0.0,0.0,4.360345115271163e-06,0.00024030107373451196,0.0001768786507724936,0.0,0.0,0.1766985732266138,0.15915259670739745
2010-04-05,-0.00038483694955712244,0.0011111520166267165,0.0,0.0,1.7414253779721812e-05,-0.00038483694955712244,0.0010937377628469948,0.0,0.0,0.17686508977092283,0.15890506573996155
2010-04-06,0.0002589412385717888,-7.134687865843525e-05,0.0,0.0,4.3200584309917914e-06,0.0002589412385717888,-7.566693708942704e-05,0.0,0.0,0.17635523445223455,0.15768213273120038
2010-04-07,0.0003614937450629417,-0.0006690537584315661,0.0,0.0,4.321221171204428e-06,0.0003614937450629417,-0.0006733749796027706,0.0,0.0,0.1765818127824141,0.15772457274896162
2010-04-08,-0.00011404459674919544,7.799940597465452e-05,6.361246168879117e-16,1.0737426420630591e-07,4.352354490402822e-06,-0.00011404459674983156,7.35396772200454e-05,3.174155382978938e-12,0.0005357796093338474,0.17699850904412487,0.15886093889970299
2010-04-09,0.00017070887679387372,-0.00026193067951218725,0.0,0.0,4.350393732724186e-06,0.00017070887679387372,-0.00026628107324491143,0.0,0.0,0.17689162942859116,0.15878937124443276
2010-04-12,0.00033013524165234967,-0.00041612061619757026,0.0,0.0,1.3073959254175794e-05,0.00033013524165234967,-0.000429194575451746,0.0,0.0,0.17707926215941555,0.15906650425913882
2010-04-13,0.00012552901794087422,-0.00021201387857189188,0.0,0.0,4.3698198543295215e-06,0.00012552901794087422,-0.0002163836984262214,0.0,0.0,0.17742697319883108,0.15949842468302752
2010-04-14,0.0001499690140458457,0.00037159627723852974,0.0,0.0,4.3760260361897634e-06,0.0001499690140458457,0.00036722025120234,0.0,0.0,0.17756863515838345,0.15972495032092637
2010-04-15,0.0003351773031095225,-3.576330639849074e-05,0.0,0.0,4.363588515127435e-06,0.0003351773031095225,-4.012689491361818e-05,0.0,0.0,0.1776267375305574,0.15927098080215138
2010-04-16,-0.00024574381826010495,-0.0004486257746585512,0.0,0.0,4.3632809439175165e-06,-0.00024574381826010495,-0.0004529890556024687,0.0,0.0,0.17790942258591105,0.15925975445298934
2010-04-19,-0.00014089921509187435,0.00020526968319088408,0.0,0.0,1.3135894664524045e-05,-0.00014089921509187435,0.00019213378852636002,0.0,0.0,0.1777879050214646,0.1598200517517092
2010-04-20,0.0005834231144805909,-0.00010256486568821654,0.0,0.0,4.372783690197524e-06,0.0005834231144805909,-0.00010693764937841406,0.0,0.0,0.1776379046041045,0.1596066046922096
2010-04-21,0.00044897048023270406,-0.00040282315730637356,0.0,0.0,4.373509772679584e-06,0.00044897048023270406,-0.00040719666707905315,0.0,0.0,0.1781364482901699,0.15963310670280484
2010-04-22,-0.0001301015430646517,0.0003427870044363117,7.44989010361116e-08,8.491919711300738e-06,5.477107901028894e-06,-0.00013017604196568784,0.0003288179768239821,0.0003519238401581753,0.04011480644079902,0.17822603504836526,0.19991443838755468
2010-04-23,-0.00015125953173510289,0.00018448254386287317,0.0,0.0,5.466630574175409e-06,-0.00015125953173510289,0.00017901591328869777,0.0,0.0,0.17806056321050254,0.19953201595740241
2010-04-26,3.85156987497923e-05,-0.00023613920118439722,0.0,0.0,1.6384274005554805e-05,3.85156987497923e-05,-0.00025252347518995205,0.0,0.0,0.17790436569731305,0.19934200040091676
2010-04-27,-0.0006699342695969071,-0.0002984837052527815,0.0,0.0,5.469064658040677e-06,-0.0006699342695969071,-0.0003039527699108222,0.0,0.0,0.17798097070785274,0.19962086001848475
2010-04-28,0.00020601554953326333,0.0006372174662167857,0.0,0.0,5.482581709070534e-06,0.00020601554953326333,0.0006317348845077151,0.0,0.0,0.1774838856942549,0.2001142323810745
2010-04-29,0.0006332480520379026,-0.0005306371117070092,0.0,0.0,5.46054911890301e-06,0.0006332480520379026,-0.0005360976608259122,0.0,0.0,0.1775411660548656,0.19931004283995984
2010-04-30,0.0003743672893571724,-0.0007725731754568323,0.0,0.0,5.474555266777597e-06,0.0003743672893571724,-0.0007780477307236099,0.0,0.0,0.1781571060743512,0.19982126723738228
2010-05-03,-8.168070038811768e-06,0.00039766224302626894,0.0,0.0,1.649382319926773e-05,-8.168070038811768e-06,0.0003811684198270012,0.0,0.0,0.17860357213253644,0.20067484892442405
2010-05-04,-0.00048355436027704103,-0.0006663977229641681,0.0,0.0,5.4850003034174915e-06,-0.00048355436027704103,-0.0006718827232675856,0.0,0.0,0.1785288127528935,0.20020251107473847
2010-05-05,-0.00027124271750757515,-7.362154667594109e-05,0.0,0.0,5.5096237989331905e-06,-0.00027124271750757515,-7.913117047487429e-05,0.0,0.0,0.17825121645829936,0.20110126866106148
2010-05-06,-0.0021245784966611855,-0.0020290395340050913,4.7317805621285124e-06,3.276913093524808e-05,5.479452054805487e-06,-0.002129310277223314,-0.002067288116995145,0.023166575278913058,0.16043612518973047,0.19999999999863244,0.20000000000040033
2010-05-07,-0.0009739759516251406,0.000871654029611325,0.0,0.0,5.558368419006483e-06,-0.0009739759516251406,0.0008660956611923186,0.0,0.0,0.19870932473507066,0.20288044729373667
2010-05-10,0.0022806352195071542,0.001415310517235943,0.0,0.0,1.6605253839672034e-05,0.0022806352195071542,0.001398705263396271,0.0,0.0,0.1977566828318245,0.20203058838267637
2010-05-11,9.480330380550833e-05,-0.00024983347110429173,0.0,0.0,5.47616032424295e-06,9.480330380550833e-05,-0.0002553096314285347,0.0,0.0,0.19930401073622478,0.19987985183486767
2010-05-12,0.0012705881517618162,0.0006690743166073407,0.0,0.0,5.483885275162566e-06,0.0012705881517618162,0.0006635904313321781,0.0,0.0,0.19943082394919726,0.2001618125434337
2010-05-13,-0.0005753524095567521,-4.381887150706144e-05,0.0,0.0,5.45500352098685e-06,-0.0005753524095567521,-4.927387502804829e-05,0.0,0.0,0.20031396911200805,0.19910762851602
2010-05-14,-0.0009954510515887273,-0.0006170161012434997,0.0,0.0,5.459614256582796e-06,-0.0009954510515887273,-0.0006224757155000824,0.0,0.0,0.19986345667081587,0.19927592036527203
2010-05-17,-0.00022857722134381295,0.00032430455583066207,0.0,0.0,1.645618131814408e-05,-0.00022857722134381295,0.000307848374512518,0.0,0.0,0.19919028090644963,0.2002168727040863
2010-05-18,-0.00010009368576111144,-0.00036644489974076123,0.0,0.0,5.476074621640471e-06,-0.00010009368576111144,-0.0003719209743624017,0.0,0.0,0.19894593301157779,0.1998767236898772
2010-05-19,-0.0005860137290986989,-0.0006812335984229122,0.0,0.0,5.488704957139601e-06,-0.0005860137290986989,-0.0006867223033800518,0.0,0.0,0.19893974180042762,0.20033773093559543
2010-05-20,-0.0024852143710178995,-0.001523483550316671,8.374523707307656e-08,7.306417261778145e-06,5.479452054767126e-06,-0.0024852981162549726,-0.0015362694196332165,0.00041086731893950315,0.03584643349663645,0.19819563441538612,0.19999999999900012
2010-05-21,0.0011488007997093382,-0.0001111655306456437,0.0,0.0,5.543484828741224e-06,0.0011488007997093382,-0.00011670901547438493,0.0,0.0,0.19650066072230968,0.20233719624905466
2010-05-24,-0.00048483365569403547,0.00046521161455780356,0.0,0.0,1.662243550003988e-05,-0.00048483365569403547,0.0004485891790577637,0.0,0.0,0.19744567945841726,0.20223963191715189
2010-05-25,-0.00038258634259399535,-0.00019483498517479156,0.0,0.0,5.528266678792592e-06,-0.00038258634259399535,-0.00020036325185358414,0.0,0.0,0.19696798480424654,0.2017817337759296
2010-05-26,-0.00025225394712995836,7.709821908191656e-05,0.0,0.0,5.536832317746055e-06,-0.00025225394712995836,7.156138676417051e-05,0.0,0.0,0.19670006468458825,0.202094379597731
2010-05-27,0.0015930978489319724,0.0006647363873949483,0.0,0.0,5.535720301245909e-06,0.0015930978489319724,0.0006592006670937024,0.0,0.0,0.1964833138104999,0.20205379099547566
2010-05-28,-0.00039933675968978057,0.0001273973469409782,0.0,0.0,5.505109196153813e-06,-0.00039933675968978057,0.0001218922377448244,0.0,0.0,0.19763128700499027,0.20093648565961417
2010-06-01,-0.0009580393945150022,-0.0006108260226532636,0.0,0.0,2.201258270201036e-05,-0.0009580393945150022,-0.0006328386053552739,0.0,0.0,0.19728668635568258,0.20086481715584456
2010-06-02,0.0009330653040528351,0.0007857120273896259,0.0,0.0,5.528676084178065e-06,0.0009330653040528351,0.0007801833513054478,0.0,0.0,0.19664147956486924,0.20179667707249938
2010-06-03,0.00032313179830605233,0.0005606793152321177,0.0,0.0,5.4977307474526855e-06,0.00032313179830605233,0.000555181584484665,0.0,0.0,0.19723662947868031,0.200667172282023
2010-06-04,-0.001296408360812971,-4.312652339809287e-05,8.517133476256462e-06,8.917624561924403e-06,4.2713361721210414e-06,-0.0013049254942892276,-5.6315484132138315e-05,0.042049859919795325,0.04402712070811229,0.20000000000278906,0.155903770282418
2010-06-07,-0.0008178483775844152,-4.6164645489970625e-05,0.0,0.0,1.2835024723734871e-05,-0.0008178483775844152,-5.899967021370549e-05,0.0,0.0,0.19897444380854692,0.15615946747210757
2010-06-08,0.0003299391492132153,3.0508422642901904e-05,0.0,0.0,4.283362217184385e-06,0.0003299391492132153,2.622506042571752e-05,0.0,0.0,0.19833050114370918,0.15634272092723003
2010-06-09,-5.2525394378765243e-05,-0.0004301352053195318,0.0,0.0,4.281001630426523e-06,-5.2525394378765243e-05,-0.0004344162069499583,0.0,0.0,0.1985897097459083,0.1562565595105681
2010-06-10,0.0006060570995696935,-0.00046867472891883407,0.0,0.0,4.2948775111324425e-06,0.0006060570995696935,-0.0004729696064299665,0.0,0.0,0.19863390746450843,0.15676302915633417
2010-06-11,0.0007030785130771994,0.0006256635515606735,0.0,0.0,4.307144687575406e-06,0.0007030785130771994,0.000621356406873098,0.0,0.0,0.19921345174518573,0.15721078109650233
2010-06-14,0.0001941586805313032,-0.00086253054812323,0.0,0.0,1.28529867167947e-05,0.0001941586805313032,-0.0008753835348400247,0.0,0.0,0.19965210403983094,0.15637800505433552
2010-06-15,0.0007653579700982521,-0.00034872679344468105,0.0,0.0,4.310896569406853e-06,0.0007653579700982521,-0.0003530376900140879,0.0,0.0,0.1999824957669054,0.15734772478335013
2010-06-16,7.496891740329225e-05,0.00014898176471535757,0.0,0.0,4.318670052885567e-06,7.496891740329225e-05,0.000144663094662472,0.0,0.0,0.20066511544040214,0.1576314569303232
2010-06-17,0.00034792990722955826,-0.0005515594609729007,0.0,0.0,4.313640947061053e-06,0.00034792990722955826,-0.0005558731019199618,0.0,0.0,0.2006960050903938,0.15744789456772845
2010-06-18,-7.716307122795633e-05,-0.00010112757015979425,8.238585598408821e-06,4.765055154390904e-06,3.6930744288318794e-06,-8.540165682636515e-05,-0.00010958569974301703,0.040172536689100466,0.02323509912336495,0.20000000000919768,0.1347972166523636
2010-06-21,-6.715639627251325e-05,0.0003866713684644202,0.0,0.0,1.1089697492376461e-05,-6.715639627251325e-05,0.00037558167097204376,0.0,0.0,0.19996182696602466,0.13492465282391358
2010-06-22,-0.0004508089210871975,-0.00037080356424384073,0.0,0.0,3.684835598238232e-06,-0.0004508089210871975,-0.00037448839984207896,0.0,0.0,0.19983303701041813,0.13449649933569546
2010-06-23,4.669392159748392e-05,-0.0006472967174680318,0.0,0.0,3.698046587940035e-06,4.669392159748392e-05,-0.0006509947640559718,0.0,0.0,0.19954691362254337,0.13497870045981128
2010-06-24,-0.0007304415504973804,-0.00011880760468281321,0.0,0.0,3.71802755176481e-06,-0.0007304415504973804,-0.00012252563223457801,0.0,0.0,0.19971429506089713,0.13570800563941557
2010-06-25,0.00033842678108731073,-0.0005767896800579409,0.0,0.0,3.7244593962712693e-06,0.00033842678108731073,-0.0005805141394542121,0.0,0.0,0.19915372510223084,0.13594276796390134
2010-06-28,0.00043938553783660753,0.000101826342337904,0.0,0.0,1.1223502627880281e-05,0.00043938553783660753,9.060283971002371e-05,0.0,0.0,0.19954045810570822,0.13655261530587678
2010-06-29,-0.0008877873535459738,-0.00017718364727168962,0.0,0.0,3.7363975325568334e-06,-0.0008877873535459738,-0.00018092004480424646,0.0,0.0,0.1998739127927899,0.13637850993832443
2010-06-30,-0.0003220278908669193,0.00023503420459793016,0.0,0.0,3.7452544602077555e-06,-0.0003220278908669193,0.00023128895013772242,0.0,0.0,0.19919901089593242,0.13670178779758307
2010-07-01,-0.0006052788876011244,-0.0014543490217197612,0.0,0.0,3.739154453845465e-06,-0.0006052788876011244,-0.0014580881761736067,0.0,0.0,0.19889503052945204,0.13647913756535948
2010-07-02,-0.000342400239738013,7.919287796799931e-06,2.620859547060918e-07,6.105021441363472e-07,3.7038319495177728e-06,-0.0003426623256927191,3.604953703145811e-06,0.001300257864658138,0.0030288163102602564,0.2000000000072198,0.13518986615739872
2010-07-06,3.427373041875696e-05,-7.010042107672803e-05,0.0,0.0,1.4819484586413387e-05,3.427373041875696e-05,-8.491990566314142e-05,0.0,0.0,0.19972531810895966,0.13522779685102215
2010-07-07,0.0008779819579574012,-3.991708512019238e-05,0.0,0.0,3.7069794504157746e-06,0.0008779819579574012,-4.362406457060815e-05,0.0,0.0,0.19976970941108976,0.13530474994017577
2010-07-08,0.0005521525343116095,0.00026278542428926185,0.0,0.0,3.7049817883861963e-06,0.0005521525343116095,0.00025908044250087564,0.0,0.0,0.20048041894902757,0.13523183527609617
2010-07-09,0.0002404800767450355,0.00044847649822535687,0.0,0.0,3.6947848564029966e-06,0.0002404800767450355,0.00044478171336895386,0.0,0.0,0.20086961942402265,0.13485964725870936
2010-07-12,-9.719128750016526e-05,0.00015208426831364127,0.0,0.0,1.1039928246170367e-05,-9.719128750016526e-05,0.0001410443400674709,0.0,0.0,0.2009723808073322,0.1343191269950728
2010-07-13,0.0005298847516446714,-0.0005964632706382776,0.0,0.0,3.67564820138043e-06,0.0005298847516446714,-0.0006001389188396581,0.0,0.0,0.20086638091587067,0.1341611593503857
2010-07-14,0.00017301503133851942,-0.00036100772522659297,0.0,0.0,3.692249056732529e-06,0.00017301503133851942,-0.00036469997428332547,0.0,0.0,0.20141041558852696,0.1347670905707373
2010-07-15,-0.00010684154570718142,-0.0011753249240264731,0.0,0.0,3.7028494598289173e-06,-0.00010684154570718142,-0.001179027773486302,0.0,0.0,0.20162207853648617,0.13515400528375549
2010-07-16,-0.0008935134465142961,5.510697345095057e-05,0.0,0.0,3.7398591127701743e-06,-0.0008935134465142961,5.1367114338180394e-05,0.0,0.0,0.20177469287774014,0.13650485761611136
2010-07-19,-4.257724758493135e-05,0.00023413793142168662,2.1060794753880533e-07,6.429844207530127e-08,1.1198140549245795e-05,-4.278785553247016e-05,0.0002228754924303655,0.0010504933704420822,0.0003207148064410664,0.19999999999635484,0.13624404334915718
2010-07-20,0.0007956052578427838,0.00022629494655220336,0.0,0.0,3.725627839054601e-06,0.0007956052578427838,0.00022256931871314874,0.0,0.0,0.1999214193727898,0.13598541612549292
2010-07-21,4.629260283595701e-05,0.00029860122670643163,0.0,0.0,3.7156448024318773e-06,4.629260283595701e-05,0.00029488558190399975,0.0,0.0,0.20051286752664463,0.13562103528876351
2010-07-22,0.0006730953314809386,-0.0004883979256225228,0.0,0.0,3.7061994724973625e-06,0.0006730953314809386,-0.0004921041250950201,0.0,0.0,0.20049075705693079,0.13527628074615372
2010-07-23,0.00044989419405415377,-0.0002529145212553353,0.0,0.0,3.718907148091741e-06,0.00044989419405415377,-0.000256633428403427,0.0,0.0,0.2011274500885829,0.13574011090534854
2010-07-26,0.0003977070708752565,-0.0004639666620841089,0.0,0.0,1.1175349182633472e-05,0.0003977070708752565,-0.0004751420112667424,0.0,0.0,0.2015383948181464,0.13596674838870723
2010-07-27,-5.167037197784653e-05,0.000177947441344644,0.0,0.0,3.738117270498739e-06,-5.167037197784653e-05,0.00017420932407414527,0.0,0.0,0.20195174000997135,0.13644128037320397
2010-07-28,-6.833343038065048e-05,-0.00019873723782138362,0.0,0.0,3.7327845866214874e-06,-6.833343038065048e-05,-0.00020247002240800512,0.0,0.0,0.20187533204635041,0.13624663741168427
2010-07-29,-0.00028996679871580764,-0.0004560251886911648,0.0,0.0,3.7392420421080255e-06,-0.00028996679871580764,-0.0004597644307332728,0.0,0.0,0.20186166345141807,0.13648233453694292
2010-07-30,0.0002424031401689801,-0.0003425036823816337,0.0,0.0,3.7545507868715546e-06,0.0002424031401689801,-0.00034625823316850523,0.0,0.0,0.20172293463649538,0.13704110372081174
2010-08-02,0.00024554686290971,-0.0006771578619048312,5.468815095633251e-06,1.9723217115706022e-07,1.1212803923994451e-05,0.00024007804781407677,-0.0006885678979999827,0.027046508315880537,0.0009754291311874956,0.2000000000007029,0.1364224477419325
2010-08-03,0.0001462344021144619,-0.0005512790965399306,0.0,0.0,3.757838930806424e-06,0.0001462344021144619,-0.000555036935470737,0.0,0.0,0.20033539525501745,0.13716112097443445
2010-08-04,2.86921934992728e-05,0.0004477971056650957,0.0,0.0,3.774485486927101e-06,2.86921934992728e-05,0.0004440226201781686,0.0,0.0,0.2005636205733214,0.13776872027283918
2010-08-05,4.590858430487302e-05,-0.0002379186696558522,0.0,0.0,3.760439457635702e-06,4.590858430487302e-05,-0.0002416791091134879,0.0,0.0,0.20049753461210373,0.1372560402037031
2010-08-06,7.62754411246253e-05,-0.0005525278578561815,0.0,0.0,3.7676953810543677e-06,7.62754411246253e-05,-0.0005562955532372359,0.0,0.0,0.20058271137908282,0.13752088140848442
2010-08-09,0.00021795156478232456,0.0004788407733084422,0.0,0.0,1.1353949515873552e-05,0.00021795156478232456,0.00046748682379256864,0.0,0.0,0.20075535342746692,0.1381397191097949
2010-08-10,0.00015334604947968324,-3.687395480288377e-05,0.0,0.0,3.7689475320054355e-06,0.00015334604947968324,-4.06429023348892e-05,0.0,0.0,0.20083564453169306,0.1375665849181984
2010-08-11,-0.00041224469509331454,0.0008704105999214744,0.0,0.0,3.7695329391169967e-06,-0.00041224469509331454,0.0008666410669823574,0.0,0.0,0.2009663410420671,0.13758795227777038
2010-08-12,-0.00038455550974687846,0.0005952610593393387,0.0,0.0,3.743984820246995e-06,-0.00038455550974687846,0.0005915170745190917,0.0,0.0,0.20046300668403857,0.13665544593901532
2010-08-13,0.0002505882250710752,0.000252749956260305,0.0,0.0,3.726904971988555e-06,0.0002505882250710752,0.00024902305128831644,0.0,0.0,0.2000370511931644,0.13603203147758225
2010-08-16,0.0003246481756358841,-0.00023709394658353282,5.01820703150516e-06,8.198843362522418e-06,7.865347867186164e-06,0.000319629968604379,-0.00025315813781324136,0.02449255770661011,0.040016412819023635,0.17569506572468632,0.09569506571743167
2010-08-17,-0.0002498013166074922,8.85355774667687e-05,0.0,0.0,2.6281036520980563e-06,-0.0002498013166074922,8.590747381467065e-05,0.0,0.0,0.17600801432537605,0.09592578330157905
2010-08-18,7.451430129422795e-05,-2.0747119300612334e-05,0.0,0.0,2.6261084228397023e-06,7.451430129422795e-05,-2.3373227723452035e-05,0.0,0.0,0.17578702341954988,0.09585295743364913
2010-08-19,0.0001996597647448547,7.658994282773106e-05,0.0,0.0,2.6265425128632293e-06,0.0001996597647448547,7.396340031486783e-05,0.0,0.0,0.17585254443293166,0.09586880171950786
2010-08-20,8.512347344063363e-05,0.000318547881924616,0.0,0.0,2.6237262459855324e-06,8.512347344063363e-05,0.00031592415567863045,0.0,0.0,0.17600404541370712,0.09576600797847193
2010-08-23,8.968312135055314e-05,0.00012172286310251003,0.0,0.0,7.841851764206225e-06,8.968312135055314e-05,0.0001138810113383038,0.0,0.0,0.17601857705413917,0.09540919646450906
2010-08-24,0.00035549700212273745,0.00021556693113595912,0.0,0.0,2.610084395540805e-06,0.00035549700212273745,0.00021295684674041833,0.0,0.0,0.17607241814639935,0.09526808043723939
2010-08-25,-0.00011365365619547647,-1.9943032634973722e-05,0.0,0.0,2.6026989379932778e-06,-0.00011365365619547647,-2.2545731572967e-05,0.0,0.0,0.1763276809995968,0.09499851123675465
2010-08-26,0.0002003804571971907,-0.0003391775440357436,0.0,0.0,2.603599931165649e-06,0.0002003804571971907,-0.0003417811439669093,0.0,0.0,0.1762380308553053,0.09503139748754619
2010-08-27,-0.0006195594830067264,5.535496920621412e-05,0.0,0.0,2.613261983657882e-06,-0.0006195594830067264,5.2741707222556236e-05,0.0,0.0,0.17646336335327037,0.09538406240351269
2010-08-30,0.0005877735972616823,0.000229737366185295,3.1723805128035856e-06,2.253328798122298e-15,7.839679898321666e-06,0.0005846012167488786,0.00022189768628472,0.015794962618207273,1.121909682310396e-11,0.17538277207905212,0.09538277209624693
2010-08-31,0.0002635762838941465,0.00032405887247830543,0.0,0.0,2.6048316644778648e-06,0.0002635762838941465,0.00032145404081382757,0.0,0.0,0.17582873999038978,0.09507635575344206
2010-09-01,-0.00040883319213097356,-0.0004929485848200453,0.0,0.0,2.5944355157522727e-06,-0.00040883319213097356,-0.0004955430203357975,0.0,0.0,0.1759893571635174,0.09469689632495794
2010-09-02,-0.00019067061559109103,9.590190414631075e-05,0.0,0.0,2.610301651152939e-06,-0.00019067061559109103,9.329160249515781e-05,0.0,0.0,0.1757394585572974,0.09527601026708227
2010-09-03,-0.00038770948471315766,-0.00027392394188131396,0.0,0.0,2.60792815919464e-06,-0.00038770948471315766,-0.0002765318700405086,0.0,0.0,0.17556588437426002,0.09518937781060435
2010-09-07,0.0007162050920422448,0.000552879708796189,0.0,0.0,1.0468685432696843e-05,0.0007162050920422448,0.0005424110233634922,0.0,0.0,0.17529461282064784,0.09552675457335869
2010-09-08,-0.0003037982051832676,-0.00028044336776262315,0.0,0.0,2.5987531363147967e-06,-0.0003037982051832676,-0.00028304212089893795,0.0,0.0,0.17578956633158493,0.09485448947549008
2010-09-09,-0.000396889878629807,8.255796475086672e-05,0.0,0.0,2.6079669764443674e-06,-0.000396889878629807,7.994999777442236e-05,0.0,0.0,0.1755888107213418,0.09519079464021939
2010-09-10,-2.902490886551966e-05,0.00019663584371962665,0.0,0.0,2.6065312280932754e-06,-2.902490886551966e-05,0.00019402931249153338,0.0,0.0,0.17524746375299405,0.09513838982540455
2010-09-13,0.00035893231342882907,-0.000398997867454588,0.0,0.0,7.802144445919787e-06,0.00035893231342882907,-0.0004068000119005078,0.0,0.0,0.17518953179991237,0.09492609075869074
2010-09-14,0.00021645106739688255,-0.0006381663037507273,5.008835907152974e-06,5.054708091696365e-06,3.287671233033664e-06,0.0002114422314897296,-0.0006465086830754574,0.02444646130518796,0.024670348173356865,0.19999999999503715,0.12000000000572875
2010-09-15,-0.0008602168566563842,-0.00010558588003186024,0.0,0.0,3.3065938293997942e-06,-0.0008602168566563842,-0.00010889247386126003,0.0,0.0,0.2003035964373759,0.1206906747730925
2010-09-16,-0.0003030232100061493,0.00019644652980171476,0.0,0.0,3.3126969587682032e-06,-0.0003030232100061493,0.00019313383284294655,0.0,0.0,0.19963684951429897,0.12091343899503942
2010-09-17,7.749628058048805e-05,0.00015895721223378961,0.0,0.0,3.30767834077403e-06,7.749628058048805e-05,0.00015564953389301557,0.0,0.0,0.19935573338166807,0.12073025943825211
2010-09-20,0.0002842523857226192,-0.00027741252169904756,0.0,0.0,9.907660116486724e-06,0.0002842523857226192,-0.0002873201818155343,0.0,0.0,0.19938674347754523,0.1205431980839218
2010-09-21,0.0008242075911743791,-0.00014780308071372602,0.0,0.0,3.310163870130277e-06,0.0008242075911743791,-0.0001511132445838563,0.0,0.0,0.19967160841504802,0.1208209812597551
2010-09-22,0.00012761586314909075,-0.00028818732732134366,0.0,0.0,3.3119839919009397e-06,0.00012761586314909075,-0.00029149931131324463,0.0,0.0,0.20036095418068592,0.12088741570438427
2010-09-23,0.00011850074173835472,0.00018094622808571833,0.0,0.0,3.320423697600152e-06,0.00011850074173835472,0.00017762580438811817,0.0,0.0,0.20052143218757273,0.12119546496240555
2010-09-24,-0.00046141242037028775,-0.0009705144903008857,0.0,0.0,3.314484759769594e-06,-0.00046141242037028775,-0.0009738289750606553,0.0,0.0,0.20058053570805168,0.12097869373159018
2010-09-27,0.0005132387806731433,-0.00015985487414223016,0.0,0.0,1.0037629014253321e-05,0.0005132387806731433,-0.00016989250315648348,0.0,0.0,0.20040675535889643,0.12212448634008208
2010-09-28,0.0004145853120420863,-0.00010875901243926711,6.076036003321984e-06,8.193327144913578e-08,3.3379608122752804e-06,0.0004085092760387643,-0.00011217890652299153,0.03016762450446972,0.0004068001187203194,0.19999999999311419,0.12183556964804772
2010-09-29,-0.00018044847954884052,-0.00016958471507028854,0.0,0.0,3.3399507823967072e-06,-0.00018044847954884052,-0.00017292466585268524,0.0,0.0,0.2003552139705659,0.12190820355747978
2010-09-30,2.3959929266431462e-05,0.00047909655573185933,0.0,0.0,3.3457792475104864e-06,2.3959929266431462e-05,0.00047575077648434887,0.0,0.0,0.2002455268827042,0.12212094253413276
2010-10-01,5.018705606346716e-05,-0.0005783056429606564,0.0,0.0,3.330988783720776e-06,5.018705606346716e-05,-0.0005816366317443771,0.0,0.0,0.2001694599898494,0.12158109060580832
2010-10-04,5.2200524736139206e-05,0.0006057848598942586,0.0,0.0,1.0045837177722087e-05,5.2200524736139206e-05,0.0005957390227165365,0.0,0.0,0.2003261102722148,0.12222435232895207
2010-10-05,0.00022743085664065298,-0.0011419801265114952,0.0,0.0,3.329858000411606e-06,0.00022743085664065298,-0.0011453099845119068,0.0,0.0,0.20024856183441797,0.12153981701502363
2010-10-06,0.0006054719947409685,-0.00041967634679253074,0.0,0.0,3.364233086496736e-06,0.0006054719947409685,-0.00042304057987902746,0.0,0.0,0.20066017447700604,0.12279450765713085
2010-10-07,0.00027317788661939324,1.290805845312665e-05,0.0,0.0,3.3751153415335615e-06,0.00027317788661939324,9.532943111593088e-06,0.0,0.0,0.20122893599224279,0.123191709965975
2010-10-08,0.0003385957353231328,-0.00037758595285286686,0.0,0.0,3.373807884070231e-06,0.0003385957353231328,-0.0003809597607369371,0.0,0.0,0.2014451631496428,0.12314398776856345
2010-10-11,0.00014462608572350479,0.0003355461183901226,0.0,0.0,1.0152888231304065e-05,0.00014462608572350479,0.00032539323015881854,0.0,0.0,0.20179230761941427,0.12352680681419947
2010-10-12,-0.00025215218682856467,0.00034928064003901044,3.689390768375173e-07,4.864337035023602e-09,3.3728520173979503e-06,-0.00025252112590540217,0.0003459029236845775,0.0018420640362733498,2.428699174220499e-05,0.20000000000222984,0.1231090986350252
2010-10-13,0.00022774059642473763,-0.00037408735377459973,0.0,0.0,3.362968644736222e-06,0.00022774059642473763,-0.00037745032241933595,0.0,0.0,0.19972919674394035,0.1227483555328721
2010-10-14,-0.0002484423911631396,-0.0006489730174234894,0.0,0.0,3.3737226924326523e-06,-0.0002484423911631396,-0.000652346740115922,0.0,0.0,0.19998687732097134,0.1231408782737918
2010-10-15,-0.00029196734328453645,0.0004020354409457075,0.0,0.0,3.3945605583582267e-06,-0.00029196734328453645,0.00039864088038734925,0.0,0.0,0.19991851935918833,0.12390146038007527
2010-10-18,0.0003174971480338782,-6.389702035843758e-05,0.0,0.0,1.0149554977300376e-05,0.0003174971480338782,-7.404657533573796e-05,0.0,0.0,0.19960525941685753,0.12348625222382123
2010-10-19,0.000285787214888436,0.0012084586202395537,0.0,0.0,3.384111731791772e-06,0.000285787214888436,0.001205074508507762,0.0,0.0,0.19987409710148452,0.12352007821039968
2010-10-20,-4.4985941728490386e-05,-0.0008808532774513065,0.0,0.0,3.346014831005281e-06,-4.4985941728490386e-05,-0.0008841992922823118,0.0,0.0,0.19986191783311102,0.12212954133169276
2010-10-21,-0.00024248394852682953,0.0007175571540847871,0.0,0.0,3.373282201522602e-06,-0.00024248394852682953,0.0007141838718832645,0.0,0.0,0.200002771513434,0.12312480035557499
2010-10-22,9.898197822522829e-05,-0.00016694481617374863,0.0,0.0,3.3520419434828618e-06,9.898197822522829e-05,-0.0001702968581172315,0.0,0.0,0.19966610507844482,0.12234953093712445
2010-10-25,0.0002743591736380567,-0.00019755262807464073,0.0,0.0,1.007056550335821e-05,0.0002743591736380567,-0.00020762319357799894,0.0,0.0,0.19977933429590025,0.12252521362419155
2010-10-26,-0.0004507400158753143,0.00014888331146591094,2.9343611359168656e-05,7.432356320991155e-06,2.3529209599974968e-06,-0.00048008362723448296,0.00013909803418492227,0.14541984636834904,0.03683296173480886,0.16588161506487378,0.08588161503990863
2010-10-27,-0.00037947065250627625,0.0003930945106772818,0.0,0.0,2.3496431596290553e-06,-0.00037947065250627625,0.00039074486751765276,0.0,0.0,0.16548730383543897,0.08576197532646052
2010-10-28,0.0003798786451698538,-0.0007637584973358342,0.0,0.0,2.33884707834292e-06,0.0003798786451698538,-0.0007660973444141772,0.0,0.0,0.1651059717427076,0.08536791835951657
2010-10-29,0.0003452484228400749,-0.00010604949108030549,0.0,0.0,2.3606837088722558e-06,0.0003452484228400749,-0.00010841017478917775,0.0,0.0,0.16554978881197263,0.08616495537383732
2010-11-01,-5.775477848583048e-05,0.0002673844246146998,0.0,0.0,7.089088555830074e-06,-5.775477848583048e-05,0.0002602953360588697,0.0,0.0,0.16585575624807372,0.0862505774292659
2010-11-02,-4.938731806521628e-05,-0.0003446986065547402,0.0,0.0,2.355226888968347e-06,-4.938731806521628e-05,-0.0003470538334437085,0.0,0.0,0.16576442745002642,0.08596578144734468
2010-11-03,-0.00017112139645776412,-0.000401221389494721,0.0,0.0,2.3656085109703114e-06,-0.00017112139645776412,-0.00040358699800569127,0.0,0.0,0.16578076244832424,0.08634471065041636
2010-11-04,0.0003057092215143799,-0.001183928394987464,0.0,0.0,2.377967515698817e-06,0.0003057092215143799,-0.001186306362503163,0.0,0.0,0.16570487303340228,0.08679581432300681
2010-11-05,-0.0004138244023585092,0.00028809338449555286,0.0,0.0,2.4125283756722065e-06,-0.0004138244023585092,0.0002856808561198807,0.0,0.0,0.16615689954561208,0.08805728571203554
2010-11-08,1.9718263893730513e-05,0.00032711622136318523,0.0,0.0,7.214830752700079e-06,1.9718263893730513e-05,0.00031990139061048513,0.0,0.0,0.16576431677064438,0.08778044082451762
2010-11-09,-0.0008206537069669635,0.00019684769541400854,4.177764814300081e-06,1.2545078131685311e-05,2.9027901942646383e-06,-0.0008248314717812635,0.00018139982708805858,0.02047135026647151,0.06147179172818212,0.18595184211274665,0.10595184209065929
2010-11-10,-0.00047921999536538486,-0.0004926820604593128,0.0,0.0,2.899262584011877e-06,-0.00047921999536538486,-0.0004955813230433247,0.0,0.0,0.18525038436527194,0.1058230843164335
2010-11-11,-0.0006568351532977924,-4.840587854791337e-05,0.0,0.0,2.9156028561627416e-06,-0.0006568351532977924,-5.132148140407611e-05,0.0,0.0,0.18495145529236706,0.10641950424994007
2010-11-12,-3.7267730232384524e-05,0.00019033216975017283,0.0,0.0,2.9189961511071844e-06,-3.7267730232384524e-05,0.00018741317359906564,0.0,0.0,0.18442522208369422,0.10654335951541223
2010-11-15,-0.0011161305123977712,-6.615151186759068e-05,0.0,0.0,8.74003243729675e-06,-0.0011161305123977712,-7.489154430488743e-05,0.0,0.0,0.18436027349845818,0.10633706132044378
2010-11-16,-0.00045506463886751074,0.0005730474443026835,0.0,0.0,2.918632671841313e-06,-0.00045506463886751074,0.0005701288116308422,0.0,0.0,0.18346265105004217,0.10653009252220791
2010-11-17,4.0570769184059395e-05,-0.0003739141246147215,0.0,0.0,2.9025987567356093e-06,4.0570769184059395e-05,-0.0003768167233714571,0.0,0.0,0.18298653121733333,0.10594485462084974
2010-11-18,0.00018904380267747317,-0.000722202387576454,0.0,0.0,2.913822740435484e-06,0.00018904380267747317,-0.0007251162103168895,0.0,0.0,0.18308866480931707,0.10635453002589516
2010-11-19,0.0002499155426109926,0.00015502847187393693,0.0,0.0,2.935182577609641e-06,0.0002499155426109926,0.0001520932892963273,0.0,0.0,0.18337601143194618,0.10713416408275189
2010-11-22,0.00039294987829024627,4.686104567123491e-05,0.0,0.0,8.789272301556239e-06,0.00039294987829024627,3.8071773369678676e-05,0.0,0.0,0.18355213739420928,0.10693614633560092
2010-11-23,-0.0003351730720551993,0.0004991506025014346,8.067193475987202e-06,1.8296382519003528e-07,2.902404960199839e-06,-0.0003432402655311865,0.0004960652337160446,0.03992297698539441,0.000905452510090895,0.18593778103687897,0.10593778104729411
2010-11-24,-0.00021320056683258145,-0.00046072527554279967,0.0,0.0,2.888288198675126e-06,-0.00021320056683258145,-0.0004636135637414748,0.0,0.0,0.18557424758634045,0.10542251925164209
2010-11-26,-0.00030098208842664815,0.0005468221311262614,0.0,0.0,5.805751032265173e-06,-0.00030098208842664815,0.0005410163800939963,0.0,0.0,0.18548658696259612,0.10595495633883939
2010-11-29,-0.0003162611330558803,-0.0002118057616459219,0.0,0.0,8.661603181863193e-06,-0.0003162611330558803,-0.00022046736482778508,0.0,0.0,0.18514116464585526,0.10538283871266882
2010-11-30,0.00040219803370787437,5.3565190411328895e-06,0.0,0.0,2.894557549726107e-06,0.00040219803370787437,2.4619614914067826e-06,0.0,0.0,0.18492415757811867,0.1056513505650029
2010-12-01,-9.250257631352701e-06,-0.00042000211345961973,0.0,0.0,2.893240017288268e-06,-9.250257631352701e-06,-0.000422895353476908,0.0,0.0,0.18525139178451636,0.1056032606310218
2010-12-02,0.00022374062537916295,-2.6533586242148642e-05,0.0,0.0,2.906002740836661e-06,0.00022374062537916295,-2.9439588982985302e-05,0.0,0.0,0.18532222771423254,0.10606910004053813
2010-12-03,0.0007500193940881423,-0.00011035263588911768,0.0,0.0,2.906165017530095e-06,0.0007500193940881423,-0.00011325880090664777,0.0,0.0,0.18550992356920043,0.10607502313984846
2010-12-06,-0.00010804226618065442,-0.00015662282282422594,0.0,0.0,8.722011299163813e-06,-0.00010804226618065442,-0.00016534483412338977,0.0,0.0,0.18614141544517407,0.10611780413982637
2010-12-07,-0.0012576942537224963,9.41107800316419e-05,0.0,0.0,2.9124243552123565e-06,-0.0012576942537224963,9.119835567642954e-05,0.0,0.0,0.18608424621147743,0.106303488965251
2010-12-08,-0.0003582766432526177,-9.263545565152978e-05,2.4731783960317783e-05,8.26543062242167e-06,1.822125091153927e-06,-0.0003830084272129355,-0.00010272301136510539,0.1191667270047447,0.03982584985131515,0.14650756582849978,0.06650756582711834
2010-12-09,0.00022203132920299817,-8.487724200617437e-05,0.0,0.0,1.8255497757617867e-06,0.00022203132920299817,-8.670279178193616e-05,0.0,0.0,0.14622031298822424,0.06663256681530522
2010-12-10,0.00011509000662214966,7.5335514912092e-05,0.0,0.0,1.827627849448551e-06,0.00011509000662214966,7.350788706264346e-05,0.0,0.0,0.1464225291707091,0.06670841650487211
2010-12-13,0.0005715511279452689,8.167232739323207e-05,0.0,0.0,5.475658890482609e-06,0.0005715511279452689,7.619666850274947e-05,0.0,0.0,0.14650998770224682,0.06662051650087175
2010-12-14,-0.0003651676944444207,-0.00016962393732295218,0.0,0.0,1.8218019639423884e-06,-0.0003651676944444207,-0.00017144573928689456,0.0,0.0,0.14698632875963005,0.06649577168389718
2010-12-15,-0.0011868837813929192,-0.00024005465422369742,0.0,0.0,1.8274298184917253e-06,-0.0011868837813929192,-0.00024188208404218915,0.0,0.0,0.14669988219269703,0.06670118837494797
2010-12-16,0.0007668335423351516,-4.676000329543225e-05,0.0,0.0,1.8366307736903268e-06,0.0007668335423351516,-4.859663406912258e-05,0.0,0.0,0.1457211998875737,0.06703702323969693
2010-12-17,0.00010858613730742837,-9.799180896860363e-05,0.0,0.0,1.8365927609646444e-06,0.00010858613730742837,-9.982840172956828e-05,0.0,0.0,0.14638289583138392,0.06703563577520952
2010-12-20,1.6729275664791512e-06,-0.00011179833215001066,0.0,0.0,5.517784080885068e-06,1.6729275664791512e-06,-0.00011731611623089573,0.0,0.0,0.14649019904626337,0.06713303965076833
2010-12-21,-9.35607399020237e-05,-0.0002460655420574492,0.0,0.0,1.8425374051999034e-06,-9.35607399020237e-05,-0.00024790807946264905,0.0,0.0,0.14650881472033153,0.06725261528979648
2010-12-22,0.00031219555059948113,-0.00022912734809025053,1.598681689871137e-05,1.4430738462486467e-05,3.7677188330423677e-06,0.00029620873370076974,-0.00024732580538577934,0.07754815776882643,0.07000000000624115,0.2089171095311412,0.13752173740604642
2010-12-23,0.0006376199586047542,0.00025276486322811014,0.0,0.0,3.7738118196612273e-06,0.0006376199586047542,0.0002489910514084489,0.0,0.0,0.2092190778405565,0.13774413141763478
2010-12-27,-0.000255692637847302,-0.00020810003915758957,0.0,0.0,1.5054199800371064e-05,-0.000255692637847302,-0.00022315423895796064,0.0,0.0,0.20967080135819877,0.13736957317838594
2010-12-28,0.0005318020487152453,-1.1393804659379307e-05,0.0,0.0,3.77105707993357e-06,0.0005318020487152453,-1.5164861739312877e-05,0.0,0.0,0.20951543453181948,0.1376435834175753
2010-12-29,0.0012730816778129758,3.311184847080836e-06,0.0,0.0,3.7694218154820578e-06,0.0012730816778129758,-4.582369684012217e-07,0.0,0.0,0.20993877440269015,0.1375838962650951
2010-12-30,-0.00016731643028666533,0.00017458028593013547,0.0,0.0,3.7645402559153052e-06,-0.00016731643028666533,0.00017081574567422018,0.0,0.0,0.21094340455916957,0.13740571934090864
2010-12-31,0.0009286536342025713,0.00022707181603967626,0.0,0.0,3.7597440778526677e-06,0.0009286536342025713,0.00022331207196182358,0.0,0.0,0.21077535055945537,0.1372306588416224
2011-01-03,-2.068558549284886e-05,-0.0007178777019494378,0.0,0.0,1.1247611933399712e-05,-2.068558549284886e-05,-0.0007291253138828375,0.0,0.0,0.21146040905421598,0.1368459451896965
2011-01-04,-0.0003065622884414514,-0.00033404784433125896,0.0,0.0,3.771699921755601e-06,-0.0003065622884414514,-0.00033781954425301456,0.0,0.0,0.2115983822420185,0.13766704714407943
2011-01-05,-0.0007781014435395747,0.00012227049508648828,0.0,0.0,3.783289800706098e-06,-0.0007781014435395747,0.00011848720528578218,0.0,0.0,0.21142806035459133,0.13809007772577256
2011-01-06,-0.0015501664200564525,-0.00011464974398021703,1.4888496174372368e-05,8.193406954370368e-08,3.7719223995338233e-06,-0.001565054916230825,-0.00011850360044929455,0.06972428406444879,0.0003837052629435439,0.2776751675714579,0.13767516758298454
2011-01-07,0.0011025800320585255,-0.0002861753721351709,0.0,0.0,3.7814297466652203e-06,0.0011025800320585255,-0.0002899568018818361,0.0,0.0,0.27659065770882124,0.13802218575328054
2011-01-10,0.0005409975066282138,0.00024445625184000934,0.0,0.0,1.1358580257279934e-05,0.0005409975066282138,0.0002330976715827294,0.0,0.0,0.27746776099267206,0.13819605979690588
2011-01-11,0.0014533063268087417,-0.00017085080096150706,0.0,0.0,3.776572560926474e-06,0.0014533063268087417,-0.00017462737352243353,0.0,0.0,0.27779371972032746,0.1378448984738163
2011-01-12,0.002791132343885486,0.0005745984362159832,0.0,0.0,3.7764245701718807e-06,0.002791132343885486,0.0005708220116458113,0.0,0.0,0.2788904147435304,0.13783949681127364
2011-01-13,0.00024318155688465403,0.0012310362955016258,0.0,0.0,3.74808126911427e-06,0.00024318155688465403,0.0012272882142325115,0.0,0.0,0.28073771968794903,0.13680496632267086
2011-01-14,0.0007350712973948784,0.000786601004544201,0.0,0.0,3.708900421366003e-06,0.0007350712973948784,0.000782892104122835,0.0,0.0,0.28056833399096726,0.1353748653798591
2011-01-18,0.0014504673877521407,-0.0008165688351228854,0.0,0.0,1.4727043722267993e-05,0.0014504673877521407,-0.0008312958788451534,0.0,0.0,0.28087704421491744,0.13438427396569544
2011-01-19,-0.0007449376817571134,0.00017888515102413468,0.0,0.0,3.701840605241195e-06,-0.0007449376817571134,0.00017518331041889348,0.0,0.0,0.2821528106211749,0.1351171820913036
2011-01-20,-0.0003067460064359774,0.0001584515792045042,0.0,0.0,3.6990471905060153e-06,-0.0003067460064359774,0.00015475253201399818,0.0,0.0,0.28156829770786707,0.13501522245346953
2011-01-21,0.0015037674453525574,-7.783498479210113e-06,9.171536642374359e-07,3.7335747886000347e-07,3.746210297304006e-06,0.00150285029168832,-1.1903066255374123e-05,0.004567632267300958,0.00185940451875859,0.2767366758547083,0.13673667585159618
2011-01-24,0.0005410301075424162,-0.0004408147248047555,0.0,0.0,1.1222538418994932e-05,0.0005410301075424162,-0.00045203726322375044,0.0,0.0,0.2778262190695865,0.13654088409777168
2011-01-25,-0.0009318559414813468,-0.00015437008055163722,0.0,0.0,3.752589301817525e-06,-0.0009318559414813468,-0.00015812266985345476,0.0,0.0,0.27834247868825573,0.13696950951633963
2011-01-26,0.0030541229044983914,-0.00041216915192305805,0.0,0.0,3.7609179392056315e-06,0.0030541229044983914,-0.00041593006986226366,0.0,0.0,0.2777133243303772,0.13727350478100556
2011-01-27,-0.000576201599754722,0.0001366112154189874,0.0,0.0,3.762284612431392e-06,-0.000576201599754722,0.000132848930806556,0.0,0.0,0.2800286775841804,0.1373233883537458
2011-01-28,-0.0006876243391614254,9.204017841899562e-05,0.0,0.0,3.760208938074712e-06,-0.0006876243391614254,8.82799694809209e-05,0.0,0.0,0.2795764269394842,0.137247626239727
2011-01-31,0.0033413522756285496,0.0005777242583351442,0.0,0.0,1.1279822366078819e-05,0.0033413522756285496,0.0005664444359690655,0.0,0.0,0.27905605327467825,0.1372378387872923
2011-02-01,0.0027058709650676616,-0.0005212643674232854,0.0,0.0,3.7295384487350003e-06,0.0027058709650676616,-0.0005249939058720204,0.0,0.0,0.2812981495664525,0.1361281533788275
2011-02-02,0.0005471664615610629,-0.00012039195233289331,0.0,0.0,3.7356726215598187e-06,0.0005471664615610629,-0.00012412762495445312,0.0,0.0,0.2833859905258848,0.13635205068693337
2011-02-03,-0.0010487833173284443,-0.00043774565341170654,0.0,0.0,3.737389970107875e-06,-0.0010487833173284443,-0.0004414830433818144,0.0,0.0,0.2838130930267581,0.1364147339089374
2011-02-04,-0.000973947353765954,5.055775552478152e-05,1.9136408970250888e-05,5.882731936037892e-06,2.9636257193418973e-06,-0.0009930837627362048,4.171139786940173e-05,0.09396034718997871,0.028884391841488184,0.24817233876447517,0.10817233875597927
2011-02-07,0.0009930144733725627,-4.2526699702508253e-05,0.0,0.0,8.895184358643964e-06,0.0009930144733725627,-5.1421884061152214e-05,0.0,0.0,0.24743379308358304,0.10822474303016819
2011-02-08,-0.0003594814949109748,6.245459129719631e-05,0.0,0.0,2.963436218359559e-06,-0.0003594814949109748,5.949115507883675e-05,0.0,0.0,0.24819311076314285,0.1081654219701239
2011-02-09,-0.00026043007337200045,-2.7752941530705605e-05,0.0,0.0,2.9626138892139018e-06,-0.00026043007337200045,-3.071555541991951e-05,0.0,0.0,0.24790799927318102,0.10813540695630741
2011-02-10,0.0008890833920238739,-0.0005912285286321437,0.0,0.0,2.9642372684998117e-06,0.0008890833920238739,-0.0005941927659006435,0.0,0.0,0.24771969170521463,0.10819466030024313
2011-02-11,-0.0005371504283114851,-0.0012300207001624526,0.0,0.0,2.979556667049029e-06,-0.0005371504283114851,-0.0012330002568295016,0.0,0.0,0.24853548431265568,0.10875381834728956
2011-02-14,0.0011518319674077792,0.0006874973707348922,0.0,0.0,9.055797719478895e-06,0.0011518319674077792,0.0006784415730154133,0.0,0.0,0.24843810676925687,0.11017887225365988
2011-02-15,-0.0012557868554651385,6.512284281111584e-05,0.0,0.0,2.994283337856793e-06,-0.0012557868554651385,6.212855947325905e-05,0.0,0.0,0.24913395544998362,0.10929134183177294
2011-02-16,0.0011632892086848425,0.0003642522971403854,0.0,0.0,2.9960754406877097e-06,0.0011632892086848425,0.0003612562216996977,0.0,0.0,0.24817440403074265,0.10935675358510143
2011-02-17,0.0020419070689921665,-0.00031580013058884793,0.0,0.0,2.9815504166344223e-06,0.0020419070689921665,-0.00031878168100548233,0.0,0.0,0.24895814523674975,0.10882659020715638
2011-02-18,0.000262808319242194,-0.00044449138911843765,3.1248466881973745e-05,1.941601010472689e-05,5.609903281418856e-06,0.00023155985236022024,-0.0004695173025045834,0.15419317804538601,0.09580682195759835,0.4047614697556339,0.2047614697717882
2011-02-22,-0.00499089862240646,-0.0005297602924346457,0.0,0.0,2.2493677048819196e-05,-0.00499089862240646,-0.0005522539694834649,0.0,0.0,0.4051206795587846,0.2052548030704752
2011-02-23,0.0007376632288611829,-0.0003312361051408639,0.0,0.0,5.66935936688837e-06,0.0007376632288611829,-0.0003369054645077523,0.0,0.0,0.4023601245033923,0.20693161689142553
2011-02-24,-0.0017784645818723006,-0.000580591927221463,0.0,0.0,5.676159563656209e-06,-0.0017784645818723006,-0.0005862680867851192,0.0,0.0,0.40293630787833135,0.2071798240734516
2011-02-25,0.004257748748204553,-0.0005109455317265576,0.0,0.0,5.70555831193242e-06,0.004257748748204553,-0.00051665109003849,0.0,0.0,0.4021087229299235,0.20825287838553327
2011-02-28,0.0029889177845019627,0.0002283746996291304,0.0,0.0,1.7094717451527942e-05,0.0029889177845019627,0.00021127998217760244,0.0,0.0,0.40485188125326743,0.20798572899358994
2011-03-01,-0.0050979481076866,-0.00047971957174528434,0.0,0.0,5.673824947498071e-06,-0.0050979481076866,-0.0004853933966927824,0.0,0.0,0.406539791305567,0.2070946105836796
2011-03-02,0.0015873051610098244,0.0006836584997267465,0.0,0.0,5.718898512890048e-06,0.0015873051610098244,0.0006779396012138565,0.0,0.0,0.4036958147957738,0.20873979572048676
2011-03-03,0.005019240390105461,0.00023709454682879397,0.0,0.0,5.687285050362912e-06,0.005019240390105461,0.00023140726177843106,0.0,0.0,0.40436712943481595,0.20758590433824628
2011-03-04,-0.0022133463095974316,-0.00036725441440217665,0.0,0.0,5.651117283657943e-06,-0.0022133463095974316,-0.0003729055316858346,0.0,0.0,0.4072480537875674,0.20626578085351494
2011-03-07,-0.0017873995396902017,0.000445663096076745,3.907333259303824e-05,1.3039744440192386e-05,2.216908565431588e-05,-0.00182647287228324,0.0004104542659822367,0.1874449505695273,0.06255504943713514,0.4697238754474482,0.2697238754608432
2011-03-08,0.0008161597147970562,-0.0007906801809335421,0.0,0.0,7.387946740314221e-06,0.0008161597147970562,-0.0007980681276738564,0.0,0.0,0.4686000222581887,0.26966005602146903
2011-03-09,-0.00023618873995945457,-0.00011050583997298475,0.0,0.0,7.409475161859301e-06,-0.00023618873995945457,-0.00011791531513484405,0.0,0.0,0.46940768964287216,0.2704458434078645
2011-03-10,-0.008349066711361411,-0.0014044147641924971,0.0,0.0,7.415128446170668e-06,-0.008349066711361411,-0.0014118298926386677,0.0,0.0,0.4693376952840214,0.27065218828522936
2011-03-11,0.0020456449888713872,0.0009966880493063619,0.0,0.0,7.527076579217997e-06,0.0020456449888713872,0.0009891609727271438,0.0,0.0,0.46553264458221366,0.27473829514145687
2011-03-14,-0.0013006977215075345,0.00043080688876273685,0.0,0.0,2.2431235724056186e-05,-0.0013006977215075345,0.0004083756530386807,0.0,0.0,0.46616357357890775,0.27291336797601695
2011-03-15,-0.006695479319270844,-0.00022962923085526987,0.0,0.0,7.471943025882481e-06,-0.006695479319270844,-0.00023710117388115235,0.0,0.0,0.4652780537327202,0.27272592044471056
2011-03-16,-0.005092410427082477,-0.0013045985146621709,0.0,0.0,7.530439616476781e-06,-0.005092410427082477,-0.0013121289542786477,0.0,0.0,0.46178392866939383,0.27486104600140254
2011-03-17,0.007080971064954056,0.0007759867541559717,0.0,0.0,7.614952303450656e-06,0.007080971064954056,0.000768371801852521,0.0,0.0,0.45963527043286123,0.27794575907594893
2011-03-18,0.0015673712163167613,0.0005508595867764591,0.0,0.0,7.534551117310637e-06,0.0015673712163167613,0.0005433250356591485,0.0,0.0,0.4630813571503164,0.27501111578183823
2011-03-21,0.004507147530560574,0.00023326381445706645,2.378491735294617e-05,2.7423665756825338e-05,2.3013698632321012e-05,0.004483362613207628,0.00018282645006792008,0.11611782590651283,0.133882174102867,0.3499999999932607,0.2800000000265723
2011-03-22,0.00015132637225425695,0.00040940179781226357,0.0,0.0,7.629242599623718e-06,0.00015132637225425695,0.00040177255521263986,0.0,0.0,0.35286063309680454,0.27846735488626567
2011-03-23,-0.0008034192296735457,-0.0004537681085214843,0.0,0.0,7.613814919146711e-06,-0.0008034192296735457,-0.000461381923440631,0.0,0.0,0.3528168168660578,0.27790424454885493
2011-03-24,0.0011482713951443818,0.00013537740327390087,0.0,0.0,7.635904823345539e-06,0.0011482713951443818,0.00012774149845055534,0.0,0.0,0.3524591884243291,0.2787105260521123
2011-03-25,0.000644497058683528,-8.485815358501946e-05,0.0,0.0,7.622469484050148e-06,0.000644497058683528,-9.248062306906961e-05,0.0,0.0,0.35315682715456326,0.2782201361678303
2011-03-28,-0.001058090779334256,-4.103482889711575e-05,0.0,0.0,2.28617630259734e-05,-0.001058090779334256,-6.389659192308914e-05,0.0,0.0,0.3536061278189567,0.278151450149343
2011-03-29,0.0017094214265060178,0.00035505992591614694,0.0,0.0,7.630272987142877e-06,0.0017094214265060178,0.00034742965292900406,0.0,0.0,0.35294403579054,0.27850496403071506
2011-03-30,0.001844204049649034,-0.00011318294178427447,0.0,0.0,7.604903164656472e-06,0.001844204049649034,-0.00012078784494893094,0.0,0.0,0.3539254852007713,0.2775789655099612
2011-03-31,0.00015725684879014007,9.509396433127233e-05,0.0,0.0,7.5949148678146e-06,0.00015725684879014007,8.749904946345773e-05,0.0,0.0,0.35515760487894943,0.27721439267523296
2011-04-01,0.0011490101231713713,-0.0006191627234048077,0.0,0.0,7.590451745888117e-06,0.0011490101231713713,-0.0006267531751506958,0.0,0.0,0.3552279175996827,0.27705148872491625
2011-04-04,0.0013067011474628307,-0.0005173958900340939,2.5188989321393518e-05,3.969453006838412e-15,2.28103324683289e-05,0.0012815121581414373,-0.0005402062225063922,0.12133480717550658,1.912076777006345e-11,0.47752571172363856,0.2775257116980016
2011-04-05,0.0008811950699165521,0.0002654332979588878,0.0,0.0,7.61197658255102e-06,0.0008811950699165521,0.00025782132137633677,0.0,0.0,0.4784777145012725,0.27783714526311226
2011-04-06,0.0003859441195268739,0.000861380458822453,0.0,0.0,7.596052409198264e-06,0.0003859441195268739,0.0008537844064132547,0.0,0.0,0.47881353310860536,0.2772559129357366
2011-04-07,-0.00035580697225616844,-0.0003340434149421929,0.0,0.0,7.563076782541798e-06,-0.00035580697225616844,-0.0003416064917247347,0.0,0.0,0.4786061355492019,0.2760523025627756
2011-04-08,0.001236813876641676,0.0003238603867882786,0.0,0.0,7.577513316734361e-06,0.001236813876641676,0.0003162828734715442,0.0,0.0,0.47858409957163417,0.27657923606080415
2011-04-11,-0.0032455029960089575,0.00010272018229414478,0.0,0.0,2.2670711479953008e-05,-0.0032455029960089575,8.004947081419177e-05,0.0,0.0,0.4790768607328174,0.2758269896727616
2011-04-12,-0.005006963119012008,-0.00020087864765158884,0.0,0.0,7.578077627621857e-06,-0.005006963119012008,-0.0002084567252792107,0.0,0.0,0.4773423628018643,0.27659983340819777
2011-04-13,0.0016245546176259,-0.0002892690773354914,0.0,0.0,7.623340071302705e-06,0.0016245546176259,-0.0002968924174067941,0.0,0.0,0.47481174226576767,0.27825191260254867
2011-04-14,0.0010054585309780778,0.0002340647040563676,0.0,0.0,7.621146942785425e-06,0.0010054585309780778,0.00022644355711358218,0.0,0.0,0.47580458911573387,0.278171863411668
2011-04-15,0.0011372136449331793,-0.0011188764528345832,0.0,0.0,7.60536514596343e-06,0.0011372136449331793,-0.0011264818179805467,0.0,0.0,0.47622338706179235,0.2775958278276651
2011-04-18,-0.0022063576607381716,-0.0006640080135429878,3.958183641148637e-05,6.269381690753288e-16,2.2907812043138325e-05,-0.002245939497149658,-0.000686915825586753,0.19621441155812075,3.1078473128332007e-12,0.47871171319654326,0.2787117131915162
2011-04-19,0.0016615159080277833,0.00012788311857533352,0.0,0.0,7.676643833812563e-06,0.0016615159080277833,0.00012020647474152095,0.0,0.0,0.4779069875881258,0.2801974999341585
2011-04-20,0.0036616473207193067,0.0006743745221775615,0.0,0.0,7.659493096437717e-06,0.0036616473207193067,0.0006667150290811238,0.0,0.0,0.47871556525855236,0.27957149801997666
2011-04-21,0.00170677185974359,0.0001676850300941408,0.0,0.0,7.6080865268546195e-06,0.00170677185974359,0.00016007694356728617,0.0,0.0,0.48029830746855184,0.2776951582301936
2011-04-25,-0.0007676018062980881,-6.744856710932564e-05,0.0,0.0,3.0357297181848636e-05,-0.0007676018062980881,-9.780586429117428e-05,0.0,0.0,0.48110692544027267,0.27701033678436876
2011-04-26,0.0012188666112412881,-0.0003575652061997873,0.0,0.0,7.597747350246463e-06,0.0012188666112412881,-0.00036516295355003373,0.0,0.0,0.48075537302146437,0.2773177782839959
2011-04-27,0.0016758298218785945,0.0004010721797389459,0.0,0.0,7.6010546091434975e-06,0.0016758298218785945,0.0003934711251298024,0.0,0.0,0.48156312742941004,0.27743849323373765
2011-04-28,1.5198658111795541e-05,-0.0003859174469902546,0.0,0.0,7.5743926323993026e-06,1.5198658111795541e-05,-0.0003934918396226539,0.0,0.0,0.48224105537870715,0.2764653310825746
2011-04-29,0.0021287326951605957,-0.0006502885343751899,0.0,0.0,7.587836139812873e-06,0.0021287326951605957,-0.0006578763705150027,0.0,0.0,0.48243875732921315,0.27695601910316986
2011-05-02,-0.0014910566748643063,-0.00020873509949740412,0.0,0.0,2.278344561704394e-05,-0.0014910566748643063,-0.00023151854511444805,0.0,0.0,0.48385580764947594,0.2771985883407014
2011-05-03,-0.002536765413275464,-0.0002571991780470682,1.065388541470568e-06,2.286637043057269e-16,7.613315150248111e-06,-0.0025378308018169345,-0.00026481249319754494,0.0053110913331318515,1.1399163505772703e-12,0.47788600298251366,0.27788600298405597
2011-05-04,-0.0019889420062953788,-0.0003004731243315916,0.0,0.0,7.641778883420917e-06,-0.0019889420062953788,-0.00030811490321501256,0.0,0.0,0.4766852161942376,0.2789249292448635
2011-05-05,-0.005496693255567552,-0.0010422073453800966,0.0,0.0,7.66762399248503e-06,-0.005496693255567552,-0.0010498749693725817,0.0,0.0,0.47578918903207873,0.2798682757257036
2011-05-06,0.001171744836433644,-0.0005663885894297665,0.0,0.0,7.74689318314061e-06,0.001171744836433644,-0.0005741354826129071,0.0,0.0,0.47339158609197485,0.2827616011846322
2011-05-09,0.0026988645016924554,-0.0003667272790106425,0.0,0.0,2.3273323680298438e-05,0.0026988645016924554,-0.00039000060269094093,0.0,0.0,0.4742798968257363,0.28315877144363094
2011-05-10,0.0016559795043213242,0.0002884460282222599,0.0,0.0,7.749928353017969e-06,0.0016559795043213242,0.00028069609986924193,0.0,0.0,0.47588001913100103,0.28287238488515587
2011-05-11,-0.0037640374690230726,-0.00055766344512685,0.0,0.0,7.727060911747892e-06,-0.0037640374690230726,-0.0005653905060385979,0.0,0.0,0.476612953954757,0.28203772327879806
2011-05-12,0.00043673996978211893,-0.00020752944349167144,0.0,0.0,7.776005015949585e-06,0.00043673996978211893,-0.00021530544850762102,0.0,0.0,0.47490498340638976,0.28382418308215984
2011-05-13,-0.00197002312863776,-0.0008066297650220729,0.0,0.0,7.779968000637686e-06,-0.00197002312863776,-0.0008144097330227107,0.0,0.0,0.4752364896116026,0.2839688320232756
2011-05-16,-0.0008772215314397728,0.0002488888630081197,0.0,0.0,2.347155731426437e-05,-0.0008772215314397728,0.00022541730569385535,0.0,0.0,0.47458792469623623,0.2855706139902166
2011-05-17,0.001208239289282479,-0.00044640488930013865,4.479056216595676e-05,6.1725773206136185e-06,8.65171060345383e-06,0.0011634487271165222,-0.0004612291772242061,0.21972038329685928,0.030279616714557357,0.5000000000122471,0.31578743702606477
2011-05-18,0.0013804683031199555,4.5357733663003606e-05,0.0,0.0,8.657861155030244e-06,0.0013804683031199555,3.6699872507973364e-05,0.0,0.0,0.5008565280558376,0.3160119321586039
2011-05-19,0.0007725625771510011,0.0009000028771971817,0.0,0.0,8.644367954232486e-06,0.0007725625771510011,0.0008913585092429492,0.0,0.0,0.5015262493191803,0.3155194303294857
2011-05-20,-0.0014652240061457625,-0.0005716692523945741,0.0,0.0,8.605391648537909e-06,-0.0014652240061457625,-0.000580274644043112,0.0,0.0,0.5014644146826647,0.3140967951716337
2011-05-23,-0.0037025374055082785,-0.0005564167219157777,0.0,0.0,2.591617295630936e-05,-0.0037025374055082785,-0.0005823328948720871,0.0,0.0,0.5010240346631345,0.3153134376350972
2011-05-24,0.0012439799952539093,-0.0001773959160479944,0.0,0.0,8.691209317198559e-06,0.0012439799952539093,-0.00018608712536519298,0.0,0.0,0.49946162554309553,0.3172291400777474
2011-05-25,0.0013195010151643418,0.00025528685328122245,0.0,0.0,8.686879691195169e-06,0.0013195010151643418,0.0002465999735900273,0.0,0.0,0.5001764724144959,0.31707110872862365
2011-05-26,0.0013633698800554787,0.000316750311651752,0.0,0.0,8.666313209145602e-06,0.0013633698800554787,0.00030808399844260644,0.0,0.0,0.5007118081718015,0.31632043213381444
2011-05-27,0.0021359177514156938,0.0004137217409395313,0.0,0.0,8.643188427595521e-06,0.0021359177514156938,0.00040507855251193574,0.0,0.0,0.501237382884187,0.3154763776072365
2011-05-31,0.001969080386188971,-0.0001320315633902862,0.0,0.0,3.4439902676104396e-05,0.001969080386188971,-0.0001664714660663906,0.0,0.0,0.5020974728129735,0.3142641119194526
2011-06-01,-0.003337412393260211,-0.00016640951424528057,3.5951778210641485e-05,1.4731024601826224e-05,6.711026807229529e-06,-0.0033733641714708525,-0.0001878515656543363,0.17733716476388214,0.07266283524695359,0.4449524784743792,0.24495247846387783
2011-06-02,0.0001018467303714413,0.0004980057119090143,0.0,0.0,6.739587095630055e-06,0.0001018467303714413,0.0004912661248133842,0.0,0.0,0.44319337329669284,0.24599492899049702
2011-06-03,-0.0003884741123977752,0.0007372258047232813,0.0,0.0,6.721956224873998e-06,-0.0003884741123977752,0.0007305038484984072,0.0,0.0,0.4430324517846468,0.24535140220790091
2011-06-06,-0.0019649272775119847,-0.0002217705374717303,0.0,0.0,2.0098400522237253e-05,-0.0019649272775119847,-0.00024186893799396755,0.0,0.0,0.44249263203408795,0.24453053968721988
2011-06-07,0.001043664902251698,0.0005315809171217454,0.0,0.0,6.720373240115035e-06,0.001043664902251698,0.0005248605438816304,0.0,0.0,0.441502009720766,0.2452936232641988
2011-06-08,-0.0013397216159760903,-0.0006821722618705816,0.0,0.0,6.6953076190018794e-06,-0.0013397216159760903,-0.0006888675694895835,0.0,0.0,0.4418526175489515,0.24437872809356856
2011-06-09,0.0002507817171407507,-0.00031836367509926496,0.0,0.0,6.727644897695149e-06,0.0002507817171407507,-0.0003250913199969601,0.0,0.0,0.4414083321018517,0.24555903876587293
2011-06-10,-0.0040391077676204,-0.0006354871931478705,0.0,0.0,6.736867804134643e-06,-0.0040391077676204,-0.0006422240609520052,0.0,0.0,0.4416919357713244,0.24589567485091446
2011-06-13,0.0015484620503064728,0.0006686379256092512,0.0,0.0,2.0358138437938278e-05,0.0015484620503064728,0.0006482797871713129,0.0,0.0,0.439711262331438,0.24769068432824906
2011-06-14,0.002075625948747211,9.050782565395865e-05,0.0,0.0,6.7528929362653584e-06,0.002075625948747211,8.37549327176933e-05,0.0,0.0,0.44029251539245357,0.24648059217368556
2011-06-15,-0.0029993649529491202,-0.0010145250052987834,4.3597644730431006e-05,7.300690392842111e-06,5.75342465755e-06,-0.0030429625976795514,-0.0010275791203491755,0.21414081926884967,0.03585918073368304,0.34999999999680004,0.210000000000575
2011-06-16,-0.0005042277160718634,0.00016640798689313005,0.0,0.0,5.804848742146377e-06,-0.0005042277160718634,0.00016060313815098367,0.0,0.0,0.3484188886655132,0.21187697908834277
2011-06-17,0.0018921226190552634,0.000502128120942998,0.0,0.0,5.802283426411176e-06,0.0018921226190552634,0.0004963258375165868,0.0,0.0,0.34803425407309907,0.21178334506400792
2011-06-20,0.001111159486514564,5.328925993894462e-06,0.0,0.0,1.732420151240881e-05,0.001111159486514564,-1.1995275518514348e-05,0.0,0.0,0.34909258704143453,0.2107777850676405
2011-06-21,0.0011700386780513889,-0.00019822785713019466,0.0,0.0,5.768247588188066e-06,0.0011700386780513889,-0.00020399610471838272,0.0,0.0,0.34981923774150564,0.2105410369688644
2011-06-22,-0.0019999816691820705,-0.00024055925159261507,0.0,0.0,5.768106252176303e-06,-0.0019999816691820705,-0.00024632735784479136,0.0,0.0,0.35065053307624355,0.21053587820443498
2011-06-23,-0.0005477780719810824,-0.00025739229258650597,0.0,0.0,5.787697874584881e-06,-0.0005477780719810824,-0.00026317999046109085,0.0,0.0,0.349435491505995,0.21125097242234814
2011-06-24,-0.001063064309934706,-0.00043615798344459486,0.0,0.0,5.799452831248642e-06,-0.001063064309934706,-0.0004419574362758435,0.0,0.0,0.34917087637137717,0.21168002834057545
2011-06-27,0.0008560982831004491,0.00012203450519936019,0.0,0.0,1.7460485505510122e-05,0.0008560982831004491,0.00010457401969385006,0.0,0.0,0.34863251157279557,0.21243590698370646
2011-06-28,0.0007505841235294669,0.0001747635260571315,0.0,0.0,5.811235730857045e-06,0.0007505841235294669,0.00016895229032627446,0.0,0.0,0.3491531880586956,0.21211010417628212
2011-06-29,0.0012895083065199856,0.000711975323866063,5.0460445805364e-05,3.537966886798162e-07,5.753424657521976e-06,0.0012390478607146216,0.0007058681025198612,0.2482593625786753,0.001740637424268662,0.35000000000728027,0.2099999999995521
2011-06-30,0.0006838485141065781,0.0001294198677798922,0.0,0.0,5.7227881422532925e-06,0.0006838485141065781,0.0001236970796376389,0.0,0.0,0.3506076059840903,0.2088817671922452
2011-07-01,0.0016751637713995737,7.359289573974695e-05,0.0,0.0,5.714627570136952e-06,0.0016751637713995737,6.787826816961e-05,0.0,0.0,0.35100799953480377,0.20858390630999873
2011-07-05,-0.00020657908836404758,-0.0003012545804870896,0.0,0.0,2.281068532220423e-05,-0.00020657908836404758,-0.0003240652658092938,0.0,0.0,0.35206949138187493,0.20814750356511358
2011-07-06,0.0005713680876381576,-0.0003230103274870346,0.0,0.0,5.713956959702044e-06,0.0005713680876381576,-0.00032872428444673664,0.0,0.0,0.3520497254927319,0.2085594290291246
2011-07-07,0.0007236731292959462,8.595934415659987e-05,0.0,0.0,5.721418291021604e-06,0.0007236731292959462,8.023792586557827e-05,0.0,0.0,0.35253555301302686,0.20883176762228856
2011-07-08,0.00040004012796971284,-0.00029739983334449427,0.0,0.0,5.714469315439703e-06,0.00040004012796971284,-0.00030311430265993395,0.0,0.0,0.3529754652635965,0.20857813001354916
2011-07-11,-0.001554117946588461,-0.0012862149545608216,0.0,0.0,1.7166187921306135e-05,-0.001554117946588461,-0.0013033811424821278,0.0,0.0,0.35334125749856715,0.20885528637589135
2011-07-12,0.0004347886649841038,0.00038440215204300226,0.0,0.0,5.773800034653256e-06,0.0004347886649841038,0.000378628352008349,0.0,0.0,0.3527952516622319,0.21074370126484385
2011-07-13,0.0010394675967696652,0.0003743048384942095,0.0,0.0,5.758584338349259e-06,0.0010394675967696652,0.00036854625415586024,0.0,0.0,0.3529429505252314,0.21018832834974796
2011-07-14,-0.0012227046273411233,-0.00012381853696147234,0.0,0.0,5.740247063893529e-06,-0.0012227046273411233,-0.00012955878402536587,0.0,0.0,0.3534847067587943,0.2095190178321138
2011-07-15,0.0006292511020274534,0.0001855169619564646,0.0,0.0,5.751416783056651e-06,0.0006292511020274534,0.00017976554517340793,0.0,0.0,0.3527389981724439,0.20992671258156778
2011-07-18,-0.001657082187869632,-4.248105026914363e-05,0.0,0.0,1.7225067013730826e-05,-0.001657082187869632,-5.970611728287445e-05,0.0,0.0,0.3530825995735793,0.20957164866705835
2011-07-19,0.002594119142366307,4.209387618827942e-05,0.0,0.0,5.752729086987127e-06,0.002594119142366307,3.634114710129229e-05,0.0,0.0,0.35202987816360526,0.20997461167503012
2011-07-20,-5.398859742544845e-05,-0.00020591888514596176,0.0,0.0,5.7364862308738655e-06,-5.398859742544845e-05,-0.00021165537137683563,0.0,0.0,0.35369362028317847,0.20938174742689608
2011-07-21,0.002126507331243325,0.0005832950126014634,0.0,0.0,5.743653611106215e-06,0.002126507331243325,0.0005775513589903572,0.0,0.0,0.3537335988828592,0.20964335680537685
2011-07-22,-0.00011087867230809337,-0.0005190117316034113,0.0,0.0,5.71222672950097e-06,-0.00011087867230809337,-0.0005247239583329123,0.0,0.0,0.3549004346097282,0.2084962756267854
2011-07-25,-0.0007286304310668898,0.00045754468298823833,0.0,0.0,1.7190264864560192e-05,-0.0007286304310668898,0.00044035441812367816,0.0,0.0,0.3550152045353403,0.20914822251881568
2011-07-26,0.0004007474225151417,0.0004776058682869677,0.0,0.0,5.719201526033073e-06,0.0004007474225151417,0.00047188666676093463,0.0,0.0,0.3543887358760839,0.20875085570020718
2011-07-27,-0.0014892562921232772,-0.0002579699292671728,0.0,0.0,5.701141423397397e-06,-0.0014892562921232772,-0.0002636710706905702,0.0,0.0,0.35448015183413667,0.208091661954005
2011-07-28,0.00014381104585328315,-0.0002961006716333957,5.840754125780267e-06,3.0912236847565714e-17,5.71823273932839e-06,0.0001379702917275029,-0.000301818904372755,0.028922309580610858,1.5307154944054851e-13,0.382533059080612,0.2087154949854862
2011-07-29,0.000777312594121944,-0.00014727006685577723,0.0,0.0,5.727283493951138e-06,0.000777312594121944,-0.00015299735034972835,0.0,0.0,0.38273958147589454,0.20904584752921654
2011-08-01,-7.791879224755809e-05,-0.0009770620183723996,0.0,0.0,1.7183227120281662e-05,-7.791879224755809e-05,-0.0009942452454926812,0.0,0.0,0.383277608016735,0.20906259663009355
2011-08-02,-0.0012059229596746094,-0.0004906575775674725,0.0,0.0,5.7606875979235314e-06,-0.0012059229596746094,-0.000496418265165396,0.0,0.0,0.38361098312507647,0.2102650973242089
2011-08-03,0.0001376820545234478,-0.0002916073305135203,0.0,0.0,5.783976573045349e-06,0.0001376820545234478,-0.00029739130708656563,0.0,0.0,0.383057154150382,0.21111514491615524
2011-08-04,-0.004417706107178283,-0.0009154219567094435,0.0,0.0,5.792890993267942e-06,-0.004417706107178283,-0.0009212148477027114,0.0,0.0,0.3832560457415112,0.21144052125427984
2011-08-05,0.00020943231002777148,0.001519634607436504,0.0,0.0,5.849199460445069e-06,0.00020943231002777148,0.0015137854079760589,0.0,0.0,0.3808717839829623,0.21349578030624494
2011-08-08,-0.00644688952733096,0.0020832181308310252,0.0,0.0,1.739272545408453e-05,-0.00644688952733096,0.0020658254053769406,0.0,0.0,0.38042566005519973,0.2116114930246951
2011-08-09,0.005387940995931097,0.0005500925613211079,0.0,0.0,5.765760850019461e-06,0.005387940995931097,0.0005443268004710884,0.0,0.0,0.3756244051325253,0.21045027102571034
2011-08-10,-0.0024693171823584217,-0.002118940139965021,0.0,0.0,5.716776372567952e-06,-0.0024693171823584217,-0.002124656916337589,0.0,0.0,0.37876540829444,0.20866233759873026
2011-08-11,0.0016427423232327047,0.0008164530158885894,3.6405189170770636e-05,1.876241327746726e-05,3.287671232878576e-06,0.001606337134061934,0.0007944029313782436,0.17803276383761013,0.09175407045358476,0.2,0.12000000000006802
2011-08-12,0.000874139548270419,-0.000448753834180847,0.0,0.0,3.2574822888574843e-06,0.000874139548270419,-0.0004520113164697045,0.0,0.0,0.20115980990803017,0.11889810354329819
2011-08-15,0.0022345507709043313,-0.00014467683826388191,0.0,0.0,9.805191695121712e-06,0.0022345507709043313,-0.00015448202995900362,0.0,0.0,0.20194870120814515,0.11929649895731417
2011-08-16,0.00031637316153885353,-0.0004173224104474353,0.0,0.0,3.2655683740045824e-06,0.00031637316153885353,-0.00042058797882143985,0.0,0.0,0.20375941838219946,0.11919324565116726
2011-08-17,0.0012105532989089007,-0.0002236552587663409,0.0,0.0,3.2773434124466734e-06,0.0012105532989089007,-0.00022693260217878755,0.0,0.0,0.20409706148170856,0.11962303455430356
2011-08-18,-0.001667464358830947,-0.00020188889098965955,0.0,0.0,3.2802444374637134e-06,-0.001667464358830947,-0.00020516913542712326,0.0,0.0,0.2051058684034351,0.11972892196742554
2011-08-19,-0.000579591693207973,7.544829448182877e-05,0.0,0.0,3.291940237506431e-06,-0.000579591693207973,7.215635424432234e-05,0.0,0.0,0.2038200843613817,0.12015581866898473
2011-08-22,-0.00011682426971324767,-0.00010652869247560815,0.0,0.0,9.874630219168261e-06,-0.00011682426971324767,-0.00011640332269477642,0.0,0.0,0.20334367643555193,0.12014133433321383
2011-08-23,0.0010419474458897647,0.0002909710559576436,0.0,0.0,3.2952305393889513e-06,0.0010419474458897647,0.0002876758254182546,0.0,0.0,0.20327426133240784,0.12027591468769672
2011-08-24,-0.0002971056096410113,0.00020692686215955,0.0,0.0,3.2828937177523325e-06,-0.0002971056096410113,0.00020364396844179766,0.0,0.0,0.20404490592299057,0.11982562069796014
2011-08-25,-0.0010938682609584118,-0.0003062576918868264,8.776094480780745e-07,4.744003081391689e-08,3.271053904139602e-06,-0.0010947458704064898,-0.00030957618582177994,0.004373377203139229,0.00023640715096238262,0.1993934674939376,0.11939346750109547
2011-08-26,0.0006797691328204969,-0.00012443833742423294,0.0,0.0,3.2840563986696817e-06,0.0006797691328204969,-0.00012772239382290263,0.0,0.0,0.19857846735457724,0.11986805855144338
2011-08-29,0.0016400226016887228,2.8164227835013107e-05,0.0,0.0,9.856955504421797e-06,0.0016400226016887228,1.830727233059131e-05,0.0,0.0,0.19914829731928568,0.1199262919704652
2011-08-30,0.00032002737446546197,-0.00016461535636820142,0.0,0.0,3.2794418157936157e-06,0.00032002737446546197,-0.00016789479818399503,0.0,0.0,0.20045589791703522,0.11969962627646698
2011-08-31,0.0003986612279657843,-0.0005125495963205672,0.0,0.0,3.2834523054987953e-06,0.0003986612279657843,-0.000515833048626066,0.0,0.0,0.2007453853788464,0.11984600915070603
2011-09-01,-0.00017931179743607136,-5.037025751806795e-05,0.0,0.0,3.2978811789345674e-06,-0.00017931179743607136,-5.366813869700252e-05,0.0,0.0,0.2011676177828457,0.12037266303111169
2011-09-02,-0.0003932066306975824,-1.2046731625400376e-06,0.0,0.0,3.300030026774732e-06,-0.0003932066306975824,-4.50470318931477e-06,0.0,0.0,0.20103514314021892,0.1204510959772777
2011-09-06,-0.0011506966003638909,-0.0006161723858531136,0.0,0.0,1.3205504104727782e-05,-0.0011506966003638909,-0.0006293778899578413,0.0,0.0,0.20072176583075,0.12050022495564101
2011-09-07,0.0012355496708059614,0.00010536342538188282,0.0,0.0,3.324174740066963e-06,0.0012355496708059614,0.00010203925064181586,0.0,0.0,0.19992695410130956,0.12133237801244415
2011-09-08,8.020002739633628e-05,-0.0005526041258139291,0.0,0.0,3.3168514870752193e-06,8.020002739633628e-05,-0.0005559209773010043,0.0,0.0,0.20089379046360378,0.12106507927824547
2011-09-09,-0.0019002113459693853,-0.00012946414187813782,2.1440297147856328e-07,3.358563257758921e-07,3.2876712330376096e-06,-0.0019004257489408638,-0.00013308766943695134,0.0010696435328185077,0.0016755670145098128,0.20000000000000004,0.12000000000587274
2011-09-12,-0.0001738243047960772,4.499500032039976e-05,0.0,0.0,9.893773709082186e-06,-0.0001738243047960772,3.5101226611317576e-05,0.0,0.0,0.19850344807929415,0.12037424679383325
2011-09-13,0.00020694928405627083,7.469115594439702e-05,0.0,0.0,3.2971492206483796e-06,0.00020694928405627083,7.139400672374865e-05,0.0,0.0,0.19835714048760641,0.12034594655366586
2011-09-14,0.0007520217412652784,0.00034810348259672365,0.0,0.0,3.294185973044628e-06,0.0007520217412652784,0.00034480929662367903,0.0,0.0,0.19850883616895454,0.12023778801612893
2011-09-15,0.0008975683006285803,0.00023592237892273914,0.0,0.0,3.281050133706131e-06,0.0008975683006285803,0.000232641328789033,0.0,0.0,0.19904254187243384,0.1197583298802738
2011-09-16,0.0007051337676812696,-9.0980236856193e-05,0.0,0.0,3.270889715832733e-06,0.0007051337676812696,-9.425112657202573e-05,0.0,0.0,0.19971439104516986,0.11938747462789474
2011-09-19,-0.0005198088646162388,-0.0001612637563851221,0.0,0.0,9.81415168028631e-06,-0.0005198088646162388,-0.0001710779080654084,0.0,0.0,0.20029716675061982,0.1194055121101501
2011-09-20,0.0009089464929871078,-5.937583631711011e-05,0.0,0.0,3.278066851562922e-06,0.0009089464929871078,-6.265390316867303e-05,0.0,0.0,0.19991547684460986,0.11964944008204664
2011-09-21,-0.0020061813663578443,-0.00017275696875224987,0.0,0.0,3.2769203533919865e-06,-0.0020061813663578443,-0.00017603388910564187,0.0,0.0,0.20065461082734087,0.11960759289880747
2011-09-22,-0.0019736996970813195,4.7222798533795216e-05,0.0,0.0,3.288830356806288e-06,-0.0019736996970813195,4.3933968176988926e-05,0.0,0.0,0.19908287113948508,0.12004230802342954
2011-09-23,0.0003345886360576654,0.0006608188969731909,3.44327881287186e-06,3.397472508163952e-07,3.2479120057075305e-06,0.0003311453572447935,0.000657231237716667,0.017009348643153847,0.00167830714669,0.18048093277763896,0.11854878820832486
2011-09-26,0.0009533407814936878,0.0006537358172606887,0.0,0.0,9.679854793259307e-06,0.0009533407814936878,0.0006440559624674294,0.0,0.0,0.18063698404648068,0.11777156665132156
2011-09-27,0.0004659325355115191,-0.0004102931483442787,0.0,0.0,3.2035902893866087e-06,0.0004659325355115191,-0.0004134967386336653,0.0,0.0,0.18130071565510905,0.11693104556261119
2011-09-28,-0.0013897686394123176,1.4249422091673022e-05,0.0,0.0,3.214662634163509e-06,-0.0013897686394123176,1.1034759457509513e-05,0.0,0.0,0.1817571176113204,0.11733518614696807
2011-09-29,0.0009485082458948632,-0.00022847474897782612,0.0,0.0,3.2187099835417666e-06,0.0009485082458948632,-0.0002316934589613679,0.0,0.0,0.1806163708817172,0.11748291439927451
2011-09-30,-0.00078556542085169,-9.204937054957106e-05,0.0,0.0,3.22265951571143e-06,-0.00078556542085169,-9.527203006528249e-05,0.0,0.0,0.18143482396293076,0.11762707232346718
2011-10-03,-0.001374335610945809,-0.00013707349336180083,0.0,0.0,9.684074344183115e-06,-0.001374335610945809,-0.00014675756770598394,0.0,0.0,0.18080852145922527,0.11782290452089456
2011-10-04,-0.0001525290981593167,0.0005922660299879889,0.0,0.0,3.2367035472557164e-06,-0.0001525290981593167,0.0005890293264407332,0.0,0.0,0.17970753775811565,0.11813967947483363
2011-10-05,0.00025054726368600966,8.422530751161757e-05,0.0,0.0,3.219071955037475e-06,0.00025054726368600966,8.100623555658009e-05,0.0,0.0,0.17947666705381615,0.11749612635886783
2011-10-06,0.0009600574014664902,-7.38155478432497e-05,0.0,0.0,3.2156982363631492e-06,0.0009600574014664902,-7.703124607961285e-05,0.0,0.0,0.17966764488114118,0.11737298562725496
2011-10-07,-0.00020648979194737508,-0.00011839890311456452,3.100739676180143e-05,1.854794471678937e-16,3.214881755457486e-06,-0.00023749718870917652,-0.00012161378487020748,0.15174883804938208,9.077282690317151e-13,0.18871950596562836,0.11734318407419819
2011-10-10,0.00013866762097732618,9.702254096351444e-05,0.0,0.0,9.657844921159121e-06,0.00013866762097732618,8.736469604235532e-05,0.0,0.0,0.1885807375859538,0.11750377987410263
2011-10-11,-3.816123440411741e-05,0.0003726771555218195,0.0,0.0,3.2158965920211635e-06,-3.816123440411741e-05,0.00036946125892979836,0.0,0.0,0.18867675816211593,0.11738022560877247
2011-10-12,-0.00031920591354963154,-0.00023209735742709867,0.0,0.0,3.2046245667955936e-06,-0.00031920591354963154,-0.00023530198199389426,0.0,0.0,0.18857612165398288,0.11696879668803917
2011-10-13,0.00021968183464924612,-0.0003637185276554238,0.0,0.0,3.212764902010614e-06,0.00021968183464924612,-0.0003669312925574344,0.0,0.0,0.18836136360376693,0.11726591892338745
2011-10-14,0.00012510208560097727,0.00023999595589305534,0.0,0.0,3.223204408281103e-06,0.00012510208560097727,0.00023677275148477423,0.0,0.0,0.18860881798462112,0.11764696090226025
2011-10-17,0.00020227447448383526,-0.00029260382757013097,0.0,0.0,9.64639674158907e-06,0.00020227447448383526,-0.00030225022431172,0.0,0.0,0.18866564672005162,0.1173644936893337
2011-10-18,0.000527796865195421,-0.00014574664865885112,0.0,0.0,3.22380442601558e-06,0.000527796865195421,-0.0001489704530848667,0.0,0.0,0.18888680529452734,0.1176688615495687
2011-10-19,0.0001479790828607839,8.895348243901808e-06,0.0,0.0,3.2265751729867585e-06,0.0001479790828607839,5.6687730709150495e-06,0.0,0.0,0.1893428740780771,0.11776999381401666
2011-10-20,0.0002316208840539643,9.469494378537345e-05,0.0,0.0,3.225835822058046e-06,0.0002316208840539643,9.14691079633154e-05,0.0,0.0,0.1894617427703801,0.11774300750511865
2011-10-21,0.0006686815847950505,0.00021800047333006155,1.388398341308156e-07,8.947145223864772e-17,3.222200379336453e-06,0.0006685427449609196,0.00021477827295063561,0.0006930688304361207,4.4662884501889266e-13,0.1899325793825458,0.1176103138457805
2011-10-24,9.054594294174123e-05,-8.885396328674976e-05,0.0,0.0,9.64016792793939e-06,9.054594294174123e-05,-9.849413121468915e-05,0.0,0.0,0.19043304745401976,0.11728870978992925
2011-10-25,0.0003969358158981936,-0.00013357620290802642,0.0,0.0,3.2158492246467664e-06,0.0003969358158981936,-0.00013679205213267318,0.0,0.0,0.19052510772638845,0.11737849669960697
2011-10-26,-0.00021093595655162937,-0.00021972204999070154,0.0,0.0,3.2186715293182855e-06,-0.00021093595655162937,-0.00022294072152001981,0.0,0.0,0.1908723892805403,0.11748151082011742
2011-10-27,0.0002407269748127836,0.00032401819225868665,0.0,0.0,3.2260910371721767e-06,0.0002407269748127836,0.0003207921012215145,0.0,0.0,0.1907442127893951,0.11775232285678443
2011-10-28,0.00017663240514198195,-2.8646899175405628e-05,0.0,0.0,3.215408313320195e-06,0.00017663240514198195,-3.186230748872582e-05,0.0,0.0,0.1908777582617533,0.11736240343618712
2011-10-31,0.0007746064625188109,-0.0006136997982852666,0.0,0.0,9.647182856014692e-06,0.0007746064625188109,-0.0006233469811412813,0.0,0.0,0.19102673570771248,0.11737405808151206
2011-11-01,0.0002441558011071385,-0.0006474710703073418,0.0,0.0,3.2320524332004386e-06,0.0002441558011071385,-0.0006507031227405422,0.0,0.0,0.19177233478632894,0.11796991381181601
2011-11-02,0.0007556996394376843,-1.6512102540603709e-06,0.0,0.0,3.2511130979558183e-06,0.0007556996394376843,-4.902323352016189e-06,0.0,0.0,0.19209458612692623,0.11866562807538733
2011-11-03,7.496026142590726e-05,-3.697424873653852e-08,0.0,0.0,3.2487192069316354e-06,7.496026142590726e-05,-3.2856934556681737e-06,0.0,0.0,0.19270560291689928,0.11857825105300471
2011-11-04,0.0002715916675668787,-3.9928017682957564e-05,5.529537923281727e-06,7.923335720778116e-06,2.1866791072059187e-06,0.000266062129643597,-5.0038032510941595e-05,0.027047040709356488,0.0387560021772303,0.21981378741266128,0.07981378741301601
2011-11-07,0.0002659658601994545,8.432975105458264e-06,0.0,0.0,6.561901547638504e-06,0.0002659658601994545,1.8710735578197596e-06,0.0,0.0,0.2200378456032967,0.07983646882960178
2011-11-08,-0.0005033600404599255,1.3716087814509559e-05,0.0,0.0,2.1864838543343987e-06,-0.0005033600404599255,1.152960396017516e-05,0.0,0.0,0.22024482176575855,0.07980666068320554
2011-11-09,-0.00015493278901034557,0.00018523860933548154,0.0,0.0,2.18718379466704e-06,-0.00015493278901034557,0.0001830514255408145,0.0,0.0,0.21984959044533156,0.07983220850534696
2011-11-10,-0.00011131972320858328,-8.876620236500043e-05,0.0,0.0,2.182047408076327e-06,-0.00011131972320858328,-9.094824977307676e-05,0.0,0.0,0.21968848031579327,0.07964473039478594
2011-11-11,-6.997438489015938e-05,-0.00016687668388066924,0.0,0.0,2.1849212984282107e-06,-6.997438489015938e-05,-0.00016906160517909745,0.0,0.0,0.21962158300500215,0.0797496273926297
2011-11-14,1.5256008575307532e-05,0.0002111500238109852,0.0,0.0,6.570050265580476e-06,1.5256008575307532e-05,0.00020457997354540473,0.0,0.0,0.21960410190403387,0.07993561156456248
2011-11-15,2.7760811350675092e-06,0.0002744717420577503,0.0,0.0,2.183751755822339e-06,2.7760811350675092e-06,0.00027228799030192794,0.0,0.0,0.21957108828677033,0.07970693908751536
2011-11-16,-0.0004759858842851617,2.100968543926894e-05,0.0,0.0,2.175633543446917e-06,-0.0004759858842851617,1.8834051895822024e-05,0.0,0.0,0.21951348409523486,0.07941062433581246
2011-11-17,-0.0003694657889061678,0.00019811047782385748,0.0,0.0,2.1760527221159538e-06,-0.0003694657889061678,0.00019593442510174153,0.0,0.0,0.21913767740171938,0.07942592435723231
2011-11-18,0.00010440052986170044,-8.496679664466876e-05,0.0,0.0,2.171001774690796e-06,0.00010440052986170044,-8.713779841935955e-05,0.0,0.0,0.21880618134787141,0.07924156477621405
2011-11-21,-0.0005416209163482615,0.000276509357217113,0.0,0.0,6.519876345524956e-06,-0.0005416209163482615,0.00026998948087158804,0.0,0.0,0.21890680294838294,0.07932516220388698
2011-11-22,-0.0003555358724730627,0.00020520467826166142,0.0,0.0,2.166304952871148e-06,-0.0003555358724730627,0.00020303837330879027,0.0,0.0,0.21842451299604307,0.07907013077979692
2011-11-23,-0.0001921227879640468,0.00032524679739375,0.0,0.0,2.1610124558865624e-06,-0.0001921227879640468,0.00032308578493786343,0.0,0.0,0.2181022371693005,0.07887695463985951
2011-11-25,-0.00015059496301789559,-5.9242846109377875e-06,0.0,0.0,4.303639551916565e-06,-0.00015059496301789559,-1.0227924162854352e-05,0.0,0.0,0.21788157995663984,0.0785414218224773
2011-11-28,0.0005157471234680591,-0.00026604163127803084,0.0,0.0,6.4569846862968485e-06,0.0005157471234680591,-0.0002724986159643277,0.0,0.0,0.21776600675155752,0.07855998034994498
2011-11-29,0.00016999496155473267,-4.321363838941771e-05,0.0,0.0,2.1590918447126633e-06,0.00016999496155473267,-4.537273023413038e-05,0.0,0.0,0.2182286700767349,0.07880685233201218
2011-11-30,0.0007333787252315915,-0.00025674891016382593,0.0,0.0,2.1600065951694455e-06,0.0007333787252315915,-0.0002589089167589954,0.0,0.0,0.21837145110079675,0.07884024072368476
2011-12-01,-6.900314384790785e-05,-0.0001704725353992131,0.0,0.0,2.166013104063628e-06,-6.900314384790785e-05,-0.00017263854850327673,0.0,0.0,0.21900092050122286,0.07905947829832245
2011-12-02,0.00029584266890108273,-0.0003899333709374516,0.0,0.0,2.1712082389188233e-06,0.00029584266890108273,-0.00039210457917637044,0.0,0.0,0.21898483322307413,0.07924910072053706
2011-12-05,0.0005550322719367714,3.344420155876015e-05,6.905880954859049e-08,5.1424806287471305e-16,6.546304194535228e-06,0.0005549632131272228,2.689789736371067e-05,0.0003449147361275515,2.568415761434978e-12,0.21964670103636905,0.07964670103351194
2011-12-06,-0.0002930339984325555,-0.00035218222250085437,0.0,0.0,2.1799167099260336e-06,-0.0002930339984325555,-0.0003543621392107804,0.0,0.0,0.22007368099189412,0.07956695991230024
2011-12-07,0.00026504483895150796,-4.0478990474363586e-05,0.0,0.0,2.190983972501192e-06,0.00026504483895150796,-4.266997444686478e-05,0.0,0.0,0.21992302430997865,0.0799709149962935
2011-12-08,-0.00033890835804225303,0.00022646695256085868,0.0,0.0,2.191605627934286e-06,-0.00033890835804225303,0.00022427534693292438,0.0,0.0,0.22013911574289463,0.07999360541960143
2011-12-09,-0.00018050227555261813,-0.00013282723872717395,0.0,0.0,2.1856516017158637e-06,-0.00018050227555261813,-0.00013501289032888982,0.0,0.0,0.2198254066331331,0.07977628346262902
2011-12-12,0.0002448397405945441,-1.1413896222672732e-05,0.0,0.0,6.569945029736125e-06,0.0002448397405945441,-1.7983841252408857e-05,0.0,0.0,0.21971422752852565,0.07993433119512286
2011-12-13,0.0008316133804416161,-2.414917889496917e-05,0.0,0.0,2.1897976175563528e-06,0.0008316133804416161,-2.6338976512525522e-05,0.0,0.0,0.21990917957441425,0.07992761304080688
2011-12-14,9.847876125398139e-05,-2.4040098029284414e-05,0.0,0.0,2.188696737435321e-06,9.847876125398139e-05,-2.6228794766719735e-05,0.0,0.0,0.22056317907229978,0.07988743091638921
2011-12-15,0.00034397491429260553,3.870835246263159e-05,0.0,0.0,2.189197200833647e-06,0.00034397491429260553,3.651915526179794e-05,0.0,0.0,0.22064571618795356,0.0799056978304281
2011-12-16,0.00028967133713492894,-0.00016949799509877655,0.0,0.0,2.1873044416580905e-06,0.00028967133713492894,-0.00017168529954043465,0.0,0.0,0.2209056378171256,0.0798366121205203
2011-12-19,0.00019902759802298425,9.982856218674486e-07,9.79884222191952e-16,2.3695850722945359e-07,6.671442268991029e-06,0.00019902759802200437,-5.910115154353034e-06,4.848764703600808e-12,0.0011725426535616158,0.22116921427987912,0.0811692142727242
2011-12-20,0.00023371227189627973,-0.00024202920839246306,0.0,0.0,2.2233573701938197e-06,0.00023371227189627973,-0.00024425256576265686,0.0,0.0,0.22132550005443719,0.08115254401207442
2011-12-21,0.00017287864467286748,-9.682032079809247e-05,0.0,0.0,2.23001181238988e-06,0.00017287864467286748,-9.905033261048235e-05,0.0,0.0,0.22156154765015523,0.08139543115223061
2011-12-22,0.0002631777671918042,-0.00020829688671382927,0.0,0.0,2.232499602241281e-06,0.0002631777671918042,-0.00021052938631607057,0.0,0.0,0.22171805722490937,0.08148623548180675
2011-12-23,-2.9014840439970724e-05,6.800548458750628e-05,0.0,0.0,2.238088534523238e-06,-2.9014840439970724e-05,6.576739605298305e-05,0.0,0.0,0.2219695486547608,0.08169023151009819
2011-12-27,0.00032742454840899583,-0.00027743381080815553,0.0,0.0,8.944572746340451e-06,0.00032742454840899583,-0.000286378383554496,0.0,0.0,0.22193237723228426,0.0816192263103566
2011-12-28,0.0005336838062919808,6.058576626206928e-05,0.0,0.0,2.2436520195979514e-06,0.0005336838062919808,5.834211424247133e-05,0.0,0.0,0.22225067924267397,0.08189329871532523
2011-12-29,0.0002850620825641471,-0.0003923520180360933,0.0,0.0,2.240665603474264e-06,0.0002850620825641471,-0.00039459268363956757,0.0,0.0,0.22265254696988676,0.08178429452681063
2011-12-30,-4.60039688740523e-05,0.0003052277939861438,0.0,0.0,2.251661599679849e-06,-4.60039688740523e-05,0.00030297613238646393,0.0,0.0,0.22296203021763764,0.08218564838831446
2012-01-03,-0.0013140531787154508,0.00031653125279325713,0.0,0.0,8.97089150806118e-06,-0.0013140531787154508,0.00030756036128519595,0.0,0.0,0.22285875775162647,0.08185938501105826
2012-01-04,-0.0001437314083271739,-0.00017659744319786723,6.023273657178619e-06,6.0518806364380245e-06,3.0645655906757787e-06,-0.00014975468198435253,-0.00018571388942498101,0.03008873167809052,0.030231635316883537,0.2518566440569457,0.11185664405966592
2012-01-05,0.0003074547239982798,-0.00010332615381063851,0.0,0.0,3.0704339108684737e-06,0.0003074547239982798,-0.00010639658772150698,0.0,0.0,0.2517973827568966,0.11207083774669929
2012-01-06,0.0002865604306873893,-0.0003904360820272552,0.0,0.0,3.0726469837215496e-06,0.0002865604306873893,-0.00039350872901097674,0.0,0.0,0.25205415994125635,0.11215161490583656
2012-01-09,-3.4903896502155865e-05,-0.00010644605381829288,0.0,0.0,9.251020968993989e-06,-3.4903896502155865e-05,-0.00011569707478728688,0.0,0.0,0.25236771066915153,0.11255408845609355
2012-01-10,-4.581298860817369e-05,0.00033110152759097946,0.0,0.0,3.0870549000392976e-06,-4.581298860817369e-05,0.00032801447269094016,0.0,0.0,0.2523708140623724,0.11267750385143438
2012-01-11,0.0002834694154761411,-9.607716906559313e-05,0.0,0.0,3.0771152588180456e-06,0.0002834694154761411,-9.915428432441118e-05,0.0,0.0,0.25225381467289787,0.11231470694685863
2012-01-12,-0.0003111034890760622,-4.04433949954324e-05,0.0,0.0,3.0791799705652074e-06,-0.0003111034890760622,-4.3522574965997604e-05,0.0,0.0,0.2524907462233692,0.11239006892563005
2012-01-13,0.000632042487479522,-8.260175580950057e-05,0.0,0.0,3.0813807467102804e-06,0.000632042487479522,-8.568313655621085e-05,0.0,0.0,0.2522691039337006,0.11247039725492523
2012-01-17,6.0525273069469754e-05,-6.557172244524151e-05,0.0,0.0,1.2327839803499793e-05,6.0525273069469754e-05,-7.78995622487413e-05,0.0,0.0,0.25276304696690194,0.11249153820693561
2012-01-18,-0.0004990921846383386,-0.0002317897230909167,0.0,0.0,3.083810015428376e-06,-0.0004990921846383386,-0.00023487353310634506,0.0,0.0,0.25282796494614695,0.11255906556313572
2012-01-19,-0.001508529405442279,-0.0008401379442390865,2.3888970124471806e-05,2.8727575798531506e-05,4.548472267884639e-06,-0.0015324183755667507,-0.0008734139923055026,0.11350502824911267,0.13649497176107084,0.36601923778274104,0.1660192377777893
2012-01-20,-0.00031727057850002087,0.00012564935712940136,0.0,0.0,4.582514507537475e-06,-0.00031727057850002087,0.00012106684262186388,0.0,0.0,0.3653897749247021,0.16726177952511787
2012-01-23,-0.0007147393095350862,-0.0006068952480186712,0.0,0.0,1.3739912000255919e-05,-0.0007147393095350862,-0.0006206351600189272,0.0,0.0,0.36514414699197606,0.16716892933644703
2012-01-24,3.282559039711158e-05,-0.0009194273009215536,0.0,0.0,4.602744321077229e-06,3.282559039711158e-05,-0.0009240300452426309,0.0,0.0,0.36491670813800214,0.16800016771931886
2012-01-25,0.001060697433418973,-0.00045442909018405365,0.0,0.0,4.632062224633287e-06,0.001060697433418973,-0.00045906115240868694,0.0,0.0,0.36527506849668756,0.169070271199115
2012-01-26,0.0009552150729672726,-0.00013271955499051982,0.0,0.0,4.641719709709482e-06,0.0009552150729672726,-0.0001373612747002293,0.0,0.0,0.3661154975637321,0.16942276940439613
2012-01-27,-0.000823286504262593,0.00038416794498414647,0.0,0.0,4.641559744633972e-06,-0.000823286504262593,0.0003795263852395125,0.0,0.0,0.36677074778752805,0.16941693067914
2012-01-30,0.000425933106458855,0.001192381331380547,0.0,0.0,1.3899271728845701e-05,0.000425933106458855,0.0011784820596517013,0.0,0.0,0.3661099262677216,0.16910780603428935
2012-01-31,0.0010194621890534912,-0.0007594341508293587,0.0,0.0,4.593053430018364e-06,0.0010194621890534912,-0.000764027204259377,0.0,0.0,0.3659487256886666,0.16764645019567026
2012-02-01,-0.0004917355330667018,-0.0001852120858245715,0.0,0.0,4.612681604853983e-06,-0.0004917355330667018,-0.00018982476742942549,0.0,0.0,0.36687447530170025,0.1683628785771704
2012-02-02,0.0006073890910292057,-5.048932177086847e-05,2.5917362101506344e-05,2.549976806997819e-05,8.017748858997578e-06,0.0005814717289276994,-8.400683869984424e-05,0.12601521134785026,0.12398478865535092,0.4926478333552694,0.29264783335341155
2012-02-03,-0.001576965817907178,-0.0005504127880050742,0.0,0.0,8.015144874921828e-06,-0.001576965817907178,-0.000558427932879996,0.0,0.0,0.493009967297036,0.2925527879346467
2012-02-06,-0.00026909204586911544,-0.00011777537146752796,0.0,0.0,2.4142227193076957e-05,-0.00026909204586911544,-0.00014191759866060492,0.0,0.0,0.49248465012336085,0.29373043084910294
2012-02-07,-0.0010294709756890122,-0.0008218375832767476,0.0,0.0,8.053946036362413e-06,-0.0010294709756890122,-0.00082989152931311,0.0,0.0,0.4924179466026849,0.293969030327228
2012-02-08,0.0005913460872862117,0.00023731941981973282,0.0,0.0,8.091507179593066e-06,0.0005913460872862117,0.00022922791264013976,0.0,0.0,0.4923038469410664,0.2953400120551469
2012-02-09,-0.0008539785851964577,0.0005494621600500639,0.0,0.0,8.078376372067658e-06,-0.0008539785851964577,0.0005413837836779963,0.0,0.0,0.4924910676630324,0.29486073758046955
2012-02-10,0.001679229177344343,0.0021093742640135972,0.0,0.0,8.065843955148306e-06,0.001679229177344343,0.002101308420058449,0.0,0.0,0.4917908203317061,0.2944033043629132
2012-02-13,0.0008278458656631773,-0.0010351650926007227,0.0,0.0,2.3933676474509773e-05,0.0008278458656631773,-0.0010590987690752324,0.0,0.0,0.49161149377352437,0.29119306377320214
2012-02-14,0.0005847035694719362,0.0007873180469204579,0.0,0.0,8.008104743111107e-06,0.0005847035694719362,0.0007793099421773468,0.0,0.0,0.49255324400694916,0.2922958231235554
2012-02-15,0.00021257605826171372,0.0002714045539604296,0.0,0.0,7.975655483817045e-06,0.00021257605826171372,0.00026342889847661257,0.0,0.0,0.492466217002399,0.29111142515932215
2012-02-16,-0.0006933902803192684,-0.001673461730316975,1.842685095729977e-06,2.7432445028262347e-05,1.1587543866796724e-05,-0.0006952329654149984,-0.001712481719212034,0.008883039981302366,0.1322437059569307,0.5000000000007008,0.4229453511380804
2012-02-17,-0.00035464197562986037,-0.00039582694474605233,0.0,0.0,1.1661469625041294e-05,-0.00035464197562986037,-0.0004074884143710936,0.0,0.0,0.5005116990881036,0.4256436413140073
2012-02-21,-0.0008733306713564736,-0.0011799777568010557,0.0,0.0,4.6724867236769724e-05,-0.0008733306713564736,-0.0012267026240378254,0.0,0.0,0.5005385327396411,0.4263644135355237
2012-02-22,0.0012911203233247066,0.00015211966772263493,0.0,0.0,1.1738195568434568e-05,0.0012911203233247066,0.00014038147215420036,0.0,0.0,0.5007167238599513,0.4284441382478617
2012-02-23,-0.0022093584552142238,-0.0004629513089825039,0.0,0.0,1.1717254635256726e-05,-0.0022093584552142238,-0.0004746685636177606,0.0,0.0,0.5012902462956477,0.4276797941868705
2012-02-24,-0.0008643883150574042,-0.0019341348004195554,0.0,0.0,1.176150643381362e-05,-0.0008643883150574042,-0.001945896306853369,0.0,0.0,0.5004240394832796,0.42929498483419715
2012-02-27,0.0007854334326146035,0.0006126130703464796,0.0,0.0,3.554337628883228e-05,0.0007854334326146035,0.0005770696940576473,0.0,0.0,0.5009675124645784,0.43244441151412605
2012-02-28,-0.00029505896992755234,-0.001648995865355567,0.0,0.0,1.181491032428372e-05,-0.00029505896992755234,-0.0016608107756798508,0.0,0.0,0.5010702361337783,0.4312442268363557
2012-02-29,0.00038034413840693074,0.001260457535344938,0.0,0.0,1.1883330539877568e-05,0.00038034413840693074,0.0012485742048050604,0.0,0.0,0.5017565476149913,0.4337415647055312
2012-03-01,-0.0005055347606163873,-0.001022229153967486,0.0,0.0,1.1829528121368994e-05,-0.0005055347606163873,-0.001034058682088855,0.0,0.0,0.5013202819503053,0.4317777764299683
2012-03-02,0.000914064187731917,0.001832953087770661,4.096071817416104e-05,9.76280952468153e-06,1.0557523618627382e-05,0.0008731034695577559,0.001812632754627352,0.20188224297673626,0.04811775702313405,0.50000000000275,0.38534961207989943
2012-03-05,-0.0007347708297189626,0.0004418198186636302,0.0,0.0,3.143748438682032e-05,-0.0007347708297189626,0.0004103823342768099,0.0,0.0,0.4995723446478601,0.3824893933729804
2012-03-06,0.0008443334867257264,0.0032396974822729283,0.0,0.0,1.047045330430129e-05,0.0008443334867257264,0.003229227028968627,0.0,0.0,0.49899944349684355,0.38217154560699707
2012-03-07,-0.0002997136613588905,0.0005550737651201245,0.0,0.0,1.033957558232931e-05,-0.0002997136613588905,0.0005447341895377951,0.0,0.0,0.49781589381444175,0.3773945087550198
2012-03-08,-0.0008640446454087563,-0.0016642074670169189,0.0,0.0,1.0321839019466731e-05,-0.0008640446454087563,-0.0016745293060363856,0.0,0.0,0.497394308336941,0.3767471242105357
2012-03-09,0.0007290175011109221,0.0021250302106558864,0.0,0.0,1.0393819223326853e-05,0.0007290175011109221,0.0021146363914325596,0.0,0.0,0.49779395044732483,0.3793744016514301
2012-03-12,5.3916267605395346e-05,-0.0004013492510749892,0.0,0.0,3.091887507321137e-05,5.3916267605395346e-05,-0.0004322681261482006,0.0,0.0,0.49710936097906777,0.3761796467240716
2012-03-13,-0.0010656772265767284,-3.670115776477248e-05,0.0,0.0,1.0321192603366785e-05,-0.0010656772265767284,-4.7022350368139264e-05,0.0,0.0,0.497351451092543,0.3767235300228876
2012-03-14,-0.0034883276628644294,0.0009588327851648261,0.0,0.0,1.033369641416674e-05,-0.0034883276628644294,0.0009484990887506594,0.0,0.0,0.4968386059726419,0.37717991911708604
2012-03-15,-0.0008067379434136793,-0.0014036251596834552,0.0,0.0,1.0333672780195044e-05,-0.0008067379434136793,-0.0014139588324636502,0.0,0.0,0.4946064940162221,0.3771790564771191
2012-03-16,0.00026271487386190254,-0.001169334434286198,3.103751921121109e-05,2.0691679473073362e-05,1.313493890710242e-05,0.00023167735465069145,-0.0012031610526663738,0.15000000001011618,0.10000000000158571,0.5000000000122403,0.4794252701092383
2012-03-19,-0.0013309511699782567,-0.0007635967998517801,0.0,0.0,3.9539338223351956e-05,-0.0013309511699782567,-0.0008031361380751321,0.0,0.0,0.5007491845556927,0.48106194838411537
2012-03-20,-0.0004970981318294426,0.0012008626847114627,0.0,0.0,1.3228931563001603e-05,-0.0004970981318294426,0.0011876337531484611,0.0,0.0,0.5004863148781503,0.4828560020495585
2012-03-21,0.0013683760709344408,-0.00013911008674160418,0.0,0.0,1.3186925173907008e-05,0.0013683760709344408,-0.0001522970119155112,0.0,0.0,0.4996441946319422,0.48132276884760583
2012-03-22,0.00011886488238139201,-0.00036665045060795193,0.0,0.0,1.3174714914244447e-05,0.00011886488238139201,-0.0003798251655221964,0.0,0.0,0.5004040398289923,0.4808770943699223
2012-03-23,0.0008532004847681503,-0.0011520040839414492,0.0,0.0,1.3188201728926625e-05,0.0008532004847681503,-0.0011651922856703758,0.0,0.0,0.5006535554049476,0.4813693631058217
2012-03-26,0.0013539595155346517,-0.0009410999062808483,0.0,0.0,3.9671667689000226e-05,0.0013539595155346517,-0.0009807715739698485,0.0,0.0,0.5016632707169932,0.48267195688283604
2012-03-27,0.0020131258781895733,0.0007987535871577844,0.0,0.0,1.324473001521197e-05,0.0020131258781895733,0.0007855088571425725,0.0,0.0,0.5028295802964992,0.4834326455552369
2012-03-28,-0.0007125792783774784,0.001251759073326253,0.0,0.0,1.3185943715190373e-05,-0.0007125792783774784,0.0012385731296110625,0.0,0.0,0.5034337789140803,0.4812869456044486
2012-03-29,0.0009286126317084897,0.0009658735337490002,0.0,0.0,1.3144734896326585e-05,0.0009286126317084897,0.0009527287988526736,0.0,0.0,0.5024569103903277,0.4797828237159203
2012-03-30,-3.325971580132545e-05,-0.001829597024687434,5.0753005477993174e-05,1.7592612413681693e-07,1.3069979101828888e-05,-8.401272127931861e-05,-0.0018428429299133997,0.24913641364257488,0.0008635863673628116,0.49999999998946665,0.4770542372167544
2012-04-02,0.0015484795075306427,-0.0016071549849241448,0.0,0.0,3.943630320682844e-05,0.0015484795075306427,-0.0016465912881309733,0.0,0.0,0.5009319638590903,0.47980835568307934
2012-04-03,-0.0026470681965898905,0.0028787721958923296,0.0,0.0,1.3190760214670858e-05,-0.0026470681965898905,0.0028655814356776587,0.0,0.0,0.5025297474549485,0.48146274783548626
2012-04-04,0.0002146625054207895,0.0012069694405825292,0.0,0.0,1.31090252479823e-05,0.0002146625054207895,0.0011938604153345468,0.0,0.0,0.49977347213815154,0.478479421551354
2012-04-05,0.00031843639043762734,0.0004685782739421039,0.0,0.0,1.3057565711482037e-05,0.00031843639043762734,0.0004555207082306219,0.0,0.0,0.4992848804454783,0.4766011484690943
2012-04-09,0.001333795036443274,-0.0015163966149617707,0.0,0.0,5.2138558794515117e-05,0.001333795036443274,-0.0015685351737562859,0.0,0.0,0.49921694433806996,0.47576434899995046
2012-04-10,-0.0005428560593625328,0.0005127379489787185,0.0,0.0,1.3079255037490909e-05,-0.0005428560593625328,0.0004996586939412276,0.0,0.0,0.5006682663120956,0.4773928088684182
2012-04-11,0.00038852922747820303,-0.0007401969277783193,0.0,0.0,1.3065771829370623e-05,0.00038852922747820303,-0.0007532626996076899,0.0,0.0,0.5001470152861169,0.4769006717720277
2012-04-12,0.0004416994575250569,-0.001900124426720891,0.0,0.0,1.3090825859623784e-05,0.0004416994575250569,-0.0019132152525805149,0.0,0.0,0.5007181731914615,0.4778151438762681
2012-04-13,0.000691474238618951,0.003250048390696875,0.0,0.0,1.3162252525585495e-05,0.000691474238618951,0.0032368861381712895,0.0,0.0,0.5018984241075742,0.4804222171838706
2012-04-16,-0.00131126282449615,-0.0006281360242946809,5.069822668818412e-05,3.105090633106538e-07,3.8941081388229095e-05,-0.0013619610511843342,-0.0006673876147462206,0.248478157424097,0.0015218425762590915,0.5000000000015524,0.4737831568901206
2012-04-17,0.0037040365958469017,-8.730873887571837e-05,0.0,0.0,1.3023999905721846e-05,0.0037040365958469017,-0.00010033273878144021,0.0,0.0,0.499702808404654,0.4753759965588474
2012-04-18,-0.0008493420046375554,0.0010654512033324802,0.0,0.0,1.2979617229292581e-05,-0.0008493420046375554,0.0010524715861031876,0.0,0.0,0.5015992299209339,0.47375602886917917
2012-04-19,-0.0012543221825713877,-0.0003361598058267878,0.0,0.0,1.2947796704840106e-05,-0.0012543221825713877,-0.00034910760253162787,0.0,0.0,0.5006481914587037,0.4725945797266639
2012-04-20,0.0002849297019403919,-0.0009650441276728855,0.0,0.0,1.2977815578578256e-05,0.0002849297019403919,-0.0009780219432514636,0.0,0.0,0.5001958982778172,0.47369026861810637
2012-04-23,-0.0014868756705363993,7.37144826460537e-05,0.0,0.0,3.903982363002005e-05,-0.0014868756705363993,3.467465901603365e-05,0.0,0.0,0.5008279479447099,0.4749845208319107
2012-04-24,-0.00034920371493608486,-0.0003333253366211409,0.0,0.0,1.3030177405281243e-05,-0.00034920371493608486,-0.00034635551402642214,0.0,0.0,0.5000672704701784,0.47560147529276536
2012-04-25,0.004231343882600469,-6.161916169588664e-05,0.0,0.0,1.3048385531263892e-05,0.004231343882600469,-7.466754722715054e-05,0.0,0.0,0.5000658922016527,0.47626607189113207
2012-04-26,0.0015017645916403214,-0.00036559145503338854,0.0,0.0,1.2996053340102685e-05,0.0015017645916403214,-0.0003785875083734912,0.0,0.0,0.5022097128554323,0.474355946913748
2012-04-27,0.0003569600132098867,-0.0014657305481873138,0.0,0.0,1.2991477814191504e-05,0.0003569600132098867,-0.0014787220260015054,0.0,0.0,0.5031463549916168,0.4741889402179899
2012-04-30,-0.0006754647589328715,-0.0008189608080060307,8.156754196881328e-07,1.2719786549886075e-07,3.9086659041971635e-05,-0.0006762804343525596,-0.0008581746649135012,0.004068760195139023,0.0006344896506091706,0.4999999999972733,0.4755543516773215
2012-05-01,0.00032087366547342507,6.594614075268148e-05,0.0,0.0,1.3071381077083181e-05,0.00032087366547342507,5.2874759675598295e-05,0.0,0.0,0.5000919038102438,0.4771054093135361
2012-05-02,0.0007039377810497857,0.0023596914898180534,0.0,0.0,1.3064691425655519e-05,0.0007039377810497857,0.002346626798392398,0.0,0.0,0.500225818863698,0.47686123703642647
2012-05-03,-0.0008062292510816815,-0.00023596305708397305,0.0,0.0,1.2960505484779164e-05,-0.0008062292510816815,-0.00024892356256875223,0.0,0.0,0.49940628551939154,0.4730584501944395
2012-05-04,-0.0027172737867419256,0.0007149610763415644,0.0,0.0,1.2980666813180121e-05,-0.0027172737867419256,0.0007019804095283843,0.0,0.0,0.49912671122202384,0.47379433868107435
2012-05-07,-5.76776687455542e-05,-0.0001745201539455933,0.0,0.0,3.896175588405524e-05,-5.76776687455542e-05,-0.00021348190982964854,0.0,0.0,0.49741186827917233,0.4740346965893388
2012-05-08,-0.00016414086231139195,0.0009352684637080992,0.0,0.0,1.2995557205247573e-05,-0.00016414086231139195,0.0009222729065028516,0.0,0.0,0.49748908954229293,0.47433783799153645
2012-05-09,-0.0010401932381560255,0.0007747167883309241,0.0,0.0,1.2960107938596894e-05,-0.0010401932381560255,0.0007617566803923273,0.0,0.0,0.4969481963280421,0.47304393975878667
2012-05-10,-0.0007336691492954195,0.0003915316235347352,0.0,0.0,1.2942486482493469e-05,-0.0007336691492954195,0.00037858913705224176,0.0,0.0,0.4960461204641602,0.47240075661101155
2012-05-11,0.00019177887721562453,0.0015328281775485585,0.0,0.0,1.2936353029089946e-05,0.00019177887721562453,0.0015198918245194685,0.0,0.0,0.4954883893382173,0.472176885561783
2012-05-14,-0.0020846502001166663,0.0007935041214167641,1.0381834179088276e-06,1.0575832189793166e-07,3.857371307533084e-05,-0.0020856883835345752,0.0007548246500195353,0.005166823235979851,0.0005263372016489456,0.5000000000004983,0.46931350908319197
2012-05-15,-0.0009153221385443706,0.0007917919596926136,0.0,0.0,1.2853270471027643e-05,-0.0009153221385443706,0.0007789386892215859,0.0,0.0,0.4985788903638632,0.469144372192509
2012-05-16,-0.0013031343508823922,-0.0002856104835214927,0.0,0.0,1.2833327794135958e-05,-0.0013031343508823922,-0.0002984438113156287,0.0,0.0,0.49773145055738227,0.46841646448596247
2012-05-17,-0.003169420010127292,-0.0011083486144200995,0.0,0.0,1.2861751839764146e-05,-0.003169420010127292,-0.0011212103662598637,0.0,0.0,0.49722466036424556,0.46945394215139147
2012-05-18,-0.0020041715005528074,-0.0014251640495416256,0.0,0.0,1.2947671226696451e-05,-0.0020041715005528074,-0.0014381117207683221,0.0,0.0,0.49618418328319597,0.4725899997744204
2012-05-21,0.003911816841456431,6.278241042956011e-05,0.0,0.0,3.90947255691534e-05,0.003911816841456431,2.3687684860406713e-05,0.0,0.0,0.49588699526611907,0.4756524944246997
2012-05-22,-0.0005557954834122646,0.003952067531499272,0.0,0.0,1.297877708770392e-05,-0.0005557954834122646,0.003939088754411568,0.0,0.0,0.4978395622569337,0.47372536370119306
2012-05-23,-0.0002704509594704905,0.001570739310182005,0.0,0.0,1.2827103412261997e-05,-0.0002704509594704905,0.0015579122067697429,0.0,0.0,0.4956069830028676,0.4681892745475629
2012-05-24,-0.0006622776855332978,0.0008208615518838856,0.0,0.0,1.276763162761803e-05,-0.0006622776855332978,0.0008080939202562675,0.0,0.0,0.49469962544658114,0.46601855440805806
2012-05-25,0.0002299086498651974,-0.00010460626053972004,0.0,0.0,1.274328409232782e-05,0.0002299086498651974,-0.00011734954463204787,0.0,0.0,0.4939653195980603,0.4651298693699655
2012-05-29,0.00166953864324994,0.00034878357472664385,3.9426780438794406e-05,9.790446197416803e-08,5.09260304943981e-05,0.0016301118628111455,0.00029775963977027157,0.19413960833602323,0.00048208688841637666,0.49999999999926287,0.4647000282613826
2012-05-30,-0.0007840577745376457,0.001779758205247881,0.0,0.0,1.269747281323202e-05,-0.0007840577745376457,0.001767060732434649,0.0,0.0,0.500704245196976,0.4634577576829687
2012-05-31,0.00103299191271292,-0.0004291673077542206,0.0,0.0,1.2636290803221692e-05,0.00103299191271292,-0.00044180359855744227,0.0,0.0,0.49942924699538166,0.46122461431759176
2012-06-01,-0.003931447396715903,0.0005628558634893656,0.0,0.0,1.2640575850926052e-05,-0.003931447396715903,0.0005502152876384396,0.0,0.0,0.5001665462907959,0.46138101855880087
2012-06-04,0.0009087177910623763,-0.0009065672984232391,0.0,0.0,3.8003965655960124e-05,0.0009087177910623763,-0.0009445712640791992,0.0,0.0,0.49791867751420044,0.4623815821475148
2012-06-05,0.0012968448165690376,0.0011347498877636321,0.0,0.0,1.2693281110429265e-05,0.0012968448165690376,0.001122056606653203,0.0,0.0,0.49884528064107186,0.4633047605306682
2012-06-06,0.004414274424580979,-0.0021882216179120277,0.0,0.0,1.2631637386755893e-05,0.004414274424580979,-0.0022008532552987834,0.0,0.0,0.49893525027066543,0.4610547646165902
2012-06-07,0.0007322268727653213,-0.0008039744946387135,0.0,0.0,1.2663558874667326e-05,0.0007322268727653213,-0.0008166380535133809,0.0,0.0,0.5022378607821761,0.46221989892535736
2012-06-08,0.002132954065991718,0.0005512151828724386,0.0,0.0,1.2686656468802854e-05,0.002132954065991718,0.0005385285264036358,0.0,0.0,0.5030125475380104,0.4630629611113042
2012-06-11,-0.001658077722011593,0.0009051482385437785,0.0,0.0,3.791337911658337e-05,-0.001658077722011593,0.0008672348594271951,0.0,0.0,0.5037996097165887,0.4612794459184309
2012-06-12,0.0011809510132131818,-0.0004615755535331171,5.407466496502124e-07,6.310423066230391e-06,1.1811216844209183e-05,0.0011804102665635317,-0.0004796971934435567,0.002538961345734049,0.029629254754978962,0.499999999999658,0.4311094148136352
2012-06-13,0.0003667761153831577,0.0002121627433768666,0.0,0.0,1.1815583416019288e-05,0.0003667761153831577,0.00020034715996084733,0.0,0.0,0.5008300128754384,0.431268794684704
2012-06-14,0.001493450170979753,-0.0003262550355616496,0.0,0.0,1.1803076938466073e-05,0.001493450170979753,-0.0003380581125001157,0.0,0.0,0.5009127097342158,0.4308123082540117
2012-06-15,0.0026794751559578722,-0.0012048261272413602,0.0,0.0,1.1798383673791454e-05,0.0026794751559578722,-0.0012166245109151517,0.0,0.0,0.50182635372137,0.43064100409338807
2012-06-18,0.001421087328531405,0.00028130473740437396,0.0,0.0,3.544233098960314e-05,0.001421087328531405,0.0002458624064147708,0.0,0.0,0.5037688902313007,0.43121502704017156
2012-06-19,0.0009139497053313244,-0.0031863539833292204,0.0,0.0,1.1786755421934278e-05,0.0009139497053313244,-0.003198140738751155,0.0,0.0,0.5043492527067123,0.4302165729006011
2012-06-20,-0.0009605509404779224,0.0011213539723758958,0.0,0.0,1.1901237491304797e-05,-0.0009605509404779224,0.001109452734884591,0.0,0.0,0.5064199623491864,0.43439516843262505
2012-06-21,-0.00409959493531078,0.003258357204751218,0.0,0.0,1.1868748186761986e-05,-0.00409959493531078,0.003246488456564456,0.0,0.0,0.5053841588005984,0.4332093088168125
2012-06-22,0.001134733013262128,0.0001426793465687341,0.0,0.0,1.1789535855777824e-05,0.001134733013262128,0.00013088981071295627,0.0,0.0,0.501712578116147,0.4303180587358905
2012-06-25,-0.002180974641870176,-0.002219244429325151,0.0,0.0,3.5312188585913626e-05,-0.002180974641870176,-0.0022545566179110648,0.0,0.0,0.5022117005387399,0.42963162779528247
2012-06-26,0.00022864104751671224,-0.0015472611487177418,3.984448376634108e-05,1.1335697180297684e-05,1.0767842420662739e-05,0.00018879656375037117,-0.0015693646883187023,0.19462848230373722,0.05537151769851357,0.49999999999944733,0.3930262483541899
2012-06-27,0.002373840439545316,-0.0004186906108614235,0.0,0.0,1.0825178032800825e-05,0.002373840439545316,-0.0004295157888942243,0.0,0.0,0.5009201955018264,0.39511899819723006
2012-06-28,-0.00014224919869752518,-0.00019104368661505947,0.0,0.0,1.0815619931995011e-05,-0.00014224919869752518,-0.00020185930654705448,0.0,0.0,0.5023173679005125,0.3947701275178179
2012-06-29,0.0019575933107888327,-0.0029782076832085454,0.0,0.0,1.0824578835243805e-05,0.0019575933107888327,-0.002989032262043789,0.0,0.0,0.5023479809146401,0.39509712748639875
2012-07-02,0.0023381149776191606,-0.000755982307385387,0.0,0.0,3.275230269961951e-05,0.0023381149776191606,-0.0007887346100850065,0.0,0.0,0.5048262717056831,0.3984863495120374
2012-07-03,0.00041620303887749234,-0.0012827919757130532,0.0,0.0,1.0921224945724131e-05,0.00041620303887749234,-0.0012937132006587773,0.0,0.0,0.5063798117444696,0.3986247105189308
2012-07-05,0.0011226460418884742,0.0007647677874960132,0.0,0.0,2.193198540277919e-05,0.0011226460418884742,0.000742835802093234,0.0,0.0,0.5072411240241517,0.40025873360072023
2012-07-06,-0.0003717375850029515,0.0016898580380249658,0.0,0.0,1.0924660403631773e-05,-0.0003717375850029515,0.001678933377621334,0.0,0.0,0.5074171925060958,0.3987501047325598
2012-07-09,-0.00045112379711062024,-0.0025045778702356817,0.0,0.0,3.259248401144308e-05,-0.00045112379711062024,-0.0025371703542471247,0.0,0.0,0.5063835125240702,0.39654188880589086
2012-07-10,-0.00037143201958820204,0.00109679149521695,0.0,0.0,1.0965548192464949e-05,-0.00037143201958820204,0.0010858259470244852,0.0,0.0,0.5074487949931511,0.4002425090249706
2012-07-11,0.0006776168668649378,0.0008478527200463867,5.221302182633993e-06,4.051309829146376e-16,1.0927692433253218e-05,0.0006723955646823038,0.0008369250276127284,0.02599678517926256,2.0171410816491353e-12,0.5000000000025455,0.39886077381374246
2012-07-12,0.0003936938264347288,0.00028215905658416084,0.0,0.0,1.0888030063623554e-05,0.0003936938264347288,0.0002712710265205373,0.0,0.0,0.49992307268124914,0.39741309732225977
2012-07-13,0.001990616748972948,-0.001315576499230317,0.0,0.0,1.0873069469470723e-05,0.001990616748972948,-0.0013264495686997877,0.0,0.0,0.49998429452479537,0.3968670356356813
2012-07-16,0.0002635475333177134,-0.0017194084404686786,0.0,0.0,3.2705615986942226e-05,0.0002635475333177134,-0.001752114056455621,0.0,0.0,0.5016417372956012,0.3979183278411304
2012-07-17,0.0007087279130545322,0.0004541854051863961,0.0,0.0,1.0965301657171167e-05,0.0007087279130545322,0.00044322010352922494,0.0,0.0,0.5026535180285938,0.40023351048674755
2012-07-18,0.0018982473811182685,-0.0013422784340507673,0.0,0.0,1.094025561565526e-05,0.0018982473811182685,-0.0013532186896664225,0.0,0.0,0.5027830659860137,0.3993193299714171
2012-07-19,0.0008278942166772286,-0.0007976309819109395,0.0,0.0,1.0971050829795477e-05,0.0008278942166772286,-0.000808602032740735,0.0,0.0,0.5044063974083925,0.4004433552875349
2012-07-20,0.00015937258005965153,0.0002655899180061262,0.0,0.0,1.0992691660380002e-05,0.00015937258005965153,0.0002545972263457462,0.0,0.0,0.5052245447402235,0.4012332456038701
2012-07-23,-0.002112687540902476,0.0014756033519120048,0.0,0.0,3.294260842757749e-05,-0.002112687540902476,0.0014426607434844274,0.0,0.0,0.505174790210179,0.4008017358688594
2012-07-24,-0.0015470514213781616,0.0019932685597839764,0.0,0.0,1.0947777290922765e-05,-0.0015470514213781616,0.0019823207824930535,0.0,0.0,0.5033993937528949,0.39959387111868094
2012-07-25,-0.00045309813883542154,-0.0016668808353784597,3.2712860410836676e-07,1.2945084327038226e-15,1.088842779438987e-05,-0.0004534252674395299,-0.0016777692631741441,0.0016339964310110736,6.4660263039886366e-12,0.5000000000164668,0.39742761449523023
2012-07-26,0.0021401031245588155,-0.0007223668603860114,0.0,0.0,1.0957448216190256e-05,0.0021401031245588155,-0.0007333243086022016,0.0,0.0,0.5006138072856682,0.39994685989094436
2012-07-27,0.0027105321232084225,-0.00131243533318682,0.0,0.0,1.0961818235399617e-05,0.0027105321232084225,-0.0013233971514222196,0.0,0.0,0.502047640425076,0.400106365592086
2012-07-30,0.0010824081831510115,-0.0012239687900939885,0.0,0.0,3.294762330292636e-05,0.0010824081831510115,-0.0012569164133969149,0.0,0.0,0.5040589747166122,0.400862750185604
2012-07-31,-0.00032774905695652647,0.0005449324077557553,0.0,0.0,1.1017997223681234e-05,-0.00032774905695652647,0.0005339144105320741,0.0,0.0,0.5052295496143345,0.40215689866436516
2012-08-01,-0.0002620578257176403,0.0010231530480952487,0.0,0.0,1.1000799584938186e-05,-0.0002620578257176403,0.0010121522485103105,0.0,0.0,0.5047977287551448,0.40152918485024375
2012-08-02,-0.0008468472761156009,0.0011630031411203924,0.0,0.0,1.0964543551612876e-05,-0.0008468472761156009,0.0011520385975687796,0.0,0.0,0.5041575051965702,0.4002058396338701
2012-08-03,0.001489417400996747,-0.002015128224574155,0.0,0.0,1.0929344910640259e-05,0.001489417400996747,-0.002026057569484795,0.0,0.0,0.5031570987405914,0.3989210892383695
2012-08-06,0.0005512374232524829,-0.00012174211249013156,0.0,0.0,3.297135546303401e-05,0.0005512374232524829,-0.00015471346795316556,0.0,0.0,0.5049174751405202,0.4011514914669137
2012-08-07,-0.0012130388691114458,0.0008269420285579742,0.0,0.0,1.0989429649242529e-05,-0.0012130388691114458,0.0008159525989087317,0.0,0.0,0.5052683615545615,0.40111418219735234
2012-08-08,-0.00012005215945812004,-0.00044528337872376154,8.523666976742704e-07,6.729677240101901e-17,1.0971130188423283e-05,-0.00012090452615579431,-0.0004562545089122521,0.004255555643518525,3.359882083182695e-13,0.4999999999997508,0.40044625187744987
2012-08-09,7.133303880146148e-05,7.102614813327506e-05,0.0,0.0,1.0989672521834269e-05,7.133303880146148e-05,6.0036475611440794e-05,0.0,0.0,0.500168624681085,0.40112304704695073
2012-08-10,0.0005930335064975239,0.00033735083340076034,0.0,0.0,1.0986283337260383e-05,0.0005930335064975239,0.00032636455006349995,0.0,0.0,0.5001742500715328,0.40099934181000396
2012-08-13,-0.00019645219650222618,0.0011304192808747199,0.0,0.0,3.290087354682408e-05,-0.00019645219650222618,0.0010975184073278958,0.0,0.0,0.5003073020168727,0.40029396148635965
2012-08-14,-0.000745660804789492,0.00047503217918368185,0.0,0.0,1.092614228006128e-05,-0.000745660804789492,0.00046410603690362056,0.0,0.0,0.49966062251654064,0.3988041932222367
2012-08-15,-0.0010963317025845286,-0.0001608220288398749,0.0,0.0,1.0916201208307072e-05,-0.0010963317025845286,-0.00017173823004818198,0.0,0.0,0.4990554731596588,0.39844134410320814
2012-08-16,-6.224576559838048e-05,0.00012289355876670001,0.0,0.0,1.0934472967688498e-05,-6.224576559838048e-05,0.00011195908579901152,0.0,0.0,0.49859139020766613,0.39910826332063015
2012-08-17,0.00037413785382860756,-4.37427877587164e-05,0.0,0.0,1.0930562626313157e-05,0.00037413785382860756,-5.467335038502956e-05,0.0,0.0,0.49850436213509147,0.3989655358604302
2012-08-20,0.00043985740906875076,-0.001361090858877542,0.0,0.0,3.278480959364615e-05,0.00043985740906875076,-0.001393875668471188,0.0,0.0,0.49871917691470924,0.39888185005602805
2012-08-21,-0.001570017563864988,-0.001815987762975132,0.0,0.0,1.0976031359398547e-05,-0.001570017563864988,-0.0018269637943345307,0.0,0.0,0.4996356959007165,0.40062514461804694
2012-08-22,0.0008326924007403598,-0.0006509398941163559,1.9324068454521413e-05,1.2219329354755398e-06,1.0921675399516123e-05,0.0008133683322858385,-0.0006630835024513476,0.09597318701155322,0.00606874263605348,0.4999999999992174,0.3986411520823385
2012-08-23,-0.0013722368014675043,0.0003809550270022539,0.0,0.0,1.0937865573951409e-05,-0.0013722368014675043,0.00037001716142830247,0.0,0.0,0.500757436153877,0.39923209344922644
2012-08-24,0.0013988537759342182,0.0005370403073069172,0.0,0.0,1.0938391120335181e-05,0.0013988537759342182,0.0005261019161865821,0.0,0.0,0.49988619511493815,0.3992512758922341
2012-08-27,0.0006603935151336235,9.711524376771881e-05,0.0,0.0,3.2708071473413796e-05,0.0006603935151336235,6.440717229430501e-05,0.0,0.0,0.5003219513028191,0.3979482029265345
2012-08-28,-0.0004895168238971328,-0.001396516133519813,0.0,0.0,1.0892135172467297e-05,-0.0004895168238971328,-0.0014074082686922804,0.0,0.0,0.5006194954635009,0.39756293379505625
2012-08-29,-6.510148908780427e-05,-0.00038533249005492096,0.0,0.0,1.0951169436551533e-05,-6.510148908780427e-05,-0.0003962836594914725,0.0,0.0,0.5010804907960018,0.39971768443413097
2012-08-30,-0.0009177794285308113,5.270274745466249e-05,0.0,0.0,1.0966786403447778e-05,-0.0009177794285308113,4.173596105121472e-05,0.0,0.0,0.5012466570702612,0.40028770372584394
2012-08-31,0.0008642783777093398,-0.001054080294779079,0.0,0.0,1.0974957031972338e-05,0.0008642783777093398,-0.0010650552518110513,0.0,0.0,0.5007675718017329,0.40058593166699036
2012-09-04,0.00031043715200330935,0.0004313396877061043,0.0,0.0,4.402418281444263e-05,0.00031043715200330935,0.00038731550489166163,0.0,0.0,0.5017325864797906,0.4017206681817889
2012-09-05,-0.0003654593395192089,0.00022458272546177035,0.0,0.0,1.0986562274902624e-05,-0.0003654593395192089,0.00021359616318686772,0.0,0.0,0.5016929660317998,0.4010095230339457
2012-09-06,0.0019783749971776917,8.569884508084445e-05,3.083926883909927e-05,2.0906519796436894e-05,8.214792167070287e-06,0.0019475357283385924,5.657753311733726e-05,0.14899410006478372,0.10100589993908815,0.49983991408861256,0.2998399140980655
2012-09-07,-0.0005425618675810651,-0.002069095327718771,0.0,0.0,8.19601850413116e-06,-0.0005425618675810651,-0.002077291346222902,0.0,0.0,0.5008145999045908,0.29915467540078733
2012-09-10,-0.0002734231926925864,0.0004240581953301911,0.0,0.0,2.4823151154397595e-05,-0.0002734231926925864,0.0003992350441757935,0.0,0.0,0.5015861200456107,0.30201500571183737
2012-09-11,-0.00019269291837181903,-0.0014531407870082647,0.0,0.0,8.261726262306248e-06,-0.00019269291837181903,-0.001461402513270571,0.0,0.0,0.5012496337084459,0.3015530085741781
2012-09-12,-0.00043807787085499054,-0.00017231601519396956,0.0,0.0,8.315292626208422e-06,-0.00043807787085499054,-0.00018063130782017798,0.0,0.0,0.5018871099658688,0.3035081808566074
2012-09-13,0.0022689169904687705,-0.00119754904757993,0.0,0.0,8.325164468596766e-06,0.0022689169904687705,-0.0012058742120485267,0.0,0.0,0.5017594752878616,0.30386850310378194
2012-09-14,-0.0013971163549361047,-0.0003322010467176592,0.0,0.0,8.349098582589621e-06,-0.0013971163549361047,-0.00034055014530024884,0.0,0.0,0.503493157513252,0.30474209826452114
2012-09-17,-0.00029158119772366357,0.0004215003251610424,0.0,0.0,2.5118247079884865e-05,-0.00029158119772366357,0.00039638207808115756,0.0,0.0,0.5029700353393477,0.3056053394719325
2012-09-18,0.00045831092167131714,0.0006448805631167446,0.0,0.0,8.360324903104366e-06,0.00045831092167131714,0.0006365202382136402,0.0,0.0,0.5026257785175451,0.30515185896330943
2012-09-19,0.00013191758270389073,-0.0005375671366567471,0.0,0.0,8.333533130727578e-06,0.00013191758270389073,-0.0005459006697874747,0.0,0.0,0.5025338996669624,0.3041739592715566
2012-09-20,2.7536962303113566e-05,0.0005814506891225072,5.01832690574497e-05,7.993228953294379e-07,8.244332512453992e-06,-2.264630675433613e-05,0.0005724070337147238,0.24608041262712288,0.003919587376418135,0.49999999999615247,0.30091813670457074
2012-09-21,0.00035871145846798585,-0.0003360318194261369,0.0,0.0,8.223881189686346e-06,0.00035871145846798585,-0.00034425570061582324,0.0,0.0,0.49975279249995025,0.3001716634235516
2012-09-24,0.00046106857834249664,0.0002629030477695285,0.0,0.0,2.4698905581312202e-05,0.00046106857834249664,0.0002382041421882163,0.0,0.0,0.5001042745721243,0.30050335123929844
2012-09-25,-0.0007384933138243093,0.0001838995917767676,0.0,0.0,8.220017669758762e-06,-0.0007384933138243093,0.00017567957410700882,0.0,0.0,0.5002155560577306,0.3000306449461948
2012-09-26,0.0001659806160480486,0.00028709221979251727,0.0,0.0,8.219605431650565e-06,0.0001659806160480486,0.0002788726143608667,0.0,0.0,0.4997583336005949,0.30001559825524565
2012-09-27,0.0007777464296112389,-0.0006241644649333895,0.0,0.0,8.20808849669904e-06,0.0007777464296112389,-0.0006323725534300885,0.0,0.0,0.49970202015873344,0.2995952301295149
2012-09-28,0.0007730240474645508,0.0010441461438294847,0.0,0.0,8.223993339209176e-06,0.0007730240474645508,0.0010359221504902755,0.0,0.0,0.5004070204801092,0.3001757568811349
2012-10-01,-0.0004048017292540688,-0.0002579312048772128,0.0,0.0,2.454176505404223e-05,-0.0004048017292540688,-0.000282472969931255,0.0,0.0,0.5002750738348287,0.29859147482418047
2012-10-02,0.0009310351821754664,-0.00016928997140695798,0.0,0.0,8.193285997869734e-06,0.0009310351821754664,-0.0001774832574048277,0.0,0.0,0.5002140565708325,0.2990549389222453
2012-10-03,0.001212810908059183,0.0006124534476593034,0.0,0.0,8.191751169417189e-06,0.001212810908059183,0.0006042616964898862,0.0,0.0,0.5007677372607322,0.2989989176837274
2012-10-04,0.0004402197662706638,-0.0009623419418909083,4.609342070219044e-05,5.061376354848889e-06,7.482456651284322e-06,0.0003941263455684733,-0.0009748857748970415,0.2252644099674828,0.024735590043639833,0.47310966773129337,0.27310966777187773
2012-10-05,-0.00022976060148594527,0.000149253692587862,0.0,0.0,7.51318553728394e-06,-0.00022976060148594527,0.00014174050705057805,0.0,0.0,0.4738250658724217,0.2742312721108638
2012-10-08,-0.00017736428794060786,0.00015508160398595538,0.0,0.0,2.252927221373159e-05,-0.00017736428794060786,0.0001325523317722238,0.0,0.0,0.47363699484394994,0.27410614526706767
2012-10-09,-0.0005901802477969091,0.0006638272914942842,0.0,0.0,7.5058449451037735e-06,-0.0005901802477969091,0.0006563214465491804,0.0,0.0,0.47348084815902364,0.27396334049628773
2012-10-10,0.00014493038196172466,-0.00034273545080270993,0.0,0.0,7.487162686106425e-06,0.00014493038196172466,-0.00035022261348881636,0.0,0.0,0.4728593924241704,0.2732814380428845
2012-10-11,0.0013987455116027706,-1.0891248106351156e-05,0.0,0.0,7.498091998495751e-06,0.0013987455116027706,-1.8389340104846907e-05,0.0,0.0,0.4731014468578963,0.2736803579450949
2012-10-12,0.0006514191476424292,-0.00015016795900779374,0.0,0.0,7.488054207017661e-06,0.0006514191476424292,-0.0001576560132148114,0.0,0.0,0.47384611595899473,0.2733139785561446
2012-10-15,0.0014090795513770381,0.0002803129726019107,0.0,0.0,2.2465412600484394e-05,0.0014090795513770381,0.0002578475600014263,0.0,0.0,0.47426336134279634,0.2733291866392268
2012-10-16,0.000984760860433788,-0.0005105653316527361,0.0,0.0,7.468341877806428e-06,0.000984760860433788,-0.0005180336735305425,0.0,0.0,0.4748808491320807,0.2725944785399346
2012-10-17,-6.773318869314814e-05,-0.0005037540177700109,0.0,0.0,7.478839391414129e-06,-6.773318869314814e-05,-0.000511232857161425,0.0,0.0,0.47564361418649675,0.2729776377866157
2012-10-18,0.0004756277504619629,0.00024793404966415387,3.0484981577698745e-05,2.1091599148545344e-05,1.0175491487434347e-05,0.0004451427688842642,0.0002166669590281742,0.14776561936408006,0.10223438067758787,0.5000000000348094,0.37140543929135367
2012-10-19,-0.0015324069237271712,8.1234967292585e-05,0.0,0.0,1.0161973480840509e-05,-0.0015324069237271712,7.107299381174449e-05,0.0,0.0,0.5001446272056235,0.3709120320506786
2012-10-22,-0.0007471519759646306,0.00028229438901652954,0.0,0.0,3.052384913230339e-05,-0.0007471519759646306,0.00025177053988422615,0.0,0.0,0.4993419255803762,0.3713734977763579
2012-10-23,-0.0016026786952643912,2.639663457305668e-05,0.0,0.0,1.017192126554892e-05,-0.0016026786952643912,1.6224713307507762e-05,0.0,0.0,0.4988418906165623,0.3712751261925356
2012-10-24,-0.0003554224625069025,0.00014403733084410853,0.0,0.0,1.0187359847677142e-05,-0.0003554224625069025,0.00013384997099643138,0.0,0.0,0.4980293125072563,0.37183863444021564
2012-10-25,-0.00026383435205689585,0.0004704495822953037,0.0,0.0,1.0185670483821641e-05,-0.00026383435205689585,0.0004602639118114821,0.0,0.0,0.49778418532692664,0.3717769726594899
2012-10-26,-0.0009223908026237421,-0.0005314888250009569,0.0,0.0,1.0170783611622524e-05,-0.0009223908026237421,-0.0005416596086125794,0.0,0.0,0.49742264246419865,0.37123360182422216
2012-10-31,0.0015067968519175113,0.000177130584453493,0.0,0.0,5.100139335738744e-05,0.0015067968519175113,0.00012612919109610554,0.0,0.0,0.49722821883984564,0.3723101715089283
2012-11-01,-0.0005330852864241445,0.0003069829149426253,0.0,0.0,1.0178804543726537e-05,-0.0005330852864241445,0.0002968041103988988,0.0,0.0,0.4979219459787864,0.3715263658460186
2012-11-02,-0.0003297638900683161,0.0003976018005482165,0.0,0.0,1.017279769350868e-05,-0.0003297638900683161,0.00038742900285470785,0.0,0.0,0.49750641209249147,0.3713071158130668
2012-11-05,-0.00022145488250456454,-0.0003412322261913338,3.07228128389274e-05,2.0501890634274287e-05,2.2259960226747865e-05,-0.00025217769534349195,-0.00038399407705235595,0.14994138939075743,0.10005861061476186,0.4708295160962868,0.27082951609209904
2012-11-06,0.0006803468564177508,0.00018935816211864312,0.0,0.0,7.434064912615685e-06,0.0006803468564177508,0.00018192409720602744,0.0,0.0,0.4709076393613495,0.2713433693104725
2012-11-07,-0.0005014165074416528,-0.0005402287538737022,0.0,0.0,7.422476831587296e-06,-0.0005014165074416528,-0.0005476512307052895,0.0,0.0,0.47118169992404374,0.2709204043529363
2012-11-08,-0.0009047237751542937,-0.0005571626796859104,0.0,0.0,7.445088021015169e-06,-0.0009047237751542937,-0.0005646077677069255,0.0,0.0,0.47117457746485536,0.27174571276705367
2012-11-09,-0.00034276819515935175,-0.00013209953244801997,0.0,0.0,7.471330613703327e-06,-0.00034276819515935175,-0.0001395708630617233,0.0,0.0,0.47096185279549796,0.27270356740017143
2012-11-12,0.00017410026351197526,-3.950178711758111e-05,0.0,0.0,2.243567093731809e-05,0.00017410026351197526,-6.19374580548992e-05,0.0,0.0,0.4708461921092075,0.2729673297373701
2012-11-13,-0.00043716965318841953,-0.0001799230415412724,0.0,0.0,7.478800376617282e-06,-0.00043716965318841953,-0.00018740184191788967,0.0,0.0,0.4709674673403036,0.27297621374653086
2012-11-14,-0.002262874838436468,0.0008297884605258763,0.0,0.0,7.488406820459493e-06,-0.002262874838436468,0.0008223000537054167,0.0,0.0,0.47082436116229887,0.2733268489467715
2012-11-15,-0.00022317338226943815,0.0008509146387730382,0.0,0.0,7.476443265682141e-06,-0.00022317338226943815,0.000843438195507356,0.0,0.0,0.4692374579738707,0.2728901791973981
2012-11-16,0.00011574506893944866,-0.00011062344672711937,0.0,0.0,7.448510486886694e-06,0.00011574506893944866,-0.00011807195721400606,0.0,0.0,0.4687235518652434,0.2718706327713643
2012-11-19,0.0024653394922439053,0.0005626197378993133,5.0629450154678845e-05,2.412549301079751e-07,2.225722693853263e-05,0.0024147100420892267,0.0005401212560306726,0.24881437203244855,0.00118562800407977,0.47079626112226863,0.27079626108548027
2012-11-20,0.00032832158079005333,0.00032727688374631044,0.0,0.0,7.381849287470419e-06,0.00032832158079005333,0.00031989503445884,0.0,0.0,0.4718673123115348,0.2694374989926703
2012-11-21,-1.4310260500994735e-05,0.0006899467161012542,0.0,0.0,7.368106668339423e-06,-1.4310260500994735e-05,0.0006825786094329148,0.0,0.0,0.47188974711767756,0.26893589339438895
2012-11-23,0.0017598080577775816,0.0008218074298687556,0.0,0.0,1.4688592115964979e-05,0.0017598080577775816,0.0008071188377527906,0.0,0.0,0.4715603080287084,0.26806680611636086
2012-11-26,0.000256465005421464,-0.00032227600575857453,0.0,0.0,2.190910329129848e-05,0.000256465005421464,-0.000344185109049873,0.0,0.0,0.47210824872523144,0.2665607567107982
2012-11-27,-0.00012629663733707992,-0.0002121946066735964,0.0,0.0,7.312505363770945e-06,-0.00012629663733707992,-0.00021950711203736734,0.0,0.0,0.47240615324737056,0.2669064457776395
2012-11-28,0.00033681251118103525,7.345577337299135e-06,0.0,0.0,7.3208504921875255e-06,0.00033681251118103525,2.472684511160911e-08,0.0,0.0,0.47244322925007465,0.26721104296484466
2012-11-29,0.0014273900339946371,0.0002521049551894559,0.0,0.0,7.318184206537854e-06,0.0014273900339946371,0.00024478677098291806,0.0,0.0,0.47262084546103705,0.26711372353863166
2012-11-30,0.00034383751490727567,0.0003663476696259684,0.0,0.0,7.299071882763947e-06,0.00034383751490727567,0.00035904859774320443,0.0,0.0,0.4732568663403409,0.2664161237208841
2012-12-03,0.001089747146154193,0.00015869038347330965,0.0,0.0,2.185174559241125e-05,0.001089747146154193,0.0001368386378808984,0.0,0.0,0.4732680503151205,0.2658629047076702
2012-12-04,0.0003552632437347476,-3.865170945514568e-05,6.702590554620273e-06,5.562228331511502e-07,7.3463620316519525e-06,0.0003485606531801273,-4.655429431994878e-05,0.03330081414844672,0.002763509577520108,0.468142214142543,0.26814221415529627
2012-12-05,0.00030585110358126737,0.0002772338704114973,0.0,0.0,7.3452026846780384e-06,0.00030585110358126737,0.0002698886677268193,0.0,0.0,0.4683560308867394,0.26809989799074846
2012-12-06,-0.00040406404904010215,-0.0005898820496467547,0.0,0.0,7.333385114704761e-06,-0.00040406404904010215,-0.0005972154347614595,0.0,0.0,0.46839220996647213,0.26766855668672374
2012-12-07,-0.0008948556660220786,-0.00011833661107347143,0.0,0.0,7.356912592392763e-06,-0.0008948556660220786,-0.0001256935236658642,0.0,0.0,0.4684572025033377,0.26852730962233584
2012-12-10,0.0005168979670886892,7.85370851771781e-05,0.0,0.0,2.2103021294450556e-05,0.0005168979670886892,5.6434063882727554e-05,0.0,0.0,0.4680400046848383,0.26892009241581505
2012-12-11,5.817624779940225e-05,0.0005135651495704899,0.0,0.0,7.361301593859692e-06,5.817624779940225e-05,0.0005062038479766302,0.0,0.0,0.46828841790221076,0.2686875081758788
2012-12-12,0.00031901524998139037,0.000718672038894581,0.0,0.0,7.343087023631581e-06,0.00031901524998139037,0.0007113289518709494,0.0,0.0,0.4680824177502493,0.2680226763625526
2012-12-13,-0.0006849494218849334,0.0002613146623622589,0.0,0.0,7.315859525286911e-06,-0.0006849494218849334,0.000253998802836972,0.0,0.0,0.4679193150470371,0.26702887267297226
2012-12-14,0.00015606812073036585,0.0004325584103107922,0.0,0.0,7.311851266298365e-06,0.00015606812073036585,0.00042524655904449386,0.0,0.0,0.4674358073757059,0.26688257121989034
2012-12-17,-0.00012084175004929996,0.0002763020986094901,0.0,0.0,2.1887277657039808e-05,-0.00012084175004929996,0.0002544148209524503,0.0,0.0,0.4673202153950715,0.26629521149398433
2012-12-18,0.00016830788733455203,0.000587133583766154,3.2254731799914434e-07,1.2660147371857358e-05,7.334429615813496e-06,0.0001679853400165529,0.0005671390067784831,0.0015756143276547535,0.06184366905624694,0.46770668097273316,0.2677066809771927
2012-12-19,0.0008552032190970907,0.0003208289447326414,0.0,0.0,7.312967823509077e-06,0.0008552032190970907,0.0003135159769091323,0.0,0.0,0.4675312952220614,0.2669233255580813
2012-12-20,0.0009058192232153316,8.832560328380783e-05,0.0,0.0,7.295651421543085e-06,0.0009058192232153316,8.102995186226475e-05,0.0,0.0,0.4678397251736937,0.2662912768863226
2012-12-21,-0.0007151149590805834,-0.0005667002633575936,0.0,0.0,7.286041318136679e-06,-0.0007151149590805834,-0.0005739863046757302,0.0,0.0,0.4682834192908793,0.26594050811198877
2012-12-24,-0.0004446847954462776,0.0006501913510590327,0.0,0.0,2.1932975885179164e-05,-0.0004446847954462776,0.0006282583751738535,0.0,0.0,0.46817182522334927,0.2668512066030132
2012-12-26,0.0006739710521288836,0.000950247885819811,0.0,0.0,1.4583679821796591e-05,0.0006739710521288836,0.0009356642059980144,0.0,0.0,0.46764129384156405,0.26615215674778775
2012-12-27,0.0005857759774455564,0.0005288089157096295,0.0,0.0,7.2541292200860385e-06,0.0005857759774455564,0.0005215547864895434,0.0,0.0,0.46756265955149523,0.2647757165331404
2012-12-28,-4.9801895191125715e-05,-7.029733799029556e-05,0.0,0.0,7.231633494345352e-06,-4.9801895191125715e-05,-7.752897148464091e-05,0.0,0.0,0.4676306137641619,0.26395462254360536
2012-12-31,0.00017723968452630761,0.0006830081009517313,0.0,0.0,2.170344186449497e-05,0.00017723968452630761,0.0006613046590872363,0.0,0.0,0.46764035692091005,0.2640585426846888
2013-01-02,0.001800326056707317,0.0005032944291363158,0.0,0.0,1.4419444797701474e-05,0.001800326056707317,0.0004888749843386143,0.0,0.0,0.4674256394793909,0.2631548675580519
2013-01-03,-0.002483077878630859,-0.0003737087847645588,6.689693657830908e-06,2.525584150008343e-05,9.512238418003333e-06,-0.00248976757228869,-0.00040847686468264554,0.03288131698520931,0.12413802074783112,0.5000000000021417,0.3471967022571216
2013-01-04,-0.00018710758384131578,0.00047283908768819163,0.0,0.0,9.550155700477314e-06,-0.00018710758384131578,0.00046328893198771434,0.0,0.0,0.4989630389754759,0.34858068306742196
2013-01-07,0.000702523514213199,0.0007434405756472898,0.0,0.0,2.8603703805293715e-05,0.000702523514213199,0.000714836871841996,0.0,0.0,0.4986382168166768,0.3480117296310735
2013-01-08,-0.00086153774182414,-0.0005583045951010142,0.0,0.0,9.500733736512072e-06,-0.00086153774182414,-0.0005678053288375262,0.0,0.0,0.49863399625745425,0.3467767813826907
2013-01-09,-2.8634897463919733e-05,0.0008667644754167745,0.0,0.0,9.529650893286353e-06,-2.8634897463919733e-05,0.0008572348245234882,0.0,0.0,0.4984849645455322,0.34783225760495196
2013-01-10,0.0021301360450940152,0.0006457123741868333,0.0,0.0,9.498033851200812e-06,0.0021301360450940152,0.0006362143403356325,0.0,0.0,0.49804365071541307,0.3466782355688296
2013-01-11,0.0005322203372473877,0.0010542939591500207,0.0,0.0,9.454189500454584e-06,0.0005322203372473877,0.0010448397696495662,0.0,0.0,0.49879394793039994,0.34507791676659233
2013-01-14,7.800604053384314e-05,0.0005695891563824822,0.0,0.0,2.8231391601893895e-05,7.800604053384314e-05,0.0005413577647805883,0.0,0.0,0.4985399408152927,0.34348193115637565
2013-01-15,-0.0002730153091341304,-0.001113414414337784,0.0,0.0,9.38904345125109e-06,-0.0002730153091341304,-0.001122803457789035,0.0,0.0,0.49830931210405816,0.3427000859706648
2013-01-16,-0.0007529648537379565,-6.74209506865597e-05,0.0,0.0,9.43271431541798e-06,-0.0007529648537379565,-7.685366500197768e-05,0.0,0.0,0.49873243689000846,0.3442940725127563
2013-01-17,0.0008424884987330938,0.0012947041265154178,5.765716922952086e-07,6.551361253306894e-07,9.531864215687037e-06,0.0008419119270407986,0.0012845171261744001,0.0028739475851844074,0.003265555542392435,0.5000000000013072,0.3479130438725768
2013-01-18,-0.000157958712327505,-0.0007764241813044586,0.0,0.0,9.476242312785892e-06,-0.000157958712327505,-0.0007859004236172444,0.0,0.0,0.4997797423357291,0.34588284441668504
2013-01-22,-0.00029327378863725666,-0.0022547746645885393,0.0,0.0,3.8025947971051825e-05,-0.00029327378863725666,-0.002292800612559591,0.0,0.0,0.500093801726991,0.34698677523584787
2013-01-23,4.673950385531658e-05,0.0002137474637942172,0.0,0.0,9.593070033951538e-06,4.673950385531658e-05,0.00020415439376026567,0.0,0.0,0.5010964005122504,0.35014705623923115
2013-01-24,0.0004392940469258898,0.0012216439140940924,0.0,0.0,9.584809168922772e-06,0.0004392940469258898,0.0012120591049251696,0.0,0.0,0.5010174377983632,0.34984553466568125
2013-01-25,-0.00013605035250742925,0.00038283898124486697,0.0,0.0,9.535592841352885e-06,-0.00013605035250742925,0.00037330338840351406,0.0,0.0,0.5006300148922853,0.3480491387093803
2013-01-28,-0.001054502590882423,-0.00010334827908259234,0.0,0.0,2.8568534334920028e-05,-0.001054502590882423,-0.00013191681341751237,0.0,0.0,0.5003752489928671,0.3475838344081936
2013-01-29,-4.7939280533888426e-05,-0.0006434469425535772,0.0,0.0,9.536991109318302e-06,-4.7939280533888426e-05,-0.0006529839336628955,0.0,0.0,0.49991385389872844,0.348100175490118
2013-01-30,-0.001206747251103333,0.0005309832780253038,0.0,0.0,9.56132154490516e-06,-0.001206747251103333,0.0005214219564803987,0.0,0.0,0.5002165279947911,0.3489882363890383
2013-01-31,-0.000499521038447095,0.0001478017205314705,0.0,0.0,9.553321190495475e-06,-0.000499521038447095,0.00013824839934097502,0.0,0.0,0.49935199929972834,0.3486962234530848
2013-02-01,0.0004783923130612707,0.0025737815181077883,2.3705564693683128e-05,2.714684124310229e-05,1.1549302508880715e-05,0.00045468674836758756,0.0025350853743558053,0.11654101835325575,0.13345898165371894,0.5000000000058813,0.42154954157414615
2013-02-04,-0.0019326763477695895,-0.0013251835865425532,0.0,0.0,3.433371385965517e-05,-0.0019326763477695895,-0.0013595173004022083,0.0,0.0,0.4989865362831489,0.4177268519591379
2013-02-05,0.0003443645174373186,0.001961284323830509,0.0,0.0,1.1518799805738036e-05,0.0003443645174373186,0.001949765524024771,0.0,0.0,0.4986956626282548,0.4204361929094384
2013-02-06,-0.00024787816652403354,-0.0012519732236631748,0.0,0.0,1.1438823839238202e-05,-0.00024787816652403354,-0.001263412047502413,0.0,0.0,0.49789778487982195,0.4175170701321944
2013-02-07,-0.0010029615374210043,8.396673807725916e-05,0.0,0.0,1.14904899405044e-05,-0.0010029615374210043,7.247624813675476e-05,0.0,0.0,0.4984031384991516,0.41940288282841054
2013-02-08,0.0011320616469514386,-0.001315192026392256,0.0,0.0,1.149888902901155e-05,0.0011320616469514386,-0.0013266909154212676,0.0,0.0,0.49786343156087065,0.41970944955892153
2013-02-11,-0.0003934780808813143,0.0009933133126953392,0.0,0.0,3.461150147301895e-05,-0.0003934780808813143,0.0009587018112223203,0.0,0.0,0.49909263124153935,0.42110660125506383
2013-02-12,0.0006377594664804581,-0.0004500149128271665,0.0,0.0,1.150345107078544e-05,0.0006377594664804581,-0.00046151836389795193,0.0,0.0,0.498417435798329,0.4198759640836687
2013-02-13,-0.0009660198921474848,0.000737908712520701,0.0,0.0,1.1513751050299372e-05,-0.0009660198921474848,0.0007263949614704016,0.0,0.0,0.49896725672533165,0.42025191333592704
2013-02-14,-0.0009401487881775882,-0.0009371840710225823,0.0,0.0,1.1496289170739591e-05,-0.0009401487881775882,-0.0009486803601933219,0.0,0.0,0.4981205989471757,0.41961455473199505
2013-02-15,-0.00020242757933922834,0.0010289504302393622,2.587652304965078e-05,2.536102501159115e-05,1.3698630137139982e-05,-0.00022830410238887911,0.000989890775090631,0.12625761784899914,0.1237423821596309,0.4999999999826511,0.5000000000056093
2013-02-19,0.0007496494229392587,-0.0001425692626945529,0.0,0.0,5.464014565085263e-05,0.0007496494229392587,-0.00019720940834540553,0.0,0.0,0.4994172229022317,0.4985913290640302
2013-02-20,-0.0029602005398012654,-0.0005292362219268595,0.0,0.0,1.3656398079156118e-05,-0.0029602005398012654,-0.0005428926200060156,0.0,0.0,0.4998907126925558,0.4984585298891983
2013-02-21,-0.0015926360466294533,-0.0008522507503631754,0.0,0.0,1.3718956484294487e-05,-0.0015926360466294533,-0.0008659697068474698,0.0,0.0,0.4986774256314343,0.5007419116767489
2013-02-22,0.0012692035846215604,-0.0008282599200198223,0.0,0.0,1.377617600550893e-05,0.0012692035846215604,-0.0008420360960253312,0.0,0.0,0.49830993726357575,0.5028304242010759
2013-02-25,-0.0033316066270738663,-0.004272686980563538,0.0,0.0,4.137892844139353e-05,-0.0033316066270738663,-0.004314065909004931,0.0,0.0,0.49936582800155915,0.503443629370288
2013-02-26,0.0011591558876108668,0.0012568198828232647,0.0,0.0,1.4017207039299794e-05,0.0011591558876108668,0.001242802675783965,0.0,0.0,0.4998559563318068,0.5116280569344425
2013-02-27,0.002188572464007712,-0.0002683102245326438,0.0,0.0,1.3949268053997196e-05,0.002188572464007712,-0.000282259492586641,0.0,0.0,0.49981457831292936,0.5091482839708976
2013-02-28,-0.0006800366910070142,-0.00020450164936176884,0.0,0.0,1.3930063957438098e-05,-0.0006800366910070142,-0.00021843171331920692,0.0,0.0,0.5010479964819391,0.5084473344464904
2013-03-01,-0.0010939624093271802,-9.026409270249905e-05,0.0,0.0,1.3948198758233651e-05,-0.0010939624093271802,-0.0001042122914607327,0.0,0.0,0.5008179288763476,0.5091092546755283
2013-03-04,0.0011927120755665197,-0.00025964908639340424,4.140673151106039e-05,1.9963459474664888e-06,4.109589041092672e-05,0.0011513053440554593,-0.0003027413227517975,0.20347924655417357,0.009810360644946163,0.5000000000066803,0.4999999999996084
2013-03-05,0.002069406437051033,-0.00032077913787085534,0.0,0.0,1.3694123470095379e-05,0.002069406437051033,-0.00033447326134095073,0.0,0.0,0.5007677785623308,0.49983550665848137
2013-03-06,-0.0007246785837470893,0.002093146441576218,0.0,0.0,1.3679179477334364e-05,-0.0007246785837470893,0.0020794672620988836,0.0,0.0,0.5019663070002781,0.49929005092270434
2013-03-07,0.000676965438581124,0.0024405168841039266,0.0,0.0,1.360340326275553e-05,0.000676965438581124,0.002426913480841171,0.0,0.0,0.5005634706936389,0.4965242190905768
2013-03-08,-0.0011985277415335529,0.00238157116472856,0.0,0.0,1.3494654014358646e-05,-0.0011985277415335529,0.0023680765107142016,0.0,0.0,0.4996894605493635,0.49255487152409055
2013-03-11,0.0009142334545590106,-0.0001082665171594354,0.0,0.0,4.0241152477542246e-05,0.0009142334545590106,-0.00014850766963697766,0.0,0.0,0.49790860441237494,0.48960068847676397
2013-03-12,0.0002467976762756001,-0.0009776304437559362,0.0,0.0,1.3406418058472836e-05,0.0002467976762756001,-0.0009910368618144092,0.0,0.0,0.49844116861186105,0.48933425913425854
2013-03-13,-0.0006230393567261583,-0.0002870623640081641,0.0,0.0,1.3443207415930438e-05,-0.0006230393567261583,-0.0003005055714240945,0.0,0.0,0.49905938583898896,0.490677070681461
2013-03-14,0.002120434829286338,0.0001971417931283036,0.0,0.0,1.3463506291182374e-05,0.002120434829286338,0.00018367828683712125,0.0,0.0,0.4988971003689776,0.4914179796281566
2013-03-15,0.0001453926399384315,-0.0020520461970795875,0.0,0.0,1.3427167433569085e-05,0.0001453926399384315,-0.0020654733645131566,0.0,0.0,0.49986578788010777,0.4900916113252716
2013-03-18,-0.0024234197410472904,0.00020602115382262133,1.7949540848293005e-05,3.3813253131592296e-05,4.109589041137115e-05,-0.0024413692818955834,0.0001311120102796579,0.08669132532261407,0.16330867470214616,0.5000000000154319,0.5000000000050157
2013-03-19,-0.0003851003630889391,-0.0012068292348496508,0.0,0.0,1.3724693294434663e-05,-0.0003851003630889391,-0.0012205539281440853,0.0,0.0,0.4987287720465693,0.500951305246865
2013-03-20,0.0015364365201798655,0.0009528249339203924,0.0,0.0,1.3779882837098151e-05,0.0015364365201798655,0.0009390450510832943,0.0,0.0,0.499145126197307,0.5029657235540825
2013-03-21,-0.001949016527186782,-0.0016875276582126023,0.0,0.0,1.371981489545317e-05,-0.001949016527186782,-0.0017012474731080555,0.0,0.0,0.4994451953405654,0.5007732436840406
2013-03-22,0.0022374133263330215,-0.0004759105974599112,0.0,0.0,1.381648233801391e-05,0.0022374133263330215,-0.0004897270797979251,0.0,0.0,0.4993188243425459,0.5043016053375078
2013-03-25,-0.0024590541123209924,-5.5796271796832205e-05,0.0,0.0,4.141618046457702e-05,-0.0024590541123209924,-9.721245226140923e-05,0.0,0.0,0.5006812040147236,0.5038968623190203
2013-03-26,0.002006501769115113,-0.0008549112550755103,0.0,0.0,1.3842306779169356e-05,0.002006501769115113,-0.0008687535618546796,0.0,0.0,0.49949900250153956,0.5052441974396816
2013-03-27,-0.00039618336980214814,-0.0019762440333555907,0.0,0.0,1.3849971225403496e-05,-0.00039618336980214814,-0.001990094004580994,0.0,0.0,0.5009355657287937,0.5055239497272277
2013-03-28,0.0020915163810783545,0.0006185464400219031,0.0,0.0,1.393737333620073e-05,0.0020915163810783545,0.0006046090666857024,0.0,0.0,0.5017366652110833,0.5087141267713268
2013-04-01,-0.000573062155017365,-0.0012678641018677294,0.0,0.0,5.5531986232321816e-05,-0.000573062155017365,-0.0013233960881000512,0.0,0.0,0.5024734501364231,0.5067293743699365
2013-04-02,0.0016705705174976167,0.0009062987553439769,9.08386778895086e-07,5.0066939756734986e-05,1.3698630137074981e-05,0.0016696621307187216,0.000842533185450167,0.004455031682396628,0.24554496833188583,0.5000000000089713,0.5000000000032369
2013-04-03,-0.0005110095220639783,-0.0016872793539218062,0.0,0.0,1.3639534858602343e-05,-0.0005110095220639783,-0.0017009188887804085,0.0,0.0,0.5004134342408211,0.4978430223389855
2013-04-04,0.002107592030285735,8.565579122850618e-05,0.0,0.0,1.3716100723092048e-05,0.002107592030285735,7.193969050541414e-05,0.0,0.0,0.5010106243528981,0.5006376763928597
2013-04-05,0.0005305705438275752,-0.0010632588062741454,0.0,0.0,1.3683929430826235e-05,0.0005305705438275752,-0.0010769427357049716,0.0,0.0,0.5020240390654409,0.4994634242251576
2013-04-08,0.0006986829573354073,0.0016380097230873374,0.0,0.0,4.116166901856397e-05,0.0006986829573354073,0.0015968480540687734,0.0,0.0,0.5028293415787672,0.5008003063925283
2013-04-09,0.0016134252574000517,-0.0004237521262030932,0.0,0.0,1.3644358313168014e-05,0.0016134252574000517,-0.0004373964845162612,0.0,0.0,0.5023748075859409,0.49801907843063253
2013-04-10,0.00312853373885071,0.0018774824196862907,0.0,0.0,1.3639927013832948e-05,0.00312853373885071,0.0018638424926724578,0.0,0.0,0.5033962243992864,0.4978573360049026
2013-04-11,0.001874291315724442,-0.0007211734223278559,0.0,0.0,1.352098728377873e-05,0.001874291315724442,-0.0007346944096116347,0.0,0.0,0.5040085577937234,0.4935160358579237
2013-04-12,0.00038001394945654844,-0.0029331220682119277,0.0,0.0,1.3525332033193744e-05,0.00038001394945654844,-0.0029466474002451215,0.0,0.0,0.5053070028124058,0.4936746192115717
2013-04-15,-0.005793345136817731,0.000920829766407174,0.0,0.0,4.0922106673600846e-05,-0.005793345136817731,0.0008799076597335732,0.0,0.0,0.5069882698143252,0.4978856311954769
2013-04-16,0.004719116533722865,-0.0009064954001787212,2.0084909123018802e-05,3.087812733479043e-05,1.3698630136988179e-05,0.004699031624599846,-0.0009510721576504998,0.09852684670611604,0.15147315329398714,0.49999999999995925,0.5000000000000685
2013-04-17,-0.003548531721087243,0.0007926128860042566,0.0,0.0,1.3672222690935307e-05,-0.003548531721087243,0.0007789406633133213,0.0,0.0,0.502834513159776,0.4990361282191387
2013-04-18,-0.0015611733761155436,-0.0001147241740251729,0.0,0.0,1.3688418591125991e-05,-0.0015611733761155436,-0.0001284125926162989,0.0,0.0,0.5006726399050418,0.4996272785760986
2013-04-19,0.002583294641990093,-0.00018061971496763796,0.0,0.0,1.371473394121344e-05,0.002583294641990093,-0.00019433444890885142,0.0,0.0,0.49995618548490234,0.5005877888542906
2013-04-22,0.001210410701464341,-0.00016804775485002434,0.0,0.0,4.1060954294365883e-05,0.001210410701464341,-0.00020910870914439021,0.0,0.0,0.5013417945366164,0.4995749439147849
2013-04-23,0.001992762146143862,0.0009657741226873067,0.0,0.0,1.3677893111243684e-05,0.001992762146143862,0.000952096229576063,0.0,0.0,0.5020495020714135,0.4992430985603944
2013-04-24,-0.0012134933200052748,-0.0007517098505553769,0.0,0.0,1.3611350048044713e-05,-0.0012134933200052748,-0.0007653212006034217,0.0,0.0,0.5025622894501492,0.4968142767536321
2013-04-25,0.001171654229950612,-0.0014227831414385882,0.0,0.0,1.3658973413397928e-05,0.001171654229950612,-0.0014364421148519862,0.0,0.0,0.5023428394351419,0.49855252958902435
2013-04-26,0.00023423669424201622,-0.0016341580851675168,0.0,0.0,1.370158178629834e-05,0.00023423669424201622,-0.001647859666953815,0.0,0.0,0.5036478535149599,0.5001077351998894
2013-04-29,0.001883346868913025,-0.0010532539693534734,0.0,0.0,4.129743873016258e-05,0.001883346868913025,-0.001094551408083636,0.0,0.0,0.5045953978555351,0.5024521712169779
2013-04-30,-0.00019145316203390394,-0.0009185920809229001,4.972062667469611e-05,6.260254625470472e-07,1.3698630137036751e-05,-0.00024117378870860005,-0.000932916736522484,0.24689142457530258,0.00310857542644997,0.49999999999766004,0.5000000000018414
2013-05-01,-0.0015752797844875539,4.664272068544832e-05,0.0,0.0,1.3739928963777124e-05,-0.0015752797844875539,3.29027917216712e-05,0.0,0.0,0.5003960571051362,0.501507407177865
2013-05-02,0.001801331428766219,-6.445120556735246e-05,0.0,0.0,1.3759873994090462e-05,0.001801331428766219,-7.821107956144292e-05,0.0,0.0,0.4995913355023127,0.5022354007843017
2013-05-03,0.0017536897315791984,0.002934815816557066,0.0,0.0,1.3737967609000578e-05,0.0017536897315791984,0.0029210778489480653,0.0,0.0,0.5005301931698367,0.501435817728521
2013-05-06,-0.0009560656613096202,0.0017671619273045306,0.0,0.0,4.078203853703383e-05,-0.0009560656613096202,0.0017263798887674968,0.0,0.0,0.4999467480516341,0.496181468867245
2013-05-07,0.0009931191660365636,6.275191579195024e-05,0.0,0.0,1.3535171115527962e-05,0.0009931191660365636,4.921674467642228e-05,0.0,0.0,0.49860659863349266,0.49403374571677056
2013-05-08,0.0014257874337291264,0.0003249835133034538,0.0,0.0,1.3519360170362888e-05,0.0014257874337291264,0.0003114641531330909,0.0,0.0,0.4990795093046799,0.49345664621824536
2013-05-09,-0.0011542157788541397,0.0018416882992296157,0.0,0.0,1.3487026154874556e-05,-0.0011542157788541397,0.0018282012730747412,0.0,0.0,0.49963730104431425,0.49227645465292125
2013-05-10,0.00033283813753539015,0.00267502350234894,0.0,0.0,1.342751898817563e-05,0.00033283813753539015,0.0026615959833607645,0.0,0.0,0.498147341183518,0.49010444306841044
2013-05-13,9.072570208239962e-05,0.0010217632836457958,0.0,0.0,3.994308508226416e-05,9.072570208239962e-05,0.0009818201985635317,0.0,0.0,0.4969919696094434,0.4859742018342139
2013-05-14,0.002962271502112565,0.0018565420954294767,4.154534628498542e-05,8.996732589687928e-06,1.2052922255525557e-05,0.0029207261558275794,0.001835492440584263,0.20549880026016668,0.04450119974353369,0.5000000000017786,0.43993166232668285
2013-05-15,0.001878318104860531,0.00020124907678227964,0.0,0.0,1.1945243897364172e-05,0.001878318104860531,0.00018930383288491548,0.0,0.0,0.5005813969546775,0.43600140225379225
2013-05-16,-0.0018899515827696814,-0.0008171578510853411,0.0,0.0,1.1915094313634497e-05,-0.0018899515827696814,-0.0008290729453989756,0.0,0.0,0.5014229619433349,0.4349009424476591
2013-05-17,0.001531753258608204,0.002696732888786321,0.0,0.0,1.1970029002426087e-05,0.001531753258608204,0.002684762859783895,0.0,0.0,0.5008949560320521,0.43690605858855214
2013-05-20,-0.0014637258845962128,-0.0008790708743776017,0.0,0.0,3.5538588696683406e-05,-0.0014637258845962128,-0.0009146094630742851,0.0,0.0,0.5003171141146882,0.43238616247631484
2013-05-21,0.001559618909607915,0.00012337376393174943,0.0,0.0,1.1898579177216627e-05,0.001559618909607915,0.0001114751847545328,0.0,0.0,0.5000426573574283,0.4342981399684068
2013-05-22,-0.002002332469907582,0.002986949480822577,0.0,0.0,1.1875354239756688e-05,-0.002002332469907582,0.0029750741265828205,0.0,0.0,0.5007654500807456,0.4334504297511191
2013-05-23,-0.0007799003689276233,-0.0013327435433664087,0.0,0.0,1.1782059107709905e-05,-0.0007799003689276233,-0.0013445256024741186,0.0,0.0,0.49827842143368717,0.4300451574314116
2013-05-24,-0.00011787744617088722,-0.000400194641659678,0.0,0.0,1.1843733765054824e-05,-0.00011787744617088722,-0.00041203837542473285,0.0,0.0,0.4985576699269939,0.432296282424501
2013-05-28,0.00034200003680791036,0.0033107520845655066,0.0,0.0,4.744393329814391e-05,0.00034200003680791036,0.0032633081512673627,0.0,0.0,0.49870406365444764,0.4329258913455631
2013-05-29,-0.004793333822339334,-0.0018455738953785557,1.918977789478926e-05,4.736863909716579e-16,1.1727994752397414e-05,-0.004812523600234124,-0.0018573018901314267,0.09517556366997777,2.3493429424092938e-12,0.5000000000222335,0.42807180846250564
2013-05-30,0.0009825795420407043,-0.00025785108999881056,0.0,0.0,1.1857646856019984e-05,0.0009825795420407043,-0.00026970873685483053,0.0,0.0,0.4985317862153508,0.4328041102447294
2013-05-31,-0.006304656637065463,0.0003002368116083524,0.0,0.0,1.1856259288339243e-05,-0.006304656637065463,0.00028838055232001316,0.0,0.0,0.4991585302140425,0.4327534640243823
2013-06-03,0.0019445307855790852,-0.0019317822370555843,0.0,0.0,3.575923831709921e-05,0.0019445307855790852,-0.0019675414753726837,0.0,0.0,0.49583696565538227,0.4350707328580404
2013-06-04,-0.0010523921199274003,0.0009631090754485525,0.0,0.0,1.197294715221382e-05,-0.0010523921199274003,0.0009511361282963387,0.0,0.0,0.49779295100013826,0.43701257105580443
2013-06-05,-0.00486562806396193,-0.0014018236540274736,0.0,0.0,1.19477703855397e-05,-0.00486562806396193,-0.0014137714244130133,0.0,0.0,0.49679086193156885,0.43609361907219907
2013-06-06,0.003471325724620091,-0.002772588411189467,0.0,0.0,1.2061918115490535e-05,0.003471325724620091,-0.0027846503293049575,0.0,0.0,0.49503374853488524,0.4402600112154044
2013-06-07,0.0034812976108944313,0.0021753368841781894,0.0,0.0,1.2129550378023665e-05,0.0034812976108944313,0.002163207333800166,0.0,0.0,0.4981629979859319,0.4427285887978638
2013-06-10,-0.00023874523088012023,0.001645295065515733,0.0,0.0,3.6006616795130935e-05,-0.00023874523088012023,0.001609288448720602,0.0,0.0,0.49882865478831834,0.4380805043407598
2013-06-11,-0.002129004905793781,-0.0024125091654692093,0.0,0.0,1.1940763688550384e-05,-0.002129004905793781,-0.00242444992915776,0.0,0.0,0.49790750580224896,0.435837874632089
2013-06-12,-0.0018548245097272321,0.00211787969749617,5.012851278324478e-05,1.4572179156595256e-06,1.2255265276924302e-05,-0.001904953022510477,0.0021041672143035863,0.24293788275186726,0.007062117255885188,0.5000000000076804,0.44731718260773706
2013-06-13,0.005533808102810752,-0.00213960698612315,0.0,0.0,1.219481179604702e-05,0.005533808102810752,-0.0021518017979191974,0.0,0.0,0.4980459576750192,0.44511063055571626
2013-06-14,-0.0014148188888694498,7.103826791652587e-05,0.0,0.0,1.221212966600327e-05,-0.0014148188888694498,5.88261382505226e-05,0.0,0.0,0.5018823963490633,0.4457427328091194
2013-06-17,0.0020776893688216553,0.0005476287551671839,0.0,0.0,3.6680288441480507e-05,0.0020776893688216553,0.0005109484667257033,0.0,0.0,0.5011471293345651,0.44627684270467954
2013-06-18,0.002462288545066069,0.0005612094891151378,0.0,0.0,1.218022908443441e-05,0.002462288545066069,0.0005490292600307034,0.0,0.0,0.5019255153237933,0.44457836158185593
2013-06-19,-0.007381531398353387,0.0033188319971914322,0.0,0.0,1.2128331222237264e-05,-0.007381531398353387,0.003306703665969195,0.0,0.0,0.5028734919687823,0.44268408961166017
2013-06-20,-0.010294177747729855,0.00358932012364874,0.0,0.0,1.2086655356643642e-05,-0.010294177747729855,0.0035772334682920965,0.0,0.0,0.4975192658724012,0.44116292051749295
2013-06-21,0.0011620290448632168,0.0028062842512384806,0.0,0.0,1.2069387220456196e-05,0.0011620290448632168,0.0027942148640180244,0.0,0.0,0.49051988284570225,0.4405326335466512
2013-06-24,-0.0043785923510821865,0.0004035567014549748,0.0,0.0,3.5835733259837274e-05,-0.0043785923510821865,0.00036772096819513754,0.0,0.0,0.4897443637346313,0.43600142132802017
2013-06-25,0.003686768407489492,0.0002693873041639287,0.0,0.0,1.1982247324858642e-05,0.003686768407489492,0.00025740505683907006,0.0,0.0,0.4873203506321985,0.43735202735734036
2013-06-26,0.0016551696155741205,-0.00015567537767277015,5.9370628696821094e-05,4.8339193285032245e-05,5.4794520548225255e-06,0.0015957989868772993,-0.0002094940230126249,0.2890781101367095,0.235365583068492,0.19999999999899704,0.20000000000102217
2013-06-27,0.000902978588426446,-0.00036102116941203995,0.0,0.0,5.476125553625138e-06,0.000902978588426446,-0.0003664972949656651,0.0,0.0,0.20137600106469195,0.19987858270731756
2013-06-28,-0.0009228210018774279,0.0004138748849884195,0.0,0.0,5.4830749774119115e-06,-0.0009228210018774279,0.0004083918100110076,0.0,0.0,0.20217051895161162,0.2001322366755347
2013-07-01,0.0011476158814632542,5.4934487104524426e-05,0.0,0.0,1.6423656626807084e-05,0.0011476158814632542,3.851083047771734e-05,0.0,0.0,0.20135127892543303,0.19982115562615285
2013-07-02,-0.0005645408157528946,0.0003077098607867449,0.0,0.0,5.466563117957756e-06,-0.0005645408157528946,0.0003022432976687872,0.0,0.0,0.20225899001610798,0.19952955380545806
2013-07-03,1.9247055104133483e-05,-0.00038326610740523905,0.0,0.0,5.459564741094321e-06,1.9247055104133483e-05,-0.00038872567214633336,0.0,0.0,0.2017473670340081,0.19927411304994266
2013-07-05,0.0010914639896283899,0.003345115870943517,0.0,0.0,1.0944174003061506e-05,0.0010914639896283899,0.0033341716969404554,0.0,0.0,0.20184119009288987,0.19973117555587253
2013-07-08,0.0013225429557606476,-0.0008281864362159133,0.0,0.0,1.607019912735546e-05,0.0013225429557606476,-0.0008442566353432687,0.0,0.0,0.20203850526356285,0.19552075604949143
2013-07-09,0.0011337731747037942,-7.139219891174014e-05,0.0,0.0,5.376851407325161e-06,0.0011337731747037942,-7.67690503190653e-05,0.0,0.0,0.20326382991004188,0.19625507636736841
2013-07-10,0.0004208088425514166,5.200883816012069e-05,0.0,0.0,5.373127939587288e-06,0.0004208088425514166,4.66357102205334e-05,0.0,0.0,0.20418178209894286,0.196119169794936
2013-07-11,0.004224935575746664,-0.003555463786970475,1.4150295865988423e-05,3.63864750841536e-05,9.589041095959315e-06,0.004210785279880676,-0.003601439303150588,0.06999999999989862,0.1800000000006464,0.2745069952564062,0.3500000000025151
2013-07-12,0.0001400896077758991,0.0007336920049934856,0.0,0.0,9.68055225715521e-06,0.0001400896077758991,0.0007240114527363304,0.0,0.0,0.27856219008235716,0.3533401573861651
2013-07-15,0.0008307231951226011,-0.0009710993681222307,0.0,0.0,2.8956332121705502e-05,0.0008307231951226011,-0.0010000557002439363,0.0,0.0,0.2784616606738329,0.35230204081408345
2013-07-16,-0.0007744490779661129,-0.0007515388718268926,0.0,0.0,9.680355368200465e-06,-0.0007744490779661129,-0.0007612192271950931,0.0,0.0,0.2793396851576229,0.3533329709393169
2013-07-17,0.0008196427773490961,-0.0008119665194368725,0.0,0.0,9.715865821477154e-06,0.0008196427773490961,-0.0008216823852583496,0.0,0.0,0.27899367782803763,0.3546291024839161
2013-07-18,0.0009710005034705031,0.0011367965538792639,0.0,0.0,9.738131341513624e-06,0.0009710005034705031,0.0011270584225377502,0.0,0.0,0.27981389131601264,0.3554417939652472
2013-07-19,0.00016453629499433182,-0.0016192828757925141,0.0,0.0,9.686663040592889e-06,0.00016453629499433182,-0.0016289695388331071,0.0,0.0,0.28019702195652635,0.35356320098164046
2013-07-22,0.0005313069055265998,-0.00046804836513649075,0.0,0.0,2.9235894881372154e-05,0.0005313069055265998,-0.0004972842600178629,0.0,0.0,0.2807727311730138,0.35570338772336113
2013-07-23,-0.0008056835697133169,0.00046909457208221524,0.0,0.0,9.757789550856332e-06,-0.0008056835697133169,0.0004593367825313589,0.0,0.0,0.28129446769658245,0.3561593186062561
2013-07-24,-0.0007700254087694849,0.002341798398203575,0.0,0.0,9.748313941986134e-06,-0.0007700254087694849,0.002332050084261589,0.0,0.0,0.2805859641740892,0.35581345888249394
2013-07-25,0.0009346730748935915,-0.0005082124513654326,4.1908634316988346e-16,5.123505887646796e-05,1.3133686055535982e-05,0.0009346730748931724,-0.0005725811962974366,2.044919789057076e-12,0.24999999999408917,0.2793795410267311,0.47937954102706337
2013-07-26,0.0004430652779008199,-0.000957481335839461,0.0,0.0,1.3142850764816977e-05,0.0004430652779008199,-0.0009706241866042779,0.0,0.0,0.28021275134008544,0.4797140529158197
2013-07-29,-0.0006692454325406896,0.000857078581231049,0.0,0.0,3.9528102793320085e-05,-0.0006692454325406896,0.0008175504784377289,0.0,0.0,0.2808039572472313,0.4809252506520611
2013-07-30,0.00036064175456450797,0.0003454728735055486,0.0,0.0,1.3150602358788399e-05,0.00036064175456450797,0.0003323222711467602,0.0,0.0,0.28009317258387506,0.4799969860957767
2013-07-31,0.00041333197890356283,-0.0009209902004675901,0.0,0.0,1.3132037319108935e-05,0.00041333197890356283,-0.0009341222377866991,0.0,0.0,0.28025960451465093,0.47931936214747606
2013-08-01,0.0020847504355645846,0.0031811946263813518,0.0,0.0,1.3164125675759572e-05,0.0020847504355645846,0.003168030500705592,0.0,0.0,0.2808191843892919,0.48049058716522436
2013-08-02,0.0008698303398408704,-0.0023902347231050183,0.0,0.0,1.3008638132210727e-05,0.0008698303398408704,-0.002403243361237229,0.0,0.0,0.28142566744393,0.47481529182569143
2013-08-05,-0.00041754192201813155,0.0010701024594696761,0.0,0.0,3.9282608508507926e-05,-0.00041754192201813155,0.0010308198509611682,0.0,0.0,0.2827290381724312,0.47793840352017974
2013-08-06,-0.0011875613785802708,-8.533930899967537e-05,0.0,0.0,1.3056877465796715e-05,-0.0011875613785802708,-9.839618646547208e-05,0.0,0.0,0.2821384669557234,0.47657602750158007
2013-08-07,-0.0005413221989120765,-0.0013408830749470978,0.0,0.0,1.3076030749720354e-05,-0.0005413221989120765,-0.0013539591056968181,0.0,0.0,0.28131266172262853,0.4772751223647929
2013-08-08,0.001599163493981252,-0.0007418341889529001,3.427272409550429e-05,1.68322438291537e-05,1.369863013713212e-05,0.0015648907698857476,-0.000772365062919186,0.16765847572563403,0.08234152428543905,0.3979058283261419,0.5000000000053223
2013-08-09,8.21680296787368e-06,-0.00029223214879673493,0.0,0.0,1.3708090347493184e-05,8.21680296787368e-06,-0.0003059402391442281,0.0,0.0,0.3991886245732205,0.5003452976835012
2013-08-12,-0.00021547773695115228,0.00019803411020142148,0.0,0.0,4.116054458197041e-05,-0.00021547773695115228,0.00015687356561945107,0.0,0.0,0.39931572702655793,0.5007866257473066
2013-08-13,0.001149351845953279,0.0034982699707233177,0.0,0.0,1.3715559724275153e-05,0.001149351845953279,0.0034845544109990425,0.0,0.0,0.3991236395997644,0.5006179299360429
2013-08-14,-0.001982961979007782,7.364803476180609e-05,0.0,0.0,1.3556895329287389e-05,-0.001982961979007782,6.00911394325187e-05,0.0,0.0,0.3984267193778559,0.4948266795189897
2013-08-15,-0.005093882828938775,0.0025242389301357864,0.0,0.0,1.3580992068531436e-05,-0.005093882828938775,0.002510657938067255,0.0,0.0,0.39720753618744226,0.4957062105013974
2013-08-16,-0.0006587057354822774,0.0018382801823371372,0.0,0.0,1.3546829344323457e-05,-0.0006587057354822774,0.0018247333529928138,0.0,0.0,0.39312919447900985,0.4944592710678061
2013-08-19,-0.0016693689590184665,0.001955261060183016,0.0,0.0,4.044223974268049e-05,-0.0016693689590184665,0.0019148188204403354,0.0,0.0,0.3920133903039993,0.49204725020261253
2013-08-20,0.0012646554671551045,-0.002299616397039965,0.0,0.0,1.3423882894527892e-05,0.0012646554671551045,-0.002313040279934493,0.0,0.0,0.3902482349697874,0.48997172565026814
2013-08-21,-0.0026720964478207593,0.0024773893650416514,0.0,0.0,1.3501040369167651e-05,-0.0026720964478207593,0.002463888324672484,0.0,0.0,0.39192377737290723,0.49278797347461917
2013-08-22,0.004918879101760603,-0.0005760230179285254,2.2321371259552793e-05,3.0661124651008513e-07,1.3477612101477309e-05,0.00489655773050105,-0.0005898072412765127,0.11066725683753866,0.001520149688486893,0.4999999999931195,0.4919328417039218
2013-08-23,0.0020034531769049053,-0.0027505351344039187,0.0,0.0,1.343553007828565e-05,0.0020034531769049053,-0.002763970664482204,0.0,0.0,0.5027536445900823,0.4903968478574263
2013-08-26,-0.0007207936371706673,-0.0008607992672529654,0.0,0.0,4.056351087514494e-05,-0.0007207936371706673,-0.0009013627781281103,0.0,0.0,0.5051412665338832,0.49352271564759675
2013-08-27,-0.006705125612936907,-0.0020117893175705657,0.0,0.0,1.3566761242067202e-05,-0.006705125612936907,-0.002025356078812633,0.0,0.0,0.505240051287174,0.49518678533545285
2013-08-28,0.0016043527074406068,0.0011231931013163555,0.0,0.0,1.3741851742667169e-05,0.0016043527074406068,0.0011094512495736883,0.0,0.0,0.5029257093722213,0.5015775886073517
2013-08-29,0.001836031987370126,-2.5295882679342345e-05,0.0,0.0,1.3673970852724258e-05,0.001836031987370126,-3.8969853532066605e-05,0.0,0.0,0.503164572072941,0.4990999361244354
2013-08-30,-0.003378721902037899,0.0005614733059957944,0.0,0.0,1.3650133752118125e-05,-0.003378721902037899,0.0005478231722436763,0.0,0.0,0.5040947145369488,0.49822988195231166
2013-09-03,0.0029146695167589975,0.0019017551182364295,0.0,0.0,5.469383639925772e-05,0.0029146695167589975,0.0018470612818371718,0.0,0.0,0.5021374930261007,0.49908125714322665
2013-09-04,0.0034600665475594825,0.0014081058817195346,0.0,0.0,1.3556802376456293e-05,0.0034600665475594825,0.0013945490793430783,0.0,0.0,0.5026586374278389,0.4948232867406547
2013-09-05,0.0009026290442820099,0.003024955257347182,0.0,0.0,1.3452915399794273e-05,0.0009026290442820099,0.0030115023419473876,0.0,0.0,0.5036735624283761,0.49103141209249096
2013-09-06,0.0013869847225110976,-0.0019214327233272924,5.380522106620623e-07,3.126052053380279e-05,1.3698630137043702e-05,0.0013864466703004355,-0.001966391873998139,0.0026089141514320318,0.15157639497738837,0.49999999999629324,0.5000000000020952
2013-09-09,0.004060243125564341,3.630531395386847e-05,0.0,0.0,4.127775522455277e-05,0.004060243125564341,-4.9724412706842985e-06,0.0,0.0,0.5016779304283573,0.502212688565392
2013-09-10,0.0027786112718915274,0.0019271355562076912,0.0,0.0,1.3702688962536099e-05,0.0027786112718915274,0.001913432867245155,0.0,0.0,0.5036955517491045,0.5001481471325677
2013-09-11,0.0015604505542535132,-0.0018315911191857874,0.0,0.0,1.3586143941067302e-05,0.0015604505542535132,-0.0018451772631268547,0.0,0.0,0.5041088619896108,0.49589425384895647
2013-09-12,-0.0008710382499386667,-0.0007015004992001674,0.0,0.0,1.3640208251278863e-05,-0.0008710382499386667,-0.0007151407074514462,0.0,0.0,0.5058133311089351,0.49786760117167844
2013-09-13,0.001475237713699688,-1.824777214645731e-05,0.0,0.0,1.3681128160639533e-05,0.001475237713699688,-3.192890030709684e-05,0.0,0.0,0.5057444941334067,0.499361177863343
2013-09-16,0.0008987837759951669,0.00041678361028516685,0.0,0.0,4.098572923457977e-05,0.0008987837759951669,0.00037579788105058707,0.0,0.0,0.5064887122248686,0.49865970568738716
2013-09-17,0.0019718173233941347,-0.00021935558082403678,0.0,0.0,1.3633114498143275e-05,0.0019718173233941347,-0.00023298869532218004,0.0,0.0,0.50674161243679,0.49760867918222956
2013-09-18,0.006486520228658144,-0.006717031569204232,0.0,0.0,1.3615449307044508e-05,0.006486520228658144,-0.006730647018511277,0.0,0.0,0.5078303997229405,0.49696389970712457
2013-09-19,-0.0011625884453282322,0.0017137710335774765,0.0,0.0,1.380284721399567e-05,-0.0011625884453282322,0.001699968186363481,0.0,0.0,0.5144425091499215,0.5038039233108421
2013-09-20,-0.002756303446191077,0.00031335326034645294,1.306795320012785e-05,3.6580577257516325e-07,1.3698630137010623e-05,-0.002769371399391205,0.0002992888244368671,0.06503451556906327,0.0018204841146477265,0.49999999999944333,0.5000000000008878
2013-09-23,-0.002081420065116353,-0.0007253003950783374,0.0,0.0,4.117183317624519e-05,-0.002081420065116353,-0.0007664722282545826,0.0,0.0,0.49847497089290577,0.5009239703109831
2013-09-24,0.000152413638337275,-0.0010200630185401554,0.0,0.0,1.378306832985812e-05,0.000152413638337275,-0.0010338460868700135,0.0,0.0,0.4978112636892031,0.5030819940398212
2013-09-25,-0.002138710664650292,-0.000910112048485642,0.0,0.0,1.3823199478435751e-05,-0.002138710664650292,-0.0009239352479640777,0.0,0.0,0.49840298589175097,0.5045467809629048
2013-09-26,0.002963718287069549,-3.8786380797660234e-05,0.0,0.0,1.389067627803296e-05,0.002963718287069549,-5.2677057075693195e-05,0.0,0.0,0.49778882614082604,0.5070096841482029
2013-09-27,-0.0013480985537551058,0.00031941282338454277,0.0,0.0,1.3851416872991652e-05,-0.0013480985537551058,0.00030556140651155113,0.0,0.0,0.4992990642657207,0.5055767158641953
2013-09-30,-0.00154356497849244,0.0002122120297882842,0.0,0.0,4.157133717346754e-05,-0.00154356497849244,0.00017064069261481666,0.0,0.0,0.4984706398708412,0.5057846022771885
2013-10-01,0.003657845737902452,0.0012710105268507836,0.0,0.0,1.387034129135478e-05,0.003657845737902452,0.0012571401855594288,0.0,0.0,0.4976102560978473,0.5062674571344493
2013-10-02,0.00034052952633970793,-0.0016660254520690812,0.0,0.0,1.3767850294744686e-05,0.00034052952633970793,-0.0016797933023638258,0.0,0.0,0.4988164261229639,0.5025265357581812
2013-10-03,-0.004754058959082077,-9.257706635209417e-06,0.0,0.0,1.3832019550411214e-05,-0.004754058959082077,-2.308972618562063e-05,0.0,0.0,0.4998263549808316,0.5048687135900093
2013-10-04,0.0034024146056355928,0.00036286014426096256,6.431221696056572e-07,7.157276088545153e-06,1.369863013698747e-05,0.003401771483465987,0.00034200423803542994,0.0031820077216032886,0.03541241284429969,0.500000000001796,0.5000000000000426
2013-10-07,-0.004584240918562857,-0.0009840492353755833,0.0,0.0,4.091289757687173e-05,-0.004584240918562857,-0.001024962132952455,0.0,0.0,0.5015248181694385,0.4977735871852728
2013-10-08,-0.006201240396368874,0.00019967419665227915,0.0,0.0,1.3741672610588136e-05,-0.006201240396368874,0.00018593252404169102,0.0,0.0,0.4997437413699435,0.501571050286467
2013-10-09,-0.0022357667751629865,0.0012458453627559795,0.0,0.0,1.3819329606826688e-05,-0.0022357667751629865,0.001232026033149153,0.0,0.0,0.49652927744503084,0.504405530649174
2013-10-10,0.010338457662290017,-0.0009752305015209609,0.0,0.0,1.3799047523362322e-05,0.010338457662290017,-0.0009890295490443232,0.0,0.0,0.49479015170388013,0.5036652346027248
2013-10-11,0.003368505728238236,0.0005089073747349935,0.0,0.0,1.3697700501087918e-05,0.003368505728238236,0.0004952096742339056,0.0,0.0,0.5004496909562784,0.499966068289709
2013-10-14,0.0024255892268152425,0.0014185240956997606,0.0,0.0,4.08932735290691e-05,0.0024255892268152425,0.0013776308221706915,0.0,0.0,0.5018790787577417,0.4975348279370075
2013-10-15,-0.0037589554822197798,0.00030861757796908813,0.0,0.0,1.354072912999649e-05,-0.0037589554822197798,0.00029507684883909165,0.0,0.0,0.5023939532291468,0.4942366132448719
2013-10-16,0.0058739882425926,-0.0027249792801117296,0.0,0.0,1.3579310938905056e-05,0.0058739882425926,-0.0027385585910506345,0.0,0.0,0.5003682125070529,0.4956448492700345
2013-10-17,0.0029561840089326477,-0.0015231546567042776,0.0,0.0,1.3611290661148738e-05,0.0029561840089326477,-0.0015367659473654264,0.0,0.0,0.5046598752129594,0.49681210913192886
2013-10-18,0.005247019707533447,-0.0009015893284079057,5.103622772064133e-05,1.1479559570068745e-16,1.3633669049618817e-05,0.005195983479812806,-0.0009152229974576394,0.2500000000019156,5.623240628692595e-13,0.500000000002439,0.49762892031108685
2013-10-21,0.0002730166351952983,0.0006952853327183455,0.0,0.0,4.080045341269709e-05,0.0002730166351952983,0.0006544848793056485,0.0,0.0,0.5030933973755533,0.4964055165211479
2013-10-22,0.0009486457179625394,-0.0021637598368179924,0.0,0.0,1.3568517403898888e-05,0.0009486457179625394,-0.0021773283542218915,0.0,0.0,0.5028999735236631,0.49525088524230937
2013-10-23,-0.0027993109842055224,0.0008114433301459301,0.0,0.0,1.3644563333365607e-05,-0.0027993109842055224,0.0007977987668125646,0.0,0.0,0.5044684508677475,0.49802656166784465
2013-10-24,0.002457642651845976,-2.4356619580538034e-05,0.0,0.0,1.3649651954401915e-05,0.002457642651845976,-3.800627153493995e-05,0.0,0.0,0.5026752505388766,0.49821229633566994
2013-10-25,0.0025007525484186145,-0.000732916897673634,0.0,0.0,1.3617370174768925e-05,0.0025007525484186145,-0.0007465342678484029,0.0,0.0,0.5039136054983251,0.4970340113790657
2013-10-28,0.0004359983137397493,-0.00037277392200261506,0.0,0.0,4.084070675494012e-05,0.0004359983137397493,-0.00041361462875755516,0.0,0.0,0.5055275523730388,0.4968952655184381
2013-10-29,0.0014661951186639118,-9.058295828255595e-05,0.0,0.0,1.3623476958861217e-05,0.0014661951186639118,-0.00010420643524141716,0.0,0.0,0.5059522256115445,0.49725690899843444
2013-10-30,-0.002856965752125466,0.00041009748454791904,0.0,0.0,1.3607425524171236e-05,-0.002856965752125466,0.0003964900590237478,0.0,0.0,0.5067282625710163,0.49667103163225007
2013-10-31,-0.0012319562470993852,0.000996264775307093,0.0,0.0,1.36297255851553e-05,-0.0012319562470993852,0.0009826350497219377,0.0,0.0,0.5051141178280494,0.4974849838581683
2013-11-01,-0.0014128962832572272,0.0029997103247056634,4.89197522416557e-05,2.536205482512681e-16,1.3605822879829027e-05,-0.0014618160354988828,0.002986104501825581,0.23791612198113393,1.2334571319290176e-12,0.5000000000057614,0.49661253511375947
2013-11-04,0.0018056469133655739,2.9430417824587464e-05,0.0,0.0,4.050916944618234e-05,0.0018056469133655739,-1.1078751621594877e-05,0.0,0.0,0.49782826983258704,0.49286156159521843
2013-11-05,-0.0009098421285037599,0.0017377873826095837,0.0,0.0,1.3478062866741034e-05,-0.0009098421285037599,0.0017243093197428427,0.0,0.0,0.498738895802522,0.4919492946360477
2013-11-06,0.0014065086355642268,-0.0009754584034173973,0.0,0.0,1.3419522492726432e-05,0.0014065086355642268,-0.0009888779259101237,0.0,0.0,0.49742391821249676,0.4898125709845147
2013-11-07,-0.006581043576120278,-0.00029349902879455557,0.0,0.0,1.3440634158909304e-05,-0.006581043576120278,-0.00030693966295346485,0.0,0.0,0.4986221869102922,0.4905831468001896
2013-11-08,0.003879301182653532,0.0032471775262217393,0.0,0.0,1.3541951966359975e-05,0.003879301182653532,0.0032336355742553793,0.0,0.0,0.495453820948601,0.4942812467721391
2013-11-11,0.0006277867205611707,-9.194321241254183e-05,0.0,0.0,4.007392132755064e-05,0.0006277867205611707,-0.00013201713374009247,0.0,0.0,0.4958064819812563,0.4875660428185328
2013-11-12,-0.0003016245280518567,0.0006241322551324983,0.0,0.0,1.3353872324206471e-05,-0.0003016245280518567,0.0006107783828082918,0.0,0.0,0.4961882736464063,0.48741633983353627
2013-11-13,0.004259174042350446,-0.0012622959588523617,0.0,0.0,1.333265096992575e-05,0.004259174042350446,-0.0012756286098222875,0.0,0.0,0.49573339122952453,0.48664176040228985
2013-11-14,0.0006495944919848916,-0.0019964924360837263,0.0,0.0,1.332747130471488e-05,0.0006495944919848916,-0.0020098199073884412,0.0,0.0,0.49850525220357156,0.4864527026220931
2013-11-15,0.0012321973247242423,0.0001265839974265926,6.005777650157373e-07,4.9882729262391686e-05,1.36986301369755e-05,0.0012315967469592266,6.300263802722539e-05,0.0029741403663912625,0.24702585964227008,0.5000000000143963,0.4999999999996058
2013-11-18,-0.0023856667270565693,-0.0004376337517645585,0.0,0.0,4.1032365771262436e-05,-0.0023856667270565693,-0.00047866611753582096,0.0,0.0,0.5005841414175073,0.49922711688369303
2013-11-19,-0.0009084887564774687,0.0010211505730803776,0.0,0.0,1.3728768986814004e-05,-0.0009084887564774687,0.0010074218040935635,0.0,0.0,0.49962958010688086,0.5011000680187111
2013-11-20,-0.0019147172429432593,0.0010915568051371818,0.0,0.0,1.3699436931738126e-05,-0.0019147172429432593,0.0010778573682054436,0.0,0.0,0.49867175623379906,0.5000294480084414
2013-11-21,0.004618614466031474,-0.0012223725417577233,0.0,0.0,1.3680980329328646e-05,0.004618614466031474,-0.001236053522087052,0.0,0.0,0.49717310321173275,0.4993557820204956
2013-11-22,0.0016924600841955195,-0.0007560458816678029,0.0,0.0,1.3668236345571803e-05,0.0016924600841955195,-0.0007697141180133747,0.0,0.0,0.5001000986161225,0.49889062661337097
2013-11-25,-0.00024254963497112936,-0.0002169869763587625,0.0,0.0,4.1028990458670505e-05,-0.00024254963497112936,-0.00025801596681743297,0.0,0.0,0.5013299585033827,0.4991860505804912
2013-11-26,0.0019904575905983794,-0.00021493939580434263,0.0,0.0,1.3689127307806326e-05,0.0019904575905983794,-0.00022862852311214896,0.0,0.0,0.5013383616070892,0.49965314673493083
2013-11-27,0.0018114992019302876,0.00020829311878392803,0.0,0.0,1.3670930216141932e-05,0.0018114992019302876,0.0001946221885677861,0.0,0.0,0.5024435994593877,0.49898895288918055
2013-11-29,0.0015988445880841817,0.00027639637862189354,0.0,0.0,2.727572868794436e-05,0.0015988445880841817,0.0002491206499339492,0.0,0.0,0.5032455270448408,0.4977820485549845
2013-12-02,-0.002132894000507428,0.000697546175419821,2.0339891184515543e-05,2.893861138598588e-05,4.1095890411300503e-05,-0.0021532338916919434,0.0006275116736225347,0.09896847099391724,0.14080754393310202,0.4999999999875834,0.5000000000041561
2013-12-03,-0.0006604368257821519,-0.00052034276413222,0.0,0.0,1.3700422321712246e-05,-0.0006604368257821519,-0.0005340431864539323,0.0,0.0,0.4986278736123951,0.5000654147424971
2013-12-04,-0.0002737665855789293,0.0009379021362087205,0.0,0.0,1.3731079788206286e-05,-0.0002737665855789293,0.0009241710564205142,0.0,0.0,0.4985629602775055,0.5011844122695295
2013-12-05,3.177454871066346e-05,0.0009545316522700045,0.0,0.0,1.3696475590310348e-05,3.177454871066346e-05,0.0009408351766796942,0.0,0.0,0.49796531482484063,0.49992135904632784
2013-12-06,0.00337710157868703,-0.00041492106737656126,0.0,0.0,1.3657041067231318e-05,0.00337710157868703,-0.00042857810844379256,0.0,0.0,0.4975132031936149,0.4984819989539431
2013-12-09,0.0011424473834549635,0.00011938682010716834,0.0,0.0,4.0884676873786496e-05,0.0011424473834549635,7.850214323338185e-05,0.0,0.0,0.4994177597861164,0.4974302352977357
2013-12-10,-0.0007395539980295572,-0.0006953943598508367,0.0,0.0,1.3608339656948572e-05,-0.0007395539980295572,-0.0007090026995077853,0.0,0.0,0.4999497937055785,0.4967043974786228
2013-12-11,-0.004419786018025991,0.0005863020627400734,0.0,0.0,1.3647160242590225e-05,-0.004419786018025991,0.0005726549024974831,0.0,0.0,0.49993442306440833,0.4981213488545433
2013-12-12,-0.0014725029201627898,0.000631442218337038,0.0,0.0,1.368374031552283e-05,-0.0014725029201627898,0.0006177584780215151,0.0,0.0,0.49742830897157153,0.49945652151658326
2013-12-13,-0.0002831804157288814,-0.00020856318378176196,0.0,0.0,1.3678131835884674e-05,-0.0002831804157288814,-0.00022224131561764663,0.0,0.0,0.49638008416954243,0.49925181200979063
2013-12-16,0.003386998856702605,-2.5158859130426677e-05,1.3796845782391761e-06,5.0763838657735416e-05,4.1095890410579e-05,0.003385619172124366,-0.00011701858819874111,0.006614841559884548,0.24338515845485528,0.5000000000071582,0.49999999999537786
2013-12-17,-0.0007181546040092003,0.0004412937660912253,0.0,0.0,1.3654687700480351e-05,-0.0007181546040092003,0.0004276390783907449,0.0,0.0,0.5017469883647089,0.4983961010675329
2013-12-18,0.004409915264802231,-0.0001600053156438049,0.0,0.0,1.3646561998445329e-05,0.004409915264802231,-0.00017365187764225022,0.0,0.0,0.5011744327144463,0.4980995129432546
2013-12-19,-0.000928762382993475,-1.76568370136692e-05,0.0,0.0,1.359336064969448e-05,-0.000928762382993475,-3.125019766336368e-05,0.0,0.0,0.5034515944225888,0.49615766371384856
2013-12-20,0.0035820926806649266,-0.0016455171833498895,0.0,0.0,1.3606907200750311e-05,0.0035820926806649266,-0.0016591240905506398,0.0,0.0,0.5030057238626457,0.49665211282738636
2013-12-23,0.003905401757551186,0.0005462589503392871,0.0,0.0,4.087736370347506e-05,0.003905401757551186,0.000505381586635812,0.0,0.0,0.5056155337532294,0.4973412583922799
2013-12-24,0.0009287805863832413,0.00014806707818814372,0.0,0.0,1.3551051151802322e-05,0.0009287805863832413,0.0001345160270363414,0.0,0.0,0.5072834182587426,0.4946133670407847
2013-12-26,0.0014706179529516432,0.0003414566101254617,0.0,0.0,2.7065210692175914e-05,0.0014706179529516432,0.0003143913994332858,0.0,0.0,0.5076723925094441,0.49394009513221043
2013-12-27,-0.00024290658317218189,-0.00022836286802083278,0.0,0.0,1.3499154253875626e-05,-0.00024290658317218189,-0.00024186202227470841,0.0,0.0,0.508235804797615,0.49271913026646025
2013-12-30,0.00035329762242536085,0.0012428190904847768,0.0,0.0,4.0535882835815985e-05,0.00035329762242536085,0.001202283207648961,0.0,0.0,0.5082392766598225,0.4931865745024278
2013-12-31,0.0026013862653699177,0.0009010142938467913,5.1000410879092576e-05,2.950760443909329e-15,1.3456977691018271e-05,0.002550385854490825,0.0008875573161528223,0.25000000000674716,1.4464395448618919e-11,0.4999999999848593,0.49117968572216686
2014-01-02,-0.0047320744105273154,0.0005372967134351736,0.0,0.0,2.677254225698519e-05,-0.0047320744105273154,0.0005105241711781884,0.0,0.0,0.5008793913673616,0.48859889618997976
2014-01-03,-0.000876788810507036,-0.0009202521219343225,0.0,0.0,1.3428238654697037e-05,-0.000876788810507036,-0.0009336803605890196,0.0,0.0,0.4982507073497023,0.49013071089644183
2014-01-06,-0.0021471012300585887,-0.0006191940329546343,0.0,0.0,4.0433556832921803e-05,-0.0021471012300585887,-0.0006596275897875561,0.0,0.0,0.4982760319337073,0.491941608133882
2014-01-07,0.003795693043685941,0.00028391626702208163,0.0,0.0,1.3532799395798932e-05,0.003795693043685941,0.0002703834676262827,0.0,0.0,0.4975253494405275,0.49394717794666104
2014-01-08,2.2692326106513997e-05,0.0012838468711938728,0.0,0.0,1.347024980161546e-05,2.2692326106513997e-05,0.0012703766213922575,0.0,0.0,0.49929088753409884,0.4916641177589642
2014-01-09,-0.0005550729536324455,0.0010434860113398825,0.0,0.0,1.3417725870064802e-05,-0.0005550729536324455,0.0010300682854698178,0.0,0.0,0.4986687667628167,0.4897469942573654
2014-01-10,0.001440019534396867,-0.0017081692510204315,0.0,0.0,1.3382780453977229e-05,0.001440019534396867,-0.0017215520314744087,0.0,0.0,0.49787720446123696,0.4884714865701688
2014-01-13,-0.006891553607010225,-8.830477464437321e-05,0.0,0.0,4.0300084618073254e-05,-0.006891553607010225,-0.00012860485926244645,0.0,0.0,0.4994578376078405,0.4903176961865579
2014-01-14,0.006720038381906287,-0.00010170725401114985,0.0,0.0,1.3530768990737625e-05,0.006720038381906287,-0.00011523802300188747,0.0,0.0,0.4960486239479212,0.49387306816192333
2014-01-15,0.003333904599394245,-0.00021787699450229024,1.5950478608927008e-05,6.526433985980793e-06,1.3698630136943015e-05,0.003317954120785318,-0.00023810205862521405,0.07753919529156428,0.03172659904469847,0.5000000000155451,0.49999999999842004
2014-01-16,-0.0005432094891424468,-0.0005132588095965098,0.0,0.0,1.3662520826726604e-05,-0.0005432094891424468,-0.0005269213304232364,0.0,0.0,0.5017884703597336,0.49868201017552105
2014-01-17,-0.0021376280970263253,6.370397579602614e-05,0.0,0.0,1.3691234123514492e-05,-0.0021376280970263253,5.001274167251165e-05,0.0,0.0,0.5017822335033737,0.4997300455082788
2014-01-21,0.002020268901561489,0.0002456044805816966,0.0,0.0,5.4872507926570757e-05,0.002020268901561489,0.00019073197265512582,0.0,0.0,0.5006898532322249,0.5007116348299582
2014-01-22,0.0010712163791326687,-0.0005317346210018051,0.0,0.0,1.3681149059233486e-05,0.0010712163791326687,-0.0005454157700610385,0.0,0.0,0.5016010817036315,0.4993619406620222
2014-01-23,-0.0026592624074089103,-0.00018386722418638158,0.0,0.0,1.3688519699046708e-05,-0.0026592624074089103,-0.0001975557438854283,0.0,0.0,0.5024081315811764,0.4996309690152048
2014-01-24,-0.010511449590429984,-0.00038151818055855245,0.0,0.0,1.3732789238808923e-05,-0.010511449590429984,-0.0003952509697973614,0.0,0.0,0.5011806511550649,0.5012468072165257
2014-01-27,-0.0030800753680612753,0.0009715450308219986,0.0,0.0,4.168436425406535e-05,-0.0030800753680612753,0.0009298606665679332,0.0,0.0,0.4960797953464574,0.5071597650911285
2014-01-28,0.0013758087353540707,-0.0009966149766986912,0.0,0.0,1.3898054213102301e-05,0.0013758087353540707,-0.0010105130309117935,0.0,0.0,0.4940620594821446,0.5072789787782339
2014-01-29,-0.005039634775502141,-9.903259073109578e-05,0.0,0.0,1.3920273716818436e-05,-0.005039634775502141,-0.00011295286444791421,0.0,0.0,0.49525695297998007,0.5080899906638731
2014-01-30,0.0052860672372370575,-0.0005817538389321047,1.8280573308898674e-05,2.2338096630155724e-06,1.3698630137284662e-05,0.005267786663928159,-0.0005976862787324049,0.0885551856558241,0.010821073611068023,0.499999999995235,0.5000000000108902
2014-01-31,-0.0019210903301753468,-0.001506551251452278,0.0,0.0,1.3650817908651841e-05,-0.0019210903301753468,-0.0015202020693609298,0.0,0.0,0.5029372995560859,0.49825485366579214
2014-02-03,-0.010801552619773409,-0.0016197766101861868,0.0,0.0,4.1218123471236596e-05,-0.010801552619773409,-0.0016609947336574235,0.0,0.0,0.5027463062685675,0.5014871689000452
2014-02-04,0.002920782217321803,-0.0010387317115234543,0.0,0.0,1.3957700434395818e-05,0.002920782217321803,-0.00105268941195785,0.0,0.0,0.49815300911413296,0.5094560658554473
2014-02-05,-0.0006300359392496288,-0.0005167016389700409,0.0,0.0,1.3960080112231289e-05,-0.0006300359392496288,-0.0005306617190822722,0.0,0.0,0.5001394843590453,0.5095429240964422
2014-02-06,0.005445215407269403,0.0008521270227297339,0.0,0.0,1.3990475033128047e-05,0.005445215407269403,0.0008381365476966059,0.0,0.0,0.5000899015975353,0.5106523387091736
2014-02-07,0.006465069135122807,-0.0017874254226435855,0.0,0.0,1.3879916685658235e-05,0.006465069135122807,-0.0018013053393292437,0.0,0.0,0.5023784960992068,0.5066169590265257
2014-02-10,0.0005717953232292266,0.00045490223432934724,0.0,0.0,4.1592683285073315e-05,0.0005717953232292266,0.00041330955104427396,0.0,0.0,0.5064814553595829,0.5060443133017254
2014-02-11,0.004776441707408268,-0.00033268144217465137,0.0,0.0,1.3838132674829158e-05,0.004776441707408268,-0.0003465195748494805,0.0,0.0,0.506554241630298,0.5050918426312642
2014-02-12,0.0018827860681350202,-0.000811067993168141,0.0,0.0,1.3786175550693378e-05,0.0018827860681350202,-0.0008248541687188343,0.0,0.0,0.5090755184314629,0.5031954076003082
2014-02-13,0.0019675500854411066,-0.0003987832158541748,3.267654548852793e-05,3.126198329553718e-05,9.589041095922256e-06,0.0019348735399525787,-0.00043963424024563426,0.16041831668091144,0.15347383456239308,0.3499999999994241,0.3500000000011623
2014-02-14,0.0014480580691476185,-0.00018470299211901286,0.0,0.0,9.58563384703921e-06,0.0014480580691476185,-0.00019428862596605208,0.0,0.0,0.3514420601050262,0.3498756354169311
2014-02-18,0.00045350662100548847,-0.002292007539478658,0.0,0.0,3.83147389630154e-05,0.00045350662100548847,-0.0023303222784416735,0.0,0.0,0.35244822935390646,0.34962199303751557
2014-02-19,-0.0019757369550518016,-0.0013037750457203937,0.0,0.0,9.65960877285245e-06,-0.0019757369550518016,-0.001313434654493246,0.0,0.0,0.35356531289007037,0.35257572020911443
2014-02-20,0.0016471335931939918,-0.000153997202184478,0.0,0.0,9.727323473324082e-06,0.0016471335931939918,-0.00016372452565780208,0.0,0.0,0.3527498306633081,0.3550473067763289
2014-02-21,-0.00020199798470155284,9.468107157139448e-05,0.0,0.0,9.71712809882159e-06,-0.00020199798470155284,8.496394347257289e-05,0.0,0.0,0.35387202728248385,0.3546751756069881
2014-02-24,0.0016458949099426006,-0.0010206461741775045,0.0,0.0,2.9147013483359896e-05,0.0016458949099426006,-0.0010497931876608643,0.0,0.0,0.35371142557534624,0.3546219973808788
2014-02-25,-5.3351628622805704e-05,-0.00018895991976144075,0.0,0.0,9.737829333164758e-06,-5.3351628622805704e-05,-0.0001986977490946055,0.0,0.0,0.3551456175709939,0.3554307706605136
2014-02-26,0.0004565952931762699,-0.00034842936937709985,0.0,0.0,9.745462655065586e-06,0.0004565952931762699,-0.00035817483203216545,0.0,0.0,0.35518178929133853,0.355709386909894
2014-02-27,0.001809123425960156,2.8559765212631265e-05,0.0,0.0,9.754048667217661e-06,0.001809123425960156,1.8805716545413604e-05,0.0,0.0,0.3556033859352867,0.35602277635344454
2014-02-28,0.0007997325961814472,-0.00046526886004779613,2.654326104620787e-05,2.2945302366939386e-05,1.0701880963133272e-05,0.0007731893351352394,-0.0004989160433778688,0.12968665205515978,0.1121075303890299,0.4864470287208741,0.39061865515436445
2014-03-03,-0.002629039030950806,-0.003401900726486136,0.0,0.0,3.2135070374035785e-05,-0.002629039030950806,-0.003434035796860172,0.0,0.0,0.4871131591874268,0.3909766895507686
2014-03-04,0.004188187044065563,0.0011004581623966995,0.0,0.0,1.087080337863142e-05,0.004188187044065563,0.001089587359018068,0.0,0.0,0.4874395023331528,0.39678432332004676
2014-03-05,0.0005786091006710666,-7.177295615646375e-05,0.0,0.0,1.0783739694605906e-05,0.0005786091006710666,-8.255669585106966e-05,0.0,0.0,0.489046611688136,0.39360649885311566
2014-03-06,0.0004975194971261681,-0.00026045434969624833,0.0,0.0,1.0780358454230318e-05,0.0004975194971261681,-0.00027123470815047866,0.0,0.0,0.4893824614419321,0.3934830835794066
2014-03-07,-0.0009267890758103744,0.0005775618932974764,0.0,0.0,1.0785053696238685e-05,-0.0009267890758103744,0.0005667768396012378,0.0,0.0,0.4897691536294823,0.393654459912712
2014-03-10,-0.0007944811844582103,0.0005230227072254353,0.0,0.0,3.2319325600853395e-05,-0.0007944811844582103,0.0004907033816245819,0.0,0.0,0.48901841716758393,0.39321846147704964
2014-03-11,-0.001611446020207511,-0.0006169862604599347,0.0,0.0,1.0762048415800486e-05,-0.001611446020207511,-0.0006277483088757351,0.0,0.0,0.48837229264515025,0.3928147671767176
2014-03-12,0.0005817922621365967,0.00020595902015751755,0.0,0.0,1.0803142484351008e-05,0.0005817922621365967,0.00019515587767316654,0.0,0.0,0.48785324484422277,0.39431470067881186
2014-03-13,-0.0035164792774577966,-1.9795856236450688e-05,0.0,0.0,1.0789117186941398e-05,-0.0035164792774577966,-3.058497342339209e-05,0.0,0.0,0.4880558430269964,0.393802777323361
2014-03-14,-0.0005595634236452295,-0.0003893275702697956,3.829486437600522e-05,1.2919872796164319e-05,9.100199898963902e-06,-0.0005978582880212347,-0.0004113476429649238,0.1869328365757176,0.06306716342616757,0.49999999999731964,0.3321572963121824
2014-03-17,0.001433737359929934,0.0013928468216782607,0.0,0.0,2.736021131074309e-05,0.001433737359929934,0.0013654866103675176,0.0,0.0,0.49994498401671084,0.33288257094737417
2014-03-18,0.002096824807781913,-0.0007200144128418993,0.0,0.0,9.056558913220768e-06,0.002096824807781913,-0.00072907097175512,0.0,0.0,0.49997916770574957,0.33056440033255813
2014-03-19,-0.0028181852657947755,0.000281738189610395,0.0,0.0,9.063888167679747e-06,-0.0028181852657947755,0.0002726743014427153,0.0,0.0,0.5013902141248159,0.3308319181203107
2014-03-20,0.000579935232075979,0.00032957178469573257,0.0,0.0,9.079280721795636e-06,0.000579935232075979,0.00032049250397393693,0.0,0.0,0.49984438822972976,0.33139374634554075
2014-03-21,-0.0001778814408248691,-0.0002354381031612188,0.0,0.0,9.062091599208816e-06,-0.0001778814408248691,-0.0002445001947604276,0.0,0.0,0.4999741328852484,0.3307663433711217
2014-03-24,-0.0006508686395154945,0.00011350636271851757,0.0,0.0,2.7217121887057187e-05,-0.0006508686395154945,8.628924083146038e-05,0.0,0.0,0.5000074454070194,0.3311416496258624
2014-03-25,0.0004384054890948797,-0.0006620237322900386,0.0,0.0,9.074387411178273e-06,0.0004384054890948797,-0.0006710981197012169,0.0,0.0,0.49963866246311667,0.33121514050800693
2014-03-26,-0.0010028262629500205,-0.00020530321784489089,0.0,0.0,9.094641303688747e-06,-0.0010028262629500205,-0.00021439785914857963,0.0,0.0,0.5001934592840644,0.3319544075846392
2014-03-27,5.705849688844903e-05,-0.001091142974629217,0.0,0.0,9.111356612436827e-06,5.705849688844903e-05,-0.0011002543312416538,0.0,0.0,0.4997990004206271,0.33256451635394413
2014-03-28,8.94071461199178e-05,0.0001569655771565385,4.5245256679938986e-05,2.6925465128178895e-07,9.115258234474933e-06,4.416188943997881e-05,0.0001475810642707818,0.2179742609713334,0.0012971654474504173,0.5000000000019048,0.33270692555833503
2014-03-31,0.000784243823584391,0.00012250851406142146,0.0,0.0,2.7327633541937307e-05,0.000784243823584391,9.518088051948414e-05,0.0,0.0,0.4999935369104212,0.3324862080935705
2014-04-01,-3.588529032371918e-05,0.0014193490252633546,0.0,0.0,9.097853905521405e-06,-3.588529032371918e-05,0.0014102511713578333,0.0,0.0,0.5003377713374951,0.33207166755153134
2014-04-02,-0.0014516670097933673,0.00035854781442689763,0.0,0.0,9.046534382659526e-06,-0.0014516670097933673,0.0003495012800442381,0.0,0.0,0.49961523191877727,0.3301985049670727
2014-04-03,0.0003501649019046314,-0.0010658102726716146,0.0,0.0,9.046682097843185e-06,0.0003501649019046314,-0.0010748569547694578,0.0,0.0,0.4987132295395549,0.33020389657127625
2014-04-04,-0.0005935509887970839,-0.0007827859931915742,0.0,0.0,9.082464369034913e-06,-0.0005935509887970839,-0.000791868457560609,0.0,0.0,0.49942532400476525,0.33150994946977425
2014-04-07,8.747563625312511e-05,0.00019025206048841286,0.0,0.0,2.734962238058421e-05,8.747563625312511e-05,0.00016290243810782864,0.0,0.0,0.4995238230343188,0.3327537389637745
2014-04-08,0.0021508965161410936,-0.000907684965819912,0.0,0.0,9.109047702486196e-06,0.0021508965161410936,-0.0009167940135223981,0.0,0.0,0.49948623826806454,0.33248024114074626
2014-04-09,0.0018172165879851647,-8.386888622636686e-05,0.0,0.0,9.122657489303453e-06,0.0018172165879851647,-9.299154371567031e-05,0.0,0.0,0.5010188261969369,0.332976998359576
2014-04-10,-0.0019061593657345216,-0.0002646428708370551,0.0,0.0,9.109248871968752e-06,-0.0019061593657345216,-0.0002737521197090238,0.0,0.0,0.5019705326210915,0.33248758382685945
2014-04-11,-0.0013334048093205856,-0.00010775120543764326,1.6935606959021427e-05,3.4988335377894914e-05,8.219178081993681e-06,-0.0013503404162796071,-0.00015095871889753186,0.08154045223554188,0.16845954777916092,0.5000000000109106,0.2999999999927694
2014-04-14,0.0019479488150755944,-0.0005033712049529237,0.0,0.0,2.4703477819327698e-05,0.0019479488150755944,-0.0005280746827722514,0.0,0.0,0.4994163685638082,0.30055898013515364
2014-04-15,0.0003369833714454106,-0.00020869262253959088,0.0,0.0,8.23658867915513e-06,0.0003369833714454106,-0.000216929211218746,0.0,0.0,0.5006534524924415,0.3006354867891622
2014-04-16,0.0012080579589525669,-0.0004805469867124017,0.0,0.0,8.24131688087481e-06,0.0012080579589525669,-0.0004887883035932765,0.0,0.0,0.5009302970977368,0.30080806615193056
2014-04-17,0.00042043892218549857,0.0002769864011563778,0.0,0.0,8.248549620301038e-06,0.00042043892218549857,0.0002687378515360768,0.0,0.0,0.501777441769081,0.3010720611409877
2014-04-21,-0.0009723960791794332,-9.457615863498911e-05,0.0,0.0,3.2941141537457314e-05,-0.0009723960791794332,-0.00012751730017244642,0.0,0.0,0.5018520159380365,0.30058791652929795
2014-04-22,0.0027282065743063286,0.0002795811684892409,0.0,0.0,8.246947439826041e-06,0.0027282065743063286,0.00027133422104941486,0.0,0.0,0.5014311506903253,0.3010135815536505
2014-04-23,0.00044556734411392877,-0.0002838527101231952,0.0,0.0,8.214647511455161e-06,0.00044556734411392877,-0.0002920673576346503,0.0,0.0,0.5026516331850408,0.2998346341681134
2014-04-24,0.0010856740905687914,0.00021252575896737221,0.0,0.0,8.221162349724355e-06,0.0010856740905687914,0.00020430459661764785,0.0,0.0,0.5030199869679566,0.3000724257649389
2014-04-25,-0.0015707581360622765,8.465149801149437e-05,0.0,0.0,8.204755766119137e-06,-0.0015707581360622765,7.644674224537524e-05,0.0,0.0,0.5034562132734709,0.2994735854633485
2014-04-28,-0.0007322575275253576,0.00010984609706924859,2.490219508923932e-05,5.246073418859577e-08,2.4657534246371874e-05,-0.0007571597226145969,8.513610208868811e-05,0.12197018810918384,0.00025695106774317603,0.5000000000036068,0.2999999999975245
2014-04-29,0.0018785034239136122,-0.000174030222041353,0.0,0.0,8.221693772428278e-06,0.0018785034239136122,-0.00018225191581378128,0.0,0.0,0.499603487820794,0.3000918226936321
2014-04-30,-3.9715539028832943e-05,0.0001147939221497084,0.0,0.0,8.212531205274814e-06,-3.9715539028832943e-05,0.00010658139094443358,0.0,0.0,0.5006327921160765,0.29975738899253074
2014-05-01,-0.00023659836510980445,-0.0004775715648735472,0.0,0.0,8.208837275414152e-06,-0.00023659836510980445,-0.0004857804021489613,0.0,0.0,0.5005596062325424,0.29962256055261655
2014-05-02,-0.0002265422333560246,-0.00013915989145809856,0.0,0.0,8.227865062897747e-06,-0.0002265422333560246,-0.0001473877565209963,0.0,0.0,0.5006846918579223,0.30031707479576775
2014-05-05,0.0002627727474038085,0.00022571412563272844,0.0,0.0,2.4704270655667362e-05,0.0002627727474038085,0.00020100985497706109,0.0,0.0,0.500645355937444,0.30056862631061965
2014-05-06,0.000191371615094242,0.00047746359622255615,0.0,0.0,8.224758436703255e-06,0.000191371615094242,0.0004692388377858529,0.0,0.0,0.5006759239019112,0.3002036829396688
2014-05-07,-0.0002683789875378756,1.1041400264734312e-05,0.0,0.0,8.206256103725067e-06,-0.0002683789875378756,2.835144161009245e-06,0.0,0.0,0.5005366357833574,0.29952834778596493
2014-05-08,-0.0009396226182541311,-0.00022987614883412136,0.0,0.0,8.208133218850105e-06,-0.0009396226182541311,-0.00023808428205297145,0.0,0.0,0.5004011352365004,0.29959686248802886
2014-05-09,-0.0022991235984232304,-0.0007479823244834129,0.0,0.0,8.224116794628459e-06,-0.0022991235984232304,-0.0007562064412780414,0.0,0.0,0.5000504254548058,0.30018026300393874
2014-05-12,0.00026915941094756004,0.00010617200369956327,5.048049756609577e-05,8.199721703123542e-08,2.477913648034452e-05,0.00021867891338146428,8.131087000218751e-05,0.24727297999502057,0.00040165404828001945,0.4999999999861982,0.30147949384419165
2014-05-13,0.0005711188525625262,-0.0008309341623883376,0.0,0.0,8.254327124289681e-06,0.0005711188525625262,-0.0008391884895126272,0.0,0.0,0.5001191287680407,0.30128294003657335
2014-05-14,0.0008953916604930428,-0.00022958788904341572,0.0,0.0,8.279311875935948e-06,0.0008953916604930428,-0.00023786720091935166,0.0,0.0,0.5008245034634223,0.3021948834716621
2014-05-15,0.00017031457069996788,5.332482987615964e-05,0.0,0.0,8.280157548970252e-06,0.00017031457069996788,4.504467232718939e-05,0.0,0.0,0.501390218791269,0.30222575053741413
2014-05-16,-0.0009453467916207513,8.609866124924383e-05,0.0,0.0,8.276914084775169e-06,-0.0009453467916207513,7.782174716446865e-05,0.0,0.0,0.5014525409223419,0.30210736409429373
2014-05-19,-0.00044069046216020066,8.583721981563344e-05,0.0,0.0,2.4845219502184214e-05,-0.00044069046216020066,6.0992000313449226e-05,0.0,0.0,0.5009417736651901,0.30228350394324127
2014-05-20,0.00018055937590479986,6.671256812048824e-05,0.0,0.0,8.282532994447107e-06,0.00018055937590479986,5.8430035126041135e-05,0.0,0.0,0.5006911948795858,0.3023124542973194
2014-05-21,2.9692525760993498e-05,-0.00012477707104928675,0.0,0.0,8.278726724830711e-06,2.9692525760993498e-05,-0.00013305579777411747,0.0,0.0,0.5007520798108641,0.302173525456321
2014-05-22,-0.0006222903741420727,-0.00039398846026681116,0.0,0.0,8.283001432852663e-06,-0.0006222903741420727,-0.00040227146169966385,0.0,0.0,0.500833540130067,0.3023295522991222
2014-05-23,-0.00021552976070653428,-0.0005814783127296369,0.0,0.0,8.30230185887778e-06,-0.00021552976070653428,-0.0005897806145885147,0.0,0.0,0.5007242727360498,0.3030340178490389
2014-05-27,-0.0018354820993452773,-0.0004296211871231798,2.80352179744245e-05,1.6557314683198913e-05,3.287671233086376e-05,-0.0018635173173197018,-0.0004790552141372425,0.137926058176901,0.08145772757434856,0.4999999999866589,0.3000000000191318
2014-05-28,0.00020886407635456596,-0.00024281307406316232,0.0,0.0,8.250275394715383e-06,0.00020886407635456596,-0.0002510633494578777,0.0,0.0,0.4993342445726653,0.30113505190711143
2014-05-29,0.0006937896099242767,-0.0005896294524370694,0.0,0.0,8.257276258759347e-06,0.0006937896099242767,-0.0005978867286958288,0.0,0.0,0.49956418989470186,0.3013905834447162
2014-05-30,-0.001527967688706781,0.00014018357070361156,0.0,0.0,8.272637120597743e-06,-0.001527967688706781,0.00013191093358301382,0.0,0.0,0.5002100079236471,0.3019512549018177
2014-06-02,-0.0017067838116476804,-0.000938379384007553,0.0,0.0,2.484106896661046e-05,-0.0017067838116476804,-0.0009632204529741635,0.0,0.0,0.49937920194318136,0.3022330057604273
2014-06-03,-0.0010581470051289038,0.0003943073775803661,0.0,0.0,8.328301948141467e-06,-0.0010581470051289038,0.00038597907563222466,0.0,0.0,0.49900476297674823,0.3039830211071635
2014-06-04,-0.0009465715737110345,-0.0004944114017392633,0.0,0.0,8.323093522830196e-06,-0.0009465715737110345,-0.0005027344952620935,0.0,0.0,0.4982815448459248,0.3037929135833021
2014-06-05,0.0009251234380187802,0.00020328383265134868,0.0,0.0,8.348738918669167e-06,0.0009251234380187802,0.00019493509373267953,0.0,0.0,0.49805681002968316,0.3047289705314246
2014-06-06,0.0013736369395727817,-1.3892010203336833e-05,0.0,0.0,8.333835115473232e-06,0.0013736369395727817,-2.2225845318810065e-05,0.0,0.0,0.4984236697839336,0.304184981714773
2014-06-09,-0.000550541475386758,-0.00028403071556628223,0.0,0.0,2.4968903901733334e-05,-0.000550541475386758,-0.0003089996194680156,0.0,0.0,0.4991227866522295,0.3037883308044222
2014-06-10,-0.001359450223536324,0.0006539161102367671,3.567647759199754e-05,1.5224643677532721e-05,8.219178082603272e-06,-0.0013951267011283214,0.0006304722884766311,0.17522441894328675,0.07477558105715694,0.4999999999929553,0.3000000000150194
2014-06-11,-0.00022287976981072387,-0.00023145195136442382,0.0,0.0,8.207538503267302e-06,-0.00022287976981072387,-0.00023965948986769112,0.0,0.0,0.4990221292425552,0.2995751553692565
2014-06-12,0.0017825001451835373,-0.00012245040154371356,0.0,0.0,8.217680652545054e-06,0.0017825001451835373,-0.0001306680821962586,0.0,0.0,0.49903007047209796,0.2999453438178945
2014-06-13,0.0014928202607357695,-0.000482763301586468,0.0,0.0,8.207478082613673e-06,0.0014928202607357695,-0.0004909707796690817,0.0,0.0,0.49998667659381735,0.2995729500153991
2014-06-16,-0.0003928969470797976,0.0002504255661471113,0.0,0.0,2.4637430426426358e-05,-0.0003928969470797976,0.00022578813572068495,0.0,0.0,0.5009775927132673,0.2997554035215207
2014-06-17,-0.001508589504813057,-8.767941583786029e-05,0.0,0.0,8.206987294285384e-06,-0.001508589504813057,-9.588640313214568e-05,0.0,0.0,0.5006683618610231,0.2995550362414165
2014-06-18,0.00192785328475395,-0.0010475564256589923,0.0,0.0,8.222582405432373e-06,0.00192785328475395,-0.0010557790080644247,0.0,0.0,0.49996194925868503,0.30012425779828156
2014-06-19,0.0011119429388366411,-0.0015871633152019016,0.0,0.0,8.2440931199333e-06,0.0011119429388366411,-0.001595407408321835,0.0,0.0,0.501452498718325,0.30090939887756535
2014-06-20,0.0009486647440301926,-0.00013656763937589455,0.0,0.0,8.29158573347501e-06,0.0009486647440301926,-0.00014485922510936957,0.0,0.0,0.5028075312335026,0.30264287927183786
2014-06-23,-0.00019379107800110226,0.0010240839285928288,0.0,0.0,2.4865994514283947e-05,-0.00019379107800110226,0.000999217934078545,0.0,0.0,0.5033515991841511,0.30253626659045463
2014-06-24,0.0014932948014879297,-9.202660450245755e-05,5.0904527748389687e-05,4.147162815565669e-07,8.20763262997857e-06,0.00144239027373954,-0.00010064895341399268,0.2479797233767247,0.002020276649820695,0.49957859101984053,0.29957859099421774
2014-06-25,0.0007946069727326243,-0.0002390798484975594,0.0,0.0,8.199152764758114e-06,0.0007946069727326243,-0.00024727900126231755,0.0,0.0,0.500400477823522,0.2992690759136712
2014-06-26,0.0007230307733997297,0.0002862411317150378,0.0,0.0,8.201214143692804e-06,0.0007230307733997297,0.000278039917571345,0.0,0.0,0.5009209167670133,0.29934431624478725
2014-06-27,-0.00038726249407595585,0.0005519557036750277,0.0,0.0,8.1851779791308e-06,-0.00038726249407595585,0.0005437705256958968,0.0,0.0,0.5011422687032075,0.2987589962382742
2014-06-30,-0.0006201848699734546,-0.00010897223107681751,0.0,0.0,2.4506332277345587e-05,-0.0006201848699734546,-0.0001334785633541631,0.0,0.0,0.5006766462927423,0.29816037604103796
2014-07-01,-0.0013841550126671366,-0.0018163298363581524,0.0,0.0,8.177926370425144e-06,-0.0013841550126671366,-0.0018245077627285775,0.0,0.0,0.5004336199429277,0.29849431252051783
2014-07-02,-0.0012841275336704157,5.425340861688489e-05,0.0,0.0,8.25417369156099e-06,-0.0012841275336704157,4.59992349253239e-05,0.0,0.0,0.500655900882705,0.3012773397419761
2014-07-03,-0.0006336438058014829,-1.7979517045052774e-05,0.0,0.0,8.262917849223695e-06,-0.0006336438058014829,-2.624243489427647e-05,0.0,0.0,0.49999082613999146,0.30159650149666484
2014-07-07,7.797630373741089e-05,0.0006863470881257086,0.0,0.0,3.30754678010336e-05,7.797630373741089e-05,0.000653271620324675,0.0,0.0,0.4996869188565991,0.3018136436844316
2014-07-08,0.0016421230345668389,0.00037982022483567303,0.0,0.0,8.244034487341972e-06,0.0016421230345668389,0.00037157619034833105,0.0,0.0,0.49939971015900564,0.3009072587879819
2014-07-09,0.0006754632013127464,-0.0004059834247242597,3.9428514017543586e-05,2.5876401817488106e-07,8.231670028130551e-06,0.0006360346872952028,-0.00041447385877056513,0.19255390631616434,0.0012637053096008226,0.4999999999775634,0.30045595602676506
2014-07-10,-0.00026353635210282534,0.001599814262879253,0.0,0.0,8.240966986211331e-06,-0.00026353635210282534,0.0015915732958930418,0.0,0.0,0.5005645576807464,0.3007952949967136
2014-07-11,0.0007379374049088486,-0.00021237254355836673,0.0,0.0,8.186264796379972e-06,0.0007379374049088486,-0.0002205588083547467,0.0,0.0,0.49963748429100285,0.2987986650678689
2014-07-14,-0.001012499175634642,-0.0011098892437860677,0.0,0.0,2.4563541016315242e-05,-0.001012499175634642,-0.001134452784802383,0.0,0.0,0.5001166720340213,0.29885641569850213
2014-07-15,-0.00035011966786983704,-0.0006594736191885794,0.0,0.0,8.235937091209712e-06,-0.00035011966786983704,-0.0006677095562797891,0.0,0.0,0.5001780310627444,0.3006117038291544
2014-07-16,0.00014185449402669443,-0.0003964872972082331,0.0,0.0,8.262414588628785e-06,0.00014185449402669443,-0.0004047497117968619,0.0,0.0,0.500337169187602,0.30157813248495063
2014-07-17,0.0009336847714516887,0.0007091692083099864,0.0,0.0,8.275452831279946e-06,0.0009336847714516887,0.0007008937554787065,0.0,0.0,0.5006106318226997,0.3020540283417181
2014-07-18,3.560079593106293e-05,-0.00047121976435499514,0.0,0.0,8.242550441942052e-06,3.560079593106293e-05,-0.0004794623147969372,0.0,0.0,0.5007258408867588,0.3008530911308849
2014-07-21,0.0005080751135895957,0.00018825683570241507,0.0,0.0,2.4777379442689935e-05,0.0005080751135895957,0.00016347945625972514,0.0,0.0,0.5009838091171317,0.3014581165527275
2014-07-22,0.00033738570689822046,-0.0006356884132636007,0.0,0.0,8.24842948885323e-06,0.00033738570689822046,-0.0006439368427524539,0.0,0.0,0.5011553310779315,0.30106767634314296
2014-07-23,0.0006803545366706555,-0.00010789791196909216,3.050671725538036e-05,2.0820303813571113e-05,1.096947471560395e-05,0.0006498478194152752,-0.00013968769049826723,0.14858994648116253,0.10141005351319646,0.4999999999962659,0.4003858271195442
2014-07-24,-0.0010312674508177189,0.0003396397675035233,0.0,0.0,1.0966835980323653e-05,-0.0010312674508177189,0.00032867293152319963,0.0,0.0,0.5004250576210273,0.40028951328181334
2014-07-25,0.0010884814125242314,-0.0002936351511131921,0.0,0.0,1.0965234895154081e-05,0.0010884814125242314,-0.0003046003860083462,0.0,0.0,0.4997449082037589,0.4002310736731239
2014-07-28,-0.0008931115506896983,-0.0005750628361469917,0.0,0.0,3.289405405658399e-05,-0.0008931115506896983,-0.0006079568902035757,0.0,0.0,0.5004411033304936,0.40021099102177193
2014-07-29,-0.00019884577849995088,0.00022101311381988417,0.0,0.0,1.0996947001814405e-05,-0.00019884577849995088,0.00021001616681806976,0.0,0.0,0.5002989747818603,0.4013885655662258
2014-07-30,-0.0023369154603811006,-0.00017374959934809793,0.0,0.0,1.0990769076852619e-05,-0.0023369154603811006,-0.00018474036842495056,0.0,0.0,0.500094542753122,0.40116307130512063
2014-07-31,-0.0017616856010936582,0.0013789378092787304,0.0,0.0,1.1023326375054945e-05,-0.0017616856010936582,0.0013679144829036754,0.0,0.0,0.4990159738318211,0.40235141268950547
2014-08-01,-0.0005130486110284623,-1.544265735262665e-05,0.0,0.0,1.0989874752262481e-05,-0.0005130486110284623,-2.643253210488913e-05,0.0,0.0,0.49745016974030987,0.40113042845758057
2014-08-04,0.001148725522621178,-0.00013790829717781443,0.0,0.0,3.298869029264542e-05,0.001148725522621178,-0.00017089698747045986,0.0,0.0,0.49720535404205213,0.4013623985605193
2014-08-05,-0.0002634805559548883,0.0017125852141871613,0.0,0.0,1.0989262792321596e-05,-0.0002634805559548883,0.0017015959513948396,0.0,0.0,0.497867250760163,0.4011080919197382
2014-08-06,0.0002825769742868581,0.0006317738749195496,5.007438125731335e-05,3.606037433280952e-07,1.0904187341931528e-05,0.00023250259302954476,0.00062050908383429,0.24821253171689386,0.0017874682788014103,0.4999999999903064,0.3980028379805008
2014-08-07,-0.0001101435634655699,0.00025922044595293837,0.0,0.0,1.0877599749043873e-05,-0.0001101435634655699,0.0002483428462038945,0.0,0.0,0.49985619379453383,0.39703239084010133
2014-08-08,0.0010453380554440693,-0.00024721577222661697,0.0,0.0,1.0868995731603571e-05,0.0010453380554440693,-0.00025808476795822057,0.0,0.0,0.49967699522872683,0.39671834420353047
2014-08-11,0.0008004761629155227,-0.0007694830982586989,0.0,0.0,3.260164055067634e-05,0.0008004761629155227,-0.0008020847388093752,0.0,0.0,0.5003284480686061,0.39665329336656213
2014-08-12,-0.0005581709595882062,0.00021958628228542604,0.0,0.0,1.088831276028896e-05,-0.0005581709595882062,0.00020869796952513708,0.0,0.0,0.5011297303367256,0.39742341575054707
2014-08-13,0.0008815071398614315,-0.0008943243090559545,0.0,0.0,1.0886101096060763e-05,0.0008815071398614315,-0.0009052104101520153,0.0,0.0,0.5007465567735968,0.3973426900062179
2014-08-14,0.0007640318247186216,-0.00014679489310216823,0.0,0.0,1.091086175503059e-05,0.0007640318247186216,-0.0001577057548571988,0.0,0.0,0.5016399544208865,0.39824645405861653
2014-08-15,0.0008884855016589128,-0.00019640380073949652,0.0,0.0,1.0908269564709641e-05,0.0008884855016589128,-0.00020731207030420617,0.0,0.0,0.5020995501986539,0.39815183911190194
2014-08-18,0.0002246144406073533,-0.0002482060591728054,0.0,0.0,3.27186643873818e-05,0.0002246144406073533,-0.0002809247235601872,0.0,0.0,0.5026456468402991,0.39807708337981185
2014-08-19,0.00019618211768343086,-0.00015914769680022472,0.0,0.0,1.0913636178406586e-05,0.00019618211768343086,-0.00017006133297863132,0.0,0.0,0.5028985796422227,0.3983477205118403
2014-08-20,-0.0009281233662416969,0.0005963859504404227,4.310546289463062e-05,2.3958091910287223e-07,1.0923200423125159e-05,-0.0009712288291363275,0.0005852231690981947,0.2118708520037257,0.0011775819129524788,0.5000000000278357,0.3986968154440683
2014-08-21,0.0009739595195788729,-0.0005001366053531657,0.0,0.0,1.0911072817881995e-05,0.0009739595195788729,-0.0005110476781710477,0.0,0.0,0.4992645956213607,0.3982541578526928
2014-08-22,-0.00020448323397861365,0.0007703500328931497,0.0,0.0,1.0919720322789112e-05,-0.00020448323397861365,0.0007594303125703606,0.0,0.0,0.500007095935443,0.39856979178180263
2014-08-25,0.0007438580248058679,-0.0002158913873824405,0.0,0.0,3.2677710127537285e-05,0.0007438580248058679,-0.00024856909750997777,0.0,0.0,0.49952540253864325,0.39757880655170375
2014-08-26,0.00011826658276137524,0.0005766327576372739,0.0,0.0,1.0893089648356581e-05,0.00011826658276137524,0.0005657396679889173,0.0,0.0,0.5000216053988864,0.3975977721650152
2014-08-27,0.0012152605593857674,0.0004637597153634959,0.0,0.0,1.0869856440862787e-05,0.0012152605593857674,0.0004528898589226331,0.0,0.0,0.49979800702073296,0.3967497600914917
2014-08-28,-2.3584756752447253e-05,0.00030784271715311967,0.0,0.0,1.0839069496921024e-05,-2.3584756752447253e-05,0.00029700364765619864,0.0,0.0,0.5001788939489485,0.3956260366376174
2014-08-29,0.0003420364015475017,0.0002921248832566764,0.0,0.0,1.0827674958997378e-05,0.0003420364015475017,0.00028129720829767903,0.0,0.0,0.5000185946626123,0.39521013600340427
2014-09-02,-0.002261923720551608,-0.0012054178301267233,0.0,0.0,4.3251725895718564e-05,-0.002261923720551608,-0.0012486695560224418,0.0,0.0,0.5000489337571818,0.39467199879843184
2014-09-03,0.0002964313303163979,-0.00016446789121558566,0.0,0.0,1.0884166501702499e-05,0.0002964313303163979,-0.00017535205771728815,0.0,0.0,0.4995406942392014,0.3972720773121412
2014-09-04,-0.001135058934065121,0.0018779215633139366,3.017433858819164e-05,2.0957432717756368e-05,8.157875638199251e-06,-0.0011652332726533126,0.0018488062549579809,0.147532237872596,0.10246776213099613,0.49776246079872677,0.29776246079427265
2014-09-05,0.0009600944860631116,0.00035835508663706333,0.0,0.0,8.100888184059742e-06,0.0009600944860631116,0.0003502541984530036,0.0,0.0,0.4962881526920435,0.2956824187181805
2014-09-08,-0.002099525608459005,0.0004886729907342349,0.0,0.0,2.4241445962614053e-05,-0.002099525608459005,0.00046443154477162084,0.0,0.0,0.49659753125629097,0.29493759254513763
2014-09-09,-0.0018853899374897808,0.0004596449893505037,0.0,0.0,8.080305746380696e-06,-0.0018853899374897808,0.000451564683604123,0.0,0.0,0.4953078806231364,0.29493115974289535
2014-09-10,-0.00023231860445111047,-0.0008448759379929177,0.0,0.0,8.079297033093526e-06,-0.00023231860445111047,-0.0008529552350260113,0.0,0.0,0.49413098817521983,0.2948943417079137
2014-09-11,-0.00022780278645841617,0.00026903047255415175,0.0,0.0,8.111247243504842e-06,-0.00022780278645841617,0.0002609192253106469,0.0,0.0,0.4944352672316101,0.2960605243879267
2014-09-12,-0.002145657352654372,9.776190993538532e-05,0.0,0.0,8.103608182981771e-06,-0.002145657352654372,8.965830175240354e-05,0.0,0.0,0.4941910985958535,0.29578169867883464
2014-09-15,-0.0002341536153930984,-2.8402182062976843e-05,0.0,0.0,2.4352858778005502e-05,-0.0002341536153930984,-5.275504084098235e-05,0.0,0.0,0.49305917042964115,0.29629311513240025
2014-09-16,0.0013500991047003573,-0.0002891452556400518,0.0,0.0,8.12072764169815e-06,0.0013500991047003573,-0.00029726598328175,0.0,0.0,0.4929664531568917,0.2964065589219825
2014-09-17,-0.0013086783397342186,0.0014830504573091258,0.0,0.0,8.120100318958863e-06,-0.0013086783397342186,0.001474930356990167,0.0,0.0,0.49379666677556466,0.29638366164199853
2014-09-18,-9.541032273622022e-05,-1.0575637157239585e-05,3.054361223989752e-05,2.0994557180454765e-05,1.0868258592929676e-05,-0.00012595393497611773,-4.2438452930624026e-05,0.14816015287062126,0.10183984712993506,0.4999999999982215,0.3966914386419331
2014-09-19,0.000743173632801109,0.0007732624614417559,0.0,0.0,1.0870378825461305e-05,0.000743173632801109,0.0007623920826162946,0.0,0.0,0.49998878398074637,0.39676882712933764
2014-09-22,-0.0008444569390040282,0.0007971976728832975,0.0,0.0,3.2498651801685365e-05,-0.0008444569390040282,0.0007646990210816121,0.0,0.0,0.4999792060624782,0.39540026358717206
2014-09-23,6.348178567710668e-05,0.00010973416291535155,0.0,0.0,1.0811905236811794e-05,6.348178567710668e-05,9.892225767853976e-05,0.0,0.0,0.4991745622472389,0.39463454114363056
2014-09-24,0.0011446481316435366,-0.0003950330572693227,0.0,0.0,1.0807143697555848e-05,0.0011446481316435366,-0.00040584020096687853,0.0,0.0,0.49915697892126987,0.39446074496078853
2014-09-25,-0.0011156723923119772,0.0007302720585912417,0.0,0.0,1.0809980022071919e-05,-0.0011156723923119772,0.0007194620785691698,0.0,0.0,0.49993227312472766,0.39456427080562495
2014-09-26,0.0002853923065466486,-6.332422002042497e-05,0.0,0.0,1.0794249361337957e-05,0.0002853923065466486,-7.411846938176292e-05,0.0,0.0,0.4990143153508631,0.39399010168883547
2014-09-29,-0.000931136248491096,-6.317221470463014e-05,0.0,0.0,3.238111153274132e-05,-0.000931136248491096,-9.555332623737147e-05,0.0,0.0,0.4991942409746284,0.3939701903150194
2014-09-30,-7.691969815059125e-05,0.0027514143122245992,0.0,0.0,1.080652954107427e-05,-7.691969815059125e-05,0.002740607782683525,0.0,0.0,0.49877519201591314,0.3944383282492108
2014-10-01,4.1509894979582915e-05,0.0019728162371099663,0.0,0.0,1.0702639832844922e-05,4.1509894979582915e-05,0.0019621135972771216,0.0,0.0,0.4973734246529512,0.39064635389883967
2014-10-02,-0.0008522334787136174,0.0018002710939022957,8.390427499362239e-06,6.349293621622728e-07,1.0711228816609113e-05,-0.0008606239062129797,0.0017889249357235242,0.04048352448416709,0.003063512363436398,0.4847265564118937,0.39095985180623255
2014-10-03,0.0023381711961148557,0.0010284130661942993,0.0,0.0,1.0652018041571408e-05,0.0023381711961148557,0.001017761048152728,0.0,0.0,0.48342555848954255,0.38879865851735634
2014-10-06,-0.00036135179782388355,-0.002009092859427926,0.0,0.0,3.1764926083702104e-05,-0.00036135179782388355,-0.002040857785511628,0.0,0.0,0.48413899203159133,0.38647326735170895
2014-10-07,-0.000523898595070191,0.0007875563554337968,0.0,0.0,1.0668981464069115e-05,-0.000523898595070191,0.0007768873739697277,0.0,0.0,0.4849425739322349,0.3894178234385226
2014-10-08,0.002440400328245356,-0.0008103853482980463,0.0,0.0,1.0644711585033236e-05,0.002440400328245356,-0.0008210300598830796,0.0,0.0,0.48429615384457775,0.3885319728537132
2014-10-09,-0.0019151198862094364,0.0039022374877894393,0.0,0.0,1.064966816734465e-05,-0.0019151198862094364,0.0038915878196220948,0.0,0.0,0.48594962180335294,0.38871288810807975
2014-10-10,-0.000633155270873614,0.002234559025311505,0.0,0.0,1.052196123226864e-05,-0.000633155270873614,0.0022240370640792366,0.0,0.0,0.4830797103603339,0.38405158497780534
2014-10-13,-0.00027755582148067116,0.00019188559460584648,0.0,0.0,3.133237520591091e-05,-0.00027755582148067116,0.00016055321939993558,0.0,0.0,0.48168025873569126,0.3812105650052493
2014-10-14,0.0009391509971060844,0.001114734564255232,0.0,0.0,1.0440089446689945e-05,0.0009391509971060844,0.0011042944748085421,0.0,0.0,0.48145903487408603,0.38106326480418307
2014-10-15,-0.0011497228977458637,0.0005069663857249313,0.0,0.0,1.0388320806583641e-05,-0.0011497228977458637,0.0004965780649183477,0.0,0.0,0.48141444171016523,0.3791737094403028
2014-10-16,-0.0004195310279413741,-0.00025970881007099936,5.696594978686533e-05,4.44462349985643e-05,4.38356438412892e-06,-0.00047649697772823943,-0.00030853860945369256,0.2805786062428598,0.2189143289157474,0.2000000000036881,0.16000010002070558
2014-10-17,0.0007735387781966578,-0.00018931145344252033,0.0,0.0,4.394129241823387e-06,0.0007735387781966578,-0.00019370558268434372,0.0,0.0,0.1997372698406582,0.1603857173265536
2014-10-20,0.0003385269502621331,-0.0006502564636795514,0.0,0.0,1.3190299397509164e-05,0.0003385269502621331,-0.0006634467630770606,0.0,0.0,0.20039461316993704,0.16048197600302816
2014-10-21,0.0006693740109749427,2.367704427119806e-05,0.0,0.0,4.416016562691587e-06,0.0006693740109749427,1.9261027708506473e-05,0.0,0.0,0.20079838349337742,0.16118460453824293
2014-10-22,-0.0001948160252695226,0.0006284632508224673,0.0,0.0,4.412329391925678e-06,-0.0001948160252695226,0.0006240509214305416,0.0,0.0,0.2013291152213038,0.16105002280528724
2014-10-23,7.471184160683144e-05,-0.0007299016943163011,0.0,0.0,4.3932254949811175e-06,7.471184160683144e-05,-0.0007342949198112822,0.0,0.0,0.2010480023776104,0.16035273056681076
2014-10-24,0.0003751071354169313,5.779476936839592e-05,0.0,0.0,4.416135609994124e-06,0.0003751071354169313,5.337863375840179e-05,0.0,0.0,0.2012554589143134,0.16118894976478548
2014-10-27,-0.0002733627506214953,-8.4381836842967e-05,0.0,0.0,1.3237984287086206e-05,-0.0002733627506214953,-9.761982113005321e-05,0.0,0.0,0.20154420722507466,0.16106214215954884
2014-10-28,0.0007581165464427576,-0.0006487629593225361,0.0,0.0,4.4166117461591366e-06,0.0007581165464427576,-0.0006531795710686953,0.0,0.0,0.20134554016075268,0.16120632873480847
2014-10-29,3.186570202692098e-05,-0.00038779704801448903,0.0,0.0,4.433920791574892e-06,3.186570202692098e-05,-0.00039223096880606394,0.0,0.0,0.2020824507860338,0.16183810889248357
2014-10-30,0.000653547667068823,0.0006699211112045035,4.46761385867335e-07,2.5188851575000098e-05,5.479452054808975e-06,0.0006531009056829557,0.0006392528075746944,0.0021871777242782374,0.12331525688603406,0.2000000000006695,0.20000000000052756
2014-10-31,0.000788182205584551,0.00031638482913502264,0.0,0.0,5.454049490650743e-06,0.000788182205584551,0.0003109307796443719,0.0,0.0,0.20039456700495278,0.1990728064087521
2014-11-03,-0.00017447384542676619,0.0006128435076931328,0.0,0.0,1.631820868435993e-05,-0.00017447384542676619,0.0005965252990087729,0.0,0.0,0.20096186941033262,0.19853820565971247
2014-11-04,-0.00026196616376854346,0.0008787043488698341,0.0,0.0,5.420325005651636e-06,-0.00026196616376854346,0.0008732840238641824,0.0,0.0,0.20070268870340072,0.19784186270628476
2014-11-05,0.00014560366086238476,0.00112182211187471,0.0,0.0,5.392954104738875e-06,0.00014560366086238476,0.001116429157769971,0.0,0.0,0.20031826440689685,0.19684282482296894
2014-11-06,-0.00010806863825410973,0.00084595511563761,0.0,0.0,5.355460485467198e-06,-0.00010806863825410973,0.0008405996551521427,0.0,0.0,0.2002111949690507,0.19547430771955274
2014-11-07,0.0003899003017575843,-0.0014600136303808,0.0,0.0,5.328380429049865e-06,0.0003899003017575843,-0.0014653420108098499,0.0,0.0,0.1999566518812585,0.1944858856603201
2014-11-10,-3.62481955765101e-06,0.001209225612361616,0.0,0.0,1.6122481196186656e-05,-3.62481955765101e-06,0.0011931031311654295,0.0,0.0,0.20056224518675106,0.19615685455360432
2014-11-11,-0.00016169665428666005,-0.0011892248725880912,0.0,0.0,5.3346854372701785e-06,-0.00016169665428666005,-0.0011945595580253614,0.0,0.0,0.20032034366303236,0.1947160184603615
2014-11-12,7.321187067266483e-06,0.000865056662020173,0.0,0.0,5.374556215884969e-06,7.321187067266483e-06,0.000859682105804288,0.0,0.0,0.20043048209522407,0.19617130187980142
2014-11-13,7.401003412114342e-05,0.0006430440393050568,4.524884323223599e-05,5.607080492571939e-06,6.101386771713696e-06,2.8761190888907428e-05,0.0006313355720407711,0.22243644358773632,0.02756355642677151,0.42270061717204366,0.2227006171675499
2014-11-14,0.0002955836654397695,-0.0013422610112631885,0.0,0.0,6.079755899612491e-06,0.0002955836654397695,-0.001348340767162801,0.0,0.0,0.42249573913640914,0.22191109033585593
2014-11-17,-9.87221434610335e-05,0.001003853471558903,0.0,0.0,1.8368928541654296e-05,-9.87221434610335e-05,0.0009854845430172486,0.0,0.0,0.42323688844186724,0.22348863059012725
2014-11-18,9.348685542534042e-05,-0.000652814336754596,0.0,0.0,6.0900728980576475e-06,9.348685542534042e-05,-0.0006589044096526537,0.0,0.0,0.4227632757215832,0.22228766077910414
2014-11-19,-0.00031240182842465995,0.00061814412485503,0.0,0.0,6.111413722952398e-06,-0.00031240182842465995,0.0006120327111320776,0.0,0.0,0.4230959884760159,0.22306660088776248
2014-11-20,0.0002449986320440658,-0.0005935341038683483,0.0,0.0,6.092652720564224e-06,0.0002449986320440658,-0.0005996267565889125,0.0,0.0,0.42265694557390665,0.22238182430059417
2014-11-21,0.002306640707251781,-0.00014082213131416045,0.0,0.0,6.111081090115314e-06,0.002306640707251781,-0.00014693321240427575,0.0,0.0,0.42305197033277475,0.22305445978920896
2014-11-24,-0.00023444142954206525,8.521126603675569e-05,0.0,0.0,1.830528363383848e-05,-0.00023444142954206525,6.69059824029172e-05,0.0,0.0,0.42444194059978557,0.2227142842117015
2014-11-25,4.194707460678643e-06,-0.00010496853977252715,0.0,0.0,6.100448697445885e-06,4.194707460678643e-06,-0.00011106898846997303,0.0,0.0,0.42427858087200154,0.2226663774567748
2014-11-26,0.00042615709376386053,-0.0002316186741156472,0.0,0.0,6.103976905993737e-06,0.00042615709376386053,-0.00023772265102164095,0.0,0.0,0.42432812534277026,0.2227951570687714
2014-11-28,0.0005848923799229397,0.0047513711026420736,1.658954132287457e-07,3.619615296911997e-05,2.2089219304394914e-05,0.000584726484509711,0.004693085730368559,0.0008256396611582477,0.180143494572989,0.42384861952400005,0.4031282523052072
2014-12-01,-0.0017490379152557132,-0.0019604286644207235,0.0,0.0,3.257139957379418e-05,-0.0017490379152557132,-0.0019930000639945176,0.0,0.0,0.42220519218343217,0.3962853614811625
2014-12-02,0.00023596691068085917,0.0012747940954325352,0.0,0.0,1.0951825713394065e-05,0.00023596691068085917,0.0012638422697191412,0.0,0.0,0.422035426864091,0.39974163853888345
2014-12-03,0.0005957056882072603,-0.0002645212109961189,0.0,0.0,1.0900551101152849e-05,0.0005957056882072603,-0.0002754217620972717,0.0,0.0,0.42163901570819784,0.39787011519207904
2014-12-04,0.00011900096902766878,0.00012300830985081807,0.0,0.0,1.0904305783750574e-05,0.00011900096902766878,0.00011210400406706749,0.0,0.0,0.422099529701823,0.3980071611068958
2014-12-05,-0.0002830669785445853,0.0014136715168969608,0.0,0.0,1.0898417014698771e-05,-0.0002830669785445853,0.0014027730998822621,0.0,0.0,0.4221209764139538,0.3977922210365053
2014-12-08,-0.0006258554403130027,0.0005609963338137291,0.0,0.0,3.254262069303098e-05,-0.0006258554403130027,0.000528453713120698,0.0,0.0,0.42136610323029816,0.39593521843187685
2014-12-09,-0.00019831478477845544,-0.001344067324874729,0.0,0.0,1.083322564332881e-05,-0.00019831478477845544,-0.0013549005505180578,0.0,0.0,0.42078123260881123,0.39541273598150156
2014-12-10,-0.00099980918056124,0.0016111236013745126,0.0,0.0,1.0886959197634656e-05,-0.00099980918056124,0.001600236642176878,0.0,0.0,0.4212371898871627,0.39737401071366507
2014-12-11,-6.194483112529898e-05,0.0008810499832366366,0.0,0.0,1.0836312405443387e-05,-6.194483112529898e-05,0.0008702136708311932,0.0,0.0,0.4199852100530133,0.3955254027986836
2014-12-12,-0.0012901302528883242,0.0016493376765357106,2.450266374252817e-05,4.738851029997105e-06,1.1437078826125115e-05,-0.0013146329166308524,0.0016331617466795883,0.11958412844047171,0.023127745464173954,0.500000000006054,0.4174533771535667
2014-12-15,-0.002525038564431485,0.0024533880693184107,0.0,0.0,3.4164792006337555e-05,-0.002525038564431485,0.0024192232773120733,0.0,0.0,0.49855106686511774,0.41567163607710705
2014-12-16,-0.00041115923605741697,-0.0004085933499153818,0.0,0.0,1.1322245957331155e-05,-0.00041115923605741697,-0.0004199155958727129,0.0,0.0,0.49607852099181876,0.41326197744258714
2014-12-17,0.004101574040054937,-0.000746453777047551,0.0,0.0,1.1342867067026336e-05,0.004101574040054937,-0.0007577966441145774,0.0,0.0,0.4960796410600792,0.4140146479464612
2014-12-18,0.0013701186989424673,-0.0016571140861188541,0.0,0.0,1.1325448078155962e-05,0.0013701186989424673,-0.00166843953419701,0.0,0.0,0.4985142942713963,0.4133788548526926
2014-12-19,0.0013841301867730722,-0.0009792384011380534,0.0,0.0,1.1374241637342666e-05,0.0013841301867730722,-0.0009906126427753961,0.0,0.0,0.500033583406596,0.4151598197630073
2014-12-22,0.00237756353714052,0.0019852111551750774,0.0,0.0,3.418975599125917e-05,0.00237756353714052,0.0019510213991838182,0.0,0.0,0.5012204745432254,0.41597536456032
2014-12-23,-0.0013794826742193679,-0.0002045639203787412,0.0,0.0,1.1293311923827906e-05,-0.0013794826742193679,-0.00021585723230256913,0.0,0.0,0.5014275662703503,0.41220588521971857
2014-12-24,-0.00027580081276189157,-0.0001766921511427317,0.0,0.0,1.1316970829983204e-05,-0.00027580081276189157,-0.0001880091219727149,0.0,0.0,0.500847104969755,0.4130694352943869
2014-12-26,0.0008587594817989823,-0.00046531351260430804,0.0,0.0,2.2654130632522994e-05,0.0008587594817989823,-0.00048796764323683105,0.0,0.0,0.5008035818335983,0.41343788404354476
2014-12-29,0.0005834095368238569,0.0011511977330400016,3.069650297070053e-05,1.4421325801720381e-05,2.8157723369255583e-05,0.0005527130338531563,0.0011086186838690257,0.15147639795980225,0.07116414818764316,0.35000000000000003,0.34258563432594286
2014-12-30,-8.993887759941376e-05,-0.0003449253341694551,0.0,0.0,9.33885319281658e-06,-8.993887759941376e-05,-0.0003542641873622717,0.0,0.0,0.350001940212285,0.34086814153780515
2014-12-31,-0.0011012607598514786,0.0011307446475858588,0.0,0.0,9.352457592299331e-06,-0.0011012607598514786,0.0011213921899935594,0.0,0.0,0.35006750239219153,0.3413647021189256
2015-01-02,0.0017718411167282188,0.0016316811701412503,0.0,0.0,1.8642581271949494e-05,0.0017718411167282188,0.0016130385888693008,0.0,0.0,0.34895921658424917,0.34022710821307833
2015-01-05,-1.536246594642117e-05,0.0012707987685493666,0.0,0.0,2.7735878514516035e-05,-1.536246594642117e-05,0.0012430628900348506,0.0,0.0,0.3495478801752374,0.33745318859327855
2015-01-06,0.0009345409174624012,0.0009894504253277654,0.0,0.0,9.199182593183308e-06,0.0009345409174624012,0.0009802512427345821,0.0,0.0,0.3491039226753715,0.3357701646511907
2015-01-07,0.002103168401495147,0.00014873392291978678,0.0,0.0,9.154545310761194e-06,0.002103168401495147,0.0001395793776090256,0.0,0.0,0.349369493625428,0.33414090384278355
2015-01-08,0.0009290502698477132,-0.000463838382693642,0.0,0.0,9.129994134694572e-06,0.0009290502698477132,-0.0004729683768283366,0.0,0.0,0.35068616141724196,0.33324478591635187
2015-01-09,-1.283828642630367e-05,-0.0010864775673033603,0.0,0.0,9.138534115651399e-06,-1.283828642630367e-05,-0.0010956161014190116,0.0,0.0,0.3514549194621105,0.3335564952212761
2015-01-12,0.0003350978166554525,0.0003711281194000531,0.0,0.0,2.753542363418241e-05,0.0003350978166554525,0.0003435926957658707,0.0,0.0,0.35183207097854513,0.3350143208825528
2015-01-13,0.00018274197660435743,0.0002531548934382559,3.074250709795568e-05,2.7198957220706883e-05,5.4794520547986315e-06,0.00015199946950640174,0.00022047648416275036,0.15192831838500737,0.1344162276421021,0.19999999999945325,0.20000000000015006
2015-01-14,0.0004365310037043272,-0.0003400707923618757,0.0,0.0,5.470478682529171e-06,0.0004365310037043272,-0.00034554127104440485,0.0,0.0,0.20010820648101155,0.19967247191231474
2015-01-15,0.000615731043112746,0.00031423901330085934,0.0,0.0,5.479297130757994e-06,0.000615731043112746,0.00030875971617010133,0.0,0.0,0.2005264916328509,0.1999943452726668
2015-01-16,0.00026232852825759884,-0.0008161375774321535,0.0,0.0,5.465634913750978e-06,0.00026232852825759884,-0.0008216032123459045,0.0,0.0,0.20095644030388432,0.19949567435191068
2015-01-20,3.0488212467029264e-05,-7.415906994220903e-05,0.0,0.0,2.1964263446017024e-05,3.0488212467029264e-05,-9.612333338822606e-05,0.0,0.0,0.20133136836958396,0.2004239039449054
2015-01-21,2.2727591275660108e-05,-0.00036221391221028215,0.0,0.0,5.493458180637101e-06,2.2727591275660108e-05,-0.00036770737039091926,0.0,0.0,0.20137507385937425,0.20051122359325413
2015-01-22,0.0013282569083774539,0.0006061445469336473,0.0,0.0,5.505281060108864e-06,0.0013282569083774539,0.0006006392658735385,0.0,0.0,0.20146730359654355,0.20094275869397352
2015-01-23,0.0005427178596738302,0.000732806987972041,0.0,0.0,5.478107659286741e-06,0.0005427178596738302,0.0007273288803127543,0.0,0.0,0.20240514200086687,0.19995092956396604
2015-01-26,-2.57655845334525e-05,-0.0004390671920100485,0.0,0.0,1.635332278223253e-05,-2.57655845334525e-05,-0.000455420514792281,0.0,0.0,0.20269043353620153,0.1989654271838291
2015-01-27,-0.00037480747032750573,-0.0009769506632059729,0.0,0.0,5.465766883261152e-06,-0.00037480747032750573,-0.000982416430089234,0.0,0.0,0.20276223432029122,0.19950049123903202
2015-01-28,-0.0013831957159121983,0.0007424681619318575,2.8860747268399416e-05,1.4430373634369902e-05,7.417805601956362e-06,-0.0014120564631805977,0.0007206199826955312,0.1400000000000692,0.07000000000086021,0.3426624852140376,0.27074990447140723
2015-01-29,0.0016322011105217192,0.0011943178272058811,0.0,0.0,7.402582424016541e-06,0.0016322011105217192,0.0011869152447818647,0.0,0.0,0.34151542572211796,0.27019425847660367
2015-01-30,-0.003414152663995261,-0.0012077087658728025,0.0,0.0,7.34914329758704e-06,-0.003414152663995261,-0.0012150579091703894,0.0,0.0,0.34218297321633917,0.26824373036192695
2015-02-02,0.0013325572942070713,-0.0002280783031176337,0.0,0.0,2.224969213703287e-05,0.0013325572942070713,-0.00025032799525466655,0.0,0.0,0.3403443461982821,0.27070458766723327
2015-02-03,0.0008774057604925207,-0.00121007943029255,0.0,0.0,7.414788265204854e-06,0.0008774057604925207,-0.001217494218557755,0.0,0.0,0.3413075304830475,0.27063977167997716
2015-02-04,-0.0008884327975756509,0.00034879110219878675,0.0,0.0,7.450474946845284e-06,-0.0008884327975756509,0.00034134062725194145,0.0,0.0,0.34230134898150866,0.2719423355598528
2015-02-05,0.0012095255960124722,-0.001134388226428132,0.0,0.0,7.444992123135787e-06,0.0012095255960124722,-0.0011418332185512677,0.0,0.0,0.34159980276140794,0.27174221249445624
2015-02-06,-0.004718137131027242,0.0022092028961218707,0.0,0.0,7.475565213844778e-06,-0.004718137131027242,0.002201727330908026,0.0,0.0,0.34278612434970235,0.2728581303053344
2015-02-09,-0.0014590645779912039,-0.00019994622926733976,0.0,0.0,2.2301236371064064e-05,-0.0014590645779912039,-0.00022224746563840383,0.0,0.0,0.3389208509695196,0.2713317091812794
2015-02-10,0.0021463183856878683,0.0004707849221155546,0.0,0.0,7.451752156552344e-06,0.0021463183856878683,0.0004633331699590023,0.0,0.0,0.3380301205042418,0.27198895371416054
2015-02-11,-0.0012486342632107494,0.0011143016575214267,0.0,0.0,7.419491651577436e-06,-0.0012486342632107494,0.0011068821658698493,0.0,0.0,0.3392910075841706,0.2708114452825764
2015-02-12,0.000695086937930699,-0.0020605100479585883,0.0,0.0,7.390010388514544e-06,0.000695086937930699,-0.002067900058347103,0.0,0.0,0.33809029832983883,0.26973537918078083
2015-02-13,-0.0014475357167874558,-0.0006183192582824087,0.0,0.0,7.456699373330311e-06,-0.0014475357167874558,-0.000625775957655739,0.0,0.0,0.3392511136477009,0.27216952712655634
2015-02-17,-0.0005875029322261716,0.0008465730606976075,0.0,0.0,2.995666801745555e-05,-0.0005875029322261716,0.000816616392680152,0.0,0.0,0.33850540513925065,0.2733545956592819
2015-02-18,0.0024957636073137846,-0.0007793822465785231,0.0,0.0,7.464263058739894e-06,0.0024957636073137846,-0.0007868465096372631,0.0,0.0,0.33784049840135444,0.2724456016440061
2015-02-19,-0.0019524247427354605,0.00056210678111657,0.0,0.0,7.4728455235188804e-06,-0.0019524247427354605,0.0005546339355930512,0.0,0.0,0.3397556477731564,0.27275886160843915
2015-02-20,0.0006743125368252214,0.00012405118251376934,0.0,0.0,7.467883877167177e-06,0.0006743125368252214,0.00011658329863660216,0.0,0.0,0.3382760622004411,0.27257776151660196
2015-02-23,0.0010284830074682723,-0.00018348650095027162,0.0,0.0,2.2375758749487388e-05,0.0010284830074682723,-0.000205862259699759,0.0,0.0,0.338682512148864,0.27223839811876327
2015-02-24,0.0008145172641546333,-1.821843969695342e-05,0.0,0.0,7.457478600629508e-06,0.0008145172641546333,-2.5675918297582927e-05,0.0,0.0,0.3394317715386128,0.27219796892297704
2015-02-25,-0.001287877924263259,-0.0008148359254526971,0.0,0.0,7.452099211991824e-06,-0.001287877924263259,-0.0008222880246646889,0.0,0.0,0.33997810002078505,0.2720016212377015
2015-02-26,8.466034875126427e-05,0.0016639592142900406,1.4819129348326255e-05,3.737683338897957e-05,1.1058924106796019e-05,6.984121940293802e-05,0.001615523456794265,0.07004246923309518,0.1766612357003154,0.40944889520900246,0.40365072989805467
2015-02-27,0.0006876370273214562,-0.0005519813128388182,0.0,0.0,1.099480592558821e-05,0.0006876370273214562,-0.0005629761187644064,0.0,0.0,0.40884450347354206,0.4013104162839697
2015-03-02,-0.0012033997945664718,0.0015704411270846244,0.0,0.0,3.302566909393232e-05,-0.0012033997945664718,0.0015374154579906921,0.0,0.0,0.4094810942156216,0.4018123073095099
2015-03-03,-0.00019420367934142258,0.0005205045125176707,0.0,0.0,1.0961869144345801e-05,-0.00019420367934142258,0.000509542643373325,0.0,0.0,0.40814136881098095,0.40010822376862165
2015-03-04,-0.0008498891794840379,0.0013886428495467657,0.0,0.0,1.0944157627414146e-05,-0.0008498891794840379,0.0013776986919193516,0.0,0.0,0.40781856404813965,0.3994617534006164
2015-03-05,0.0013194514986311547,0.0011774861434203905,0.0,0.0,1.0900359304507643e-05,0.0013194514986311547,0.0011665857841158828,0.0,0.0,0.4067539862454943,0.39786311461452895
2015-03-06,-0.004209978669286186,0.0035947672100694935,0.0,0.0,1.084114791226968e-05,-0.004209978669286186,0.0035839260621572237,0.0,0.0,0.40706146775890706,0.3957018987978433
2015-03-09,0.00090148908109675,0.00013323133157347306,0.0,0.0,3.224817247062356e-05,0.00090148908109675,0.00010098315910284951,0.0,0.0,0.403103853307928,0.3923527650592534
2015-03-10,-0.00048506652527944725,0.002693691853191524,0.0,0.0,1.073497913149498e-05,-0.00048506652527944725,0.002682956874060029,0.0,0.0,0.4036007438471941,0.3918267382995667
2015-03-11,0.00044667563176202193,0.0018546587985616794,0.0,0.0,1.0637798639732673e-05,0.00044667563176202193,0.0018440209999219467,0.0,0.0,0.40223161633439886,0.38827965035024253
2015-03-12,0.002427695657948781,-0.0008216529051743937,9.458200571383247e-07,2.0042422658199166e-05,1.326221342748513e-05,0.0024267498378916425,-0.000854957541260078,0.004649670661395232,0.09852895792786376,0.3971083156387957,0.48407079010320725
2015-03-13,-0.0006363151786392906,0.0035989829625378187,0.0,0.0,1.3263876407222712e-05,-0.0006363151786392906,0.003585719086130596,0.0,0.0,0.39890900918904415,0.484131488863629
2015-03-16,0.00192718970189971,-0.0018915130660862689,0.0,0.0,3.9379675833051676e-05,0.00192718970189971,-0.0019308927419193205,0.0,0.0,0.39710148134964174,0.47911938930212855
2015-03-17,-0.00036060788885886584,0.0013221533974797535,0.0,0.0,1.3178429687052933e-05,-0.00036060788885886584,0.0013089749677927007,0.0,0.0,0.39903014867615094,0.4810126835774321
2015-03-18,0.0023122312799610926,-0.006046968685741347,0.0,0.0,1.312975447939732e-05,0.0023122312799610926,-0.006060098440220744,0.0,0.0,0.3982918139431395,0.47923603849800217
2015-03-19,-8.705323581936113e-05,0.003952549555469475,0.0,0.0,1.3345441797400775e-05,-8.705323581936113e-05,0.003939204113672074,0.0,0.0,0.40211110422540275,0.4871086256051282
2015-03-20,0.001564767942772046,-0.0048069936447442466,0.0,0.0,1.3186356932052318e-05,0.001564767942772046,-0.004820180001676299,0.0,0.0,0.40048133645778394,0.4813020280199096
2015-03-23,-0.0008128512777935875,-0.002813214844394476,0.0,0.0,4.008465824404283e-05,-0.0008128512777935875,-0.0028532995026385186,0.0,0.0,0.4033592048199971,0.4876966753025211
2015-03-24,-0.0008683315287369216,0.0012533831868423548,0.0,0.0,1.3488076449313934e-05,-0.0008683315287369216,0.0012398951103930408,0.0,0.0,0.40402757956835406,0.4923147903999586
2015-03-25,-0.0023182469698661366,-0.0002331715079791699,0.0,0.0,1.3448740121872549e-05,-0.0023182469698661366,-0.00024662024810104244,0.0,0.0,0.40300950438472655,0.49087901444834814
2015-03-26,-0.002259720572740109,0.00096251247881933,2.023230406312059e-05,2.852105754843482e-06,1.311016340086334e-05,-0.0022799528768032294,0.0009465502096636232,0.0982783799716946,0.013854098486236944,0.4999999999988291,0.4785209641315119
2015-03-27,0.0016346499853815996,0.0005776938886277196,0.0,0.0,1.3101262454263592e-05,0.0016346499853815996,0.000564592626173456,0.0,0.0,0.4984048537874446,0.47819607958062105
2015-03-30,0.0034647294586836602,0.001460501719777714,0.0,0.0,3.917016098617226e-05,0.0034647294586836602,0.0014213315587915415,0.0,0.0,0.4989422088065154,0.47657029199842915
2015-03-31,-0.0026608514776584402,0.00148784901227992,0.0,0.0,1.2953415404923589e-05,-0.0026608514776584402,0.0014748955968749964,0.0,0.0,0.4999640832479038,0.47279966227971104
2015-04-01,0.0010581275411460744,-0.0021885472207443606,0.0,0.0,1.2927984437456063e-05,0.0010581275411460744,-0.0022014752051818165,0.0,0.0,0.4978937117456952,0.47187143196714615
2015-04-02,0.001052992905575954,-0.002347048847684206,0.0,0.0,1.3002811369289652e-05,0.001052992905575954,-0.0023600516590534955,0.0,0.0,0.4995229677050991,0.47460261497907225
2015-04-06,0.0026044374175899056,-0.001281850732276693,0.0,0.0,5.2336863665565174e-05,0.0026044374175899056,-0.0013341875959422581,0.0,0.0,0.5012310991062773,0.477573880948282
2015-04-07,-0.00010224663163815005,0.0017254984976858485,0.0,0.0,1.310269142309257e-05,-0.00010224663163815005,0.001712395806262756,0.0,0.0,0.5031963514481862,0.4782482369428789
2015-04-08,0.0006439281379240338,0.0010418239981987455,0.0,0.0,1.3034430114758143e-05,0.0006439281379240338,0.0010287895680839874,0.0,0.0,0.5022853504740563,0.47575669918867225
2015-04-09,0.00033122286117292946,0.0024463410377972665,0.0,0.0,1.2984168143568287e-05,0.00033122286117292946,0.0024333568696536982,0.0,0.0,0.5020894247412163,0.4739221372402425
2015-04-10,0.0010191043048109504,0.0002806709563212791,2.0914315520825283e-07,2.86737269259162e-07,1.2920428243472708e-05,0.001018895161655742,0.00026746379080854724,0.0010354950302159348,0.0014196736058605386,0.499999999998193,0.4715956308867538
2015-04-13,-0.0016536778034583755,0.0013376307972452252,0.0,0.0,3.8688448652412096e-05,-0.0016536778034583755,0.001298942348592813,0.0,0.0,0.5003754418737565,0.47070945860434715
2015-04-14,0.0008232938680470923,-0.001772422379921353,0.0,0.0,1.2864065471817986e-05,0.0008232938680470923,-0.001785286445393171,0.0,0.0,0.4988987411421689,0.4695383897213564
2015-04-15,1.1553775591915645e-05,-0.0011522746457523585,0.0,0.0,1.2925058799703183e-05,1.1553775591915645e-05,-0.0011651997045520617,0.0,0.0,0.5002032268015637,0.47176464618916614
2015-04-16,-0.000466886745984627,-0.0017671541221356262,0.0,0.0,1.2971592593067082e-05,-0.000466886745984627,-0.0017801257147286934,0.0,0.0,0.5007925178265998,0.47346312964694853
2015-04-17,-0.002310699717087887,2.0514054259690993e-05,0.0,0.0,1.3049329781117583e-05,-0.002310699717087887,7.464724478573409e-06,0.0,0.0,0.5014524008738335,0.4763005370107918
2015-04-20,0.002067980999000241,0.0020924166359739095,0.0,0.0,3.9236674538491945e-05,0.002067980999000241,0.0020531799614354174,0.0,0.0,0.5002939957944517,0.4773795402183187
2015-04-21,0.00119537500374314,-4.09190434813152e-05,0.0,0.0,1.2968121314362337e-05,0.00119537500374314,-5.388716479567754e-05,0.0,0.0,0.5003001593084103,0.47333642797422537
2015-04-22,0.0009294633449961593,0.0005837719412310851,0.0,0.0,1.2954455031168484e-05,0.0009294633449961593,0.0005708174861999166,0.0,0.0,0.5009237359593157,0.4728376086376497
2015-04-23,-0.00022793763506623565,-0.0026409861861323596,0.0,0.0,1.2919079032724434e-05,-0.00022793763506623565,-0.002653905265165084,0.0,0.0,0.5011014064697,0.4715463846944417
2015-04-24,0.0010574379582812,-0.0009604103387631012,4.650105430062662e-07,8.643582379713621e-16,1.3028982298674311e-05,0.001056972947738194,-0.0009734393210626398,0.002321079270579886,4.314405380015759e-12,0.5000000000021291,0.47555785390161237
2015-04-27,-0.0017594487922097052,-0.00020201330605937141,0.0,0.0,3.916261333696352e-05,-0.0017594487922097052,-0.00024117591939633494,0.0,0.0,0.5010155863114647,0.4764784622663895
2015-04-28,-9.277564910884764e-05,-0.0013916238167589778,0.0,0.0,1.3085919069844632e-05,-9.277564910884764e-05,-0.0014047097358288224,0.0,0.0,0.5002569639635135,0.477636046049329
2015-04-29,-0.0037224150132312878,-0.0019004814189274588,0.0,0.0,1.3143728290774861e-05,-0.0037224150132312878,-0.0019136251472182337,0.0,0.0,0.5009143001579974,0.47974608261328244
2015-04-30,-0.0050283609891627465,0.000111972648893943,0.0,0.0,1.3270589852215003e-05,-0.0050283609891627465,9.8702059041728e-05,0.0,0.0,0.5000099613676592,0.48437652960584765
2015-05-01,0.0028648285358361747,0.002407177878925045,0.0,0.0,1.333325048573423e-05,0.0028648285358361747,0.002393844628439311,0.0,0.0,0.4974337792505225,0.4866636427292994
2015-05-04,0.0013023029432808737,0.0004772613970599013,0.0,0.0,3.9593690940555e-05,0.0013023029432808737,0.00043766770611934635,0.0,0.0,0.49768146362921445,0.48172323977675247
2015-05-05,-0.005211438544789719,-0.0014058387800842255,0.0,0.0,1.3161919971031681e-05,-0.005211438544789719,-0.0014190007000552572,0.0,0.0,0.498117057512458,0.4804100789426563
2015-05-06,-0.0019406920174439275,-0.0020052935149356965,0.0,0.0,1.328854499221617e-05,-0.0019406920174439275,-0.0020185820599279126,0.0,0.0,0.49619561383878497,0.48503189221589027
2015-05-07,0.0016939036884095217,0.0017628617097899862,0.0,0.0,1.339652505494749e-05,0.0016939036884095217,0.0017494651847350386,0.0,0.0,0.4962195911854055,0.48897316450558337
2015-05-08,0.004683226563487717,-0.0017081742825693594,3.955365759375406e-05,1.5624574106164713e-07,1.3281188001269348e-05,0.004643672905893963,-0.0017216117163116904,0.1962048784410909,0.000775052890096808,0.49999999999732775,0.4847633620463312
2015-05-11,-0.0026390316176007,0.0007290016281617472,0.0,0.0,3.986746671283807e-05,-0.0026390316176007,0.0006891341614489091,0.0,0.0,0.5032128079446196,0.4850541783395299
2015-05-12,-0.000861000424643858,-0.001548419820146237,0.0,0.0,1.3295107018954653e-05,-0.000861000424643858,-0.0015617149271651917,0.0,0.0,0.501551750810052,0.4852714061918448
2015-05-13,-0.0008996418249926432,-0.0019460006792235622,0.0,0.0,1.3369920992621875e-05,-0.0008996418249926432,-0.0019593706002161843,0.0,0.0,0.5019067275193455,0.48800211623069845
2015-05-14,0.0035479449129202953,-0.002592030369735821,0.0,0.0,1.3461723313943177e-05,0.0035479449129202953,-0.002605492093049764,0.0,0.0,0.5024435781271849,0.491352900958926
2015-05-15,0.0016450722638488766,-0.0002091300275512316,0.0,0.0,1.351999588637312e-05,0.0016450722638488766,-0.00022265002343760474,0.0,0.0,0.5055150989096506,0.49347984985261883
2015-05-18,0.0024825209201519115,0.0016913834395496838,0.0,0.0,4.051954053288191e-05,0.0024825209201519115,0.001650863899016802,0.0,0.0,0.5064397999386374,0.4929877431500632
2015-05-19,0.0006531837023271367,0.003927644269218077,0.0,0.0,1.340476717748829e-05,0.0006531837023271367,0.003914239502040589,0.0,0.0,0.5068274081440282,0.4892740019783225
2015-05-20,0.00037032673168414245,0.001014148161412571,0.0,0.0,1.3236702861382545e-05,0.00037032673168414245,0.0010009114585511883,0.0,0.0,0.505173251813795,0.48313965444046286
2015-05-21,0.0003820007303248317,-0.0007202234696297487,0.0,0.0,1.3190830210102951e-05,0.0003820007303248317,-0.0007334142998398517,0.0,0.0,0.5048513071527212,0.48146530266875764
2015-05-22,-0.0002887307178067647,0.0028359258007613084,1.085026819513699e-06,1.33349750899105e-07,1.3196987147375539e-05,-0.0002898157446262784,0.0028225954638630337,0.005410916138714171,0.0006650013679448703,0.4999999999984529,0.48169003087920714
2015-05-26,-0.002266931413622388,0.004117951700681908,0.0,0.0,5.234458489733778e-05,-0.002266931413622388,0.00406560711578457,0.0,0.0,0.4984488082480377,0.4776443371882073
2015-05-27,0.0027422987420079752,0.0008007132118073066,0.0,0.0,1.295003272059847e-05,0.0027422987420079752,0.0007877631790867082,0.0,0.0,0.4952910089311515,0.4726761943018441
2015-05-28,-0.0006276737838560903,-0.0007512551704375518,0.0,0.0,1.2882618929801712e-05,-0.0006276737838560903,-0.0007641377893673535,0.0,0.0,0.49628140358820516,0.47021559093776244
2015-05-29,-0.0023520839927706418,0.00011277127266938769,0.0,0.0,1.2921185118225665e-05,-0.0023520839927706418,9.985008755116203e-05,0.0,0.0,0.49634454789040944,0.47162325681523676
2015-06-01,0.0013440142670267624,0.0002874776747912254,0.0,0.0,3.884176722804037e-05,0.0013440142670267624,0.000248635907563185,0.0,0.0,0.4951075619353601,0.4725748346078245
2015-06-02,-0.0026020707371401776,-0.0042635654619441275,0.0,0.0,1.2918804505749334e-05,-0.0026020707371401776,-0.004276484266449877,0.0,0.0,0.4956621597770803,0.4715363644598507
2015-06-03,-0.0006060543030311418,-3.868929377596969e-05,0.0,0.0,1.3125901755602973e-05,-0.0006060543030311418,-5.181519553157267e-05,0.0,0.0,0.49647512046396547,0.4790954140795085
2015-06-04,-0.002144670611221547,0.00021643045061236124,0.0,0.0,1.3135603248977095e-05,-0.002144670611221547,0.00020329484736338415,0.0,0.0,0.49619549804442187,0.47944951858766394
2015-06-05,-0.0011568430513084098,0.0026184714469929407,0.0,0.0,1.3155212859003315e-05,-0.0011568430513084098,0.0026053162341339374,0.0,0.0,0.4950118314055141,0.4801652693536211
2015-06-08,-0.002059077830054706,-0.0032572303538335075,1.0631662493068854e-05,3.409644654105681e-16,3.919365079376398e-05,-0.0020697094925477746,-0.003296424004627612,0.05224047759962983,1.6753867543446657e-12,0.44090020969367144,0.4768560846574617
2015-06-09,-0.0014084164503365313,-0.00041755408994780777,0.0,0.0,1.3224755254527518e-05,-0.0014084164503365313,-0.0004307788452023353,0.0,0.0,0.4412087167377488,0.48270356679025433
2015-06-10,0.0031087294642751784,-0.001475446773361979,0.0,0.0,1.3260583896126135e-05,0.0031087294642751784,-0.0014887073572581052,0.0,0.0,0.44061066935765913,0.48401131220860383
2015-06-11,0.0013029672766978325,0.0024837885907901098,0.0,0.0,1.3279494021511476e-05,0.0013029672766978325,0.0024705090967685984,0.0,0.0,0.44300172623199185,0.4847015317851688
2015-06-12,-0.0012266943539722126,0.0007815483726543471,0.0,0.0,1.3161779355592965e-05,-0.0012266943539722126,0.0007683865932987541,0.0,0.0,0.44263442297152367,0.4804049464791432
2015-06-15,-0.0006717078032570088,0.0008111411492486448,0.0,0.0,3.9439176494894146e-05,-0.0006717078032570088,0.0007717019727537507,0.0,0.0,0.44161012196363925,0.47984331402121205
2015-06-16,0.0014096727291236795,-0.000644035986473489,0.0,0.0,1.3122856910601622e-05,0.0014096727291236795,-0.0006571588433840906,0.0,0.0,0.44089432729828837,0.478984277236959
2015-06-17,-0.0011238636111826164,-0.0018783678377868054,0.0,0.0,1.313062075770029e-05,-0.0011238636111826164,-0.0018914984585445057,0.0,0.0,0.441971410403983,0.4792676576560605
2015-06-18,0.0021978341790593724,-0.001083682060872737,0.0,0.0,1.3221951862375957e-05,0.0021978341790593724,-0.001096904012735113,0.0,0.0,0.442180882253105,0.48260124297672247
2015-06-19,0.00010256103970241469,0.0009173822477641255,0.0,0.0,1.3237068693613418e-05,0.00010256103970241469,0.0009041451790705121,0.0,0.0,0.4438900245136469,0.48315300731688976
2015-06-22,0.002267902727429698,-0.00023097141081882938,1.477250437886825e-05,3.6014921042452455e-05,4.109589041113176e-05,0.00225313022305083,-0.0003080822222724136,0.07271733237800512,0.17728266764015446,0.5000000000110694,0.5000000000021031
2015-06-23,0.0018844561446989291,0.00145543982538984,0.0,0.0,1.3678353067613869e-05,0.0018844561446989291,0.0014417614723222262,0.0,0.0,0.5012928640554636,0.49925988696790624
2015-06-24,-0.0024186085860308936,-0.0005597051423272718,0.0,0.0,1.359326385021316e-05,-0.0024186085860308936,-0.000573298406177485,0.0,0.0,0.5015091914923226,0.4961541305327804
2015-06-25,-0.0004254082064668789,-0.0005839157262245589,0.0,0.0,1.3649436080924402e-05,-0.0004254082064668789,-0.0005975651623054833,0.0,0.0,0.5005882965309002,0.4982044169537406
2015-06-26,0.0004159193733426228,-0.000686339357922701,0.0,0.0,1.367942746204757e-05,0.0004159193733426228,-0.0007000187853847486,0.0,0.0,0.5006750655829332,0.4992991023647363
2015-06-29,-0.006579309648101493,-0.0017132592076068548,0.0,0.0,4.1106372136373667e-05,-0.006579309648101493,-0.0017543655797432286,0.0,0.0,0.5012333850662688,0.500127527659213
2015-06-30,0.0014397335127423825,-0.0013184771722851531,0.0,0.0,1.386460577558127e-05,0.0014397335127423825,-0.0013323417780607345,0.0,0.0,0.49881100432831443,0.5060581108087164
2015-07-01,0.002594296500126711,0.0017196127420730269,0.0,0.0,1.3899235774795053e-05,0.002594296500126711,0.0017057135062982318,0.0,0.0,0.500197020815309,0.5073221057800195
2015-07-02,-0.0006794877759544761,-0.0004496565382287538,0.0,0.0,1.3792813859318215e-05,-0.0006794877759544761,-0.000463449352088072,0.0,0.0,0.5006385664700123,0.5034377058651148
2015-07-06,-0.00048140763474461006,0.0005302038589845879,0.0,0.0,5.528371868077636e-05,-0.00048140763474461006,0.0004749201403038116,0.0,0.0,0.5005311543340883,0.5044639329620842
2015-07-07,0.0018101905385124206,0.0008564180193751079,1.0584217815054617e-05,4.058642917186079e-05,1.3698630137036043e-05,0.001799606320697366,0.0008021329600662111,0.05171039667523367,0.19828960333025492,0.4483425941182536,0.5000000000018155
2015-07-08,-0.006807255220349887,-0.0011133334768441542,0.0,0.0,1.3639679739101648e-05,-0.006807255220349887,-0.0011269731565832558,0.0,0.0,0.44898464367286267,0.4978483104772101
2015-07-09,0.0019026211236130844,0.0013253578000081184,0.0,0.0,1.3779511819839728e-05,0.0019026211236130844,0.0013115782881882787,0.0,0.0,0.4457137834007614,0.5029521814241502
2015-07-10,0.0031589155917044103,-0.0004155341663334807,0.0,0.0,1.3699168786979492e-05,0.0031589155917044103,-0.0004292333351204602,0.0,0.0,0.4461822856841724,0.5000196607247516
2015-07-13,0.0039183925892816995,0.0010841160159166762,0.0,0.0,4.101968913645541e-05,0.0039183925892816995,0.0010430963267802208,0.0,0.0,0.4481179815727214,0.4990728844935408
2015-07-14,0.0011843734195871795,-0.0007830082136937224,0.0,0.0,1.3576169887079234e-05,0.0011843734195871795,-0.0007965843835808016,0.0,0.0,0.44980467326122475,0.49553020087839206
2015-07-15,-0.00042627206825423554,0.0006136237637685036,0.0,0.0,1.3592351202136723e-05,-0.00042627206825423554,0.0006000314125663669,0.0,0.0,0.4508142258667451,0.49612081887799037
2015-07-16,0.0022001996365842275,0.0010658529875491232,0.0,0.0,1.3573181125117934e-05,0.0022001996365842275,0.0010522798064240052,0.0,0.0,0.45030970827884287,0.4954211110668045
2015-07-17,-5.398020394169431e-05,0.0007171025792195387,0.0,0.0,1.3500070970094874e-05,-5.398020394169431e-05,0.0007036025082494438,0.0,0.0,0.451042900154759,0.49275259040846286
2015-07-20,-0.00047616064255328076,0.0017510365901691842,0.0,0.0,4.041501847483631e-05,-0.00047616064255328076,0.001710621571694348,0.0,0.0,0.4506961376873103,0.49171605811050845
2015-07-21,-0.0015419201601655414,-0.0007942450908939918,4.3063988273956636e-16,5.134689504348449e-05,1.3698630136935398e-05,-0.001541920160165972,-0.0008592906160744117,2.096718225967258e-12,0.24999999999909484,0.4496648833131859,0.499999999998142
2015-07-22,0.00014491062451802857,7.27535571116797e-05,0.0,0.0,1.3753415125020253e-05,0.00014491062451802857,5.9000141986659454e-05,0.0,0.0,0.4492015908536825,0.5019996520632393
2015-07-23,-0.0018418816780300601,-0.0009786700885519388,0.0,0.0,1.3748618385566823e-05,-0.0018418816780300601,-0.0009924187069375056,0.0,0.0,0.449254893568497,0.5018245710731891
2015-07-24,-0.0028524150788016714,0.0007703919863008377,0.0,0.0,1.3814585950984275e-05,-0.0028524150788016714,0.0007565774003498535,0.0,0.0,0.4486847191627188,0.504232387210926
2015-07-27,-0.0020152266344145636,-0.0001396548572563917,0.0,0.0,4.146734679149888e-05,-0.0020152266344145636,-0.0001811222040478906,0.0,0.0,0.4467686586723141,0.5045193859632363
2015-07-28,0.002187569308861954,3.614995247720775e-05,0.0,0.0,1.3856709258256685e-05,0.002187569308861954,2.2293243218951067e-05,0.0,0.0,0.44573241591185253,0.5057698879263691
2015-07-29,0.0014635008758003573,0.000874405105163808,0.0,0.0,1.382516712948407e-05,0.0014635008758003573,0.0008605799380343239,0.0,0.0,0.4469323262097092,0.5046186002261686
2015-07-30,0.0004814421443257097,-9.125692800295151e-05,0.0,0.0,1.3769210068291629e-05,0.0004814421443257097,-0.00010502613807124314,0.0,0.0,0.4473561352745667,0.5025761674926446
2015-07-31,0.001270903362042733,-0.0012773404324871696,0.0,0.0,1.3766528316491051e-05,0.001270903362042733,-0.0012911069608036608,0.0,0.0,0.4476690676163366,0.5024782835519233
2015-08-03,-0.0006845383058077879,-0.00045331966458383836,0.0,0.0,4.14054083725924e-05,-0.0006845383058077879,-0.0004947250729564307,0.0,0.0,0.44894904136467506,0.503765801866541
2015-08-04,-5.994429842972617e-05,0.0019120338096224206,1.2794724023967962e-06,5.0246146505748674e-05,1.3698630136715797e-05,-6.122377083212296e-05,0.0018480890329799562,0.006207942910587157,0.2437920571013226,0.4425858061925833,0.4999999999901265
2015-08-05,0.0013786548672695682,0.0011738009637156448,0.0,0.0,1.3621905139682563e-05,0.0013786548672695682,0.0011601790585759623,0.0,0.0,0.4417365382189886,0.4971995375984135
2015-08-06,-0.002330569951799704,-0.0007994302288350909,0.0,0.0,1.3555331473748169e-05,-0.002330569951799704,-0.000812985560308839,0.0,0.0,0.44199304614571566,0.49476959879180815
2015-08-07,-0.0008778793885196881,-0.0013023452894166828,0.0,0.0,1.3620049052071277e-05,-0.0008778793885196881,-0.001315965338468754,0.0,0.0,0.4410489380141198,0.49713179040060157
2015-08-10,0.0025469494743737475,0.0009942502930279924,0.0,0.0,4.105726249362223e-05,0.0025469494743737475,0.0009531930305343701,0.0,0.0,0.4411388487628282,0.4995300270057373
2015-08-11,-0.0028640570840369434,-0.0020204360649517857,0.0,0.0,1.3610874430362505e-05,-0.0028640570840369434,-0.0020340469393821483,0.0,0.0,0.4421382513506039,0.4967969167082314
2015-08-12,-0.0017531368273964645,0.0008972980591118663,0.0,0.0,1.3733496939716953e-05,-0.0017531368273964645,0.0008835645621721493,0.0,0.0,0.4414363956521947,0.5012726382996687
2015-08-13,0.00024196278582445797,0.0006078233788577839,0.0,0.0,1.3720844697252312e-05,0.00024196278582445797,0.0005941025341605316,0.0,0.0,0.44006592795061433,0.5008108314497093
2015-08-14,0.0010442358328268048,0.00023522981942575036,0.0,0.0,1.3692743973569405e-05,0.0010442358328268048,0.00022153707545218096,0.0,0.0,0.4399400720992848,0.4997851550352832
2015-08-17,0.001462182383410674,-0.0005460475208719309,0.0,0.0,4.10069924228883e-05,0.001462182383410674,-0.0005870545132948192,0.0,0.0,0.4404268275856744,0.4989184078118075
2015-08-18,-0.0016421550959179784,0.001255977687973209,1.4639533023828335e-15,5.104027324757595e-05,1.3698630136979298e-05,-0.0016421550959194423,0.0011912387845886539,7.170579276081685e-12,0.24999999999925285,0.44150263870012074,0.49999999999974437
2015-08-19,-0.0032185884041513488,-0.00133718106076402,0.0,0.0,1.3670383988486157e-05,-0.0032185884041513488,-0.001350851444752506,0.0,0.0,0.44005891334617714,0.49896901557974477
2015-08-20,-0.006609698302147913,-7.649480041538462e-05,0.0,0.0,1.3769939998587896e-05,-0.006609698302147913,-9.026474041397251e-05,0.0,0.0,0.43884560353031343,0.5026028099484584
2015-08-21,-0.007144919542158181,-0.0002056401515970947,0.0,0.0,1.3864930266920553e-05,-0.007144919542158181,-0.00021950508186401526,0.0,0.0,0.4351514035498686,0.5060699547426001
2015-08-24,-0.010903083064801746,0.002225301715891514,0.0,0.0,4.192041244871641e-05,-0.010903083064801746,0.0021833813034427977,0.0,0.0,0.4311818905398344,0.5100316847927164
2015-08-25,-6.153516022104773e-05,0.0006515969155838665,0.0,0.0,1.4034883645585279e-05,-6.153516022104773e-05,0.0006375620319382812,0.0,0.0,0.4239757495652907,0.5122732530638627
2015-08-26,0.009031161994525921,0.001231242408872725,0.0,0.0,1.4008962136659727e-05,0.009031161994525921,0.0012172334467360653,0.0,0.0,0.42367016900297894,0.5113271179880802
2015-08-27,0.005164370000537987,-0.0022145574712306125,0.0,0.0,1.3833458712715212e-05,0.005164370000537987,-0.002228390929943328,0.0,0.0,0.428311822072736,0.5049212430141052
2015-08-28,0.0014039158314715448,-0.0004307401387634991,0.0,0.0,1.3853458057234784e-05,0.0014039158314715448,-0.0004445935968207339,0.0,0.0,0.4322072406605352,0.5056512190890697
2015-08-31,-0.0024366076645308842,0.0005300586199878123,0.0,0.0,4.155591196045597e-05,-0.0024366076645308842,0.0004885027080273564,0.0,0.0,0.43319558233791733,0.505596928852214
2015-09-01,-0.004084371728083771,-0.00031899375418817876,4.700280532562894e-05,6.211293061181758e-05,5.479452054794693e-06,-0.0041313745334094,-0.000386586136854791,0.23159977633703174,0.30605281403258533,0.19999999999993512,0.2000000000000063
2015-09-02,0.00221183901492437,0.000343707429269647,0.0,0.0,5.513099576763024e-06,0.00221183901492437,0.000338194329692884,0.0,0.0,0.19680478454815975,0.20122813455185043
2015-09-03,0.0006759082193493638,-0.0005055480385944018,0.0,0.0,5.489684057467269e-06,0.0006759082193493638,-0.0005110377226518691,0.0,0.0,0.19851041538459957,0.20037346809755538
2015-09-04,-0.002280747054582418,-0.0001932444016973389,0.0,0.0,5.5026274677378905e-06,-0.002280747054582418,-0.0001987470291650768,0.0,0.0,0.19915348906928704,0.200845902572433
2015-09-08,0.002557428859019832,0.0004149249452505201,0.0,0.0,2.208645056313299e-05,0.002557428859019832,0.00039283849468738715,0.0,0.0,0.19736210017444317,0.20153886138858856
2015-09-09,-0.0012569940986472058,-0.0002762495330206384,0.0,0.0,5.4940359591337295e-06,-0.0012569940986472058,-0.0002817435689797721,0.0,0.0,0.19933144796995006,0.2005323125083811
2015-09-10,0.00010987615590003945,0.0001668256392038755,0.0,0.0,5.510083011772426e-06,0.00010987615590003945,0.00016131555619210307,0.0,0.0,0.19837970820080425,0.20111802992969355
2015-09-11,0.0003450966225866058,-0.00020529649884339657,0.0,0.0,5.5040198017613576e-06,0.0003450966225866058,-0.00021080051864515794,0.0,0.0,0.19843577022043793,0.20089672276428955
2015-09-14,-0.00041769338478752445,2.3807109643641362e-05,0.0,0.0,1.6526713616870817e-05,-0.00041769338478752445,7.2803960267705454e-06,0.0,0.0,0.1987541749316891,0.20107501567192826
2015-09-15,0.0013713248230823151,0.0009303890881628983,0.0,0.0,5.510513875847054e-06,0.0013713248230823151,0.0009248785742870513,0.0,0.0,0.19841791483635324,0.20113375646841747
2015-09-16,0.0010615685878476294,-0.00011116213632454164,3.4217718426087657e-06,2.1133020041936798e-08,5.469643586620287e-06,0.0010581468160050208,-0.00011665291293120387,0.016632321361271296,0.00010272198055253803,0.20000000000084212,0.19964199091164042
2015-09-17,-0.00015543743485534715,-0.0011638757945078657,0.0,0.0,5.46754146764519e-06,-0.00015543743485534715,-0.0011693433359755109,0.0,0.0,0.20087244840322255,0.19956526356904938
2015-09-18,-0.0018339792561493848,-0.0004970114816746032,0.0,0.0,5.506723677351932e-06,-0.0018339792561493848,-0.0005025182053519551,0.0,0.0,0.20098326973937664,0.20099541422334552
2015-09-21,0.00063217334286941,0.0008761500804551388,0.0,0.0,1.6599806697032604e-05,0.00063217334286941,0.0008595502737581062,0.0,0.0,0.1996156920409568,0.20196431481389665
2015-09-22,-0.001426326896952271,4.119926985785598e-05,0.0,0.0,5.501058727996569e-06,-0.001426326896952271,3.5698211129859414e-05,0.0,0.0,0.19994959584956234,0.20078864357187476
2015-09-23,-0.00012985428753452266,0.00017540053886768562,0.0,0.0,5.507588992119336e-06,-0.00012985428753452266,0.00016989294987556627,0.0,0.0,0.19879972555369865,0.20102699821235578
2015-09-24,-0.0003578111873205798,0.0001751235404413013,0.0,0.0,5.502563182634503e-06,-0.0003578111873205798,0.0001696209772586668,0.0,0.0,0.198661917108745,0.20084355616615937
2015-09-25,0.0006413279828249834,0.0005840953216994607,0.0,0.0,5.49880009776242e-06,0.0006413279828249834,0.0005785965216016983,0.0,0.0,0.19834143183714575,0.20070620356832827
2015-09-28,-0.002528654494385098,0.0003483726683770841,0.0,0.0,1.6428351110539957e-05,-0.002528654494385098,0.0003319443172665441,0.0,0.0,0.19874031164377914,0.19987827184490278
2015-09-29,-0.0007732455183313281,-0.00023387495892647787,0.0,0.0,5.478607493015131e-06,-0.0007732455183313281,-0.000239353566419493,0.0,0.0,0.19664362620434261,0.1999691734950523
2015-09-30,0.0008945878192309586,-0.0004606137615597948,1.5055403545653285e-05,1.171704436719859e-16,5.490574777133082e-06,0.0008795324156853053,-0.00046610433633704503,0.0745651277615157,5.80311851208901e-13,0.12150379213345945,0.2004059793653575
2015-10-01,0.0002469062174662693,0.00012140064844448025,0.0,0.0,5.500920097413788e-06,0.0002469062174662693,0.00011589972834706647,0.0,0.0,0.12234779793757662,0.20078358355560325
2015-10-02,0.0004397913857134288,-0.0010503590398368093,0.0,0.0,5.495600215816814e-06,0.0004397913857134288,-0.001055854640052626,0.0,0.0,0.12255024219851238,0.2005894078773137
2015-10-05,0.0008888097726648454,-5.5717970267591635e-05,0.0,0.0,1.658334791872367e-05,0.0008888097726648454,-7.23013181863153e-05,0.0,0.0,0.1230658499322331,0.20176406634447136
2015-10-06,-0.0005372209351268061,-0.0004931607827250897,0.0,0.0,5.524798114937783e-06,-0.0005372209351268061,-0.0004986855808400275,0.0,0.0,0.12385353224869985,0.20165513119522907
2015-10-07,0.0006928468621953541,-0.0003393888188443832,0.0,0.0,5.544052489357607e-06,0.0006928468621953541,-0.0003449328713337408,0.0,0.0,0.123444187952231,0.20235791586155263
2015-10-08,4.25971683627325e-05,0.00013826964338896374,0.0,0.0,5.551419396684316e-06,4.25971683627325e-05,0.00013271822399227944,0.0,0.0,0.12409386082406564,0.2026268079789775
2015-10-09,-0.00011586647255941256,-9.655881318327575e-05,0.0,0.0,5.546658772617418e-06,-0.00011586647255941256,-0.00010210547195589318,0.0,0.0,0.12411469877531554,0.20245304520053575
2015-10-12,4.515740293848533e-05,-0.00038212236397293175,0.0,0.0,1.6651542227700393e-05,4.515740293848533e-05,-0.00039877390620063216,0.0,0.0,0.12402586646203907,0.20259376377035473
2015-10-13,-0.0005090410097202507,0.00033893272778239215,0.0,0.0,5.56295033280691e-06,-0.0005090410097202507,0.00033336977744958526,0.0,0.0,0.1241149129464964,0.20304768714745222
2015-10-14,0.000610385921982588,-0.000655077490817106,2.8714867924135376e-05,1.5396339411245804e-16,5.5546402951618725e-06,0.0005816710540584527,-0.0006606321311124219,0.13801218746678653,7.399938201843954e-13,0.18561540228121892,0.20274437077340834
2015-10-15,-2.4266793077835298e-05,3.1577454623075346e-06,0.0,0.0,5.573027675945155e-06,-2.4266793077835298e-05,-2.4152822136376207e-06,0.0,0.0,0.18624049395319514,0.20341551017199816
2015-10-16,-6.087107028672553e-05,-0.00024614189417053385,0.0,0.0,5.573089863974201e-06,-6.087107028672553e-05,-0.00025171498403450806,0.0,0.0,0.18622119592808792,0.2034177800350584
2015-10-19,-0.000395064474732712,-2.190733978658833e-05,0.0,0.0,1.674473460305959e-05,-0.000395064474732712,-3.865207438964792e-05,0.0,0.0,0.18621853417464032,0.20372760433722503
2015-10-20,-0.00016253755117082969,0.0004501581283859593,0.0,0.0,5.5846005357825125e-06,-0.00016253755117082969,0.0004445735278501768,0.0,0.0,0.1859040993843603,0.2038379195560617
2015-10-21,0.0005077204690199698,-0.0001746646741377668,0.0,0.0,5.570696299603035e-06,0.0005077204690199698,-0.00018023537043736982,0.0,0.0,0.18568919080090318,0.20333041493551074
2015-10-22,-0.0015177981420470825,-0.0003791414948782516,0.0,0.0,5.57365634374386e-06,-0.0015177981420470825,-0.0003847151512219955,0.0,0.0,0.18613595451850792,0.20343845654665085
2015-10-23,-0.0005388595387491921,0.00024041443409338704,0.0,0.0,5.5946877497753396e-06,-0.0005388595387491921,0.0002348197463436117,0.0,0.0,0.18497006438280594,0.20420610286679997
2015-10-26,0.00027778715540318624,-0.00016940474059760503,0.0,0.0,1.6769401724271603e-05,0.00027778715540318624,-0.00018617414232187664,0.0,0.0,0.18448729632333233,0.20402772097863786
2015-10-27,-0.0003772999715853916,-6.893153645025948e-06,0.0,0.0,5.593929323806682e-06,-0.0003772999715853916,-1.248708296883263e-05,0.0,0.0,0.1847481581433068,0.20417842031894384
2015-10-28,-0.001287966480346371,0.0006096249544317044,1.7931136712928923e-05,6.511841729154247e-16,5.596299542480488e-06,-0.0013058976170592998,0.0006040286548885727,0.08262090020854501,3.000446844456697e-12,0.26706365177621955,0.20426493330053783
2015-10-29,3.841064189952887e-05,0.0005613885797878723,0.0,0.0,5.583516385785369e-06,3.841064189952887e-05,0.000555805063402087,0.0,0.0,0.2659623560186685,0.20379834808116595
2015-10-30,0.00039395696041693315,-0.00023668275840174795,0.0,0.0,5.564829167861221e-06,0.00039395696041693315,-0.00024224758756960916,0.0,0.0,0.2658427986944425,0.20311626462693455
2015-11-02,0.00035386105410809205,0.00019424498078478357,0.0,0.0,1.6711405604122954e-05,0.00035386105410809205,0.00017753357518066062,0.0,0.0,0.26619637117033496,0.2033221015168292
2015-11-03,-0.00066154710985089,-5.980295805018065e-05,0.0,0.0,5.5621910359685835e-06,-0.00066154710985089,-6.536514908614924e-05,0.0,0.0,0.266408664091149,0.20301997281285328
2015-11-04,-0.0015046127678302542,0.000202487738263092,0.0,0.0,5.567876831100216e-06,-0.0015046127678302542,0.00019691986143199178,0.0,0.0,0.2659404323417143,0.20322750433515788
2015-11-05,0.00015868080687444082,0.00017116440702445477,0.0,0.0,5.569612564674947e-06,0.00015868080687444082,0.0001655947944597798,0.0,0.0,0.26478207321276576,0.20329085861063553
2015-11-06,-0.0023618048926429954,0.001084193017136363,0.0,0.0,5.563119145059999e-06,-0.0023618048926429954,0.001078629897991303,0.0,0.0,0.26485486804803765,0.20305384879469
2015-11-09,-8.254269663958189e-06,0.0004311398288932096,0.0,0.0,1.6621574068563403e-05,-8.254269663958189e-06,0.0004145182548246462,0.0,0.0,0.262830320450433,0.20222915116752138
2015-11-10,1.6376042295632485e-05,-0.00015354712286618465,0.0,0.0,5.5264674347305775e-06,1.6376042295632485e-05,-0.00015907359030091522,0.0,0.0,0.262715334402052,0.20171606136766607
2015-11-11,0.0007595034891260915,0.00010870178357821099,5.1216704547515454e-06,5.242582114530931e-16,5.531463531558231e-06,0.00075438181867134,0.0001031703200461285,0.024591279900806257,2.517182730134184e-12,0.28736048686482757,0.2018984189018754
2015-11-12,0.00044415966575555953,-6.047922036787042e-07,0.0,0.0,5.523748498162956e-06,0.00044415966575555953,-6.12854070184166e-06,0.0,0.0,0.28787312414066746,0.20161682018294794
2015-11-13,-0.0006995996654382312,-0.00017948515617439601,0.0,0.0,5.52134654617294e-06,-0.0006995996654382312,-0.00018500650272056896,0.0,0.0,0.28819104715780614,0.2015291489353123
2015-11-16,-0.0006905214021144891,-0.00016202770713739657,0.0,0.0,1.6593470529517467e-05,-0.0006905214021144891,-0.00017862117766691404,0.0,0.0,0.287745989369427,0.20188722477579585
2015-11-17,-0.0004653413465340812,-0.00024114571214426398,0.0,0.0,5.540411365864104e-06,-0.0004653413465340812,-0.0002466861235101281,0.0,0.0,0.287305177130148,0.20222501485403982
2015-11-18,0.00014828465077055565,-0.0002197255958198085,0.0,0.0,5.550970541214424e-06,0.00014828465077055565,-0.00022527656636102292,0.0,0.0,0.28704421915276807,0.20261042475432647
2015-11-19,0.001329976526385511,-0.00017862467064467817,0.0,0.0,5.557418296832365e-06,0.001329976526385511,-0.00018418208894151053,0.0,0.0,0.28721461700708756,0.2028457678343813
2015-11-20,-0.0007667319630633253,-7.552817774714278e-05,0.0,0.0,5.55594615123055e-06,-0.0007667319630633253,-8.108412389837333e-05,0.0,0.0,0.2882143591239974,0.20279203451991512
2015-11-23,-0.0003561344524958442,-5.9994060945437365e-05,0.0,0.0,1.6688194769110525e-05,-0.0003561344524958442,-7.66822557145479e-05,0.0,0.0,0.2876915366738088,0.20303970302417806
2015-11-24,0.0007071292124336696,-9.908386926923504e-05,0.0,0.0,5.566784660017989e-06,0.0007071292124336696,-0.00010465065392925303,0.0,0.0,0.2874598196341897,0.2031876400906566
2015-11-25,-0.0007472412558235819,-4.133090153711635e-05,1.4305062004155996e-07,2.0025934877890897e-05,8.305871830766173e-06,-0.0007473843064436234,-6.966270824577341e-05,0.0007143268013666077,0.10000000001079196,0.28727911217474017,0.3031643218229653
2015-11-27,-0.00045250980256115217,-8.774901788904265e-05,0.0,0.0,1.662759389441879e-05,-0.00045250980256115217,-0.00010437661178346145,0.0,0.0,0.28676617236396046,0.303453588573143
2015-11-30,-0.0008886202971520696,4.1971616632558425e-05,0.0,0.0,2.4962504369225102e-05,-0.0008886202971520696,1.7009112263333323e-05,0.0,0.0,0.2864731955920984,0.3037104698255719
2015-12-01,0.0014900216696619127,-0.0008423057343597358,0.0,0.0,8.326942738863819e-06,0.0014900216696619127,-0.0008506326770985996,0.0,0.0,0.28583371115460693,0.3039334099685294
2015-12-02,-0.0009169347032369241,0.0004232500038697168,0.0,0.0,8.344684109132536e-06,-0.0009169347032369241,0.00041490531976058425,0.0,0.0,0.2871401385803375,0.3045809699833376
2015-12-03,0.003528330175010981,0.0014393863799475267,0.0,0.0,8.337273775028708e-06,0.003528330175010981,0.001431049106172498,0.0,0.0,0.2863669685097495,0.3043104927885479
2015-12-04,-0.0010916331907069952,-0.000411964289818913,0.0,0.0,8.256889485103033e-06,-0.0010916331907069952,-0.00042022117930401605,0.0,0.0,0.2884646928636197,0.3013764662062608
2015-12-07,-0.0005522607453425914,5.829396409077473e-05,0.0,0.0,2.4842086150431068e-05,-0.0005522607453425914,3.345187794034366e-05,0.0,0.0,0.2878081837332147,0.30224538149691127
2015-12-08,0.00017503943804553126,0.00035739542392387505,0.0,0.0,8.283395787757318e-06,0.00017503943804553126,0.00034911202813611773,0.0,0.0,0.28740503126662925,0.3023439462531421
2015-12-09,0.002108030091410702,-0.0001640398257114229,0.0,0.0,8.269269782426638e-06,0.002108030091410702,-0.00017230909549384953,0.0,0.0,0.28742941415582135,0.30182834705857237
2015-12-10,-0.000470137958861851,0.00031063793382041043,6.13829511707397e-07,0.0,8.257779267519166e-06,-0.0004707517883735584,0.00030238015455289125,0.0030477671437385556,0.0,0.28593029619892174,0.30140894326444956
2015-12-11,0.0004364733898775469,0.0005318940898560664,0.0,0.0,8.250657815931886e-06,0.0004364733898775469,0.0005236434320401345,0.0,0.0,0.2855082297271683,0.30114901028151386
2015-12-14,0.00010211670273475162,0.0008543931449536171,0.0,0.0,2.468455606781944e-05,0.00010211670273475162,0.0008297085888857976,0.0,0.0,0.28567042613538884,0.3003287654918032
2015-12-15,-0.0013877412784984813,-0.0003247594094382328,0.0,0.0,8.197139023110559e-06,-0.0013877412784984813,-0.0003329565484613434,0.0,0.0,0.2855065006598866,0.2991955743435353
2015-12-16,0.0005229401315819711,-5.37565059088713e-05,0.0,0.0,8.220180988741905e-06,0.0005229401315819711,-6.19766868976132e-05,0.0,0.0,0.2846084845823433,0.3000366060890795
2015-12-17,-0.00185680638868387,-0.0001426388598376017,0.0,0.0,8.217865634075072e-06,-0.00185680638868387,-0.00015085672547167676,0.0,0.0,0.28500005010909174,0.2999520956437401
2015-12-18,0.0012639418399783382,-0.00012906677679522274,0.0,0.0,8.238313305790116e-06,0.0012639418399783382,-0.00013730509010101286,0.0,0.0,0.283712843531378,0.30069843566133925
2015-12-21,0.0006702053639755733,0.0001715454395032525,0.0,0.0,2.469772278347396e-05,0.0006702053639755733,0.00014684771671977855,0.0,0.0,0.28465608136901,0.30048896053226637
2015-12-22,0.0005672124050694315,-0.00014585384616214246,0.0,0.0,8.221157264233477e-06,0.0005672124050694315,-0.00015407500342637593,0.0,0.0,0.28509335033281036,0.3000722401445219
2015-12-23,0.0003410920388400029,-0.0002907963117203128,0.0,0.0,8.221756544882849e-06,0.0003410920388400029,-0.00029901806826519565,0.0,0.0,0.2855425944123659,0.300094113888224
2015-12-24,8.029282527717887e-05,-0.00029618674864939144,1.2203052422767753e-05,6.082311421085736e-06,7.418705317407221e-06,6.808977285441112e-05,-0.00030968776538788437,0.059366010637871836,0.029589528260432457,0.2265056480575779,0.2707827440853637
2015-12-28,8.183668499832929e-05,0.00026302373661026,0.0,0.0,2.9714459045053187e-05,8.183668499832929e-05,0.00023330927756520683,0.0,0.0,0.22664069682023322,0.2711444387861104
2015-12-29,0.0002428189672364961,0.0003210547338361817,0.0,0.0,7.419070541366069e-06,0.0002428189672364961,0.0003136356632948156,0.0,0.0,0.226651105324478,0.27079607475986145
2015-12-30,-0.0003170063767484205,-0.0001835530576885016,0.0,0.0,7.4061533329444265e-06,-0.0003170063767484205,-0.00019095921102144604,0.0,0.0,0.22676773833366365,0.27032459665247155
2015-12-31,-0.000626268701168833,-0.00011904674054257524,0.0,0.0,7.414948722626174e-06,-0.000626268701168833,-0.00012646168926520141,0.0,0.0,0.2265658195966352,0.2706456283758553
2016-01-04,-0.0004305137911266849,-4.108288038788634e-05,0.0,0.0,2.9695193583306316e-05,-0.0004305137911266849,-7.077807397119266e-05,0.0,0.0,0.22610975057629865,0.2709686414476702
2016-01-05,0.0002037190930213461,-0.00014239895666322985,0.0,0.0,7.428647874941756e-06,0.0002037190930213461,-0.0001498276045381716,0.0,0.0,0.22579242469087019,0.2711456474353741
2016-01-06,-7.934492026099992e-05,-0.0005570926919420383,0.0,0.0,7.432148686664849e-06,-7.934492026099992e-05,-0.0005645248406287032,0.0,0.0,0.22598396517163513,0.2712734270632671
2016-01-07,0.0009106532411829678,0.00017709531022171832,0.0,0.0,7.452209752654254e-06,0.0009106532411829678,0.00016964310046906406,0.0,0.0,0.22605016711842577,0.2720056559718802
2016-01-08,-0.0008994595115752389,-5.9093163833464534e-05,0.0,0.0,7.439321154918775e-06,-0.0008994595115752389,-6.653248498838331e-05,0.0,0.0,0.22671590000224193,0.2715352221545353
2016-01-11,-0.0003016639356880061,0.0004080177846566964,8.221406198822713e-06,3.5847815336448114e-05,2.6720226752745227e-05,-0.00030988534188682883,0.00034544974256750304,0.04093869612875952,0.1785050858025828,0.18509609215835784,0.3250960921584003
2016-01-12,-0.00023682509614597445,-0.00018663970679403224,0.0,0.0,8.895247327332326e-06,-0.00023682509614597445,-0.00019553495412136457,0.0,0.0,0.18478785635330558,0.3246765274476299
2016-01-13,-0.00010459609326899231,0.0006414873412356546,0.0,0.0,8.904210568885975e-06,-0.00010459609326899231,0.0006325831306667686,0.0,0.0,0.18463085826431966,0.3250036857643381
2016-01-14,6.020948005060095e-05,-0.00013644788118359028,0.0,0.0,8.881946020869797e-06,6.020948005060095e-05,-0.00014532982720446007,0.0,0.0,0.18442888610986297,0.3241910297617475
2016-01-15,-0.0001441655578762432,0.0009863841452104358,0.0,0.0,8.88644073590482e-06,-0.0001441655578762432,0.000977497704474531,0.0,0.0,0.18450480070260092,0.3243550868605259
2016-01-19,-0.00014945714468008869,0.00025338081107956786,0.0,0.0,3.540815929360223e-05,-0.00014945714468008869,0.00021797265178596562,0.0,0.0,0.18420712942214465,0.32309945355412045
2016-01-20,-0.0010770212655775145,0.00037004852574933604,0.0,0.0,8.844491898523464e-06,-0.0010770212655775145,0.00036120403385081257,0.0,0.0,0.18404506233668821,0.3228239542961064
2016-01-21,-0.000566869259190015,-0.0003951830697459539,0.0,0.0,8.8406818951903e-06,-0.000566869259190015,-0.0004040237516411442,0.0,0.0,0.1830991065667049,0.32268488917444593
2016-01-22,0.00029300134423054276,-0.0012340606767821296,0.0,0.0,8.860111048500175e-06,0.00029300134423054276,-0.0012429207878306297,0.0,0.0,0.18270962880913721,0.32339405327025644
2016-01-25,-0.00014299998295816833,0.0007069230525586751,0.0,0.0,2.670713241453091e-05,-0.00014299998295816833,0.0006802159201441442,0.0,0.0,0.18317663319885658,0.324936777710126
2016-01-26,0.0004916593070147308,-0.0009255188746288348,2.052773464188756e-16,2.1199495576188286e-05,8.847544039122915e-06,0.0004916593070145255,-0.000955565914244146,1.0176133569466029e-12,0.1050914298884173,0.18293535742559272,0.3229353574279864
2016-01-27,7.451575760076978e-05,-0.0001895172592903925,0.0,0.0,8.87701882830655e-06,7.451575760076978e-05,-0.00019839427811869906,0.0,0.0,0.18351214923114273,0.3240111872331889
2016-01-28,0.0003150881677435754,-0.0006606625612722027,0.0,0.0,8.883311533475804e-06,0.0003150881677435754,-0.0006695458728056784,0.0,0.0,0.18360941025083852,0.32424087097186693
2016-01-29,-0.0011611465784335776,-0.0008364967937719132,0.0,0.0,8.904568170418504e-06,-0.0011611465784335776,-0.0008454013619423316,0.0,0.0,0.18398971499071273,0.32501673822027544
2016-02-01,0.0002993731599598804,0.0008168304783603159,0.0,0.0,2.683630600693296e-05,0.0002993731599598804,0.000789994172353383,0.0,0.0,0.18319616029039465,0.3265083897510177
2016-02-02,0.00029515046879312643,6.017007038193273e-05,0.0,0.0,8.913346509919474e-06,0.00029515046879312643,5.125672387201326e-05,0.0,0.0,0.18329585693166478,0.3253371476120608
2016-02-03,0.0022728048414048865,-0.0005113912487180068,0.0,0.0,8.908612007564437e-06,0.0022728048414048865,-0.0005202998607255713,0.0,0.0,0.18352743217790013,0.3251643382761018
2016-02-04,0.0010659010724262032,9.69982540271325e-05,0.0,0.0,8.907013141813394e-06,0.0010659010724262032,8.80912408853191e-05,0.0,0.0,0.18547519082359423,0.32510597967618876
2016-02-05,-0.0011544969632867514,0.0007436792848783954,0.0,0.0,8.894091941667121e-06,-0.0011544969632867514,0.0007347851929367283,0.0,0.0,0.18632607303996282,0.3246343558708499
2016-02-08,0.0009879987796425943,0.0005715904118044049,0.0,0.0,2.6632329402338832e-05,0.0009879987796425943,0.0005449580824020661,0.0,0.0,0.1852493273998352,0.32402667439512245
2016-02-09,0.00100231707893075,0.0005296133505131975,2.1843613603919266e-05,2.2633328046594067e-06,8.542284775435615e-06,0.0009804734653268306,0.0005188077329331025,0.10776984492008518,0.011166605937257596,0.21818242445234548,0.31179339430339986
2016-02-10,0.0011522966639310275,-0.000239025512163112,0.0,0.0,8.51500842858703e-06,0.0011522966639310275,-0.000247540520591699,0.0,0.0,0.2188566139249038,0.3107978076434265
2016-02-11,0.000869662042594602,4.7562889713088485e-05,0.0,0.0,8.513854110945508e-06,0.000869662042594602,3.904903560214298e-05,0.0,0.0,0.2198100361082982,0.31075567504951107
2016-02-12,-0.001217653855461405,-0.0005396304913625837,0.0,0.0,8.504822591569601e-06,-0.001217653855461405,-0.0005481353139541533,0.0,0.0,0.22047934612655407,0.3104260245922904
2016-02-16,-0.0012057125951634008,0.00029464785029007374,0.0,0.0,3.413870971825124e-05,-0.0012057125951634008,0.0002605091405718225,0.0,0.0,0.21964954706236242,0.3115157261790426
2016-02-17,-7.410909220105164e-05,-0.0005676534220316728,0.0,0.0,8.534671887070711e-06,-7.410909220105164e-05,-0.0005761880939187436,0.0,0.0,0.21865050367862426,0.311515523878081
2016-02-18,0.00018390913049806516,-0.0005489364586941065,0.0,0.0,8.555787840377157e-06,0.00018390913049806516,-0.0005574922465344837,0.0,0.0,0.21871862669391423,0.31228625617376626
2016-02-19,0.0005053753748426116,-9.739989534104952e-05,0.0,0.0,8.574030308369468e-06,0.0005053753748426116,-0.00010597392564941898,0.0,0.0,0.2189843446782604,0.31295210625548553
2016-02-22,-0.0009432026164638343,-0.0008815690624977848,0.0,0.0,2.5719823861035253e-05,-0.0009432026164638343,-0.0009072888863588201,0.0,0.0,0.21940209054018522,0.31292452364259565
2016-02-23,0.00039243279972504504,-0.00012005876538733429,0.0,0.0,8.613366158286426e-06,0.00039243279972504504,-0.00012867213154562073,0.0,0.0,0.21886389369928658,0.3143878647774545
2016-02-24,-0.0001191457570872385,-0.00030513063700856046,2.164189747899986e-06,1.0038239128038857e-07,8.601319032760496e-06,-0.00012130994683513848,-0.00031383233843260133,0.010280538241456923,0.00047684590194935986,0.20891797231195722,0.31394814469575805
2016-02-25,-0.00040831373025768824,-0.0008471836492132992,0.0,0.0,8.613426842480405e-06,-0.00040831373025768824,-0.0008557970760557796,0.0,0.0,0.20888972330643846,0.3143900797505347
2016-02-26,-0.0012877266134243102,-0.00014729149549118546,0.0,0.0,8.647568838635011e-06,-0.0012877266134243102,-0.00015593906432982048,0.0,0.0,0.2087452867489271,0.3156362626101779
2016-02-29,0.00033793432275134396,-0.0011227135074129942,0.0,0.0,2.5992336910902278e-05,0.00033793432275134396,-0.0011487058443238965,0.0,0.0,0.20775749249671657,0.31624009908264433
2016-03-01,-0.0009018514941892633,-0.0009009585453407888,0.0,0.0,8.70192685228443e-06,-0.0009018514941892633,-0.0009096604721930732,0.0,0.0,0.20826428156792395,0.31762033010838175
2016-03-02,0.0002308939431538159,0.000418870121310416,0.0,0.0,8.742447696665171e-06,0.0002308939431538159,0.0004101276736137508,0.0,0.0,0.20773875130760977,0.3190993409282788
2016-03-03,0.0004666985738031948,-0.0005082216854750605,0.0,0.0,8.725378646603684e-06,0.0004666985738031948,-0.0005169470641216642,0.0,0.0,0.20783641761432128,0.31847632060103453
2016-03-04,-7.05664665781633e-05,5.612358303878636e-05,0.0,0.0,8.73974168722308e-06,-7.05664665781633e-05,4.7383841351563285e-05,0.0,0.0,0.20831358363121474,0.31900057158364237
2016-03-07,0.00047417533882243405,0.00022685826201365554,0.0,0.0,2.621521990205139e-05,0.00047417533882243405,0.00020064304211160416,0.0,0.0,0.20824784489637907,0.3189518421416252
2016-03-08,0.00048530996373910866,0.0001364262830275957,0.0,0.0,8.726302669728316e-06,0.00048530996373910866,0.0001276999803578674,0.0,0.0,0.20858126576314606,0.3185100474450836
2016-03-09,-0.0010173424666539055,-0.00019096198191851738,3.228139354306751e-05,1.8243881021587937e-05,6.244041405277158e-06,-0.001049623860196973,-0.00021544990434538248,0.1597289367696071,0.0902710632439614,0.3686674311209922,0.22790751129261622
2016-03-10,0.000884875877882706,-0.0002834689808424099,0.0,0.0,6.257189046100216e-06,0.000884875877882706,-0.0002897261698885101,0.0,0.0,0.3681157822728056,0.22838740018265782
2016-03-11,-0.0009864340208832916,-0.0010109247958173613,0.0,0.0,6.261228950966102e-06,-0.0009864340208832916,-0.0010171860247683274,0.0,0.0,0.36878117814020445,0.22853485671026266
2016-03-14,-0.00018613982396103117,0.0003104711936007578,0.0,0.0,1.8904654306468117e-05,-0.00018613982396103117,0.0002915665392942897,0.0,0.0,0.3685331445151588,0.23000662739536212
2016-03-15,0.000464929764518524,0.0009534296494675815,0.0,0.0,6.292381990225869e-06,0.000464929764518524,0.0009471372674773556,0.0,0.0,0.3683081751700591,0.22967194264324428
2016-03-16,0.0017460372056763024,-0.0015193438766007933,0.0,0.0,6.257424726804569e-06,0.0017460372056763024,-0.0015256013013275978,0.0,0.0,0.36825310686294643,0.2283960025283667
2016-03-17,0.0015731380400758584,-0.0008233713309620755,0.0,0.0,6.29766235554084e-06,0.0015731380400758584,-0.0008296689933176163,0.0,0.0,0.36991760094772325,0.22986467597724064
2016-03-18,-0.00022899572180285808,-0.0004504951413577084,0.0,0.0,6.315525076788717e-06,-0.00022899572180285808,-0.0004568106664344971,0.0,0.0,0.3712147523097568,0.23051666530278817
2016-03-21,-0.0006250729891039152,-2.5989366228576797e-05,0.0,0.0,1.8996630238658613e-05,-0.0006250729891039152,-4.498599646723541e-05,0.0,0.0,0.3712403555953927,0.23112566790367983
2016-03-22,-0.0006955912301139074,0.0004429217810819294,0.0,0.0,6.337168393609006e-06,-0.0006955912301139074,0.00043658461268832044,0.0,0.0,0.3708637832166561,0.23130664636672874
2016-03-23,0.0005243856849995123,0.0005270082201603339,1.8112236778756943e-05,5.2112278368146915e-06,7.007396034017715e-06,0.0005062734482207554,0.0005147895962895015,0.08635666200206779,0.024846419932373406,0.4557699552383768,0.25576995524164653
2016-03-24,-0.0006115164551012422,0.0004813582230628857,0.0,0.0,6.985824485425957e-06,-0.0006115164551012422,0.00047437239857745975,0.0,0.0,0.45582891086786986,0.25498259371804743
2016-03-28,-0.0001818489683373892,9.623339021845427e-06,0.0,0.0,2.7894371902931686e-05,-0.0001818489683373892,-1.827103288108626e-05,0.0,0.0,0.4552798333359658,0.25453614361425164
2016-03-29,0.002576298969141683,-0.0014050649419367288,0.0,0.0,6.97472510460547e-06,0.002576298969141683,-0.0014120396670413344,0.0,0.0,0.45518907680623355,0.2545774663180996
2016-03-30,0.00021413489586802388,-0.0001528462169556784,0.0,0.0,7.00506432322142e-06,0.00021413489586802388,-0.00015985128127889983,0.0,0.0,0.4572330379577053,0.2556848477975819
2016-03-31,0.00097994558859791,-5.94548742539825e-05,0.0,0.0,7.0088714239341665e-06,0.00097994558859791,-6.646374567791666e-05,0.0,0.0,0.4574223423154386,0.255823806973597
2016-04-01,0.0006234996132767545,-7.977871352200563e-05,0.0,0.0,7.004102204408976e-06,0.0006234996132767545,-8.678281572641461e-05,0.0,0.0,0.4579839279015493,0.25564973046092765
2016-04-04,0.0006765465909878703,7.023993959099987e-05,0.0,0.0,2.1007588642062764e-05,0.0006765465909878703,4.9232350948937106e-05,0.0,0.0,0.4583614172428429,0.2555923284784302
2016-04-05,0.0015914376733481908,0.0003024814557417168,0.0,0.0,6.995527958567593e-06,0.0015914376733481908,0.0002954859277831492,0.0,0.0,0.4587050453713401,0.2553367704877171
2016-04-06,0.0003744332292475148,-0.000372164403721602,0.0,0.0,6.974081236914446e-06,0.0003744332292475148,-0.0003791384849585165,0.0,0.0,0.45942957453743594,0.2545539651473772
2016-04-07,0.002125348466961172,0.00019383933079237034,9.43940525208314e-06,9.237160660255407e-06,8.219178082046909e-06,0.002115909061709089,0.000176382992050068,0.046059522253192,0.045072670960222945,0.5000000000087733,0.2999999999947121
2016-04-08,0.0003096242580416296,-0.00018363151408405141,0.0,0.0,8.195081894343548e-06,0.0003096242580416296,-0.00019182659597839497,0.0,0.0,0.5009769629644147,0.2991204891435395
2016-04-11,0.00013899377823907815,0.00011634090983725525,0.0,0.0,2.4597441163126475e-05,0.00013899377823907815,9.174346867412877e-05,0.0,0.0,0.5012275437896363,0.2992688674847055
2016-04-12,-0.001123057478270604,-0.0002410823986145841,0.0,0.0,8.194068955276415e-06,-0.001123057478270604,-0.00024927646756986053,0.0,0.0,0.5012508803197376,0.29908351686758916
2016-04-13,-0.0017524206372237206,-0.0011748204566834662,0.0,0.0,8.211943481299445e-06,-0.0017524206372237206,-0.0011830324001647658,0.0,0.0,0.5008151084153352,0.2997359370674296
2016-04-14,-0.000699098638255393,0.00013650495621793396,0.0,0.0,8.268401848446757e-06,-0.000699098638255393,0.0001282365543694872,0.0,0.0,0.5005319758870391,0.3017966674683066
2016-04-15,0.0015309281942504902,-0.00015923080215968794,0.0,0.0,8.269382663652393e-06,0.0015309281942504902,-0.00016750018482334034,0.0,0.0,0.5001183758670208,0.30183246722331225
2016-04-18,-3.5795685033359606e-07,-0.0005702959710734536,0.0,0.0,2.4787439564763798e-05,-3.5795685033359606e-07,-0.0005950834106382174,0.0,0.0,0.5009662726134118,0.3015805147046262
2016-04-19,-2.6510944513366216e-05,-0.0006124867442668505,0.0,0.0,8.283036464633422e-06,-2.6510944513366216e-05,-0.0006207697807314839,0.0,0.0,0.5012643882093502,0.3023308309591199
2016-04-20,-0.0025111308187319385,-0.00024795335203797237,0.0,0.0,8.305192714544027e-06,-0.0025111308187319385,-0.0002562585447525164,0.0,0.0,0.5015625290223781,0.30313953408085703
2016-04-21,-0.00041981361102315563,0.0004917059718815949,1.819927308463606e-05,3.267543298827866e-05,6.930473539601985e-06,-0.0004380128841077917,0.00045210006535371423,0.08943183406433612,0.16056816595905865,0.4529622842191285,0.25296228419547245
2016-04-22,-0.002209481596062419,-0.0005350216544513935,0.0,0.0,6.916904703421859e-06,-0.002209481596062419,-0.0005419385591548153,0.0,0.0,0.45253609565010555,0.2524670216748979
2016-04-25,0.00027793387346929425,0.00040542770596706896,0.0,0.0,2.085206127449169e-05,0.00027793387346929425,0.0003845756446925773,0.0,0.0,0.4515690702955269,0.25370007883964885
2016-04-26,-0.00017742499684486477,-0.0001961365191052506,0.0,0.0,6.934984989550683e-06,-0.00017742499684486477,-0.0002030715040948013,0.0,0.0,0.45154784942084936,0.2531269521185999
2016-04-27,0.0011397545677054408,-0.00021631978154687168,0.0,0.0,6.943000380164515e-06,0.0011397545677054408,-0.0002232627819270362,0.0,0.0,0.4515422346643208,0.2534195138760048
2016-04-28,0.0036708705752320023,0.0007684550146480739,0.0,0.0,6.942564146509447e-06,0.0036708705752320023,0.0007615124505015644,0.0,0.0,0.45226748979265663,0.2534035913475948
2016-04-29,0.002145867761856561,0.0005108212460853043,0.0,0.0,6.890967178511374e-06,0.002145867761856561,0.0005039302789067929,0.0,0.0,0.45392638476512315,0.25152030201566516
2016-05-02,0.00030009445829199506,0.0002887675320151786,0.0,0.0,2.057639294193319e-05,0.00030009445829199506,0.0002681911390732454,0.0,0.0,0.4548669469820586,0.2503461141268538
2016-05-03,0.0008267007017602984,0.0006036372333558951,0.0,0.0,6.846995159343487e-06,0.0008267007017602984,0.0005967902381965516,0.0,0.0,0.4549085234783391,0.24991532331603725
2016-05-04,-6.231244649078783e-05,1.2636676016994911e-05,0.0,0.0,6.8207478801390665e-06,-6.231244649078783e-05,5.815928136855845e-06,0.0,0.0,0.4550874113731215,0.2489572976250759
2016-05-05,-0.00047367926816829233,-0.00015459836613001445,1.9264331298040092e-05,3.1651743747586846e-05,8.219178082216192e-06,-0.0004929435994663324,-0.0001944692879598175,0.09458865044876505,0.15541134956181785,0.49999999998402117,0.300000000000891
2016-05-06,-0.0005196461503187743,-0.00023443986836483752,0.0,0.0,8.229070422951259e-06,-0.0005196461503187743,-0.00024266893878778877,0.0,0.0,0.4998699377531011,0.300361070437721
2016-05-09,-0.0005392225105708498,0.0002463329746075981,0.0,0.0,2.4725328790350345e-05,-0.0005392225105708498,0.00022160764581724776,0.0,0.0,0.49973124427078797,0.30082483361592915
2016-05-10,-0.00038193845293367864,-0.002155470961275648,0.0,0.0,8.237643812956268e-06,-0.00038193845293367864,-0.0021637086050886045,0.0,0.0,0.4993506229407871,0.3006739991729038
2016-05-11,0.0013374422419535539,0.0012863462500343915,0.0,0.0,8.317872178736131e-06,0.0013374422419535539,0.0012780283778556552,0.0,0.0,0.5002421243800804,0.30360233452386887
2016-05-12,-0.0010293010181392326,-0.0006371756759395432,0.0,0.0,8.261023351855156e-06,-0.0010293010181392326,-0.0006454366992913983,0.0,0.0,0.5002711221999809,0.3015273523427132
2016-05-13,0.000384674637656839,0.0009282881336198937,0.0,0.0,8.292367760744842e-06,0.000384674637656839,0.0009199957658591488,0.0,0.0,0.5000793228855855,0.30267142326718677
2016-05-16,-0.0010008578085131837,-0.0014559450051664234,0.0,0.0,2.4768490910385924e-05,-0.0010008578085131837,-0.0014807134960768094,0.0,0.0,0.49981190771991524,0.3013499727430287
2016-05-17,-0.0003702341713094467,0.0004979335092785873,0.0,0.0,8.316691002788102e-06,-0.0003702341713094467,0.0004896168182757992,0.0,0.0,0.5000519645173521,0.30355922160176574
2016-05-18,-0.0037790515552631717,-0.001026772502508853,0.0,0.0,8.302057867191812e-06,-0.0037790515552631717,-0.0010350745603760448,0.0,0.0,0.4996220841391554,0.3030251121525011
2016-05-19,0.00013779222948352308,0.0005297895532004644,3.504699539338119e-05,1.5895466088757548e-05,6.233308223158753e-06,0.00010274523409014189,0.0005076607788885481,0.1719930406716722,0.07800695936448739,0.4275157501866508,0.22751575014529446
2016-05-20,0.0002584334226968331,-0.00042502386311483884,0.0,0.0,6.214999767650451e-06,0.0002584334226968331,-0.0004312388628824893,0.0,0.0,0.42739265936695353,0.22684749151924147
2016-05-23,6.364042038520544e-05,0.00030022643567687544,0.0,0.0,1.8683161323069067e-05,6.364042038520544e-05,0.00028154327435380637,0.0,0.0,0.4277250059975903,0.2273117960973403
2016-05-24,-0.0009197707937500876,-0.001871581345436071,0.0,0.0,6.2173489317479135e-06,-0.0009197707937500876,-0.0018777986943678189,0.0,0.0,0.427641031706629,0.22693323600879883
2016-05-25,0.00030621218608987825,-0.0008887396275809175,0.0,0.0,6.286211245769767e-06,0.00030621218608987825,-0.0008950258388266873,0.0,0.0,0.42791839235072376,0.22944671047059648
2016-05-26,0.0010590514138730871,-4.587086226053857e-05,0.0,0.0,6.3142782098795496e-06,0.0010590514138730871,-5.218514047041812e-05,0.0,0.0,0.4284768975839933,0.23047115466060358
2016-05-27,-0.0010905572749461065,-0.0003851177620515156,0.0,0.0,6.309182442817477e-06,-0.0010905572749461065,-0.0003914269444943331,0.0,0.0,0.4291038987544251,0.2302851591628379
2016-05-31,0.00048685614931636226,0.0006954070428069744,0.0,0.0,2.531645304142172e-05,0.00048685614931636226,0.0006700905897655527,0.0,0.0,0.4286485919284022,0.23101263400297317
2016-06-01,0.0010100990821727963,0.0006845415104561915,0.0,0.0,6.302769044514057e-06,0.0010100990821727963,0.0006782387414116774,0.0,0.0,0.4286395349654986,0.23005107012476306
2016-06-02,0.0003551046950545084,-0.00023371872395218455,0.0,0.0,6.273422825544045e-06,0.0003551046950545084,-0.0002399921467777286,0.0,0.0,0.4289254629650491,0.22897993313235765
2016-06-03,0.004049051157861398,0.0007027521363422381,6.232928591533536e-06,6.767877109386952e-08,6.269864086265956e-06,0.0040428182292698645,0.0006964145934848783,0.03105749151551965,0.00033723037704680236,0.4288500391639378,0.22885003914870736
2016-06-06,-0.0004893850815444861,-0.0004911990898696856,0.0,0.0,1.8663381698108214e-05,-0.0004893850815444861,-0.0005098624715677937,0.0,0.0,0.4308571579369856,0.22707114399364994
2016-06-07,0.0003332926153189112,-0.0006910144083534004,0.0,0.0,6.240820866994994e-06,0.0003332926153189112,-0.0006972552292203953,0.0,0.0,0.4307982469495906,0.22778996164531726
2016-06-08,0.0011275875376818344,0.00014986679440685152,0.0,0.0,6.262031914097507e-06,0.0011275875376818344,0.000143604762492754,0.0,0.0,0.4312885124592497,0.228564164864559
2016-06-09,-0.0003531936976004546,0.0007313493919208016,0.0,0.0,6.249981046741861e-06,-0.0003531936976004546,0.0007250994108740598,0.0,0.0,0.43186711384711046,0.2281243082060779
2016-06-10,-0.00019737445745020938,0.0024915131114217766,0.0,0.0,6.227627986671809e-06,-0.00019737445745020938,0.0024852854834351047,0.0,0.0,0.4313534973194164,0.22730842151352101
2016-06-13,0.0003474779352741721,0.001427732941614757,0.0,0.0,1.8435922310518078e-05,0.0003474779352741721,0.0014092970193042389,0.0,0.0,0.43017192776536267,0.22430372144463662
2016-06-14,-0.0010981306932405003,0.0009461896800132131,0.0,0.0,6.095483073836044e-06,-0.0010981306932405003,0.0009400941969393771,0.0,0.0,0.42976440635518276,0.2224851321950156
2016-06-15,0.0012388784781853872,-0.00035736305808675446,0.0,0.0,6.070519432526018e-06,0.0012388784781853872,-0.0003634335775192805,0.0,0.0,0.4287340312860918,0.22157395928719967
2016-06-16,0.0005324242992715899,-5.802728038313319e-05,0.0,0.0,6.074991880577285e-06,0.0005324242992715899,-6.410227226371048e-05,0.0,0.0,0.4295968214176249,0.2217372036410709
2016-06-17,-0.0006598715450900952,-0.0008847307179614332,5.12578884022898e-05,2.367687625062903e-15,6.073737204478349e-06,-0.0007111294334923849,-0.0008908044551682792,0.25000000001281986,1.1547918276509354e-11,0.4216914079202475,0.22169140796345976
2016-06-20,-5.484835825972698e-05,-0.002068646412447515,0.0,0.0,1.832328189290788e-05,-5.484835825972698e-05,-0.002086969694340423,0.0,0.0,0.42170708324289247,0.22293326303037925
2016-06-21,-0.0005075222673011567,-0.0006902470119985995,0.0,0.0,6.177667314523142e-06,-0.0005075222673011567,-0.0006964246793131226,0.0,0.0,0.4225572756859545,0.22548485698009468
2016-06-22,0.0008473147429884058,0.0004030552418437269,0.0,0.0,6.204047535651397e-06,0.0008473147429884058,0.0003968511943080755,0.0,0.0,0.42255849142416935,0.22644773505127597
2016-06-23,-0.0003573793713499876,-0.0022516970700515787,0.0,0.0,6.185309375049738e-06,-0.0003573793713499876,-0.0022578823794266283,0.0,0.0,0.4228796736815882,0.22576379218931544
2016-06-24,0.0013997037972891455,0.008022256951604422,0.0,0.0,6.2633800841006066e-06,0.0013997037972891455,0.008015993571520321,0.0,0.0,0.42363019816397035,0.22861337306967217
2016-06-27,0.0017116412651767695,0.0017401323860492379,0.0,0.0,1.796165515802754e-05,0.0017116412651767695,0.0017221707308912103,0.0,0.0,0.42106527872427824,0.21853347108933513
2016-06-28,0.0014473889194732228,-0.001826775220711964,0.0,0.0,5.9192180441899385e-06,0.0014473889194732228,-0.001832694438756154,0.0,0.0,0.42133015146106284,0.21605145861293276
2016-06-29,0.000474030904179127,-0.001134715043881782,0.0,0.0,5.971567558312818e-06,0.000474030904179127,-0.0011406866114400949,0.0,0.0,0.42294050169016556,0.21796221587841788
2016-06-30,0.0011216230185774779,-0.0010146581692008884,0.0,0.0,6.006660015888009e-06,0.0011216230185774779,-0.0010206648292167765,0.0,0.0,0.4236969926126193,0.21924309057991226
2016-07-01,0.0011924875376538747,0.0005587271836240686,5.026787714634731e-05,1.1345956925708014e-15,6.033849703278536e-06,0.0011422196605075275,0.0005526933339196554,0.24999999999713818,5.642747202426163e-12,0.42023551416387106,0.2202355141696666
2016-07-05,0.0006569435476697654,0.0016070373424598465,0.0,0.0,2.4033433857480827e-05,0.0006569435476697654,0.0015830039086023656,0.0,0.0,0.420714926505641,0.21930508394951254
2016-07-06,0.00044244957116623636,0.0007741528052156166,0.0,0.0,5.95100011645571e-06,0.00044244957116623636,0.0007682018050991609,0.0,0.0,0.42043012865608737,0.2172115042506334
2016-07-07,0.0007133234544783181,0.00015598825043414293,0.0,0.0,5.922620222236244e-06,0.0007133234544783181,0.00015006563021190667,0.0,0.0,0.4203636643784419,0.21617563811162288
2016-07-08,0.0006375821348363518,-0.0015258618813079842,0.0,0.0,5.913241143680822e-06,0.0006375821348363518,-0.0015317751224516649,0.0,0.0,0.4207137481749669,0.21583330174435003
2016-07-11,-0.0003366365661016329,-0.0014734709819179252,0.0,0.0,1.7881125913758204e-05,-0.0003366365661016329,-0.0014913521078316833,0.0,0.0,0.42172843692077583,0.21755369861739146
2016-07-12,-0.00106408487638945,-0.0017316558557855172,0.0,0.0,6.01173375379646e-06,-0.00106408487638945,-0.0017376675895393137,0.0,0.0,0.42216351047036194,0.21942828201357084
2016-07-13,0.0004318587562144157,0.0004837943888705982,0.0,0.0,6.076200389406863e-06,0.0004318587562144157,0.00047771818848119134,0.0,0.0,0.42228255678877397,0.2217813142133505
2016-07-14,-0.00037468982626996184,-0.0008657946152246178,0.0,0.0,6.057436044445892e-06,-0.00037468982626996184,-0.0008718520512690636,0.0,0.0,0.4223302736650158,0.22109641562227506
2016-07-15,-0.000621903823822621,0.0003877478110278541,0.0,0.0,6.088746322135257e-06,-0.000621903823822621,0.0003816590647057189,0.0,0.0,0.4224822256255038,0.2222392407579369
2016-07-18,-0.00020660048572128557,-0.00043278160184687434,5.053593539093617e-05,6.875183249053353e-16,1.8238751047901212e-05,-0.00025713642111222174,-0.00045102035289546307,0.25000000000003986,3.4011358431724712e-12,0.4219048044076049,0.22190480441613145
2016-07-19,0.000266871187853332,0.0007931226494846295,0.0,0.0,6.0957574647627015e-06,0.000266871187853332,0.0007870268920198668,0.0,0.0,0.42199704398719434,0.22249514746383864
2016-07-20,-0.00030400429871447777,-0.0010264582047039208,0.0,0.0,6.067633409905515e-06,-0.00030400429871447777,-0.0010325258381138262,0.0,0.0,0.42181936056089925,0.2214686194615513
2016-07-21,0.00019660621766763123,0.0005299071893507085,0.0,0.0,6.103913617001864e-06,0.00019660621766763123,0.0005238032757337067,0.0,0.0,0.42207947820494257,0.2227928470205681
2016-07-22,-0.00015049591099975765,-0.0004999446296916814,0.0,0.0,6.085011911465693e-06,-0.00015049591099975765,-0.0005060296416031471,0.0,0.0,0.42197209172178335,0.2221029347684978
2016-07-25,-0.0005439061053054504,0.00017066288417170398,0.0,0.0,1.830814684004509e-05,-0.0005439061053054504,0.0001523547373316589,0.0,0.0,0.4220987144025097,0.2227491198872153
2016-07-26,-0.00020073171047835892,-0.0001263173781266565,0.0,0.0,6.100428549035207e-06,-0.00020073171047835892,-0.00013241780667569173,0.0,0.0,0.4217199333139951,0.22266564203978506
2016-07-27,0.0013364237534171696,-2.5987796078960938e-06,0.0,0.0,6.105923484581536e-06,0.0013364237534171696,-8.70470309247763e-06,0.0,0.0,0.4216596773214197,0.22286620718722602
2016-07-28,-0.00022198682067076572,0.0002786210675729129,0.0,0.0,6.0978983881659365e-06,-0.00022198682067076572,0.000272523169184747,0.0,0.0,0.4224352257780431,0.22257329116805666
2016-07-29,0.001009740236224461,0.0001552610054987697,0.0,0.0,6.0899571700618465e-06,0.001009740236224461,0.00014917104832870784,0.0,0.0,0.4221919029202267,0.22228343670725742
2016-08-01,-0.0015201418917785122,0.0005127097178026644,5.079790825888473e-05,1.2840538047104438e-15,1.8235976453274856e-05,-0.001570939800037397,0.0004944737413481056,0.2499999999996434,6.319422633332676e-12,0.4218710468372164,0.2218710468481774
2016-08-02,-0.0011697467959999287,0.0006756248499240949,0.0,0.0,6.071147360245253e-06,-0.0011697467959999287,0.0006695537025638496,0.0,0.0,0.4208038860461311,0.22159687864895178
2016-08-03,0.0004466378462884551,-0.0002510408783358782,0.0,0.0,6.055666092740065e-06,0.0004466378462884551,-0.0002570965444286183,0.0,0.0,0.4198441423904745,0.2210318123850124
2016-08-04,0.0014619137809053155,-0.00010685098451450765,0.0,0.0,6.0613950403162125e-06,0.0014619137809053155,-0.00011291237955482386,0.0,0.0,0.42021113287158246,0.22124091897154172
2016-08-05,-0.0012599480941737687,-0.0007994360151626009,0.0,0.0,6.056152706062215e-06,-0.0012599480941737687,-0.0008054921678686632,0.0,0.0,0.4211049754504894,0.22104957377127082
2016-08-08,0.0006712226746761813,-0.00018104365502732706,0.0,0.0,1.8271904715589827e-05,0.0006712226746761813,-0.00019931555974291688,0.0,0.0,0.42071398696379514,0.22230817403967623
2016-08-09,0.0014255986716061831,-0.00034024590308649033,0.0,0.0,6.092719807507885e-06,0.0014255986716061831,-0.0003463386228939982,0.0,0.0,0.4211864487565896,0.22238427297403776
2016-08-10,0.0007912041071500474,0.00019751617453902108,0.0,0.0,6.0954630233523925e-06,0.0007912041071500474,0.00019142071151566868,0.0,0.0,0.42215643085806376,0.22248440035236233
2016-08-11,-0.0009604006385899278,-0.0007423107322661497,0.0,0.0,6.0840732599264436e-06,-0.0009604006385899278,-0.0007483948055260761,0.0,0.0,0.42253244409895074,0.22206867398731514
2016-08-12,0.0011654730093540269,0.00047267351242340314,0.0,0.0,6.11485958446184e-06,0.0011654730093540269,0.0004665586528389413,0.0,0.0,0.42229365693741444,0.22319237483285712
2016-08-15,5.1229350869884816e-05,-0.00010369073155853724,5.0483370678653046e-05,2.0264897657537155e-15,1.8275902024067497e-05,7.459801912317702e-07,-0.00012196663358463123,0.2500000000013634,1.0035432155789426e-11,0.42235680796973774,0.22235680795948787
2016-08-16,-0.0007120405631290323,0.0005927358259384279,0.0,0.0,6.095547089517321e-06,-0.0007120405631290323,0.0005866402788489106,0.0,0.0,0.42245924810669516,0.22248746876738218
2016-08-17,0.0008001129283468421,-5.8918248304778384e-05,0.0,0.0,6.080070194351193e-06,0.0008001129283468421,-6.499831849912958e-05,0.0,0.0,0.4218001013961906,0.2219225620938185
2016-08-18,0.0009532992727074378,-0.00012628469136493866,0.0,0.0,6.077216941973625e-06,0.0009532992727074378,-0.00013236190830691227,0.0,0.0,0.42228978293551206,0.22181841838203734
2016-08-19,-0.0012257377700986137,0.0004914082307805744,0.0,0.0,6.07568903638712e-06,-0.0012257377700986137,0.00048533254174418726,0.0,0.0,0.4228959111535014,0.22176264982812988
2016-08-22,0.000424632229243228,-0.00030435284140542995,0.0,0.0,1.8200152879912094e-05,0.000424632229243228,-0.00032255299428534203,0.0,0.0,0.4219826115152434,0.22143519337226383
2016-08-23,0.0005351596092885754,-0.00033295123468925355,0.0,0.0,6.074435986870131e-06,0.0005351596092885754,-0.0003390256706761237,0.0,0.0,0.4223641291373105,0.2217169135207598
2016-08-24,-0.0007105241613135406,-0.00012132587623777198,0.0,0.0,6.082364980305787e-06,-0.0007105241613135406,-0.00012740824121807776,0.0,0.0,0.4228163601085813,0.22200632178116123
2016-08-25,4.565877364680655e-06,0.0005134204206008553,0.0,0.0,6.090792649433103e-06,4.565877364680655e-06,0.0005073296279514221,0.0,0.0,0.42245982872652554,0.22231393170430824
2016-08-26,-0.0006848275444229859,8.943766579517319e-05,0.0,0.0,6.07361727915372e-06,-0.0006848275444229859,8.336404851601947e-05,0.0,0.0,0.42224824762380403,0.22168703068911078
2016-08-29,0.002279436992615876,0.00015578154849421626,4.8145329971618836e-05,3.090285424018451e-06,1.9463815182015867e-05,0.002231291662644257,0.00013322744788818195,0.2349212047179666,0.015078795288364217,0.4368097513879981,0.2368097513811931
2016-08-30,-0.0007668930551192536,-7.327721122447046e-05,0.0,0.0,6.468375808162805e-06,-0.0007668930551192536,-7.974558703263327e-05,0.0,0.0,0.4380534027384052,0.23609571699794235
2016-08-31,-0.0005319018829455975,0.00012835353065386226,0.0,0.0,6.475866121490729e-06,-0.0005319018829455975,0.00012187766453237154,0.0,0.0,0.43765704705132974,0.2363691134344116
2016-09-01,5.885852469090269e-06,-0.0008324971517049209,0.0,0.0,6.4750044950616315e-06,5.885852469090269e-06,-0.0008389721561999825,0.0,0.0,0.4373044505839434,0.23633766406974954
2016-09-02,0.0013772344459611534,-0.0015198572638696617,0.0,0.0,6.503230388370791e-06,0.0013772344459611534,-0.0015263604942580325,0.0,0.0,0.4376749574489493,0.23736790917553385
2016-09-06,0.0015018266848087975,0.0003988572443597084,0.0,0.0,2.6183385878500353e-05,0.0015018266848087975,0.000372673858481208,0.0,0.0,0.4391176757786366,0.23892339614131572
2016-09-07,-0.0007847085859620028,-0.00019263836165155115,0.0,0.0,6.522692084033971e-06,-0.0007847085859620028,-0.00019916105373558513,0.0,0.0,0.4397951062977539,0.23807826106723992
2016-09-08,-0.0022025752785679565,-1.3425181266768198e-05,0.0,0.0,6.534398844003179e-06,-0.0022025752785679565,-1.9959580110771377e-05,0.0,0.0,0.4394427520939623,0.23850555780611601
2016-09-09,-0.006117563159251006,0.001553916994173244,0.0,0.0,6.549322755312992e-06,-0.006117563159251006,0.001547367671417931,0.0,0.0,0.43821412297928114,0.2390502805689242
2016-09-12,0.00232585253964603,-0.000865825483163432,0.0,0.0,1.960987000033094e-05,0.00232585253964603,-0.0008854353531637629,0.0,0.0,0.4340803920692217,0.23858675167069307
2016-09-13,-0.0034361439233234073,0.0013221576110830655,8.834490899677592e-06,2.682505342783046e-05,5.32377184373168e-06,-0.003444978414223085,0.0012900087858115034,0.04146086941954657,0.12589180859128252,0.3943176722883449,0.1943176722962063
2016-09-14,4.216258380685447e-06,-0.000293430961744427,0.0,0.0,5.298967461479051e-06,4.216258380685447e-06,-0.00029872992920590603,0.0,0.0,0.3917256853195538,0.19341231234398537
2016-09-15,0.0016295321178161012,0.0004205195172419318,0.0,0.0,5.308570112381036e-06,0.0016295321178161012,0.00041521094712955074,0.0,0.0,0.3918453053772168,0.19376280910190782
2016-09-16,-0.0004343852791401094,-0.0008682160801558261,0.0,0.0,5.286240027081859e-06,-0.0004343852791401094,-0.0008735023201829079,0.0,0.0,0.3926719243010195,0.19294776098848784
2016-09-19,0.0002985305030744302,0.00017130254010426168,0.0,0.0,1.595094234670458e-05,0.0002985305030744302,0.0001553515977575571,0.0,0.0,0.39275121346358743,0.1940697985515724
2016-09-20,0.0003938818697608898,-0.00026571000910160706,0.0,0.0,5.309877503601535e-06,0.0003938818697608898,-0.0002710198866052086,0.0,0.0,0.3928714266581734,0.19381052888145603
2016-09-21,0.0027555085369333466,0.00029520955532123555,0.0,0.0,5.316504033649262e-06,0.0027555085369333466,0.0002898930512875863,0.0,0.0,0.39321699710785907,0.1940523972281981
2016-09-22,0.002129524024670637,0.000282162287933231,0.0,0.0,5.292298925075001e-06,0.002129524024670637,0.000276869989008156,0.0,0.0,0.39477027163258016,0.1931689107652375
2016-09-23,-0.0007898056269384584,0.0004334548437040563,0.0,0.0,5.271882225604481e-06,-0.0007898056269384584,0.00042818296147845186,0.0,0.0,0.39594699118792215,0.19242370123456357
2016-09-26,-0.0011377911387677542,0.0010908983633360438,0.0,0.0,1.5785728728602586e-05,-0.0011377911387677542,0.0010751126346074413,0.0,0.0,0.395300135049477,0.19205969953133145
2016-09-27,0.0015014963563254762,-0.0011513616881958727,3.509115346970054e-05,1.734850210477495e-05,7.498294553630456e-06,0.0014664052028557756,-0.0011762084848542782,0.16729302036571095,0.08270697965043163,0.4736877511771207,0.2736877512075116
2016-09-28,0.0014733377028220268,3.197777323000736e-05,0.0,0.0,7.527654208925758e-06,0.0014733377028220268,2.4450119021081603e-05,0.0,0.0,0.47505138917942424,0.27475937862579014
2016-09-29,-0.002514943538436132,0.0007120034312185582,0.0,0.0,7.515521449048408e-06,-0.002514943538436132,0.0007044879097695098,0.0,0.0,0.4758120613712384,0.27431653289026686
2016-09-30,0.0019477648155504777,-0.0007214547191434072,0.0,0.0,7.509610322003916e-06,0.0019477648155504777,-0.0007289643294654111,0.0,0.0,0.4741555554269885,0.2741007767531429
2016-10-03,-0.0011000744886288819,0.0005886637725240009,0.0,0.0,2.2560631705271748e-05,-0.0011000744886288819,0.0005661031408187292,0.0,0.0,0.47552375166286726,0.2744876857474729
2016-10-04,-0.00226771145032071,0.0003576102603832475,0.0,0.0,7.50809189978543e-06,-0.00226771145032071,0.000350102168483462,0.0,0.0,0.47467714116708204,0.27404535434216815
2016-10-05,0.00026432731047474684,-0.0013333897319251125,0.0,0.0,7.5127007831585155e-06,0.00026432731047474684,-0.001340902432708271,0.0,0.0,0.4733170669175344,0.27421357858528583
2016-10-06,0.0001430275137822447,0.0020166243419059322,0.0,0.0,7.5573680831586e-06,0.0001430275137822447,0.0020090669738227736,0.0,0.0,0.47409178965440624,0.2758439350352889
2016-10-07,-3.5485801606614254e-05,0.0017977542461462999,0.0,0.0,7.486007505701385e-06,-3.5485801606614254e-05,0.0017902682386405984,0.0,0.0,0.4732164107391925,0.27323927395810055
2016-10-10,0.0011055091671472877,-0.0008689001624475572,0.0,0.0,2.227118081718322e-05,0.0011055091671472877,-0.0008911713432647404,0.0,0.0,0.4723520498564008,0.2709660332757292
2016-10-11,-0.0026905497563177515,0.0009854448731644403,3.094320113394531e-05,3.8112204012805397e-06,7.95699839910308e-06,-0.0027214929574516968,0.0009736766543640566,0.15144940242244415,0.018653760151562268,0.4904304415234284,0.2904304415672624
2016-10-12,0.0005991100861848772,0.000698857661535667,0.0,0.0,7.943884360021628e-06,0.0005991100861848772,0.0006909137771756454,0.0,0.0,0.4885938640883528,0.28995177914078946
2016-10-13,-0.00010665873322447263,-0.003378253247761761,0.0,0.0,7.914527645244484e-06,-0.00010665873322447263,-0.003386167775407006,0.0,0.0,0.48856271661136086,0.28888025905142367
2016-10-14,-0.0004823811228333483,-0.0006769386221528618,0.0,0.0,8.035147906352891e-06,-0.0004823811228333483,-0.0006849737700592146,0.0,0.0,0.49016813011669425,0.2932828985818805
2016-10-17,-0.00046136906723965026,-0.0004019380881746753,0.0,0.0,2.4189320031014495e-05,-0.00046136906723965026,-0.0004261274082056898,0.0,0.0,0.49025805413213214,0.2943033937106764
2016-10-18,0.0013547809564167978,-0.0006315537373599365,0.0,0.0,8.081290796519539e-06,0.0013547809564167978,-0.0006396350281564561,0.0,0.0,0.49023176402761826,0.29496711407296317
2016-10-19,0.0002518378519357964,-0.00039669704445833686,0.0,0.0,8.092806101307439e-06,0.0002518378519357964,-0.0004047898505596443,0.0,0.0,0.49123524010225794,0.2953874226977215
2016-10-20,-0.00015125511194877126,0.0010026858554272032,0.0,0.0,8.104914176306321e-06,-0.00015125511194877126,0.0009945809412508968,0.0,0.0,0.49156226338482645,0.2958293674351807
2016-10-21,0.0008105511519016491,7.033400921305742e-05,0.0,0.0,8.070637154181103e-06,0.0008105511519016491,6.226337205887631e-05,0.0,0.0,0.49099693787306115,0.29457825612761024
2016-10-24,0.0006197416150646848,0.0015248042017203484,0.0,0.0,2.4185021547005228e-05,0.0006197416150646848,0.0015006191801733432,0.0,0.0,0.4913786066403236,0.29425109548856354
2016-10-25,-4.687995433799353e-05,-0.0001258977209517412,2.0174567826476125e-06,2.377049647790254e-06,8.21917808253768e-06,-4.889741112064114e-05,-0.00013649394868206914,0.009323037708836624,0.010984782272779051,0.4999999999949548,0.30000000001262533
2016-10-26,-0.0013689224295292874,-0.0013943839193171826,0.0,0.0,8.224152021893058e-06,-0.0013689224295292874,-0.0014026080713390758,0.0,0.0,0.5000458242159318,0.30018154879909664
2016-10-27,-0.001878748711997687,-0.00041463386505390847,0.0,0.0,8.285317330743964e-06,-0.001878748711997687,-0.0004229191823846524,0.0,0.0,0.5000628412031479,0.30241408257215463
2016-10-28,-0.0005754260997023138,0.0013436753849782718,0.0,0.0,8.315817412617413e-06,-0.0005754260997023138,0.0013353595675656544,0.0,0.0,0.4993333921284053,0.3035273355605356
2016-10-31,0.00010147391360621302,-0.0006688259532702412,0.0,0.0,2.4818153020023836e-05,0.00010147391360621302,-0.0006936441062902651,0.0,0.0,0.4983792309713997,0.30195419507695664
2016-11-01,-0.0014417782913824795,0.0010186000467077472,0.0,0.0,8.295954288910774e-06,-0.0014417782913824795,0.0010103040924188363,0.0,0.0,0.49877606520364376,0.3028023315452432
2016-11-02,-0.0010245607023145486,-0.00031597840312416904,0.0,0.0,8.271616427388181e-06,-0.0010245607023145486,-0.0003242500195515572,0.0,0.0,0.49754896645400726,0.3019139995996686
2016-11-03,-0.0007748449726346447,-0.0009028055635296932,0.0,0.0,8.29145697600866e-06,-0.0007748449726346447,-0.0009110970205057019,0.0,0.0,0.4971950277359614,0.30263817962431605
2016-11-04,-0.0007517996111693419,-3.3550871532017266e-05,0.0,0.0,8.330235669136827e-06,-0.0007517996111693419,-4.1881107201154096e-05,0.0,0.0,0.4972585318035417,0.3040536019234942
2016-11-07,0.004681584624760422,0.0005856123394975274,0.0,0.0,2.501331720085463e-05,0.004681584624760422,0.0005605990222966728,0.0,0.0,0.49690111302471685,0.30432869261039797
2016-11-08,0.0004872644907011948,-0.0011174935460827764,8.86778724352625e-08,3.871108831066828e-07,8.226185326065111e-06,0.00048717581282875955,-0.0011261068422919482,0.00043601034409607164,0.001903342341347855,0.4985310105480397,0.3002557644013765
2016-11-09,-0.003233118816581361,0.0009081416208176743,0.0,0.0,8.262080487192814e-06,-0.003233118816581361,0.0008998795403304814,0.0,0.0,0.49933731714483365,0.3015659377825377
2016-11-10,-0.0058038298552543,-0.0005354136439352515,0.0,0.0,8.256464201399308e-06,-0.0058038298552543,-0.0005436701081366508,0.0,0.0,0.49726443523923514,0.3013609433510748
2016-11-11,-0.0018469948544534592,-0.0004673994717217451,0.0,0.0,8.323969464225879e-06,-0.0018469948544534592,-0.000475723441185971,0.0,0.0,0.494600079369673,0.3038248854442446
2016-11-14,-0.00011335698584315413,0.0016253371550247835,0.0,0.0,2.5068551971924044e-05,-0.00011335698584315413,0.0016002686030528596,0.0,0.0,0.49390027572186007,0.30500071565840925
2016-11-15,0.00370475220885099,-0.001195468844937922,0.0,0.0,8.299313859379797e-06,0.00370475220885099,-0.0012037681587973017,0.0,0.0,0.49305379132578536,0.30292495586736257
2016-11-16,-0.0004679561980365938,0.0009314081567320823,0.0,0.0,8.311280051629333e-06,-0.0004679561980365938,0.0009230968766804529,0.0,0.0,0.4955192577744481,0.30336172188447064
2016-11-17,-0.000452474747805006,-0.0017420366553291295,0.0,0.0,8.281992548229117e-06,-0.000452474747805006,-0.0017503186478773586,0.0,0.0,0.4948260860957751,0.3022927280103628
2016-11-18,-0.0014209735583015468,-0.00040083571469837144,0.0,0.0,8.34810873867797e-06,-0.0014209735583015468,-0.0004091838234370494,0.0,0.0,0.4954650184183337,0.30470596896174584
2016-11-21,0.0022238640444197846,-0.0015120033996135758,0.0,0.0,2.5123251120733874e-05,0.0022238640444197846,-0.0015371266507343097,0.0,0.0,0.4949498810384053,0.30566622196892884
2016-11-22,0.0016551912943810734,0.0004828840172010563,9.494918833810345e-06,4.2101891870185684e-05,8.21917808218312e-06,0.001645696375547263,0.00043256294724868747,0.04600535723174613,0.20399464276862606,0.500000000000027,0.2999999999996839
2016-11-23,-0.001252844057887619,0.0009134426181878726,0.0,0.0,8.188929663664493e-06,-0.001252844057887619,0.0009052536885242081,0.0,0.0,0.5006147839525292,0.298895932723754
2016-11-25,0.000763089893446787,0.00023144878060024415,0.0,0.0,1.6333485039115058e-05,0.000763089893446787,0.00021511529556112908,0.0,0.0,0.49953557364919654,0.2980861019638498
2016-11-28,0.0003241989918659205,0.0011079935795050198,0.0,0.0,2.4457280132890978e-05,0.0003241989918659205,0.0010835362993721288,0.0,0.0,0.4998097470545577,0.29756357495017355
2016-11-29,8.928981226207764e-05,0.0020166017020388618,0.0,0.0,8.110653069922551e-06,8.928981226207764e-05,0.0020084910489689394,0.0,0.0,0.49943087957171645,0.2960388370521731
2016-11-30,-0.0013248547797255585,0.0009576146690971373,0.0,0.0,8.038540611575664e-06,-0.0013248547797255585,0.0009495761284855616,0.0,0.0,0.4984744791617809,0.29340673232251174
2016-12-01,-0.0020208600611568866,0.0009623465076832288,0.0,0.0,8.015312568934372e-06,-0.0020208600611568866,0.0009543311951142944,0.0,0.0,0.49733626406444614,0.2925589087661046
2016-12-02,0.0012351098112160293,-0.0029126755249946562,0.0,0.0,7.997476450679772e-06,0.0012351098112160293,-0.002920673001445336,0.0,0.0,0.4958442361942513,0.2919078904498117
2016-12-05,0.0010494754109452707,-0.0010873463429215378,0.0,0.0,2.4272740578440045e-05,0.0010494754109452707,-0.0011116190834999779,0.0,0.0,0.49791861930189235,0.2953183437043539
2016-12-06,0.0013561814565059456,2.6235635673934818e-06,0.0,0.0,8.121208518634585e-06,0.0013561814565059456,-5.4976449512411035e-06,0.0,0.0,0.4989991043497835,0.2964241109301624
2016-12-07,0.0022515166953155303,-0.0008571631966799499,1.0717072320396529e-05,2.1061863003731364e-05,1.0894965881961787e-05,0.0022407996229951337,-0.000889120025565643,0.05271447667965033,0.10359779732260943,0.44771017892617115,0.3976662546916052
2016-12-08,0.00014709043269518687,0.00016196421351062437,0.0,0.0,1.0903711480813623e-05,0.00014709043269518687,0.00015106050202981074,0.0,0.0,0.44935431256517544,0.39798546904969734
2016-12-09,5.492730129640286e-05,-0.002212551176420783,0.0,0.0,1.089602544492981e-05,5.492730129640286e-05,-0.002223447201865713,0.0,0.0,0.44936742368046523,0.39770492873993807
2016-12-12,-0.00035771820640875026,-0.001561454045409253,0.0,0.0,3.2941363859219706e-05,-0.00035771820640875026,-0.0015943954092684728,0.0,0.0,0.4503990502855033,0.40078659362050634
2016-12-13,0.0012988406068481482,-0.0005543234902213379,0.0,0.0,1.1044794877089752e-05,0.0012988406068481482,-0.0005653682850984276,0.0,0.0,0.4509215822393867,0.403135013013776
2016-12-14,-0.002360854289548182,0.002019475145860424,0.0,0.0,1.1051875577188034e-05,-0.002360854289548182,0.002008423270283236,0.0,0.0,0.451888974790722,0.40339345856736325
2016-12-15,0.0005505637701401528,0.002661481122661488,0.0,0.0,1.1000424381777295e-05,0.0005505637701401528,0.0026504806982797107,0.0,0.0,0.4496866040093746,0.4015154899348713
2016-12-16,-0.00017146378055267253,-0.0015740140873656422,0.0,0.0,1.0892639268069925e-05,-0.00017146378055267253,-0.001584906726633712,0.0,0.0,0.44880053730215996,0.3975813332845523
2016-12-19,0.0012534725247260597,0.0007358299836432796,0.0,0.0,3.286501196281897e-05,0.0012534725247260597,0.0007029649716804606,0.0,0.0,0.4494184187777347,0.3998576455476307
2016-12-20,0.0005476983137167325,0.0013649044483162332,0.0,0.0,1.0913492695700426e-05,0.0005476983137167325,0.0013539909556205328,0.0,0.0,0.4497919015606675,0.39834248339306555
2016-12-21,8.471215682615257e-05,0.00021997759618188478,2.0397775567606656e-05,3.1248531003870814e-05,1.3698630137483715e-05,6.431438125854591e-05,0.00017503043504053025,0.09873782330898148,0.15126217673584538,0.500000000027564,0.5000000000181557
2016-12-22,0.00016792192169201768,0.0009076258152905615,0.0,0.0,1.3689326884598226e-05,0.00016792192169201768,0.0008939364884059633,0.0,0.0,0.4999650481417866,0.4996604312878352
2016-12-23,0.0004162557381274276,0.00011075131144327542,0.0,0.0,1.3649966092612343e-05,0.0004162557381274276,9.710134535066308e-05,0.0,0.0,0.49960246298645095,0.4982237623803505
2016-12-27,-0.00013150709247553325,-0.001543113759585121,0.0,0.0,5.45597186224008e-05,-0.00013150709247553325,-0.0015976734782075217,0.0,0.0,0.4997621622785184,0.49785743242940733
2016-12-28,-0.0001341758753467339,0.001271218513379142,0.0,0.0,1.3705906732529385e-05,-0.0001341758753467339,0.0012575126066466126,0.0,0.0,0.5004961033236126,0.5002655957373225
2016-12-29,-5.4412001137089656e-05,-0.0017447432792058774,0.0,0.0,1.365573883502682e-05,-5.4412001137089656e-05,-0.0017583990180409042,0.0,0.0,0.49980048320715775,0.49843446747847897
2016-12-30,-0.0005873586943260232,-0.0005963584428521359,0.0,0.0,1.3728427064617209e-05,-0.0005873586943260232,-0.0006100868699167531,0.0,0.0,0.5006536616807074,0.5010875878585281
2017-01-03,0.0022057196320277228,0.0004999797961173772,0.0,0.0,5.504497597068039e-05,0.0022057196320277228,0.00044493482014669683,0.0,0.0,0.5006658230553668,0.5022854057324585
2017-01-04,0.0009550290887838803,-0.0023183295826924655,0.0,0.0,1.37112022567576e-05,0.0009550290887838803,-0.0023320407849492233,0.0,0.0,0.5015421278133531,0.5004588823716524
2017-01-05,-0.00030588418312572593,-0.0029507762520491775,0.0,0.0,1.3793712238821872e-05,-0.00030588418312572593,-0.0029645699642879995,0.0,0.0,0.5031900554939461,0.5034704967169983
2017-01-06,0.000558404797662263,0.0007394708979929619,2.749246059363884e-06,5.0299793290150015e-05,1.3698630136944692e-05,0.0005556555516028992,0.0006754724745658672,0.012956153839883314,0.23704384617079396,0.4999999999935186,0.4999999999984812
2017-01-09,-0.0004606636792392468,-0.0006655281815450422,0.0,0.0,4.0984654623911704e-05,-0.0004606636792392468,-0.0007065128361689539,0.0,0.0,0.49994291106188804,0.49864663125759234
2017-01-10,-0.00013322842312787087,0.0007221169470614218,0.0,0.0,1.3695770571885277e-05,-0.00013322842312787087,0.0007084211764895365,0.0,0.0,0.5000659125719591,0.4998956258738127
2017-01-11,0.0002932777710107482,0.00012014013183711708,0.0,0.0,1.3668124739636106e-05,0.0002932777710107482,0.00010647200709748098,0.0,0.0,0.49964529179773787,0.4988865529967179
2017-01-12,-0.0004086851460324964,-0.0011948181938131307,0.0,0.0,1.3659372897889788e-05,-0.0004086851460324964,-0.0012084775667110205,0.0,0.0,0.4997387990946983,0.49856711077297716
2017-01-13,6.598364033218995e-06,0.0003159897990316168,0.0,0.0,1.371428587467419e-05,6.598364033218995e-06,0.00030227551315694257,0.0,0.0,0.5001389199612191,0.5005714344256079
2017-01-17,-0.0007281251743571705,-0.0037796018781479546,0.0,0.0,5.4805586465641486e-05,-0.0007281251743571705,-0.003834407464613596,0.0,0.0,0.4999910841405331,0.5001009764989786
2017-01-18,0.00017866873487294656,0.0017500088598669,0.0,0.0,1.3868221566338884e-05,0.00017866873487294656,0.0017361406383005612,0.0,0.0,0.5015513031569478,0.5061900871713693
2017-01-19,-0.0011480668876688996,0.001956865230442532,0.0,0.0,1.3793863499003185e-05,-0.0011480668876688996,0.001943071366943529,0.0,0.0,0.5007710907135083,0.5034760177136163
2017-01-20,0.0004092988597703381,-0.0012120619539011843,0.0,0.0,1.3729335869449982e-05,0.0004092988597703381,-0.0012257912897706343,0.0,0.0,0.4992261368109037,0.5011207592349243
2017-01-23,-0.00012822445975234567,-0.001520898784797724,4.48955836357085e-06,4.632899998276394e-05,4.109589041131497e-05,-0.0001327140181159165,-0.0016083236751918027,0.022086214711901923,0.22791378530898057,0.5000000000173527,0.5000000000043321
2017-01-24,0.0003255938049512442,0.001403019383480313,0.0,0.0,1.376426269713877e-05,0.0003255938049512442,0.001389255120783174,0.0,0.0,0.5007435890207674,0.5023955884455651
2017-01-25,0.0004229735267693864,0.001446658518858151,0.0,0.0,1.3702326390229783e-05,0.0004229735267693864,0.0014329561924679214,0.0,0.0,0.5002113958509039,0.500134913243387
2017-01-26,0.0005855426312023855,-0.00031570104933172126,0.0,0.0,1.363738188792268e-05,0.0005855426312023855,-0.00032933843121964396,0.0,0.0,0.499706948401226,0.4977644389091779
2017-01-27,0.00017230114030405784,8.664822042060592e-06,0.0,0.0,1.3642535956729458e-05,0.00017230114030405784,-4.9777139146688656e-06,0.0,0.0,0.5001643468260899,0.4979525624206252
2017-01-30,-0.0011578644323830864,0.0006653944804939523,0.0,0.0,4.0920048810259275e-05,-0.0011578644323830864,0.000624474431683693,0.0,0.0,0.5002529439297541,0.4978605938581545
2017-01-31,-0.0005825960360347572,-0.0013179022091717291,0.0,0.0,1.3629055886448273e-05,-0.0005825960360347572,-0.0013315312650581774,0.0,0.0,0.49936143389294446,0.497460539855362
2017-02-01,0.0004020095444691599,-0.0006142857698732252,0.0,0.0,1.369136982105243e-05,0.0004020095444691599,-0.0006279771396942776,0.0,0.0,0.4997353950198397,0.49973499846841374
2017-02-02,0.0004467803750754541,-0.00016424290373566244,0.0,0.0,1.3711297877180965e-05,0.0004467803750754541,-0.00017795420161284342,0.0,0.0,0.5002504449543655,0.5004623725171052
2017-02-03,0.001138435048698225,0.0005529790087692091,0.0,0.0,1.3712111508295898e-05,0.001138435048698225,0.0005392668972609132,0.0,0.0,0.5005626609847103,0.5004920700528003
2017-02-06,1.3609497619708055e-05,-0.00034851896520863673,1.0293972016382654e-05,4.0735146215097507e-05,4.1095890410964746e-05,3.315525603325401e-06,-0.000430350001834699,0.050431853288702984,0.1995681467119015,0.5000000000003948,0.5000000000000712
2017-02-07,0.00037696025174218496,-9.442486250847819e-05,0.0,0.0,1.3714034967527867e-05,0.00037696025174218496,-0.00010813889747600606,0.0,0.0,0.5002272237685131,0.5005622763147671
2017-02-08,0.0005593404485283613,-0.0009984544455913917,0.0,0.0,1.3712935620137975e-05,0.0005593404485283613,-0.0010121673812115296,0.0,0.0,0.5004696470919551,0.500522150135036
2017-02-09,0.0007750010287753687,0.0006259506946405214,0.0,0.0,1.3746515328826985e-05,0.0007750010287753687,0.0006122041793116945,0.0,0.0,0.5012559697437518,0.5017478095021848
2017-02-10,0.0007289173087191414,-0.000374742851923547,0.0,0.0,1.3710346930061184e-05,0.0007289173087191414,-0.0003884531988536082,0.0,0.0,0.5013355155343787,0.5004276629472332
2017-02-13,0.0010174559684612203,0.0005809010149549717,0.0,0.0,4.1147832212466316e-05,0.0010174559684612203,0.0005397531827425054,0.0,0.0,0.501893556100273,0.5006319585850069
2017-02-14,0.0004473370172752781,0.0011119173261619761,0.0,0.0,1.3678728333584082e-05,0.0004473370172752781,0.0010982385978283921,0.0,0.0,0.502129092051506,0.499273584175819
2017-02-15,0.00029837046463519724,-3.100405662006501e-05,0.0,0.0,1.3627202972579592e-05,0.00029837046463519724,-4.46312595926446e-05,0.0,0.0,0.5018008578991741,0.49739290849915513
2017-02-16,-0.0005785553642608151,-0.0008344045327216944,0.0,0.0,1.3624595304806695e-05,-0.0005785553642608151,-0.0008480291280265011,0.0,0.0,0.5019718584234993,0.4972977286254444
2017-02-17,0.0008989792405086705,9.172998089291387e-05,0.0,0.0,1.3666952765836017e-05,0.0008989792405086705,7.806302812707784e-05,0.0,0.0,0.5021096048349245,0.49884377595301466
2017-02-21,0.001704036156975108,0.0010075422770310914,5.029258051263057e-05,1.0718733542517086e-07,5.466267456971612e-05,0.0016537435764624774,0.0009527724151259501,0.249468314355262,0.0005316856605127658,0.5000000000245193,0.49879690544865957
2017-02-22,-0.00012838669589334759,-0.0009168016685835582,0.0,0.0,1.3602609325693427e-05,-0.00012838669589334759,-0.0009304042779092516,0.0,0.0,0.5003997362667284,0.4964952403878101
2017-02-23,0.00035188644839617944,-0.0005004421945221818,0.0,0.0,1.3642171387555433e-05,0.00035188644839617944,-0.0005140843659097372,0.0,0.0,0.500801593777993,0.49793925564577346
2017-02-24,-0.0001629780251941779,-0.00038864863019685006,0.0,0.0,1.3658097447574035e-05,-0.0001629780251941779,-0.0004023067276444241,0.0,0.0,0.5012347794638039,0.49852055683645224
2017-02-27,0.00019321145273412224,0.0011751778389640268,0.0,0.0,4.102942937659623e-05,0.00019321145273412224,0.0011341484095874306,0.0,0.0,0.5013552098945191,0.49919139074858754
2017-02-28,-0.000542303129738157,-0.0003943569143700351,0.0,0.0,1.3626192944152794e-05,-0.000542303129738157,-0.00040798310731418786,0.0,0.0,0.5008835686025938,0.4973560424615769
2017-03-01,0.0032420523848867094,0.0012018947227103627,0.0,0.0,1.364996862049288e-05,0.0032420523848867094,0.0011882447540898697,0.0,0.0,0.5008171851511843,0.4982238546479902
2017-03-02,-0.0015967615181377405,0.0012418459659551033,0.0,0.0,1.3556978554649045e-05,-0.0015967615181377405,0.0012282889874004543,0.0,0.0,0.5018359551397795,0.4948297172446901
2017-03-03,0.0002892699907836072,-0.0011153134104914487,0.0,0.0,1.352794005180614e-05,0.0002892699907836072,-0.0011288413505432548,0.0,0.0,0.5004235859668037,0.49376981189092406
2017-03-06,-0.0007712124571363213,-0.00018890192337788752,0.0,0.0,4.07096684224741e-05,-0.0007712124571363213,-0.00022961159180036163,0.0,0.0,0.5011335933699942,0.4953009658067682
2017-03-07,-0.0016080259314933587,0.0006368722637534165,5.044648229018141e-05,6.77574982390719e-16,1.3588664731683571e-05,-0.00165847241378354,0.0006232835990210553,0.25000000001660877,3.35789014255813e-12,0.5000000000178181,0.49598626270645035
2017-03-08,-0.0010613123429171734,0.0017927605859674998,0.0,0.0,1.3585279505902177e-05,-0.0010613123429171734,0.0017791753064615977,0.0,0.0,0.4989084385214726,0.4958627019654295
2017-03-09,0.00016489314589897768,0.00040164557668556964,0.0,0.0,1.3526452638142446e-05,0.00016489314589897768,0.0003881191240474272,0.0,0.0,0.49748999653530895,0.4937155212921993
2017-03-10,0.0013872219882418843,-0.0012061069232144155,0.0,0.0,1.3507978571847697e-05,0.0013872219882418843,-0.0012196149017862632,0.0,0.0,0.4973798325309944,0.49304121787244093
2017-03-13,0.0011708198288089805,0.0017651930729400355,0.0,0.0,4.06162602183858e-05,0.0011708198288089805,0.0017245768127216498,0.0,0.0,0.4986834716354918,0.4941644993236939
2017-03-14,-0.0017375908753748952,0.00013972920839845212,0.0,0.0,1.3451444684312755e-05,-0.0017375908753748952,0.00012627776371413937,0.0,0.0,0.4984111933689192,0.4909777309774155
2017-03-15,0.004174494010015926,-0.0031346753982008577,0.0,0.0,1.346931977838645e-05,0.004174494010015926,-0.003148144717979244,0.0,0.0,0.49747519079119223,0.4916301719111054
2017-03-16,0.00011069026807493341,-4.468121002597532e-06,0.0,0.0,1.3541303189203887e-05,0.00011069026807493341,-1.800942419180142e-05,0.0,0.0,0.5011353448947609,0.4942575664059419
2017-03-17,0.0003323925448665982,-0.00027579763585862914,0.0,0.0,1.3540170689032152e-05,0.0003323925448665982,-0.0002893378065476613,0.0,0.0,0.5011995835624772,0.49421623014967353
2017-03-20,-0.00045439814032287047,-0.00010709859838596006,0.0,0.0,4.0641430559776484e-05,-0.00045439814032287047,-0.00014774002894573653,0.0,0.0,0.501510383709009,0.49447073847728057
2017-03-21,-0.005201059020344481,-0.0012638834745520037,5.058509671176202e-05,1.689307273609681e-16,1.3558241662936735e-05,-0.005251644117056244,-0.0012774417162151094,0.2500000000046277,8.348838805561453e-13,0.49999999999191713,0.4948758206971909
2017-03-22,0.0016396640572441548,9.923742841338899e-05,0.0,0.0,1.368220087132193e-05,0.0016396640572441548,8.555522754206706e-05,0.0,0.0,0.49805075711409635,0.4994003318032504
2017-03-23,-0.00023491779977705056,0.00028868097702561236,0.0,0.0,1.365592257668592e-05,-0.00023491779977705056,0.00027502505444892646,0.0,0.0,0.49882983032823147,0.4984411740490361
2017-03-24,0.0006860445003476124,-0.00042404984164258973,0.0,0.0,1.3647466146421849e-05,0.0006860445003476124,-0.0004376973077890116,0.0,0.0,0.49857491605732324,0.4981325143443974
2017-03-27,0.000303706930283676,-0.0008504304922224529,0.0,0.0,4.096707779215039e-05,0.000303706930283676,-0.0008913975700146033,0.0,0.0,0.49913700128469973,0.49843277980449635
2017-03-28,0.0028677698994915,0.0009786150418431162,0.0,0.0,1.3687035805752509e-05,0.0028677698994915,0.0009649280060373636,0.0,0.0,0.4997343974427118,0.4995768069099665
2017-03-29,0.0010303270922218933,-0.00041718033560306407,0.0,0.0,1.3608068817886503e-05,0.0010303270922218933,-0.0004307884044209506,0.0,0.0,0.500683199890649,0.49669451185285723
2017-03-30,0.0006130736255402114,0.0018568357774070173,0.0,0.0,1.3611337892462937e-05,0.0006130736255402114,0.0018432244395145544,0.0,0.0,0.5014129105444367,0.4968138330748972
2017-03-31,-0.0005863808103513099,-0.0007109600455603108,0.0,0.0,1.3527238749018544e-05,-0.0005863808103513099,-0.0007244872843093293,0.0,0.0,0.5007958802184092,0.4937442143391768
2017-04-03,-0.0007472135305964559,-0.000927264132407032,0.0,0.0,4.069349512371136e-05,-0.0007472135305964559,-0.0009679576275307434,0.0,0.0,0.5008660687572898,0.4951041906718216
2017-04-04,0.00015150611791449822,0.00023425856584685057,2.7618645573612304e-05,2.0324172383584564e-07,1.3601002190380587e-05,0.0001238874723408859,0.00022045432193263414,0.13687455127651252,0.0010072405497420557,0.4999999999869108,0.4964365799488915
2017-04-05,-0.0018964491806576866,-0.0006153005106286298,0.0,0.0,1.3589904575355194e-05,-0.0018964491806576866,-0.000628890415203985,0.0,0.0,0.4999793423209909,0.49603151700046455
2017-04-06,0.0005954116738599947,0.0007852946680344913,0.0,0.0,1.3641210813394155e-05,0.0005954116738599947,0.0007716534572210971,0.0,0.0,0.499343906078305,0.4979041946888865
2017-04-07,-0.0005350831714665112,0.0010784053114568902,0.0,0.0,1.3601102298285996e-05,-0.0005350831714665112,0.0010648042091586042,0.0,0.0,0.49925680118780597,0.49644023388743885
2017-04-10,0.00017980963694997674,-0.0006324221633766888,0.0,0.0,4.0693114842840056e-05,0.00017980963694997674,-0.0006731152782195289,0.0,0.0,0.498457674499758,0.4950995639212207
2017-04-11,-0.00012580351828254214,-0.0016264568038200041,0.0,0.0,1.3588401484000972e-05,-0.00012580351828254214,-0.001640045205304005,0.0,0.0,0.49888358622412904,0.4959766541660354
2017-04-12,-0.0016220211878895986,-0.0012523712763814181,0.0,0.0,1.3657078278625836e-05,-0.0016220211878895986,-0.001266028354660044,0.0,0.0,0.4996400714883369,0.498483357169843
2017-04-13,-0.0027953940460431867,0.00011600824028808352,0.0,0.0,1.3731045760872921e-05,-0.0027953940460431867,0.0001022771945272106,0.0,0.0,0.4994605170181432,0.5011831702718617
2017-04-17,0.0042104247137717985,0.0006505323004789615,0.0,0.0,5.505975215805645e-05,0.0042104247137717985,0.0005954725483209051,0.0,0.0,0.49800631216354896,0.502420238442265
2017-04-18,-0.0009666849125426505,-0.0022325782000023903,0.0,0.0,1.3681364006938624e-05,-0.0009666849125426505,-0.002246259564009329,0.0,0.0,0.49981467888053505,0.49936978625325984
2017-04-19,-0.0004858965856444124,0.0007845204314347462,3.019210874985098e-05,9.148766753982782e-07,1.3661704377736014e-05,-0.0005160886943942634,0.000769943850381612,0.15071589110690672,0.004566969949929592,0.5000000000272908,0.4986522097873645
2017-04-20,0.003626715465776969,0.0014242291576721652,0.0,0.0,1.363674890826448e-05,0.003626715465776969,0.0014105924087639008,0.0,0.0,0.4993873313927378,0.49774133515165353
2017-04-21,-0.0004064151326758123,3.2725993141116765e-05,0.0,0.0,1.3529576290156346e-05,-0.0004064151326758123,1.9196416850960417e-05,0.0,0.0,0.5004929099819109,0.49382953459070666
2017-04-24,0.0061448553543882265,-0.000689020437286936,0.0,0.0,4.060176082450029e-05,0.0061448553543882265,-0.0007296221981114363,0.0,0.0,0.5002802127107536,0.49398809003142025
2017-04-25,0.00286198274771004,-0.00010834623651486989,0.0,0.0,1.3479801280255008e-05,0.00286198274771004,-0.0001218260377951249,0.0,0.0,0.5036974290466365,0.4920127467293078
2017-04-26,-0.0001359841031589429,4.26727461671284e-05,0.0,0.0,1.3445925726695488e-05,-0.0001359841031589429,2.922682044043291e-05,0.0,0.0,0.5051751527099666,0.4907762890243853
2017-04-27,0.001711868810158858,-0.0004695800542515424,0.0,0.0,1.3446192089292504e-05,0.001711868810158858,-0.00048302624634083494,0.0,0.0,0.5050930909727194,0.49078601125917637
2017-04-28,-0.0001237280036360875,-0.00025135505992667585,0.0,0.0,1.3442538532743501e-05,-0.0001237280036360875,-0.00026479759845941933,0.0,0.0,0.506182940640341,0.4906526564451377
2017-05-01,0.002240645523047601,-0.001083294749248677,0.0,0.0,4.0363957349056475e-05,0.002240645523047601,-0.0011236587065977335,0.0,0.0,0.5062559060174044,0.4910948144135204
2017-05-02,0.0012483291073253746,-0.000884343793356405,0.0,0.0,1.3469286742166101e-05,0.0012483291073253746,-0.0008978130800985711,0.0,0.0,0.5079292013188892,0.4916289660890628
2017-05-03,-0.001985774921924491,0.0008316958597526355,5.045931136616628e-05,1.8047754124300929e-16,1.3488787303082273e-05,-0.0020362342332906572,0.0008182070724493727,0.24999999999859945,8.941736240331011e-13,0.500000000003696,0.4923407365625029
2017-05-04,0.0010448175620425128,0.0007724232665823005,0.0,0.0,1.3482423072640271e-05,0.0010448175620425128,0.0007589408435096602,0.0,0.0,0.49862155968444805,0.49210844215136995
2017-05-05,0.002347277255062168,-0.0005949164754265572,0.0,0.0,1.3437023647015138e-05,0.002347277255062168,-0.0006083534990735724,0.0,0.0,0.4987667225782304,0.49045136311605253
2017-05-08,-0.0002722677871189727,0.0015828517467869297,0.0,0.0,4.0289907109002604e-05,-0.0002722677871189727,0.001542561839677927,0.0,0.0,0.5002441134606023,0.4901938698261983
2017-05-09,0.0013265409800613196,0.0010563575934925597,0.0,0.0,1.3369619886425668e-05,0.0013265409800613196,0.001042987973606134,0.0,0.0,0.49933754016599136,0.48799112585453697
2017-05-10,0.00017098557914270123,-0.0001839717115271733,0.0,0.0,1.330914218473915e-05,0.00017098557914270123,-0.00019728085371191245,0.0,0.0,0.49948054752689397,0.485783689742979
2017-05-11,-0.000916873520381843,-0.00019165883710140999,0.0,0.0,1.3314532614893778e-05,-0.000916873520381843,-0.00020497336971630377,0.0,0.0,0.4996646719257777,0.4859804404436229
2017-05-12,0.0006086634236998898,-0.0015235684525421727,0.0,0.0,1.3334743081994447e-05,0.0006086634236998898,-0.001536903195624167,0.0,0.0,0.499307945471224,0.48671812249279733
2017-05-15,0.0020213671661048747,0.00026580448111466543,0.0,0.0,4.01667384144066e-05,0.0020213671661048747,0.00022563774270025882,0.0,0.0,0.5003810825168347,0.48869531737528027
2017-05-16,0.0008937806632289964,-0.0013385474727651819,0.0,0.0,1.3351629313642814e-05,0.0008937806632289964,-0.0013518991020788247,0.0,0.0,0.5012760798708032,0.4873344699479627
2017-05-17,-0.006912415329382682,-0.0025485360372507052,5.0194688332337574e-05,5.930078559469716e-08,1.3386355747625779e-05,-0.006962610017715019,-0.0025619816937839253,0.24970499463845097,0.0002950053649290223,0.49999999999789674,0.48860198478834094
2017-05-18,0.002087209632851077,0.0005925894737472329,0.0,0.0,1.3585575714603189e-05,0.002087209632851077,0.0005790038980326297,0.0,0.0,0.49782920458423924,0.49587351358301635
2017-05-19,0.0022313450545436197,-0.0015094287400027467,0.0,0.0,1.3533257831408276e-05,0.0022313450545436197,-0.001522961997834155,0.0,0.0,0.49858707461243484,0.4939639108464022
2017-05-22,0.0021547669961680654,-5.880956669936219e-05,0.0,0.0,4.0695008475892476e-05,0.0021547669961680654,-9.950457517525466e-05,0.0,0.0,0.5004638995200638,0.4951226031233583
2017-05-23,0.00013621355811268667,0.0012051851003064464,0.0,0.0,1.3538788283518059e-05,0.00013621355811268667,0.0011916463120229283,0.0,0.0,0.5015877720175747,0.49416577234840925
2017-05-24,0.001338264459611314,-0.0007964387351569013,0.0,0.0,1.3487859526247717e-05,0.001338264459611314,-0.000809926594683149,0.0,0.0,0.5010586499018982,0.49230687270804174
2017-05-25,0.002539861730149502,7.473545013233201e-05,0.0,0.0,1.350254585931668e-05,0.002539861730149502,6.123290427301533e-05,0.0,0.0,0.5021316192139011,0.4928429238650588
2017-05-26,7.866131377801324e-05,-0.00026223990226168593,0.0,0.0,1.3465473342277155e-05,7.866131377801324e-05,-0.0002757053756039631,0.0,0.0,0.5033621882570042,0.49148977699311625
2017-05-30,0.00032685598546227496,-0.00020860244955741097,0.0,0.0,5.3901252910345516e-05,0.00032685598546227496,-0.00026250370246775647,0.0,0.0,0.5035400691512999,0.49184893280690284
2017-05-31,0.0005522971591818443,-0.0005228148386615775,0.0,0.0,1.348016088406267e-05,0.0005522971591818443,-0.0005362949995456401,0.0,0.0,0.5038345022362918,0.4920258722682874
2017-06-01,0.0022429229029905474,0.00020365257026501148,3.094211160793675e-05,2.1076863083965946e-05,1.0719087531575899e-05,0.0022119807913826106,0.00017185661964946964,0.1487058895009013,0.10129411051526037,0.49999999998892036,0.3912466949025203
2017-06-02,0.002288838605834341,-0.0009926887431517643,0.0,0.0,1.0688029484567359e-05,0.002288838605834341,-0.0010033767726363317,0.0,0.0,0.5010485047216138,0.3901130761867086
2017-06-05,-0.0002446540878868642,0.0005268782095503336,0.0,0.0,3.2104410315166124e-05,-0.0002446540878868642,0.0004947737992351675,0.0,0.0,0.5026911530363336,0.3906036588345211
2017-06-06,-0.0013329438573709642,-0.0011316001768241742,0.0,0.0,1.0684362715897195e-05,-0.0013329438573709642,-0.0011422845395400714,0.0,0.0,0.5023208586002894,0.38997923913024757
2017-06-07,0.001139256418832152,-0.00016407755323002429,0.0,0.0,1.0741954250667294e-05,0.001139256418832152,-0.00017481950748069158,0.0,0.0,0.502231051302914,0.39208133014935614
2017-06-08,-0.0007879078287401763,0.0001923611592638743,0.0,0.0,1.073609523956543e-05,-0.0007879078287401763,0.00018162506402430887,0.0,0.0,0.5028853065699137,0.3918674762441382
2017-06-09,-0.004685992929566998,0.0003099123143036171,0.0,0.0,1.0737334931926685e-05,-0.004685992929566998,0.00029917497937169044,0.0,0.0,0.5024019964125572,0.3919127250153239
2017-06-12,-0.0014661897212205671,0.0008281891310506967,0.0,0.0,3.232835114185811e-05,-0.0014661897212205671,0.0007958607799088386,0.0,0.0,0.4999090133160697,0.3933282722259403
2017-06-13,0.002405106791109255,-0.0007183821254661348,0.0,0.0,1.0760640102594377e-05,0.002405106791109255,-0.0007291427655687292,0.0,0.0,0.49877716836607044,0.3927633637446947
2017-06-14,-0.0002822759438831757,-0.0011163636108328142,0.0,0.0,1.076228460283496e-05,-0.0002822759438831757,-0.0011271258954356491,0.0,0.0,0.5003437170869367,0.392823388003476
2017-06-15,-0.0013957014697010125,-0.0003065856129892575,5.041340766410839e-05,3.832035065015475e-15,1.0808102867797787e-05,-0.001446114877365121,-0.00031739371586088735,0.24999999999466718,1.900305515184373e-11,0.49999999998295774,0.39449575467461917
2017-06-16,0.0006026247725735068,-0.0009261757179798018,0.0,0.0,1.0835611167039038e-05,0.0006026247725735068,-0.0009370113291468408,0.0,0.0,0.49948514485840323,0.39549980759692493
2017-06-19,0.001812504897308323,0.0007824252892961132,0.0,0.0,3.2593856480165745e-05,0.001812504897308323,0.0007498314328159474,0.0,0.0,0.5002550481939508,0.39655858717534986
2017-06-20,-0.0029335232129520396,-0.001040309041268196,0.0,0.0,1.081546964662323e-05,-0.0029335232129520396,-0.0010511245109148192,0.0,0.0,0.5007843750933986,0.39476464210174794
2017-06-21,0.0012221400767972643,0.00044522767048122964,0.0,0.0,1.088735353266509e-05,0.0012221400767972643,0.0004343403169485646,0.0,0.0,0.4998425483530333,0.39738840394227576
2017-06-22,0.0006895021978594869,6.277636520583181e-06,0.0,0.0,1.0857170823694745e-05,0.0006895021978594869,-4.579534303111564e-06,0.0,0.0,0.5002360572088195,0.3962867350648581
2017-06-23,0.000979755195893075,0.00022375561508495306,0.0,0.0,1.0849567718832662e-05,0.000979755195893075,0.0002129060473661204,0.0,0.0,0.5005826989711694,0.39600922173739234
2017-06-26,-2.1060989636578362e-05,0.0001126393995322646,0.0,0.0,3.2491560858656126e-05,-2.1060989636578362e-05,8.014783867360848e-05,0.0,0.0,0.5009649726599406,0.39531399044698307
2017-06-27,-0.002073933948565784,0.0008085639687257011,0.0,0.0,1.0826794554097251e-05,-0.002073933948565784,0.0007977371741716039,0.0,0.0,0.5009143142218391,0.3951780012245496
2017-06-28,0.0030546639518264605,-7.927022072121106e-05,0.0,0.0,1.0818448585787045e-05,0.0030546639518264605,-9.008866930699811e-05,0.0,0.0,0.49947781224614324,0.39487337338122713
2017-06-29,-0.0015267400621708346,-7.120026723201329e-05,3.0819709465449264e-05,2.0546472980008423e-05,1.3528362674290232e-05,-0.001557559771636284,-0.00010527510288631194,0.1499999999908144,0.10000000000868293,0.4999999999971315,0.4937852376115934
2017-06-30,2.9267348180376162e-05,-0.001662416341191979,0.0,0.0,1.35528495173698e-05,2.9267348180376162e-05,-0.001675969190709349,0.0,0.0,0.4993035192397243,0.49467900738399784
2017-07-03,-0.0015387482163648548,-0.001979050796084208,0.0,0.0,4.086247382259339e-05,-0.0015387482163648548,-0.0020199132699068017,0.0,0.0,0.5001563950451783,0.49716009817488627
2017-07-05,0.0002942381585563917,-0.000476634983326344,0.0,0.0,2.744776766825889e-05,0.0002942381585563917,-0.0005040827509946029,0.0,0.0,0.5003983953260523,0.5009217599457247
2017-07-06,-0.0010777362899036765,0.001975761159999539,0.0,0.0,1.3739825554917057e-05,-0.0010777362899036765,0.001962021334444622,0.0,0.0,0.5007977231787232,0.5015036327544726
2017-07-07,0.000447790048259822,0.0007327735085754077,0.0,0.0,1.3673603748877235e-05,0.000447790048259822,0.0007190999048265305,0.0,0.0,0.49927848239377765,0.4990865368340191
2017-07-10,0.0006866672734528184,-0.0016881880124178991,0.0,0.0,4.09128425021548e-05,0.0006866672734528184,-0.001729100854920054,0.0,0.0,0.49914382652571954,0.4977729171095501
2017-07-11,0.00024681888263281346,0.00015171732431010478,0.0,0.0,1.3698145300417521e-05,0.00024681888263281346,0.00013801917900968725,0.0,0.0,0.5003520776074272,0.49998230346523953
2017-07-12,0.0020542374224700477,0.00031913667464844304,0.0,0.0,1.3688720720646822e-05,0.0020542374224700477,0.0003054479539277962,0.0,0.0,0.5004063210914176,0.4996383063036093
2017-07-13,0.0006771337280402283,0.00153008037755601,0.0,0.0,1.3647772800211453e-05,0.0006771337280402283,0.0015164326047557985,0.0,0.0,0.5012777008536689,0.498143707207718
2017-07-14,0.0024050008809459343,0.00023983504882101237,4.871980021764412e-05,2.3072835933961984e-06,1.3273334986772957e-05,0.0023562810807282904,0.00022425443024084323,0.23869578946979444,0.011304210534446258,0.5000000000020015,0.484476727017213
2017-07-17,-0.0004435443780176525,5.1379875928006794e-05,0.0,0.0,3.969785077691378e-05,-0.0004435443780176525,1.1682025151093015e-05,0.0,0.0,0.5011118639231258,0.4829905177857844
2017-07-18,0.0014332521755310824,-0.00018327712869589888,0.0,0.0,1.323692578771969e-05,0.0014332521755310824,-0.00019651405448361858,0.0,0.0,0.500884632761127,0.4831477912517687
2017-07-19,0.0003624990568753525,-0.0003269636899687621,0.0,0.0,1.3225590486988217e-05,0.0003624990568753525,-0.0003401892804557503,0.0,0.0,0.5016974166162977,0.48273405277507
2017-07-20,0.0012723912353770205,0.00035945553974274383,0.0,0.0,1.3234253143073724e-05,0.0012723912353770205,0.0003462212865996701,0.0,0.0,0.502048715078588,0.483050239722191
2017-07-21,0.0006777461651754392,0.00016810234914272374,0.0,0.0,1.3203034449206902e-05,0.0006777461651754392,0.00015489931469351683,0.0,0.0,0.5025077409920051,0.48191075739605194
2017-07-24,-0.0004939984138382884,0.0006636209403343632,0.0,0.0,3.9562345308190426e-05,-0.0004939984138382884,0.0006240585950261728,0.0,0.0,0.5027668606032714,0.4813418679163167
2017-07-25,-0.00040708492853029063,0.0015320385456401694,0.0,0.0,1.3167554465918236e-05,-0.00040708492853029063,0.0015188709911742513,0.0,0.0,0.5022075449851384,0.48061573800601576
2017-07-26,0.0019141927803452798,-0.00027373841618981404,0.0,0.0,1.3111004175424074e-05,0.0019141927803452798,-0.0002868494203652381,0.0,0.0,0.5012431848696748,0.4785516524029787
2017-07-27,-0.0006006072230689294,-3.813821687883263e-05,0.0,0.0,1.3097190232500154e-05,-0.0006006072230689294,-5.1235407111332784e-05,0.0,0.0,0.5023398981523088,0.4780474434862556
2017-07-28,0.001413595011183811,0.0001909376427311124,2.988825557120506e-06,3.1273109763641027e-06,1.2861098094098402e-05,0.0014106061856266905,0.0001749492336606499,0.0135508774678367,0.014178749155691216,0.49999999999685313,0.46943008043459167
2017-07-31,0.0013324025649964792,0.00044511183027249484,0.0,0.0,3.850654651391003e-05,0.0013324025649964792,0.0004066052837585848,0.0,0.0,0.5006198345164167,0.4684963159192385
2017-08-01,0.0006178616336608659,-0.0003657630580666073,0.0,0.0,1.2801059516999232e-05,0.0006178616336608659,-0.00037856411758360655,0.0,0.0,0.5010808535442388,0.46723867237047184
2017-08-02,0.0006498113768031232,0.0001830972703793752,0.0,0.0,1.2808015496405517e-05,0.0006498113768031232,0.0001702892548829697,0.0,0.0,0.50157868864359,0.4674925656188014
2017-08-03,0.00015647022659215002,-0.00034151742965387064,0.0,0.0,1.2792507988950892e-05,0.00015647022659215002,-0.00035430993764282154,0.0,0.0,0.5018169596148222,0.46692654159670754
2017-08-04,-0.0016187287415500588,-0.0002987326773469408,0.0,0.0,1.2804397849229887e-05,-0.0016187287415500588,-0.0003115370751961707,0.0,0.0,0.5020727597711339,0.467360521496891
2017-08-07,0.00033572296595654814,-0.00030585476169929396,0.0,0.0,3.851208548056525e-05,0.00033572296595654814,-0.0003443668471798592,0.0,0.0,0.5014219085995212,0.4685637066802106
2017-08-08,-0.0010968750917734666,0.00019252782148190752,0.0,0.0,1.2845852447390162e-05,-0.0010968750917734666,0.00017968196903451735,0.0,0.0,0.5017619687363378,0.46887361432974084
2017-08-09,-0.0004814552892075665,-0.00032488958077038656,0.0,0.0,1.2852365814090652e-05,-0.0004814552892075665,-0.0003377419465844772,0.0,0.0,0.5011247217930274,0.4691113522143086
2017-08-10,-0.0023993395485056657,-0.00016256853137719616,0.0,0.0,1.2871811450855493e-05,-0.0023993395485056657,-0.00017544034282805166,0.0,0.0,0.5010537283330536,0.46982111795622566
2017-08-11,0.0007257025736318513,2.3659218298603825e-05,3.103030531097579e-07,3.2387229634026756e-06,1.255784095329784e-05,0.0007253922705787415,7.862654381903311e-06,0.0012847734961430185,0.0134095536058349,0.4986568549401433,0.45836119479537113
2017-08-14,0.0006936626766609847,0.00013032519918694242,0.0,0.0,3.764397563607845e-05,0.0006936626766609847,9.268122355086397e-05,0.0,0.0,0.49901665109672116,0.45800170357228787
2017-08-15,-0.001154410647392671,0.00017374951362059704,0.0,0.0,1.2534564846681437e-05,-0.001154410647392671,0.0001612149487739156,0.0,0.0,0.49931767836273366,0.4575116169038723
2017-08-16,0.001038061730647952,-5.180425929372121e-05,0.0,0.0,1.254226150621322e-05,0.001038061730647952,-6.434652079993444e-05,0.0,0.0,0.49865853322562026,0.45779254497678246
2017-08-17,-0.002122569390546452,-0.0008499308838729161,0.0,0.0,1.2531478709566994e-05,-0.002122569390546452,-0.0008624623625824831,0.0,0.0,0.4992105060935689,0.4573989728991954
2017-08-18,0.0007695152473419239,0.00031284497023137284,0.0,0.0,1.2592353060940871e-05,0.0007695152473419239,0.000300252617170432,0.0,0.0,0.49857620249883594,0.45962088672434176
2017-08-21,0.0004802771914185107,9.687894472616004e-05,0.0,0.0,3.771100387751144e-05,0.0004802771914185107,5.91679408486486e-05,0.0,0.0,0.4988121045862617,0.45881721384305596
2017-08-22,-9.691379454594007e-05,-2.908257653758294e-05,0.0,0.0,1.2560904489389744e-05,-9.691379454594007e-05,-4.1643481026972683e-05,0.0,0.0,0.4990231861490237,0.45847301386272554
2017-08-23,0.0004661867639749867,-0.0003535051040700372,0.0,0.0,1.2563442028607883e-05,0.0004661867639749867,-0.0003660685460986451,0.0,0.0,0.49899541179926005,0.45856563404418765
2017-08-24,-0.0006571096922178638,0.00023376920275545364,0.0,0.0,1.2571868426889994e-05,-0.0006571096922178638,0.00022119733432856366,0.0,0.0,0.49941159836402005,0.45887319758148465
2017-08-25,0.0015494452566073924,0.00029678028265768205,3.0065468038130423e-05,2.3116877149128718e-05,9.43279888247091e-06,0.001519379788569262,0.00026423060662608244,0.148971996731298,0.11454228295166649,0.3500000000032687,0.34429715921018816
2017-08-28,0.000623537363154299,0.00011745689781647046,0.0,0.0,2.8223663727453482e-05,0.000623537363154299,8.923323408901697e-05,0.0,0.0,0.3509235343960086,0.3433879086840174
2017-08-29,-0.0001554339756704635,-0.0004251982830865621,0.0,0.0,9.397971314324121e-06,-0.0001554339756704635,-0.00043459625440088625,0.0,0.0,0.35129667781630614,0.3430259529728304
2017-08-30,-0.0002226864078725424,-0.0003840685999038166,0.0,0.0,9.415175820709546e-06,-0.0002226864078725424,-0.00039348377572452615,0.0,0.0,0.3513485501064903,0.34365391745589835
2017-08-31,0.0011205682411328712,-2.5806251321351876e-05,0.0,0.0,9.431509663144906e-06,0.0011205682411328712,-3.523776098449678e-05,0.0,0.0,0.3513423503791563,0.3442501027047892
2017-09-01,-0.0003476261600876577,0.0002745090856593926,0.0,0.0,9.421990710027787e-06,-0.0003476261600876577,0.0002650870949493648,0.0,0.0,0.3520807946024323,0.3439026609160142
2017-09-05,0.0004673651341029589,-0.0006912217411795299,0.0,0.0,3.7660988155396154e-05,0.0004673651341029589,-0.000728882729334926,0.0,0.0,0.35176220256569535,0.34365651691799
2017-09-06,0.0003027054130584004,0.0003711507761240958,0.0,0.0,9.436652471460542e-06,0.0003027054130584004,0.0003617141236526353,0.0,0.0,0.3523217060251061,0.3444378152083097
2017-09-07,0.0016380046740339439,-0.00017088110208774332,0.0,0.0,9.420224975532227e-06,0.0016380046740339439,-0.00018030132706327556,0.0,0.0,0.3523902764539415,0.34383821160692624
2017-09-08,0.0007837903386488599,0.00022481566002065145,0.0,0.0,9.411187929418343e-06,0.0007837903386488599,0.00021540447209123312,0.0,0.0,0.3535129640970137,0.3435083594237696
2017-09-11,-0.0004941315003602586,0.00013482373187172477,3.0027445609489713e-05,2.0533192483778585e-05,2.5064673459280075e-05,-0.0005241589459697483,8.922586592866612e-05,0.1484724419128398,0.10152755808737549,0.49999999999781475,0.3049535270879075
2017-09-12,0.001050256235343943,0.00039779441608074113,0.0,0.0,8.35483114466313e-06,0.001050256235343943,0.000389439584936078,0.0,0.0,0.4997232146543721,0.3049513367802042
2017-09-13,-0.001592412046101822,-0.00028452662894274907,0.0,0.0,8.331937212330806e-06,-0.001592412046101822,-0.00029285856615507986,0.0,0.0,0.5000535458897823,0.3041157082500743
2017-09-14,0.0017754672760311382,0.0002409535557434781,0.0,0.0,8.355484812406814e-06,0.0017754672760311382,0.00023259807093107128,0.0,0.0,0.4994026429701556,0.30497519565284875
2017-09-15,0.0018875516141723932,0.000327319232181131,0.0,0.0,8.33215183975114e-06,0.0018875516141723932,0.0003189870803413799,0.0,0.0,0.500173728714095,0.30412354215091664
2017-09-18,-0.0008177063542653285,0.00011979601017582622,0.0,0.0,2.4914577589155248e-05,-0.0008177063542653285,9.488143258667097e-05,0.0,0.0,0.5009559017468179,0.3031273606680555
2017-09-19,0.0010407496198670274,0.000437106087065934,0.0,0.0,8.30758204125282e-06,0.0010407496198670274,0.0004287985050246812,0.0,0.0,0.5004999692436213,0.3032267445057279
2017-09-20,-0.0016687283617704285,-0.00047460361263887467,0.0,0.0,8.283433627662938e-06,-0.0016687283617704285,-0.0004828870462665376,0.0,0.0,0.500804762164313,0.30234532740969733
2017-09-21,0.0008918238120384736,0.00039374003492834294,0.0,0.0,8.314325697643863e-06,0.0008918238120384736,0.0003854257092306991,0.0,0.0,0.5002122982908348,0.303472887964001
2017-09-22,-7.512001322386804e-05,-0.00015298700319446546,0.0,0.0,8.29294613794205e-06,-7.512001322386804e-05,-0.0001612799493324075,0.0,0.0,0.5004649035444091,0.3026925340348848
2017-09-25,-0.0011249618502032438,-0.0010108234747124808,1.696368981953948e-05,1.3510466255100198e-07,2.4842047732558036e-05,-0.0011419255400227832,-0.00103580062710759,0.08440325427398296,0.0006722165583196482,0.5000000000060202,0.30224491407945603
2017-09-26,-0.0006452594612915948,-0.0001998966908672682,0.0,0.0,8.326509228374565e-06,-0.0006452594612915948,-0.00020822320009564277,0.0,0.0,0.499963822454595,0.30391758683567166
2017-09-27,-0.0008724952666799206,0.0002766048577148031,0.0,0.0,8.339103129975116e-06,-0.0008724952666799206,0.000268265754584828,0.0,0.0,0.49974508675996643,0.3043772642440917
2017-09-28,0.0006856664491419571,0.00033268442314686393,0.0,0.0,8.33656211155247e-06,0.0006856664491419571,0.00032434786103531147,0.0,0.0,0.4991742072810023,0.30428451707166526
2017-09-29,0.0003163702058836898,0.0002475708849078581,0.0,0.0,8.31904511520905e-06,0.0003163702058836898,0.00023925183979264905,0.0,0.0,0.49935551751159163,0.3036451467051303
2017-10-02,-0.0015744394043549033,-0.00042388438221714684,0.0,0.0,2.4922939319188125e-05,-0.0015744394043549033,-0.00044880732153633495,0.0,0.0,0.4993944131720293,0.30322909505012213
2017-10-03,0.00017094649506298334,-0.00013418726292497343,0.0,0.0,8.336125749604553e-06,0.00017094649506298334,-0.000142523388674578,0.0,0.0,0.4988292283707545,0.3042685898605662
2017-10-04,0.0004297827504509803,5.2686570803490306e-05,0.0,0.0,8.339565076626954e-06,0.0004297827504509803,4.4347005726863354e-05,0.0,0.0,0.4989859921338767,0.3043941252968838
2017-10-05,-0.0017129238845633521,-0.00038171891273680266,0.0,0.0,8.334170130881607e-06,-0.0017129238845633521,-0.00039005308286768425,0.0,0.0,0.4991790992197254,0.3041972097771787
2017-10-06,-0.0003196427362919979,0.00039489816178910726,0.0,0.0,8.36221372614818e-06,-0.0003196427362919979,0.00038653594806295906,0.0,0.0,0.4985145399305655,0.30522080100440857
2017-10-09,0.0006829257544940321,0.0007819921072027851,1.5782803352787644e-06,5.1585521528160964e-05,2.3896421323541163e-05,0.0006813474741587533,0.0007065101643510829,0.007421780798469817,0.2425782192167618,0.4907397927855442,0.29073979276975076
2017-10-10,0.0015078843713976576,-9.53840057821983e-05,0.0,0.0,7.933039403887207e-06,0.0015078843713976576,-0.0001033170451860855,0.0,0.0,0.4907416390078063,0.2895559382418831
2017-10-11,0.0008748298729986341,0.00020909904935974144,0.0,0.0,7.92452213944669e-06,0.0008748298729986341,0.00020117452722029475,0.0,0.0,0.49155909553471394,0.2892450580898042
2017-10-12,-3.5078793320516774e-06,-0.00025829092895704323,0.0,0.0,7.910281900236716e-06,-3.5078793320516774e-06,-0.00026620121085727997,0.0,0.0,0.491904633857194,0.2887252893586401
2017-10-13,0.000903150804872629,-0.0007285417309600863,0.0,0.0,7.919494323652549e-06,0.000903150804872629,-0.0007364612252837388,0.0,0.0,0.4920338319750264,0.28906154281331803
2017-10-16,-0.0004919125129031232,0.0004161146857458183,0.0,0.0,2.3814393501987328e-05,-0.0004919125129031232,0.00039230029224383096,0.0,0.0,0.4928548290156521,0.2897417876075125
2017-10-17,-0.0007037723021119871,0.0005077265858906826,0.0,0.0,7.927520442895547e-06,-0.0007037723021119871,0.000499799065447787,0.0,0.0,0.49241196675223636,0.2893544961656875
2017-10-18,0.0002704469014185114,0.00020536306087511888,0.0,0.0,7.915224619458441e-06,0.0002704469014185114,0.00019744783625566043,0.0,0.0,0.49180851022377375,0.2889056986102331
2017-10-19,8.573715419078184e-05,-0.0007314860284661721,0.0,0.0,7.905899105640874e-06,8.573715419078184e-05,-0.0007393919275718129,0.0,0.0,0.49184882364887583,0.28856531735589186
2017-10-20,-0.00044488811033581075,0.0005281140621636124,0.0,0.0,7.931124035833836e-06,-0.00044488811033581075,0.0005201829381277785,0.0,0.0,0.4922563265006106,0.289486027307935
2017-10-23,-0.00020592291928557763,-0.0009088516256191217,4.407615258159205e-05,2.2638156026545857e-06,2.4657534247960705e-05,-0.0002499990718671697,-0.0009357729754697371,0.21541135907191453,0.011063842170736386,0.49999999998751177,0.3000000000168553
2017-10-24,0.0003162088182049951,-0.0006483487262521076,0.0,0.0,8.253865329981854e-06,0.0003162088182049951,-0.0006566025915820895,0.0,0.0,0.5003874224866499,0.3012660845443377
2017-10-25,0.0003940077074371984,0.0005031799516883671,0.0,0.0,8.274444878298008e-06,0.0003940077074371984,0.0004949055068100691,0.0,0.0,0.500874125738502,0.3020172380578773
2017-10-26,-0.000369465144126605,-0.001211682291080472,0.0,0.0,8.25332263864202e-06,-0.000369465144126605,-0.001219935613719114,0.0,0.0,0.5008229453118531,0.3012462763104337
2017-10-27,-0.000616074766800593,-0.0006496081022030677,0.0,0.0,8.29971098066268e-06,-0.000616074766800593,-0.0006579078131837304,0.0,0.0,0.501250167563923,0.3029394507941879
2017-10-30,0.000586860140283272,-0.00015445821152983667,0.0,0.0,2.4984355021814396e-05,0.000586860140283272,-0.00017944256655165106,0.0,0.0,0.5012727054917405,0.30397631943207515
2017-10-31,0.0008818596127997153,-0.00036016189524420045,0.0,0.0,8.328956709093402e-06,0.0008818596127997153,-0.00036849085195329385,0.0,0.0,0.5016551824947219,0.30400691988190914
2017-11-01,0.00021215565340544792,-0.0003722107842002245,0.0,0.0,8.334545463001612e-06,0.00021215565340544792,-0.0003805453296632261,0.0,0.0,0.5022791876633518,0.30421090939955886
2017-11-02,-0.0017960142885440227,-0.00010659031523165042,0.0,0.0,8.346148423964235e-06,-0.0017960142885440227,-0.00011493646365561465,0.0,0.0,0.5025759719219642,0.3046344174746946
2017-11-03,-0.0004541471783517106,-0.00029647927217913827,0.0,0.0,8.365053912639873e-06,-0.0004541471783517106,-0.0003048443260917781,0.0,0.0,0.501738755686006,0.3053244678113553
2017-11-06,0.00041695620649900893,0.00011532850065834377,4.972886951489905e-05,6.986362846599031e-07,2.4853933106690254e-05,0.00036722733698410986,8.977593126699361e-05,0.24653643248146878,0.0034635675192768367,0.4999999999973439,0.3023895194647314
2017-11-07,0.0001123081866520339,-0.0002516696062843037,0.0,0.0,8.277701747195132e-06,0.0001123081866520339,-0.0002599473080314988,0.0,0.0,0.5001883684847042,0.3021361137726223
2017-11-08,-0.00013815674053481566,0.0005995695148011481,0.0,0.0,8.285820116103402e-06,-0.00013815674053481566,0.0005912836946850447,0.0,0.0,0.5003745515305047,0.30243243423777416
2017-11-09,-0.0007939501844167291,0.0009748905117625444,0.0,0.0,8.265648166076483e-06,-0.0007939501844167291,0.0009666248635964679,0.0,0.0,0.5000098268600797,0.3016961580617917
2017-11-10,-0.00036133971371076607,0.00025209680752367395,0.0,0.0,8.237516426480919e-06,-0.00036133971371076607,0.00024385929109719303,0.0,0.0,0.49912968961663945,0.3006693495665535
2017-11-13,0.0001418139603746032,0.00042925432737215153,0.0,0.0,2.4694730141226184e-05,0.0001418139603746032,0.00040455959723092533,0.0,0.0,0.49882695230409635,0.3004525500515852
2017-11-14,-0.00013709422656809007,0.0016674285946684372,0.0,0.0,8.215327683398045e-06,-0.00013709422656809007,0.0016592132669850392,0.0,0.0,0.49869629179735697,0.2998594604440286
2017-11-15,-0.00045828645042454914,-6.536046620580372e-05,0.0,0.0,8.157228435482971e-06,-0.00045828645042454914,-7.351769464128669e-05,0.0,0.0,0.49780148445295525,0.29773883789512845
2017-11-16,0.0014058615272529917,0.0003995438285843048,0.0,0.0,8.163360442108018e-06,0.0014058615272529917,0.0003913804681421968,0.0,0.0,0.4976078279080294,0.2979626561369426
2017-11-17,0.0003946008126114915,-0.0003342957818403358,0.0,0.0,8.13778846067427e-06,0.0003946008126114915,-0.0003424335703010101,0.0,0.0,0.49811845003819266,0.2970292788146109
2017-11-20,0.0001267882536447977,-1.6924226015253848e-05,5.008523106324341e-05,5.36987792946547e-07,2.4657534248465824e-05,7.670302258155429e-05,-4.211874805666622e-05,0.2473480627650131,0.0026519372576333097,0.49999999997913736,0.3000000000230008
2017-11-21,0.0019665057523498646,0.00010630429573233645,0.0,0.0,8.219357499730827e-06,0.0019665057523498646,9.808493823260563e-05,0.0,0.0,0.5001094923088077,0.3000065487401751
2017-11-22,0.0004421645791479768,-0.0003773356746731578,0.0,0.0,8.19951640802911e-06,0.0004421645791479768,-0.0003855351910811869,0.0,0.0,0.5010415523366084,0.2992823488930626
2017-11-24,0.0009833046222132047,0.0008258598554184615,0.0,0.0,1.6418778958032376e-05,0.0009833046222132047,0.0008094410764604292,0.0,0.0,0.5014553198078527,0.29964271598409087
2017-11-27,-0.0010427706115271936,4.8977646737345714e-05,0.0,0.0,2.451633798535192e-05,-0.0010427706115271936,2.4461308751993795e-05,0.0,0.0,0.501539491663671,0.29828211215511496
2017-11-28,0.0021258921401806625,-0.00018556444905661995,0.0,0.0,8.17909966172256e-06,0.0021258921401806625,-0.0001937435487183425,0.0,0.0,0.5010069010402277,0.2985371376528735
2017-11-29,-9.200592293475774e-05,-0.0008077325931195988,0.0,0.0,8.168401054638742e-06,-9.200592293475774e-05,-0.0008159009941742376,0.0,0.0,0.5021625405350284,0.2981466384943141
2017-11-30,0.0019133463568317547,0.0013170944881156325,0.0,0.0,8.197973711763398e-06,0.0019133463568317547,0.001308896514403869,0.0,0.0,0.5025267821536433,0.299226040479364
2017-12-01,-0.0008584555985771291,-0.0002432316562900412,0.0,0.0,8.135673814316202e-06,-0.0008584555985771291,-0.0002513673301043574,0.0,0.0,0.502819920605788,0.29695209422254126
2017-12-04,0.0006427766907739961,0.00043715838632449994,0.0,0.0,2.4454152865482937e-05,0.0006427766907739961,0.000412704233459017,0.0,0.0,0.5025191723067388,0.29752552653004244
2017-12-05,-0.0008536590142146209,0.0004951428448458772,3.7662474248558054e-05,1.2977975258302133e-05,9.886146356684476e-06,-0.0008913214884631789,0.0004722787232308906,0.18593078567360094,0.06406921436716426,0.4999999999716158,0.36084434201898336
2017-12-06,-0.0009092452518149934,0.00035138341154447545,0.0,0.0,9.876719567170289e-06,-0.0009092452518149934,0.00034150669197730515,0.0,0.0,0.4993555923056351,0.36050026420171555
2017-12-07,0.0017289842395329111,0.0014521203237876032,0.0,0.0,9.872697735582361e-06,0.0017289842395329111,0.0014422476260520208,0.0,0.0,0.4987294950190709,0.36035346734875623
2017-12-08,0.0009582544496658863,-6.856292545216001e-05,0.0,0.0,9.801829742302598e-06,0.0009582544496658863,-7.836475519446261e-05,0.0,0.0,0.49887642643809404,0.35776678559404484
2017-12-11,0.0007335678534345155,0.0009465124582116235,0.0,0.0,2.938526874071484e-05,0.0007335678534345155,0.0009171271894709087,0.0,0.0,0.4993952681378576,0.3575207696786972
2017-12-12,0.0004946358422643467,0.0005162688975848374,0.0,0.0,9.753058406902658e-06,0.0004946358422643467,0.0005065158391779347,0.0,0.0,0.49930463630324673,0.355986631851947
2017-12-13,0.0012792994943202584,-0.00032016121349358567,0.0,0.0,9.729173674960436e-06,0.0012792994943202584,-0.0003298903871685461,0.0,0.0,0.49929939771394666,0.35511483913605585
2017-12-14,-0.001784997702809995,0.00029259647491964354,0.0,0.0,9.728708690424635e-06,-0.001784997702809995,0.0002828677662292189,0.0,0.0,0.5001038940167654,0.35509786720049913
2017-12-15,0.0016909255277151732,-0.0014041381821549514,0.0,0.0,9.735316058339325e-06,0.0016909255277151732,-0.0014138734982132907,0.0,0.0,0.4990685621415545,0.3553390361293854
2017-12-18,0.0034358796048962205,0.00023081500886817347,0.0,0.0,2.9313235501342428e-05,0.0034358796048962205,0.00020150177336683103,0.0,0.0,0.5006207896634826,0.35664436526633275
2017-12-19,-0.0032620148434655276,0.0003162770268685162,4.734768599522925e-05,3.399125492434784e-06,9.700253808783486e-06,-0.0033093625294607566,0.000303177647567298,0.23325448737092133,0.01674551263872103,0.5000000000052338,0.35405926402059723
2017-12-20,-0.0011641427811690008,-8.095796720081308e-05,0.0,0.0,9.720811240550774e-06,-0.0011641427811690008,-9.067877844136386e-05,0.0,0.0,0.4982357740132254,0.35480961028010327
2017-12-21,0.0007500585112478013,-0.00024944853670156274,0.0,0.0,9.735245262693146e-06,0.0007500585112478013,-0.0002591837819642559,0.0,0.0,0.49769615109258236,0.3553364520882999
2017-12-22,0.0011960443852109814,3.3302256207847094e-05,0.0,0.0,9.737299674836285e-06,0.0011960443852109814,2.356495653301081e-05,0.0,0.0,0.49820165500130287,0.3554114381315243
2017-12-26,0.00038085710097933385,-0.0008811325329099173,0.0,0.0,3.889810864034704e-05,0.00038085710097933385,-0.0009200306415502644,0.0,0.0,0.4987893712098236,0.35494524134316674
2017-12-27,0.0011136163712929287,-0.0007030268992405244,0.0,0.0,9.75392683669377e-06,0.0011136163712929287,-0.0007127808260772182,0.0,0.0,0.49943951288126426,0.3560183295393226
2017-12-28,0.0006764352711028921,0.0003957390276281239,0.0,0.0,9.769271976172936e-06,0.0006764352711028921,0.00038596975565195096,0.0,0.0,0.5003525701572981,0.3565784271303122
2017-12-29,0.00010786961406013336,0.00010019530706736604,0.0,0.0,9.748073408841711e-06,0.00010786961406013336,9.044723365852433e-05,0.0,0.0,0.5004972746079803,0.3558046794227225
2018-01-02,0.0012777239962677512,-0.00021356975562783967,0.0,0.0,3.897358420937832e-05,0.0012777239962677512,-0.000252543339837218,0.0,0.0,0.5005058854725689,0.3556339559105771
2018-01-03,0.0022342110654324293,-0.0003329673974283951,0.0,0.0,9.739262774721627e-06,0.0022342110654324293,-0.0003427066602031167,0.0,0.0,0.5012697174508517,0.35548309127733935
2018-01-04,0.001259602889975181,0.0004704003236228353,4.926633602791551e-05,1.5458259247121812e-06,9.938353201445158e-06,0.0012103365539472657,0.00045891614449667794,0.2423944097984111,0.007605590203813377,0.4999999999943367,0.36274989185274825
2018-01-05,0.001846212248825877,0.00027422942881761273,0.0,0.0,9.90892502151506e-06,0.001846212248825877,0.0002643205037960977,0.0,0.0,0.5004242683240452,0.36167576328529966
2018-01-08,0.0007399792294895597,0.0005426583109007134,0.0,0.0,2.9641675931540746e-05,0.0007399792294895597,0.0005130166349691727,0.0,0.0,0.501212654848784,0.3606403905004125
2018-01-09,-0.0007872258421679233,-0.0002215877884091277,0.0,0.0,9.85334509221171e-06,-0.0007872258421679233,-0.00023144113350133941,0.0,0.0,0.5013244765823639,0.3596470958657274
2018-01-10,-0.0006076394079758454,0.0008709574548951244,0.0,0.0,9.86946969336829e-06,-0.0006076394079758454,0.0008610879852017561,0.0,0.0,0.5010476514359505,0.3602356438079426
2018-01-11,0.0032263691152845165,0.0007671336576478298,0.0,0.0,9.84311312227266e-06,0.0032263691152845165,0.0007572905445255571,0.0,0.0,0.5003132083571491,0.3592736289629521
2018-01-12,0.002212335207071969,0.0014288490098406084,0.0,0.0,9.783123128833866e-06,0.002212335207071969,0.0014190658867117745,0.0,0.0,0.5015416064072726,0.3570839942024361
2018-01-16,-0.0012483723653708826,0.0001398241388495445,0.0,0.0,3.883488129207522e-05,-0.0012483723653708826,0.00010098925755746928,0.0,0.0,0.5019312280039668,0.35436829179018636
2018-01-17,0.0019698738803735033,-0.0019377219081526216,0.0,0.0,9.716037542044783e-06,0.0019698738803735033,-0.0019474379456946665,0.0,0.0,0.5012579905896549,0.35463537028463454
2018-01-18,-0.001436947896334845,0.0006610031419791212,0.0,0.0,9.768906638949783e-06,-0.001436947896334845,0.0006512342353401715,0.0,0.0,0.5032165743358373,0.3565650923216671
2018-01-19,0.0011093304807149459,-0.0005606240155716935,2.7271229237134206e-05,2.322381168072696e-05,1.2908619276365216e-05,0.0010820592514778117,-0.0005967564465287856,0.1350193441858228,0.1149806558171969,0.49999999999497624,0.47116460358733053
2018-01-22,0.0018970402716783664,-0.0003652341534274633,0.0,0.0,3.875312951285389e-05,0.0018970402716783664,-0.0004039872829403172,0.0,0.0,0.5008662586754516,0.47149640907305573
2018-01-23,0.0021998340782658,0.0005455839864960781,0.0,0.0,1.2908443262986602e-05,0.0021998340782658,0.0005326755432330915,0.0,0.0,0.5020137657937241,0.471158179099011
2018-01-24,0.00031329047751229954,-0.0005197421387850131,0.0,0.0,1.28583601636434e-05,0.00031329047751229954,-0.0005326004989486565,0.0,0.0,0.5028395858655418,0.46933014597298417
2018-01-25,0.0007432866135976017,5.0923659163605636e-05,0.0,0.0,1.2875423383673325e-05,0.0007432866135976017,3.8048235779932314e-05,0.0,0.0,0.5032632470165455,0.46995295350407645
2018-01-26,0.0016732001764349267,-0.0007224581019912808,0.0,0.0,1.286397714128703e-05,0.0016732001764349267,-0.0007353220791325679,0.0,0.0,0.5036130432088829,0.46953516565697656
2018-01-29,-0.0029005870903781347,-0.00012630390547127535,0.0,0.0,3.8615095289735496e-05,-0.0029005870903781347,-0.00016491900076101085,0.0,0.0,0.5048127905258455,0.4698169926917819
2018-01-30,-0.0028952122543657614,0.0003588864730931098,0.0,0.0,1.291474905277045e-05,-0.0028952122543657614,0.0003459717240403394,0.0,0.0,0.5034555494890438,0.4713883404261213
2018-01-31,0.0007368392776239742,0.0009290252400253697,0.0,0.0,1.2937898361538776e-05,0.0007368392776239742,0.0009160873416638309,0.0,0.0,0.5018396472030523,0.4722332901961653
2018-02-01,-0.0036623844419084663,0.00024032094767488464,0.0,0.0,1.2891137510892058e-05,-0.0036623844419084663,0.00022742981016399258,0.0,0.0,0.501747135284613,0.47052651914756016
2018-02-02,-0.003810483015262104,0.0010200926765375033,3.032852286177598e-05,2.4681104787738077e-05,9.589041096005753e-06,-0.00384081153812388,0.0009858225306537596,0.14980154648263905,0.12190727794273874,0.3499999999970991,0.35000000000420994
2018-02-05,-0.006675397485723188,0.0019138901714841272,0.0,0.0,2.8765404969312055e-05,-0.006675397485723188,0.0018851247665148151,0.0,0.0,0.34718071410421014,0.34997909379329667
2018-02-06,0.0036509251281471285,-0.0015369265866070959,0.0,0.0,9.581933048419194e-06,0.0036509251281471285,-0.001546508519655515,0.0,0.0,0.342144281033957,0.34974055626730055
2018-02-07,-0.0018054199862372834,-0.0001321401803545012,0.0,0.0,9.603830166427093e-06,-0.0018054199862372834,-0.0001417440105209283,0.0,0.0,0.34506903714925113,0.350539801074589
2018-02-08,-0.006999752561082215,0.001439040803968331,0.0,0.0,9.626194224160003e-06,-0.006999752561082215,0.0014294146097441711,0.0,0.0,0.34393331172489033,0.35135608918184014
2018-02-09,0.0015683662226639444,0.00027285260224979064,0.0,0.0,9.640469119715068e-06,0.0015683662226639444,0.00026321213313007557,0.0,0.0,0.338820906115852,0.3518771228696
2018-02-12,0.002992642355451458,-0.0013294026641004208,0.0,0.0,2.884614713911634e-05,0.002992642355451458,-0.0013582488112395372,0.0,0.0,0.3397669625239432,0.3509614568592489
2018-02-13,0.00031747260496924913,0.00016068667863504735,0.0,0.0,9.636055263987585e-06,0.00031747260496924913,0.00015105062337105978,0.0,0.0,0.3422003148939048,0.3517160171355469
2018-02-14,0.001816530861947413,0.0005933997359827719,0.0,0.0,9.627142349417223e-06,0.001816530861947413,0.0005837725936333547,0.0,0.0,0.34235738511155533,0.3513906957537286
2018-02-15,0.0020271132639371786,-0.0012303248070712112,0.0,0.0,9.58787102245713e-06,0.0020271132639371786,-0.0012399126780936684,0.0,0.0,0.3433497723285097,0.34995729231968514
2018-02-16,0.000377679668347814,-1.8422464244895084e-05,2.9481510122346634e-05,3.066114602634232e-05,5.479452054800268e-06,0.00034819815822546737,-5.4563062326037675e-05,0.14510531856931386,0.15091137948460426,0.20000000000922133,0.2000000000002098
2018-02-20,-0.0008483455119978445,0.0006447833742088202,0.0,0.0,2.1913392578261093e-05,-0.0008483455119978445,0.0006228699816305591,0.0,0.0,0.2003188590301873,0.19995970727663245
2018-02-21,-0.0011472048982862075,0.0003122190205039082,0.0,0.0,5.461914374682196e-06,-0.0011472048982862075,0.000306757106129226,0.0,0.0,0.19951549938122898,0.19935987467590016
2018-02-22,0.000525815257980612,-0.000260435651761706,0.0,0.0,5.457947548882133e-06,0.000525815257980612,-0.00026589359931058815,0.0,0.0,0.19853515291387472,0.19921508553419784
2018-02-23,0.002063299974666935,-0.0005506512116125949,0.0,0.0,5.463662647960198e-06,0.002063299974666935,-0.0005561148742605551,0.0,0.0,0.1990092413597505,0.19942368665054724
2018-02-26,0.001077904601748741,-0.0005141879928494017,0.0,0.0,1.6411511761572595e-05,0.001077904601748741,-0.0005305995046109743,0.0,0.0,0.20076994386641248,0.1996733930991332
2018-02-27,-0.0019368319553481573,0.00022261964075368488,0.0,0.0,5.481591160011743e-06,-0.0019368319553481573,0.00021713804959367313,0.0,0.0,0.20173743654085902,0.20007807734042865
2018-02-28,-0.0009218544362807255,-0.00020186180020581395,0.0,0.0,5.484924382806554e-06,-0.0009218544362807255,-0.0002073467245886205,0.0,0.0,0.2001447923652097,0.20019973997243923
2018-03-01,-0.0014205744114328478,-0.0010326418720548937,0.0,0.0,5.496661679835941e-06,-0.0014205744114328478,-0.0010381385337347297,0.0,0.0,0.1994481550171077,0.20062815131401185
2018-03-02,8.977828589427339e-05,0.0003240463804067955,0.0,0.0,5.53857099417554e-06,8.977828589427339e-05,0.00031850780941262,0.0,0.0,0.19851567366232692,0.20215784128740721
2018-03-05,0.000371215398950851,-0.0007013041835969364,4.435646029002693e-05,6.650611486661464e-06,1.6438356164527498e-05,0.0003268589386608241,-0.0007243931512481254,0.21740348321080077,0.03259651679209965,0.19999999999583526,0.20000000000175125
2018-03-06,0.0004132375151455649,7.584678684521343e-05,0.0,0.0,5.500852645216605e-06,0.0004132375151455649,7.034593419999683e-05,0.0,0.0,0.2004509014860708,0.20078112155040612
2018-03-07,-0.00013996103210479725,0.0005473407592538449,0.0,0.0,5.496116819926677e-06,-0.00013996103210479725,0.0005418446424339182,0.0,0.0,0.20076705137799603,0.2006082639273237
2018-03-08,-5.94899999456691e-05,-0.0010972022320453886,0.0,0.0,5.47891929481994e-06,-5.94899999456691e-05,-0.0011026811513402085,0.0,0.0,0.2005464939968449,0.19998055426092784
2018-03-09,0.0003396064298937705,0.0004303957438569354,0.0,0.0,5.515389456458875e-06,0.0003396064298937705,0.0004248803544004765,0.0,0.0,0.2007202753103431,0.2013117151607489
2018-03-12,0.00048240769491361603,-0.00012274987317323048,0.0,0.0,1.6498180735593592e-05,0.00048240769491361603,-0.00013924805390882407,0.0,0.0,0.20090629153547643,0.2007278656163887
2018-03-13,-6.035787125250358e-05,-0.00013347768181155395,0.0,0.0,5.500868912553875e-06,-6.035787125250358e-05,-0.00013897855072410783,0.0,0.0,0.2013196144637634,0.20078171530821642
2018-03-14,0.0001535382261733709,0.0003362681515534557,0.0,0.0,5.505623306593919e-06,0.0001535382261733709,0.00033076252824686174,0.0,0.0,0.20129938289124255,0.20095525069067802
2018-03-15,-0.00022296632061829616,0.00046060789417308283,0.0,0.0,5.4937498533254e-06,-0.00022296632061829616,0.00045511414431975743,0.0,0.0,0.20135540454308912,0.20052186964637714
2018-03-16,-1.6987020072483736e-05,0.00046832246760002084,0.0,0.0,5.479858321780901e-06,-1.6987020072483736e-05,0.00046284260927823993,0.0,0.0,0.2010857566016984,0.2000148287450029
2018-03-19,-0.00029086542919262606,0.001575454611682332,2.765282742656118e-05,2.2835382802433348e-05,2.568743215853973e-05,-0.0003185182566191872,0.0015269317967213588,0.1369271524073393,0.11307284759841149,0.2644628529503273,0.31253042459556674
2018-03-20,-0.0005358451905701114,0.0003835391708110028,0.0,0.0,8.509031816873147e-06,-0.0005358451905701114,0.0003750301389941296,0.0,0.0,0.26385314380955666,0.31057966131586995
2018-03-21,0.0021738664536619253,0.0002695235202820077,0.0,0.0,8.499890804763334e-06,0.0021738664536619253,0.0002610236294772444,0.0,0.0,0.2633596508148154,0.3102460143738617
2018-03-22,-0.0009526270588185617,-0.0005433332047361341,0.0,0.0,8.471878505768954e-06,-0.0009526270588185617,-0.000551805083241903,0.0,0.0,0.26488854278251894,0.3092235654605668
2018-03-23,0.0005588709049540936,0.0002179247557040904,0.0,0.0,8.49955134523146e-06,0.0005588709049540936,0.00020942520435885894,0.0,0.0,0.2643335876692161,0.31023362410094824
2018-03-26,0.0011354531151598702,0.00030312403468455947,0.0,0.0,2.54611806858784e-05,0.0011354531151598702,0.00027766285399868104,0.0,0.0,0.26468909896925447,0.30977769834485397
2018-03-27,-0.0012059813531837078,-0.0006536425900791208,0.0,0.0,8.466790903119858e-06,-0.0012059813531837078,-0.0006621093809822407,0.0,0.0,0.2654494412399939,0.30903786796387483
2018-03-28,-0.0023790722685507397,-0.0005377619415450496,0.0,0.0,8.50057877172492e-06,-0.0023790722685507397,-0.0005462625203167745,0.0,0.0,0.26473801451871415,0.3102711251679595
2018-03-29,0.0009227045584914516,-0.002010194307476197,0.0,0.0,8.540295198253516e-06,0.0009227045584914516,-0.0020187346026744506,0.0,0.0,0.2631286817367969,0.3117207747362533
2018-04-02,0.00019455601324956006,0.0006014111342588374,0.0,0.0,3.4419200537472625e-05,0.00019455601324956006,0.0005669919337213647,0.0,0.0,0.2643411120960584,0.3140752049044377
2018-04-03,-0.0004869262521680182,7.328840986766618e-05,3.515346252536926e-07,3.393713439920237e-05,9.589041095942676e-06,-0.00048727778679327185,2.9762234372521137e-05,0.001726335630518984,0.16666035178973915,0.26260802919162246,0.3500000000019076
2018-04-04,0.0004920336431886334,0.00016172815786096294,0.0,0.0,9.591421418771377e-06,0.0004920336431886334,0.00015213673644219155,0.0,0.0,0.2622410823130964,0.3500868817851551
2018-04-05,-0.0005310055805026588,-0.0003015362206103778,0.0,0.0,9.580818830633526e-06,-0.0005310055805026588,-0.00031111703944101135,0.0,0.0,0.26256398001759973,0.3496998873181237
2018-04-06,6.156865536468425e-05,-0.0005867561443387523,0.0,0.0,9.597162084230013e-06,6.156865536468425e-05,-0.0005963533064229824,0.0,0.0,0.2622538243147192,0.3502964160743955
2018-04-09,0.0006269224159209175,-0.00013280876270172455,0.0,0.0,2.88551440732559e-05,0.0006269224159209175,-0.00016166390677498045,0.0,0.0,0.26245575027691403,0.3510709195579467
2018-04-10,0.0005249992791526918,0.0002335957462425761,0.0,0.0,9.617545309198166e-06,0.0005249992791526918,0.00022397820093337793,0.0,0.0,0.26296032816258946,0.3510404037857332
2018-04-11,0.0005883507103040088,-0.00010575963122288042,0.0,0.0,9.603952281760606e-06,0.0005883507103040088,-0.00011536358350464102,0.0,0.0,0.2632881305611778,0.3505442582842621
2018-04-12,-0.0007042123397540502,0.0004979424946793508,0.0,0.0,9.60230803781425e-06,-0.0007042123397540502,0.0004883401866415365,0.0,0.0,0.2637517300984741,0.3504842433802201
2018-04-13,0.0002752070149163985,-7.39471615918555e-05,0.0,0.0,9.590736150548802e-06,0.0002752070149163985,-8.35378977424043e-05,0.0,0.0,0.2631043146536176,0.35006186949503126
2018-04-16,0.0008854352511731721,5.470241706967752e-05,0.0,0.0,2.877277144884212e-05,0.0008854352511731721,2.59296456208354e-05,0.0,0.0,0.26332904962206666,0.3500687192942457
2018-04-17,0.0004977766903673794,-4.407320234164417e-05,2.1895395903714928e-07,4.958687540567232e-06,9.589041095820632e-06,0.0004975577364083422,-5.8620930978032036e-05,0.0010372529090139759,0.023490843001710924,0.26479808564689816,0.34999999999745307
2018-04-18,-0.00011472799236660712,0.0009472242661606999,0.0,0.0,9.5860409146405e-06,-0.00011472799236660712,0.0009376382252460594,0.0,0.0,0.2651794653098967,0.3498904933843782
2018-04-19,-0.0007847407121010018,0.0014906425013379281,0.0,0.0,9.552228937942832e-06,-0.0007847407121010018,0.0014810902723999854,0.0,0.0,0.2648467921820982,0.3486563562349134
2018-04-20,-0.0012299502753864923,0.0016022189466108005,0.0,0.0,9.504770774408729e-06,-0.0012299502753864923,0.0015927141758363917,0.0,0.0,0.26387829993186723,0.3469241332659186
2018-04-23,-0.0014763237067175606,0.0002398688911943002,0.0,0.0,2.837233063741074e-05,-0.0014763237067175606,0.00021149656055688946,0.0,0.0,0.2625531048680835,0.3451966894218307
2018-04-24,-0.00019594888118191348,0.0006127368507578459,0.0,0.0,9.462840653097733e-06,-0.00019594888118191348,0.0006032740101047482,0.0,0.0,0.26140741635778303,0.34539368383806734
2018-04-25,-0.0008068266508700691,0.00047414726684508776,0.0,0.0,9.442207293814796e-06,-0.0008068266508700691,0.000464705059551273,0.0,0.0,0.26110511280286625,0.34464056622424005
2018-04-26,0.00017013552833696307,-0.0007909650024605611,0.0,0.0,9.432444000488321e-06,0.00017013552833696307,-0.0008003974464610494,0.0,0.0,0.26038737029348025,0.3442842060178237
2018-04-27,8.44511293098748e-05,-0.0008075238289895038,0.0,0.0,9.460076600552203e-06,8.44511293098748e-05,-0.0008169839055900559,0.0,0.0,0.26072182886177253,0.3452927959201554
2018-04-30,-0.0009790732243960291,0.0002124461208218604,0.0,0.0,2.8467454967038016e-05,-0.0009790732243960291,0.00018397866585482238,0.0,0.0,0.2609974691917915,0.3463540354322959
2018-05-01,-0.0012913533902887372,0.0006831808760781477,2.691016218425218e-07,3.381294180463202e-05,9.589041095890809e-06,-0.0012916224919105796,0.0006397788931776248,0.0013296269828905324,0.16706922643764588,0.26155492666688124,0.3500000000000145
2018-05-02,-0.0004352081695404066,0.0010207034860790674,0.0,0.0,9.57656623501283e-06,-0.0004352081695404066,0.0010111269198440547,0.0,0.0,0.2604333350789604,0.3495446675779683
2018-05-03,0.0007987462602092215,-0.00010647130669894053,0.0,0.0,9.54310570243201e-06,0.0007987462602092215,-0.00011601441240137254,0.0,0.0,0.2598484753002568,0.34832335813876836
2018-05-04,0.0006042550970548303,-0.0005461081882439118,0.0,0.0,9.539509797382204e-06,0.0006042550970548303,-0.000555647698041294,0.0,0.0,0.26046939081197956,0.3481921076044504
2018-05-07,0.00021323137810698298,0.00047776862727374244,0.0,0.0,2.8662021810329134e-05,0.00021323137810698298,0.0004491066054634133,0.0,0.0,0.261060956414959,0.3487212653590045
2018-05-08,-0.0001090054799897074,0.0007868073321959742,0.0,0.0,9.534602589224464e-06,-0.0001090054799897074,0.0007772727296067498,0.0,0.0,0.2611012505172906,0.3480129945066929
2018-05-09,-0.000342402701575166,0.00013529725077706265,0.0,0.0,9.506693212232928e-06,-0.000342402701575166,0.00012579055756482973,0.0,0.0,0.2608179489439095,0.34699430224650185
2018-05-10,0.0008720564652376228,-0.001747990338128109,0.0,0.0,9.505045346490455e-06,0.0008720564652376228,-0.0017574953834745993,0.0,0.0,0.26053198063324257,0.3469341551469016
2018-05-11,0.0001639228260671221,-0.0003877728806872874,0.0,0.0,9.561401529767889e-06,0.0001639228260671221,-0.0003973342822170553,0.0,0.0,0.26163569952924354,0.3489911558365279
2018-05-14,-0.00035833499688786227,0.00046617679180353615,0.0,0.0,2.8722780558956738e-05,-0.00035833499688786227,0.0004374540112445794,0.0,0.0,0.2618607436527952,0.3494604968006403
2018-05-15,-0.0026928488334454987,0.001894362131249481,5.0021319954007354e-05,2.40791110385207e-06,9.875299468091575e-06,-0.002742870153399506,0.0018820789206775374,0.23851827952535493,0.0114817204797648,0.5000000000036197,0.3604484305853425
2018-05-16,0.0007690321538183145,-0.00013212337226636576,0.0,0.0,9.831862316612045e-06,0.0007690321538183145,-0.0001419552345829778,0.0,0.0,0.4977355976088095,0.35886297455633964
2018-05-17,-0.000107883554218313,0.00041318201635206787,0.0,0.0,9.829318396332147e-06,-0.000107883554218313,0.00040335269795573574,0.0,0.0,0.49819222491703985,0.3587701214661234
2018-05-18,-1.7877242235272468e-05,-0.00034226869475139754,0.0,0.0,9.815098282404423e-06,-1.7877242235272468e-05,-0.000352083793033802,0.0,0.0,0.49793721627989235,0.3582510873077615
2018-05-21,0.0006828330550092895,-0.0003073326337778218,0.0,0.0,2.9484334575698324e-05,0.0006828330550092895,-0.00033681696835352013,0.0,0.0,0.49810361796783176,0.3587260706709963
2018-05-22,4.3509951022500056e-05,-0.00017002346353773112,0.0,0.0,9.833129176513835e-06,4.3509951022500056e-05,-0.00017985659271424495,0.0,0.0,0.49861392258459625,0.3589092149427549
2018-05-23,0.001056340993346128,-0.0012706300183162413,0.0,0.0,9.839128885777808e-06,0.001056340993346128,-0.0012804691472020192,0.0,0.0,0.4987254320734082,0.35912820433089
2018-05-24,0.000861392737777083,-0.0006306813014124981,0.0,0.0,9.876154191307636e-06,0.000861392737777083,-0.0006405574556038057,0.0,0.0,0.4998938133442632,0.3604796279827286
2018-05-25,-0.0029016175803320103,-0.0005904512785007943,0.0,0.0,9.891248794353812e-06,-0.0029016175803320103,-0.0006003425272951481,0.0,0.0,0.5006446460803545,0.3610305809939142
2018-05-29,-0.0014016833046704151,-0.0007245909159583936,0.0,0.0,3.976897151861956e-05,-0.0014016833046704151,-0.0007643598874770131,0.0,0.0,0.4994922303648298,0.3628918651074035
2018-05-30,0.0017265681649333013,0.0004149161224921909,2.3043608051022215e-05,2.7311385211623826e-05,1.3698630136978255e-05,0.001703524556882279,0.0003739061071435888,0.11440577467088787,0.13559422532932072,0.49999999999977734,0.49999999999970635
2018-05-31,-0.0004198350830446916,0.0008376391296442554,0.0,0.0,1.3658887180912372e-05,-0.0004198350830446916,0.0008239802424633431,0.0,0.0,0.5006864268285555,0.49854938210330163
2018-06-01,-0.001542097576714782,0.0008096214897558348,0.0,0.0,1.3630429491562032e-05,-0.001542097576714782,0.0007959910602642728,0.0,0.0,0.5000644931012268,0.4975106764420142
2018-06-04,-0.0017342143711420106,0.0002687966220122034,0.0,0.0,4.085522659344381e-05,-0.0017342143711420106,0.00022794139541875956,0.0,0.0,0.4988946240545411,0.4970719235535663
2018-06-05,0.0011535047873228591,-0.0006201228713079817,0.0,0.0,1.3631577450196945e-05,0.0011535047873228591,-0.0006337544487581787,0.0,0.0,0.49791039866123415,0.4975525769321885
2018-06-06,0.00024262290688209135,0.0008328901436216741,0.0,0.0,1.3641476955637796e-05,0.00024262290688209135,0.0008192486666660364,0.0,0.0,0.4988046495630689,0.4979139088807795
2018-06-07,0.00099834344984582,-0.0007288169594885664,0.0,0.0,1.3604212121461068e-05,0.00099834344984582,-0.0007424211716100275,0.0,0.0,0.49851791047191624,0.49655374243332906
2018-06-08,0.00024293813717428414,-2.436791464639007e-06,0.0,0.0,1.3620693870385797e-05,0.00024293813717428414,-1.6057485335024803e-05,0.0,0.0,0.4993884492920946,0.4971553262690816
2018-06-11,-0.0005249651565985285,9.238323599647345e-05,0.0,0.0,4.085301313713721e-05,-0.0005249651565985285,5.153022285933624e-05,0.0,0.0,0.4995180564470167,0.49704499316850276
2018-06-12,-0.0006666116746638236,0.00035984669978825147,0.0,0.0,1.3621588934205344e-05,-0.0006666116746638236,0.00034622511085404613,0.0,0.0,0.4992294439491348,0.4971879960984951
2018-06-13,0.0005941842129261714,0.0005344651451702157,4.079843031750109e-05,1.0527421615373777e-05,1.3698630137251997e-05,0.0005533857826086702,0.00051023909341759,0.19872261630620236,0.05127738371513116,0.5000000000166485,0.5000000000096979
2018-06-14,-0.0005419741580118673,-0.0004373108093919803,0.0,0.0,1.3669448091530702e-05,-0.0005419741580118673,-0.000450980257483511,0.0,0.0,0.5000623055218585,0.4989348553408707
2018-06-15,-0.004163232407440751,-0.0004521693167138797,0.0,0.0,1.3695027747868812e-05,-0.004163232407440751,-0.00046586434446174854,0.0,0.0,0.5000168252783288,0.4998685127972116
2018-06-18,0.000719370889650405,0.0009260742446767698,0.0,0.0,4.131349199659136e-05,0.000719370889650405,0.0008847607526801784,0.0,0.0,0.4981596219588267,0.5026474859585282
2018-06-19,-0.0010006932005742456,-0.00025752917601938407,0.0,0.0,1.3723777356239912e-05,-0.0010006932005742456,-0.000271252953375624,0.0,0.0,0.4980800069489181,0.5009178735027567
2018-06-20,-0.0006043101334033594,0.0005664476424489693,0.0,0.0,1.3748320072943506e-05,-0.0006043101334033594,0.0005526993223760259,0.0,0.0,0.4977123770921595,0.501813682662438
2018-06-21,-0.0007277451740643457,-0.0005884990096890692,0.0,0.0,1.3733509757028564e-05,-0.0007277451740643457,-0.0006022325194460978,0.0,0.0,0.4971337244334632,0.5012731061315426
2018-06-22,0.002186244249793267,-0.0009822663456522352,0.0,0.0,1.376794407607467e-05,0.002186244249793267,-0.00099603428972831,0.0,0.0,0.4970670673711811,0.5025299587767255
2018-06-25,-0.0015795181832060983,0.0003799515399453902,0.0,0.0,4.133536868090764e-05,-0.0015795181832060983,0.0003386161712644826,0.0,0.0,0.4986598017582378,0.5029136522843762
2018-06-26,0.0008376008826718327,-2.4700810061570588e-05,0.0,0.0,1.3785152619358114e-05,0.0008376008826718327,-3.84859626809287e-05,0.0,0.0,0.4976978778730234,0.5031580706065711
2018-06-27,0.0008451631575120754,0.0004489366307488765,1.889796511273432e-05,3.2967966928914417e-05,1.3698630136988455e-05,0.0008262651923993411,0.0004022700336829736,0.09109045364260743,0.15890954636198837,0.5000000000022589,0.5000000000000786
2018-06-28,-0.00048559054566513985,0.00011561857958336061,0.0,0.0,1.3669536995546046e-05,-0.00048559054566513985,0.00010194904258781456,0.0,0.0,0.5002306122314798,0.49893810033743063
2018-06-29,0.0012838526081585821,-0.0009146285796465776,0.0,0.0,1.367161436191199e-05,0.0012838526081585821,-0.0009283001940084896,0.0,0.0,0.4999368181981918,0.4990139242097877
2018-07-02,-0.003738137650696513,0.000652358759866064,0.0,0.0,4.107541357502894e-05,-0.003738137650696513,0.000611283346291035,0.0,0.0,0.5010425239273762,0.49975086516285194
2018-07-03,0.00018230206375693974,-0.0013409433557483694,0.0,0.0,1.371682218677106e-05,0.00018230206375693974,-0.0013546601779351405,0.0,0.0,0.49886426214207286,0.5006640098171435
2018-07-05,0.001039552122251435,-0.001822802555873354,0.0,0.0,2.753940676878734e-05,0.001039552122251435,-0.0018503419626421413,0.0,0.0,0.4996323122011441,0.502594173530369
2018-07-06,0.00041958072258379284,-0.0017789138817672372,0.0,0.0,1.3830857098864648e-05,0.00041958072258379284,-0.0017927447388661017,0.0,0.0,0.5010781333831847,0.5048262841085597
2018-07-09,0.0008661961864729096,-0.00013532034341701276,0.0,0.0,4.1696038896699686e-05,0.0008661961864729096,-0.00017701638231371245,0.0,0.0,0.5021872996350614,0.5073018065765128
2018-07-10,-0.0006042458490883224,-0.0003427062081202407,0.0,0.0,1.3892812393177835e-05,-0.0006042458490883224,-0.0003565990205134185,0.0,0.0,0.5027070402819632,0.507087652350991
2018-07-11,-0.0063805319444604994,0.0008334636370566416,0.0,0.0,1.3915572310621445e-05,-0.0063805319444604994,0.0008195480647460202,0.0,0.0,0.5025857013255288,0.5079183893376829
2018-07-12,0.0011290420491766452,-0.0005568030208676311,3.7936839430963424e-05,1.3203251140077163e-05,1.3698630137053846e-05,0.0010911052097456817,-0.0005837049021447622,0.18545547635754067,0.06454452364454834,0.5000000000117167,0.5000000000024654
2018-07-13,-0.0002954859752483904,-0.0009650056016384195,0.0,0.0,1.3706930113781893e-05,-0.0002954859752483904,-0.0009787125317522014,0.0,0.0,0.5008748979835869,0.5003029491530391
2018-07-16,-0.0032987087902778983,0.00045130572368437175,0.0,0.0,4.125266996072121e-05,-0.0032987087902778983,0.00041005305372365054,0.0,0.0,0.5012180633162978,0.5019074845221081
2018-07-17,0.00014189155049128618,0.0005724253402707849,0.0,0.0,1.3778326287803534e-05,0.00014189155049128618,0.0005586470139829813,0.0,0.0,0.4993618389667675,0.502908909504829
2018-07-18,0.0014002057911581907,0.0005410465927903832,0.0,0.0,1.3753008888664653e-05,0.0014002057911581907,0.0005272935839017185,0.0,0.0,0.4991540538529212,0.5019848244362599
2018-07-19,0.0007015274742097759,-9.41633204117587e-05,0.0,0.0,1.3711756292656559e-05,0.0007015274742097759,-0.00010787507670441526,0.0,0.0,0.49959129772991956,0.5004791046819644
2018-07-20,0.0006166576132411993,-0.0005620361380202963,0.0,0.0,1.3706199391524676e-05,0.0006166576132411993,-0.000575742337411821,0.0,0.0,0.4999960013791675,0.5002762777906506
2018-07-23,0.0005467743713251094,0.0013601658692006032,0.0,0.0,4.1163108725696685e-05,0.0005467743713251094,0.0013190027604749065,0.0,0.0,0.5005921771254037,0.5008178228293096
2018-07-24,-0.00013958828192482428,-0.00037642223381887746,0.0,0.0,1.3658288101964449e-05,-0.00013958828192482428,-0.0003900805219208419,0.0,0.0,0.5002056791793195,0.4985275157217024
2018-07-25,0.0020019304761157855,-0.001730813027568535,0.0,0.0,1.3675844708185457e-05,0.0020019304761157855,-0.0017444888722767205,0.0,0.0,0.5003311006730148,0.4991683318487693
2018-07-26,0.0010445135789421522,0.0014877102324652035,1.1349328370603731e-05,3.921957433193556e-05,1.369863013688318e-05,0.0010331642505715484,0.0014347920279963848,0.056108239277631256,0.19389176073914466,0.44737197872302864,0.4999999999962361
2018-07-27,-0.0022194334854968244,-0.00044532916238028533,0.0,0.0,1.3624246906737836e-05,-0.0022194334854968244,-0.00045895340928702317,0.0,0.0,0.44731254449929153,0.497285012095931
2018-07-30,-0.00022756710481289678,8.841182182870964e-05,0.0,0.0,4.1019208427407855e-05,-0.00022756710481289678,4.739261340130178e-05,0.0,0.0,0.4462884441338564,0.49906703586679557
2018-07-31,-6.310450677594475e-05,-0.0003594864063246229,0.0,0.0,1.3673110779889462e-05,-6.310450677594475e-05,-0.00037315951710451234,0.0,0.0,0.4461412603037164,0.49906854346596535
2018-08-01,-0.0017095565564724316,0.0016582555657934297,0.0,0.0,1.3688931710959339e-05,-0.0017095565564724316,0.0016445666340824704,0.0,0.0,0.446272848585613,0.4996460074500159
2018-08-02,0.0019247880429802105,0.001203419131794553,0.0,0.0,1.364438679926168e-05,0.0019247880429802105,0.0011897747449952914,0.0,0.0,0.44459218604080647,0.49802011817305125
2018-08-03,0.0005098842812432735,-0.000698966609673616,0.0,0.0,1.3569154428641485e-05,0.0005098842812432735,-0.0007125357641022575,0.0,0.0,0.44513058692196994,0.4952741366454142
2018-08-06,0.0007587694588204984,0.0007444253718154927,0.0,0.0,4.077317534075227e-05,0.0007587694588204984,0.0007036521964747405,0.0,0.0,0.4457307992106292,0.49607363331248594
2018-08-07,0.001151154602148823,-1.6242259643455775e-05,0.0,0.0,1.3550846180349527e-05,0.001151154602148823,-2.9793105823805303e-05,0.0,0.0,0.4458375661579562,0.4946058855827576
2018-08-08,-0.0016980927453425837,-2.696502671148892e-05,0.0,0.0,1.3536112298622806e-05,-0.0016980927453425837,-4.050113901011173e-05,0.0,0.0,0.44648804625646366,0.49406809889973247
2018-08-09,0.000611633406931587,0.001320549486729489,2.9419021067506694e-05,2.110668910617923e-05,1.3698630137021706e-05,0.0005822143858640803,0.0012857441674862882,0.14556460942288463,0.10443539058968501,0.5000000000119029,0.5000000000012923
2018-08-10,0.0008115475218751474,0.0024824492935994827,0.0,0.0,1.3636977390470744e-05,0.0008115475218751474,0.002468812316209012,0.0,0.0,0.4996782551482073,0.4977496747521822
2018-08-13,-0.0010700168620759072,0.0021770273231025697,0.0,0.0,4.057379858381831e-05,-0.0010700168620759072,0.0021364535245187513,0.0,0.0,0.49885338406390684,0.4936478827697894
2018-08-14,0.0011316628495880486,-0.00036938323362983443,0.0,0.0,1.345061071934149e-05,0.0011316628495880486,-0.00038283384434917593,0.0,0.0,0.49725307828863136,0.49094729125596437
2018-08-15,-0.0031960613157684544,0.002046275842890768,0.0,0.0,1.3450658564661307e-05,-0.0031960613157684544,0.0020328251843261067,0.0,0.0,0.49801181544586187,0.49094903761013764
2018-08-16,0.0015230800330834969,-0.0006926671742263195,0.0,0.0,1.3410195436662915e-05,0.0015230800330834969,-0.0007060773696629823,0.0,0.0,0.4953920120177002,0.4894721334381964
2018-08-17,0.0005595330137195108,-0.002076034362953025,0.0,0.0,1.341820990628666e-05,0.0005595330137195108,-0.0020894525728593115,0.0,0.0,0.49650944251383666,0.4897646615794631
2018-08-20,0.000678034120215485,-0.001139028661120929,0.0,0.0,4.048720484678859e-05,0.000678034120215485,-0.0011795158659677176,0.0,0.0,0.49783061632460973,0.49259432563592775
2018-08-21,0.0005456650925523725,-0.0013532493898965998,0.0,0.0,1.3533728131227557e-05,0.0005456650925523725,-0.0013667831180278274,0.0,0.0,0.4987587688629438,0.49398107678980585
2018-08-22,0.0017459413968671784,-0.0011209073388354918,0.0,0.0,1.3581955845744302e-05,0.0017459413968671784,-0.001134489294681236,0.0,0.0,0.49971475875150323,0.495741388369667
2018-08-23,-0.0001766402243534766,0.0023255534338426625,2.3115407057170494e-07,3.718013404293006e-07,1.3655212728949387e-05,-0.0001768713784240483,0.002311526419773284,0.0011542683189701129,0.0018565907455003557,0.5000000000029896,0.49841526460665264
2018-08-24,0.001075902530131724,-0.003048432557245882,0.0,0.0,1.3562547575685395e-05,0.001075902530131724,-0.0030619951048215673,0.0,0.0,0.4987586820435952,0.4950329865125168
2018-08-27,4.715445330954888e-05,-0.001414799057663777,0.0,0.0,4.101966768505727e-05,4.715445330954888e-05,-0.0014558187253488342,0.0,0.0,0.5008292778837189,0.4990726235015301
2018-08-28,-0.0006089628318209921,0.0014316219252546467,0.0,0.0,1.373132700946987e-05,-0.0006089628318209921,0.0014178905982451767,0.0,0.0,0.501582994380675,0.5011934358456502
2018-08-29,0.0011256129600128826,-0.0007950211132298265,0.0,0.0,1.3681037519846449e-05,0.0011256129600128826,-0.000808702150749673,0.0,0.0,0.5005691072989458,0.49935786947439537
2018-08-30,0.0002169261629027311,0.0013486961442568265,0.0,0.0,1.3698477724547551e-05,0.0002169261629027311,0.001334997666532279,0.0,0.0,0.5015357781496308,0.4999944369459856
2018-08-31,0.0007730109163899404,0.0011049823574322513,0.0,0.0,1.364035834809041e-05,0.0007730109163899404,0.001091341999084161,0.0,0.0,0.5009752289168208,0.49787307970529987
2018-09-04,-0.0009962874774982718,0.0019233562544321227,0.0,0.0,5.433903230208632e-05,-0.0009962874774982718,0.0018690172221300363,0.0,0.0,0.5008145447765449,0.4958436697565376
2018-09-05,-0.0011306496697642732,-0.0005098575596461163,0.0,0.0,1.3520263847204604e-05,-0.0011306496697642732,-0.000523377823493321,0.0,0.0,0.49938243139721966,0.4934896304229681
2018-09-06,-0.0009519003754114212,-0.0008692438607710175,0.0,0.0,1.3556655628595204e-05,-0.0009519003754114212,-0.0008828005163996127,0.0,0.0,0.4990772692520582,0.49481793044372496
2018-09-07,0.00023731236431576887,0.0016524564853557951,1.1996101763545399e-05,2.006109105489986e-05,1.3698630137077393e-05,0.00022531626255222346,0.001618696764163818,0.057626003050126585,0.09636801330175307,0.4600371825352858,0.5000000000033249
2018-09-10,0.00027883052036657664,-0.0009915921995700793,0.0,0.0,4.088468018711191e-05,0.00027883052036657664,-0.0010324768797571912,0.0,0.0,0.4594273049644182,0.4974302756098616
2018-09-11,0.0011525928450106277,0.00037115112058511975,0.0,0.0,1.3665692738195256e-05,0.0011525928450106277,0.0003574854278469245,0.0,0.0,0.46005285264230594,0.4987977849441268
2018-09-12,0.00032786512756372856,-0.0018167240541063438,0.0,0.0,1.3634934396160127e-05,0.00032786512756372856,-0.0018303589885025038,0.0,0.0,0.46051003928256296,0.4976751054598447
2018-09-13,-0.0016187217595444584,-0.0014886384795997935,0.0,0.0,1.3705299786708324e-05,-0.0016187217595444584,-0.001502343779386502,0.0,0.0,0.4615313524337893,0.5002434422148538
2018-09-14,-0.000100092191654857,0.001180356312897571,0.0,0.0,1.3789121153431891e-05,-0.000100092191654857,0.001166567191744139,0.0,0.0,0.4613525421949878,0.503302922100264
2018-09-17,-0.0016069623261023194,-0.0012822901093295126,0.0,0.0,4.1226380968287395e-05,-0.0016069623261023194,-0.0013235164902978,0.0,0.0,0.4607610598519861,0.5015876351141632
2018-09-18,0.0013545743396040232,0.0003488319535351651,0.0,0.0,1.3817750851461673e-05,0.0013545743396040232,0.0003350142026837034,0.0,0.0,0.46050359355166315,0.504347906078351
2018-09-19,0.0002446480906229092,-0.0005891087841354072,0.0,0.0,1.378490299747771e-05,0.0002446480906229092,-0.0006028936871328848,0.0,0.0,0.4610791338695933,0.5031489594079364
2018-09-20,0.0002993479015747036,-0.002574818890867972,0.0,0.0,1.3805988898894845e-05,0.0002993479015747036,-0.002588624879766867,0.0,0.0,0.4614891084011381,0.5039185948096618
2018-09-21,1.2350642186125134e-05,0.00213440051921086,3.687676891154854e-05,1.4351385674941106e-05,1.3698630137158199e-05,-2.4526126725423404e-05,0.002106350503398761,0.17996338736923287,0.07003661263543795,0.4999999999911355,0.5000000000062742
2018-09-24,0.0005369160740031365,0.00017910470883922725,0.0,0.0,4.083544800073313e-05,0.0005369160740031365,0.00013826926083849411,0.0,0.0,0.4989735752809858,0.49683128400891974
2018-09-25,0.00030802172361693857,-0.0010392177485448986,0.0,0.0,1.3597728035363372e-05,0.00030802172361693857,-0.001052815476580262,0.0,0.0,0.49917345675744407,0.496317073290763
2018-09-26,-0.0008744974503181636,0.00010391624731736692,0.0,0.0,1.3636356027283892e-05,-0.0008744974503181636,9.027989129008302e-05,0.0,0.0,0.4998537664437035,0.49772699499586204
2018-09-27,0.001063792645895989,0.001969733638384678,0.0,0.0,1.364420903511383e-05,0.001063792645895989,0.001956089429349564,0.0,0.0,0.4993708844094065,0.49801362978165475
2018-09-28,0.001174396664704089,0.0003877015501830253,0.0,0.0,1.3549326362139926e-05,0.001174396664704089,0.0003741522238208854,0.0,0.0,0.49892797341155837,0.49455041221810725
2018-10-01,-5.15621686689276e-05,0.0002708094771459015,0.0,0.0,4.05533144156185e-05,-5.15621686689276e-05,0.000230256162730283,0.0,0.0,0.49932913450002436,0.4933986587233585
2018-10-02,-0.00039340849681892735,-0.0006092502259161668,0.0,0.0,1.3507938246705973e-05,-0.00039340849681892735,-0.0006227581641628728,0.0,0.0,0.4991883703676654,0.4930397460047681
2018-10-03,0.001155449256025919,0.001876100896670188,0.0,0.0,1.3538387291526484e-05,0.001155449256025919,0.0018625625093786615,0.0,0.0,0.49930233625870296,0.4941511361407166
2018-10-04,-0.0022246974292557302,0.0007199914056310605,0.0,0.0,1.344640585588471e-05,-0.0022246974292557302,0.0007065449997751759,0.0,0.0,0.4989519426813451,0.49079381373979186
2018-10-05,-0.0013550346306701745,-0.0005192810704433522,5.028939218041971e-05,2.688104568177513e-07,1.3483511594018076e-05,-0.0014053240228505941,-0.000533033392494188,0.24867078715337543,0.0013292128815578532,0.5000000000260703,0.4921481731816598
2018-10-08,-0.00017794680825991967,0.001744803550441743,0.0,0.0,4.0571858180138865e-05,-0.00017794680825991967,0.0017042316922616042,0.0,0.0,0.49961339472386873,0.4936242745250229
2018-10-09,0.0003409747912621602,-0.0007873842463283343,0.0,0.0,1.3455612791306202e-05,0.0003409747912621602,-0.0008008398591196405,0.0,0.0,0.4986743288254828,0.4911298668826764
2018-10-10,-0.006381521566567446,0.00035842557695825694,0.0,0.0,1.3483385500426589e-05,-0.006381521566567446,0.0003449421914578304,0.0,0.0,0.4992448889014572,0.49214357076557047
2018-10-11,-0.00537526740449773,-0.0035409302676118926,0.0,0.0,1.3555393832436186e-05,-0.00537526740449773,-0.0035544856614443286,0.0,0.0,0.49585664533311863,0.49477187488392077
2018-10-12,0.0025798817075920613,0.0011096354725474472,0.0,0.0,1.3775416690012203e-05,0.0025798817075920613,0.001095860055857435,0.0,0.0,0.49490071914272243,0.5028027091854455
2018-10-15,-0.0005224362420178785,-0.0006577873806829703,0.0,0.0,4.1084032859093655e-05,-0.0005224362420178785,-0.000698871413542064,0.0,0.0,0.4956586875122094,0.49985573311897286
2018-10-16,0.005344450992528645,-0.001029463351280335,0.0,0.0,1.3729467095041323e-05,0.005344450992528645,-0.0010431928183753764,0.0,0.0,0.4957417044089666,0.5011255489690084
2018-10-17,-0.00021169122129854602,0.0016968857960345642,0.0,0.0,1.3698749711247686e-05,-0.00021169122129854602,0.0016831870463233165,0.0,0.0,0.49894008528126643,0.5000043644605405
2018-10-18,-0.0031358097248494225,0.0017117649649636938,0.0,0.0,1.3632199964105434e-05,-0.0031358097248494225,0.0016981327649995884,0.0,0.0,0.49799559562013207,0.4975752986898483
2018-10-19,-0.0012542064868229673,-0.00038445747803059687,2.9654812165014502e-05,2.985958201070094e-05,9.589041095873934e-06,-0.0012838612989879818,-0.00042390610113717176,0.14557225871206525,0.14657745169008257,0.3500000000086283,0.3499999999993986
2018-10-22,-0.0002521975357147332,0.0010844425597552026,0.0,0.0,2.8847988186174992e-05,-0.0002521975357147332,0.0010555945715690275,0.0,0.0,0.34934238906533316,0.35098385626512907
2018-10-23,-0.0015150528142810055,-0.000620959944708682,0.0,0.0,9.578589896266217e-06,-0.0015150528142810055,-0.0006305385346049482,0.0,0.0,0.34880995864276826,0.34961853121371694
2018-10-24,-0.004014533664343603,0.0016359022861853095,0.0,0.0,9.616235008133419e-06,-0.004014533664343603,0.001626286051177176,0.0,0.0,0.34804166100539224,0.3509925777968698
2018-10-25,0.0024572412311496907,0.0002467836711406473,0.0,0.0,9.594329401709578e-06,0.0024572412311496907,0.0002371893417389377,0.0,0.0,0.34485071624100994,0.35019302316239964
2018-10-26,-0.0014824990391317514,-0.0003838115165251288,0.0,0.0,9.561804586629769e-06,-0.0014824990391317514,-0.0003933733211117585,0.0,0.0,0.34637467495827773,0.3490058674119866
2018-10-29,-0.0005796069018314758,0.0009664648970551152,0.0,0.0,2.8770930505245746e-05,-0.0005796069018314758,0.0009376939665498694,0.0,0.0,0.34554036554021145,0.35004632114715656
2018-10-30,0.001779479925345932,0.0007541580228137782,0.0,0.0,9.560408219568117e-06,0.001779479925345932,0.0007445976145942101,0.0,0.0,0.3448372768701,0.3489549000142363
2018-10-31,-0.00013542525675203223,0.00034309777618862845,0.0,0.0,9.51572792080829e-06,-0.00013542525675203223,0.00033358204826782015,0.0,0.0,0.34574407194887224,0.3473240691095026
2018-11-01,0.0016307626567426763,-0.002730519407753567,0.0,0.0,9.504444611485275e-06,0.0016307626567426763,-0.002740023852365052,0.0,0.0,0.3455401755595917,0.3469122283192126
2018-11-02,-8.2280013196867e-05,0.0014157320788190477,1.1008072003417343e-05,3.943947624651502e-05,9.589041095887014e-06,-9.328808520028435e-05,0.0013667035614766457,0.05455206638184125,0.19544793362516397,0.29300440274890255,0.349999999999876
2018-11-05,0.0004473626895227535,-0.0006937359898142247,0.0,0.0,2.861432382413536e-05,0.0004473626895227535,-0.0007223503136383602,0.0,0.0,0.2925495855658679,0.34814093986031347
2018-11-06,0.00034741726592700815,-0.00016259510076005435,0.0,0.0,9.559743217927468e-06,0.00034741726592700815,-0.0001721548439779818,0.0,0.0,0.29307754095205873,0.34893062745435255
2018-11-07,0.002944734915330609,-0.0006480021788515399,0.0,0.0,9.562521927469311e-06,0.002944734915330609,-0.0006575647007790092,0.0,0.0,0.2933735408606788,0.3490320503526299
2018-11-08,2.6868047735002777e-05,0.0010956935411035726,0.0,0.0,9.558413692725049e-06,2.6868047735002777e-05,0.0010861351274108475,0.0,0.0,0.2956420919890443,0.3488820997844643
2018-11-09,-0.001651624773527111,0.0003810864457724463,0.0,0.0,9.517801348477659e-06,-0.001651624773527111,0.00037156864442396863,0.0,0.0,0.29534024540589415,0.34739974921943456
2018-11-12,-0.0017761511324966826,0.0009310939151129341,0.0,0.0,2.8558638532099703e-05,-0.0017761511324966826,0.0009025352765808344,0.0,0.0,0.2940650403896728,0.3474634354738797
2018-11-13,-0.0016028576402233807,-0.0004445695747501779,0.0,0.0,9.502338148309343e-06,-0.0016028576402233807,-0.0004540719128984873,0.0,0.0,0.29254446073663604,0.34683534241329095
2018-11-14,-0.0008545721279992921,-0.000790703314328612,0.0,0.0,9.53412916870906e-06,-0.0008545721279992921,-0.0008002374434973211,0.0,0.0,0.2915412829773237,0.34799571465788076
2018-11-15,0.0012130161074240782,0.0010483264663672998,0.0,0.0,9.5716315006333e-06,0.0012130161074240782,0.0010387548348666665,0.0,0.0,0.2911685393351349,0.3493645497731155
2018-11-16,0.00027523952392691285,-0.0014110832481527649,9.638020330611106e-06,3.986609253988836e-05,9.589041095893108e-06,0.0002656015035963017,-0.0014605383817885465,0.04769421043831317,0.1972792899089209,0.24403044789823744,0.3500000000000985
2018-11-19,-0.0013131316727182333,-0.00021014569818186054,0.0,0.0,2.891765750812036e-05,-0.0013131316727182333,-0.0002390633556899809,0.0,0.0,0.24459796655272914,0.35183149968213107
2018-11-20,-0.0017546468713686948,0.0006176467768868478,0.0,0.0,9.65997074432591e-06,-0.0017546468713686948,0.0006079868061425219,0.0,0.0,0.24366304745087092,0.3525889321678957
2018-11-21,0.00020983694651957116,-0.00014762111893278535,0.0,0.0,9.654118907438264e-06,0.00020983694651957116,-0.0001572752378402236,0.0,0.0,0.24218610571527857,0.3523753401214966
2018-11-23,-0.0008402277387807035,0.00010873525307764122,0.0,0.0,1.9315311397540478e-05,-0.0008402277387807035,8.941994168010074e-05,0.0,0.0,0.24238320258651502,0.35250443300511375
2018-11-26,0.0013199431390638855,0.00025359110401236584,0.0,0.0,2.8985792711395e-05,0.0013199431390638855,0.00022460531130097085,0.0,0.0,0.2417244634596498,0.35266047798863914
2018-11-27,0.0006725736520047638,0.0007414740026660184,0.0,0.0,9.640093610670807e-06,0.0006725736520047638,0.0007318339090553476,0.0,0.0,0.2426695916569692,0.3518634167894845
2018-11-28,0.0016881591917547168,-0.0007284662571037342,0.0,0.0,9.606288110776887e-06,0.0016881591917547168,-0.0007380725452145111,0.0,0.0,0.24300089301747582,0.35062951604335624
2018-11-29,0.00019012141919072086,-0.0006524216936993465,0.0,0.0,9.61710900358094e-06,0.00019012141919072086,-0.0006620388027029274,0.0,0.0,0.24445679707067772,0.3510244786307043
2018-11-30,0.0014194730528550778,-0.00014986351831412794,0.0,0.0,9.639532633550311e-06,0.0014194730528550778,-0.00015950305094767825,0.0,0.0,0.24476242613359142,0.35184294112458636
2018-12-03,0.00018395071558602926,-0.0014497520266430154,6.0856419510802064e-06,1.2015497955445154e-05,3.3740825562091486e-05,0.00017786507363494906,-0.001495508350160552,0.02986400095006747,0.05896351531053434,0.2160081067618428,0.410513377672113
2018-12-04,-0.0022730634577706097,-0.00228700529026513,0.0,0.0,1.1301552502306119e-05,-0.0022730634577706097,-0.002298306842767436,0.0,0.0,0.21647729733277976,0.4125066663341732
2018-12-06,-4.977466906925196e-05,-0.0009134175400411846,0.0,0.0,2.283279753551498e-05,-4.977466906925196e-05,-0.0009362503375766997,0.0,0.0,0.2151879376220888,0.41669855502314834
2018-12-07,-0.0022676005900351816,-0.0006866784727276409,0.0,0.0,1.1452716570773619e-05,-0.0022676005900351816,-0.0006981311892984146,0.0,0.0,0.21535050393509336,0.418024154833237
2018-12-10,0.0005994201888824273,0.00046335799018324276,0.0,0.0,3.451695707537075e-05,0.0005994201888824273,0.00042884103310787203,0.0,0.0,0.21371672984252732,0.41995631108367737
2018-12-11,0.00027257622710059946,0.0006874332785910273,0.0,0.0,1.1481151995618968e-05,0.00027257622710059946,0.0006759521265954084,0.0,0.0,0.2140960034133168,0.4190620478400922
2018-12-12,0.0005096464098426337,-4.651703076792048e-05,0.0,0.0,1.1451456176290101e-05,0.0005096464098426337,-5.796848694421058e-05,0.0,0.0,0.21416543765042423,0.4179781504345887
2018-12-13,-1.510951666461371e-05,0.00020239974757978424,0.0,0.0,1.1447560005363742e-05,-1.510951666461371e-05,0.0001909521875744205,0.0,0.0,0.21457816384092387,0.4178359401957766
2018-12-14,-0.0020135478900347305,0.00010225625400486077,0.0,0.0,1.1440003166087972e-05,-0.0020135478900347305,9.08162508387728e-05,0.0,0.0,0.21452533161696985,0.41756011556221095
2018-12-17,-0.0017788461284573933,-0.0012847075555702642,0.0,0.0,3.437770397376035e-05,-0.0017788461284573933,-0.0013190852595440245,0.0,0.0,0.212921174004849,0.4182620650140842
2018-12-18,-0.0003731941360678525,-0.001014733930538181,6.043575921524875e-06,1.4236359491363848e-05,9.589041095907889e-06,-0.0003792377119893774,-0.001038559331125453,0.03007725463497201,0.07085053866398898,0.20999999999779026,0.35000000000063786
2018-12-19,-0.0008046935033934406,-0.0009399507264922989,0.0,0.0,9.630496114426438e-06,-0.0008046935033934406,-0.0009495812226067253,0.0,0.0,0.2099244361065118,0.35151310817656495
2018-12-20,-0.001341171663687433,-0.00021218624410274882,0.0,0.0,9.673217670403144e-06,-0.001341171663687433,-0.00022185946177315195,0.0,0.0,0.20948724077502948,0.3530724449697148
2018-12-21,-0.0003812065824749552,0.000608008472192218,0.0,0.0,9.694183302396949e-06,-0.0003812065824749552,0.0005983142888898211,0.0,0.0,0.20847191720672067,0.35383769053748865
2018-12-24,-0.0015340960724082474,-0.0011855912945472151,0.0,0.0,2.9026274780163276e-05,-0.0015340960724082474,-0.0012146175693273783,0.0,0.0,0.20804554233371975,0.3531530098253199
2018-12-26,0.0028015054128923407,0.0014903154681466457,0.0,0.0,1.9469329371230864e-05,0.0028015054128923407,0.0014708461387754148,0.0,0.0,0.20708065167350598,0.35531526102496325
2018-12-27,0.00044609199152695345,-0.0007441859764473578,0.0,0.0,9.652594846275185e-06,0.00044609199152695345,-0.000753838571293633,0.0,0.0,0.20898928140570272,0.3523197118890442
2018-12-28,1.0920456423390277e-05,-0.0012334106497512225,0.0,0.0,9.67596124714392e-06,1.0920456423390277e-05,-0.0012430866109983665,0.0,0.0,0.20949984625837736,0.35317258552075304
2018-12-31,0.0007664760969441187,-0.0007516167855930718,0.0,0.0,2.916519632702522e-05,0.0007664760969441187,-0.000780781981920097,0.0,0.0,0.20976923726923494,0.35484322197880686
2019-01-02,-0.00030699744975806563,3.53644064144008e-05,0.0,0.0,1.948492744855002e-05,-0.00030699744975806563,1.587947896585078e-05,0.0,0.0,0.21053872530896628,0.35559992593603784
2019-01-03,-0.001118537744272711,-0.0010459572056760445,1.1829894671974868e-05,3.132749221396113e-05,5.479452054794521e-06,-0.0011303676389446857,-0.0010827641499448,0.05878342411154257,0.1556681029060169,0.15150952380393473,0.19999999999999998
2019-01-04,0.0012904687581952762,0.0003525911659388761,0.0,0.0,5.520325624718951e-06,0.0012904687581952762,0.0003470708403141572,0.0,0.0,0.1507245593733776,0.2014918853022417
2019-01-07,0.0001414493722476946,-0.00025359402223996833,0.0,0.0,1.6504969237627464e-05,0.0001414493722476946,-0.0002700989914775958,0.0,0.0,0.1517665044707746,0.20081045905780084
2019-01-08,0.0005091912687060678,0.0002696984433370735,0.0,0.0,5.509312964988885e-06,0.0005091912687060678,0.0002641891303720846,0.0,0.0,0.15192749925795235,0.20108992322209432
2019-01-09,-0.00012878964705636007,-0.0005849375383348942,0.0,0.0,5.4976721746408685e-06,-0.00012878964705636007,-0.0005904352105095351,0.0,0.0,0.15231889008265914,0.2006650343743917
2019-01-10,0.00029678790323992704,0.0006734241752160277,0.0,0.0,5.517666303383793e-06,0.00029678790323992704,0.0006679065089126439,0.0,0.0,0.15229963812113784,0.20139482007350848
2019-01-11,0.0002045184149849987,-0.0003961504588025376,0.0,0.0,5.493916375552286e-06,0.0002045184149849987,-0.00040164437517808987,0.0,0.0,0.15244935897963385,0.20052794770765842
2019-01-14,-0.0005103280491224025,0.00011616110359773593,0.0,0.0,1.6517565479294417e-05,-0.0005103280491224025,9.964353811844151e-05,0.0,0.0,0.15268397536986975,0.2009637133314154
2019-01-15,0.0009695287195759981,0.000171147565337696,0.0,0.0,5.504933454679771e-06,0.0009695287195759981,0.00016564263188301623,0.0,0.0,0.15223616835710618,0.20093007109581168
2019-01-16,-5.494047801050619e-05,-0.0001342660334876894,0.0,0.0,5.494007839982319e-06,-5.494047801050619e-05,-0.0001397600413276717,0.0,0.0,0.1530319795576313,0.20053128615935467
2019-01-17,0.0003156089082245863,-0.00026097424922379516,4.1285711133855655e-05,1.625760876757445e-16,5.4987569723080514e-06,0.00027432319709073065,-0.0002664730061962658,0.20482782330481067,8.065770273901762e-13,0.3407046294870774,0.2007046294892439
2019-01-18,0.00022961952387845144,0.0005795659376840037,0.0,0.0,5.505863729657523e-06,0.00022961952387845144,0.0005740600739543462,0.0,0.0,0.34101756134234723,0.20096402613249964
2019-01-22,0.00020351784943848964,-0.00048137832995897147,0.0,0.0,2.194230625939739e-05,0.00020351784943848964,-0.0005033206362183688,0.0,0.0,0.340973147704007,0.20022354461700118
2019-01-23,0.0001708659944569801,-0.00034706825344580586,0.0,0.0,5.500414051706628e-06,0.0001708659944569801,-0.0003525686674975125,0.0,0.0,0.3412789819433015,0.20076511288729193
2019-01-24,0.0004789577917831921,-0.00019476448162797033,0.0,0.0,5.510924120622757e-06,0.0004789577917831921,-0.0002002754057485931,0.0,0.0,0.34151190156314776,0.20114873040273062
2019-01-25,-0.0009699280155389752,-0.0006350734142219276,0.0,0.0,5.514723277576728e-06,-0.0009699280155389752,-0.0006405881374995043,0.0,0.0,0.34189557907917845,0.2012873996315506
2019-01-28,-0.0005362443448887798,0.00014988514281734868,0.0,0.0,1.6623139482248115e-05,-0.0005362443448887798,0.00013326200333510057,0.0,0.0,0.34147560303820107,0.20224819703401878
2019-01-29,0.0006413269557199301,-0.0003256951407082288,0.0,0.0,5.539172240413447e-06,0.0006413269557199301,-0.00033123431294864223,0.0,0.0,0.3410768066234951,0.20217978677509083
2019-01-30,0.000913130568049615,-0.0006728442855437911,0.0,0.0,5.54637550471534e-06,0.000913130568049615,-0.0006783906610485065,0.0,0.0,0.34161220214864785,0.2024427059221099
2019-01-31,0.0017455252831022326,-0.0007780806389276754,0.0,0.0,5.563503618408254e-06,0.0017455252831022326,-0.0007836441425460837,0.0,0.0,0.34244494722163366,0.20306788207190127
2019-02-01,-0.0009432219470177043,0.0002669621763523114,1.8877970430456264e-05,3.1371339373091676e-05,6.51455510293255e-06,-0.0009620999174481606,0.0002290762818762872,0.09392154093451668,0.15607845906712928,0.4377812612523778,0.23778126125703805
2019-02-04,-0.0002872151372367213,0.00017577336456702538,0.0,0.0,1.953604359381099e-05,-0.0002872151372367213,0.00015623732097321439,0.0,0.0,0.4371584868086817,0.237688530391367
2019-02-05,0.0003943372023362562,-0.00047982177194187453,0.0,0.0,6.508051232990683e-06,0.0003943372023362562,-0.0004863298231748652,0.0,0.0,0.4369284996121875,0.23754387000415988
2019-02-06,0.0004903176684309754,0.0005503678234909429,0.0,0.0,6.5217969921595785e-06,0.0004903176684309754,0.0005438460264987834,0.0,0.0,0.4373630709896822,0.2380455902138246
2019-02-07,0.0006448470873800698,0.00028771443958970297,0.0,0.0,6.499996361398841e-06,0.0006448470873800698,0.0002812144432283041,0.0,0.0,0.4374010443778931,0.2372498671910577
2019-02-08,0.0005650272987278816,2.8788728337552585e-05,0.0,0.0,6.486107239614814e-06,0.0005650272987278816,2.230262109793777e-05,0.0,0.0,0.4376406093327381,0.23674291424594074
2019-02-11,-0.00013678717612543856,0.0004445748715724945,0.0,0.0,1.9444535164715442e-05,-0.00013678717612543856,0.00042513033640777904,0.0,0.0,0.4379484164231603,0.23657517783737123
2019-02-12,0.0003094548647287477,-0.0007865739262537259,0.0,0.0,6.467466738305731e-06,0.0003094548647287477,-0.0007930413929920316,0.0,0.0,0.43768542564819396,0.23606253594815918
2019-02-13,-0.00019922846616440848,0.0005023777366264286,0.0,0.0,6.492156228179353e-06,-0.00019922846616440848,0.0004958855803982493,0.0,0.0,0.438206791413844,0.23696370232854636
2019-02-14,0.0008711433114082326,-0.00024827615099248226,0.0,0.0,6.476471163327418e-06,0.0008711433114082326,-0.0002547526221558097,0.0,0.0,0.43787766342366086,0.23639119746145076
2019-02-15,-0.00010193015646914445,-0.00048143781340648684,4.067002363466789e-05,9.943172278767274e-06,5.412300384768696e-06,-0.00014260018010381234,-0.0004967932860700229,0.20088646300910126,0.04911353699015411,0.3975489640365317,0.19754896404405736
2019-02-19,0.00043388053531808206,-0.0004028916744512717,0.0,0.0,2.171584681796114e-05,0.00043388053531808206,-0.0004246075212692328,0.0,0.0,0.3977013215065225,0.19815710221389538
2019-02-20,-2.0186023647460888e-05,3.1251208457649894e-05,0.0,0.0,5.439949387830346e-06,-2.0186023647460888e-05,2.5811259069819546e-05,0.0,0.0,0.39813151016275355,0.1985581526558076
2019-02-21,-0.0007427275579008776,0.00018230016201116884,0.0,0.0,5.439062594330785e-06,-0.0007427275579008776,0.00017686109941683807,0.0,0.0,0.39810908468178097,0.19852578469307364
2019-02-22,0.000774407662819734,-0.00036930313072043385,0.0,0.0,5.437144767197858e-06,0.000774407662819734,-0.0003747402754876317,0.0,0.0,0.39759134072778163,0.19845578400272174
2019-02-25,-0.0003097351808852498,-3.6211065970398126e-05,0.0,0.0,1.6335259313159506e-05,-0.0003097351808852498,-5.254632528355763e-05,0.0,0.0,0.3982065981998804,0.198745654976774
2019-02-26,0.0006786594210397316,-0.0005109320626289753,0.0,0.0,5.448052250293947e-06,0.0006786594210397316,-0.0005163801148792693,0.0,0.0,0.3980410659358795,0.1988539071357291
2019-02-27,-0.000822067156264348,4.5745195529918066e-05,0.0,0.0,5.461164155066199e-06,-0.000822067156264348,4.028403137485186e-05,0.0,0.0,0.39865503189494594,0.19933249165991626
2019-02-28,-0.0004772248543290627,0.0002733135996323758,0.0,0.0,5.464182667839014e-06,-0.0004772248543290627,0.00026784941696453675,0.0,0.0,0.39814422717676046,0.19944266737612398
2019-03-01,-0.0005129488219553641,-9.131610900009037e-06,0.0,0.0,5.4578373610980135e-06,-0.0005129488219553641,-1.4589448261107051e-05,0.0,0.0,0.3977502814615744,0.19921106368007746
2019-03-04,0.0006431033040012616,0.00022521484708269707,2.6969479721720425e-06,5.319986451105793e-06,1.5124683371654253e-05,0.0006404063560290895,0.00020477017725993701,0.013430020124111725,0.026491992368992863,0.3840169810449369,0.1840169810217934
2019-03-05,0.00013547335086150223,-2.4766383092412725e-05,0.0,0.0,5.031138653775768e-06,0.00013547335086150223,-2.9797521746188492e-05,0.0,0.0,0.3843352532120076,0.1836365608628156
2019-03-06,0.0006009268318551862,0.0003214800915823222,0.0,0.0,5.031285499552715e-06,0.0006009268318551862,0.0003164488060827695,0.0,0.0,0.38443010159314644,0.18364192073367408
2019-03-07,0.0008489009594867418,0.0005756701352172816,0.0,0.0,5.017874549944386e-06,0.0008489009594867418,0.0005706522606673373,0.0,0.0,0.3846781340763526,0.1831524210729701
2019-03-08,0.00036237121244064505,0.00015201585946288785,0.0,0.0,4.995012079935106e-06,0.00036237121244064505,0.00014702084738295275,0.0,0.0,0.3849805346781404,0.18231794091763137
2019-03-11,-0.00033429112217290234,-0.0005319319266894824,0.0,0.0,1.4964918774803098e-05,-0.00033429112217290234,-0.0005468968454642856,0.0,0.0,0.3851467152119849,0.18207317842677104
2019-03-12,0.0007486393191487078,-0.00045373417156199894,0.0,0.0,5.0072921012613244e-06,0.0007486393191487078,-0.00045874146366326027,0.0,0.0,0.3851518152351108,0.1827661616960383
2019-03-13,-8.667333617022767e-05,-0.0006725117255354063,0.0,0.0,5.01826838921052e-06,-8.667333617022767e-05,-0.0006775299939246168,0.0,0.0,0.38578861526202424,0.18316679620618398
2019-03-14,-0.00036664543494636665,0.00014794737510366666,0.0,0.0,5.040545369549214e-06,-0.00036664543494636665,0.00014290682973411745,0.0,0.0,0.385996922059098,0.18397990598854636
2019-03-15,0.0006758419110804515,-0.0004425737217419552,0.0,0.0,5.037619126683643e-06,0.0006758419110804515,-0.0004476113408686388,0.0,0.0,0.3857165763129431,0.183873098123953
2019-03-18,-0.00019366127322636485,5.802544943301584e-05,2.875775692285229e-07,1.1890477478868927e-07,1.5194598876077524e-05,-0.00019394885079559337,4.271194578214963e-05,0.0014366321609959865,0.0005940046854686086,0.3848676196233677,0.1848676196589432
2019-03-19,-6.237106193995488e-05,-7.84477188115237e-05,0.0,0.0,5.064042423788241e-06,-6.237106193995488e-05,-8.351176123531193e-05,0.0,0.0,0.3847321440488664,0.18483754846827077
2019-03-20,0.0014032101532472983,-0.0006916925297660661,0.0,0.0,5.0669308545363125e-06,0.0014032101532472983,-0.0006967594606206025,0.0,0.0,0.3847258978870589,0.18494297619057545
2019-03-21,8.858416503968998e-05,0.0003181941332160005,0.0,0.0,5.0822909468443474e-06,8.858416503968998e-05,0.00031311184226915614,0.0,0.0,0.38585651943489685,0.18550361955981864
2019-03-22,0.0018617663046228581,0.00028010974545932725,0.0,0.0,5.071536083563289e-06,0.0018617663046228581,0.000275038209375764,0.0,0.0,0.38579013324375344,0.18511106705005997
2019-03-25,0.0005794922928823473,-4.00710641687603e-05,0.0,0.0,1.515919329921465e-05,0.0005794922928823473,-5.523025746797495e-05,0.0,0.0,0.3868253294383035,0.18443685180711156
2019-03-26,-2.3109012875838794e-05,-0.00010397152166026353,0.0,0.0,5.051513953458871e-06,-2.3109012875838794e-05,-0.0001090230356137224,0.0,0.0,0.3872018265135017,0.18438025930124874
2019-03-27,0.0007223242446260738,-0.00012355860060783602,0.0,0.0,5.055030419823428e-06,0.0007223242446260738,-0.00012861363102765946,0.0,0.0,0.38722988297830013,0.18450861032355512
2019-03-28,6.259988283988204e-05,0.00023981795612728436,0.0,0.0,5.055414133935915e-06,6.259988283988204e-05,0.00023476254199334844,0.0,0.0,0.38772201254895017,0.18452261588866095
2019-03-29,-0.0004051758494409823,-0.00017231131851481833,0.0,0.0,5.047342888853129e-06,-0.0004051758494409823,-0.00017735866140367146,0.0,0.0,0.3876693341385571,0.1842280154431392
2019-04-01,-0.0011233332385614703,-0.0002753573356530205,2.836085995453603e-05,2.2262368980798818e-05,8.203451344123211e-06,-0.0011516940985160063,-0.0003058231559779426,0.14005852921670642,0.10994147079209465,0.29980865802769885,0.09980865802016574
2019-04-02,0.00029587036289883733,-4.839509808396825e-05,0.0,0.0,2.74603020437187e-06,0.00029587036289883733,-5.114112828834012e-05,0.0,0.0,0.2991212992439721,0.10023010245957328
2019-04-03,-0.0005086315161437944,-0.00022774590773459174,0.0,0.0,2.7466839036206114e-06,-0.0005086315161437944,-0.00023049259163821235,0.0,0.0,0.2993439114005486,0.1002539624821523
2019-04-04,0.0001595457129130278,0.00010285083586610434,0.0,0.0,2.75495977471661e-06,0.0001595457129130278,0.00010009587609138773,0.0,0.0,0.2990563196198204,0.10055603177715627
2019-04-05,0.00014506959374091494,0.0002170509473915202,0.0,0.0,2.7514275585736533e-06,0.00014506959374091494,0.00021429951983294656,0.0,0.0,0.2991381966160321,0.10042710588793835
2019-04-08,-0.0002627556991167575,-0.00010397415927203652,0.0,0.0,8.233484011974757e-06,-0.0002627556991167575,-0.00011220764328401128,0.0,0.0,0.2991757516850871,0.10017405547902619
2019-04-09,0.00038392216386376986,0.00012468850110429946,0.0,0.0,2.7483738171942573e-06,0.00038392216386376986,0.0001219401272871052,0.0,0.0,0.29902511944421895,0.10031564432759038
2019-04-10,0.00046318031608361034,-0.0001866364897754878,0.0,0.0,2.7435698253585435e-06,0.00046318031608361034,-0.00018938005960084635,0.0,0.0,0.29925765844333807,0.10014029862558683
2019-04-11,-0.0003490426617473566,0.00010308330251318523,0.0,0.0,2.7479307696960033e-06,-0.0003490426617473566,0.00010033537174348922,0.0,0.0,0.2996387975797921,0.1002994730939041
2019-04-12,-0.0006893824337827333,-7.214988379442035e-05,0.0,0.0,2.745789467484528e-06,-0.0006893824337827333,-7.489567326190488e-05,0.0,0.0,0.29936420897918414,0.10022131556318525
2019-04-15,0.00011702955528376087,0.00020875573378122646,1.9442562406429158e-05,3.2252480845272144e-05,1.585714074162999e-05,9.758699287733171e-05,0.0001606461121943243,0.09402527391177487,0.15597472608899532,0.3929285456744169,0.19292854568983153
2019-04-16,-0.0007277892336412608,0.0012969795240495461,0.0,0.0,5.278631128064514e-06,-0.0007277892336412608,0.0012917008929214816,0.0,0.0,0.39294410405359137,0.19267003617435474
2019-04-17,0.00013057304711165232,0.00032065488786193856,0.0,0.0,5.240142465041789e-06,0.00013057304711165232,0.0003154147453968968,0.0,0.0,0.39199526412013014,0.1912651999740253
2019-04-18,0.0004110500819809354,2.6651390352269036e-05,0.0,0.0,5.229025318162296e-06,0.0004110500819809354,2.142236503410674e-05,0.0,0.0,0.3919510317918016,0.1908594241129238
2019-04-22,-0.0002877628400762848,0.0009031903405914491,0.0,0.0,2.090414010771148e-05,-0.0002877628400762848,0.0008822862004837377,0.0,0.0,0.39219246943682434,0.19075027848286724
2019-04-23,0.0007655870426057012,0.00017546339131567468,0.0,0.0,5.198199634974695e-06,0.0007655870426057012,0.0001702651916807,0.0,0.0,0.3916718485331811,0.18973428667657632
2019-04-24,0.0010112561586103463,0.0014679335891345266,0.0,0.0,5.188536715096764e-06,0.0010112561586103463,0.0014627450524194298,0.0,0.0,0.39207051550785094,0.18938159010103184
2019-04-25,-0.0001245666681010007,0.00024403324363568303,0.0,0.0,5.135613841626772e-06,-0.0001245666681010007,0.00023889762979405625,0.0,0.0,0.39211168687826553,0.18744990521937718
2019-04-26,0.0008316340673584746,-0.0005155622130694347,0.0,0.0,5.128341671100236e-06,0.0008316340673584746,-0.000520690554740535,0.0,0.0,0.3919423090690405,0.1871844709951586
2019-04-29,-0.0006816681412565343,0.0005074084006218313,0.0,0.0,1.5422604430921908e-05,-0.0006816681412565343,0.0004919857961909093,0.0,0.0,0.39265185059074026,0.18764168724288321
2019-04-30,0.0004418371195441143,-8.085096655940238e-05,2.203835072554157e-05,2.3768006152986954e-05,8.219178082126708e-06,0.0004197987688185727,-0.00011283815079451604,0.10817295367309085,0.1166627875428557,0.5000000000060492,0.29999999999762483
2019-05-01,-0.00014504636585661662,0.00042050012857505574,0.0,0.0,8.218870307591861e-06,-0.00014504636585661662,0.00041228125826746386,0.0,0.0,0.5002882683295566,0.2999887662271029
2019-05-02,-0.0007558079995178859,1.998422030893754e-05,0.0,0.0,8.205157051862084e-06,-0.0007558079995178859,1.1779063257075456e-05,0.0,0.0,0.5000096019515181,0.299488232392966
2019-05-03,0.0008484161947408234,-0.0008910310146501871,0.0,0.0,8.210718551166468e-06,0.0008484161947408234,-0.0008992417332013536,0.0,0.0,0.49962552980346875,0.29969122711757606
2019-05-06,0.0006569899465810954,0.001708207509395559,0.0,0.0,2.470664680798863e-05,0.0006569899465810954,0.0016835008625875703,0.0,0.0,0.500499384148908,0.30059753616386164
2019-05-07,0.0004253564618310511,0.0018852216994540206,0.0,0.0,8.169627791499012e-06,0.0004253564618310511,0.0018770520716625216,0.0,0.0,0.499986161080768,0.29819141438971397
2019-05-08,-0.0006693053631168555,0.0007308387019085203,0.0,0.0,8.099329915611645e-06,-0.0006693053631168555,0.0007227393719929086,0.0,0.0,0.4992620124247432,0.29562554191982504
2019-05-09,0.0006065521253941114,0.0016415894141217332,0.0,0.0,8.078875250785305e-06,0.0006065521253941114,0.0016335105388709478,0.0,0.0,0.4985660666779942,0.2948789466536637
2019-05-10,0.00011446862220338391,-0.00010041249049702128,0.0,0.0,8.015943981511789e-06,0.00011446862220338391,-0.00010842843447853307,0.0,0.0,0.4980569400473102,0.29258195532518033
2019-05-13,0.000734560736285802,0.0020414639740800643,0.0,0.0,2.4055939723554257e-05,0.000734560736285802,0.00201740803435651,0.0,0.0,0.49816839963886117,0.29268059996991014
2019-05-14,0.00013558788511640996,-0.003427547670057944,5.410789799690838e-07,4.654749187943291e-06,8.219178082204628e-06,0.00013504680613644088,-0.003440421597328092,0.002466237004545274,0.021216338315043645,0.49999999999919914,0.30000000000046895
2019-05-15,0.0010110318660340766,-2.4882689678458057e-06,0.0,0.0,8.34065248027304e-06,0.0010110318660340766,-1.0828921448118845e-05,0.0,0.0,0.5017942058025413,0.30443381552996585
2019-05-16,-0.0003705075254635796,-0.002860147333941204,0.0,0.0,8.332386574438399e-06,-0.0003705075254635796,-0.0028684797205156425,0.0,0.0,0.5023028328960389,0.3041321099670015
2019-05-17,0.0001326021538477391,0.002094865224403507,0.0,0.0,8.438077601098839e-06,0.0001326021538477391,0.0020864271468024084,0.0,0.0,0.5035633606733387,0.3079898324401076
2019-05-20,-0.0006200914018043677,-0.0017725510907983348,0.0,0.0,2.508638467727463e-05,-0.0006200914018043677,-0.0017976374754756093,0.0,0.0,0.5025807214802799,0.30521768024017465
2019-05-21,-6.71381568774609e-05,-0.000997806491570665,0.0,0.0,8.43107532361816e-06,-6.71381568774609e-05,-0.0010062375668942831,0.0,0.0,0.503177176067442,0.30773424931206284
2019-05-22,0.0006835801124140477,0.0013414715623650245,0.0,0.0,8.467501298105173e-06,0.0006835801124140477,0.0013330040610669194,0.0,0.0,0.5036506442854025,0.3090637973808388
2019-05-23,0.0011155052252861083,0.0019265179624176143,0.0,0.0,8.413781553840326e-06,0.0011155052252861083,0.001918104180863774,0.0,0.0,0.5033192387866708,0.30710302671517187
2019-05-24,0.00017461828919182194,-0.003261759371448164,0.0,0.0,8.335712942611815e-06,0.00017461828919182194,-0.003270095084390776,0.0,0.0,0.5029091141927035,0.3042535224053312
2019-05-28,0.0007136397163375705,-0.0018882982045990337,0.0,0.0,3.380494728212453e-05,0.0007136397163375705,-0.0019221031518811584,0.0,0.0,0.5046458520065751,0.3084701439493864
2019-05-29,0.00017895175600355593,0.0013195078248212995,5.033561320118396e-05,2.353164177180532e-16,8.51325898013484e-06,0.00012861614280237197,0.0013109945658409295,0.2500000000004038,1.1687372158252476e-12,0.499999999998461,0.31073395277492166
2019-05-30,0.0013480688612054485,-0.002915713296663186,0.0,0.0,8.464921888625972e-06,0.0013480688612054485,-0.002924178218551812,0.0,0.0,0.49945992389948074,0.308969648934848
2019-05-31,0.0013331130574414012,0.002968679709049038,0.0,0.0,8.558293250774395e-06,0.0013331130574414012,0.0029601214157982635,0.0,0.0,0.5015985669556965,0.31237770365326545
2019-06-03,0.00129710484452283,-0.0011439763444893872,0.0,0.0,2.5322164689962557e-05,0.00129710484452283,-0.0011692985091793498,0.0,0.0,0.500781706726253,0.3080863370612112
2019-06-04,-0.00021395630845863497,-0.00154688646296379,0.0,0.0,8.470980735973466e-06,-0.00021395630845863497,-0.0015553574436997636,0.0,0.0,0.5020146509179533,0.3091907968630315
2019-06-05,-8.7934001314074e-06,0.0029559187893624093,0.0,0.0,8.528450692107724e-06,-8.7934001314074e-06,0.0029473903386703017,0.0,0.0,0.502690111136202,0.3112884502619319
2019-06-06,0.00010578480691811214,-0.0030404298212198624,0.0,0.0,8.422715649265719e-06,0.00010578480691811214,-0.003048852536869128,0.0,0.0,0.5012084680662414,0.3074291211981987
2019-06-07,0.0015140063207492154,0.00010471642550073693,0.0,0.0,8.531122768542775e-06,0.0015140063207492154,9.618530273219416e-05,0.0,0.0,0.5027940096979141,0.3113859810518113
2019-06-10,-0.001307242717996533,-0.0008207258480076821,0.0,0.0,2.5543631334926326e-05,-0.001307242717996533,-0.0008462694793426084,0.0,0.0,0.5034972889016283,0.3107808479082702
2019-06-11,-9.923580099512948e-05,-0.0018466257048416028,0.0,0.0,8.555453691859406e-06,-9.923580099512948e-05,-0.0018551811585334622,0.0,0.0,0.5032738525637296,0.3122740597528683
2019-06-12,0.0003144672448439516,2.19205122062861e-05,4.9911136735853736e-05,1.1800785113236486e-06,8.46469697370114e-06,0.0002645561081080979,1.2275736721261311e-05,0.24422562907928042,0.005774370924794547,0.500000000002665,0.30896143954009164
2019-06-13,0.0006664012681283182,-0.0014729263505716447,0.0,0.0,8.461753928772293e-06,0.0006664012681283182,-0.001481388104500417,0.0,0.0,0.5001760026019694,0.30885401840018867
2019-06-14,-8.804117050770101e-05,0.000221171174614754,0.0,0.0,8.50904283326253e-06,-8.804117050770101e-05,0.00021266213178149147,0.0,0.0,0.5012509167689838,0.31058006341408234
2019-06-17,-0.00044418176985989934,-0.0007313277347536847,0.0,0.0,2.5505771493318005e-05,-0.00044418176985989934,-0.0007568335062470027,0.0,0.0,0.5011004279814464,0.31032021983536906
2019-06-18,0.0010792532984943057,-0.0004491521521922342,0.0,0.0,8.53220751896982e-06,0.0010792532984943057,-0.00045768435971120405,0.0,0.0,0.5012582650451807,0.3114255744423984
2019-06-19,0.001773259777170432,0.0007879263717603841,0.0,0.0,8.539205352576991e-06,0.001773259777170432,0.0007793871664078071,0.0,0.0,0.5020254749019979,0.3116809953690602
2019-06-20,0.002158274602499374,-0.0025963527371891774,0.0,0.0,8.495931215842175e-06,0.002158274602499374,-0.0026048486684050196,0.0,0.0,0.5025159887763194,0.3101014893782394
2019-06-21,-0.0012443387925850052,0.0008921788349738011,0.0,0.0,8.570891705503356e-06,-0.0012443387925850052,0.0008836079432682978,0.0,0.0,0.504899738507919,0.3128375472508724
2019-06-24,0.0007746130502044931,-0.0013789298010268296,0.0,0.0,2.564859758964423e-05,0.0007746130502044931,-0.0014045783986164739,0.0,0.0,0.5038371493181248,0.3120579373406715
2019-06-25,-0.00034616732721522647,0.0009470945189513562,0.0,0.0,8.5927245472529e-06,-0.00034616732721522647,0.0009385017944041033,0.0,0.0,0.5049298506776351,0.31363444597473084
2019-06-26,-0.002443486387177268,-0.0006134607967985703,3.273709113210527e-05,1.1129888286840154e-06,8.410803271799982e-06,-0.0024762234783093735,-0.0006229845888990543,0.16200834795940983,0.0055079261839346035,0.500000000003724,0.30699431942069927
2019-06-27,0.0010780310010836034,-0.0003136710691825984,0.0,0.0,8.45381053472562e-06,0.0010780310010836034,-0.000322124879717324,0.0,0.0,0.4991033387102482,0.30856408451748524
2019-06-28,0.00016514653910659137,0.002392116079886153,0.0,0.0,8.456012311180063e-06,0.00016514653910659137,0.002383660067574973,0.0,0.0,0.49980356513696406,0.3086444493580723
2019-07-01,-0.00015723077012683075,0.0010144414414069792,0.0,0.0,2.5107430667838616e-05,-0.00015723077012683075,0.0009893340107391406,0.0,0.0,0.4986976278674258,0.3054737397920365
2019-07-02,0.0018866787512057859,0.0009851794144585925,0.0,0.0,8.334415545559205e-06,0.0018866787512057859,0.0009768449989130334,0.0,0.0,0.4981259049175841,0.30420616741291095
2019-07-03,0.0018668202512821639,-0.0028714894660742916,0.0,0.0,8.28370374630822e-06,0.0018668202512821639,-0.0028797731698206,0.0,0.0,0.4985848740405248,0.3023551867402501
2019-07-05,-0.00229129006461479,0.0005843913575654219,0.0,0.0,1.6741707943090727e-05,-0.00229129006461479,0.0005676496496223311,0.0,0.0,0.5009591423170856,0.3055361699614058
2019-07-08,-0.0002341385798307337,0.0008583078502281931,0.0,0.0,2.5107806578411217e-05,-0.0002341385798307337,0.0008332000436497819,0.0,0.0,0.499528860384685,0.30547831337066983
2019-07-09,-0.0006509918915092431,0.0007383557976917626,0.0,0.0,8.340756949834786e-06,-0.0006509918915092431,0.0007300150407419278,0.0,0.0,0.4989957926548669,0.3044376286689697
2019-07-10,0.0014809245246057382,-0.001719247832576604,0.0,0.0,8.319870561497649e-06,0.0014809245246057382,-0.0017275677031381015,0.0,0.0,0.4983054230995446,0.30367527549466417
2019-07-11,-0.0007179172421145295,-0.0015059227013788608,5.473891817246695e-07,7.63449705520386e-06,8.21917808189746e-06,-0.0007184646312962541,-0.0015217763765159621,0.0024957409771792644,0.03480837359772759,0.5000000000057706,0.29999999998925725
2019-07-12,0.0012242587053219334,-0.0014512803411084103,0.0,0.0,8.278983155667934e-06,0.0012242587053219334,-0.0014595593242640783,0.0,0.0,0.5004031063228771,0.3021828851818796
2019-07-15,0.0005190343577697221,0.002222518375717695,0.0,0.0,2.4962106381793077e-05,0.0005190343577697221,0.002197556269335902,0.0,0.0,0.5017454260374972,0.3037056276451491
2019-07-16,-0.0007282154059391594,0.0019094481995818964,0.0,0.0,8.237433478282624e-06,-0.0007282154059391594,0.0019012107661036137,0.0,0.0,0.5009037100714044,0.30066632195731585
2019-07-17,0.000890285625399888,0.0009143827054157666,0.0,0.0,8.175529970257016e-06,0.000890285625399888,0.0009062071754455096,0.0,0.0,0.4995894785251683,0.29840684391438105
2019-07-18,0.0018707372638414408,0.0005486810107740074,0.0,0.0,8.135862371108354e-06,0.0018707372638414408,0.000540545148402899,0.0,0.0,0.49958226820231266,0.2969589765454549
2019-07-19,-0.001456374211775545,-0.0009151558580169503,0.0,0.0,8.101295503285327e-06,-0.001456374211775545,-0.0009232571535202356,0.0,0.0,0.5002467692297283,0.2956972858699144
2019-07-22,-0.00036587374203805655,0.0011602522827200421,0.0,0.0,2.4437256461513596e-05,-0.00036587374203805655,0.0011358150262585284,0.0,0.0,0.4999801634970361,0.29731995361508207
2019-07-23,0.000305699524429435,-0.000555406284404103,0.0,0.0,8.107721950214263e-06,0.000305699524429435,-0.0005635140063543172,0.0,0.0,0.49922991203540423,0.29593185118282067
2019-07-24,-0.00029126208731413604,-0.0006904991764533595,0.0,0.0,8.125033311999837e-06,-0.00029126208731413604,-0.0006986242097653594,0.0,0.0,0.49966443228657986,0.2965637158879941
2019-07-25,-0.0007675439936651276,0.001319581581229874,4.9057826903330336e-05,1.2054664630143423e-06,7.987753289233083e-06,-0.0008166018205684579,0.0013103883614776265,0.24400424059538206,0.0059957594422317935,0.49155299509806827,0.29155299505700755
2019-07-26,0.0011464826021723652,0.0006931029427406921,0.0,0.0,7.947675913801644e-06,0.0011464826021723652,0.0006851552668268905,0.0,0.0,0.49054322746094886,0.29009017085376004
2019-07-29,0.00016068927183860424,0.0002258496022727063,0.0,0.0,2.3742572581200973e-05,0.00016068927183860424,0.0002021070296915053,0.0,0.0,0.4907907591229568,0.2888679664046118
2019-07-30,0.0006374038610647862,0.0009427092816481194,0.0,0.0,7.905135246233658e-06,0.0006374038610647862,0.0009348041464018857,0.0,0.0,0.49077339762124905,0.2885374364875285
2019-07-31,-0.0017527785400099358,0.002695137330925319,0.0,0.0,7.866939129987237e-06,-0.0017527785400099358,0.0026872703917953317,0.0,0.0,0.4906394142664253,0.2871432782445341
2019-08-01,0.0029852076089316097,0.003192866201979986,0.0,0.0,7.785823962005846e-06,0.0029852076089316097,0.00318508037801798,0.0,0.0,0.488430201682777,0.2841825746132134
2019-08-02,0.0011006164884506983,0.0005977378974375731,0.0,0.0,7.65113844799806e-06,0.0011006164884506983,0.000590086758989575,0.0,0.0,0.4884018293512583,0.2792665533519292
2019-08-05,-0.0007086564149374182,0.0026568303573685725,0.0,0.0,2.286562721155769e-05,-0.0007086564149374182,0.0026339647301570146,0.0,0.0,0.48867623933491855,0.27819846440728524
2019-08-06,0.0013650350625744488,0.00032702957567870924,0.0,0.0,7.534579475864715e-06,0.0013650350625744488,0.00031949499620284453,0.0,0.0,0.487029900203359,0.2750121508690621
2019-08-07,0.0015864303483423324,-0.0005442553931159021,0.0,0.0,7.512963947861876e-06,0.0015864303483423324,-0.000551768357063764,0.0,0.0,0.48757360287602247,0.2742231840969584
2019-08-08,0.0018544023985740288,-0.002468757464177599,2.5337071256999926e-06,1.1025739771741893e-05,8.21243350723317e-06,0.0018518686914483287,-0.002487995637456574,0.011970400939010143,0.05209067945470515,0.4997538230200568,0.29975382301401066
2019-08-09,-0.0005108138572391023,0.0007956641059779401,0.0,0.0,8.285341226843826e-06,-0.0005108138572391023,0.0007873787647510964,0.0,0.0,0.5019275150358881,0.30241495477979957
2019-08-12,0.0012007912289239346,0.0042465041596235955,0.0,0.0,2.478377230902862e-05,0.0012007912289239346,0.004221720387314567,0.0,0.0,0.5012780652568933,0.30153589642651485
2019-08-13,-0.0008709202693157553,-0.0013713285157501475,0.0,0.0,8.100987159650952e-06,-0.0008709202693157553,-0.0013794295029097984,0.0,0.0,0.4997688540691929,0.29568603132725974
2019-08-14,0.0004084808608680726,0.002820383414196535,0.0,0.0,8.156913712833818e-06,0.0004084808608680726,0.002812226500483701,0.0,0.0,0.5000231608059043,0.29772735051843435
2019-08-15,0.0027466272023505163,0.0002024473332601657,0.0,0.0,8.053704309606581e-06,0.0027466272023505163,0.0001943936289505591,0.0,0.0,0.4988250720850811,0.2939602073006402
2019-08-16,0.000566654704744433,-0.0010917906992715934,0.0,0.0,8.0245574168007e-06,0.000566654704744433,-0.0010998152566883941,0.0,0.0,0.5001008921458783,0.29289634571322554
2019-08-19,-0.00041129667758221214,-0.0007007980046087317,0.0,0.0,2.4176298320816723e-05,-0.00041129667758221214,-0.0007249743029295484,0.0,0.0,0.500934625432006,0.2941449629032702
2019-08-20,0.00023275895012403594,0.0004897747514690307,0.0,0.0,8.087155252098508e-06,0.00023275895012403594,0.0004816875962169322,0.0,0.0,0.5010927058546324,0.2951811667015955
2019-08-21,-0.0005257563491740573,-0.000486270146747948,0.0,0.0,8.067972630575002e-06,-0.0005257563491740573,-0.000494338119378523,0.0,0.0,0.5009675502686382,0.29448100101598756
2019-08-22,9.073001776076941e-05,-0.0006372221526816895,3.0549452717985985e-05,4.407305566711613e-06,7.492899361155788e-06,6.0180565042783426e-05,-0.0006491223576095568,0.1509528131149675,0.021777646221488006,0.3499999999981591,0.27349082668218627
2019-08-23,0.0007204787410633397,0.0020617565885169766,0.0,0.0,7.514783272256264e-06,0.0007204787410633397,0.0020542418052447203,0.0,0.0,0.350297034579396,0.27428958943735365
2019-08-26,7.229075392453145e-05,-0.0008544043933853358,0.0,0.0,2.2312978092375026e-05,7.229075392453145e-05,-0.0008767173714777108,0.0,0.0,0.35004623284602376,0.2714745667905628
2019-08-27,0.0010145787596701338,0.00025197844056253646,0.0,0.0,7.467074417086167e-06,0.0010145787596701338,0.0002445113661454503,0.0,0.0,0.35040039500449105,0.27254821622364506
2019-08-28,0.0004150011650008782,-0.000440991605101879,0.0,0.0,7.450789682447946e-06,0.0004150011650008782,-0.00044844239478432693,0.0,0.0,0.3509730670410226,0.27195382340935004
2019-08-29,-0.000352640751577657,-0.000537152390691987,0.0,0.0,7.4631212201831845e-06,-0.000352640751577657,-0.0005446155119121701,0.0,0.0,0.3513998194481315,0.2724039245366862
2019-08-30,-0.0001457296797125221,0.001143488924170602,0.0,0.0,7.484553286353362e-06,-0.0001457296797125221,0.0011360043708842486,0.0,0.0,0.35136244084735924,0.2731861949518978
2019-09-03,0.0007494086799141007,0.001413952611722198,0.0,0.0,2.978340553798865e-05,0.0007494086799141007,0.0013841692061842094,0.0,0.0,0.35086925422527715,0.2717735755341465
2019-09-04,0.0006861813177328771,-0.003080328215764202,0.0,0.0,7.391342950910118e-06,0.0006861813177328771,-0.003087719558715112,0.0,0.0,0.3508700543164077,0.2697840177082193
2019-09-05,-0.0022074456941965606,-0.0016007555595589102,0.0,0.0,7.493731988705218e-06,-0.0022074456941965606,-0.0016082492915476154,0.0,0.0,0.3524025438193422,0.2735212175877405
2019-09-06,-0.000869581653543691,0.0006232418356906565,3.04996132027426e-05,6.887709676503543e-06,8.485019473206004e-06,-0.0009000812667464336,0.0006078691065409469,0.14846354599042472,0.03352743510315485,0.5000000000001708,0.30970321077201907
2019-09-09,-0.0020337429571787033,-0.001906953444661,0.0,0.0,2.5411258542011975e-05,-0.0020337429571787033,-0.0019323647032030119,0.0,0.0,0.49927631295657565,0.30917031226114566
2019-09-10,-0.0027227685685360446,-0.0017153483231008074,0.0,0.0,8.556601215485285e-06,-0.0027227685685360446,-0.0017239049243162926,0.0,0.0,0.4992225403408781,0.3123159443652129
2019-09-11,0.0004290062688686444,0.00012106185965216998,0.0,0.0,8.642025324890549e-06,0.0004290062688686444,0.00011241983432727943,0.0,0.0,0.4987174052386408,0.31543392435850504
2019-09-12,-0.00013770640485578984,-0.001504661324893723,0.0,0.0,8.63403387029915e-06,-0.00013770640485578984,-0.0015132953587640222,0.0,0.0,0.49887630685271334,0.315142236265919
2019-09-13,-0.0033576680013243545,-0.0018475473399537888,0.0,0.0,8.689604019803296e-06,-0.0033576680013243545,-0.001856236943973592,0.0,0.0,0.49956338047005344,0.3171705467228203
2019-09-16,0.001581218905911088,-0.0015330939672249882,0.0,0.0,2.6358093861365892e-05,0.001581218905911088,-0.001559452061086354,0.0,0.0,0.4988064418425988,0.3206901419799516
2019-09-17,0.001082182387827253,0.00048444220964354457,0.0,0.0,8.827841707305902e-06,0.001082182387827253,0.0004756143679362387,0.0,0.0,0.5003767691250223,0.3222162223166654
2019-09-18,-0.0010717218514687272,0.0003772920382180701,0.0,0.0,8.800859367829463e-06,-0.0010717218514687272,0.00036849117885024064,0.0,0.0,0.5006789953981395,0.3212313669257754
2019-09-19,0.001191036770284725,-0.000165798459584713,0.0,0.0,8.796708715045617e-06,0.001191036770284725,-0.00017459516829975861,0.0,0.0,0.4999588599520363,0.321079868099165
2019-09-20,0.002519597219702681,0.0011897784470737273,3.0375284186738784e-05,1.7090475115824882e-06,8.562690098721742e-06,0.0024892219355159423,0.001179506709463423,0.14896240325638813,0.008381282066023378,0.500000000007501,0.3125381886033436
2019-09-23,0.0015080106223177433,9.260293396355597e-05,0.0,0.0,2.5496739667644423e-05,0.0015080106223177433,6.710619429591154e-05,0.0,0.0,0.5006827281603554,0.3102103326230072
2019-09-24,0.0014086424544013207,0.0005552838018626942,0.0,0.0,8.483014417200101e-06,0.0014086424544013207,0.0005468007874454942,0.0,0.0,0.5014009736771678,0.3096300262278038
2019-09-25,-0.0032361613933951797,0.0008814848748033929,0.0,0.0,8.451275173431675e-06,-0.0032361613933951797,0.0008730335996299612,0.0,0.0,0.5018283193359564,0.30847154383025616
2019-09-26,0.0005346858885438455,0.00020266410463675333,0.0,0.0,8.447086447649897e-06,0.0005346858885438455,0.00019421701818910344,0.0,0.0,0.4997731858486187,0.3083186553392212
2019-09-27,-0.0008546708643902149,0.0006614501594551602,0.0,0.0,8.43538542946802e-06,-0.0008546708643902149,0.0006530147740256921,0.0,0.0,0.4999434614948767,0.3078915681755827
2019-09-30,-0.0012164290790110854,-0.0006583533562952641,0.0,0.0,2.5256883726300526e-05,-0.0012164290790110854,-0.0006836102400215647,0.0,0.0,0.4991894552243782,0.3072920853366565
2019-10-01,0.0009861485902028487,0.0008650051883427683,0.0,0.0,8.453059465705804e-06,0.0009861485902028487,0.0008565521288770626,0.0,0.0,0.49892099565420095,0.30853667049826183
2019-10-02,0.0009166708899409179,0.002223183840170966,0.0,0.0,8.413856474047478e-06,0.0009166708899409179,0.0022147699836969183,0.0,0.0,0.4989876593257522,0.30710576130273287
2019-10-03,0.0016568810465313565,-0.0013283604513921288,0.0,0.0,8.326872219723023e-06,0.0016568810465313565,-0.0013366873236118518,0.0,0.0,0.4983437960835134,0.30393083601989035
2019-10-04,0.0022025590413869713,-0.0005577833994823629,4.031567008947279e-05,4.7351691800990934e-07,8.422217751953589e-06,0.0021622433712974987,-0.0005666791341523265,0.19984063129783192,0.002347174674643773,0.49999999999813594,0.3074109479463059
2019-10-07,-0.002183683338259041,0.001288711021647697,0.0,0.0,2.5272175088011816e-05,-0.002183683338259041,0.0012634388465596852,0.0,0.0,0.5014025390797535,0.3074781302374771
2019-10-08,4.4980320980972575e-05,0.000932882344651704,0.0,0.0,8.396478024043887e-06,4.4980320980972575e-05,0.0009244858666276601,0.0,0.0,0.4996786822964974,0.3064714478776019
2019-10-09,0.0002731733128521178,-0.0007909736064919712,0.0,0.0,8.36281214003938e-06,0.0002731733128521178,-0.0007993364186320106,0.0,0.0,0.49923966664115677,0.3052426431114374
2019-10-10,-0.00212650847007426,-0.0019265856464545626,0.0,0.0,8.388896577683662e-06,-0.00212650847007426,-0.0019349745430322462,0.0,0.0,0.4997758035429946,0.3061947250854537
2019-10-11,-0.0019690179533853216,-0.004833967813895602,0.0,0.0,8.476105303788318e-06,-0.0019690179533853216,-0.00484244391919939,0.0,0.0,0.49967873175394967,0.3093778435882736
2019-10-14,-0.00012464006070838182,0.0008896142760495809,0.0,0.0,2.6002745040853182e-05,-0.00012464006070838182,0.0008636115310087278,0.0,0.0,0.5011230946532668,0.31636673133038035
2019-10-15,-0.0021572566563932685,-0.0026717491716490406,0.0,0.0,8.636826318176949e-06,-0.0021572566563932685,-0.0026803859979672175,0.0,0.0,0.5006285044105798,0.3152441606134586
2019-10-16,0.000880113597299222,-0.00012712554679495476,0.0,0.0,8.752365743466544e-06,0.000880113597299222,-0.0001358779125384213,0.0,0.0,0.5008943958488752,0.31946134963652895
2019-10-17,0.0005620701259176231,-0.0014381163165907125,0.0,0.0,8.749337066296819e-06,0.0005620701259176231,-0.0014468656536570095,0.0,0.0,0.5014013486701069,0.31935080291983386
2019-10-18,0.00035405330778561243,-0.0008708195954449116,4.902033814134107e-07,1.1709964142417834e-06,8.638928935447257e-06,0.00035356310440419903,-0.0008806295207946007,0.0024079471041997718,0.005752097051170359,0.5000000000106454,0.31532090614382485
2019-10-21,-0.00041982021167604714,-0.00021306907142131746,0.0,0.0,2.6002065835324584e-05,-0.00041982021167604714,-0.00023907113725664205,0.0,0.0,0.500617912207399,0.31635846766311576
2019-10-22,0.001183987173835958,0.0010050585395950593,0.0,0.0,8.678911246786252e-06,0.001183987173835958,0.000996379628348273,0.0,0.0,0.5005278854893714,0.3167802605076982
2019-10-23,0.0006360126770568784,-0.0008883574055628992,0.0,0.0,8.632553263831841e-06,0.0006360126770568784,-0.0008969899588267311,0.0,0.0,0.5006203367005672,0.3150881941298622
2019-10-24,0.0015776458602579225,0.0006938291366375032,0.0,0.0,8.65915166475226e-06,0.0015776458602579225,0.0006851699849727509,0.0,0.0,0.5013872000462063,0.31605903576345745
2019-10-25,-0.000985270297168455,-0.0005243612738614554,0.0,0.0,8.620635736170367e-06,-0.000985270297168455,-0.0005329819095976258,0.0,0.0,0.5018292986179504,0.31465320437021843
2019-10-28,-0.0030775439718556826,-0.0007354276662221573,0.0,0.0,2.5944395531172242e-05,-0.0030775439718556826,-0.0007613720617533295,0.0,0.0,0.5016055921179413,0.3156568122959289
2019-10-29,-0.00019154012917734848,0.00026285572543693957,0.0,0.0,8.701685587228485e-06,-0.00019154012917734848,0.0002541540398497111,0.0,0.0,0.5004492307219113,0.3176115239338397
2019-10-30,0.0018821792998700878,-0.00028188692845119295,0.0,0.0,8.693939698940485e-06,0.0018821792998700878,-0.00029058086815013346,0.0,0.0,0.5002263694635204,0.31732879901132766
2019-10-31,0.0027325912798792373,0.00036250094807846223,0.0,0.0,8.687835083792688e-06,0.0027325912798792373,0.0003538131129946695,0.0,0.0,0.5013106634975634,0.3171059805584331
2019-11-01,0.0006744358648194655,-0.002362675779833127,4.112949534083696e-05,7.551391339738676e-08,8.641016777074492e-06,0.0006333063694786286,-0.002371392310523599,0.20249236014503996,0.0003717767607141721,0.5000000000013871,0.31539711236321893
2019-11-04,-0.0014056380820732495,-0.00041753340564531024,0.0,0.0,2.6162715909775107e-05,-0.0014056380820732495,-0.0004436961215550854,0.0,0.0,0.5015461662064751,0.3183130435689304
2019-11-05,-0.002906412874006412,-0.0009243888565615297,0.0,0.0,8.748523518419772e-06,-0.002906412874006412,-0.0009331373800799494,0.0,0.0,0.501067168777938,0.31932110842232164
2019-11-06,0.0010225339100841371,0.001245551968636,0.0,0.0,8.807666719508145e-06,0.0010225339100841371,0.001236744301916492,0.0,0.0,0.5000808414256914,0.32147983526204726
2019-11-07,-0.0027626606622601,0.00027971465496701663,0.0,0.0,8.753764817912577e-06,-0.0027626606622601,0.00027096089014910405,0.0,0.0,0.49997379543318216,0.319512415853809
2019-11-08,-0.0010255416041794548,0.0003842548046601727,0.0,0.0,8.767948497982305e-06,-0.0010255416041794548,0.00037548685616219037,0.0,0.0,0.49845313032215366,0.3200301201763541
2019-11-11,-0.001039719865235187,0.00047726769227063467,0.0,0.0,2.6289352425629097e-05,-0.001039719865235187,0.0004509783398450056,0.0,0.0,0.49775115421910543,0.319853787845154
2019-11-12,0.0009646286394104146,-0.001290080961198222,0.0,0.0,8.755196195587483e-06,0.0009646286394104146,-0.0012988361573938094,0.0,0.0,0.49700404127125325,0.3195646611389431
2019-11-13,0.001867560807872697,0.0009522774218192525,0.0,0.0,8.793479726489753e-06,0.001867560807872697,0.0009434839420927627,0.0,0.0,0.4981351504229069,0.32096201001687596
2019-11-14,0.0006766677602230071,0.00015080540395337705,0.0,0.0,8.742813494138517e-06,0.0006766677602230071,0.00014206259045923853,0.0,0.0,0.4986011211667967,0.3191126925360559
2019-11-15,0.0007567425240931638,-0.0004257600458336209,4.919421578037789e-05,1.175699408145774e-06,8.571661135770252e-06,0.0007075483083127859,-0.0004355074063775369,0.2441646744849221,0.005835325530212637,0.5000000000148824,0.3128656314556142
2019-11-18,0.00048774258582876624,0.00032027732430700985,0.0,0.0,2.5742974241749423e-05,0.00048774258582876624,0.0002945343500652604,0.0,0.0,0.5006205532721362,0.3132061866079513
2019-11-19,-0.0007852840045136784,0.0005447239978207256,0.0,0.0,8.565516087023675e-06,-0.0007852840045136784,0.0005361584817337019,0.0,0.0,0.5007165968128588,0.31264133717636416
2019-11-20,-7.700274690853162e-05,-0.00034516723752537677,0.0,0.0,8.552722843427464e-06,-7.700274690853162e-05,-0.00035371996036880424,0.0,0.0,0.5000558894932344,0.3121743837851024
2019-11-21,-0.0006860985578754169,-0.0001089308356322599,0.0,0.0,8.565868994355426e-06,-0.0006860985578754169,-0.00011749670462661532,0.0,0.0,0.5001943318030848,0.312654218293973
2019-11-22,0.0004904485692630998,5.209836697600838e-05,0.0,0.0,8.575744828727896e-06,0.0004904485692630998,4.3522622147280485e-05,0.0,0.0,0.49990995851955333,0.3130146862485682
2019-11-25,0.0002907061306279448,-0.0022413185886322414,0.0,0.0,2.5709224443417733e-05,0.0002907061306279448,-0.0022670278130756593,0.0,0.0,0.5001333502878992,0.31279556406158243
2019-11-26,0.0005645603042750741,0.000583469790168575,0.0,0.0,8.648239172460422e-06,0.0005645603042750741,0.0005748215509961145,0.0,0.0,0.5014150137821696,0.31566072979480536
2019-11-27,-0.00013912184960440994,-8.763160378040882e-05,0.0,0.0,8.622429459083138e-06,-0.00013912184960440994,-9.625403323949196e-05,0.0,0.0,0.5014082785917346,0.3147186752565345
2019-11-29,-0.0009167777443552975,3.138481937621672e-05,0.0,0.0,1.7253721759871845e-05,-0.0009167777443552975,1.4131097616344875e-05,0.0,0.0,0.5013871711901956,0.31488042211766115
2019-12-02,-0.0010750578436384418,0.00019598726108659793,4.071222420698395e-05,9.748522914341865e-06,2.1931720778579458e-05,-0.0011157700678454258,0.0001643070173936766,0.2017024446246548,0.048297555380551055,0.4668359360910002,0.2668359361393834
2019-12-03,0.0007338163887726043,5.1452319421358024e-05,0.0,0.0,7.312161330182057e-06,0.0007338163887726043,4.414015809117597e-05,0.0,0.0,0.46620445455983145,0.2668938885516451
2019-12-04,0.0025713430361217968,-0.001384966304884897,0.0,0.0,7.3050686516123596e-06,0.0025713430361217968,-0.0013922713735365093,0.0,0.0,0.4665752956427539,0.26663500578385113
2019-12-05,-0.0002902992381864271,-0.00032641435472963664,0.0,0.0,7.334365191777297e-06,-0.0002902992381864271,-0.0003337487199214139,0.0,0.0,0.46859413261585464,0.26770432949987133
2019-12-06,0.0015686504474853723,-0.0006486864535466192,0.0,0.0,7.3478934887390274e-06,0.0015686504474853723,-0.0006560343470353582,0.0,0.0,0.4685962599168463,0.2681981123389745
2019-12-09,-0.0013746307519033338,6.474478193005592e-05,0.0,0.0,2.2076849472753085e-05,-0.0013746307519033338,4.2667932457302835e-05,0.0,0.0,0.46973622152560274,0.26860166858516255
2019-12-10,0.00026424045192458635,-0.0011333967646193527,0.0,0.0,7.366988549448259e-06,0.00026424045192458635,-0.001140763753168801,0.0,0.0,0.46898626303889823,0.2688950820548614
2019-12-11,0.0015727790321610627,0.00027071897886820175,0.0,0.0,7.404530759347562e-06,0.0015727790321610627,0.0002633144481088542,0.0,0.0,0.46966217332945914,0.270265372716186
2019-12-12,0.00036578782964988114,-0.0017663944564537068,0.0,0.0,7.383556900336495e-06,0.00036578782964988114,-0.0017737780133540433,0.0,0.0,0.47037130667213345,0.2694998268622821
2019-12-13,0.0018048717127627332,-0.0010716266657947902,0.0,0.0,7.442430137583082e-06,0.0018048717127627332,-0.0010790690959323734,0.0,0.0,0.47140082223207613,0.2716487000217825
2019-12-16,0.002443493222364907,-0.0026902366709517737,3.5220073317105945e-05,1.660685799499133e-05,1.6948138295791015e-05,0.002408273149047801,-0.002723791667242556,0.16989272000606698,0.08010728001958092,0.4062023492927006,0.20620234926545736
2019-12-17,-0.0004997335214899536,0.0004139741006302821,0.0,0.0,5.724890855282476e-06,-0.0004997335214899536,0.00040824920977499963,0.0,0.0,0.4087748185400866,0.20895851621781036
2019-12-18,-0.00028971255215043206,0.0005814638703810014,0.0,0.0,5.71407184703084e-06,-0.00028971255215043206,0.0005757497985339706,0.0,0.0,0.40831243920106164,0.20856362241662565
2019-12-19,0.0002706934998001722,0.0006553796054478804,0.0,0.0,5.696511915451812e-06,0.0002706934998001722,0.0006496830935324286,0.0,0.0,0.40790605032549293,0.20792268491399116
2019-12-20,0.00042807689697100257,-0.00022432928810050022,0.0,0.0,5.673334705354153e-06,0.00042807689697100257,-0.00023000262280585437,0.0,0.0,0.4078014129500859,0.20707671674542663
2019-12-23,-1.8540764056287184e-05,0.0005835866444617005,0.0,0.0,1.7035067931026166e-05,-1.8540764056287184e-05,0.0005665515765306743,0.0,0.0,0.4081486461002291,0.20725999316081833
2019-12-24,-7.816404337717715e-05,-0.0004753372997769274,0.0,0.0,5.659265962879663e-06,-7.816404337717715e-05,-0.0004809965657398071,0.0,0.0,0.4079065681263603,0.20656320764510772
2019-12-26,0.0013976347865186222,-0.0010689864341906687,0.0,0.0,1.1350924795221696e-05,0.0013976347865186222,-0.0010803373589858905,0.0,0.0,0.40805657324503286,0.20715437751279595
2019-12-27,0.00010132580390097141,-0.0011572394268872892,0.0,0.0,5.70294016893274e-06,0.00010132580390097141,-0.001162942367056222,0.0,0.0,0.4093243304744654,0.208157316166045
2019-12-30,-0.001825860297991305,0.00023009856596821043,0.0,0.0,1.7222219469574613e-05,-0.001825860297991305,0.0002128763464986358,0.0,0.0,0.40986077126172543,0.20953700354649116
2019-12-31,0.0011182900748431333,-0.0005200441209148752,3.712946782707212e-05,1.4216305405797962e-05,5.410880925271126e-06,0.0010811606070160612,-0.0005396713072459443,0.1807815205109596,0.06921847949122609,0.39749715375730055,0.19749715377239613
2020-01-02,0.0028906014985631335,-0.00014043932809830128,0.0,0.0,1.0844385300208912e-05,0.0028906014985631335,-0.00015128371339851018,0.0,0.0,0.3983997146496294,0.19791003172881266
2020-01-03,-0.003255880448106838,0.0011819059544813377,0.0,0.0,5.411217259251411e-06,-0.003255880448106838,0.0011764947372220863,0.0,0.0,0.40019405744910497,0.19750942996267648
2020-01-06,0.0011599286034070192,-0.00019501151242078086,0.0,0.0,1.617013276560729e-05,0.0011599286034070192,-0.00021118164518638816,0.0,0.0,0.397765284449769,0.19673661531488873
2020-01-07,-0.000762667275443278,0.00013853502932648456,0.0,0.0,5.390273031222294e-06,-0.000762667275443278,0.00013314475629526225,0.0,0.0,0.3985470927112586,0.19674496563961372
2020-01-08,0.001046263806428793,0.0008036693161636387,0.0,0.0,5.3898705958821755e-06,0.001046263806428793,0.0007982794455677566,0.0,0.0,0.3980349974301067,0.1967302767496994
2020-01-09,0.0020628359130889303,-0.0007247433383453476,0.0,0.0,5.3579692524240705e-06,0.0020628359130889303,-0.0007301013075977717,0.0,0.0,0.398346493899257,0.19556587771347858
2020-01-10,-0.0013820737917663631,-0.0006272042957363259,0.0,0.0,5.370667559785032e-06,-0.0013820737917663631,-0.0006325749632961109,0.0,0.0,0.39987640069522024,0.19602936593215367
2020-01-13,0.002066705777973885,0.00043927850441374453,0.0,0.0,1.6196183337959403e-05,0.002066705777973885,0.0004230823210757851,0.0,0.0,0.39929877368074773,0.19705356394517276
2020-01-14,-1.315549347129373e-05,-0.0005848088466335829,0.0,0.0,5.37331433771113e-06,-1.315549347129373e-05,-0.0005901821609712941,0.0,0.0,0.4003686463677625,0.19612597332645626
2020-01-15,0.00046141687516270573,6.687904893466624e-05,2.0254289830278307e-05,3.244029028916941e-05,7.958342357252208e-06,0.0004411625853324274,2.6480416288244616e-05,0.09609285146416047,0.15390714867481337,0.49047949619008663,0.29047949603970563
2020-01-16,0.0017456704569616885,0.001457963309003667,0.0,0.0,7.952790987493016e-06,0.0017456704569616885,0.0014500105180161739,0.0,0.0,0.4907114352967176,0.29027687104349514
2020-01-17,0.0004917826084998682,-0.0007781728001863088,0.0,0.0,7.88764040486704e-06,0.0004917826084998682,-0.0007860604405911758,0.0,0.0,0.49088838308701055,0.287898874777647
2020-01-21,-0.001274148477104548,0.0004217897052543304,0.0,0.0,3.1645153297556086e-05,-0.001274148477104548,0.0003901445519567743,0.0,0.0,0.4915248105511786,0.2887620238401993
2020-01-22,0.0012623271870317574,0.0006616309910786205,0.0,0.0,7.90672201534991e-06,0.0012623271870317574,0.0006537242690632706,0.0,0.0,0.4906844290353501,0.28859535356027166
2020-01-23,-0.0003243871757599733,-0.00013622504477059431,0.0,0.0,7.873509090324908e-06,-0.0003243871757599733,-0.00014409855386091923,0.0,0.0,0.49100596353100695,0.2873830817968591
2020-01-24,-0.0026626752070647132,0.0017077937802090389,0.0,0.0,7.880933388160766e-06,-0.0026626752070647132,0.001699912846820878,0.0,0.0,0.4909115614162765,0.28765406866786797
2020-01-27,-0.006141000239433652,0.0017594992129724876,0.0,0.0,2.3525082616475096e-05,-0.006141000239433652,0.0017359741303560126,0.0,0.0,0.4887194068588561,0.28622183850044697
2020-01-28,0.0032316444425663396,-7.252152067629259e-06,0.0,0.0,7.827971164964817e-06,0.0032316444425663396,-1.5080123232594076e-05,0.0,0.0,0.4847135826062275,0.28572094752121585
2020-01-29,-0.0008438037100616891,0.0010238933321120823,0.0,0.0,7.803070775026376e-06,-0.0008438037100616891,0.001016090261337056,0.0,0.0,0.48638075207605524,0.28481208328846264
2020-01-30,0.0017991747926370102,0.00033642679592199045,4.527907121103882e-05,6.219998138621019e-06,6.946427236595208e-06,0.0017538957214259714,0.0003232603705467742,0.2198052886405097,0.030194711367438825,0.4535445941135287,0.25354459413572505
2020-01-31,-0.004766192325090052,0.0007949168375804838,0.0,0.0,6.922830265045461e-06,-0.004766192325090052,0.0007879940073154384,0.0,0.0,0.45439990936623365,0.25268330467415934
2020-02-03,-0.00019577786125223214,0.0008913970997118349,0.0,0.0,2.0785845379773656e-05,-0.00019577786125223214,0.0008706112543320612,0.0,0.0,0.45142959349056144,0.25289445212057937
2020-02-04,0.004931521605215631,-0.00023824057980748492,0.0,0.0,6.899537250109776e-06,0.004931521605215631,-0.0002451401170575947,0.0,0.0,0.45092951333578507,0.25183310962900685
2020-02-05,0.0033951278205661154,-0.0007185647290647955,0.0,0.0,6.873850901664664e-06,0.0033951278205661154,-0.0007254385799664602,0.0,0.0,0.4537346612241043,0.25089555791076024
2020-02-06,0.00048329464011859094,0.0006330437914029178,0.0,0.0,6.875183004476344e-06,0.00048329464011859094,0.0006261686083984415,0.0,0.0,0.4559126439644252,0.25094417966338656
2020-02-07,-0.0021539839264929344,-0.00013172216718549692,0.0,0.0,6.850239250266736e-06,-0.0021539839264929344,-0.00013857240643576365,0.0,0.0,0.45589014524303556,0.25003373263473583
2020-02-10,0.0017321877021919752,0.0008317666272362936,0.0,0.0,2.0608791044718478e-05,0.0017321877021919752,0.000811157836191575,0.0,0.0,0.45477876725950483,0.2507402910440748
2020-02-11,0.001120399917976165,8.74049606982601e-05,0.0,0.0,6.82943926425017e-06,0.001120399917976165,8.057552143400992e-05,0.0,0.0,0.455352835359495,0.24927453314513115
2020-02-12,0.000870559559829492,-0.0009610839261050971,0.0,0.0,6.818855330016441e-06,0.000870559559829492,-0.0009679027814351135,0.0,0.0,0.4559256797339144,0.2488882195456001
2020-02-13,0.0001721497486322331,0.00033036459200279215,4.013561874521517e-05,1.1262321974165692e-05,7.995296106785456e-06,0.00013201412988701793,0.000311106973921841,0.19521997468908728,0.05478002531103599,0.49182830789772647,0.2918283078976691
2020-02-14,0.0007685031903698865,0.0002423916201124261,0.0,0.0,7.982707715818631e-06,0.0007685031903698865,0.00023440891239660745,0.0,0.0,0.49178253842509767,0.29136883162738003
2020-02-18,-0.0013304794017102264,-0.0019551188697989473,0.0,0.0,3.187230228035672e-05,-0.0013304794017102264,-0.001986991172079304,0.0,0.0,0.4920575511421694,0.29083475830825506
2020-02-19,0.0005737207375378925,0.0008263023831722049,0.0,0.0,8.048340603752401e-06,0.0005737207375378925,0.0008182540425684525,0.0,0.0,0.49236046308845244,0.2937644320369627
2020-02-20,-0.0011467086422344225,0.0013832890035404143,0.0,0.0,8.01454613620004e-06,-0.0011467086422344225,0.0013752744574042142,0.0,0.0,0.49224898565242936,0.29253093397130137
2020-02-21,-0.0007960460630313705,0.0002427751752938083,0.0,0.0,7.974825034950968e-06,-0.0007960460630313705,0.00023480035025885733,0.0,0.0,0.49099005346838354,0.2910811137757104
2020-02-24,-0.011129480345097455,0.002546452899024014,0.0,0.0,2.391794482484743e-05,-0.011129480345097455,0.0025225349541991666,0.0,0.0,0.49046928118666494,0.2910016620356437
2020-02-25,-0.0077871818505063275,0.0011019615050970291,0.0,0.0,7.971492643969766e-06,-0.0077871818505063275,0.0010939900124530594,0.0,0.0,0.48350126986774905,0.2909594815048964
2020-02-26,-0.0013353515746758068,0.0013628070026361781,0.0,0.0,7.994812733134907e-06,-0.0013353515746758068,0.0013548121899030433,0.0,0.0,0.47891958869940954,0.2918106647594241
2020-02-27,-0.013879760996974678,0.0022589052987371594,0.0,0.0,7.957320700624096e-06,-0.013879760996974678,0.0022509479780365355,0.0,0.0,0.47757494322252136,0.2904422055727795
2020-02-28,-0.001973218811345061,-0.00041130991181017945,5.4899408311129486e-05,1.8678574936053176e-05,5.479452054899737e-06,-0.0020281182196561906,-0.00043546793880113236,0.2691509497349082,0.09157395932651963,0.1999999999988858,0.20000000000384038
2020-03-02,0.005518019753944861,-0.001740837950813453,0.0,0.0,1.651284327093966e-05,0.005518019753944861,-0.0017573507940843926,0.0,0.0,0.19851584206829465,0.20090625979643248
2020-03-03,-0.001948343670104528,-0.0009485774349811127,0.0,0.0,5.531174365000432e-06,-0.001948343670104528,-0.0009541086093461131,0.0,0.0,0.20326943277591075,0.2018878643225157
2020-03-04,0.006522442712896518,-0.00014584120216183164,0.0,0.0,5.573339138764084e-06,0.006522442712896518,-0.00015141454130059573,0.0,0.0,0.20190711487160262,0.20342687856488906
2020-03-05,-0.003533466484778756,0.00031732473913302867,0.0,0.0,5.542026381931368e-06,-0.003533466484778756,0.0003117827127510973,0.0,0.0,0.20711005359840293,0.20228396294049494
2020-03-06,-0.0015147663398039782,0.0015596671899763763,0.0,0.0,5.5512168186014655e-06,-0.0015147663398039782,0.0015541159731577749,0.0,0.0,0.20423456630156508,0.2026194138789535
2020-03-09,-0.01103013657598335,0.0022988976323719363,0.0,0.0,1.6524808386819456e-05,-0.01103013657598335,0.002282372823985117,0.0,0.0,0.20271182332583676,0.20105183537297006
2020-03-10,0.004357861675746536,0.00021297806444707502,0.0,0.0,5.4933404096084e-06,0.004357861675746536,0.0002074847240374666,0.0,0.0,0.19337327043557506,0.2005069249507066
2020-03-11,-0.008005722635144484,0.0024980624446707626,0.0,0.0,5.462566884086255e-06,-0.008005722635144484,0.002492599877786676,0.0,0.0,0.19683252345898775,0.1993836912691483
2020-03-12,-0.014165269891866101,0.005173568110462777,0.0,0.0,5.424030161227431e-06,-0.014165269891866101,0.00516814408030155,0.0,0.0,0.18987359727399591,0.19797710088480125
2020-03-13,0.008729378347332848,-0.0016264653337790284,0.0,2.303913650425641e-06,5.025940233976112e-06,0.008729378347332848,-0.00163379518766343,0.0,0.011107140682474155,0.17730354972585025,0.18344681854012806
2020-03-16,-0.013506137504893745,0.004473067545354135,0.0,0.0,1.5104328763345444e-05,-0.013506137504893745,0.004457963216590789,0.0,0.0,0.18472221622650947,0.18376933328736955
2020-03-17,0.007201264291279846,0.0017434581448960939,0.0,0.0,4.95707897319571e-06,0.007201264291279846,0.0017385010659228982,0.0,0.0,0.17277941700006366,0.1809333825216434
2020-03-18,-0.008818181828674153,0.003689110936071644,0.0,0.0,4.8658137633073985e-06,-0.008818181828674153,0.0036842451223083367,0.0,0.0,0.17838595273090813,0.17760220236072005
2020-03-19,-0.0012150885873753797,-0.0012808208783202072,0.0,0.0,4.7893303496934895e-06,-0.0012150885873753797,-0.0012856102086699006,0.0,0.0,0.17044281351889493,0.17481055776381235
2020-03-20,-0.004097922069313567,0.00022872357026645863,0.0,0.0,4.8365160024054344e-06,-0.004097922069313567,0.0002238870542640532,0.0,0.0,0.16965197341719063,0.17653283408779835
2020-03-23,-0.003560664877044222,-0.001285120938788636,0.0,0.0,1.4547104803034708e-05,-0.003560664877044222,-0.0012996680435916708,0.0,0.0,0.1661979078623638,0.17698977510358893
2020-03-24,0.009895456740789649,-0.0030519125479695954,0.0,0.0,4.908098720979735e-06,0.009895456740789649,-0.0030568206466905752,0.0,0.0,0.1634315748488287,0.17914560331576035
2020-03-25,0.003224556647971122,-0.002017643765107653,0.0,0.0,4.957808117847532e-06,0.003224556647971122,-0.0020226015732255007,0.0,0.0,0.17214976201352217,0.18095999630143492
2020-03-26,0.008108772257275815,-0.001755541635822525,0.0,0.0,5.007067758718159e-06,0.008108772257275815,-0.0017605487035812432,0.0,0.0,0.17516377966761018,0.1827579731932128
2020-03-27,-0.002188189391267435,0.0010330382661835752,0.0,0.0,5.023275911379261e-06,-0.002188189391267435,0.001028014990272196,0.0,0.0,0.18211643607587424,0.183349570765343
2020-03-30,0.003908014408005122,1.8016628636746142e-05,0.0,0.0,1.5002325793724238e-05,0.003908014408005122,3.0143028430219038e-06,0.0,0.0,0.1801372372959836,0.1825282971569782
2020-03-31,-0.002119414769948075,-0.00046351738450418824,0.0,0.0,4.980801600249112e-06,-0.002119414769948075,-0.00046849818610443733,0.0,0.0,0.18332824965607428,0.18179925840909258
2020-04-01,-0.0054384058839000915,0.002820026267095085,0.0,0.0,5.006456981560385e-06,-0.0054384058839000915,0.0028150198101135246,0.0,0.0,0.18167900433528822,0.18273567982695404
2020-04-02,0.0034457844618548555,-0.0007760078900121818,0.0,0.0,4.942161184767869e-06,0.0034457844618548555,-0.0007809500511969497,0.0,0.0,0.17670416168834147,0.18038888324402724
2020-04-03,-0.0020009465406731013,-0.00035882704168869615,0.0,0.0,4.950230131310597e-06,-0.0020009465406731013,-0.00036377727182000674,0.0,0.0,0.17967115228099534,0.1806833997928368
2020-04-06,0.007173382981583494,-0.0015937540662846652,0.0,0.0,1.491545395664066e-05,0.007173382981583494,-0.0016086695202413058,0.0,0.0,0.17809134257891748,0.18147135647246135
2020-04-07,-0.00010148912310915792,-0.0009774432336907594,0.0,0.0,4.987727207778958e-06,-0.00010148912310915792,-0.0009824309608985383,0.0,0.0,0.1842394856147896,0.182052043083932
2020-04-08,0.0034675906839167965,-0.0006121938922631753,0.0,0.0,5.019947696584414e-06,0.0034675906839167965,-0.0006172138399597597,0.0,0.0,0.18433780393961252,0.1832280909253311
2020-04-09,0.003239537322972465,-0.0010137269104661011,0.0,0.0,5.0224043868236955e-06,0.003239537322972465,-0.0010187493148529248,0.0,0.0,0.1872715999913831,0.18331776011906487
2020-04-13,-0.0013798245162650337,-0.00033466751406630604,0.0,0.0,2.0155948817918757e-05,-0.0013798245162650337,-0.0003548234628842248,0.0,0.0,0.1900889899649658,0.18392303296350865
2020-04-14,0.004393820810737412,0.0006633435519171802,0.0,0.0,5.056928167694601e-06,0.004393820810737412,0.0006582866237494856,0.0,0.0,0.18903707823444443,0.1845778781208529
2020-04-15,-0.003518409217728994,0.00218886396568313,0.0,0.0,5.013426004959757e-06,-0.003518409217728994,0.00218385053967817,0.0,0.0,0.19245857763428487,0.18299004918103118
2020-04-16,0.0005189959042451611,0.0009639188596998572,0.0,0.0,4.960076642514681e-06,0.0005189959042451611,0.0009589587830573426,0.0,0.0,0.18919265711893743,0.18104279745178584
2020-04-17,0.003318601200936706,-0.0019312664409072084,0.0,0.0,4.926386929977868e-06,0.003318601200936706,-0.0019361928278371862,0.0,0.0,0.18943168158146567,0.17981312294419216
2020-04-20,-0.0027143095896952664,0.0003343118099804652,0.0,0.0,1.4917273254502533e-05,-0.0027143095896952664,0.00031939453672596264,0.0,0.0,0.19248419102504008,0.18149349126311415
2020-04-21,-0.003867232106151477,0.0015396344173644703,0.0,0.0,4.975180324747788e-06,-0.003867232106151477,0.0015346592370397226,0.0,0.0,0.19022545524156076,0.1815940818532943
2020-04-22,0.002258089382613184,-0.0009089649119047923,0.0,0.0,4.944532041178193e-06,0.002258089382613184,-0.0009139094439459704,0.0,0.0,0.1867939335970324,0.18047541950300405
2020-04-23,-0.00026434037132494573,-0.00029292206177027004,0.0,0.0,4.9627643411818074e-06,-0.00026434037132494573,-0.00029788482611145187,0.0,0.0,0.18879824416738017,0.181140898453136
2020-04-24,0.0014150643750994094,0.0008754831619918441,0.0,0.0,4.973585878450595e-06,0.0014150643750994094,0.0008705095761133935,0.0,0.0,0.18863996193589905,0.18153588456344671
2020-04-27,0.001482894559742032,0.000489752961036344,0.0,0.0,1.4814939475434224e-05,0.001482894559742032,0.0004749380215609098,0.0,0.0,0.1896216320482026,0.18024843028444973
2020-04-28,0.00012421563495319587,-0.0008737450263482989,0.0,0.0,4.915271989487628e-06,0.00012421563495319587,-0.0008786602983377865,0.0,0.0,0.19073110703232873,0.17940742761629846
2020-04-29,0.0019673636072237767,-0.000907404025336114,0.0,0.0,4.942939383626992e-06,0.0019673636072237767,-0.0009123469647197409,0.0,0.0,0.1909994211612866,0.18041728750238523
2020-04-30,-0.0013348260634350663,0.00015291883957788187,0.0,0.0,4.962564180083295e-06,-0.0013348260634350663,0.00014795627539779856,0.0,0.0,0.19276341615639947,0.18113359257304024
2020-05-01,-0.0029620523395600448,0.0015349899135362586,0.0,0.0,4.964266560835405e-06,-0.0029620523395600448,0.0015300256469754233,0.0,0.0,0.19165606088131865,0.18119572947049226
2020-05-04,-2.229788461057157e-05,-0.0007511123535097427,0.0,0.0,1.4787812670437993e-05,-2.229788461057157e-05,-0.0007659001661801807,0.0,0.0,0.1889646109085335,0.17991838749032893
2020-05-05,0.001282866514800438,-0.000784137690434055,0.0,0.0,4.9537538499187035e-06,0.001282866514800438,-0.0007890914442839738,0.0,0.0,0.18909135446093042,0.1808120155220327
2020-05-06,-0.0018023553954120623,0.0016524542837262806,0.0,0.0,4.97278163870984e-06,-0.0018023553954120623,0.0016474815020875706,0.0,0.0,0.19028026532430242,0.18150652981290916
2020-05-07,0.0010373643821852735,-0.0010695358307447947,0.0,0.0,4.928272179307522e-06,0.0010373643821852735,-0.0010744641029241022,0.0,0.0,0.18850710475812357,0.17988193454472456
2020-05-08,0.0023915294445538394,-0.0008260141037354683,0.0,0.0,4.957758462289218e-06,0.0023915294445538394,-0.0008309718621977575,0.0,0.0,0.1895515014480782,0.18095818387355647
2020-05-11,0.0002769743687607581,0.0014275935056034571,0.0,0.0,1.4917886735779444e-05,0.0002769743687607581,0.0014126756188676778,0.0,0.0,0.19164395945858623,0.18150095528531654
2020-05-12,-0.0019732739421613023,0.0007879509981244585,0.0,0.0,4.925194905576756e-06,-0.0019732739421613023,0.0007830258032188817,0.0,0.0,0.19159720161800345,0.17976961405355157
2020-05-13,-0.00176268344594157,0.0015704675424719143,0.0,0.0,4.909450671523013e-06,-0.00176268344594157,0.0015655580918003912,0.0,0.0,0.18984989616142675,0.17919494951058995
2020-05-14,0.000558658679754587,-0.00040416083014998617,0.0,0.0,4.867383648235484e-06,0.000558658679754587,-0.00040902821379822167,0.0,0.0,0.1881242967841113,0.17765950316059514
2020-05-15,0.0002856289967498384,-6.761867581458214e-05,0.0,0.0,4.8777266911740384e-06,0.0002856289967498384,-7.249640250575617e-05,0.0,0.0,0.18865472696916466,0.17803702422785242
2020-05-18,0.004063090168307155,-0.0018897877374842412,0.0,0.0,1.4635618445576466e-05,0.004063090168307155,-0.0019044233559298177,0.0,0.0,0.18890009519857184,0.178066691087847
2020-05-19,-0.0016867688502289631,0.0002816353846441991,0.0,0.0,4.919694507105715e-06,-0.0016867688502289631,0.0002767156901370934,0.0,0.0,0.19254753938380625,0.1795688495093586
2020-05-20,0.002157605961907732,-0.00172444380362994,0.0,0.0,4.918914399964148e-06,0.002157605961907732,-0.0017293627180299041,0.0,0.0,0.19113027438095737,0.1795403755986914
2020-05-21,-0.0012729499634957138,0.0005198584085104281,0.0,0.0,4.9640336218191115e-06,-0.0012729499634957138,0.000514894374888609,0.0,0.0,0.19320514154631546,0.18118722719639757
2020-05-22,2.2932773864288815e-05,0.0007804236744276046,0.0,0.0,4.953545988915857e-06,2.2932773864288815e-05,0.0007754701284386887,0.0,0.0,0.1920777972304576,0.1808044285954288
2020-05-26,0.0020473050253103486,-0.001053824646309189,0.0,0.0,1.9712919221614977e-05,0.0020473050253103486,-0.0010735375655308039,0.0,0.0,0.19194747858033362,0.17988038789723665
2020-05-27,0.0016074979065579759,9.4640943851553e-05,0.0,0.0,4.952279345043862e-06,0.0016074979065579759,8.968866450650914e-05,0.0,0.0,0.19380606156937966,0.18075819609410093
2020-05-28,0.0012721260528332026,-0.0003427380151625052,0.0,0.0,4.941300134241154e-06,0.0012721260528332026,-0.00034767931529674633,0.0,0.0,0.19508246813077598,0.18035745489980212
2020-05-29,0.0006654199531384221,-0.000828735837127771,0.0,0.0,4.946117794389852e-06,0.0006654199531384221,-0.0008336819549221608,0.0,0.0,0.1961732424696162,0.1805332994952296
2020-06-01,0.001495126453147221,-0.0001587613999004597,0.0,0.0,1.490897727181433e-05,0.001495126453147221,-0.00017367037717227403,0.0,0.0,0.19687178846397632,0.18139255680707436
2020-06-02,0.0013065601559746234,5.642384160984583e-06,0.0,0.0,4.967444458337772e-06,0.0013065601559746234,6.749397026468108e-07,0.0,0.0,0.1981051276924526,0.1813117227293287
2020-06-03,0.0016434517490725793,-0.0006133804066585193,0.0,0.0,4.960804934157609e-06,0.0016434517490725793,-0.0006183412115926769,0.0,0.0,0.19915135021407585,0.1810693800967527
2020-06-04,-0.0009895648974676712,-0.0011182960825802002,0.0,0.0,4.972512501842397e-06,-0.0009895648974676712,-0.0011232685950820426,0.0,0.0,0.20058917588524405,0.18149670631724749
2020-06-05,0.0028971251502207533,-0.0007358879048124926,0.0,0.0,5.013743956835282e-06,0.0028971251502207533,-0.0007409016487693278,0.0,0.0,0.20002222464325697,0.18300165442448776
2020-06-08,0.0021331336962293022,-0.0013586541225884658,0.0,0.0,1.5069223194686694e-05,0.0021331336962293022,-0.0013737233457831524,0.0,0.0,0.2024827517255685,0.1833422155353548
2020-06-09,-0.0016020518932059603,0.0010179411294630016,1.215141026318349e-17,6.102142906113773e-07,4.972905192965001e-06,-0.0016020518932059725,0.0010123580099794252,6.072919944699606e-14,0.003049672799890879,0.20446061591379613,0.18151103954322256
2020-06-10,-0.0003796206426055675,6.971006759963231e-05,0.0,0.0,4.947934161407111e-06,-0.0003796206426055675,6.476213343822519e-05,0.0,0.0,0.20297825905838485,0.18059959689135957
2020-06-11,-0.008098434145645015,0.0027322355776046355,0.0,0.0,4.947582084860592e-06,-0.008098434145645015,0.002727287995519775,0.0,0.0,0.20266244841215053,0.1805867460974116
2020-06-12,0.0012539105603577591,-0.0003154928225343426,0.0,0.0,4.899039774233836e-06,0.0012539105603577591,-0.00032039186230857643,0.0,0.0,0.19561468935212717,0.178814951759535
2020-06-15,0.0013026388383851725,0.000149248058686726,0.0,0.0,1.4709318815472326e-05,0.0013026388383851725,0.00013453873987125366,0.0,0.0,0.19668499079595123,0.17896337892157996
2020-06-16,0.002261383851442364,0.000305410030639234,0.0,0.0,4.891986630416518e-06,0.002261383851442364,0.0003005180440088175,0.0,0.0,0.19770349460474754,0.17855751201020295
2020-06-17,-0.00022283974800831077,0.0004653757153495871,0.0,0.0,4.87113984990234e-06,-0.00022283974800831077,0.0004605045754996848,0.0,0.0,0.19945389713905426,0.17779660452143542
2020-06-18,-0.0004355374488658645,0.00017789486569468903,0.0,0.0,4.857235436281674e-06,-0.0004355374488658645,0.00017303763025840736,0.0,0.0,0.19918371842696692,0.17728909342428106
2020-06-19,-0.0007501337161656811,-8.665584375443564e-05,0.0,0.0,4.853635682831162e-06,-0.0007501337161656811,-9.15094794372668e-05,0.0,0.0,0.19880036603812512,0.17715770242333745
2020-06-22,0.0008620571085226768,-0.0002854820321156336,0.0,0.0,1.4580300857616951e-05,0.0008620571085226768,-0.00030006233297325056,0.0,0.0,0.19821706036206566,0.17739366043433957
2020-06-23,0.0004501650276864509,-9.982461045898024e-05,3.532612244583353e-05,6.5803465659433e-07,4.775701457050362e-06,0.00041483890524061733,-0.00010525834657262493,0.1753458042990799,0.003266240621062285,0.37431310318718786,0.17431310318233822
2020-06-24,-0.003204985478697314,0.0019585043520265397,0.0,0.0,4.776957524705623e-06,-0.003204985478697314,0.001953727394501834,0.0,0.0,0.3746472846991738,0.17435894965175522
2020-06-25,0.0011588323732572231,0.00022123950992524328,0.0,0.0,4.729217342657362e-06,0.0011588323732572231,0.00021651029258258592,0.0,0.0,0.3719076516762105,0.1726164330069937
2020-06-26,-0.0023880988350429427,0.0016615492856584505,0.0,0.0,4.716668950173238e-06,-0.0023880988350429427,0.0016568326167082771,0.0,0.0,0.3725540945079576,0.1721584166813232
2020-06-29,0.0018100303635774214,-0.0017737936161164904,0.0,0.0,1.402369621110343e-05,0.0018100303635774214,-0.0017878173123275938,0.0,0.0,0.3704368836519545,0.17062163723509172
2020-06-30,0.0012824619875360307,-0.0013593943041675023,0.0,0.0,4.723057575554217e-06,0.0012824619875360307,-0.0013641173617430565,0.0,0.0,0.37223864545942315,0.17239160150772886
2020-07-01,0.0010126289708765228,-0.000569862518523459,0.0,0.0,4.76068999104315e-06,0.0010126289708765228,-0.0005746232085145021,0.0,0.0,0.37355160994345477,0.173765184673075
2020-07-02,0.0011786288423361133,0.00021146769656116502,0.0,0.0,4.774211530622371e-06,0.0011786288423361133,0.00020669348503054265,0.0,0.0,0.3744002494476434,0.17425872086771654
2020-07-06,0.0014289487717468582,-0.001589141022223454,0.0,0.0,1.9047284951281865e-05,0.0014289487717468582,-0.001608188307174736,0.0,0.0,0.3750593002672328,0.173806475180447
2020-07-07,-0.0005942737975644786,0.0007991405397876139,0.0,0.0,4.80622081280402e-06,-0.0005942737975644786,0.0007943343189748098,0.0,0.0,0.3765557427153667,0.17542705966734673
2020-07-08,0.0006632567717573056,-0.0018028708027510354,5.508361562994526e-06,5.242252391500714e-06,4.0853663671511195e-06,0.0006577484101943111,-0.001812198421509687,0.02677039652892517,0.02547711758210884,0.3491158723859269,0.1491158724010159
2020-07-09,-0.000917316853969028,0.0003130443180466763,0.0,0.0,4.1395389785951165e-06,-0.000917316853969028,0.0003089047790680812,0.0,0.0,0.35018339838591334,0.15109317271872172
2020-07-10,0.0011709482904385922,-0.0006854569073947536,0.0,0.0,4.133477279424433e-06,0.0011709482904385922,-0.000689590384674178,0.0,0.0,0.3494787085981762,0.1508719206989918
2020-07-13,-0.0005155698345331627,0.0015450204877308523,0.0,0.0,1.245077748199489e-05,-0.0005155698345331627,0.0015325697102488575,0.0,0.0,0.35048095011245833,0.15148445936427113
2020-07-14,0.0018211562644713975,-0.0008062597262146491,0.0,0.0,4.103756312574125e-06,0.0018211562644713975,-0.0008103634825272232,0.0,0.0,0.34960982712718786,0.14978710540895557
2020-07-15,0.0010836036829638639,-0.0015378935665642216,0.0,0.0,4.121679456297737e-06,0.0010836036829638639,-0.0015420152460205194,0.0,0.0,0.3510761181854844,0.15044130015486737
2020-07-16,-0.00012898138633917643,0.0011537257812959498,0.0,0.0,4.165723142271475e-06,-0.00012898138633917643,0.0011495600581536783,0.0,0.0,0.3523212299941879,0.15204889469290883
2020-07-17,0.0010519112576846768,-2.532030737191993e-05,0.0,0.0,4.129899329584003e-06,0.0010519112576846768,-2.9450206701503933e-05,0.0,0.0,0.3518331751732302,0.1507413255298161
2020-07-20,0.0003653875903647073,0.0009532979558470305,0.0,0.0,1.2379121939876968e-05,0.0003653875903647073,0.0009409188339071535,0.0,0.0,0.35252464371320635,0.1506126502685031
2020-07-21,0.0008544573380262731,-0.0014680936481999678,0.0,0.0,4.094907024391244e-06,0.0008544573380262731,-0.001472188555224359,0.0,0.0,0.35242965018742733,0.1494641063902804
2020-07-22,0.0013463267525104952,-0.0003949922772499375,1.9761934007125374e-05,2.1556444212730562e-05,6.717923275877386e-06,0.0013265648185033698,-0.0004232666447385455,0.09170172252814125,0.10002882638796542,0.4452041995688655,0.24520419956952455
2020-07-23,-0.0004322307834941023,0.0002573730241167667,0.0,0.0,6.7226724043976975e-06,-0.0004322307834941023,0.000250650351712369,0.0,0.0,0.4461475220794519,0.24537754276051596
2020-07-24,-0.0002455291171891558,-0.0005036497937574388,0.0,0.0,6.716840735509435e-06,-0.0002455291171891558,-0.0005103666344929483,0.0,0.0,0.4457962391695529,0.24516468684609438
2020-07-27,0.0016645600721999269,0.0010130766429602702,0.0,0.0,2.020719261103592e-05,0.0016645600721999269,0.0009928694503492342,0.0,0.0,0.4458877547118776,0.2458541767676037
2020-07-28,-0.0001337046325225404,9.94088956715722e-05,0.0,0.0,6.690196619871337e-06,-0.0001337046325225404,9.271869905170086e-05,0.0,0.0,0.4463661282569813,0.2441921766253038
2020-07-29,0.0018715359971131294,-0.000502844953536119,0.0,0.0,6.687747192044558e-06,0.0018715359971131294,-0.0005095327007281636,0.0,0.0,0.4462507136265188,0.24410277250962636
2020-07-30,0.00018908398987808588,0.0013979238112849168,0.0,0.0,6.692408683426457e-06,0.00018908398987808588,0.0013912314026014903,0.0,0.0,0.447512735802295,0.24427291694506567
2020-07-31,-0.0009193232170265781,-0.00043097108428333703,0.0,0.0,6.643610401146931e-06,-0.0009193232170265781,-0.00043761469468448394,0.0,0.0,0.44699542604003395,0.24249177964186297
2020-08-03,0.0007213298900998229,-0.00043067443522222266,0.0,0.0,1.9993383264075184e-05,0.0007213298900998229,-0.00045066781848629786,0.0,0.0,0.44668222286570125,0.24325282971291473
2020-08-04,0.001404034246525697,2.372393201515718e-05,0.0,0.0,6.674453866109901e-06,0.001404034246525697,1.7049478149047278e-05,0.0,0.0,0.44728249035036644,0.24361756611301136
2020-08-05,0.0005122081504288208,-0.00012519683407606424,1.8902840870483998e-06,1.9992079890477412e-06,6.54004689304006e-06,0.0005103178663417723,-0.00013373608895815204,0.00933809670835592,0.009876186161518254,0.43871171162638867,0.23871171159596222
2020-08-06,0.000518617237276691,0.00018786653107342403,0.0,0.0,6.541013716717387e-06,0.000518617237276691,0.00018132551735670663,0.0,0.0,0.4390585783170194,0.23874700066018464
2020-08-07,-0.0007764772786857915,0.00012329792504426717,0.0,0.0,6.531295155746164e-06,-0.0007764772786857915,0.00011676662988852101,0.0,0.0,0.4392697318881311,0.23839227318473494
2020-08-10,-9.66508667853294e-05,-0.0004214997330488066,0.0,0.0,1.9596679529374055e-05,-9.66508667853294e-05,-0.00044109641257818064,0.0,0.0,0.43878272424513814,0.23842626760738428
2020-08-11,-0.0011022673548688156,0.0010939226344415843,0.0,0.0,6.54729523788446e-06,-0.0011022673548688156,0.0010873753392036999,0.0,0.0,0.4389221025448488,0.23897627618278278
2020-08-12,0.00196788267770121,0.00015064747580010755,0.0,0.0,6.517421812296798e-06,0.00196788267770121,0.00014413005398781074,0.0,0.0,0.4378263553069218,0.23788589614883315
2020-08-13,-0.0002730440885851485,-0.0009592400212678399,0.0,0.0,6.4995673152723614e-06,-0.0002730440885851485,-0.0009657395885831122,0.0,0.0,0.4388673445653784,0.2372342070074412
2020-08-14,-9.689470828312627e-05,-0.0004648734590715787,0.0,0.0,6.53394200450299e-06,-9.689470828312627e-05,-0.00047140740107608166,0.0,0.0,0.4391382978321672,0.23848888316435912
2020-08-17,0.0010719380739876892,-0.0012898254938249962,0.0,0.0,1.9651202610862108e-05,0.0010719380739876892,-0.0013094766964358584,0.0,0.0,0.4392910531560153,0.23908963176548895
2020-08-18,0.0009827220439074008,0.0006262666701780297,0.0,0.0,6.5873032939998025e-06,0.0009827220439074008,0.0006196793668840299,0.0,0.0,0.4404676193015249,0.2404365702309928
2020-08-19,-0.0017106753168631972,8.430953330257422e-05,2.699982281760309e-08,2.3826548684629474e-07,6.5920547168685395e-06,-0.0017107023166860148,7.747921309885938e-05,0.00013409526145473824,0.0011833512008628348,0.4406099971285338,0.2406099971657017
2020-08-20,0.0004630667608934041,-0.00011033071492339714,0.0,0.0,6.6005249965612595e-06,0.0004630667608934041,-0.00011693123991995841,0.0,0.0,0.439617314967212,0.240919162374486
2020-08-21,-0.0005935490849252649,-0.0006164571205724491,0.0,0.0,6.601262824327447e-06,-0.0005935490849252649,-0.0006230583833967766,0.0,0.0,0.4399281069836038,0.24094609308795184
2020-08-24,0.0008246221812956929,-0.0005761077560564699,0.0,0.0,1.9878640684239082e-05,0.0008246221812956929,-0.0005959863967407089,0.0,0.0,0.43986970666890063,0.24185679499157547
2020-08-25,0.00025668191571284353,-9.420752049317155e-05,0.0,0.0,6.640479084406278e-06,0.00025668191571284353,-0.00010084799957757783,0.0,0.0,0.44059359338830206,0.24237748658082914
2020-08-26,0.00043327790977830324,-5.0587831185576525e-05,0.0,0.0,6.642025059588891e-06,0.00043327790977830324,-5.722985624516542e-05,0.0,0.0,0.4407815865832174,0.24243391467499453
2020-08-27,-0.000359123051681312,-0.0008770429978817136,0.0,0.0,6.640913724886654e-06,-0.000359123051681312,-0.0008836839116066003,0.0,0.0,0.4410490088716968,0.24239335095836287
2020-08-28,0.0020900809511006646,-1.7000787224557222e-05,0.0,0.0,6.6732358441458505e-06,0.0020900809511006646,-2.3674023068703073e-05,0.0,0.0,0.44123825980176623,0.24357310831132356
2020-08-31,4.049455564842043e-05,0.0008226141155568465,0.0,0.0,1.9979818422206443e-05,4.049455564842043e-05,0.00080263429713464,0.0,0.0,0.4424141331231219,0.2430877908035117
2020-09-01,0.0003896331429800112,-0.0007249673925238203,0.0,0.0,6.631810630151387e-06,0.0003896331429800112,-0.0007315992031539717,0.0,0.0,0.4420818956772319,0.2420610880005256
2020-09-02,0.0017380116954499008,6.760862997675447e-06,7.196956120727454e-07,7.691180376763459e-07,6.548970944897717e-06,0.0017372919998378282,-5.572259848986153e-07,0.0035854513316828417,0.003831668897446623,0.439037439527028,0.23903743948876666
2020-09-03,-0.0031209133403877895,0.0010258308796117835,0.0,0.0,6.537431930409255e-06,-0.0031209133403877895,0.0010192934476813743,0.0,0.0,0.4400112683518442,0.2386162654599378
2020-09-04,-0.0011463252649034602,-0.0003472185600007803,0.0,0.0,6.523035916847137e-06,-0.0011463252649034602,-0.0003537415959176274,0.0,0.0,0.4378104661964499,0.2380908109649205
2020-09-08,-0.003262402018239404,0.001118915429630182,0.0,0.0,2.6169450942554537e-05,-0.003262402018239404,0.0010927459786876275,0.0,0.0,0.4373201503967259,0.23879623985081014
2020-09-09,0.002347219206106866,-6.071366949506817e-05,0.0,0.0,6.5258664038449025e-06,0.002347219206106866,-6.723953589891307e-05,0.0,0.0,0.4350015521232651,0.23819412374033894
2020-09-10,-0.0020365849826183367,0.0003505719350806561,0.0,0.0,6.51268101174492e-06,-0.0020365849826183367,0.0003440592540689112,0.0,0.0,0.436353893323578,0.23771285692868957
2020-09-11,0.0009036528321752423,0.0003198569418298966,0.0,0.0,6.514101585726992e-06,0.0009036528321752423,0.00031334284024416963,0.0,0.0,0.43505364783321676,0.2377647078790352
2020-09-14,0.0013669572233869422,-0.0005803246895741502,0.0,0.0,1.949229310916434e-05,0.0013669572233869422,-0.0005998169826833145,0.0,0.0,0.4354273874192498,0.2371562328281661
2020-09-15,0.0003537320941183948,0.00035283358626101634,0.0,0.0,6.508337535328357e-06,0.0003537320941183948,0.00034632524872568797,0.0,0.0,0.4364595189821873,0.237554320039485
2020-09-16,-0.0006045799663811002,-0.000781517871133474,0.0,0.0,6.494124602119105e-06,-0.0006045799663811002,-0.0007880119957355931,0.0,0.0,0.43650767067624113,0.23703554797734738
2020-09-17,0.00024627388642163274,-0.00033337504127418623,3.822645721639151e-05,2.2484193481742523e-06,6.2210539650210016e-06,0.00020804742920524122,-0.00034184451458738144,0.18838048366672927,0.011080240104308595,0.4270684697530466,0.22706846972326655
2020-09-18,-0.00039651089630908504,-0.0012061228904454134,0.0,0.0,6.231021220273865e-06,-0.00039651089630908504,-0.0012123539116656872,0.0,0.0,0.42737192475737495,0.22743227453999604
2020-09-21,-0.0015092218531813253,0.0016088877228230608,0.0,0.0,1.8822479874546347e-05,-0.0015092218531813253,0.0015900652429485145,0.0,0.0,0.42766346656207405,0.22900683847364725
2020-09-22,-0.0006154172952068205,5.302564453544162e-05,0.0,0.0,6.2295772223488634e-06,-0.0006154172952068205,4.679606731309276e-05,0.0,0.0,0.42611979574015824,0.22737956861573352
2020-09-23,-0.0010231916442374129,0.0008535691502988957,0.0,0.0,6.231667923630892e-06,-0.0010231916442374129,0.0008473374823752648,0.0,0.0,0.4257464669237449,0.22745587921252752
2020-09-24,0.00015782536345298597,2.6581244318937564e-05,0.0,0.0,6.209374411791193e-06,0.00015782536345298597,2.037186990714637e-05,0.0,0.0,0.42479797777184924,0.22664216603037854
2020-09-25,0.00029120774535998264,0.00021223674352501736,0.0,0.0,6.207539992069622e-06,0.00029120774535998264,0.00020602920353294773,0.0,0.0,0.4248800906786335,0.22657520971054118
2020-09-28,0.0009184330662334505,-0.000494979120126048,0.0,0.0,1.8595929277167092e-05,0.0009184330662334505,-0.0005135750494032151,0.0,0.0,0.4249599926138646,0.2262504728721996
2020-09-29,0.0006710250059909535,0.0014994830570179965,0.0,0.0,6.209690121345647e-06,0.0006710250059909535,0.001493273366896651,0.0,0.0,0.4257060751627551,0.2266536894291161
2020-09-30,-2.861450515675961e-05,-0.0018779858485807204,0.0,0.0,6.155286517162363e-06,-2.861450515675961e-05,-0.0018841411350978827,0.0,0.0,0.4254562858216076,0.2246679578764262
2020-10-01,6.607582278878014e-05,0.0006157358015853604,2.1373716871286972e-05,2.1853662028349016e-06,5.926591484035874e-06,4.470210591749317e-05,0.0006076238438984897,0.1042541025871545,0.010659512038681351,0.41632058915171977,0.2163205891673094
2020-10-02,-0.000392152768281849,-0.0002547342700473928,0.0,0.0,5.905869458116082e-06,-0.000392152768281849,-0.0002606401395055089,0.0,0.0,0.41611522221694297,0.21556423522123702
2020-10-05,0.0005856325101777287,-0.0009837577214844456,0.0,0.0,1.775013259831228e-05,0.0005856325101777287,-0.0010015078540827579,0.0,0.0,0.415994627791361,0.21595994661279938
2020-10-06,-0.0007159031798880801,-0.00011004447844563888,0.0,0.0,5.946135983793299e-06,-0.0007159031798880801,-0.00011599061442943218,0.0,0.0,0.41675357783904626,0.2170339634084554
2020-10-07,0.0002938110572643137,-0.0009587012835053074,0.0,0.0,5.954104083248562e-06,0.0002938110572643137,-0.000964655387588556,0.0,0.0,0.41638406197636896,0.2173247990385725
2020-10-08,0.0007124629147319797,0.00013194170613271738,0.0,0.0,5.984384462224712e-06,0.0007124629147319797,0.00012595732167049268,0.0,0.0,0.4169575866666343,0.218430032871202
2020-10-09,0.0012084625485141711,-7.382799524194034e-05,0.0,0.0,5.9757594233324065e-06,0.0012084625485141711,-7.980375466527275e-05,0.0,0.0,0.4173201599142355,0.21811521895163286
2020-10-12,0.00028035254430908244,-5.096096911824431e-05,0.0,0.0,1.791312851437757e-05,0.00028035254430908244,-6.887409763262188e-05,0.0,0.0,0.41805677900279997,0.21794306359159377
2020-10-13,-0.0010634159209009727,-2.6012234111236325e-05,0.0,0.0,5.9711762539815806e-06,-0.0010634159209009727,-3.19834103652179e-05,0.0,0.0,0.418248680965734,0.2179479332703277
2020-10-14,0.0002478191746363779,0.00031701733137016086,0.0,0.0,5.978437694582495e-06,0.0002478191746363779,0.0003110388936755784,0.0,0.0,0.41764275063458633,0.21821297585226107
2020-10-15,-0.0007949348370478262,-0.0020307518752023567,4.495167081996886e-05,7.780036250075612e-06,4.955869937634051e-06,-0.0008398865078677951,-0.0020434877813900664,0.21311499911961757,0.03688500089854069,0.3808892527489966,0.18088925272364284
2020-10-16,-0.0001389797369424319,0.0004632130649389217,0.0,0.0,5.02599881106048e-06,-0.0001389797369424319,0.00045818706612786125,0.0,0.0,0.3811934412797686,0.18344895660370752
2020-10-19,0.0004685999958965811,0.000158307746266073,0.0,0.0,1.5035124804441337e-05,0.0004685999958965811,0.00014327262146163167,0.0,0.0,0.3809328649803969,0.1829273517873696
2020-10-20,0.00014686799059482575,-0.0005135575155668709,0.0,0.0,5.004309069930587e-06,0.00014686799059482575,-0.0005185618246368015,0.0,0.0,0.38116823856850673,0.18265728105246642
2020-10-21,0.0007289335308931731,0.0004716592167517467,0.0,0.0,5.020245133011547e-06,0.0007289335308931731,0.00046663897161873513,0.0,0.0,0.3814568917337117,0.18323894735492147
2020-10-22,-0.0004632220383224305,-0.00012795788395408289,0.0,0.0,5.001343493932619e-06,-0.0004632220383224305,-0.0001329592274480155,0.0,0.0,0.38172944004269066,0.1825490375285406
2020-10-23,0.0004605296693861987,-0.00020463116135779584,0.0,0.0,5.007834766653367e-06,0.0004605296693861987,-0.0002096389961244492,0.0,0.0,0.381493657375906,0.1827859689828479
2020-10-26,-0.0005451181696166385,0.0009902108567290992,0.0,0.0,1.5036550769177745e-05,-0.0005451181696166385,0.0009751743059599214,0.0,0.0,0.38185838233865665,0.1829447010249959
2020-10-27,-0.0002531466504308203,0.0005541773331361243,0.0,0.0,4.982911593450376e-06,-0.0002531466504308203,0.0005491944215426738,0.0,0.0,0.3811493485528316,0.1818762731609387
2020-10-28,-0.001935441249455226,0.0011281480563312587,0.0,0.0,4.96625840308551e-06,-0.001935441249455226,0.0011231817979281732,0.0,0.0,0.38078347180429695,0.1812684317126211
2020-10-29,-0.0012591454360398344,-0.00038740952434905345,3.1456287173410577e-06,3.385600321945476e-06,4.502305455254426e-06,-0.0012622910647571753,-0.0003952974301262534,0.014821854489678266,0.01595257414056822,0.3643341491126927,0.1643341491167865
2020-10-30,-0.00047527349223423516,-0.00018128813334005448,0.0,0.0,4.5204123984093645e-06,-0.00047527349223423516,-0.00018580854573846384,0.0,0.0,0.3636778318665991,0.1649950525419418
2020-11-02,0.000276101022618936,-0.000836278136581753,0.0,0.0,1.3585118467551825e-05,0.000276101022618936,-0.0008498632550493049,0.0,0.0,0.3634428238970732,0.16528560802188053
2020-11-03,0.0008730500334836152,0.0006966195089341445,0.0,0.0,4.553897406628924e-06,0.0008730500334836152,0.0006920656115275155,0.0,0.0,0.36392773290816893,0.16621725534195572
2020-11-04,0.0006997232714613061,9.984398693671294e-05,0.0,0.0,4.5277255265727725e-06,0.0006997232714613061,9.531626141014016e-05,0.0,0.0,0.3642307197437879,0.1652619817199062
2020-11-05,0.00195349888030279,0.0004546131345885992,0.0,0.0,4.5213953867996275e-06,0.00195349888030279,0.00045009173920179955,0.0,0.0,0.3646405393711615,0.1650309316181864
2020-11-06,0.00029350821978090793,0.0008412860333160022,0.0,0.0,4.498128572784467e-06,0.00029350821978090793,0.0008367879047432177,0.0,0.0,0.36571500908621263,0.16418169290663304
2020-11-09,-0.0005541124082815169,-0.0017450782343745705,0.0,0.0,1.3410081557880128e-05,-0.0005541124082815169,-0.0017584883159324507,0.0,0.0,0.36559528637066446,0.16315599228754157
2020-11-10,0.0011387703637098215,-0.0012911155778339706,0.0,0.0,4.528309720885632e-06,0.0011387703637098215,-0.0012956438875548562,0.0,0.0,0.36588732525575013,0.1652833048123256
2020-11-11,-0.0002669206256328014,0.00034786967308719806,0.0,0.0,4.56439878373677e-06,-0.0002669206256328014,0.0003433052743034613,0.0,0.0,0.3670836813300962,0.16660055560639206
2020-11-12,-8.362850737105205e-05,0.0008545782073798441,4.63400083981225e-06,4.512230589228109e-06,3.99741598947506e-06,-8.82625082108643e-05,0.000846068560801141,0.02088306006807024,0.020334304134405887,0.3459056836453048,0.14590568361583967
2020-11-13,0.0003301185680508129,-0.0005191212071327448,0.0,0.0,3.970993644884119e-06,0.0003301185680508129,-0.0005230922007776289,0.0,0.0,0.3455601875362845,0.14494126803827032
2020-11-16,0.0011729383834768504,-0.00034365592243142703,0.0,0.0,1.1957956001338588e-05,0.0011729383834768504,-0.0003556138784327656,0.0,0.0,0.34595706669626314,0.1454884646829528
2020-11-17,0.0011100900583373382,0.00013372482022429706,0.0,0.0,3.992137692567429e-06,0.0011100900583373382,0.00012973268253172962,0.0,0.0,0.34684651892033713,0.14571302577871117
2020-11-18,0.0005215625592563253,0.0003732855195971564,0.0,0.0,3.983535121430055e-06,0.0005215625592563253,0.00036930198447572636,0.0,0.0,0.34752573866484054,0.145399031932197
2020-11-19,-2.3900278860315893e-05,0.0002781236417809127,0.0,0.0,3.969771592134999e-06,-2.3900278860315893e-05,0.0002741538701887777,0.0,0.0,0.3477375142021687,0.14489666311292748
2020-11-20,5.749562405625629e-05,-2.8303456153469303e-05,0.0,0.0,3.961160471698911e-06,5.749562405625629e-05,-3.226461662516821e-05,0.0,0.0,0.34762661911343384,0.14458235721701027
2020-11-23,0.0004596615635296234,-0.0011413762486111331,0.0,0.0,1.1885507843224685e-05,0.0004596615635296234,-0.0011532617564543577,0.0,0.0,0.347675342538339,0.14460701209256702
2020-11-24,0.0007637978385960263,-0.000748150710206978,0.0,0.0,3.995878071696724e-06,0.0007637978385960263,-0.0007521465882786748,0.0,0.0,0.34837663820533826,0.14584954961693045
2020-11-25,-9.793864539102168e-05,0.0007930575599088704,0.0,0.0,4.016328556179058e-06,-9.793864539102168e-05,0.0007890412313526913,0.0,0.0,0.3491363681687138,0.1465959923005356
2020-11-27,0.0018578795972523249,-0.00017023973173681755,1.2681667473617111e-05,1.3338838025334693e-05,1.142604732415528e-05,0.0018451979297787078,-0.00019500461708630754,0.059727988916808146,0.06282312411973782,0.40852536364285846,0.20852536366583385
2020-11-30,-0.0012258098897279933,0.0010246635664502041,0.0,0.0,1.7124804055816934e-05,-0.0012258098897279933,0.001007538762394387,0.0,0.0,0.40970714724556384,0.20835178267910603
2020-12-01,-0.0005404518344881135,0.001696109571795051,0.0,0.0,5.681435137434673e-06,-0.0005404518344881135,0.0016904281366576163,0.0,0.0,0.4085705165030683,0.20737238251636556
2020-12-02,0.00038361295985883995,0.00012971459064726394,0.0,0.0,5.6284937476163595e-06,0.00038361295985883995,0.00012408609689964757,0.0,0.0,0.4075613787413481,0.2054400217879971
2020-12-03,0.0008543560308173506,0.00033812670920760823,0.0,0.0,5.6220855956611315e-06,0.0008543560308173506,0.0003325046236119471,0.0,0.0,0.4077379835115735,0.20520612424163132
2020-12-04,-0.0012414986780543444,6.544314222277635e-05,0.0,0.0,5.606168109851692e-06,-0.0012414986780543444,5.983697411292466e-05,0.0,0.0,0.4081079722473715,0.2046251360095867
2020-12-07,0.0001284319069974886,-0.00017383707546519378,0.0,0.0,1.6833016371961766e-05,0.0001284319069974886,-0.00019067009183715554,0.0,0.0,0.40734782088944627,0.20480169919220148
2020-12-08,-0.00037317406414729543,-0.0005016791835698465,0.0,0.0,5.616117653890999e-06,-0.00037317406414729543,-0.0005072953012237375,0.0,0.0,0.4075016149572779,0.20498829436702148
2020-12-09,0.00012218312416914425,5.1001028680340826e-05,0.0,0.0,5.634823578597521e-06,0.00012218312416914425,4.536620510174331e-05,0.0,0.0,0.4074872209079202,0.20567106061880952
2020-12-10,0.0007539143480600828,-0.0014471519239715647,0.0,0.0,5.632482571463545e-06,0.0007539143480600828,-0.0014527844065430281,0.0,0.0,0.4075411207906506,0.20558561385841942
2020-12-11,0.00013277513155376318,-0.0004970392486767131,2.930422250979123e-05,2.2946265907032257e-05,7.821625955897625e-06,0.00010347090904397194,-0.000527807140539643,0.14021028031910182,0.10978971969062362,0.4854893473962468,0.28548934739026327
2020-12-14,0.0002526946025103936,0.0009905379743866995,0.0,0.0,2.351570897600783e-05,0.0002526946025103936,0.0009670222654106917,0.0,0.0,0.4858282770680457,0.28610779254142854
2020-12-15,0.0008837110828203234,7.690216294550548e-05,0.0,0.0,7.801915504031387e-06,0.0008837110828203234,6.910024744147409e-05,0.0,0.0,0.48548881277642547,0.2847699158971456
2020-12-16,0.0005740826360917365,0.00020463894695733206,0.0,0.0,7.792383923765225e-06,0.0005740826360917365,0.00019684656303356685,0.0,0.0,0.4859095437404878,0.2844220132174307
2020-12-17,0.002319274441038086,0.0007105864641765154,0.0,0.0,7.780778947590605e-06,0.002319274441038086,0.0007028056852289247,0.0,0.0,0.4861088708540842,0.28399843158705707
2020-12-18,9.027738070360478e-05,0.0003523950731120909,0.0,0.0,7.737926192320068e-06,9.027738070360478e-05,0.00034465714691977084,0.0,0.0,0.4869565236626055,0.2824343060196825
2020-12-21,-0.00014721928262627858,-0.0002282291037520546,0.0,0.0,2.3174735105882174e-05,-0.00014721928262627858,-0.00025140383885793676,0.0,0.0,0.48683505966660245,0.2819592771215665
2020-12-22,-0.0011308544004288864,-0.0006093292535666128,0.0,0.0,7.73424760404057e-06,-0.0011308544004288864,-0.0006170635011706534,0.0,0.0,0.4868819227758273,0.2823000375474808
2020-12-23,0.002653780987535027,0.0008759190548139233,0.0,0.0,7.764513287966325e-06,0.002653780987535027,0.000868154541525957,0.0,0.0,0.48660160803703356,0.28340473501077085
2020-12-24,-0.0007364294025441004,-0.00028993713450408955,0.0,0.0,7.713349585688751e-06,-0.0007364294025441004,-0.0002976504840897783,0.0,0.0,0.4875383105269453,0.2815372598776394
2020-12-28,-9.130733477466529e-05,0.00020464004685443493,2.5098308715825367e-05,9.206902995856345e-06,3.2876712329124026e-05,-0.00011640564349049066,0.00016255643152945456,0.12154472793218435,0.04458669037821547,0.4999999999992526,0.3000000000032567
2020-12-29,0.0028095858617475018,0.00024067933092811812,0.0,0.0,8.213192460350497e-06,0.0028095858617475018,0.00023246613846776763,0.0,0.0,0.499885622549068,0.29978152480279313
2020-12-30,0.0039044218099550487,0.00011369972061499252,0.0,0.0,8.181709320873749e-06,0.0039044218099550487,0.00010551801129411877,0.0,0.0,0.5011706213197806,0.2986323902118919
2020-12-31,0.0023963230835487843,-0.00014884804772250488,0.0,0.0,8.14592957266048e-06,0.0023963230835487843,-0.00015699397729516536,0.0,0.0,0.5030578115786957,0.2973264294021075
2021-01-04,-0.0005378233259709356,-0.0005866485452959156,0.0,0.0,3.2527191319195074e-05,-0.0005378233259709356,-0.0006191757366151106,0.0,0.0,0.5043247854910892,0.29681062078765497
2021-01-05,0.004348578871091978,0.0010961748892536027,0.0,0.0,8.15730839084502e-06,0.004348578871091978,0.0010880175808627578,0.0,0.0,0.5043705183820824,0.2977417562658432
2021-01-06,-0.0013573093371375888,0.002465948121723683,0.0,0.0,8.083330396743432e-06,-0.0013573093371375888,0.00245786479132694,0.0,0.0,0.5059683515085615,0.2950415594811353
2021-01-07,-0.00044437869133113334,0.00047297735489140855,0.0,0.0,8.006958072851911e-06,-0.00044437869133113334,0.0004649703968185566,0.0,0.0,0.5040563002609532,0.2922539696590948
2021-01-08,0.0014609424985390703,0.000435338945850736,0.0,0.0,7.993835182456464e-06,0.0014609424985390703,0.00042734511066827954,0.0,0.0,0.5036015515547894,0.29177498415966097
2021-01-11,-0.0031635705164769724,-0.00035811763493036916,0.0,0.0,2.3900593070401242e-05,-0.0031635705164769724,-0.0003820182280007704,0.0,0.0,0.504110588275817,0.290790549023215
2021-01-12,0.00721280790914787,0.000428362397421461,1.4319281859440894e-05,1.6193920763106567e-06,8.2191780821732e-06,0.007198488627288429,0.0004185238272629771,0.06910645154568053,0.007815366800761543,0.5000000000115807,0.2999999999993217
2021-01-13,-0.00022843146373510223,-0.0014822170927342921,0.0,0.0,8.145398524074304e-06,-0.00022843146373510223,-0.0014903624912583665,0.0,0.0,0.5033785671057301,0.29730704612871206
2021-01-14,0.002855614499488954,0.0011216031222342695,0.0,0.0,8.200101496428869e-06,0.002855614499488954,0.0011134030207378405,0.0,0.0,0.5040164360454873,0.29930370461965367
2021-01-15,-0.0007684065283171703,-0.0009475503656649638,0.0,0.0,8.137076444792111e-06,-0.0007684065283171703,-0.0009556874421097559,0.0,0.0,0.5048682197354406,0.2970032902349121
2021-01-19,0.002906673405155039,0.0001673361477212582,0.0,0.0,3.2708539510883924e-05,0.002906673405155039,0.00013462760821037427,0.0,0.0,0.5049704296801789,0.2984654230368157
2021-01-20,0.0016584285746151714,-0.0002536542613704701,0.0,0.0,8.147770503041048e-06,0.0016584285746151714,-0.00026180203187351115,0.0,0.0,0.5063371793087976,0.2973936233609983
2021-01-21,0.0006083507182888558,0.001250120265279604,0.0,0.0,8.143346720682565e-06,0.0006083507182888558,0.0012419769185589215,0.0,0.0,0.5072871172306973,0.2972321553049136
2021-01-22,-0.004950178996935315,-0.0002985519900248286,0.0,0.0,8.094120076327739e-06,-0.004950178996935315,-0.0003066461101011563,0.0,0.0,0.5069574306044335,0.29543538278596243
2021-01-25,0.003748497408563836,-0.0017425016675706967,0.0,0.0,2.4435351115956895e-05,0.003748497408563836,-0.0017669370186866535,0.0,0.0,0.5046601618166571,0.2972967719108089
2021-01-26,0.002194299529228068,0.00036287325434842036,0.0,0.0,8.176654276131264e-06,0.002194299529228068,0.0003546966000722891,0.0,0.0,0.5074032091243237,0.2984478810787911
2021-01-27,-0.004481144841073997,-0.000968515475840887,3.2737331666001922e-06,2.0289510675707212e-05,1.0907790416317065e-05,-0.004484418574240597,-0.0009997127769329113,0.01626534869163477,0.10080722805693695,0.5000000000077666,0.39813435019557275
2021-01-28,-0.0004529404835719384,0.0008890035725666285,0.0,0.0,1.0994621032788233e-05,-0.0004529404835719384,0.0008780089515338403,0.0,0.0,0.4982513309113072,0.4013036676967705
2021-01-29,-0.0007742617443486795,0.0010035383566444314,0.0,0.0,1.096560363818737e-05,-0.0007742617443486795,0.000992572753006244,0.0,0.0,0.49758688193415357,0.4002445327938391
2021-02-01,0.002034148184111284,-0.0016429754107026972,0.0,0.0,3.280716614437424e-05,0.002034148184111284,-0.0016757825768470714,0.0,0.0,0.4967041841983481,0.3991538547565531
2021-02-02,0.0007104164558951663,0.0011774460082962339,0.0,0.0,1.0976801364988519e-05,0.0007104164558951663,0.0011664692069312454,0.0,0.0,0.49855966574508714,0.400653249822081
2021-02-03,0.0006731632813440064,0.0013154902232336094,0.0,0.0,1.0924039397315707e-05,0.0006731632813440064,0.0013045661838362937,0.0,0.0,0.49833476482559325,0.3987274380020232
2021-02-04,-0.0006516224325950324,-0.00033454733053551056,0.0,0.0,1.0866507557102622e-05,-0.0006516224325950324,-0.0003454138380926132,0.0,0.0,0.498022973398111,0.3966275258342457
2021-02-05,0.002033672378039256,0.0015973663928283929,0.0,0.0,1.0886527500170774e-05,0.002033672378039256,0.001586479865328222,0.0,0.0,0.49786774316345545,0.39735825375623335
2021-02-08,0.0016127522798278847,-0.0005673858235343154,0.0,0.0,3.241095950430148e-05,0.0016127522798278847,-0.0005997967830386169,0.0,0.0,0.4980982241379642,0.39433334063566805
2021-02-09,0.0013993946078637402,0.00042606321422948026,0.0,0.0,1.080824970922999e-05,0.0013993946078637402,0.0004152549645202503,0.0,0.0,0.49920530366142196,0.3945011143868947
2021-02-10,-0.0017110177099140533,-0.0013015356551961232,4.0404943675797615e-05,4.111293639037093e-06,1.1198621357728166e-05,-0.001751422653589851,-0.0013168455701928884,0.19969792165486006,0.02031971140997628,0.500000000008231,0.4087496795570782
2021-02-11,0.002243102550319328,0.0009740542662892344,0.0,0.0,1.126885574081737e-05,0.002243102550319328,0.0009627854105484171,0.0,0.0,0.4998225720135554,0.41131323453983404
2021-02-12,-5.23889520347492e-05,0.0016803046700691038,0.0,0.0,1.1206243361882459e-05,-5.23889520347492e-05,0.0016690984267072214,0.0,0.0,0.5004612518616507,0.40902788270870977
2021-02-16,0.0022816203806783537,0.0024738882594648633,0.0,0.0,4.45687757080263e-05,0.0022816203806783537,0.0024293194837568368,0.0,0.0,0.4996011529920165,0.40669007833574
2021-02-17,0.0006677381212019573,-0.0013374101759295247,0.0,0.0,1.1022489879494645e-05,0.0006677381212019573,-0.0013484326658090193,0.0,0.0,0.49952951984419863,0.4023208806015546
2021-02-18,-0.00115795009186572,0.001018150925958417,0.0,0.0,1.1066664272174715e-05,-0.00115795009186572,0.0010070842616862422,0.0,0.0,0.5005379714319229,0.40393324593437707
2021-02-19,0.0009388968294159631,0.0021789483434236333,0.0,0.0,1.104043535070277e-05,0.0009388968294159631,0.0021679079080729304,0.0,0.0,0.49945537208940505,0.4029758903006511
2021-02-22,-0.000559328947977424,0.0011721461271956125,0.0,0.0,3.284018636087737e-05,-0.000559328947977424,0.0011393059408347352,0.0,0.0,0.498844456597793,0.399555600724008
2021-02-23,0.001352562342833874,0.0003314490450234064,0.0,0.0,1.090828863799173e-05,0.001352562342833874,0.00032054075638541466,0.0,0.0,0.497996301252561,0.39815253528669825
2021-02-24,-4.529328486087533e-05,0.0010823218831080236,0.0,0.0,1.0881002802725814e-05,-4.529328486087533e-05,0.0010714408803052977,0.0,0.0,0.49851479694362183,0.3971566022994921
2021-02-25,-0.004150600544827288,0.0038319152375314177,3.958980969962419e-05,2.4651250200853356e-06,1.1160772613629409e-05,-0.004190190354526912,0.0038182893398977027,0.18790047467142995,0.011699934021224906,0.49999999999204875,0.4073682003974734
2021-02-26,-0.004147784408564569,-0.00565437113344134,0.0,0.0,1.1059901823228714e-05,-0.004147784408564569,-0.0056654310352645685,0.0,0.0,0.4960338749486054,0.40368641654784815
2021-03-01,0.002889722238513187,0.001709202261622543,0.0,0.0,3.39778805648796e-05,0.002889722238513187,0.0016752243810576634,0.0,0.0,0.4967609123974704,0.4133975468727017
2021-03-02,-0.0009562098784263934,-3.4200514354206374e-05,0.0,0.0,1.122787806505265e-05,-0.0009562098784263934,-4.542839241925902e-05,0.0,0.0,0.4973801209342829,0.4098175493744218
2021-03-03,-0.0016613362910487183,0.00179137948888628,0.0,0.0,1.1240073553284005e-05,-0.0016613362910487183,0.001780139415332996,0.0,0.0,0.496921646794898,0.4102626846948662
2021-03-04,-0.004741954667004706,0.0010149860739218032,0.0,0.0,1.118966529598067e-05,-0.004741954667004706,0.0010037964086258226,0.0,0.0,0.4952014790209914,0.40842278330329457
2021-03-05,0.002825731245976662,-0.00036896973829030907,0.0,0.0,1.1203738807085408e-05,0.002825731245976662,-0.00038017347709739445,0.0,0.0,0.49229981898793485,0.40893646645861736
2021-03-08,-0.004341554009333249,0.0010315074281738513,0.0,0.0,3.355947107590653e-05,-0.004341554009333249,0.0009979479570979448,0.0,0.0,0.4939176460973117,0.4083068980901962
2021-03-09,0.0031805276874235025,-0.001795227798084877,0.0,0.0,1.1195663770292435e-05,0.0031805276874235025,-0.0018064234618551695,0.0,0.0,0.4912185333490544,0.40864172761567386
2021-03-10,-0.0006626990647472632,-0.0005025167529211566,0.0,0.0,1.1229417703210986e-05,-0.0006626990647472632,-0.0005137461706243675,0.0,0.0,0.4937206374223456,0.40987374616720085
2021-03-11,0.004644357794361452,0.0013248539879503424,1.2615465009449912e-05,1.2938063746156803e-06,1.1098082197227235e-05,0.004631742329352002,0.0013124620993784995,0.05951612658005366,0.006103805440705256,0.5000000000822092,0.40508000019879403
2021-03-12,-0.0030948799718147936,0.0033195305211787566,0.0,0.0,1.0996419860061987e-05,-0.0030948799718147936,0.0033085341013186944,0.0,0.0,0.5016623741703001,0.4013693248922625
2021-03-15,-4.971462282848005e-06,-0.0009594130942385628,0.0,0.0,3.270943294973413e-05,-4.971462282848005e-06,-0.000992122527188297,0.0,0.0,0.49846099594830423,0.3979647675550986
2021-03-16,0.0010221496468988235,0.00043025512564789914,0.0,0.0,1.094033815224554e-05,0.0010221496468988235,0.0004193147874956536,0.0,0.0,0.49895352804986537,0.39932234255696214
2021-03-17,-2.255762630262758e-06,0.0014523616645375427,0.0,0.0,1.091281989882085e-05,-2.255762630262758e-06,0.001441448844638722,0.0,0.0,0.4992560179032991,0.39831792630696106
2021-03-18,-0.004376940149466029,0.0014789553115826257,0.0,0.0,1.0857403268612813e-05,-0.004376940149466029,0.0014680979083140128,0.0,0.0,0.49853627218660773,0.3962952193043676
2021-03-19,0.00030467607442075497,-0.0008074678736583832,0.0,0.0,1.0848440346538438e-05,0.00030467607442075497,-0.0008183163140049217,0.0,0.0,0.4956009570357226,0.395968072648653
2021-03-22,0.000806539076789126,-0.0014674606753063678,0.0,0.0,3.262844754572243e-05,0.000806539076789126,-0.0015000891228520903,0.0,0.0,0.4961604810985269,0.3969794451396229
2021-03-23,-0.002957990584473638,-0.0019002718946299155,0.0,0.0,1.0923929876039379e-05,-0.002957990584473638,-0.001911195824505955,0.0,0.0,0.49731193088789094,0.39872344047543734
2021-03-24,-0.0032949463496125975,-0.0010933888748083907,0.0,0.0,1.1029697774225282e-05,-0.0032949463496125975,-0.001104418572582616,0.0,0.0,0.4967728197657713,0.40258396875922275
2021-03-25,0.000578305999678261,0.0006650501594670075,8.669604682886524e-06,5.448929231731539e-08,1.1102622275368549e-05,0.0005696363949953744,0.0006538930478993216,0.040733525527760134,0.00025601409300452204,0.49999999997559735,0.40524571305095203
2021-03-26,0.004474989753128435,0.0009434729732972191,0.0,0.0,1.1070856204530085e-05,0.004474989753128435,0.000932402117092689,0.0,0.0,0.49996658214156203,0.40408625146534816
2021-03-29,-0.0009755352565208874,0.00118901668749593,0.0,0.0,3.2956812489831695e-05,-0.0009755352565208874,0.0011560598750060983,0.0,0.0,0.5017285291252407,0.4009745519596189
2021-03-30,-0.0025195400569479037,-0.0006916802309824634,0.0,0.0,1.0951051429238534e-05,-0.0025195400569479037,-0.0007026312824117019,0.0,0.0,0.5006626119417091,0.39971337716720645
2021-03-31,0.0036922515707425744,0.0007593195673630641,0.0,0.0,1.1005463060202088e-05,0.0036922515707425744,0.0007483141043028621,0.0,0.0,0.4997533628472764,0.40169940169737617
2021-04-01,0.0013231071885668223,-0.002051833966262852,0.0,0.0,1.093609732597922e-05,0.0013231071885668223,-0.0020627700635888315,0.0,0.0,0.5012199144701734,0.39916755239824164
2021-04-05,0.0013669739474182585,0.0014536228918483737,0.0,0.0,4.4001794314456373e-05,0.0013669739474182585,0.0014096210975339174,0.0,0.0,0.5029150092203518,0.40151637311941435
2021-04-06,0.00026135342757526944,-0.0012071726789299462,0.0,0.0,1.0930274348310432e-05,0.00026135342757526944,-0.0012181029532782567,0.0,0.0,0.5028856732991105,0.3989550137133308
2021-04-07,-0.0019272310449947106,0.0006590379438765086,0.0,0.0,1.0973846795107062e-05,-0.0019272310449947106,0.0006480640970814016,0.0,0.0,0.5036288734124534,0.40054540802140776
2021-04-08,0.002566298119066249,-0.001020665063769756,0.0,0.0,1.0969823196285394e-05,0.002566298119066249,-0.0010316348869660414,0.0,0.0,0.5023442244959091,0.40039854666441693
2021-04-09,-0.0004440875934073032,0.0008946481541936854,1.460121824903621e-05,2.126934904756461e-05,1.3698630136912493e-05,-0.00045868881165633937,0.0008596801750092083,0.07185792227619538,0.10467422681159169,0.5000000000140963,0.49999999999730593
2021-04-12,-0.0008673763814949332,0.0002382659565765917,0.0,0.0,4.1005914668106966e-05,-0.0008673763814949332,0.00019726004190848476,0.0,0.0,0.4993556751077295,0.49890529512863463
2021-04-13,0.001736332328731458,-0.0016744380082233889,0.0,0.0,1.3671271730845331e-05,0.001736332328731458,-0.0016881092799542342,0.0,0.0,0.49882256787952517,0.4990014181758545
2021-04-14,0.0018560965523162177,0.0007964765148614546,0.0,0.0,1.371648529402987e-05,0.0018560965523162177,0.0007827600295674248,0.0,0.0,0.5005347628959709,0.5006517132320902
2021-04-15,0.0022191097056979392,-0.003518125168667695,0.0,0.0,1.365862087804662e-05,0.0022191097056979392,-0.0035317837895457414,0.0,0.0,0.5010686112455265,0.4985396620487016
2021-04-16,0.0010649655869160802,0.0020338121420494537,0.0,0.0,1.3773087443911216e-05,0.0010649655869160802,0.0020200390546055423,0.0,0.0,0.5039492420608523,0.5027176917027594
2021-04-19,0.0014529156902386522,0.0011404029794718773,0.0,0.0,4.10255357217987e-05,0.0014529156902386522,0.0010993774437500787,0.0,0.0,0.5034610280394416,0.49914401794855084
2021-04-20,0.0004269320170738092,-0.0012540014645233484,0.0,0.0,1.3609199988996102e-05,0.0004269320170738092,-0.0012676106645123444,0.0,0.0,0.5036285360749753,0.4967357995983577
2021-04-21,0.002184248363771411,-0.0005116363291966126,0.0,0.0,1.3655035690438552e-05,0.002184248363771411,-0.0005252913648870511,0.0,0.0,0.5044795732973892,0.4984088027010072
2021-04-22,0.0007725052513815722,-0.0009896334789636198,0.0,0.0,1.3646414309586609e-05,0.0007725052513815722,-0.0010032798932732064,0.0,0.0,0.5058246802676222,0.49809412229991123
2021-04-23,0.0032605771246765588,0.0007458600116525573,6.123287069065352e-06,9.120586023496494e-06,1.3698630136971958e-05,0.0032544538376074934,0.0007230407954920889,0.029565648569034392,0.044037791805750515,0.49999999999741895,0.49999999999947625
2021-04-26,0.001348471102497932,0.0003778066926777095,0.0,0.0,4.087201861363462e-05,0.001348471102497932,0.0003369346740640749,0.0,0.0,0.5012667911505432,0.4972762264658878
2021-04-27,-0.0005229139226669334,0.0020819588264316975,0.0,0.0,1.3590749408691116e-05,-0.0005229139226669334,0.002068368077023006,0.0,0.0,0.5017695769096147,0.49606235341722565
2021-04-28,-0.0009146621696177418,-6.345236988689984e-05,0.0,0.0,1.351282598778376e-05,-0.0009146621696177418,-7.69651958746836e-05,0.0,0.0,0.5004732045937643,0.4932181485541073
2021-04-29,-0.0004200998246583763,0.0007176816715225514,0.0,0.0,1.3527979123174902e-05,-0.0004200998246583763,0.0007041536923993764,0.0,0.0,0.5000544100613986,0.49377123799588396
2021-04-30,-0.0018999354209237637,-0.0011824359528805662,0.0,0.0,1.3504480611676758e-05,-0.0018999354209237637,-0.001195940433492243,0.0,0.0,0.4994924274808069,0.49291354232620155
2021-05-03,0.001084238968915314,-0.00018924456551832483,0.0,0.0,4.073674425463081e-05,0.001084238968915314,-0.00022998130977295564,0.0,0.0,0.49913776060095505,0.49563038843134155
2021-05-04,-1.4971697810387967e-05,-0.001311986354230644,0.0,0.0,1.3572505117709991e-05,-1.4971697810387967e-05,-0.0013255588593483539,0.0,0.0,0.4997950458239737,0.4953964367964147
2021-05-05,0.0038165901059918103,-0.0004715415874397934,0.0,0.0,1.3626716979837976e-05,0.0038165901059918103,-0.00048516830441963134,0.0,0.0,0.500450943908832,0.49737516976408613
2021-05-06,0.0025659243621418424,-7.858236480891412e-05,0.0,0.0,1.3594347422059074e-05,0.0025659243621418424,-9.21767122309732e-05,0.0,0.0,0.502593184123912,0.4961936809051563
2021-05-07,0.002327581862116097,0.0005803542420460531,3.7382193775076336e-05,1.4222563696371751e-05,1.3698630137001767e-05,0.0022901996683410207,0.0005524330482126796,0.18109858280663055,0.06890141720380341,0.5000000000121197,0.5000000000005644
2021-05-10,-0.0018424931248731697,0.0018940076379405635,0.0,0.0,4.09318358865044e-05,-0.0018424931248731697,0.001853075802054059,0.0,0.0,0.500903696638329,0.4980040032858035
2021-05-11,-0.0010363290813501047,0.0010853803145296397,0.0,0.0,1.3591910836479264e-05,-0.0010363290813501047,0.0010717884036931604,0.0,0.0,0.49905592216573647,0.4961047455314931
2021-05-12,-0.004943718713328331,0.00226105550205327,0.0,0.0,1.3561693501044478e-05,-0.004943718713328331,0.0022474938085522258,0.0,0.0,0.49800193427327133,0.4950018127881234
2021-05-13,-0.0004804770735564197,-0.0009302013807901546,0.0,0.0,1.3536243531888619e-05,-0.0004804770735564197,-0.0009437376243220432,0.0,0.0,0.4943912054407546,0.49407288891393464
2021-05-14,0.0019681817041758485,-0.0015446141517826196,0.0,0.0,1.3581070861959867e-05,0.0019681817041758485,-0.0015581952226445795,0.0,0.0,0.49461516655720256,0.4957090864615351
2021-05-17,0.0004335182052367739,0.00047424678129191143,0.0,0.0,4.08534178246649e-05,0.0004335182052367739,0.00043339336346724655,0.0,0.0,0.49637983923758644,0.4970499168667562
2021-05-18,0.00117335206376384,0.0007634556936815844,0.0,0.0,1.359302892502498e-05,0.00117335206376384,0.0007498626647565594,0.0,0.0,0.49638303724532695,0.4961455557634119
2021-05-19,-0.0019975983152517494,0.0006418784692185741,0.0,0.0,1.354606034790303e-05,-0.0019975983152517494,0.000628332408870671,0.0,0.0,0.4966013183394574,0.4944312026984605
2021-05-20,0.0032428533975989585,-0.0019118071640471376,0.0,0.0,1.3547024114670727e-05,0.0032428533975989585,-0.0019253541881618084,0.0,0.0,0.49528189263383715,0.49446638018548156
2021-05-21,-0.0004315912955912499,-0.0004983431239430812,1.2032924575889146e-05,1.1817651601899467e-05,1.3698630137198385e-05,-0.000443624220167139,-0.0005238594056821791,0.059037735459093986,0.05798153097532609,0.4999999999866205,0.500000000007741
2021-05-24,0.00029567382152899537,-0.0006442964758493952,0.0,0.0,4.117668789171434e-05,0.00029567382152899537,-0.0006854731637411096,0.0,0.0,0.500052201007574,0.5009830360158577
2021-05-25,0.0003686967430319109,-0.0016547923647474074,0.0,0.0,1.3748573773827286e-05,0.0003686967430319109,-0.0016685409385212347,0.0,0.0,0.5005429861558554,0.501822942744696
2021-05-26,-0.00042575784032612983,0.00047686355257707937,0.0,0.0,1.3811863821961519e-05,-0.00042575784032612983,0.00046305168875511785,0.0,0.0,0.5015636374817364,0.5041330295015953
2021-05-27,0.0010731677367168356,0.0013915749867346025,0.0,0.0,1.3798284475966566e-05,0.0010731677367168356,0.0013777767022586358,0.0,0.0,0.501119190978257,0.5036373833727796
2021-05-28,0.0004936157573747131,7.520653942516408e-06,0.0,0.0,1.3726516205304353e-05,0.0004936157573747131,-6.205862262787945e-06,0.0,0.0,0.5009645225044176,0.5010178414936088
2021-06-01,0.0008116977385425272,-4.99664557045236e-05,0.0,0.0,5.487849231977795e-05,0.0008116977385425272,-0.00010484494802430155,0.0,0.0,0.5012138416757925,0.5007662424179737
2021-06-02,0.0004831449443314666,-0.00048400959119056474,0.0,0.0,1.3711300153161494e-05,0.0004831449443314666,-0.0004977208913437263,0.0,0.0,0.5016709319161882,0.5004624555903945
2021-06-03,-0.0017900942025039746,0.0013099557611566707,0.0,0.0,1.372476074129176e-05,-0.0017900942025039746,0.001296231000415379,0.0,0.0,0.5021613963384243,0.5009537670571493
2021-06-04,0.0031883541911028133,-0.003023843847461642,0.0,0.0,1.3695635312666113e-05,0.0031883541911028133,-0.003037539482774308,0.0,0.0,0.5006185392107199,0.4998906889123131
2021-06-07,3.0327728999861937e-05,0.00040230307133700316,5.753528574721449e-06,5.721351278620897e-07,4.109589041147329e-05,2.457420042514049e-05,0.0003606350457976678,0.028546623236187264,0.0028386972834418614,0.49999999999347655,0.5000000000062584
2021-06-08,-0.0010698356143253602,-0.00133342355774708,0.0,0.0,1.3682337572260545e-05,-0.0010698356143253602,-0.0013471058953193407,0.0,0.0,0.4998377855858572,0.49940532138751
2021-06-09,8.425847850604821e-05,-0.001422771972609605,0.0,0.0,1.375210776462903e-05,8.425847850604821e-05,-0.001436524080374234,0.0,0.0,0.4999763635985544,0.5019519334089596
2021-06-10,0.0035933783596189903,-0.0016207880957346973,0.0,0.0,1.380976228518135e-05,0.0035933783596189903,-0.0016345978580198787,0.0,0.0,0.5007377525153437,0.5040563234091193
2021-06-11,-0.0014159491650101372,0.00022787398242364216,0.0,0.0,1.3827083217488749e-05,-0.0014159491650101372,0.0002140468992061534,0.0,0.0,0.5033451881348705,0.5046885374383392
2021-06-14,-0.0011797503247284605,0.0018136060715628639,0.0,0.0,4.1512414148672155e-05,-0.0011797503247284605,0.0017720936574141916,0.0,0.0,0.5025332348034123,0.5050677054755112
2021-06-15,-0.0016878532819804672,3.4558337351055514e-05,0.0,0.0,1.3779621278522385e-05,-0.0016878532819804672,2.0778716072533127e-05,0.0,0.0,0.5010566868909064,0.5029561766660671
2021-06-16,-0.0036424582949371835,0.0012510281493536576,0.0,0.0,1.3801682909304168e-05,-0.0036424582949371835,0.0012372264664443535,0.0,0.0,0.5002027088226023,0.5037614261896022
2021-06-17,-0.0015200098950948642,-0.003098642408474915,0.0,0.0,1.3800601812217361e-05,-0.0015200098950948642,-0.003112443010287132,0.0,0.0,0.49775747264373804,0.5037219661459336
2021-06-18,-0.0029402039488815486,-0.003134233396765808,0.0,0.0,1.39501193959043e-05,-0.0029402039488815486,-0.003148183516161712,0.0,0.0,0.4985469580529449,0.5091793579505068
2021-06-21,0.0039168950495021655,0.0028401320547493747,1.5065961634727196e-06,3.1004551588556197e-06,4.109589041089592e-05,0.003915388453338693,0.0027959357091796233,0.007508483374279749,0.015451862003489584,0.5000000000082041,0.4999999999992337
2021-06-22,-0.0005569891753993068,-0.0003051185517478149,0.0,0.0,1.3530013990038331e-05,-0.0005569891753993068,-0.00031864856573785325,0.0,0.0,0.5005574914704709,0.4938455106363991
2021-06-23,-0.0006841610252284365,0.0008850612819347849,0.0,0.0,1.3550238502649314e-05,-0.0006841610252284365,0.0008715110434321355,0.0,0.0,0.5004387053125693,0.4945837053467
2021-06-24,0.0015804139702507002,-0.00038544982075143833,0.0,0.0,1.3523456628504203e-05,0.0015804139702507002,-0.00039897327737994253,0.0,0.0,0.49966093280248447,0.49360616694040343
2021-06-25,0.0020040289078974787,0.0013528223360606117,0.0,0.0,1.3518046127782422e-05,0.0020040289078974787,0.0013393042899328292,0.0,0.0,0.5006498586568381,0.4934086836640584
2021-06-28,0.0015095083563095957,-0.0018465416134127012,0.0,0.0,4.0308183817310116e-05,0.0015095083563095957,-0.0018868497972300113,0.0,0.0,0.5009789480164182,0.4904162364439398
2021-06-29,-0.0010026453908984201,-0.0005239416253865199,0.0,0.0,1.3491742447161634e-05,-0.0010026453908984201,-0.0005374333678336815,0.0,0.0,0.5026781376655137,0.4924485993213996
2021-06-30,0.0017337710598944907,-0.00052524076834917,0.0,0.0,1.3526929549110167e-05,0.0017337710598944907,-0.0005387676978982802,0.0,0.0,0.5024493037746982,0.4937329285425211
2021-07-01,-0.00040260957675701726,0.0005130600309619509,0.0,0.0,1.3525157098942364e-05,-0.00040260957675701726,0.0004995348738630085,0.0,0.0,0.5035812934958269,0.49366823411139626
2021-07-02,0.0008807801240774118,-0.0012643166428709025,0.0,0.0,1.3509791219210168e-05,0.0008807801240774118,-0.0012778264340901127,0.0,0.0,0.5031299179022943,0.4931073795011711
2021-07-06,-0.004034311188412856,-0.002849611084096806,9.330712150656746e-07,1.4742585237631387e-07,5.4279882024106984e-05,-0.004035244259627922,-0.002904038391973289,0.00465732851156363,0.0007358609016413072,0.4999999999887325,0.49530392346997626
2021-07-07,0.001356216741744625,-0.0016173867166027294,0.0,0.0,1.3743411459290615e-05,0.001356216741744625,-0.00163113012806202,0.0,0.0,0.49943138434134476,0.5016345182641074
2021-07-08,-0.0033876064202355235,-0.001222002679079794,0.0,0.0,1.3791514896191607e-05,-0.0033876064202355235,-0.0012357941939759856,0.0,0.0,0.5009253121569466,0.5033902937109936
2021-07-09,0.003626442000378534,0.0028261202835787335,0.0,0.0,1.388920980277893e-05,0.003626442000378534,0.0028122310737759546,0.0,0.0,0.49984870655360375,0.5069561578014308
2021-07-12,0.001196318412754412,0.00034481037604894093,0.0,0.0,4.117026368119257e-05,0.001196318412754412,0.00030364011236774834,0.0,0.0,0.5002541754641876,0.500904874787843
2021-07-13,-0.0003705832319669636,0.0013577467323087641,0.0,0.0,1.369343478320514e-05,-0.0003705832319669636,0.001344053297525559,0.0,0.0,0.5006994654452235,0.4998103695869876
2021-07-14,0.0018872116653481678,-0.0022378457856505095,0.0,0.0,1.3642955234067817e-05,0.0018872116653481678,-0.0022514887408845775,0.0,0.0,0.4998423006960289,0.4979678660434755
2021-07-15,0.0002324147068175664,-0.0019997163582985834,0.0,0.0,1.3709260046667866e-05,0.0002324147068175664,-0.0020134256183452514,0.0,0.0,0.5019123475235086,0.5003879917033772
2021-07-16,-0.0003348840944619562,0.00046505284536544744,0.0,0.0,1.3788604451192607e-05,-0.0003348840944619562,0.00045126424091425485,0.0,0.0,0.5030406831760049,0.5032840624685302
2021-07-19,-0.004486070956812988,-0.004338517956479123,0.0,0.0,4.132278068077349e-05,-0.004486070956812988,-0.004379840737159897,0.0,0.0,0.5026473009150487,0.502760498282744
2021-07-20,0.0034145004369239944,0.0013069543418163917,1.816171727015011e-05,2.3807877225734433e-06,1.3698630137017715e-05,0.0033963387196538444,0.0012908749239568004,0.08875797915098393,0.011635128104895648,0.4999999999995599,0.5000000000011464
2021-07-21,0.0021289579760623706,0.0027274963571996412,0.0,0.0,1.3599081369015348e-05,0.0021289579760623706,0.002713897275830626,0.0,0.0,0.5010658975252555,0.4963664699690602
2021-07-22,0.0017066119722073435,-0.001724045120459491,0.0,0.0,1.3459174606989233e-05,0.0017066119722073435,-0.00173750429506648,0.0,0.0,0.5007697003280951,0.4912598731551072
2021-07-23,0.0024487354104015435,0.0011406969731322656,0.0,0.0,1.3506825977107422e-05,0.0024487354104015435,0.0011271901471551582,0.0,0.0,0.5024918354403168,0.4929991481644208
2021-07-26,0.0017925465006728778,0.0006759850633983593,0.0,0.0,4.0282674171625316e-05,0.0017925465006728778,0.000635702389226734,0.0,0.0,0.5031413747496868,0.490105869088108
2021-07-27,-6.394144195036181e-05,-0.002254024762360497,0.0,0.0,1.337655631047361e-05,-6.394144195036181e-05,-0.0022674013186709707,0.0,0.0,0.5037107860931983,0.4882443053322866
2021-07-28,-2.0878358413773025e-05,-9.102594188266673e-05,0.0,0.0,1.346971293128197e-05,-2.0878358413773025e-05,-0.00010449565481394869,0.0,0.0,0.5048237618738822,0.4916445219917919
2021-07-29,0.0013313812325163573,0.0010230451868314212,0.0,0.0,1.3473896069127413e-05,0.0013313812325163573,0.0010095712907622937,0.0,0.0,0.5048661806146751,0.4917972065231505
2021-07-30,-0.0020543063579818153,-0.000793198686644506,0.0,0.0,1.3414464808629563e-05,-0.0020543063579818153,-0.0008066131514531355,0.0,0.0,0.5050153449012504,0.489627965514979
2021-08-02,-0.0002380232911546588,-0.0019270797046596233,0.0,0.0,4.0424239333452746e-05,-0.0002380232911546588,-0.001967503943993076,0.0,0.0,0.5044040980680704,0.4918282452236752
2021-08-03,0.0035603791720019195,-0.00035048688366841346,1.0908737044274443e-06,1.7450853429435557e-05,1.3698630137039578e-05,0.003559288298297492,-0.0003816363672348886,0.005280484648034331,0.08447262341665573,0.4999999999991596,0.5000000000019448
2021-08-04,-0.0026224854854385517,0.00017804848823144408,0.0,0.0,1.366481050592231e-05,-0.0026224854854385517,0.00016438367772552177,0.0,0.0,0.5019653081404225,0.4987655834661643
2021-08-05,0.001452560828149933,0.0014530575344220054,0.0,0.0,1.3693592710143734e-05,0.001452560828149933,0.0014393639417118616,0.0,0.0,0.5005732827461953,0.4998161339202463
2021-08-06,-0.00041930394736582527,0.003217041936666628,0.0,0.0,1.361441106210254e-05,-0.00041930394736582527,0.003203427525604525,0.0,0.0,0.5005782090523337,0.4969260037667428
2021-08-09,-0.0003775923386842845,0.001008458288457071,0.0,0.0,4.046615600150971e-05,-0.0003775923386842845,0.0009679921324555613,0.0,0.0,0.49877026704436533,0.4923382313517016
2021-08-10,0.001265686047022411,0.0010181994484560568,0.0,0.0,1.3453146937787958e-05,0.001265686047022411,0.0010047463015182688,0.0,0.0,0.4980985973965003,0.4910398632292603
2021-08-11,0.0005276907125682976,-0.00034807489312263995,0.0,0.0,1.3394838986748782e-05,0.0005276907125682976,-0.00036146973210938874,0.0,0.0,0.4982330789439753,0.48891162301633045
2021-08-12,0.001187259098586934,0.00011727555496687607,0.0,0.0,1.3402147567081645e-05,0.001187259098586934,0.00010387340739979443,0.0,0.0,0.49867787893057447,0.4891783861984801
2021-08-13,0.0026960531342943334,-0.0030976198112548066,0.0,0.0,1.3381657045782666e-05,0.0026960531342943334,-0.0031110014683005892,0.0,0.0,0.49922057811310216,0.4884304821710672
2021-08-16,0.002008020600722577,-0.0007117389323544982,0.0,0.0,4.0416340719192335e-05,0.002008020600722577,-0.0007521552730736906,0.0,0.0,0.5021249871742873,0.49173214541684007
2021-08-17,0.00037487944255775954,0.0009048252761720379,3.4580048749846497e-05,1.7267031494973807e-05,1.3220131390847638e-05,0.00034029939380791305,0.0008743381132862165,0.16674057917381924,0.08325942085600127,0.5000000000349625,0.48253479576593883
2021-08-18,-0.0029011304752258604,-1.4714220940690936e-05,0.0,0.0,1.3179333544412337e-05,-0.0029011304752258604,-2.789355448510327e-05,0.0,0.0,0.49976784271092406,0.48104567437105034
2021-08-19,-0.00020142024939343131,-0.0007765238784001988,0.0,0.0,1.3218453842694055e-05,-0.00020142024939343131,-0.0007897423322428929,0.0,0.0,0.4983263220074956,0.48247356525833296
2021-08-20,0.0005080507126241859,-0.00019487142731977028,0.0,0.0,1.3252864212606584e-05,0.0005080507126241859,-0.00020812429153237687,0.0,0.0,0.4986191143667512,0.48372954376014043
2021-08-23,0.000454508822734198,-0.0003795905447276976,0.0,0.0,3.97626835880809e-05,0.000454508822734198,-0.00041935322831577847,0.0,0.0,0.4989775085410334,0.48377931698831755
2021-08-24,-8.961364077186317e-05,0.0010828722265712935,0.0,0.0,1.3264161294170315e-05,-8.961364077186317e-05,0.0010696080652771232,0.0,0.0,0.4994144601515596,0.4841418872372165
2021-08-25,3.578596261065984e-05,0.0014403510415478356,0.0,0.0,1.3221536529852838e-05,3.578596261065984e-05,0.0014271295050179828,0.0,0.0,0.4988359900218238,0.48258608333962855
2021-08-26,-0.0012192147529273033,0.0007778419871425013,0.0,0.0,1.3162818766310834e-05,-0.0012192147529273033,0.0007646791683761905,0.0,0.0,0.49814303483368483,0.48044288497034543
2021-08-27,0.0017090844582296344,-0.002715629799827899,0.0,0.0,1.3147484026274325e-05,0.0017090844582296344,-0.002728777283854173,0.0,0.0,0.4971497923522338,0.4798831669590129
2021-08-30,0.001546739596670826,-0.0005473738152805191,0.0,0.0,3.9706142596863146e-05,0.001546739596670826,-0.0005870799578773822,0.0,0.0,0.4993680788578207,0.4830914015951683
2021-08-31,-0.00042480018008465495,0.0009115980376824246,4.355299892765903e-05,7.573934400360832e-06,1.3259707530151908e-05,-0.000468353179012314,0.0008907643957519118,0.21296504646743397,0.03703495353312606,0.4999999999993049,0.4839793248505447
2021-09-01,0.00048599189214938525,-0.0005223310844568228,0.0,0.0,1.322914410259148e-05,0.00048599189214938525,-0.0005355602285594144,0.0,0.0,0.49936426275339424,0.48286375974458906
2021-09-02,0.001534450867709769,-0.0009635706744583316,0.0,0.0,1.3244111031812607e-05,0.001534450867709769,-0.0009768147854901442,0.0,0.0,0.4998750326193234,0.4834100526611602
2021-09-03,0.0002832559400934017,0.001120879980925779,0.0,0.0,1.3263114237311781e-05,0.0002832559400934017,0.0011076168666884672,0.0,0.0,0.5011300352974674,0.48410366966188
2021-09-07,-0.0017577791086730795,0.0022855975603717467,0.0,0.0,5.285610466829834e-05,-0.0017577791086730795,0.0022327414557034484,0.0,0.0,0.5007168577761826,0.4823119550982223
2021-09-08,0.00029617195235542404,-0.0009979583523356851,0.0,0.0,1.314516359807688e-05,0.00029617195235542404,-0.001011103515933762,0.0,0.0,0.49872220439879206,0.47979847132980624
2021-09-09,-0.002173284731704135,-0.002243466861497349,0.0,0.0,1.3181929099980838e-05,-0.002173284731704135,-0.0022566487905973298,0.0,0.0,0.4993753955835246,0.48114041214930053
2021-09-10,-0.0020207668207717217,0.0016415296469203776,0.0,0.0,1.3302322349200496e-05,-0.0020207668207717217,0.0016282273245711771,0.0,0.0,0.49941448381519626,0.4855347657458179
2021-09-13,-0.0004263959514624018,-0.0008015647367618632,0.0,0.0,3.9787665032636026e-05,-0.0004263959514624018,-0.0008413524017944992,0.0,0.0,0.4975890403456367,0.4840832578970717
2021-09-14,-0.00072294106266245,-0.0018623183707739018,0.0,0.0,1.3301378489274002e-05,-0.00072294106266245,-0.0018756197492631758,0.0,0.0,0.49779372156494994,0.48550031485850104
2021-09-15,0.002232725309219647,0.0003470653488204957,3.764791343413734e-05,1.2705656149153178e-07,1.3370234717177276e-05,0.0021950773957855095,0.00033356805754182684,0.18335764643743635,0.0006188069923258018,0.5000000000054603,0.4880135671769706
2021-09-16,-0.00018218704673188596,0.0015185699554171295,0.0,0.0,1.3327026751881051e-05,-0.00018218704673188596,0.0015052429286652484,0.0,0.0,0.5009659600176097,0.48643647644365834
2021-09-17,-0.002451225490815473,0.001380334811861905,0.0,0.0,1.3267867964816689e-05,-0.002451225490815473,0.0013670669438970882,0.0,0.0,0.5001220835066097,0.48427718071580916
2021-09-20,-0.0054015615897035464,-0.002235981750584775,0.0,0.0,3.973322883777378e-05,-0.0054015615897035464,-0.002275714979422549,0.0,0.0,0.4982109977271488,0.483420950859581
2021-09-21,0.00012188552471672436,0.00011305338957552129,0.0,0.0,1.340861100164736e-05,0.00012188552471672436,9.964477857387393e-05,0.0,0.0,0.49662214166939306,0.4894143015601286
2021-09-22,0.0024127122617611176,-0.00023781021373824631,0.0,0.0,1.3402544578742908e-05,0.0024127122617611176,-0.00025121275831698923,0.0,0.0,0.49663400771175686,0.48919287712411613
2021-09-23,0.0027753027895729768,0.0034180927767796226,0.0,0.0,1.3380138763770603e-05,0.0027753027895729768,0.003404712638015852,0.0,0.0,0.49797035729349837,0.48837506487762694
2021-09-24,-0.00011884565732693522,0.0018810776031539906,0.0,0.0,1.320488598720411e-05,-0.00011884565732693522,0.0018678727171667865,0.0,0.0,0.4976700514870324,0.48197833853295
2021-09-27,-0.0030459006333058455,0.0009604436811990124,0.0,0.0,3.939115265163888e-05,-0.0030459006333058455,0.0009210525285473735,0.0,0.0,0.49668249470631526,0.479259023928273
2021-09-28,-0.007655831755648191,0.0029507964391847948,0.0,0.0,1.3131974142068169e-05,-0.007655831755648191,0.0029376644650427265,0.0,0.0,0.49468773035931074,0.47931705618548803
2021-09-29,0.0009228311848142002,0.0008193476137222902,5.0795483579838876e-05,1.9814237600938242e-15,1.3112999730663104e-05,0.0008720357012343613,0.0008062346139896458,0.24999999999836084,9.751968189093466e-12,0.49999999999091393,0.4786244901692033
2021-09-30,-0.002735079012959143,-0.00022902851344895012,0.0,0.0,1.3068619175212368e-05,-0.002735079012959143,-0.0002420971326241625,0.0,0.0,0.500083555788916,0.4770045998952514
2021-10-01,0.0020064424123399597,-0.001985219309114572,0.0,0.0,1.3113936427712773e-05,0.0020064424123399597,-0.0019983332455422846,0.0,0.0,0.4988335922474114,0.47865867961151615
2021-10-04,-0.005864478731944662,0.0002292615346758384,0.0,0.0,3.950465764361839e-05,-0.005864478731944662,0.00018975687703222003,0.0,0.0,0.5008359732973057,0.4806400013306904
2021-10-05,0.0034728246400934125,0.002015118487593967,0.0,0.0,1.3237054680090922e-05,0.0034728246400934125,0.0020018814329138762,0.0,0.0,0.4977963503942389,0.48315249582331876
2021-10-06,0.000797315212069939,-0.00021399990746049686,0.0,0.0,1.3110072162716627e-05,0.000797315212069939,-0.0002271099796232135,0.0,0.0,0.4985398160756271,0.47851763393915697
2021-10-07,0.003276833307455498,0.0018564809959967011,0.0,0.0,1.310846066102169e-05,0.003276833307455498,0.0018433725353356795,0.0,0.0,0.49905256890164323,0.47845881412729174
2021-10-08,-0.0015709256747050945,0.0014413023426214765,0.0,0.0,1.2991081158329633e-05,-0.0015709256747050945,0.001428311261463147,0.0,0.0,0.49977047450548134,0.47417446227903165
2021-10-11,-0.0022034898875314688,0.0014579139194344454,0.0,0.0,3.886032231081078e-05,-0.0022034898875314688,0.0014190535971236346,0.0,0.0,0.4982706094013717,0.4728005881148645
2021-10-12,-0.000654178744372272,-0.002219723615758471,0.0,0.0,1.2923635692003284e-05,-0.000654178744372272,-0.002232647251450474,0.0,0.0,0.4964565580545892,0.47171270275811983
2021-10-13,0.0030533722289450382,-0.0021796828360304958,3.0905321066197943e-05,4.5933390530531933e-07,1.308360557300138e-05,0.0030224669078788404,-0.0021932257755088026,0.1511884304153596,0.002247055516133231,0.4999999999981763,0.47755160341455044
2021-10-14,0.005570587553986995,-0.000768288535052315,0.0,0.0,1.3132432957398451e-05,0.005570587553986995,-0.0007814209680097134,0.0,0.0,0.502636565312531,0.47933380294504346
2021-10-15,0.001509179355953982,0.0015779490128024396,0.0,0.0,1.3090787993914218e-05,0.001509179355953982,0.0015648582248085254,0.0,0.0,0.5057848648918847,0.47781376177786894
2021-10-18,0.00036563512604857496,-9.433309323453925e-05,0.0,0.0,3.902271225834879e-05,0.00036563512604857496,-0.00013335580549288803,0.0,0.0,0.5057393823803298,0.4747763324765769
2021-10-19,0.0018995034522681197,0.001733629275347625,0.0,0.0,1.3007133932858425e-05,0.0018995034522681197,0.0017206221414147664,0.0,0.0,0.5059874870766706,0.4747603885493325
2021-10-20,0.0008186673912530521,0.0006550132564291489,0.0,0.0,1.2912890953354475e-05,0.0008186673912530521,0.0006421003654757944,0.0,0.0,0.506055007843234,0.4713205197974382
2021-10-21,-1.4742641043742044e-05,0.0007855579986947044,0.0,0.0,1.287613633988863e-05,-1.4742641043742044e-05,0.0007726818623548158,0.0,0.0,0.5061343305238842,0.4699789764059348
2021-10-22,-0.001049269715853682,-0.0019947721777705202,0.0,0.0,1.284487856568018e-05,-0.001049269715853682,-0.0020076170563362,0.0,0.0,0.5057362705277679,0.46883806764732666
2021-10-25,0.0012815241614348304,0.00035764528497660294,0.0,0.0,3.881724951122918e-05,0.0012815241614348304,0.00031882803546537375,0.0,0.0,0.5062345023658223,0.4722765357199551
2021-10-26,0.002233109206699153,-0.0008238766186223638,0.0,0.0,1.2908626320959755e-05,0.002233109206699153,-0.0008367852449433236,0.0,0.0,0.5067051198754841,0.47116486071503116
2021-10-27,-0.0004997228243199724,-0.0028019497254845585,2.961225268177487e-05,1.9414640207379912e-07,1.29392529235229e-05,-0.0005293350770017472,-0.002815083124810155,0.14522316056295273,0.0009521245959931816,0.4999999999990013,0.47228273170858587
2021-10-28,0.00016781873236688981,-5.1023860320855953e-05,0.0,0.0,1.30596957536151e-05,0.00016781873236688981,-6.408355607447106e-05,0.0,0.0,0.501176420718451,0.47667889500695115
2021-10-29,0.0010392366594697876,0.0009621759081175499,0.0,0.0,1.305973891327799e-05,0.0010392366594697876,0.000949116169204272,0.0,0.0,0.5012922378121545,0.4766804703346466
2021-11-01,0.0007300820676205015,0.0004751549687889444,0.0,0.0,3.9022543204319484e-05,0.0007300820676205015,0.00043613242558462493,0.0,0.0,0.5013346443134911,0.4747742756525537
2021-11-02,0.0015593643399468295,-0.0008521812119836053,0.0,0.0,1.2979359739648542e-05,0.0015593643399468295,-0.0008651605717232538,0.0,0.0,0.501479893261539,0.47374663049717186
2021-11-03,0.0016201989690546688,0.001298337757567912,0.0,0.0,1.299368690370218e-05,0.0016201989690546688,0.0012853440706642098,0.0,0.0,0.502690288109231,0.47426957198512965
2021-11-04,0.002038407229111366,-0.0017253271344294559,0.0,0.0,1.2920574720286867e-05,0.002038407229111366,-0.0017382477091497427,0.0,0.0,0.5028494363983319,0.47160097729047074
2021-11-05,0.0007645696148405376,-0.002714217766623113,0.0,0.0,1.296395270302643e-05,0.0007645696148405376,-0.0027271817193261394,0.0,0.0,0.5047363422092586,0.47318427366046484
2021-11-08,0.0017382039067136267,0.0006460623850413365,0.0,0.0,3.919186292543133e-05,0.0017382039067136267,0.0006068705221159051,0.0,0.0,0.5064949649732164,0.4768343322594145
2021-11-09,-0.0018389377824910235,-0.002092634243981853,0.0,0.0,1.3015731110960074e-05,-0.0018389377824910235,-0.0021056499750928127,0.0,0.0,0.5070441126969559,0.4750741855500427
2021-11-10,-0.002408300009630267,0.005027196543311696,2.062362122170107e-06,1.6575138377489586e-08,1.3126977602031729e-05,-0.002410362371752437,0.005014052990571287,0.009727832161145608,7.81822757752737e-05,0.49760265892753575,0.4791346824741581
2021-11-11,0.000740328430316573,0.0011009172686677747,0.0,0.0,1.295551403951953e-05,0.000740328430316573,0.0010879617546282552,0.0,0.0,0.4939083743171399,0.47287626244246284
2021-11-12,0.0030476617858440492,0.00018422325359064007,0.0,0.0,1.2901763754528843e-05,0.0030476617858440492,0.00017132148983611123,0.0,0.0,0.4937459917967985,0.4709143770403028
2021-11-15,-0.0004687997070410112,0.002982234780801984,0.0,0.0,3.856600629702521e-05,-0.0004687997070410112,0.002943668774504959,0.0,0.0,0.49519961430606807,0.46921974328047333
2021-11-16,0.0007625572422335456,0.001146437062491942,0.0,0.0,1.2742095352212147e-05,0.0007625572422335456,0.0011336949671397298,0.0,0.0,0.4935094433431957,0.46508648035574324
2021-11-17,-0.00031925462425892503,-0.0017666690589599444,0.0,0.0,1.2686629069221317e-05,-0.00031925462425892503,-0.0017793556880291656,0.0,0.0,0.4933365101381153,0.46306196102657793
2021-11-18,0.0005098292922283792,-0.0009804134513852407,0.0,0.0,1.2761813033683596e-05,0.0005098292922283792,-0.0009931752644189243,0.0,0.0,0.494054082506232,0.46580617572945127
2021-11-19,0.00030980752448042903,-0.0008366134164212283,0.0,0.0,1.2794858019275668e-05,0.00030980752448042903,-0.0008494082744405039,0.0,0.0,0.49480307287076003,0.4670123177035619
2021-11-22,-0.003947325656854079,0.003421381116518098,0.0,0.0,3.84740974562236e-05,-0.003947325656854079,0.003382907019061874,0.0,0.0,0.4953801879161553,0.46810151905072034
2021-11-23,0.0003102927478071996,0.0022595361965599505,0.0,0.0,1.2738152333717015e-05,0.0003102927478071996,0.0022467980442262337,0.0,0.0,0.49171039276937645,0.4649425601806711
2021-11-24,-0.0001903988515314453,-0.0014535268723720903,2.4824517730377923e-06,8.17201621150804e-07,1.2755133212686452e-05,-0.0001928813033044831,-0.0014670992072059275,0.01233156124167893,0.004059443147082248,0.4999999999957497,0.4655623622630555
2021-11-26,-0.007787625680723791,-0.0062195271505175115,0.0,0.0,2.5632461119342608e-05,-0.007787625680723791,-0.006245159611636854,0.0,0.0,0.5006406548740784,0.46779241542800276
2021-11-29,0.0044840371802985475,0.0013590109850587844,0.0,0.0,3.951438253749409e-05,0.0044840371802985475,0.0013194966025212903,0.0,0.0,0.4998675633849511,0.4807583208728447
2021-11-30,-0.0035030890148452926,-0.0028666662310893485,0.0,0.0,1.3058442555635872e-05,-0.0035030890148452926,-0.0028797246736449846,0.0,0.0,0.5014414680652263,0.47663315328070927
2021-12-01,-0.001321344493952449,-0.000634792004386341,0.0,0.0,1.3221370903672202e-05,-0.001321344493952449,-0.0006480133752900133,0.0,0.0,0.501137043431002,0.48258003798403515
2021-12-02,0.004040531292801604,0.00026802965711016254,0.0,0.0,1.3264885772617115e-05,0.004040531292801604,0.0002547647713375454,0.0,0.0,0.5008019572124178,0.4841683307005247
2021-12-03,-0.003719197047969381,-0.002696392658339331,0.0,0.0,1.3200840974060915e-05,-0.003719197047969381,-0.002709593499313392,0.0,0.0,0.5026833148414724,0.4818306955532235
2021-12-06,0.0007414217285949958,0.002933676965391417,0.0,0.0,4.008182187414919e-05,0.0007414217285949958,0.002893595143517268,0.0,0.0,0.5021926088904531,0.4876621661354819
2021-12-07,0.007257758363456791,0.0012307027194114737,0.0,0.0,1.3232133551289498e-05,0.007257758363456791,0.0012174705858601842,0.0,0.0,0.5011124783055815,0.48297287462206673
2021-12-08,0.0014375271023927484,0.0017193758969565316,0.0,0.0,1.3087496142385871e-05,0.0014375271023927484,0.0017062884008141458,0.0,0.0,0.5040978916246514,0.4776936091970843
2021-12-09,-0.0014544253263483811,-0.00029365683993219036,3.1225837457482776e-05,2.524872860154687e-05,9.589041095897926e-06,-0.001485651163805864,-0.00032849460962963516,0.15395118948298045,0.12448254771177052,0.3499999000026097,0.35000000000027426
2021-12-10,0.0022340136106363487,-7.775788060331055e-05,0.0,0.0,9.614528645278186e-06,0.0022340136106363487,-8.737240924858873e-05,0.0,0.0,0.3491789361674823,0.35093029555265376
2021-12-13,-0.0022770793876854154,-0.001325088262780325,0.0,0.0,2.8788179103138553e-05,-0.0022770793876854154,-0.0013538764418834636,0.0,0.0,0.3506602081276645,0.35025617908818574
2021-12-14,-0.0016778802035427277,0.0007680301463820054,0.0,0.0,9.667465629753073e-06,-0.0016778802035427277,0.0007583626807522524,0.0,0.0,0.34965270225756573,0.3528624954859872
2021-12-15,0.004053142392894973,0.0005942129440409934,0.0,0.0,9.655301927244323e-06,0.004053142392894973,0.0005845576421137491,0.0,0.0,0.3482950854882313,0.3524185203444178
2021-12-16,-0.003202226455990227,-0.0007234634050791604,0.0,0.0,9.594525588898741e-06,-0.003202226455990227,-0.0007330579306680591,0.0,0.0,0.3507216859061211,0.35020018399480407
2021-12-17,-0.0018003651542610334,-0.0004456001595667292,0.0,0.0,9.652331172263453e-06,-0.0018003651542610334,-0.00045525249073899264,0.0,0.0,0.34889245046306105,0.3523100877876159
2021-12-20,-0.002446873856612783,0.0005484638503381911,0.0,0.0,2.9059164551751562e-05,-0.002446873856612783,0.0005194046857864396,0.0,0.0,0.34787676227206654,0.3535531687129774
2021-12-21,0.0038544344116936175,0.0006854855624754307,0.0,0.0,9.69003902855024e-06,0.0038544344116936175,0.0006757955234468804,0.0,0.0,0.3460969796738913,0.3536864245420838
2021-12-22,0.0032032879284688252,-0.0008284719971693172,0.0,0.0,9.627643164910525e-06,0.0032032879284688252,-0.0008380996403342277,0.0,0.0,0.3483732033710725,0.35140897551923417
2021-12-23,0.0010123528930718617,0.00035201571768419436,3.0535998916104725e-05,3.066958963670505e-05,5.479452054829833e-06,0.000981816894155757,0.00031586667599265946,0.15074690882004566,0.15140640544345302,0.20000000000539153,0.2000000000012889
2021-12-27,0.002142724196044283,0.00019353220471420848,0.0,0.0,2.185087563206655e-05,0.002142724196044283,0.00017168132908214193,0.0,0.0,0.2007518405333263,0.19938924014260728
2021-12-28,-0.0002681340570576518,0.00022567397939217112,0.0,0.0,5.444815145576473e-06,-0.0002681340570576518,0.00022022916424659463,0.0,0.0,0.20242606871750113,0.19873575281354125
2021-12-29,0.00040551293738218914,0.0007044941062426135,0.0,0.0,5.43889284640482e-06,0.00040551293738218914,0.0006990552133962087,0.0,0.0,0.20216761947858447,0.19851958889377597
2021-12-30,-0.0002455549246623903,-0.00043636673650890946,0.0,0.0,5.413611934690878e-06,-0.0002455549246623903,-0.0004417803484436003,0.0,0.0,0.20234962346656352,0.19759683561621705
2021-12-31,-0.0006637799893764017,-0.00048287659815627926,0.0,0.0,5.429298936413151e-06,-0.0006637799893764017,-0.0004883058970926924,0.0,0.0,0.20224307734270017,0.19816941117908
2022-01-03,0.0014440880402055017,0.0023812365359422594,0.0,0.0,1.6346417773970867e-05,0.0014440880402055017,0.0023648901181682887,0.0,0.0,0.20181180188199488,0.19888141624997885
2022-01-04,-0.0011718616505423589,0.00035263325509824557,0.0,0.0,5.36313849013858e-06,-0.0011718616505423589,0.000347270116608107,0.0,0.0,0.20248463038764752,0.19575455489005814
2022-01-05,-0.002861336960417201,0.0004838411300624647,0.0,0.0,5.357895380237644e-06,-0.002861336960417201,0.000478483234682227,0.0,0.0,0.20147890653770245,0.195563181378674
2022-01-06,-0.0005746999646230054,8.466016504417247e-05,0.0,0.0,5.35740537221753e-06,-0.0005746999646230054,7.930275967195493e-05,0.0,0.0,0.19909197663557526,0.19554529608593985
2022-01-07,-0.0009485060839540524,0.0003209719015278448,9.845488237267894e-16,2.2301273278061085e-05,8.374185355845015e-06,-0.0009485060839550369,0.0002902964428939387,4.860667424111398e-12,0.11010025092362315,0.19861567032374836,0.30565776548834306
2022-01-10,0.0005316054500349437,0.00034338393934203184,0.0,0.0,2.5112704239398154e-05,0.0005316054500349437,0.00031827123510263367,0.0,0.0,0.19779735636673135,0.30553790157934424
2022-01-11,0.0017972498701741995,-0.0008107567535850054,0.0,0.0,8.35439342977823e-06,0.0017972498701741995,-0.0008191111470147837,0.0,0.0,0.19816054978558947,0.3049353601869054
2022-01-12,0.0002793526996864272,-0.00015779497323397613,0.0,0.0,8.368420467464174e-06,0.0002793526996864272,-0.0001661633937014403,0.0,0.0,0.199762404312674,0.3054473470624423
2022-01-13,-0.00270296317589469,-0.0003260664632856645,0.0,0.0,8.371796019634479e-06,-0.00270296317589469,-0.000334438259305299,0.0,0.0,0.2000191169873249,0.30557055471665845
2022-01-14,0.0002960661113915186,0.0021687048372070646,0.0,0.0,8.406262541303355e-06,0.0002960661113915186,0.0021602985746657613,0.0,0.0,0.19791730812718672,0.3068285827575724
2022-01-18,-0.002667827195462907,0.0025886229276226177,0.0,0.0,3.3305573247709305e-05,-0.002667827195462907,0.0025553173543749084,0.0,0.0,0.1977276829407466,0.3039133558853474
2022-01-19,-0.0014856600859099222,-0.001312492918961324,0.0,0.0,8.256401062199542e-06,-0.0014856600859099222,-0.0013207493200235237,0.0,0.0,0.19508180436809233,0.3013586387702833
2022-01-20,-0.0015117472513483025,-0.0004503266765142476,0.0,0.0,8.315697022649328e-06,-0.0015117472513483025,-0.00045864237353689693,0.0,0.0,0.19414098336397223,0.3035229413267005
2022-01-21,-0.002876177922658125,-0.0016875929221303206,0.0,0.0,8.344476609951448e-06,-0.002876177922658125,-0.001695937398740272,0.0,0.0,0.19300954010795657,0.3045733962632278
2022-01-24,-0.0006710312740125087,0.0013405748523723114,2.6938605398440947e-16,2.2294628152432076e-06,2.6149921450237005e-05,-0.0006710312740127782,0.0013121954681068312,1.267470300525368e-12,0.010489696339699832,0.19100666669137542,0.3181573776445502
2022-01-25,-0.0015575471997703455,0.0001062702120450521,0.0,0.0,8.674350722175074e-06,-0.0015575471997703455,9.759586132287702e-05,0.0,0.0,0.19021367721830362,0.3166138013593902
2022-01-26,-0.00034560870447737695,0.002016598879454867,0.0,0.0,8.684117598627657e-06,-0.00034560870447737695,0.0020079147618562395,0.0,0.0,0.188931961488584,0.31697029234990953
2022-01-27,-0.0004911311362117372,-0.0007568832745973794,0.0,0.0,8.614548298440951e-06,-0.0004911311362117372,-0.0007654978228958204,0.0,0.0,0.18827338479611683,0.3144310128930947
2022-01-28,0.0037348327838356192,-0.0005577583595815566,0.0,0.0,8.64614982877173e-06,0.0037348327838356192,-0.0005664045094103283,0.0,0.0,0.18801852318098303,0.3155844687501681
2022-01-31,0.003011592027212425,-0.00021142820741065673,0.0,0.0,2.5902223302475466e-05,0.003011592027212425,-0.0002373304307131322,0.0,0.0,0.1911477181301033,0.3151437168467848
2022-02-01,0.0003609556097048663,-0.0004577754563064444,0.0,0.0,8.615964049606537e-06,0.0003609556097048663,-0.00046639142035605094,0.0,0.0,0.19362215165774013,0.31448268781063865
2022-02-02,0.0010911540512857842,-0.0009611232538305215,0.0,0.0,8.629415692368971e-06,0.0010911540512857842,-0.0009697526695228905,0.0,0.0,0.1940035621902937,0.3149736727714675
2022-02-03,-0.0034934959108442153,0.0012701097688183288,0.0,0.0,8.654697144117498e-06,-0.0034934959108442153,0.0012614550716742114,0.0,0.0,0.19507103434846768,0.3158964457602887
2022-02-04,0.0004372664181039473,0.0017035782229824611,0.0,0.0,8.639182624639911e-06,0.0004372664181039473,0.0016949390403578212,0.0,0.0,0.19200610390290462,0.31533016579935674
2022-02-07,-0.0008996133827417594,-8.337042069454244e-05,2.126394530047104e-15,4.311692122763017e-05,1.6438356164416635e-05,-0.0008996133827438858,-0.00014292569808658926,1.047521003707703e-11,0.21240592920521012,0.1920339145522128,0.20000000000040247
2022-02-08,0.001398656489870781,0.0005826210177831688,0.0,0.0,5.487457064364445e-06,0.001398656489870781,0.0005771335607188044,0.0,0.0,0.19133377410645988,0.20029218284930222
2022-02-09,0.0022585765442258024,-0.00031782762468431265,0.0,0.0,5.460705636832699e-06,0.0022585765442258024,-0.00032328833032114535,0.0,0.0,0.1923523826724392,0.1993157557443935
2022-02-10,-0.0028591189126282095,0.0017174313239153873,0.0,0.0,5.458848797249627e-06,-0.0028591189126282095,0.0017119724751181377,0.0,0.0,0.19423505839742136,0.19924798109961145
2022-02-11,-0.003360802236025935,-0.0003076668107074347,0.0,0.0,5.418011136439201e-06,-0.003360802236025935,-0.00031308482184387387,0.0,0.0,0.19159572784142864,0.19775740648003087
2022-02-14,-0.0007972363639880197,0.0007532726049848947,0.0,0.0,1.6339350018958103e-05,-0.0007972363639880197,0.0007369332549659365,0.0,0.0,0.1889290295218188,0.19879542523065696
2022-02-15,0.0033045858601980023,0.00012624757818504535,0.0,0.0,5.426139613792044e-06,0.0033045858601980023,0.0001208214385712533,0.0,0.0,0.18814313877404004,0.19805409590340955
2022-02-16,-2.2221355494030212e-05,-0.00040213179152423766,0.0,0.0,5.4041692950863745e-06,-2.2221355494030212e-05,-0.00040753596081932405,0.0,0.0,0.19079417686823097,0.1972521792706527
2022-02-17,-0.0029523699884015796,-0.00020230641699253764,0.0,0.0,5.4175148210737966e-06,-0.0029523699884015796,-0.00020772393181361142,0.0,0.0,0.19085397640544463,0.19773929096919354
2022-02-18,-0.0008730503097465938,-0.00019905148583271794,0.0,0.0,5.440249160933155e-06,-0.0008730503097465938,-0.0002044917349936511,0.0,0.0,0.18849727551136367,0.19856909437406017
2022-02-22,-0.0011856370042742485,0.0006167986270796727,2.0630616119566282e-08,1.6365505664009444e-05,2.1917808219268255e-05,-0.001185657634890368,0.000578515313196395,0.00010206747187718298,0.08096635502479987,0.1877245488060326,0.20000000000082283
2022-02-23,-0.0024343605673836513,0.0012846554971138937,0.0,0.0,5.465872024525386e-06,-0.0024343605673836513,0.0012791896250893683,0.0,0.0,0.186652236273839,0.19950432889517652
2022-02-24,0.0016566088233046618,0.00010225998290832416,0.0,0.0,5.4369565977848436e-06,0.0016566088233046618,9.682302631053932e-05,0.0,0.0,0.18443092495182017,0.1984489158191468
2022-02-25,0.0032413371903392304,-0.0008952371619971989,0.0,0.0,5.424643212236358e-06,0.0032413371903392304,-0.0009006618052094352,0.0,0.0,0.18576181309560075,0.1979994772466271
2022-02-28,-0.00046460346785123265,-0.00035104931496965337,0.0,0.0,1.63093359121941e-05,-0.00046460346785123265,-0.00036735865088184747,0.0,0.0,0.1885617883493745,0.19843025359836153
2022-03-01,-0.0020976760944202114,0.00034888666205794896,0.0,0.0,5.45059778439699e-06,-0.0020976760944202114,0.00034343606427355194,0.0,0.0,0.18825380491592064,0.19894681913049017
2022-03-02,0.0024851308191347625,0.0010770058663543583,0.0,0.0,5.45060090801166e-06,0.0024851308191347625,0.0010715552654463466,0.0,0.0,0.18648326523031997,0.19894693314242556
2022-03-03,-0.0013014572441080675,0.00017384877653682821,0.0,0.0,5.401881102626282e-06,-0.0013014572441080675,0.00016844689543420193,0.0,0.0,0.18829867676605583,0.19716866024585933
2022-03-04,-0.001465220889582551,0.0010017352846963547,0.0,0.0,5.403240049339461e-06,-0.001465220889582551,0.0009963320446470152,0.0,0.0,0.18720932962978665,0.19721826180089036
2022-03-07,-0.004184489806881386,0.0014355675635517083,0.0,0.0,1.6134951239706915e-05,-0.004184489806881386,0.0014194326123120014,0.0,0.0,0.1858312429370578,0.19630857341643418
2022-03-08,-0.0006052857893036303,7.948836608748747e-05,2.693849816969216e-07,1.535273643774182e-05,5.479452054805245e-06,-0.0006055551742853272,5.86561775949404e-05,0.0013355456595668894,0.07611515824950246,0.1808148637715683,0.20000000000039142
2022-03-09,0.004169910043125105,-0.0004335543855576478,0.0,0.0,5.480271446306368e-06,0.004169910043125105,-0.0004390346570039542,0.0,0.0,0.1803081883495681,0.20002990779018243
2022-03-10,-0.000801320620021586,0.0009427776094098006,0.0,0.0,5.47173528615194e-06,-0.000801320620021586,0.0009373058741236487,0.0,0.0,0.18379239188166557,0.1997183379445458
2022-03-11,-0.0017632043288908056,0.000424564260258772,0.0,0.0,5.445165300419461e-06,-0.0017632043288908056,0.0004191190949583525,0.0,0.0,0.18296619055772886,0.19874853346531032
2022-03-14,-0.0004572200357469139,0.0018458939839426523,0.0,0.0,1.6322539092408762e-05,-0.0004572200357469139,0.0018295714448502436,0.0,0.0,0.1814468662825518,0.19859089229097326
2022-03-15,0.003365774360937065,-0.0004075912720700397,0.0,0.0,5.382886714052943e-06,0.003365774360937065,-0.0004129741587840926,0.0,0.0,0.18074160525015626,0.19647536506293245
2022-03-16,0.0033563460039149383,-0.0014741369335647295,0.0,0.0,5.37817292810991e-06,0.0033563460039149383,-0.0014795151064928393,0.0,0.0,0.183565347814957,0.1963033118760117
2022-03-17,0.001305190445072739,-0.0014950555956122656,0.0,0.0,5.408409571169174e-06,0.001305190445072739,-0.0015004640051834348,0.0,0.0,0.18657153060565188,0.19740694934767491
2022-03-18,0.0020069593025459397,9.039155385588747e-05,0.0,0.0,5.450434324160851e-06,0.0020069593025459397,8.494111953172662e-05,0.0,0.0,0.187913415572376,0.19894085283187105
2022-03-21,-0.0007910738689134035,0.0021504257467404287,0.0,0.0,1.6309755146025923e-05,-0.0007910738689134035,0.0021341159915944027,0.0,0.0,0.1895239097281678,0.19843535427664874
2022-03-22,0.0010673472760643523,0.00022887391565538446,1.380224113114513e-05,2.7583913293933815e-16,5.370456525463791e-06,0.0010535450349332073,0.00022350345912964482,0.06847969968355974,1.3685734660898648e-12,0.20000000000023876,0.1960216631794283
2022-03-23,-0.0014020071839754707,-0.0005070178594015693,0.0,0.0,5.3573444186047e-06,-0.0014020071839754707,-0.0005123752038201741,0.0,0.0,0.20081090201629181,0.19554307127907153
2022-03-24,0.002232084660866861,0.00013794222330446138,0.0,0.0,5.381537639739053e-06,0.002232084660866861,0.0001325606856647223,0.0,0.0,0.19979137191594568,0.19642612385047542
2022-03-25,1.5757809824474418e-06,0.0011107271605269795,0.0,0.0,5.365071908422352e-06,1.5757809824474418e-06,0.001105362088618557,0.0,0.0,0.2015468697092466,0.19582512465741586
2022-03-28,0.0007311205239371397,-0.0007073989258196572,0.0,0.0,1.5986227321521828e-05,0.0007311205239371397,-0.000723385153141179,0.0,0.0,0.20132559056990745,0.1944990990785156
2022-03-29,0.0014756915801940422,-0.0010555943380553458,0.0,0.0,5.348081863599224e-06,0.0014756915801940422,-0.0010609424199189452,0.0,0.0,0.20205514812235262,0.19520498802137168
2022-03-30,-0.0007875869817266112,-0.00029939479026923875,0.0,0.0,5.37477307380363e-06,-0.0007875869817266112,-0.0003047695633430424,0.0,0.0,0.2034464604539125,0.1961792171938325
2022-03-31,-0.0010690969529887693,0.0004072634732649765,0.0,0.0,5.388862229724427e-06,-0.0010690969529887693,0.0004018746110352521,0.0,0.0,0.20288049130472957,0.1966934713849416
2022-04-01,0.0007545883352624526,8.401362161077882e-06,0.0,0.0,5.381294846497526e-06,0.0007545883352624526,3.0200673145803564e-06,0.0,0.0,0.20194613732643618,0.19641726189715966
2022-04-04,0.0018257297940260802,-0.0005140790462555113,0.0,0.0,1.613097305584637e-05,0.0018257297940260802,-0.0005302100193113577,0.0,0.0,0.20254727414488738,0.1962601721794642
2022-04-05,-0.0015560274504838065,0.002171931796664045,6.0736979456194975e-06,1.104731114592181e-15,5.384100167858178e-06,-0.001562101148429426,0.002166547696495082,0.030207622572777076,5.49439581171009e-12,0.2343161998110923,0.19651965612682354
2022-04-06,-0.0005360575886132851,0.000864844932337359,0.0,0.0,5.321378698142616e-06,-0.0005360575886132851,0.0008595235536392165,0.0,0.0,0.23261956626676605,0.19423032248220543
2022-04-07,0.0011750364753843633,0.0004892235063582586,0.0,0.0,5.295971249983616e-06,0.0011750364753843633,0.000483927535108275,0.0,0.0,0.23200846183715046,0.193302950624402
2022-04-08,0.0003815706428767203,0.0007979573665518015,0.0,0.0,5.273818790676182e-06,0.0003815706428767203,0.0007926835477611253,0.0,0.0,0.23279729597676935,0.19249438585968065
2022-04-11,-0.0015868943647534084,0.0012004727706287114,0.0,0.0,1.57373911375587e-05,-0.0015868943647534084,0.0011847353794911526,0.0,0.0,0.23290537650526263,0.19147159217363083
2022-04-12,-0.00014232657441007847,-0.0003730033452107744,0.0,0.0,5.215004641879084e-06,-0.00014232657441007847,-0.0003782183498526535,0.0,0.0,0.23141154637317665,0.19034766942858652
2022-04-13,0.0012162649569827841,-0.00048482706811381977,0.0,0.0,5.227945291996957e-06,0.0012162649569827841,-0.0004900550134058167,0.0,0.0,0.23138966851623954,0.1908200031578889
2022-04-14,-0.0014347226783449562,0.0011741310043712617,0.0,0.0,5.237424755433806e-06,-0.0014347226783449562,0.0011688935796158278,0.0,0.0,0.2324371353143005,0.19116600357333394
2022-04-18,1.4048415454068322e-05,0.0004920554813478018,0.0,0.0,2.0826563437433425e-05,1.4048415454068322e-05,0.0004712289179103684,0.0,0.0,0.23106383612726217,0.19004239136658
2022-04-19,4.455882100559893e-05,0.000859942852375258,0.0,0.0,5.190640986850086e-06,4.455882100559893e-05,0.0008547522113884079,0.0,0.0,0.2309658020741873,0.18945839602002812
2022-04-20,0.0006386312263508199,-0.0011270517745298027,5.984106838398265e-06,4.932624700757988e-16,5.162438271050509e-06,0.0006326471195124216,-0.0011322142128013465,0.02976672940149723,2.4536344131500335e-12,0.26056952679197226,0.1884289968933436
2022-04-21,-0.0014417274586043301,0.0009211277846529916,0.0,0.0,5.195912108568607e-06,-0.0014417274586043301,0.0009159318725444229,0.0,0.0,0.2613387142401599,0.1896507919627542
2022-04-22,-0.0036272003583673446,0.0008129313421202856,0.0,0.0,5.173395879625328e-06,-0.0036272003583673446,0.0008077579462406602,0.0,0.0,0.2600337113592151,0.1888289496063245
2022-04-25,-0.000844234156695344,-0.0010190641174076336,0.0,0.0,1.5497064444940694e-05,-0.000844234156695344,-0.0010345611818525743,0.0,0.0,0.2571314783965318,0.18854761741344514
2022-04-26,-0.0022725503523016825,0.00037808948765875834,0.0,0.0,5.203383806414216e-06,-0.0022725503523016825,0.0003728861038523441,0.0,0.0,0.25676966188366396,0.1899235089341189
2022-04-27,-0.0004605361797840205,0.0007670566948820197,0.0,0.0,5.2029089704731195e-06,-0.0004605361797840205,0.0007618537859115465,0.0,0.0,0.2549814907533628,0.18990617742226884
2022-04-28,0.003159657359584992,-0.0005044910270737659,0.0,0.0,5.180332793082388e-06,0.003159657359584992,-0.0005096713598668483,0.0,0.0,0.25444428603041924,0.1890821469475072
2022-04-29,-0.003885514590034095,0.001684902720523851,0.0,0.0,5.18042640760429e-06,-0.003885514590034095,0.0016797222941162466,0.0,0.0,0.25692310076995967,0.1890855638775566
2022-05-02,-0.0010589972408393494,0.0010176950247141917,0.0,0.0,1.5436844540461954e-05,-0.0010589972408393494,0.0010022581801737297,0.0,0.0,0.2535969684191326,0.1878149419089538
2022-05-03,0.00032554998342267246,-0.0007137599510930646,0.0,0.0,5.118023183176908e-06,0.00032554998342267246,-0.0007188779742762414,0.0,0.0,0.2525523007586073,0.18680784618595708
2022-05-04,0.002216738859558167,-0.0016056602945733278,1.1608222175669253e-05,0.0,5.1395997987927926e-06,0.002205130637382498,-0.0016107998943721206,0.057617794054475854,0.0,0.19535955976186212,0.18759539265593692
2022-05-05,-0.0037391494964767414,0.0022381114448078465,0.0,0.0,5.180511554513434e-06,-0.0037391494964767414,0.002232930933253333,0.0,0.0,0.19745894270129055,0.18908867173974042
2022-05-06,-0.0008434765537332479,0.001149151300887027,0.0,0.0,5.126915688319706e-06,-0.0008434765537332479,0.0011440243851987073,0.0,0.0,0.19401201770737309,0.18713242262366925
2022-05-09,-0.0035828807771376542,0.0006904649697046551,0.0,0.0,1.5281703390290337e-05,-0.0035828807771376542,0.0006751832663143648,0.0,0.0,0.1931105022109671,0.18592739124853247
2022-05-10,-7.543423260263993e-05,-0.000269481921934701,0.0,0.0,5.089783833394711e-06,-7.543423260263993e-05,-0.00027457170576809575,0.0,0.0,0.19008031749988039,0.18577710991890695
2022-05-11,-0.0014128217953821233,-0.0004847903439959191,0.0,0.0,5.098951563075627e-06,-0.0014128217953821233,-0.0004898892955589948,0.0,0.0,0.19007140938927847,0.18611173205226042
2022-05-12,-0.00014825811083742985,0.0002648158317793666,0.0,0.0,5.121979136819587e-06,-0.00014825811083742985,0.000259693852642547,0.0,0.0,0.1890182346854224,0.18695223849391496
2022-05-13,0.0014220582204810392,8.685453808646584e-05,0.0,0.0,5.11415400900596e-06,0.0014220582204810392,8.174038407745987e-05,0.0,0.0,0.1888489320537525,0.18666662132871756
2022-05-16,-0.00016542660548034163,7.987149985358308e-05,0.0,0.0,1.531229668746889e-05,-0.00016542660548034163,6.45592031661142e-05,0.0,0.0,0.1899852906592535,0.1862996096975382
2022-05-17,0.001808086847369694,0.00041577688453904577,0.0,0.0,5.102425303938912e-06,0.001808086847369694,0.00041067445923510684,0.0,0.0,0.1898390126218342,0.18623852359377027
2022-05-18,-0.0038813233089202326,0.00016134318982029822,1.7710418152994287e-06,1.2014596174091176e-15,5.079763374002056e-06,-0.003883094350735532,0.0001562634264450947,0.008854380205472434,6.006735788032868e-12,0.2000000000040657,0.185411363151075
2022-05-19,0.0001679815456305643,-0.0005737308890272291,0.0,0.0,5.094328714428551e-06,0.0001679815456305643,-0.0005788252177416576,0.0,0.0,0.1968523119789467,0.18594299807664205
2022-05-20,0.0004898988887429515,-0.0005391205892027055,0.0,0.0,5.112147662440458e-06,0.0004898988887429515,-0.000544232736865146,0.0,0.0,0.19710127133467012,0.1865933896790767
2022-05-23,0.0010505442950303541,-9.179321629438695e-05,0.0,0.0,1.5381590009601164e-05,0.0010505442950303541,-0.00010717480630398811,0.0,0.0,0.19760190669540015,0.18714267845014743
2022-05-24,-0.0006791583946905773,-0.0014393938598604168,0.0,0.0,5.124876900004314e-06,-0.0006791583946905773,-0.001444518736760421,0.0,0.0,0.1984652249526369,0.18705800685015744
2022-05-25,0.00031219326530238336,-0.001494107228981126,0.0,0.0,5.17530302089347e-06,0.00031219326530238336,-0.0014992825320020195,0.0,0.0,0.19820699421886262,0.1888985602626116
2022-05-26,0.0014535347043655301,-0.0010198827805673733,0.0,0.0,5.22243696438953e-06,0.0014535347043655301,-0.001025105217531763,0.0,0.0,0.19875512756279629,0.19061894920021788
2022-05-27,0.002055180619870743,-0.0008663502736675184,0.0,0.0,5.248130504518791e-06,0.002055180619870743,-0.0008715984041720372,0.0,0.0,0.2001229237056549,0.19155676341493588
2022-05-31,-0.0008389297764610413,0.0011290300799022006,0.0,0.0,2.1062535271654494e-05,-0.0008389297764610413,0.001107967544630546,0.0,0.0,0.20193909280662542,0.19219563435384723
2022-06-01,-0.0003056334517817074,0.0006342343061522811,0.0,0.0,5.233293533345011e-06,-0.0003056334517817074,0.0006290010126189361,0.0,0.0,0.20104607404310457,0.1910152139670929
2022-06-02,0.0020979789007374377,-0.0007106380061392545,2.846650462102273e-06,6.79523569815537e-16,5.2142311378042855e-06,0.0020951322502753356,-0.0007158522372777383,0.014177885666684273,3.3844012845703916e-12,0.2000000000026547,0.19031943652985636
2022-06-03,-0.0023337839984118904,0.0004099546103101233,0.0,0.0,5.226491876435798e-06,-0.0023337839984118904,0.00040472811843368753,0.0,0.0,0.20181961314475064,0.1907669534899066
2022-06-06,3.858638635428959e-05,0.0013229166106159093,0.0,0.0,1.567602064963869e-05,3.858638635428959e-05,0.0013072405899662706,0.0,0.0,0.19987139223076092,0.19072491790393736
2022-06-07,0.001007983159104211,-0.0005444865871270637,0.0,0.0,5.182121686683909e-06,0.001007983159104211,-0.0005496687088137476,0.0,0.0,0.19964129597540392,0.18914744156396268
2022-06-08,-0.0008762727888883064,0.0010594854457598747,0.0,0.0,5.1946583404453696e-06,-0.0008762727888883064,0.0010542907874194294,0.0,0.0,0.2005573607979423,0.18960502942625598
2022-06-09,-0.0017442070484857094,0.0010110534527509303,0.0,0.0,5.164711930250586e-06,-0.0017442070484857094,0.0010058887408206797,0.0,0.0,0.19964554750827093,0.18851198545414638
2022-06-10,-0.0011872316683188273,0.0018603755781587527,0.0,0.0,5.140807387865312e-06,-0.0011872316683188273,0.0018552347707708873,0.0,0.0,0.19804756260104206,0.1876394696570839
2022-06-13,-0.0037481888383384134,0.004032849987442745,0.0,0.0,1.52593213078545e-05,-0.0037481888383384134,0.00401759066613489,0.0,0.0,0.19672891540688942,0.18565507591222977
2022-06-14,-0.0003805029219793711,0.0005196908800890203,0.0,0.0,4.974611225842826e-06,-0.0003805029219793711,0.0005147162688631774,0.0,0.0,0.19292875121034048,0.18157330974326313
2022-06-15,0.0014557073405809646,-0.0027117589687709032,0.0,0.0,4.959707460601165e-06,0.0014557073405809646,-0.0027167186762315043,0.0,0.0,0.19252240921147062,0.18102932231194252
2022-06-16,-0.0005198493788096399,0.0012583387893846353,2.7127058620229205e-05,8.680402703688936e-17,5.040358175666427e-06,-0.000546976437429869,0.001253298431208882,0.12885715881924156,4.1233074527663926e-13,0.19416487103218297,0.18397307341182456
2022-06-17,4.1875612042122524e-05,-0.0003882547546236435,0.0,0.0,5.002349870606633e-06,4.1875612042122524e-05,-0.00039325710449425016,0.0,0.0,0.19350834245511755,0.18258577027714215
2022-06-21,-0.0009005900977056339,0.0006543834856260319,0.0,0.0,2.0058996308746716e-05,-0.0009005900977056339,0.0006343244893172852,0.0,0.0,0.1936182519374915,0.18303834131731378
2022-06-22,-0.00034146704176415016,-0.000653766569142778,0.0,0.0,4.998151598388156e-06,-0.00034146704176415016,-0.0006587647207411661,0.0,0.0,0.19276898959207803,0.18243253334116769
2022-06-23,-0.0015723197720225064,-0.0009185362404957445,0.0,0.0,5.021085260200884e-06,-0.0015723197720225064,-0.0009235573257559454,0.0,0.0,0.19262018737983086,0.18326961199733224
2022-06-24,0.0019166641462145834,-0.0004217587124407316,0.0,0.0,5.058876971827283e-06,0.0019166641462145834,-0.0004268175894125589,0.0,0.0,0.19152589269702244,0.18464900947169585
2022-06-27,-0.0012617590487970587,0.0012826917076398062,0.0,0.0,1.5188667231557163e-05,-0.0012617590487970587,0.0012675030404082491,0.0,0.0,0.19315478585060766,0.18479545131727884
2022-06-28,-0.0006257710250541547,0.0008502750385625091,0.0,0.0,5.027717959450465e-06,-0.0006257710250541547,0.0008452473206030587,0.0,0.0,0.19189192457620557,0.18351170551994198
2022-06-29,0.00020125075498897245,-0.0002840861422664901,0.0,0.0,5.003324641756704e-06,0.00020125075498897245,-0.0002890894669082468,0.0,0.0,0.19122418437554528,0.1826213494241197
2022-06-30,-0.0022486023958937147,-0.0003563807918448673,0.0,0.0,5.01154803166043e-06,-0.0022486023958937147,-0.00036139233987652773,0.0,0.0,0.1914422511712841,0.1829215031556057
2022-07-01,-0.0004144453587220478,-0.0019171256348384227,8.161382110523157e-08,0.0,5.034451781618764e-06,-0.000414526972543153,-0.0019221600866200414,0.00040779243568603296,0.0,0.189280942940471,0.18375749002908487
2022-07-05,-0.0014419910400452537,0.00038775316426136597,0.0,0.0,2.039556113021469e-05,-0.0014419910400452537,0.00036735760313115126,0.0,0.0,0.1893088531290406,0.18610949531320906
2022-07-06,0.00020132507446931215,0.0008793723112091538,0.0,0.0,5.093740812386312e-06,0.00020132507446931215,0.0008742785703967675,0.0,0.0,0.18806896728969077,0.18592153965210037
2022-07-07,0.0011971568576752624,-0.0005321210413570045,0.0,0.0,5.06420134687136e-06,0.0011971568576752624,-0.0005371852427038759,0.0,0.0,0.1880680057317124,0.1848433491608046
2022-07-08,0.0014969647356239124,0.0002738554985128969,0.0,0.0,5.075430365563638e-06,0.0014969647356239124,0.00026878006814733325,0.0,0.0,0.1891403353368192,0.18525320834307282
2022-07-11,-0.00049939199486216,0.00030457956625429164,0.0,0.0,1.5176983745394917e-05,-0.00049939199486216,0.0002894025825088967,0.0,0.0,0.19030127658216708,0.18465330223563814
2022-07-12,-0.0024544263022496684,-0.00020077805654437967,0.0,0.0,5.051710741917576e-06,-0.0024544263022496684,-0.00020582976728629725,0.0,0.0,0.18984174934468992,0.1843874420799915
2022-07-13,0.0006111128894365762,-0.0003641618667650862,0.0,0.0,5.070700873365196e-06,0.0006111128894365762,-0.00036923256763845137,0.0,0.0,0.18788715097621259,0.18508058187782966
2022-07-14,0.00020025454592419812,0.0009065423184056206,0.0,0.0,5.079449291981514e-06,0.00020025454592419812,0.0009014628691136391,0.0,0.0,0.18845268087055647,0.18539989915732527
2022-07-15,0.0002750349828599283,-0.0013562487027962763,0.0,0.0,5.049049889941641e-06,0.0002750349828599283,-0.0013612977526862179,0.0,0.0,0.18844532192353508,0.1842903209828699
2022-07-18,-6.652031037876984e-05,0.0006864828630882731,1.5168691905781647e-06,1.3811519662967712e-16,1.5275215063340297e-05,-6.8037179569348e-05,0.0006712076480247947,0.007554370164210435,6.878466034672388e-13,0.18137120956594033,0.18584844993730695
2022-07-19,4.1103069656644184e-05,-0.0009876589912990973,0.0,0.0,5.069872607337537e-06,4.1103069656644184e-05,-0.000992728863906435,0.0,0.0,0.18119539754274377,0.18505035016782012
2022-07-20,-3.131131420981852e-05,-0.00034745735487102185,0.0,0.0,5.101786749651818e-06,-3.131131420981852e-05,-0.0003525591416206737,0.0,0.0,0.1814091342238403,0.18621521636229135
2022-07-21,4.045512393718386e-05,-0.0014073292905766425,0.0,0.0,5.1132689621246e-06,4.045512393718386e-05,-0.0014124425595387672,0.0,0.0,0.18144747523465807,0.18663431711754788
2022-07-22,-0.0010669159430820448,-0.0010654510879589375,0.0,0.0,5.158903880294955e-06,-0.0010669159430820448,-0.0010706099918392324,0.0,0.0,0.18173727161182723,0.18829999163076588
2022-07-25,0.0005599114359600969,0.0005106719717911443,0.0,0.0,1.559762328748299e-05,0.0005599114359600969,0.0004950743485036613,0.0,0.0,0.1810573704938845,0.18977108333104298
2022-07-26,0.0005073372919840828,0.0005400616871083839,0.0,0.0,5.179752184646699e-06,0.0005073372919840828,0.0005348819349237371,0.0,0.0,0.18142588020529418,0.18906095473960444
2022-07-27,0.0016205321461805668,-0.0014149809077782611,0.0,0.0,5.159578562060868e-06,0.0016205321461805668,-0.001420140486340322,0.0,0.0,0.18174380061390719,0.18832461751522167
2022-07-28,0.0014417798217998617,-0.001698135739028804,0.0,0.0,5.197303665965653e-06,0.0014417798217998617,-0.0017033330426947696,0.0,0.0,0.18332759543894322,0.18970158380774635
2022-07-29,0.0008025695276072846,-0.0005696238950350729,0.0,0.0,5.245199831698578e-06,0.0008025695276072846,-0.0005748690948667714,0.0,0.0,0.18481771492936133,0.19144979385699812
2022-08-01,-0.0004487244876439253,-0.0003236558306641053,5.980821624379133e-06,7.726285494177682e-16,1.577882505224902e-05,-0.00045470530926830445,-0.0003394346557171269,0.029898674516364212,3.862440810294277e-12,0.21547670277306308,0.19197570480236306
2022-08-02,-0.0009429247044299253,0.0016610771670873704,0.0,0.0,5.272662866085419e-06,-0.0009429247044299253,0.001655804504221285,0.0,0.0,0.21519887631351972,0.19245219461211785
2022-08-03,0.0012505344770250284,-0.0015895085587683169,0.0,0.0,5.223430224710759e-06,0.0012505344770250284,-0.0015947319889930277,0.0,0.0,0.21410332167599874,0.19065520320194268
2022-08-04,0.0010773411650498235,-0.00028890848183762654,0.0,0.0,5.268791909469357e-06,0.0010773411650498235,-0.0002941772737470959,0.0,0.0,0.21542800593667538,0.19231090469563153
2022-08-05,-0.00013174252913823866,0.0014912354075170792,0.0,0.0,5.2725779177023965e-06,-0.00013174252913823866,0.0014859628295993768,0.0,0.0,0.21633592062030368,0.19244909399613747
2022-08-08,0.00013739382803217817,-0.0009202760594505864,0.0,0.0,1.5673940490937615e-05,0.00013739382803217817,-0.000935949999941524,0.0,0.0,0.21591178596749944,0.19069960930640767
2022-08-09,-3.4119958333910495e-05,0.0010725894642810302,0.0,0.0,5.254055531509454e-06,-3.4119958333910495e-05,0.0010673354087495208,0.0,0.0,0.21622184508442543,0.19177302690009504
2022-08-10,0.0006182506754451897,-0.0015589747688821666,0.0,0.0,5.219276881275695e-06,0.0006182506754451897,-0.0015641940457634422,0.0,0.0,0.21596458717787673,0.19050360616656278
2022-08-11,0.00019049078412754255,0.0009563665507887374,0.0,0.0,5.266970774865461e-06,0.00019049078412754255,0.000951099580013872,0.0,0.0,0.2167879069366538,0.19224443328258925
2022-08-12,0.0017542052477909562,-0.0012162698739274765,0.0,0.0,5.2347929623520836e-06,0.0017542052477909562,-0.0012215046668898285,0.0,0.0,0.21673097972271899,0.19106994312585104
2022-08-15,4.2831010607465654e-05,0.00025992149362490504,1.3911980525674732e-05,1.79165788095155e-15,1.5795931771954187e-05,2.8919030081790922e-05,0.0002441255618511592,0.06917067023840823,8.90816201436095e-12,0.20945398797772288,0.192183836558776
2022-08-16,-0.0009697383136243536,0.0006628065474407863,0.0,0.0,5.256754125554651e-06,-0.0009697383136243536,0.0006575497933152317,0.0,0.0,0.20943963262930448,0.19187152558274478
2022-08-17,-0.00020807964551362515,0.001387141737356175,0.0,0.0,5.2402309820194786e-06,-0.00020807964551362515,0.0013819015063741555,0.0,0.0,0.20853499654768498,0.19126843084371092
2022-08-18,0.0005942460682299205,-0.00020757990534759244,0.0,0.0,5.196127770435476e-06,0.0005942460682299205,-0.00021277603311802793,0.0,0.0,0.2080826649212207,0.18965866362089498
2022-08-19,-0.00014255553251217373,0.001510185904681182,0.0,0.0,5.199831311297036e-06,-0.00014255553251217373,0.001504986073369885,0.0,0.0,0.20859733735584524,0.18979384286234183
2022-08-22,-9.161263849078528e-05,0.001124133514009751,0.0,0.0,1.5454313636127352e-05,-9.161263849078528e-05,0.0011086792003736237,0.0,0.0,0.20817116307303649,0.18802748257288276
2022-08-23,0.0011369298310654873,-0.0004746835346385405,0.0,0.0,5.115436960361292e-06,0.0011369298310654873,-0.0004797989715989018,0.0,0.0,0.2078681347054558,0.1867134490531872
2022-08-24,0.00017389012560023266,0.00017266689650557562,0.0,0.0,5.125074144330261e-06,0.00017389012560023266,0.00016754182236124534,0.0,0.0,0.2088678110523296,0.18706520626805453
2022-08-25,0.00014875588894748112,-0.001212423674664198,0.0,0.0,5.118595892259677e-06,0.00014875588894748112,-0.0012175422705564577,0.0,0.0,0.20897035202357225,0.1868287500674782
2022-08-26,-0.00033961100602917924,0.0014762767123184296,0.0,0.0,5.157325058024326e-06,-0.00033961100602917924,0.0014711193872604053,0.0,0.0,0.20934285070043557,0.18824236461788782
2022-08-29,0.0003756982703186465,0.0008570176922979779,5.917538251490155e-06,0.0,1.5333287618649265e-05,0.0003697807320671563,0.0008416844046793287,0.02958208021110975,0.0,0.1791849378526328,0.18655499936023273
2022-08-30,-0.0005891919755250166,0.0003520350210104081,0.0,0.0,5.081459924565416e-06,-0.0005891919755250166,0.00034695356108584266,0.0,0.0,0.1793433678852518,0.18547328724663767
2022-08-31,-0.0005122715523215955,0.0010987907743035027,0.0,0.0,5.07304401560796e-06,-0.0005122715523215955,0.0010937177302878947,0.0,0.0,0.17879748752961164,0.18516610656969057
2022-09-01,-0.00024601659049361396,0.000719843415994429,0.0,0.0,5.040009664421437e-06,-0.00024601659049361396,0.0007148034063300075,0.0,0.0,0.1781816129594509,0.18396035275138245
2022-09-02,-0.00015730757105765782,-0.00048728832903256736,0.0,0.0,5.017935584951991e-06,-0.00015730757105765782,-0.0004923062646175194,0.0,0.0,0.17785222159230757,0.18315464885074764
2022-09-06,0.0006744688480257991,0.001450025958322867,0.0,0.0,2.0138225870675397e-05,0.0006744688480257991,0.0014298877324521917,0.0,0.0,0.17781042213159387,0.183761311069913
2022-09-07,-3.662081567652422e-05,-0.0017682463086980728,0.0,0.0,4.984340898515524e-06,-3.662081567652422e-05,-0.0017732306495965883,0.0,0.0,0.17811008385261493,0.18192844279581666
2022-09-08,0.00013933246596298002,0.00017770638622173436,0.0,0.0,5.041911113079201e-06,0.00013933246596298002,0.00017266447510865516,0.0,0.0,0.1783963339032526,0.1840297556273908
2022-09-09,0.0010889614734507112,-0.0005471783903146484,0.0,0.0,5.035471393291977e-06,0.0010889614734507112,-0.0005522138617079403,0.0,0.0,0.1784799811610508,0.18379470585515714
2022-09-12,0.0006477953513365417,4.021589891044043e-06,0.0,0.0,1.5143259637758593e-05,0.0006477953513365417,-1.112166974671455e-05,0.0,0.0,0.17947261113909935,0.1842429922593962
2022-09-13,-0.0012150963990223817,0.0018950173303824156,3.189537313176372e-08,4.63840268148127e-16,5.044431375390113e-06,-0.0012151282943955134,0.0018899728990065616,0.00015947476226840974,2.3191707520666216e-12,0.1801652762937293,0.18412174520173916
2022-09-14,-0.000233814943289265,-0.00023576607553557198,0.0,0.0,4.9891461939753165e-06,-0.000233814943289265,-0.0002407552217295473,0.0,0.0,0.17882949777298954,0.18210383608009909
2022-09-15,-0.0008506400492005673,0.0006933620755474197,0.0,0.0,4.9979774294840095e-06,-0.0008506400492005673,0.0006883640981179357,0.0,0.0,0.1786804792542256,0.18242617617616635
2022-09-16,-9.666295100484135e-05,0.00025384159143359924,0.0,0.0,4.979789308282328e-06,-9.666295100484135e-05,0.0002488618021253169,0.0,0.0,0.17785870139495222,0.18176230975230498
2022-09-19,0.00019010018587309308,-0.00010285434595285216,0.0,0.0,1.4916233998722738e-05,0.00019010018587309308,-0.00011777057995157489,0.0,0.0,0.17773498738306379,0.18148084698446
2022-09-20,0.0006781429469176073,0.0013002071004172442,0.0,0.0,4.97453612062338e-06,0.0006781429469176073,0.0012952325642966208,0.0,0.0,0.17791221924823,0.18157056840275335
2022-09-21,-0.0004423837167012692,-1.590228678315746e-05,0.0,0.0,4.929186871620526e-06,-0.0004423837167012692,-2.0831473654777988e-05,0.0,0.0,0.17823863044667182,0.17991532081414915
2022-09-22,-0.00018164883258564503,0.0014906852038445825,0.0,0.0,4.931907084989668e-06,-0.00018164883258564503,0.0014857532967595928,0.0,0.0,0.17787864281936439,0.18001460860212284
2022-09-23,-0.0005211108264752514,0.00124302302423122,0.0,0.0,4.88469624030027e-06,-0.0005211108264752514,0.0012381383279909195,0.0,0.0,0.17746556035727967,0.17829141277095983
2022-09-26,-9.132278374028959e-05,0.00258124343736024,0.0,0.0,1.4541495792540173e-05,-9.132278374028959e-05,0.0025667019415677,0.0,0.0,0.17681766640124089,0.17692153214257209
2022-09-27,8.161906354775388e-05,0.001188397716586134,6.2993904380418185e-06,0.0,4.76465194577534e-06,7.531967310971207e-05,0.0011836330646403587,0.031483968087726244,0.0,0.14480599103921732,0.17390979602079995
2022-09-28,0.00019085642242328764,-0.0026692154730229593,0.0,0.0,4.726143113413406e-06,0.00019085642242328764,-0.002673941616136373,0.0,0.0,0.14470543280197173,0.17250422363958928
2022-09-29,-0.0009621693688551518,0.0014248910434664394,0.0,0.0,4.811218971045847e-06,-0.0009621693688551518,0.0014200798244953935,0.0,0.0,0.14525697466747536,0.1756094924431734
2022-09-30,-0.00010204224048537998,0.0005454655273557502,0.0,0.0,4.769996628936187e-06,-0.00010204224048537998,0.000540695530726814,0.0,0.0,0.14422876144075247,0.17410487695617077
2022-10-03,0.0005912006002723491,-0.002116001533476607,0.0,0.0,1.4258902389289931e-05,0.0005912006002723491,-0.002130260435865897,0.0,0.0,0.1440635252609076,0.17348331240302753
2022-10-04,0.0005001322284606005,-0.0019367779702678949,0.0,0.0,4.818355845805305e-06,0.0005001322284606005,-0.0019415963261137001,0.0,0.0,0.14487770131234293,0.1758699883718936
2022-10-05,0.0004880633764460616,0.0012196882578970282,0.0,0.0,4.878450367005852e-06,0.0004880633764460616,0.0012148098075300223,0.0,0.0,0.14558769297328467,0.1780634383957136
2022-10-06,-0.00014590479415498584,0.0004613344027248609,0.0,0.0,4.836797797086165e-06,-0.00014590479415498584,0.0004564976049277747,0.0,0.0,0.14582743072845508,0.17654311959364502
2022-10-07,-0.000566199232673135,0.0011290660250060647,0.0,0.0,4.822660614665663e-06,-0.000566199232673135,0.001124243364391399,0.0,0.0,0.14563629234890896,0.17602711243529667
2022-10-10,0.0004480651698425392,0.001110585504118448,0.0,0.0,1.4367164384961757e-05,0.0004480651698425392,0.0010962183397334863,0.0,0.0,0.1449891827536375,0.17480050001703462
2022-10-11,-0.0005308088500103238,-0.0002986662725486563,1.918119975783484e-09,0.0,4.751290455374976e-06,-0.0005308107681302995,-0.00030341756300403125,9.590569142382821e-06,0.0,0.14520340731632703,0.1734221016211866
2022-10-12,6.617905590890106e-05,9.24876604651657e-06,0.0,0.0,4.76344689533299e-06,6.617905590890106e-05,4.48531915118358e-06,0.0,0.0,0.14479338921375978,0.17386581167965418
2022-10-13,0.0005945452407976143,6.711026865238857e-05,0.0,0.0,4.762856940173222e-06,0.0005945452407976143,6.234741171221535e-05,0.0,0.0,0.14484933258210392,0.17384427831632257
2022-10-14,-0.0008752569841556858,0.0006236251342668265,0.0,0.0,4.7578928778030365e-06,-0.0008752569841556858,0.0006188672413890235,0.0,0.0,0.14534839952719802,0.1736630900398109
2022-10-17,6.399351105508441e-05,-0.0009037076757938942,0.0,0.0,1.422606919127895e-05,6.399351105508441e-05,-0.0009179337449851731,0.0,0.0,0.14451019347437438,0.17308384182722722
2022-10-18,2.6346400450952646e-05,-0.0007092976116646597,0.0,0.0,4.770856204228048e-06,2.6346400450952646e-05,-0.0007140684678688877,0.0,0.0,0.14469775021609815,0.1741362514543237
2022-10-19,6.384932469661556e-05,0.0015917979583643797,0.0,0.0,4.793585670153955e-06,6.384932469661556e-05,0.0015870043726942257,0.0,0.0,0.14482369506753207,0.17496587696061938
2022-10-20,0.0002519047608050088,0.0009774069978134865,0.0,0.0,4.7421461776341515e-06,0.0002519047608050088,0.0009726648516358523,0.0,0.0,0.1446487504676961,0.17308833548364655
2022-10-21,0.00022077618301853962,-0.0007595842341990235,0.0,0.0,4.7096006698544195e-06,0.00022077618301853962,-0.0007642938348688779,0.0,0.0,0.1447234313123079,0.17190042444968623
2022-10-24,0.0002688394855130584,0.00013594814000562604,0.0,0.0,1.419895097094679e-05,0.0002688394855130584,0.00012174918903467924,0.0,0.0,0.14502303007209544,0.17275390347985262
2022-10-25,0.00028211369967447934,-0.0014754505925702135,1.4912532630763212e-07,1.7820049665062436e-15,4.727412576606832e-06,0.0002819645743481717,-0.0014801780051486024,0.0007437522123633223,8.887626059890911e-12,0.1459788945640964,0.17255055904614938
2022-10-26,-0.0010715557316445373,-0.0004987883758491754,0.0,0.0,4.773555618968186e-06,-0.0010715557316445373,-0.0005035619314681435,0.0,0.0,0.1464364704093744,0.17423478009233878
2022-10-27,-0.00032915109003564075,-0.0006774468869168355,0.0,0.0,4.794773386174142e-06,-0.00032915109003564075,-0.0006822416603030096,0.0,0.0,0.1455942427411189,0.17500922859535625
2022-10-28,0.0008302385118211668,-0.00040074359832149864,0.0,0.0,4.818206674156672e-06,0.0008302385118211668,-0.0004055618049956553,0.0,0.0,0.14541216045597952,0.1758645436067185
2022-10-31,0.000437131415740417,0.0013728247037214992,0.0,0.0,1.4481407935836658e-05,0.000437131415740417,0.0013583432957856626,0.0,0.0,0.14618031959107405,0.176190463219346
2022-11-01,0.0001488931215574892,-0.0011041525934960723,0.0,0.0,4.780940285513865e-06,0.0001488931215574892,-0.0011089335337815863,0.0,0.0,0.14635467488913745,0.17450432042125602
2022-11-02,-0.001306068791787484,0.0007552073148296911,0.0,0.0,4.815814417959071e-06,-0.001306068791787484,0.000750391500411732,0.0,0.0,0.14664435251533406,0.17577722625550612
2022-11-03,-0.0004919189960531879,0.000987828909407781,0.0,0.0,4.797789829450893e-06,-0.0004919189960531879,0.00098303111957833,0.0,0.0,0.14541908980948626,0.1751193287749576
2022-11-04,-0.00017658896068189632,-0.0010927582145892388,0.0,0.0,4.76838421241735e-06,-0.00017658896068189632,-0.0010975265988016562,0.0,0.0,0.14485603026080623,0.17404602375323322
2022-11-07,-0.00018002767723296643,0.00010581952931670658,0.0,0.0,1.4413332632287726e-05,-0.00018002767723296643,9.140619668441886e-05,0.0,0.0,0.14486401479538438,0.17536221369283403
2022-11-08,-0.0002676564493196794,-0.0004588350312772231,4.209283247801079e-08,0.0,4.801970603320234e-06,-0.0002676985421521574,-0.00046363700188054333,0.0002104609430033308,0.0,0.1444863494207132,0.1752719270211885
2022-11-09,-0.0007063006705036269,0.0008932875784220042,0.0,0.0,4.81806504831825e-06,-0.0007063006705036269,0.0008884695133736859,0.0,0.0,0.14432424241974065,0.1758593742636161
2022-11-10,0.0005994123866550774,-0.004731094089919281,0.0,0.0,4.792718332079957e-06,0.0005994123866550774,-0.004735886808251361,0.0,0.0,0.14359178380013654,0.17493421912091842
2022-11-11,0.00023065518577450816,-0.00035012140618364087,0.0,0.0,4.9427830438746165e-06,0.00023065518577450816,-0.0003550641892275155,0.0,0.0,0.1447901168014407,0.18041158110142352
2022-11-14,-0.00032194608261091126,0.0011718917820740635,0.0,0.0,1.4858974823752113e-05,-0.00032194608261091126,0.0011570328072503114,0.0,0.0,0.14503881612179093,0.18078419368898402
2022-11-15,0.0008472967761137048,-0.0018670095139516662,0.0,0.0,4.916779046840957e-06,0.0008472967761137048,-0.001871926292998507,0.0,0.0,0.14459611973915146,0.17946243520969493
2022-11-16,-0.0005665669485803558,-0.0005443090198837612,0.0,0.0,4.9730255011453675e-06,-0.0005665669485803558,-0.0005492820453849066,0.0,0.0,0.14559259498552718,0.18151543079180596
2022-11-17,0.00010697695246124524,0.0008299513761221049,0.0,0.0,4.993510080231977e-06,0.00010697695246124524,0.000824957866041873,0.0,0.0,0.14518803596080948,0.1822631179284671
2022-11-18,8.382331809061843e-05,0.00010013463055129388,0.0,0.0,4.966143564264394e-06,8.382331809061843e-05,9.516848698702949e-05,0.0,0.0,0.1451597335033743,0.18126424009565034
2022-11-21,-0.00025716765846644395,-8.734239002424552e-05,0.0,0.0,1.4887535702297714e-05,-0.00025716765846644395,-0.00010222992572654323,0.0,0.0,0.14521756406754352,0.1811316843779555
2022-11-22,9.019947388440015e-05,-0.0011548117196354048,5.454850261985388e-08,0.0,4.9666898592952155e-06,9.01449253817803e-05,-0.0011597784094947,0.0002727376732904324,0.0,0.14473977588283649,0.18128417986427536
2022-11-23,9.443374276125663e-05,-0.0011591747956610872,0.0,0.0,5.003680640902819e-06,9.443374276125663e-05,-0.00116417847630199,0.0,0.0,0.14498505622755786,0.18263434339295287
2022-11-25,0.00014190481720368457,-1.4961821645931151e-05,0.0,0.0,1.0081662514345204e-05,0.00014190481720368457,-2.5043484160276355e-05,0.0,0.0,0.1452348541907162,0.1839903408868
2022-11-28,-0.00018467974996523947,0.0008680115568766907,0.0,0.0,1.5121956338307307e-05,-0.00018467974996523947,0.0008528896005383835,0.0,0.0,0.14535977207118478,0.1839838021160723
2022-11-29,-0.00013374539682279945,-4.843575702004475e-05,0.0,0.0,5.013520890179662e-06,-0.00013374539682279945,-5.344927791022441e-05,0.0,0.0,0.1450781496725054,0.18299351249155768
2022-11-30,0.0007180370744929378,-0.0020629848020994345,0.0,0.0,5.0157868258046934e-06,0.0007180370744929378,-0.0020680005889252393,0.0,0.0,0.1449715421763659,0.18307621914187133
2022-12-01,-0.0007595702827793721,-0.0017992383653004354,0.0,0.0,5.079163642970904e-06,-0.0007595702827793721,-0.0018043175289434064,0.0,0.0,0.14588652073109326,0.18538947296843805
2022-12-02,-0.0006263781662146996,-0.0002844717149598939,0.0,0.0,5.141640434000954e-06,-0.0006263781662146996,-0.00028961335539389485,0.0,0.0,0.14549999611495873,0.1876698758410348
2022-12-05,-0.000475043635453129,0.0015911297962458765,0.0,0.0,1.5462466026632434e-05,-0.000475043635453129,0.001575667330219244,0.0,0.0,0.14500644262076326,0.18812666999069463
2022-12-06,-0.000719765843060001,0.00017218943449743085,0.0,0.0,5.104944122591607e-06,-0.000719765843060001,0.00016708449037483925,0.0,0.0,0.14437249919182704,0.18633046047459367
2022-12-07,9.08420022250925e-06,-0.001399164855170909,5.997711547347251e-08,0.0,5.103046962736435e-06,9.024223107035778e-06,-0.0014042679021336454,0.00029988007038407594,0.0,0.14343229136931862,0.1862612141398799
2022-12-08,0.0001934595620317309,0.00022541932638528805,0.0,0.0,5.148563747464464e-06,0.0001934595620317309,0.00022027076263782358,0.0,0.0,0.143641790870297,0.18792257678245294
2022-12-09,-2.624767561492072e-05,0.0009246533623332693,0.0,0.0,5.140261193576198e-06,-2.624767561492072e-05,0.0009195131011396931,0.0,0.0,0.1437757660379662,0.18761953356553124
2022-12-12,0.000877516993916687,-0.0001616003444146963,0.0,0.0,1.5331089941654957e-05,0.000877516993916687,-0.00017693143435635125,0.0,0.0,0.14362122648635958,0.18652826095680197
2022-12-13,-0.00016907394535546733,-0.001397103646482691,0.0,0.0,5.111209880746945e-06,-0.00016907394535546733,-0.001402214856363438,0.0,0.0,0.14439758062045813,0.1865591606472635
2022-12-14,-0.00035979172530123415,0.0002850570202921102,0.0,0.0,5.157590757580583e-06,-0.00035979172530123415,0.0002798994295345296,0.0,0.0,0.14445548796569002,0.18825206265169125
2022-12-15,-0.0005682820871081896,0.0003472511401605127,0.0,0.0,5.150192436900142e-06,-0.0005682820871081896,0.0003421009477236126,0.0,0.0,0.14410720929617596,0.18798202394685515
2022-12-16,-0.00017635591347041202,0.0007704121747975751,0.0,0.0,5.14184169464576e-06,-0.00017635591347041202,0.0007652703331029293,0.0,0.0,0.1435714003519824,0.18767722185457017
2022-12-19,-0.0006783120911907582,0.0009774840304215778,0.0,0.0,1.5353161836931057e-05,-0.0006783120911907582,0.0009621308685846468,0.0,0.0,0.14331064673216456,0.18679680234932788
2022-12-20,-5.808970431968899e-05,0.0007636285086894658,0.0,0.0,5.08949573345862e-06,-5.808970431968899e-05,0.0007585390129560072,0.0,0.0,0.14259186439235566,0.1857665942712396
2022-12-21,0.0017000981492610316,-0.0011912836916682034,8.131388154538282e-06,8.629473263731135e-16,5.065026609949752e-06,0.0016919667611064934,-0.0011963487182790162,0.0400450812687668,4.2498027591991845e-12,0.18238892562441245,0.18487347126316592
2022-12-22,-0.0011911405358998616,0.0005684959317652491,0.0,0.0,5.095139276354445e-06,-0.0011911405358998616,0.0005634007924888946,0.0,0.0,0.183997831128725,0.18597258358693725
2022-12-23,0.0004100393894716074,0.00027052282111137495,0.0,0.0,5.082754692473652e-06,0.0004100393894716074,0.0002654400664189013,0.0,0.0,0.18292151769941015,0.18552054627528825
2022-12-27,9.605029991874555e-05,0.001315905693767004,0.0,0.0,2.0287668530034497e-05,9.605029991874555e-05,0.0012956180252369695,0.0,0.0,0.18320780398113365,0.1851249753365648
2022-12-28,-0.00017668934255194948,0.0007799817321411444,0.0,0.0,5.028866407629548e-06,-0.00017668934255194948,0.0007749528657335148,0.0,0.0,0.18304911063183812,0.18355362387847854
2022-12-29,0.0008443214428386778,-0.0012345742554769252,0.0,0.0,5.004503033488547e-06,0.0008443214428386778,-0.0012395787585104138,0.0,0.0,0.18276308080465647,0.18266436072233194
2022-12-30,-0.00034745887442938885,0.00045321508379359834,0.0,0.0,5.040319208733967e-06,-0.00034745887442938885,0.00044817476458486436,0.0,0.0,0.18368000311246796,0.18397165111878983
2023-01-03,-0.0001178025477894899,-0.0006206685818776429,0.0,0.0,2.0109584073832082e-05,-0.0001178025477894899,-0.0006407781659514749,0.0,0.0,0.1833140815971325,0.18349995467371774
2023-01-04,-0.000387174863357857,-0.0012166068890826249,0.0,0.0,5.0482301271525844e-06,-0.000387174863357857,-0.0012216551192097773,0.0,0.0,0.18333535371281642,0.1842603996410693
2023-01-05,-0.000770179756271069,0.0004319429107275551,0.0,0.0,5.089750365736069e-06,-0.000770179756271069,0.000426853160361819,0.0,0.0,0.18324298565888175,0.18577588834936654
2023-01-06,0.001554540705352069,-0.0021377833382014693,3.873078457781739e-06,1.3954499286275664e-06,4.897169135198008e-06,0.0015506676268942873,-0.002144075957265295,0.018487438177034174,0.006660927364591668,0.20000000000336213,0.1787466734347273
2023-01-09,-7.309860002723769e-05,-0.000400447635945344,0.0,0.0,1.4876043193125993e-05,-7.309860002723769e-05,-0.00041532367913846996,0.0,0.0,0.20167421586843157,0.18099185884969954
2023-01-10,0.0005120655029811805,0.0004844840274385968,0.0,0.0,4.972080707474763e-06,0.0005120655029811805,0.000479511946731122,0.0,0.0,0.20169963186230538,0.18148094582282884
2023-01-11,0.0009735981776421259,-0.0011848520046022595,0.0,0.0,4.9538950019043145e-06,0.0009735981776421259,-0.0011898058996041637,0.0,0.0,0.20201138742892694,0.1808171675695075
2023-01-12,0.0009617385991502876,-0.0014515279967579552,0.0,0.0,4.987435022625216e-06,0.0009617385991502876,-0.0014565154317805805,0.0,0.0,0.20302888201864286,0.1820413783258204
2023-01-13,0.00027991582090293866,0.0005219202985876477,0.0,0.0,5.029691487770778e-06,0.00027991582090293866,0.000516890607099877,0.0,0.0,0.2040916004134121,0.18358373930363342
2023-01-17,0.00022874820594282166,0.0003384791805006301,0.0,0.0,2.0045596745692295e-05,0.00022874820594282166,0.0003184335837549378,0.0,0.0,0.2042088013487456,0.1829160703044422
2023-01-18,-0.0014990986479519214,-0.0013209193113634555,0.0,0.0,4.999390208935653e-06,-0.0014990986479519214,-0.001325918701572391,0.0,0.0,0.20432574622718652,0.18247774262615132
2023-01-19,-0.0014667410508199007,0.00017078965172835463,0.0,0.0,5.0498456807705925e-06,-0.0014667410508199007,0.00016573980604758405,0.0,0.0,0.20340125966670816,0.1843193673481266
2023-01-20,0.0013386495382667082,0.0004940567093384695,0.0,0.0,5.051738830737142e-06,0.0013386495382667082,0.0004890049705077324,0.0,0.0,0.2021975779164475,0.18438846732190567
2023-01-23,0.0006435961639199649,0.00023488620321401193,1.5027612735416552e-05,6.557378182143291e-06,1.2482894516123367e-05,0.0006285685511845483,0.00021584593051574529,0.07260989624114221,0.031683711698081374,0.20000000000793264,0.1518752166128343
2023-01-24,0.0007160496555829249,-0.0005047309274598113,0.0,0.0,4.1510244151335406e-06,0.0007160496555829249,-0.0005088819518749448,0.0,0.0,0.20047431275895006,0.15151239115237422
2023-01-25,-0.000220600304614077,-0.00014307039404436528,0.0,0.0,4.163990015471712e-06,-0.000220600304614077,-0.00014723438405983699,0.0,0.0,0.2011486909021349,0.1519856355647175
2023-01-26,0.0009747112992797592,-0.000113829004957339,0.0,0.0,4.169443418216529e-06,0.0009747112992797592,-0.00011799844837555552,0.0,0.0,0.20100202611521978,0.1521846847649033
2023-01-27,0.00028488637315338616,0.00038804530547455245,0.0,0.0,4.16899039344671e-06,0.00028488637315338616,0.00038387631508110575,0.0,0.0,0.20180384946330235,0.15216814936080492
2023-01-30,-0.0010689879460793745,0.0005598927571737088,0.0,0.0,1.2466739755251351e-05,-0.0010689879460793745,0.0005474260174184575,0.0,0.0,0.20195367675269182,0.1516786670222248
2023-01-31,0.001185794640774483,-0.0006651578388432565,0.0,0.0,4.142400909430926e-06,0.001185794640774483,-0.0006693002397526874,0.0,0.0,0.20098951728688924,0.1511976331942288
2023-02-01,0.0016175098948890073,-0.0012098015782695509,0.0,0.0,4.158476581993608e-06,0.0016175098948890073,-0.0012139600548515446,0.0,0.0,0.20207094341677978,0.15178439524276668
2023-02-02,0.0007323953444050182,-0.00026547758509494116,0.0,0.0,4.189930984734663e-06,0.0007323953444050182,-0.0002696675160796758,0.0,0.0,0.20360628802670497,0.1529324809428152
2023-02-03,-0.0012651553484521352,0.0014044605705036653,0.0,0.0,4.1952630782569606e-06,-0.0012651553484521352,0.0014002653074254084,0.0,0.0,0.20424417390806934,0.15312710235637908
2023-02-06,-0.0022629721973260767,0.0004176393909528791,3.0899178214048794e-05,1.4709051184437813e-05,1.8222094135361032e-05,-0.0022938713755401253,0.0003847082456330802,0.14704840223360494,0.0700000000019573,0.35000000000809894,0.2217021453135592
2023-02-07,0.0011675658173218827,5.080169226051224e-05,0.0,0.0,6.074185814961205e-06,0.0011675658173218827,4.472750644555103e-05,0.0,0.0,0.3484021844156383,0.221707782246084
2023-02-08,-0.0008443542670622036,-0.00013224633019667069,0.0,0.0,6.0654408942741506e-06,-0.0008443542670622036,-0.00013831177109094485,0.0,0.0,0.34914648228347106,0.22138859264100652
2023-02-09,-0.001288173084196944,0.0008557448160108999,0.0,0.0,6.075033810809341e-06,-0.001288173084196944,0.0008496697822000906,0.0,0.0,0.3486447293513234,0.22173873409454092
2023-02-10,-0.0004401331928490104,0.0005373039428476904,0.0,0.0,6.054243553146136e-06,-0.0004401331928490104,0.0005312496992945443,0.0,0.0,0.34750894008482724,0.22097988968983395
2023-02-13,0.0014107318435172768,-0.00016353132736252884,0.0,0.0,1.811691794126275e-05,0.0014107318435172768,-0.0001816482453037916,0.0,0.0,0.3470371860759763,0.22042250161869678
2023-02-14,-4.8014849215453334e-05,0.0003215014408322023,0.0,0.0,6.036034166833572e-06,-4.8014849215453334e-05,0.0003154654066653687,0.0,0.0,0.34802017203419894,0.22031524708942535
2023-02-15,-0.0007610507237743459,-0.0001471806556179208,0.0,0.0,6.0256143542626104e-06,-0.0007610507237743459,-0.0001532062699721834,0.0,0.0,0.3478791167212913,0.21993492393058525
2023-02-16,-0.0015636213160280326,0.0007861944409371219,0.0,0.0,6.0351643922458876e-06,-0.0015636213160280326,0.0007801592765448761,0.0,0.0,0.3474357115266575,0.2202835003169749
2023-02-17,0.00027997513145147385,-0.00018373483765838535,0.0,0.0,6.018339959420494e-06,0.00027997513145147385,-0.00018975317761780585,0.0,0.0,0.3461432803309909,0.21966940851884803
2023-02-21,-0.0017240820762196307,-5.6901938482327945e-05,2.777721695956392e-05,2.3067229973228972e-05,1.166166719892021e-05,-0.0017518592931791946,-9.163083565447714e-05,0.13657940363316795,0.11342059637576483,0.24641271319875907,0.1064127131901469
2023-02-22,-0.00027594080367925354,-0.00020710075767591007,0.0,0.0,2.9223631044847304e-06,-0.00027594080367925354,-0.0002100231207803948,0.0,0.0,0.24514054529797313,0.10666625331369269
2023-02-23,0.0009477173217184792,-0.0001437800113641863,0.0,0.0,2.92946071006893e-06,0.0009477173217184792,-0.00014670947207425522,0.0,0.0,0.24498365771402508,0.10692531591751596
2023-02-24,-0.0019214149367517111,-0.0002874536889300463,0.0,0.0,2.931052092728477e-06,-0.0019214149367517111,-0.0002903847410227748,0.0,0.0,0.24573453974048268,0.10698340138458942
2023-02-27,0.0009277064490818236,0.00030009734481569215,0.0,0.0,8.836326793537079e-06,0.0009277064490818236,0.0002912610180221551,0.0,0.0,0.24435358598647897,0.10750864265470111
2023-02-28,-0.0007985077033488145,-0.0003334612844332101,0.0,0.0,2.933644402362385e-06,-0.0007985077033488145,-0.00033639492883557253,0.0,0.0,0.24498266653505013,0.10707802068622704
2023-03-01,0.00027157324566927995,0.0005139393244776463,0.0,0.0,2.946123891722752e-06,0.00027157324566927995,0.0005109932005859236,0.0,0.0,0.24446159894381067,0.10753352204788044
2023-03-02,-0.000776706691844184,-0.0003980631397716302,0.0,0.0,2.9297506377400174e-06,-0.000776706691844184,-0.0004009928904093702,0.0,0.0,0.24454180198054315,0.10693589827751063
2023-03-03,0.0018992138070501844,-0.00011230686791574172,0.0,0.0,2.9441237705204606e-06,0.0018992138070501844,-0.00011525099168626218,0.0,0.0,0.24405251583464535,0.1074605176239968
2023-03-06,-0.0001976337496106137,0.00029328548193808824,0.0,0.0,8.825857012310225e-06,-0.0001976337496106137,0.000284459624925778,0.0,0.0,0.24551374225485204,0.10738126031644107
2023-03-07,-0.0023742615710655806,0.0006216292561242004,2.9922928926566303e-05,2.1359646517956118e-05,5.753424657538978e-06,-0.002404184499992147,0.0005945161849487052,0.1458727875317168,0.10412721247685458,0.34999999998274156,0.2100000000001727
2023-03-08,-0.0008546565172631653,-0.00027223355833194083,0.0,0.0,5.746793509141618e-06,-0.0008546565172631653,-0.00027798035184108246,0.0,0.0,0.34825596619923166,0.20975796308366906
2023-03-09,0.00011668721966788805,0.0016190900267958998,0.0,0.0,5.760776831028052e-06,0.00011668721966788805,0.0016133292499648717,0.0,0.0,0.34779523538846824,0.2102683543325239
2023-03-10,0.0018523055190352482,2.2926834690516836e-06,0.0,0.0,5.70654578196941e-06,0.0018523055190352482,-3.4138623129177264e-06,0.0,0.0,0.34731106873913165,0.20828892104188348
2023-03-13,0.001334719883620066,0.0016475703740260249,0.0,0.0,1.7087855313051475e-05,0.001334719883620066,0.0016304825187129733,0.0,0.0,0.34851900038614386,0.20790223964212623
2023-03-14,-4.84600411895098e-05,0.00035752271381184165,0.0,0.0,5.63410659026383e-06,-4.84600411895098e-05,0.00035188860722157783,0.0,0.0,0.3488194001464692,0.20564489054462978
2023-03-15,-0.000548636645351445,0.000993560154039894,0.0,0.0,5.622605388329325e-06,-0.000548636645351445,0.0009879375486515646,0.0,0.0,0.34866514514026437,0.20522509667402034
2023-03-16,0.00023928228547165194,-0.000750786201332382,0.0,0.0,5.592927584051479e-06,0.00023928228547165194,-0.0007563791289164335,0.0,0.0,0.34796364775014066,0.204141856817879
2023-03-17,0.000392407956433459,0.000959624406441027,0.0,0.0,5.61640129239931e-06,0.000392407956433459,0.0009540080051486276,0.0,0.0,0.3483830778254655,0.20499864717257477
2023-03-20,0.00040497477419056105,-5.284962516875053e-05,0.0,0.0,1.6747781158439553e-05,0.00040497477419056105,-6.959740632719008e-05,0.0,0.0,0.34830652032341236,0.20376467076101462
2023-03-21,0.0003307424096594633,-9.473793717064123e-05,3.0385011903055362e-05,1.1415287528942058e-05,4.052711500609296e-06,0.0003003573977564079,-0.00011020593620019258,0.1485945843657402,0.055825217748491196,0.20000000001237325,0.14792396977223932
2023-03-22,0.001140747630714676,-0.00017932239800575096,0.0,0.0,4.054536084569365e-06,0.001140747630714676,-0.00018337693409032032,0.0,0.0,0.20029265648066394,0.14799056708678182
2023-03-23,0.00022984998971577582,-0.00024246680449246992,0.0,0.0,4.055566346602029e-06,0.00022984998971577582,-0.00024652237083907196,0.0,0.0,0.20124074212190418,0.14802817165097407
2023-03-24,-0.0004198727457833682,-0.00012527212401932246,0.0,0.0,4.0622770005828904e-06,-0.0004198727457833682,-0.00012933440101990534,0.0,0.0,0.20147395116212014,0.14827311052127545
2023-03-27,-0.0003230007988452569,-0.00027050325577964633,0.0,0.0,1.2203829771237896e-05,-0.0003230007988452569,-0.00028270708555088424,0.0,0.0,0.20116455943005926,0.1484799288833944
2023-03-28,0.00034708200304731535,0.000140181831119761,0.0,0.0,4.077824275497702e-06,0.00034708200304731535,0.0001361040068442633,0.0,0.0,0.2009632836766111,0.1488405860556661
2023-03-29,7.234022592386869e-05,-0.00023155402045485203,0.0,0.0,4.072016136155788e-06,7.234022592386869e-05,-0.00023562603659100782,0.0,0.0,0.20121314230429066,0.1486285889696863
2023-03-30,0.0007904248026380839,-0.00027189348779768814,0.0,0.0,4.079026129009883e-06,0.0007904248026380839,-0.000275972513926698,0.0,0.0,0.20131835496100645,0.14888445370886072
2023-03-31,0.00043153659950049693,-0.0011684354528239628,0.0,0.0,4.084374050083855e-06,0.00043153659950049693,-0.0011725198268740466,0.0,0.0,0.20200485790216596,0.14907965282806074
2023-04-03,0.0005270493713557431,-0.0005523095069319053,0.0,0.0,1.2358315245209932e-05,0.0005270493713557431,-0.0005646678221771152,0.0,0.0,0.20258650770596878,0.15035950215005414
2023-04-04,0.00035947036011115495,7.961205135176073e-05,2.348398688147426e-05,1.675487347729671e-06,4.357836287080307e-06,0.0003359863732296807,7.357872771695075e-05,0.11414152554281853,0.008143535544572313,0.29906102449863725,0.15906102447843123
2023-04-05,-0.0012311120992030634,-0.00041031616368778824,0.0,0.0,4.353871940987459e-06,-0.0012311120992030634,-0.0004146700356287757,0.0,0.0,0.29929791287884716,0.15891632584604226
2023-04-06,1.4168561031061772e-05,-0.00023029096553022074,0.0,0.0,4.372309348332075e-06,1.4168561031061772e-05,-0.0002346632748785528,0.0,0.0,0.2985581624696448,0.15958929121412074
2023-04-10,-0.001277342129682884,-4.8645264678094104e-05,0.0,0.0,1.7518337460219176e-05,-0.001277342129682884,-6.616360213831327e-05,0.0,0.0,0.29863817917053603,0.1598548293245
2023-04-11,0.0005280916233195143,-0.0001889713068459904,0.0,0.0,4.386810817510016e-06,0.0005280916233195143,-0.00019335811766350042,0.0,0.0,0.2977608804905043,0.16011859483911559
2023-04-12,0.0007292136681947025,-0.0001677812884078512,0.0,0.0,4.390518459952241e-06,0.0007292136681947025,-0.00017217180686780344,0.0,0.0,0.298189158211547,0.1602539237882568
2023-04-13,0.0014946883055855773,0.00013747491079674722,0.0,0.0,4.3926683074496794e-06,0.0014946883055855773,0.00013308224248929755,0.0,0.0,0.29875195453491243,0.1603323932219133
2023-04-14,-0.001150440289338072,-1.8993560983786008e-05,0.0,0.0,4.3817693564305845e-06,-0.001150440289338072,-2.3375330340216592e-05,0.0,0.0,0.29975870444986547,0.15993458150971632
2023-04-17,-0.0009376559541841052,0.00018166008987834768,0.0,0.0,1.3162319319902057e-05,-0.0009376559541841052,0.00016849777055844562,0.0,0.0,0.2989591871240199,0.160141551725475
2023-04-18,0.0004613677016379117,7.159631824868135e-05,0.0,0.0,4.385836186331654e-06,0.0004613677016379117,6.72104820623497e-05,0.0,0.0,0.29825093331596975,0.16008302080110537
2023-04-19,-0.0011352964246138112,0.0007401972605849446,4.067348074887302e-05,1.0473010323952648e-05,5.753424657558398e-06,-0.0011759699053626841,0.0007239708256034336,0.1988087545021237,0.051191245500930016,0.3500000000026922,0.21000000000088154
2023-04-20,0.0006275735867274701,0.0005317809493788087,0.0,0.0,5.735737828776418e-06,0.0006275735867274701,0.0005260452115500322,0.0,0.0,0.34902246140945076,0.2093544307503393
2023-04-21,0.0002217744576504357,0.0002619359893167803,0.0,0.0,5.714576045347448e-06,0.0002217744576504357,0.0002562214132714328,0.0,0.0,0.3492471369337668,0.2085820256551819
2023-04-24,0.0008439397759969424,-0.0006908676253473356,0.0,0.0,1.7114018720335848e-05,0.0008439397759969424,-0.0007079816440676715,0.0,0.0,0.3493019465032836,0.20822056109741946
2023-04-25,0.0010314585611312414,0.0007122291987092706,0.0,0.0,5.722822722638385e-06,0.0010314585611312414,0.0007065063759866322,0.0,0.0,0.35009828757011086,0.2088830293763011
2023-04-26,-0.0008211049355566567,0.0011030747267936369,0.0,0.0,5.693414638891758e-06,-0.0008211049355566567,0.0010973813121547451,0.0,0.0,0.35052055369917384,0.20780963431954916
2023-04-27,-5.1033133619035884e-05,-3.114586284870084e-05,0.0,0.0,5.6616292390883345e-06,-5.1033133619035884e-05,-3.680749208778918e-05,0.0,0.0,0.34960286175172406,0.2066494672267242
2023-04-28,0.0007999372979030119,-0.001020740026526578,0.0,0.0,5.662979990104953e-06,0.0007999372979030119,-0.001026403006516683,0.0,0.0,0.3495825361668182,0.20669876963883077
2023-05-01,-0.0022783045810111603,0.00033649906700552426,0.0,0.0,1.7076703698655184e-05,-0.0022783045810111603,0.00031942236330686905,0.0,0.0,0.35046184105389755,0.20776656166697147
2023-05-02,0.0013728806417237012,0.0009182577598727843,0.0,0.0,5.69416962131348e-06,0.0013728806417237012,0.0009125635902514708,0.0,0.0,0.3488669256899656,0.20783719117794205
2023-05-03,0.0009121670637913484,-0.00011595195272733343,1.953564035279745e-05,1.5972139164821667e-05,5.753424657523567e-06,0.0008926314234385509,-0.00013767751654967869,0.09390967463092588,0.07677958669593771,0.3500000000287727,0.2099999999996102
2023-05-04,-0.0005201863771605707,-0.0002790540127441646,0.0,0.0,5.752258733147687e-06,-0.0005201863771605707,-0.0002848062714773123,0.0,0.0,0.3506474444344475,0.20995744375989056
2023-05-05,7.4331094091286e-05,-0.0025794143373571196,0.0,0.0,5.764544464481989e-06,7.4331094091286e-05,-0.0025851788818216015,0.0,0.0,0.35040933499597277,0.2104058729535926
2023-05-08,-0.0014064978903341502,0.00012713456813036973,0.0,0.0,1.7549704688503386e-05,-0.0014064978903341502,0.00010958486344186635,0.0,0.0,0.3513658923635892,0.21352140704345784
2023-05-09,-1.4782442325112496e-05,0.00041320501619750415,0.0,0.0,5.854010566544891e-06,-1.4782442325112496e-05,0.00040735100563095926,0.0,0.0,0.3504138507611106,0.21367138567888858
2023-05-10,0.0016394347544139854,-0.0005414008206191048,0.0,0.0,5.840397124861175e-06,0.0016394347544139854,-0.000547241217743966,0.0,0.0,0.35026156663878877,0.2131744950574329
2023-05-11,0.0006721272482546292,0.0008666013952776889,0.0,0.0,5.848841956674135e-06,0.0006721272482546292,0.0008607525533210148,0.0,0.0,0.3515170767139865,0.2134827314186059
2023-05-12,-0.001329531207001916,0.000314532473236467,0.0,0.0,5.81618394180728e-06,-0.001329531207001916,0.00030871628929465974,0.0,0.0,0.3516501665247547,0.2122907138759657
2023-05-15,-0.0006144368378200342,-0.0013770777588813516,0.0,0.0,1.7440503367329903e-05,-0.0006144368378200342,-0.0013945182622486815,0.0,0.0,0.35067861327750727,0.21219279096918048
2023-05-16,-0.001219169411769079,0.0021801350324845235,0.0,0.0,5.863007799641706e-06,-0.001219169411769079,0.002174272024684882,0.0,0.0,0.35076885532052876,0.21399978468692224
2023-05-17,-0.0001953206723480476,-0.00015018900892469823,5.0390194064467794e-05,1.8943884491529696e-16,5.797740635520101e-06,-0.0002457108664125154,-0.00015598674956040777,0.25000000000281153,9.398596712837853e-13,0.3499999999923638,0.2116175331964837
2023-05-18,-0.0010458072596390602,0.0003912383232452632,0.0,0.0,5.8041869309407225e-06,-0.0010458072596390602,0.0003854341363143225,0.0,0.0,0.3499452514932616,0.21185282297933636
2023-05-19,-0.0005426780584638078,1.8712624829126803e-05,0.0,0.0,5.797296451534158e-06,-0.0005426780584638078,1.2915328377592646e-05,0.0,0.0,0.3491300003023686,0.21160132048099675
2023-05-22,1.911588462938336e-05,-0.0010421515087657496,0.0,0.0,1.7399568973805808e-05,1.911588462938336e-05,-0.0010595510777395554,0.0,0.0,0.34877208869779125,0.2116947558479706
2023-05-23,-0.00010160501386877215,-0.0002575013007215526,0.0,0.0,5.8344788178280276e-06,-0.00010160501386877215,-0.00026333577953938065,0.0,0.0,0.3491544771883193,0.21295847685072297
2023-05-24,-0.0011907143261131589,0.00014173748138575132,0.0,0.0,5.843666240178884e-06,-0.0011907143261131589,0.00013589381514557243,0.0,0.0,0.34918030231101843,0.21329381776652928
2023-05-25,-0.000728362283182791,0.0008344373183444932,0.0,0.0,5.845949448895558e-06,-0.000728362283182791,0.0008285913688955976,0.0,0.0,0.34835704213809243,0.21337715488468784
2023-05-26,0.0008903617408907135,-0.002688341614149095,0.0,0.0,5.822504568193127e-06,0.0008903617408907135,-0.0026941641187172884,0.0,0.0,0.34759384084204276,0.21252141673904915
2023-05-30,0.00172518429131967,0.0026261575179300748,0.0,0.0,2.3627249942032226e-05,0.00172518429131967,0.0026025302679880424,0.0,0.0,0.349113935129252,0.21559865572104406
2023-05-31,0.0002826346450521012,0.0005302395749620881,0.0,0.0,5.809720153973025e-06,0.0002826346450521012,0.0005244298548081151,0.0,0.0,0.34932733044663367,0.21205478562001542
2023-06-01,0.0007536158157085066,-0.0021174775448315254,5.0364828239777476e-05,5.543027884065175e-16,5.7905197194109625e-06,0.0007032509874687292,-0.0021232680645514907,0.25000000000606154,2.7514378972019217e-12,0.3500000000173719,0.21135396975850013
2023-06-02,4.437887559348693e-05,-0.002756287657844336,0.0,0.0,5.8568496293225475e-06,4.437887559348693e-05,-0.0027621445074736584,0.0,0.0,0.3512524002397872,0.21377501147027297
2023-06-05,-0.0002004728543753295,0.000296876089909434,0.0,0.0,1.784559321895433e-05,-0.0002004728543753295,0.0002790304966904797,0.0,0.0,0.35225412326527905,0.2171213841639443
2023-06-06,-8.730401913689811e-05,-0.0006611743293674993,0.0,0.0,5.939930854516962e-06,-8.730401913689811e-05,-0.0006671142602220163,0.0,0.0,0.3520259960786181,0.2168074761898691
2023-06-07,-0.00169725730335235,0.0003747146444861759,0.0,0.0,5.962543471491478e-06,-0.00169725730335235,0.00036875210101468443,0.0,0.0,0.352204401498042,0.21763283670943895
2023-06-08,0.0019498035600704518,-0.0004639166893897969,0.0,0.0,5.960195467533588e-06,0.0019498035600704518,-0.0004698768848573305,0.0,0.0,0.3509734142013383,0.21754713456497599
2023-06-09,-0.0006447507492125984,-0.0001943198096504148,0.0,0.0,5.964079114044285e-06,-0.0006447507492125984,-0.0002002838887644591,0.0,0.0,0.3524016891013177,0.2176888876626164
2023-06-12,0.00021199211492884364,-0.001092090394421459,0.0,0.0,1.792335468887785e-05,0.00021199211492884364,-0.0011100137491103369,0.0,0.0,0.3520544365454394,0.21806748204801385
2023-06-13,-0.0006921342150685817,-0.0008898782342158363,0.0,0.0,6.009768750091964e-06,-0.0006921342150685817,-0.0008958880029659282,0.0,0.0,0.3525830558723876,0.21935655937835666
2023-06-14,0.0008269472845781089,-0.0005037247674100637,0.0,0.0,6.043746579535391e-06,0.0008269472845781089,-0.000509768513989599,0.0,0.0,0.35245062107434516,0.22059675015304175
2023-06-15,0.0024499506706839353,-0.0028175297552242976,5.042905746040639e-05,2.5527753102785796e-15,6.055626542245918e-06,0.0023995216132235288,-0.0028235853817690964,0.2500000000012729,1.2655279708012838e-11,0.42103036875955047,0.22103036879197607
2023-06-16,-0.0007550347379372886,-0.0017075426828934953,0.0,0.0,6.135420948008287e-06,-0.0007550347379372886,-0.0017136781038415035,0.0,0.0,0.42365997827720453,0.22394286460230248
2023-06-20,-0.0004550382588416465,-6.714140375150116e-05,0.0,0.0,2.4790011176220324e-05,-0.0004550382588416465,-9.193141492772148e-05,0.0,0.0,0.423951558195276,0.22620885198301044
2023-06-21,0.00010081128032655265,-0.0027697703538629437,0.0,0.0,6.202734992504147e-06,0.00010081128032655265,-0.002775973088855448,0.0,0.0,0.4237282864590457,0.2263998272264014
2023-06-22,-0.0006842581051632612,0.0013504389650143272,0.0,0.0,6.29546048725066e-06,-0.0006842581051632612,0.0013441435045270765,0.0,0.0,0.4249659504198607,0.22978430778464906
2023-06-23,-0.00011566308698050858,0.0028669432369440783,0.0,0.0,6.254335015082866e-06,-0.00011566308698050858,0.0028606889019289956,0.0,0.0,0.4240018996518147,0.2282832280505246
2023-06-26,0.0004896427610495254,-0.00014981112836136369,0.0,0.0,1.847664700209437e-05,0.0004896427610495254,-0.00016828777536345805,0.0,0.0,0.4227258432125698,0.2247992051921482
2023-06-27,1.3170001908804736e-05,0.002490584938251471,0.0,0.0,6.161006878229946e-06,1.3170001908804736e-05,0.002484423931373241,0.0,0.0,0.42307952725819326,0.22487675105539304
2023-06-28,0.0005543915010527017,0.0014864945704324108,0.0,0.0,6.0775923167429755e-06,0.0005543915010527017,0.001480416978115668,0.0,0.0,0.4220386161727384,0.22183211956111856
2023-06-29,-0.001831553863762855,-0.00030489274891715097,0.0,0.0,6.0246075156444965e-06,-0.001831553863762855,-0.00031091735643279546,0.0,0.0,0.4217348580087539,0.21989817432102407
2023-06-30,0.002224630034311265,1.068610319289838e-05,1.646933442054379e-05,3.519354884356416e-05,8.2191780819941e-06,0.0022081606998907216,-3.272662373265988e-05,0.07969616376994955,0.1703038362487631,0.5000000000149648,0.29999999999278465
2023-07-03,4.055277111217502e-05,-0.0012771441417406312,0.0,0.0,2.460313344126244e-05,4.055277111217502e-05,-0.0013017472751818936,0.0,0.0,0.5011344451006674,0.2993381235353597
2023-07-05,-0.0011044605098211085,-0.0005457201369093466,0.0,0.0,1.6492870178984998e-05,-0.0011044605098211085,-0.0005622130070883315,0.0,0.0,0.5018078752060885,0.3009948807664762
2023-07-06,-0.002228611448036624,0.0023400680456533815,0.0,0.0,8.275178346718327e-06,-0.002228611448036624,0.002331792867306663,0.0,0.0,0.5015393169935893,0.30204400965521894
2023-07-07,-0.00076479462839665,0.0006378083140821134,0.0,0.0,8.2102197512863e-06,-0.00076479462839665,0.0006295980943308271,0.0,0.0,0.4992591912736136,0.2996730209219499
2023-07-10,0.0013052212564239368,0.0001494279943751239,0.0,0.0,2.458155999441464e-05,0.0013052212564239368,0.00012484643438070926,0.0,0.0,0.49856180047265847,0.29907564659871144
2023-07-11,0.0014196540420667533,-0.002254191600213147,0.0,0.0,8.178064228391086e-06,0.0014196540420667533,-0.002262369664441538,0.0,0.0,0.4991531988666216,0.2984993443362746
2023-07-12,0.003092710364383513,-0.0005302871098325609,0.0,0.0,8.246772586462313e-06,0.003092710364383513,-0.0005385338824190232,0.0,0.0,0.500995049263435,0.3010071994058744
2023-07-13,0.0021362073608759704,-0.0023430367036786567,0.0,0.0,8.24025393761745e-06,0.0021362073608759704,-0.0023512769576162743,0.0,0.0,0.5028035107256739,0.30076926872303694
2023-07-14,-0.0013111357139227624,0.0002513344175146046,0.0,0.0,8.306233142231937e-06,-0.0013111357139227624,0.00024302818437237268,0.0,0.0,0.5050483386290732,0.3031775096914657
2023-07-17,0.0011835795380575579,0.002169957487308243,4.882504274508149e-05,6.552253163615468e-07,2.4657534246177623e-05,0.0011347544953124763,0.0021446447277457038,0.24218423913798118,0.0032500789714710442,0.5000000000236229,0.2999999999951611
2023-07-18,0.0009154941626250397,-0.001756457274247051,0.0,0.0,8.13305565559791e-06,0.0009154941626250397,-0.001764590329902649,0.0,0.0,0.49954537086059775,0.29685653142932367
2023-07-19,0.0014158566165593386,-0.002903406674108143,0.0,0.0,8.188130282740812e-06,0.0014158566165593386,-0.0029115948043908838,0.0,0.0,0.500886165546631,0.29886675532003965
2023-07-20,-0.0014222551712429281,-0.0026825983833885726,0.0,0.0,8.280060473720641e-06,-0.0014222551712429281,-0.002690878443862293,0.0,0.0,0.5030544599294656,0.30222220729080346
2023-07-21,3.3419816182076195e-05,-0.002433704265340652,0.0,0.0,8.388057521196748e-06,3.3419816182076195e-05,-0.0024420923228618487,0.0,0.0,0.5037040066399968,0.30616409952368123
2023-07-24,0.0006486122376596736,-0.0033941949457299363,0.0,0.0,2.542544462058019e-05,0.0006486122376596736,-0.0034196203903505166,0.0,0.0,0.5049536945373575,0.3093429095503923
2023-07-25,1.5140817993234343e-05,-0.00023374937983530058,0.0,0.0,8.591948207739971e-06,1.5140817993234343e-05,-0.00024234132804304054,0.0,0.0,0.507007227937104,0.313606109582509
2023-07-26,0.0011132980049379816,0.0010118845090641081,0.0,0.0,8.600306294314851e-06,0.0011132980049379816,0.0010032842027697933,0.0,0.0,0.5071375906743638,0.3139111797424921
2023-07-27,-0.003789250906843647,0.003196704246347463,0.0,0.0,8.554477176864028e-06,-0.003789250906843647,0.003188149769170599,0.0,0.0,0.507177406005599,0.31223841695553706
2023-07-28,0.003035405329840412,0.00032214105830141406,0.0,0.0,8.471988760690339e-06,0.003035405329840412,0.00031366906954072375,0.0,0.0,0.5036909242863793,0.3092275897651974
2023-07-31,0.0008187883275801741,0.00017353365843050437,1.0190869761989237e-06,1.137108033229736e-05,2.4657534246531106e-05,0.0008177692406039752,0.0001375050438516759,0.005034930064919411,0.056180282520382444,0.5000000000051221,0.2999999999994618
2023-08-01,-0.0021502141832518955,0.0019013303542853642,0.0,0.0,8.206584196524561e-06,-0.0021502141832518955,0.0018931237700888397,0.0,0.0,0.5003408256085352,0.29954032317314644
2023-08-02,-0.0033897111410564136,0.001434710858793314,0.0,0.0,8.156589935017794e-06,-0.0033897111410564136,0.0014265542688582963,0.0,0.0,0.49831872439202424,0.2977155326281495
2023-08-03,-0.0014692984499256562,0.001921417002471669,0.0,0.0,8.133249633112086e-06,-0.0014692984499256562,0.001913283752838557,0.0,0.0,0.49590254774551484,0.2968636116085912
2023-08-04,0.0014053274129613564,0.0009188824746825202,0.0,0.0,8.077021992344629e-06,0.0014053274129613564,0.0009108054526901755,0.0,0.0,0.4942138256205173,0.2948113027205789
2023-08-07,0.0016943924831252868,-0.00035202823260010703,0.0,0.0,2.4099723229049776e-05,0.0016943924831252868,-0.0003761279558291568,0.0,0.0,0.49447388581533525,0.2932132992867722
2023-08-08,-0.0008658058923395973,-0.0012491171770616252,0.0,0.0,8.032296993263328e-06,-0.0008658058923395973,-0.0012571494740548886,0.0,0.0,0.4955150583742647,0.29317884025411145
2023-08-09,-0.0005524560412635834,-0.0009015275543447403,0.0,0.0,8.08368067494507e-06,-0.0005524560412635834,-0.0009096112350196854,0.0,0.0,0.4957016048641017,0.29505434463549507
2023-08-10,-0.0008581993255469186,0.0004206840017175226,0.0,0.0,8.120252415327221e-06,-0.0008581993255469186,0.0004125637493021954,0.0,0.0,0.49587415019098713,0.2963892131594435
2023-08-11,-0.001080295528691977,-0.0010668126382978498,0.0,0.0,8.112341974429539e-06,-0.001080295528691977,-0.0010749249802722793,0.0,0.0,0.4952366459335283,0.29610048206667816
2023-08-14,-0.00026566395695536024,0.0009483482012497133,4.90166039791924e-06,2.225339002470164e-15,2.447746348602802e-05,-0.0002705656173532795,0.0009238707377614599,0.023684057884240793,1.075249068028772e-11,0.4978091390543285,0.29780913908000756
2023-08-15,-0.0026557633105836033,0.003921979556682876,0.0,0.0,8.127862378732678e-06,-0.0026557633105836033,0.003913851694304143,0.0,0.0,0.4972186396141508,0.2966669768237427
2023-08-16,-0.0010810890970489565,-0.00010478811357947426,0.0,0.0,8.01033317690944e-06,-0.0010810890970489565,-0.0001127984467563837,0.0,0.0,0.49394145429767733,0.2923771609571945
2023-08-17,-0.0019258935981816693,-0.0005581144232040963,0.0,0.0,8.022782384085816e-06,-0.0019258935981816693,-0.0005661372055881821,0.0,0.0,0.49344948839832414,0.2928315570191323
2023-08-18,0.0008181650620189653,-0.0016462902750933397,0.0,0.0,8.058154359085369e-06,0.0008181650620189653,-0.0016543484294524252,0.0,0.0,0.49275154683345673,0.29412263410661593
2023-08-21,0.0004029925744435354,0.0017026328588447292,0.0,0.0,2.43301190475911e-05,0.0004029925744435354,0.001678302739797138,0.0,0.0,0.493982772073282,0.2960164484123584
2023-08-22,-0.0007391257992693147,0.00037576512157144537,0.0,0.0,8.046644762905188e-06,-0.0007391257992693147,0.0003677184768085402,0.0,0.0,0.49335893899974664,0.2937025338460393
2023-08-23,0.004539039341385848,-0.0009075211579331362,0.0,0.0,8.039335696212907e-06,0.004539039341385848,-0.0009155604936293491,0.0,0.0,0.4928028437851886,0.2934357529117711
2023-08-24,-0.0036008545262956318,0.0007934040195332783,0.0,0.0,8.035084331465932e-06,-0.0036008545262956318,0.0007853689352018123,0.0,0.0,0.49554628165690623,0.2932805780985065
2023-08-25,0.0012128276481641435,-0.001755781322607363,0.0,0.0,8.0359723995417e-06,0.0012128276481641435,-0.0017638172950069047,0.0,0.0,0.49333440303394366,0.293312992583272
2023-08-28,0.001709589378167246,-0.0008531675490167422,4.324084153235121e-05,7.264237504118304e-06,2.1310149704710746e-05,0.001666348536634895,-0.0008817419362255711,0.2140420446790725,0.03595795533379249,0.45927348803822277,0.25927348807398076
2023-08-29,0.0036580599378003642,0.00023567449975365202,0.0,0.0,7.1211703710255566e-06,0.0036580599378003642,0.00022855332938262647,0.0,0.0,0.46062167061333514,0.2599227185424328
2023-08-30,0.0003652194127256114,0.00042887887720589375,0.0,0.0,7.087168452481689e-06,0.0003652194127256114,0.00042179170875341205,0.0,0.0,0.4624822409376707,0.2586816485155817
2023-08-31,-0.0015743679664454095,0.0006776857236197366,0.0,0.0,7.069854292301593e-06,-0.0015743679664454095,0.0006706158693274351,0.0,0.0,0.46248348070757905,0.25804968166900816
2023-09-01,0.000571883938083603,-0.0014669390292629371,0.0,0.0,7.057665940542151e-06,0.000571883938083603,-0.0014739966952034792,0.0,0.0,0.4613260371146312,0.2576048068297886
2023-09-05,-0.0019996635049544104,0.0004921975379627968,0.0,0.0,2.8417059595712794e-05,-0.0019996635049544104,0.000463780478367084,0.0,0.0,0.46231498129514875,0.2593056688108792
2023-09-06,-0.0018329987941212308,-0.00021773656488911943,0.0,0.0,7.101687396006079e-06,-0.0018329987941212308,-0.0002248382522851255,0.0,0.0,0.4610233957986612,0.25921158995422194
2023-09-07,0.0012963902572742801,-0.001207842304899725,0.0,0.0,7.122309333347635e-06,0.0012963902572742801,-0.0012149646142330726,0.0,0.0,0.4601372845551302,0.25996429066718874
2023-09-08,0.001220296169184981,-0.0012476191473407977,0.0,0.0,7.154818317662529e-06,0.001220296169184981,-0.0012547739656584601,0.0,0.0,0.46139610533783065,0.26115086859468234
2023-09-11,0.002789572877533061,7.876894865626836e-05,0.0,0.0,2.156774260073483e-05,0.002789572877533061,5.720120605553353e-05,0.0,0.0,0.46263235205109177,0.26240753497560704
2023-09-12,-0.0018731315146302602,-0.0009071498054109588,4.4060344378292323e-05,7.172071673848789e-06,6.2078458075757934e-06,-0.0019171918590085524,-0.0009205297228923834,0.2150022767538075,0.03499772325153909,0.426586371948324,0.2265863719765165
2023-09-13,0.000719788147440345,-0.0010275173727511938,0.0,0.0,6.250436224673175e-06,0.000719788147440345,-0.0010337678089758669,0.0,0.0,0.42592188816795196,0.22814092220057083
2023-09-14,0.0023205770155185885,-0.002260421883133051,0.0,0.0,6.2805593534705225e-06,0.0023205770155185885,-0.0022667024424865216,0.0,0.0,0.42677567519744236,0.22924041640167406
2023-09-15,-0.0032753296052926606,0.0015068637351356334,0.0,0.0,6.342147039667835e-06,-0.0032753296052926606,0.0015005215880959655,0.0,0.0,0.4290731360809551,0.23148836694787592
2023-09-18,-4.182987465814864e-05,-7.433822006432315e-05,0.0,0.0,1.8936197420153243e-05,-4.182987465814864e-05,-9.32744174844764e-05,0.0,0.0,0.42655485946000626,0.23039040194519775
2023-09-19,-0.0007408001166791929,0.0007715407799922489,0.0,0.0,6.314955647893875e-06,-0.0007408001166791929,0.000765225824344355,0.0,0.0,0.42657066111256653,0.2304958811481264
2023-09-20,-0.0009671964530319955,-2.801888190948565e-05,0.0,0.0,6.293663817139903e-06,-0.0009671964530319955,-3.431254572662555e-05,0.0,0.0,0.4258194600542379,0.22971872932560644
2023-09-21,-0.004711743026264543,0.002198082968685045,0.0,0.0,6.3007417072588375e-06,-0.004711743026264543,0.002191782226977786,0.0,0.0,0.42527818352898594,0.22997707231494757
2023-09-22,-0.0008075641391635758,-9.117922748492036e-05,0.0,0.0,6.256285851156031e-06,-0.0008075641391635758,-9.74355133360764e-05,0.0,0.0,0.4216289288753325,0.2283544335671951
2023-09-25,0.0005067192137639684,-0.0011032722720892658,0.0,0.0,1.879335972056546e-05,0.0005067192137639684,-0.0011220656318098312,0.0,0.0,0.4212025529001755,0.22865254326687975
2023-09-26,-0.002432754872440305,0.0032015257769127613,5.2054309458871194e-05,1.8990855578534044e-15,6.298555671247984e-06,-0.002484809181899176,0.0031952272212396144,0.24999999999101163,9.120693260207487e-12,0.4298972819986573,0.22989728200055146
2023-09-27,-0.0003329099463136292,-0.00011434820803251783,0.0,0.0,6.206433473964202e-06,-0.0003329099463136292,-0.00012055464150648203,0.0,0.0,0.4271610642005051,0.22653482179969336
2023-09-28,0.0012851939249283089,0.0019055523974297502,0.0,0.0,6.212383397458242e-06,0.0012851939249283089,0.0018993400140322918,0.0,0.0,0.42702179351577824,0.22675199400722573
2023-09-29,-0.002590455345225447,0.0016960146340728817,0.0,0.0,6.140621464998567e-06,-0.002590455345225447,0.0016898740126078831,0.0,0.0,0.4269473590855491,0.2241326834724476
2023-10-02,-0.0019834199519867656,0.004087304200568189,0.0,0.0,1.8298945620753854e-05,-0.0019834199519867656,0.004069005254947435,0.0,0.0,0.42473941612971694,0.2226371717191719
2023-10-03,-0.0034739039174666885,-0.0009591353381955531,0.0,0.0,5.97520580184692e-06,-0.0034739039174666885,-0.0009651105439974,0.0,0.0,0.4218761375056785,0.21809501176741253
2023-10-04,-0.0019141275269362675,0.0020392822384442053,0.0,0.0,6.028242939933008e-06,-0.0019141275269362675,0.0020332539955042724,0.0,0.0,0.4202678084676877,0.2200308673075548
2023-10-05,-0.0010034424783170862,0.000314659327993037,0.0,0.0,5.971660810810386e-06,-0.0010034424783170862,0.0003086876671822266,0.0,0.0,0.41830384988032676,0.21796561959457905
2023-10-06,0.0017833011346389289,-0.0013217989752658283,0.0,0.0,5.967185738304351e-06,0.0017833011346389289,-0.0013277661610041325,0.0,0.0,0.41759053043211175,0.2178022794481087
2023-10-09,0.003940447604757263,-0.0022772759083212564,0.0,0.0,1.8001997687037e-05,0.003940447604757263,-0.002295277906008293,0.0,0.0,0.4191828791049695,0.21902430519228347
2023-10-10,0.0011949188940882916,-0.0009355107593084755,2.986159105322463e-07,3.821975748891112e-15,6.0530986414630206e-06,0.0011946202781777592,-0.0009415638579537606,0.0014902599440778728,1.907379066191584e-11,0.42093810044232904,0.22093810041340023
2023-10-11,-0.0013336387969828097,-0.0010344674702017012,0.0,0.0,6.07719120097456e-06,-0.0013336387969828097,-0.0010405446614026757,0.0,0.0,0.42202622289121183,0.22181747883557143
2023-10-12,-0.002429398812444646,0.0005505010334398795,0.0,0.0,6.120062927667782e-06,-0.002429398812444646,0.0005443809705122116,0.0,0.0,0.4216937624495411,0.22338229685987404
2023-10-13,0.003892323349109626,-0.002115887734673725,0.0,0.0,6.116510438881196e-06,0.003892323349109626,-0.0021220042451126062,0.0,0.0,0.42005617702540327,0.2232526310191636
2023-10-16,0.0015224603928984733,-0.0008054929378105256,0.0,0.0,1.8490705448473855e-05,0.0015224603928984733,-0.0008239836432589995,0.0,0.0,0.4231993025643849,0.22497024962309858
2023-10-17,-4.4343193728176003e-05,-0.00027091289809213825,0.0,0.0,6.181319274695189e-06,-4.4343193728176003e-05,-0.00027709421736683344,0.0,0.0,0.4244253117450709,0.2256181535263744
2023-10-18,-0.0006542239703369766,-9.668707732600461e-05,0.0,0.0,6.190731478575054e-06,-0.0006542239703369766,-0.00010287780880457966,0.0,0.0,0.4245174243331851,0.22596169896798945
2023-10-19,-0.0009027900447358436,0.0005062181904727017,0.0,0.0,6.198073011702093e-06,-0.0009027900447358436,0.0005000201174609997,0.0,0.0,0.42418435108974223,0.22622966492712637
2023-10-20,-0.001995656911642268,0.0023300184447141723,0.0,0.0,6.186695835213912e-06,-0.001995656911642268,0.0023238317488789586,0.0,0.0,0.4234521148224979,0.2258143979853079
2023-10-23,-0.0011714119100325157,0.0020878155312398367,0.0,0.0,1.8362553012476644e-05,-0.0011714119100325157,0.00206945297822736,0.0,0.0,0.4213181918818098,0.22341106165179908
2023-10-24,0.0004024785782500294,-0.0016026867402079478,2.6922705145423013e-05,2.4389219577501675e-05,6.937758561327766e-06,0.0003755558731046064,-0.0016340137183467772,0.13117177582759118,0.118828224197739,0.453228187457397,0.2532281874884635
2023-10-25,-0.0009455659582542557,-0.0005508538292829735,0.0,0.0,6.990464992598717e-06,-0.0009455659582542557,-0.0005578442942755722,0.0,0.0,0.45420226043361644,0.2551519722298532
2023-10-26,-0.002234478135651337,0.0002913207364187869,0.0,0.0,7.016104962465894e-06,-0.002234478135651337,0.000284304631456321,0.0,0.0,0.45393915124937523,0.25608783113000505
2023-10-27,-0.00028998590860790634,0.00382492416078632,0.0,0.0,7.02181733454415e-06,-0.00028998590860790634,0.003817902343451776,0.0,0.0,0.4525872968684119,0.2562963327108615
2023-10-30,-0.0012592795241677729,-0.0018771944826343522,0.0,0.0,2.067812398191112e-05,-0.0012592795241677729,-0.0018978726066162634,0.0,0.0,0.4507072534331139,0.25158384177991866
2023-10-31,0.0010363959096231432,-0.001317059130285919,0.0,0.0,6.966131115490561e-06,0.0010363959096231432,-0.0013240252614014096,0.0,0.0,0.45087144364796894,0.2542637857154056
2023-11-01,0.0018692095989994227,-0.0006591010362829088,0.0,0.0,7.004229549284185e-06,0.0018692095989994227,-0.000666105265832193,0.0,0.0,0.45203785891393083,0.2556543785488727
2023-11-02,0.004517167043473275,-0.003972373560325131,0.0,0.0,7.013848720134698e-06,0.004517167043473275,-0.0039793874090452664,0.0,0.0,0.4533616271747845,0.2560054782849164
2023-11-03,0.0005302925084237847,-0.0006970383280729544,0.0,0.0,7.1188524985781415e-06,0.0005302925084237847,-0.0007041571805715325,0.0,0.0,0.45763268867823814,0.25983811619810215
2023-11-06,0.0010147880579151288,0.0007597916927324851,0.0,0.0,2.141757207636713e-05,0.0010147880579151288,0.000738374120656118,0.0,0.0,0.45824265339535863,0.2605804602624667
2023-11-07,-0.0022905244805541676,0.0020872855277727295,2.5582755089621373e-07,4.522690004434013e-06,7.722303616040593e-06,-0.0022907803081050637,0.0020750405341522548,0.0012726142978005117,0.022498124005796316,0.4571810834719172,0.28186408198548163
2023-11-08,-0.0015093937634302309,0.0014484634530065631,0.0,0.0,7.666771738771977e-06,-0.0015093937634302309,0.0014407966812677911,0.0,0.0,0.45498871815456887,0.27983716846517714
2023-11-09,-0.0028021983760806155,0.002134723143507723,0.0,0.0,7.6276110404138635e-06,-0.0028021983760806155,0.0021270955324673092,0.0,0.0,0.45351043388363327,0.278407802975106
2023-11-10,0.002258493664669635,-0.0014396885704947516,0.0,0.0,7.574238865034301e-06,0.002258493664669635,-0.001447262809359786,0.0,0.0,0.45101271547427507,0.2764597185737519
2023-11-13,0.00202578910654798,-0.00049766509677314,0.0,0.0,2.2822532819721147e-05,0.00202578910654798,-0.0005204876295928611,0.0,0.0,0.45290379960222027,0.2776741493066073
2023-11-14,0.0011744459411141806,-0.005262507641529712,0.0,0.0,7.609690721410501e-06,0.0011744459411141806,-0.005270117332251122,0.0,0.0,0.454245811817339,0.27775371133148336
2023-11-15,-0.0005467729292624143,-3.56030760150148e-06,0.0,0.0,7.78575691481361e-06,-0.0005467729292624143,-1.134606451631509e-05,0.0,0.0,0.4572931803545935,0.28418012739069687
2023-11-16,-0.0023201098394409893,0.0015304381015469248,0.0,0.0,7.790202317366326e-06,-0.0023201098394409893,0.0015226478992295585,0.0,0.0,0.4570014686251556,0.2843423845838709
2023-11-17,0.001507205241109993,-0.0008524113978433238,0.0,0.0,7.754456390203259e-06,0.001507205241109993,-0.0008601658542335271,0.0,0.0,0.45504423924762705,0.283037658242419
2023-11-20,0.002232215613606197,0.0002580052631796961,0.0,0.0,2.3318342495360248e-05,0.002232215613606197,0.00023468692068433585,0.0,0.0,0.4562562287382357,0.28370650036021633
2023-11-21,0.0008788526454340433,-0.0010404624279298175,3.4338558567053845e-05,1.7648925079812782e-05,1.0020186626658899e-05,0.0008445140868669895,-0.0010681315396362892,0.1651289702832703,0.08487102973018334,0.42439897269477833,0.3657368118730499
2023-11-22,-0.0007096331350367258,-0.0015078440776530467,0.0,0.0,1.0050940012205647e-05,-0.0007096331350367258,-0.0015178950176652523,0.0,0.0,0.42537294615490856,0.36685931044550596
2023-11-24,-0.0021396904042603826,-0.0009275053773351311,0.0,0.0,2.02295635400096e-05,-0.0021396904042603826,-0.0009477349408751407,0.0,0.0,0.42561137433832064,0.36918953460517523
2023-11-27,-0.0014178856993680895,0.0013140990901958783,0.0,0.0,3.0514790767115376e-05,-0.0014178856993680895,0.001283584299428763,0.0,0.0,0.4247831702601083,0.37126328766657035
2023-11-28,0.0026022470993847446,-0.00027817976108315606,0.0,0.0,1.0136955614902111e-05,0.0026022470993847446,-0.00028831671669805816,0.0,0.0,0.42342215074835104,0.369998879943927
2023-11-29,0.002076365386860389,0.001746393349569773,0.0,0.0,1.0121157324777702e-05,0.002076365386860389,0.0017362721922449954,0.0,0.0,0.4250408828350598,0.36942224235438614
2023-11-30,-0.0008596475251318952,-0.003175030759304194,0.0,0.0,1.003505091939528e-05,-0.0008596475251318952,-0.003185065810223589,0.0,0.0,0.4254949900331985,0.3662793585579278
2023-12-01,-0.000599425351037842,-0.0023500103571453793,0.0,0.0,1.0163145071887223e-05,-0.000599425351037842,-0.0023601735022172666,0.0,0.0,0.4263598458622859,0.3709547951238835
2023-12-04,-0.001014874073306497,0.00024373914189399417,0.0,0.0,3.07736644538936e-05,-0.001014874073306497,0.00021296547744010058,0.0,0.0,0.42702424096512054,0.37441291752237205
2023-12-05,-0.0006292115554583967,0.0022167522533496214,0.0,0.0,1.0259437497706602e-05,-0.0006292115554583967,0.0022064928158519147,0.0,0.0,0.42635126163337633,0.37446946866629105
2023-12-06,-0.004314120241382176,8.636019657931955e-05,4.850961962575602e-07,3.1667900492917805e-06,1.0500720653419202e-05,-0.004314605337578433,7.269268587660856e-05,0.0024183419365642472,0.01578734535455001,0.4226332821808948,0.383276303849801
2023-12-07,0.0007039896330717629,-4.6257987840654235e-05,0.0,0.0,1.054307743419218e-05,0.0007039896330717629,-5.6801065274846414e-05,0.0,0.0,0.42010119451150596,0.3848223263480144
2023-12-08,0.0014156138180164985,0.00019644013056710082,0.0,0.0,1.0537525010605063e-05,0.0014156138180164985,0.00018590260555649576,0.0,0.0,0.4205330199816644,0.3846196628870847
2023-12-11,-0.0005013302948104375,-0.0020241678953045595,0.0,0.0,3.15459079779358e-05,-0.0005013302948104375,-0.0020557138032824955,0.0,0.0,0.42127395663929956,0.38380854706488543
2023-12-12,-0.0012761129302003283,0.00014472133910265253,0.0,0.0,1.059785850552178e-05,-0.0012761129302003283,0.00013412348059713077,0.0,0.0,0.4218513187694212,0.3868218354515448
2023-12-13,0.0026400067734204456,-0.007775119615785211,0.0,0.0,1.0606005483691997e-05,0.0026400067734204456,-0.007785725621268903,0.0,0.0,0.4210560474030468,0.38711920015475776
2023-12-14,0.0024784766579532425,0.001810615390225665,0.0,0.0,1.087498205962114e-05,0.0024784766579532425,0.001799740408166044,0.0,0.0,0.425887551778719,0.39693684517617167
2023-12-15,0.0005109603344984552,0.0028463109598605256,0.0,0.0,1.0779260143811674e-05,0.0005109603344984552,0.002835531699716714,0.0,0.0,0.4265411926269726,0.39344299524912585
2023-12-18,0.0011801985260236644,-0.001171464431845185,0.0,0.0,3.199676016186875e-05,0.0011801985260236644,-0.0012034611920070538,0.0,0.0,0.4256277929428473,0.3892939153027365
2023-12-19,0.0015444249878932836,-0.0017705647280618114,0.0,0.0,1.0697930498947795e-05,0.0015444249878932836,-0.0017812626585607591,0.0,0.0,0.4268179203915888,0.39047446321159435
2023-12-20,-0.0026262452191929834,0.006092306468667851,5.238485157440316e-07,1.123443711119081e-06,1.059530585793928e-05,-0.0026267690677087272,0.006080587719098792,0.002615543036733045,0.005609284530673067,0.42584827871625824,0.3867286638147837
2023-12-21,0.0005327010973159047,-0.0024829381182218915,0.0,0.0,1.0392499543191541e-05,0.0005327010973159047,-0.002493330617765083,0.0,0.0,0.4217653325250803,0.37932623332649135
2023-12-22,-4.690234181426324e-05,-0.0016630562866164036,0.0,0.0,1.048107474962078e-05,-4.690234181426324e-05,-0.0016735373613660242,0.0,0.0,0.4231276301449763,0.3825592283611583
2023-12-26,0.0017096650638002908,-0.0021750032883116016,0.0,0.0,4.2179118372114415e-05,0.0017096650638002908,-0.002217182406683716,0.0,0.0,0.42380986712516366,0.38488445514554404
2023-12-27,-0.00023898869644290455,-0.0002924366737790538,0.0,0.0,1.060975335804815e-05,-0.00023898869644290455,-0.00030304642713710196,0.0,0.0,0.4257356003896446,0.3872559975687574
2023-12-28,-0.0008756562149208255,-0.000186510713997709,0.0,0.0,1.0623523644664918e-05,-0.0008756562149208255,-0.00019713423764237392,0.0,0.0,0.42572737088128865,0.3877586130302697
2023-12-29,-0.002158044193176322,0.00019153797443476154,0.0,0.0,1.0640048069223676e-05,-0.002158044193176322,0.00018089792636553787,0.0,0.0,0.42530798100779194,0.3883617545266641
2024-01-02,-0.0011132163593078612,-0.004518892500715768,0.0,0.0,4.2623474657741004e-05,-0.0011132163593078612,-0.00456151597537351,0.0,0.0,0.4239882235479752,0.3889392062518868
2024-01-03,0.0008294669682303625,-0.000405005227441472,0.0,0.0,1.084119481720323e-05,0.0008294669682303625,-0.0004158464222586752,0.0,0.0,0.4252884050523832,0.39570361082791783
2024-01-04,-0.0007286333490471373,0.0008232236404973733,0.0,0.0,1.084780397622852e-05,-0.0007286333490471373,0.0008123758365211448,0.0,0.0,0.4259416937846783,0.3959448451323411
2024-01-05,0.0001549398776144969,0.00025726589338843957,4.911789309009578e-05,1.4082834705727223e-06,1.0633436913624142e-05,0.00010582198452440113,0.0002452241730042427,0.24303191154590928,0.0069680884565630815,0.4999999999953381,0.3881204473472812
2024-01-08,-0.00029598637703762306,-0.0012086639008252814,0.0,0.0,3.186797846756085e-05,-0.00029598637703762306,-0.0012405318792928421,0.0,0.0,0.499979424017308,0.38772707135532364
2024-01-09,0.0014281735424535816,0.0010410080604988322,0.0,0.0,1.0672171555090704e-05,0.0014281735424535816,0.0010303358889437416,0.0,0.0,0.5004523918768133,0.3895342617608107
2024-01-10,-0.0004687818031254151,0.00034846460761773964,0.0,0.0,1.0617547445776164e-05,-0.0004687818031254151,0.0003378470601719635,0.0,0.0,0.500649713377103,0.38754048177083
2024-01-11,0.0015367892479134296,0.002485560652343924,0.0,0.0,1.06093896079262e-05,0.0015367892479134296,0.002474951262735998,0.0,0.0,0.5002464312118616,0.3872427206893063
2024-01-12,0.000485356015459845,-0.0006119310065907754,0.0,0.0,1.0499172101758284e-05,0.000485356015459845,-0.0006224301786925336,0.0,0.0,0.4997782398486332,0.38321978171417737
2024-01-16,-0.0008269454399213148,0.003815102854092544,0.0,0.0,4.2069515982963225e-05,-0.0008269454399213148,0.0037730333381095806,0.0,0.0,0.5003321784787964,0.3838843333445393
2024-01-17,-0.001571951753244747,0.0022164317476966004,0.0,0.0,1.0382268554132193e-05,-0.001571951753244747,0.002206049479142468,0.0,0.0,0.4980379694043747,0.378952802225825
2024-01-18,0.0016656170181391726,0.001153088886644639,0.0,0.0,1.031500367628729e-05,0.0016656170181391726,0.0011427738829683518,0.0,0.0,0.49615140917087386,0.3764976341844862
2024-01-19,0.0006214895021738736,7.950149671972238e-05,0.0,0.0,1.0254613237430486e-05,0.0006214895021738736,6.92468834822919e-05,0.0,0.0,0.4964228766989899,0.3742933831662127
2024-01-22,0.0006180988833036437,0.00033905078451136985,5.096894150029164e-05,1.951669454917577e-15,3.073607481675159e-05,0.0005671299418033521,0.0003083147096926666,0.2499999999998631,9.57283689570707e-12,0.5000000000064035,0.3739555769371443
2024-01-23,4.325473925437434e-05,-0.00130169914305573,0.0,0.0,1.0227115935715025e-05,4.325473925437434e-05,-0.001311926258991445,0.0,0.0,0.5001802187923813,0.3732897316535985
2024-01-24,0.0001112660123572488,0.002320874831661317,0.0,0.0,1.027581556047938e-05,0.0001112660123572488,0.0023105990161008377,0.0,0.0,0.5008588989521431,0.3750672679574974
2024-01-25,0.0019444992382466678,-0.0034597298048022057,0.0,0.0,1.0187557060482841e-05,0.0019444992382466678,-0.0034699173618626886,0.0,0.0,0.49975981414798665,0.37184583270762356
2024-01-26,-6.205327517305879e-05,-0.0013664606891726245,0.0,0.0,1.0298053015129865e-05,-6.205327517305879e-05,-0.0013767587421877542,0.0,0.0,0.5024707914380807,0.37587893505224
2024-01-29,0.0006729757425663261,-0.0014688269244462252,0.0,0.0,3.105114764724353e-05,0.0006729757425663261,-0.0014998780720934686,0.0,0.0,0.5031326514681667,0.377788963041463
2024-01-30,0.00043458567710177306,-0.0018524451095981037,0.0,0.0,1.039922352478557e-05,0.00043458567710177306,-0.0018628443331228893,0.0,0.0,0.5042225700284897,0.3795716586546732
2024-01-31,0.0003240348128699135,0.002070348541246475,0.0,0.0,1.0464922061114852e-05,0.0003240348128699135,0.00205988361918536,0.0,0.0,0.5053789675906237,0.381969655230692
2024-02-01,0.0006453758298350183,-0.0050121563313455944,0.0,0.0,1.0383446892836381e-05,0.0006453758298350183,-0.005022539778238431,0.0,0.0,0.5045003148040546,0.37899581158852785
2024-02-02,-0.0024860557610616105,0.002317106489535221,0.0,0.0,1.05670198225896e-05,-0.0024860557610616105,0.0023065394697126314,0.0,0.0,0.507366517060996,0.38569622352452043
2024-02-05,-0.0019023016085319695,0.0027271643075579117,2.974954986852326e-05,2.0976316496954784e-05,2.3019220452939762e-05,-0.0019320511584004928,0.002683168770608017,0.14661922999514126,0.10338077001198526,0.4800671821845295,0.2800671821774337
2024-02-06,0.001473591603654629,-0.0006026377765464394,0.0,0.0,7.592653678068212e-06,0.001473591603654629,-0.0006102304302245076,0.0,0.0,0.47780599208012775,0.27713185924948974
2024-02-07,-0.0001897070120019044,0.00014254303783106727,0.0,0.0,7.602600511984035e-06,-0.0001897070120019044,0.00013494043731908324,0.0,0.0,0.47886614924325577,0.2774949186874173
2024-02-08,-0.00014829517928753464,0.0003267764084373766,0.0,0.0,7.59911140057838e-06,-0.00014829517928753464,0.00031917729703679823,0.0,0.0,0.4787026591361862,0.27736756612111074
2024-02-09,0.00011658394063482305,0.0015572662891043824,0.0,0.0,7.588861821485663e-06,0.00011658394063482305,0.0015496774272828967,0.0,0.0,0.4784726015454616,0.2769934564842267
2024-02-12,3.8045644068414005e-05,-0.0023739396888267134,0.0,0.0,2.26009319152123e-05,3.8045644068414005e-05,-0.0023965406207419257,0.0,0.0,0.47779305737273703,0.2749780049684163
2024-02-13,-0.002526234511268192,0.0030631016321923453,0.0,0.0,7.616647239520437e-06,-0.002526234511268192,0.003055484984952825,0.0,0.0,0.4789607294913346,0.2780076242424959
2024-02-14,0.0009543901284020418,0.00017406173610445879,0.0,0.0,7.528742056557948e-06,0.0009543901284020418,0.00016653299404790085,0.0,0.0,0.4761824751795174,0.2747990850643652
2024-02-15,0.0010232374241479917,-0.0030850809024600425,0.0,0.0,7.515548889342189e-06,0.0010232374241479917,-0.0030925964513493845,0.0,0.0,0.4766026303992844,0.2743175344609899
2024-02-16,-0.0006797918172386578,-7.540900374785188e-05,0.0,0.0,7.615831543547435e-06,-0.0006797918172386578,-8.302483529139932e-05,0.0,0.0,0.4786162967777351,0.27797785133948133
2024-02-20,0.0005561401270129963,-0.0006232702396308679,4.631407743240718e-05,4.409829791465228e-06,3.2876712327542446e-05,0.0005098260495805891,-0.0006605567817498756,0.2282655259699123,0.021734474107914452,0.5000000000690683,0.2999999999888249
2024-02-21,-0.0008195728001545579,-0.002179498002509237,0.0,0.0,8.237495622608237e-06,-0.0008195728001545579,-0.0021877354981318453,0.0,0.0,0.5006316007638117,0.3006685902252007
2024-02-22,0.00027934419553065016,0.0006503868241952008,0.0,0.0,8.322235424301382e-06,0.00027934419553065016,0.0006420645887708994,0.0,0.0,0.5013196507093294,0.30376159298700045
2024-02-23,0.0011351128416371373,-0.00015490102174601546,0.0,0.0,8.29677188870055e-06,0.0011351128416371373,-0.000163197793634716,0.0,0.0,0.501137242647344,0.3028321739375701
2024-02-26,-0.0007341253590243678,0.0014360712951853867,0.0,0.0,2.4878867111607067e-05,-0.0007341253590243678,0.0014111924280737797,0.0,0.0,0.501784663423743,0.3026928831912193
2024-02-27,-0.0003307911856151165,-0.0017968086566825035,0.0,0.0,8.248026817480094e-06,-0.0003307911856151165,-0.0018050566834999836,0.0,0.0,0.5007115227815496,0.3010529788380234
2024-02-28,0.0009555615370163863,-0.0008129227362089733,0.0,0.0,8.315014056964982e-06,0.0009555615370163863,-0.0008212377502659383,0.0,0.0,0.5014517562610085,0.3034980130792219
2024-02-29,0.0009515634924220243,-0.00011074854051822422,0.0,0.0,8.336166167344954e-06,0.0009515634924220243,-0.00011908470668556917,0.0,0.0,0.5023398416082643,0.30427006510809074
2024-03-01,0.001683079646585056,0.00034212692941653505,0.0,0.0,8.33226394096648e-06,0.001683079646585056,0.0003337946654755686,0.0,0.0,0.5028727741842537,0.3041276338452765
2024-03-04,-0.000610877550764475,-0.0015303211449291415,0.0,0.0,2.491841449121895e-05,-0.000610877550764475,-0.0015552395594203604,0.0,0.0,0.5035402763823154,0.3031740429764972
2024-03-05,0.001472196401962961,0.001666762417988286,8.198574790257693e-07,3.9960397908626096e-05,8.219178083486893e-06,0.0014713765444839353,0.001618582841996173,0.004021167741782949,0.19599438576802622,0.499999999965033,0.3000000000472716
2024-03-06,0.0006411648188055838,-0.0033941739992995063,0.0,0.0,8.148335334455505e-06,0.0006411648188055838,-0.0034023223346339618,0.0,0.0,0.4999274408784945,0.29741423970762587
2024-03-07,0.0004903825403504697,-0.0011839587046887348,0.0,0.0,8.264145009033053e-06,0.0004903825403504697,-0.0011922228496977678,0.0,0.0,0.5019545813622329,0.3016412928297064
2024-03-08,0.0002069925133388268,-0.0013086931559030796,0.0,0.0,8.302409199259781e-06,0.0002069925133388268,-0.0013169955651023393,0.0,0.0,0.5027978476995519,0.303037935772982
2024-03-11,-0.0004612327372619413,-0.0037575260279615543,0.0,0.0,2.5042588768769865e-05,-0.0004612327372619413,-0.003782568616730324,0.0,0.0,0.5035637975649455,0.3046848300200334
2024-03-12,-0.0008627733057804286,-0.0010567277489760879,0.0,0.0,8.486490487987809e-06,-0.0008627733057804286,-0.0010652142394640756,0.0,0.0,0.505246731591311,0.309756902811555
2024-03-13,-0.0004563849470598364,-0.002023357092640471,0.0,0.0,8.531891313354764e-06,-0.0004563849470598364,-0.002031888983953826,0.0,0.0,0.505358282760579,0.3114140329374489
2024-03-14,-0.002325622665187021,0.0026125913683588825,0.0,0.0,8.60874667417708e-06,-0.002325622665187021,0.0026039826216847054,0.0,0.0,0.5061613659452872,0.3142192536074634
2024-03-15,-0.0004623674837075157,-8.025523725440657e-06,0.0,0.0,8.534793083837084e-06,-0.0004623674837075157,-1.6560316809277743e-05,0.0,0.0,0.5036955346129971,0.31151994756005347
2024-03-18,-1.3345930981543237e-05,-0.0008698061386248511,0.0,0.0,2.56173077244419e-05,-1.3345930981543237e-05,-0.0008954234463492929,0.0,0.0,0.5034742949659945,0.31167724398070984
2024-03-19,0.0014431077795683976,-0.00048208609257308413,3.679105953256162e-05,1.4766493432339182e-05,1.0532420026942086e-05,0.001406316720035836,-0.0005073850060323654,0.17839801065500255,0.07160198934602559,0.4999999999986438,0.38443333098338606
2024-03-20,0.0008809485706116417,-0.0009291515690070083,0.0,0.0,1.053615657980148e-05,0.0008809485706116417,-0.0009396877255868097,0.0,0.0,0.5009927495071943,0.384569715162754
2024-03-21,0.00022527637757135266,0.00020427332444155458,0.0,0.0,1.056223320382458e-05,0.00022527637757135266,0.00019371109123773,0.0,0.0,0.501903179446446,0.38552151193959733
2024-03-22,0.0007814330279045441,0.0014148389555789617,0.0,0.0,1.0552215428355173e-05,0.0007814330279045441,0.0014042867401506066,0.0,0.0,0.5019181584052779,0.38515586313496375
2024-03-25,-0.0009616265951560518,-0.0011762945720142739,0.0,0.0,3.1471570118789876e-05,-0.0009616265951560518,-0.0012077661421330637,0.0,0.0,0.5016032273434574,0.3829041031119435
2024-03-26,0.0004557353842898634,0.0018302831540314782,0.0,0.0,1.0545628230772283e-05,0.0004557353842898634,0.0018197375258007058,0.0,0.0,0.5017300502754487,0.38491543042318843
2024-03-27,0.002433490849197287,-0.0029602951861189847,0.0,0.0,1.0471655518370364e-05,0.002433490849197287,-0.002970766841637355,0.0,0.0,0.5010456698113646,0.38221542642051826
2024-03-28,-0.00014842730576280553,-0.0038927727552762526,0.0,0.0,1.0558432288258537e-05,-0.00014842730576280553,-0.003903331187564511,0.0,0.0,0.5037498133414664,0.3853827785214365
2024-04-01,-0.003163543143676634,-0.000984813906342766,0.0,0.0,4.283388695174805e-05,-0.003163543143676634,-0.001027647793294514,0.0,0.0,0.5056501583594889,0.39085921843470084
2024-04-02,-0.0017278522416759481,-0.00139445535692899,0.0,0.0,1.0780636647462135e-05,-0.0017278522416759481,-0.0014052359935764521,0.0,0.0,0.5046014964344505,0.393493237632368
2024-04-03,0.00028627524974932626,0.0003139447949787048,4.3546280556744265e-05,7.1482003635126304e-06,1.1473723814941772e-05,0.00024272896919258198,0.0002953228708002504,0.2147486263174974,0.03525137368979791,0.5000000000059804,0.41879091924537465
2024-04-04,-0.0007783988145489091,0.0002632009679034842,0.0,0.0,1.1458957074743614e-05,-0.0007783988145489091,0.0002517420108287406,0.0,0.0,0.5000172400596876,0.4182519332281419
2024-04-05,-5.4644135497446705e-05,-0.0001371962557322387,0.0,0.0,1.1457780407328653e-05,-5.4644135497446705e-05,-0.00014865403613956738,0.0,0.0,0.4995019073231015,0.41820898486749575
2024-04-08,-0.00036812081887967803,-0.0008145291990935874,0.0,0.0,3.4391609377872866e-05,-0.00036812081887967803,-0.0008489208084714602,0.0,0.0,0.4995488205494652,0.41843124743078647
2024-04-09,0.0017452779856266568,-0.0011518403958305089,0.0,0.0,1.1500181861139722e-05,0.0017452779856266568,-0.0011633405776916485,0.0,0.0,0.49978896370430437,0.41975663793159984
2024-04-10,-0.005414916933905791,0.002632958263855564,0.0,0.0,1.1525032284844158e-05,-0.005414916933905791,0.00262143323157072,0.0,0.0,0.5012425498996957,0.4206636783968118
2024-04-11,-0.0007845901266321611,-0.00021525422641861612,0.0,0.0,1.1484979545179912e-05,-0.0007845901266321611,-0.00022673920596379604,0.0,0.0,0.4972165994328361,0.4192017533990667
2024-04-12,-0.0010658717051767273,0.005074015325860984,0.0,0.0,1.1502509746751534e-05,-0.0010658717051767273,0.0050625128161142325,0.0,0.0,0.49693457381708617,0.419841605756431
2024-04-15,-0.002517476993745082,0.002129326903633938,0.0,0.0,3.3954781807818334e-05,-0.002517476993745082,0.00209537212182612,0.0,0.0,0.4938947819220024,0.4131165119951231
2024-04-16,-0.0011285777383587359,0.003451534579731502,0.0,0.0,1.1264677754579687e-05,-0.0011285777383587359,0.003440269901976922,0.0,0.0,0.49158480526952286,0.4111607380421586
2024-04-17,0.00143713464070657,-0.0013274331695996714,2.889231821951227e-05,2.153722185441062e-05,8.219178082059543e-06,0.0014082423224870575,-0.0013571895695361415,0.14323112098375843,0.10676887903719094,0.5000000000171897,0.2999999999951733
2024-04-18,-0.0005602340134296811,-0.0015310625588581684,0.0,0.0,8.255124667263153e-06,-0.0005602340134296811,-0.0015393176835254317,0.0,0.0,0.5014115362186109,0.30131205035510505
2024-04-19,0.0009210113965247643,-0.0012303822805219088,0.0,0.0,8.314528368830083e-06,0.0009210113965247643,-0.001238696808890739,0.0,0.0,0.501905077863119,0.30348028546229805
2024-04-22,0.002055282770623988,-0.002901970964937716,0.0,0.0,2.5052671285426256e-05,0.002055282770623988,-0.0029270236362231423,0.0,0.0,0.5029858805365165,0.30480750063935286
2024-04-23,0.002399317155183394,-0.002095164599819455,0.0,0.0,8.437752015555079e-06,0.002399317155183394,-0.00210360235183501,0.0,0.0,0.5054818124598787,0.30797794856776034
2024-04-24,-0.00161300229421464,-0.0017099930861803393,0.0,0.0,8.492642385340255e-06,-0.00161300229421464,-0.0017184857285656794,0.0,0.0,0.5077309860463696,0.3099814470649193
2024-04-25,-0.0016412377312929264,-0.0009699221204615044,0.0,0.0,8.568035819701121e-06,-0.0016412377312929264,-0.0009784901562812055,0.0,0.0,0.5078097458382661,0.3127333074190909
2024-04-26,0.0015790860742749377,0.0006664538194315126,0.0,0.0,8.61718370494508e-06,0.0015790860742749377,0.0006578366357265675,0.0,0.0,0.5074980148092577,0.31452720523049554
2024-04-29,0.0016476166885864073,-0.002989946652458798,0.0,0.0,2.573919749317091e-05,0.0016476166885864073,-0.003015685849951969,0.0,0.0,0.5079408764017713,0.31316023616691274
2024-04-30,-0.003088124705348421,0.004092394282430537,0.0,0.0,8.673514812501978e-06,-0.003088124705348421,0.004083720767618035,0.0,0.0,0.5102866004518941,0.3165832906563222
2024-05-01,0.0007077464519782387,-0.0011610629877796075,3.1731523203539045e-05,1.889504917630297e-05,5.996550801685274e-06,0.0006760149287746997,-0.0011859545877575958,0.15669401327886273,0.09330598684295646,0.3500000000967923,0.21887410426151255
2024-05-02,0.0020828413892846225,-0.007077239113727456,0.0,0.0,6.031436415184685e-06,0.0020828413892846225,-0.007083270550142641,0.0,0.0,0.3508866775814781,0.22014742915424101
2024-05-03,0.0020684615394242728,-0.001105243619841376,0.0,0.0,6.256619158091117e-06,0.0020684615394242728,-0.0011115002389994672,0.0,0.0,0.3547433881535071,0.22836659927032574
2024-05-06,0.0009745045065942606,-0.00034597479354139387,0.0,0.0,1.884266771183319e-05,0.0009745045065942606,-0.00036481746125322705,0.0,0.0,0.35647072100819216,0.22925245716063708
2024-05-07,0.0007678875767518524,0.0010136530440102035,0.0,0.0,6.286535179685482e-06,0.0007678875767518524,0.001007366508830518,0.0,0.0,0.357227428579341,0.22945853405852007
2024-05-08,-0.0007606147707964102,0.0011149566627905777,0.0,0.0,6.247672657001505e-06,-0.0007606147707964102,0.0011087089901335762,0.0,0.0,0.3573609097410476,0.22804005198055494
2024-05-09,0.0014969678773757824,-0.0022067172023937614,0.0,0.0,6.214962506594888e-06,0.0014969678773757824,-0.0022129321649003563,0.0,0.0,0.3564762076630325,0.22684613149071342
2024-05-10,-0.0002145774231122719,-0.0016581721754822575,0.0,0.0,6.279916708231645e-06,-0.0002145774231122719,-0.001664452092190489,0.0,0.0,0.35822965518024946,0.22921695985045504
2024-05-13,0.00010531931712763185,-0.001621967786751914,0.0,0.0,1.901176191047487e-05,0.00010531931712763185,-0.0016409795486623888,0.0,0.0,0.3586890650972712,0.23130976991077756
2024-05-14,0.0012092588833577899,0.0010595616462339855,0.0,0.0,6.391506626313551e-06,0.0012092588833577899,0.001053170139607672,0.0,0.0,0.35934621811090417,0.23328999186044463
2024-05-15,0.0021911025330774185,-0.0018307916074612029,5.1328708632771366e-05,9.753361684303418e-16,6.348115379509182e-06,0.0021397738244446473,-0.0018371397228416873,0.2500000000366231,4.750441782741964e-12,0.4317062113979283,0.23170621135208513
2024-05-16,-0.0005560296309036069,-0.001482727166323804,0.0,0.0,6.3963383035901446e-06,-0.0005560296309036069,-0.001489123504627394,0.0,0.0,0.4337660415347198,0.23346634808104028
2024-05-17,0.00021488166538020248,-1.0004153716816952e-05,0.0,0.0,6.450152515322573e-06,0.00021488166538020248,-1.6454306232139526e-05,0.0,0.0,0.4340978083977883,0.23543056680927393
2024-05-20,-0.00013205966617363561,0.0006781064386961583,0.0,0.0,1.9347440743604295e-05,-0.00013205966617363561,0.000658758997952554,0.0,0.0,0.43422652764001685,0.23539386238051896
2024-05-21,0.0003278989750006339,0.0010322816047564501,0.0,0.0,6.427183462705323e-06,0.0003278989750006339,0.0010258544212937448,0.0,0.0,0.43386595106733444,0.2345921963887443
2024-05-22,-0.0009776439810585318,0.0015522901122377959,0.0,0.0,6.390250950975719e-06,-0.0009776439810585318,0.0015458998612868202,0.0,0.0,0.43360685329203447,0.2332441597106137
2024-05-23,-0.0018545683125284064,0.002179790230042309,0.0,0.0,6.344117372748104e-06,-0.0018545683125284064,0.002173446112669561,0.0,0.0,0.43238350484183574,0.23156028410530577
2024-05-24,0.0008699598863359414,-0.0004416809237807172,0.0,0.0,6.28239377656588e-06,0.0008699598863359414,-0.00044796331755728305,0.0,0.0,0.43039169417267065,0.22930737284465463
2024-05-28,-0.0017124527121491703,0.00047904554620616796,0.0,0.0,2.5167357956468145e-05,-0.0017124527121491703,0.0004538781882496998,0.0,0.0,0.43107973988790393,0.22965214135277182
2024-05-29,-0.001986887804684583,0.0023627634163491374,0.0,0.0,6.2866271423671766e-06,-0.001986887804684583,0.0023564767892067704,0.0,0.0,0.4299083588838574,0.22946189069640197
2024-05-30,0.0010644482054420186,-0.00026012164283474695,2.286490387247841e-05,2.835793135522267e-05,7.907136762837199e-06,0.0010415833015695402,-0.0002963867109528068,0.11159526689087686,0.1384047331101338,0.48861049184201516,0.28861049184355775
2024-05-31,0.002367823090051227,0.003433934536317542,0.0,0.0,7.908370092758376e-06,0.002367823090051227,0.0034260261662247835,0.0,0.0,0.4893103076744246,0.28865550838568077
2024-06-03,-0.00047506130338794913,-0.00044514426420885544,0.0,0.0,2.330782704710702e-05,-0.00047506130338794913,-0.0004684520912559625,0.0,0.0,0.4888458317060124,0.2835785624064687
2024-06-04,-0.000418436883077523,-4.581750851326608e-05,0.0,0.0,7.788820271890006e-06,-0.000418436883077523,-5.3606328785156085e-05,0.0,0.0,0.48883198993285654,0.28429193992398516
2024-06-05,0.0015357998868136215,0.0006175142134357118,0.0,0.0,7.79375453501903e-06,0.0015357998868136215,0.0006097204589006927,0.0,0.0,0.48864421423412413,0.28447204052819447
2024-06-06,0.001065130628460124,-0.0033290270669150863,0.0,0.0,7.760186698941533e-06,0.001065130628460124,-0.0033367872536140277,0.0,0.0,0.4891305745215908,0.2832468145113659
2024-06-07,-0.0026629446177707317,0.006088545420063639,0.0,0.0,7.869269197460434e-06,-0.0026629446177707317,0.006080676150866179,0.0,0.0,0.4913117968483778,0.28722832570730583
2024-06-10,0.001159057103729382,-0.00015141070318855555,0.0,0.0,2.3028673378520025e-05,0.001159057103729382,-0.00017443937656707556,0.0,0.0,0.4869844700511852,0.2801821927719936
2024-06-11,-0.0016438503492709998,0.00018557900466298891,0.0,0.0,7.672817905423226e-06,-0.0016438503492709998,0.00017790618675756568,0.0,0.0,0.48766336516068975,0.28005785354794777
2024-06-12,0.0022210414894034114,0.002022379607461369,0.0,0.0,7.67899052045855e-06,0.0022210414894034114,0.00201470061694091,0.0,0.0,0.48673303826756964,0.2802831539967371
2024-06-13,-0.0007714346908223105,-0.0006014084314967818,3.9104099212851026e-05,1.1631374313187636e-05,8.062118481031379e-06,-0.0008105387900351615,-0.0006211019242910008,0.19268618432514367,0.057313815686337886,0.49426732453756833,0.29426732455764537
2024-06-14,-0.000635770921655514,0.0013261110441549293,0.0,0.0,8.090177652072898e-06,-0.000635770921655514,0.0013180208665028565,0.0,0.0,0.49420341157191117,0.29529148430066077
2024-06-17,0.000986846940301607,0.0010888316617489243,0.0,0.0,2.41450645589683e-05,0.000986846940301607,0.001064686597189956,0.0,0.0,0.49323113373646704,0.2937649521341143
2024-06-18,0.0013342776663365994,-0.0005508821380102673,0.0,0.0,8.002107257149308e-06,0.0013342776663365994,-0.0005588842452674167,0.0,0.0,0.49320615171562693,0.29207691488594967
2024-06-20,0.000987289319248174,0.0003671677546109261,0.0,0.0,1.602197650175733e-05,0.000987289319248174,0.00035114577810916876,0.0,0.0,0.494157263091189,0.29240107115707126
2024-06-21,-0.0008409902007413297,0.0005470827841303786,0.0,0.0,7.990234450117228e-06,-0.0008409902007413297,0.0005390925496802614,0.0,0.0,0.4944827193837772,0.2916435574292788
2024-06-24,0.002475661618252544,-0.0024569748040840305,0.0,0.0,2.3932962947363728e-05,0.002475661618252544,-0.002480907767031394,0.0,0.0,0.493790803466718,0.2911843825262587
2024-06-25,-0.001336358216675568,0.002578444703446553,0.0,0.0,8.045010899306099e-06,-0.001336358216675568,0.0025703996925472467,0.0,0.0,0.4962690685863386,0.2936428978246726
2024-06-26,-0.0010793182906532748,0.0020091301838687063,0.0,0.0,7.964540005960135e-06,-0.0010793182906532748,0.002001165643862746,0.0,0.0,0.49432269566075326,0.2907057102175449
2024-06-27,-0.0005973162226987549,-6.467327820937097e-05,0.0,0.0,7.902210711359617e-06,-0.0005973162226987549,-7.257548892073059e-05,0.0,0.0,0.4927891010416141,0.2884306909646261
2024-06-28,-0.0009625304134232626,0.002376905520329388,1.1441304066380218e-05,1.1132136844538511e-05,6.56041226597382e-06,-0.0009739717174896428,0.0023592129712188756,0.05657077733809599,0.055042120292922436,0.43945504770786553,0.23945504770804435
2024-07-01,-0.00047665768465874584,0.0010125465942640436,0.0,0.0,1.9458919402450872e-05,-0.00047665768465874584,0.0009930876748615927,0.0,0.0,0.4378859396264438,0.23675018606315226
2024-07-02,0.0009172527015656051,-4.353743928133098e-05,0.0,0.0,6.455231789611181e-06,0.0009172527015656051,-4.999267107094216e-05,0.0,0.0,0.4371835072674101,0.23561596032080812
2024-07-03,0.001471892386440778,-0.0030944025277203245,0.0,0.0,6.450830049101735e-06,0.001471892386440778,-0.0031008533577694263,0.0,0.0,0.4377211419180877,0.23545529679221328
2024-07-05,0.0025057790948736867,-0.0019739740423747516,0.0,0.0,1.3092543643703264e-05,0.0025057790948736867,-0.0019870665860184547,0.0,0.0,0.439909629922584,0.23893892149758458
2024-07-08,-0.001038563598505772,0.0012414515759290555,0.0,0.0,1.9790794174895218e-05,-0.001038563598505772,0.0012216607817541604,0.0,0.0,0.4421860415864456,0.24078799579455848
2024-07-09,-0.00139098889673783,-0.0012533492577565457,0.0,0.0,6.561717587680902e-06,-0.00139098889673783,-0.0012599109753442265,0.0,0.0,0.44106671991389906,0.23950269195035293
2024-07-10,0.0023390510166953777,0.00035616231003849855,0.0,0.0,6.61358788278232e-06,0.0023390510166953777,0.00034954872215571623,0.0,0.0,0.4408443652887132,0.24139595772155467
2024-07-11,0.000615043515858242,-0.0026328387918880805,0.0,0.0,6.586122563869156e-06,0.000615043515858242,-0.0026394249144519495,0.0,0.0,0.4419950684797205,0.24039347358122418
2024-07-12,0.0013594320991684112,-0.0017993838015931559,0.0,0.0,6.67176132302812e-06,0.0013594320991684112,-0.001806055562916184,0.0,0.0,0.44350794122191695,0.24351928829052635
2024-07-15,-0.0015389515138011355,0.0010055295707092138,4.72064414564882e-05,1.4292365188129063e-06,1.9591327717681235e-05,-0.0015861579552576238,0.0009845090064727197,0.23342124280364943,0.007067132242729495,0.4383611538856485,0.23836115389845505
2024-07-16,0.0013814804309337067,-0.00021928448674456036,0.0,0.0,6.506808631771768e-06,0.0013814804309337067,-0.00022579129537633212,0.0,0.0,0.4370851742074387,0.23749851505966946
2024-07-17,0.0007401215591965546,-0.0010717726772436437,0.0,0.0,6.505298323333317e-06,0.0007401215591965546,-0.001078277975566977,0.0,0.0,0.4379605084369687,0.23744338880166602
2024-07-18,-0.0014919458392877944,0.00456442901530816,0.0,0.0,6.536872443686121e-06,-0.0014919458392877944,0.004557892142864474,0.0,0.0,0.4388490296113463,0.2385958441945434
2024-07-19,-0.001036101866179279,0.0002494529317336853,0.0,0.0,6.392221386420312e-06,-0.001036101866179279,0.000243060710347265,0.0,0.0,0.4360202690399111,0.23331608060434136
2024-07-22,0.0008252222610427389,-0.002020297879927944,0.0,0.0,1.9171364859917876e-05,0.0008252222610427389,-0.002039469244787862,0.0,0.0,0.4353294013053106,0.23325160579566753
2024-07-23,-0.001160924284768234,0.00040448558342225793,0.0,0.0,6.453641895358912e-06,-0.001160924284768234,0.000398031941526899,0.0,0.0,0.4366848668487716,0.23555792918060028
2024-07-24,-0.0012859420504415847,-0.00011279233421688537,0.0,0.0,6.44747883078604e-06,-0.0012859420504415847,-0.00011923981304767141,0.0,0.0,0.4358564541156005,0.23533297732369046
2024-07-25,0.0005325440311478974,2.5427157743211613e-05,0.0,0.0,6.459646009140094e-06,0.0005325440311478974,1.896751173407152e-05,0.0,0.0,0.4351820219497192,0.23577707933361342
2024-07-26,0.0024285877134029798,-0.00023649029924795712,0.0,0.0,6.4553891530496725e-06,0.0024285877134029798,-0.0002429456884010068,0.0,0.0,0.43547439682438893,0.23562170408631303
2024-07-29,2.9158461481573137e-05,-2.7705425168018437e-05,3.933837858150074e-05,1.1726757003635006e-05,1.4624633204466705e-05,-1.0179917099927601e-05,-5.405681537612015e-05,0.1925892202718186,0.0574107797292187,0.31793303731958844,0.1779330373210116
2024-07-30,-0.0002620300203645769,0.0006327093095917885,0.0,0.0,4.875950002662452e-06,-0.0002620300203645769,0.000627833359589126,0.0,0.0,0.31798262194568794,0.17797217509717952
2024-07-31,0.001145892972748211,-0.001702874223722736,0.0,0.0,4.856838853159238e-06,0.001145892972748211,-0.001707731062575895,0.0,0.0,0.3176044111711645,0.17727461814031223
2024-08-01,-0.0003210075633417336,0.0009724861305754063,0.0,0.0,4.9062494593048434e-06,-0.0003210075633417336,0.0009675798811161015,0.0,0.0,0.31892949087985834,0.17907810526462678
2024-08-02,3.127318611637238e-05,-0.0015142672199860339,0.0,0.0,4.876453024138305e-06,3.127318611637238e-05,-0.0015191436730101723,0.0,0.0,0.3184026130010431,0.17799053538104812
2024-08-05,-0.003109536993980713,-0.0008395504587272157,0.0,0.0,1.4775803874370627e-05,-0.003109536993980713,-0.0008543262626015864,0.0,0.0,0.31890838055460974,0.1797722804715093
2024-08-06,-6.446048068247019e-05,-0.0007860538809176246,0.0,0.0,4.967961661243539e-06,-6.446048068247019e-05,-0.0007910218425788682,0.0,0.0,0.31705560863800253,0.18133060063538914
2024-08-07,0.00028654467569357294,0.00021961348675593028,0.0,0.0,4.993769465512594e-06,0.00028654467569357294,0.0002146197172904177,0.0,0.0,0.31726256066980574,0.18227258549120967
2024-08-08,0.0014832585724448952,-0.0007765128276767857,0.0,0.0,4.985254225748349e-06,0.0014832585724448952,-0.000781498081902534,0.0,0.0,0.31739004075838345,0.18196177923981474
2024-08-09,0.0007406764641213272,-0.0020848260284573755,0.0,0.0,5.003017629688286e-06,0.0007406764641213272,-0.002089829046087064,0.0,0.0,0.3186496835725733,0.18261014348362245
2024-08-12,0.00021816965298189958,-0.0006894306835186319,3.66850511760952e-05,1.4499149633321807e-05,9.86301370002502e-06,0.0001814846018058044,-0.0007137928468519787,0.17918151792335443,0.07081848209576305,0.19999999999172033,0.12000000001697109
2024-08-13,0.0005709007290240096,-0.00047276379509424534,0.0,0.0,3.3083207916535514e-06,0.0005709007290240096,-0.0004760721158858989,0.0,0.0,0.2003248041896596,0.12075370889535463
2024-08-14,0.0002826464152191533,-0.0001832406300615977,0.0,0.0,3.320958302525741e-06,0.0002826464152191533,-0.00018656158836412342,0.0,0.0,0.20087665606397723,0.12121497804218954
2024-08-15,0.0004472333023195415,0.000584443106319234,0.0,0.0,3.3256590483864625e-06,0.0004472333023195415,0.0005811174472708476,0.0,0.0,0.20113997597943079,0.12138655526610587
2024-08-16,5.346830790871519e-05,-4.087504821935011e-05,0.0,0.0,3.3062469269816137e-06,5.346830790871519e-05,-4.418129514633172e-05,0.0,0.0,0.20138011988451454,0.12067801283482889
2024-08-19,0.00025519818850802645,-0.0020592022252023754,0.0,0.0,9.922008228132127e-06,0.00025519818850802645,-0.0020691242334305074,0.0,0.0,0.2014317174934921,0.12071776677560755
2024-08-20,6.998955070903802e-05,0.00030047554005884484,0.0,0.0,3.3698652617307885e-06,6.998955070903802e-05,0.00029710567479711406,0.0,0.0,0.20205342565325837,0.12300008205317378
2024-08-21,0.0005655998513017022,-5.864052347651955e-05,0.0,0.0,3.360399468553135e-06,0.0005655998513017022,-6.200092294507269e-05,0.0,0.0,0.20204924389121784,0.12265458060218942
2024-08-22,-0.00026604445989219096,0.0020384079627196712,0.0,0.0,3.3603138078048707e-06,-0.00026604445989219096,0.0020350476489118664,0.0,0.0,0.20251285848400857,0.12265145398487777
2024-08-23,0.000819115669041048,-0.001428733608938784,0.0,0.0,3.2986317242660733e-06,0.000819115669041048,-0.00143203224066305,0.0,0.0,0.20188967055307788,0.12040005793571167
2024-08-26,-7.75260960887774e-05,0.00015819857077456026,3.7954994678332656e-05,5.66404336851548e-07,9.863013699834858e-06,-0.00011548109076711006,0.00014776915273787385,0.18749355174029297,0.002797975911666423,0.19999999998874374,0.12000000001465742
2024-08-27,-5.964186854161768e-07,-0.0005906600515870904,0.0,0.0,3.2832310166932728e-06,-5.964186854161768e-07,-0.0005939432826037837,0.0,0.0,0.19991601899184483,0.11983793210930446
2024-08-28,-4.1739461522464e-05,0.0006150418600420838,0.0,0.0,3.301376283129257e-06,-4.1739461522464e-05,0.0006117404837589545,0.0,0.0,0.20003435093641272,0.12050023433421789
2024-08-29,-0.0001805887090066002,0.0004613323646045693,0.0,0.0,3.2826547046729837e-06,-0.0001805887090066002,0.00045804970989989633,0.0,0.0,0.19987868042272602,0.11981689672056388
2024-08-30,-0.00034790347961036433,-0.0002488884319828637,0.0,0.0,3.2691084117151617e-06,-0.00034790347961036433,-0.0002521575403945789,0.0,0.0,0.19964269865073073,0.11932245702760337
2024-09-03,0.0005948586654597048,-9.113944496926002e-05,0.0,0.0,1.311157683763257e-05,0.0005948586654597048,-0.00010425102180689258,0.0,0.0,0.19941445601299929,0.11964313864339722
2024-09-04,0.0006546546978518773,-0.0012491613757109063,0.0,0.0,3.278782584705259e-06,0.0006546546978518773,-0.0012524401582956115,0.0,0.0,0.19991123669768301,0.11967556434174195
2024-09-05,0.00020765243970789277,-0.00028153192569678297,0.0,0.0,3.3149878355694565e-06,0.00020765243970789277,-0.0002848469135323524,0.0,0.0,0.2006858584838532,0.12099705599828517
2024-09-06,0.00022927383834965865,0.0008441230620790092,0.0,0.0,3.322957552973046e-06,0.00022927383834965865,0.0008408001045260361,0.0,0.0,0.20090901998964578,0.12128795068351617
2024-09-09,0.0002051263086701075,-0.00010047938015384465,0.0,0.0,9.888910815427006e-06,0.0002051263086701075,-0.00011036829096927166,0.0,0.0,0.20092329104972628,0.12031508158769523
2024-09-10,0.0007873454714031093,0.0006444464769147755,3.0508118037320095e-05,2.2084413395457506e-06,3.5968112885412688e-06,0.0007568373533657892,0.0006386412242866885,0.15029235964420992,0.010879460334135595,0.27128361202871876,0.13128361203175629
2024-09-11,-0.00011613940756611423,-0.0003712927323717868,0.0,0.0,3.574167546436596e-06,-0.00011613940756611423,-0.0003748668999182234,0.0,0.0,0.2716918173892318,0.13045711544493577
2024-09-12,-0.0001965844363848403,-0.0003872227759599426,0.0,0.0,3.5861007481498368e-06,-0.0001965844363848403,-0.00039080887670809244,0.0,0.0,0.2717090888580958,0.13089267730746904
2024-09-13,0.0006024303420414436,-0.0013837963661521662,0.0,0.0,3.5988235161952368e-06,0.0006024303420414436,-0.0013873951896683613,0.0,0.0,0.2716720827864938,0.13135705834112613
2024-09-16,0.0006259599364099305,-0.00032114831216611224,0.0,0.0,1.0918778093196853e-05,0.0006259599364099305,-0.0003320670902593091,0.0,0.0,0.27248840694937637,0.13284513346722834
2024-09-17,-0.00030833915503280563,2.2663271197529355e-05,0.0,0.0,3.6473193605595505e-06,-0.00030833915503280563,1.9015951836969804e-05,0.0,0.0,0.27303412410995537,0.1331271566604236
2024-09-18,-0.0008273188796549762,0.0004173475277447544,0.0,0.0,3.647753828842122e-06,-0.0008273188796549762,0.00041369977391591227,0.0,0.0,0.2728047136885338,0.13314301475273746
2024-09-19,0.00018680200979087746,0.0004944366871946988,0.0,0.0,3.637824323643383e-06,0.00018680200979087746,0.0004907988628710554,0.0,0.0,0.2720899364050553,0.13278058781298344
2024-09-20,-0.00011775158395468963,0.002101615256524943,0.0,0.0,3.621823961958058e-06,-0.00011775158395468963,0.002097993432562985,0.0,0.0,0.2720923683885815,0.13219657461146905
2024-09-23,-6.221975562624389e-05,-0.0011116060890467789,0.0,0.0,1.067160402844896e-05,-6.221975562624389e-05,-0.0011222776930752277,0.0,0.0,0.2714371056886769,0.1298378490127957
2024-09-24,0.0006911364707826382,-0.0024222783229840505,2.4012760631620213e-05,2.8374637148240282e-05,5.103807319420168e-06,0.000667123710151018,-0.002455756767451711,0.11459225714989402,0.13540774284587936,0.3862889671405712,0.1862889671588361
2024-09-25,-0.0012046453872024052,0.0007929092950692763,0.0,0.0,5.179435218140277e-06,-0.0012046453872024052,0.000787729859851136,0.0,0.0,0.38767350926546584,0.18904938546212013
2024-09-26,-0.00010287709317715452,0.0007292864432767781,0.0,0.0,5.159862902772782e-06,-0.00010287709317715452,0.0007241265803740053,0.0,0.0,0.3866300559519305,0.18833499595120654
2024-09-27,0.0008892969441974677,-0.0007132456559148736,0.0,0.0,5.136691285445077e-06,0.0008892969441974677,-0.0007183823472003187,0.0,0.0,0.3862871981350012,0.18748923191874528
2024-09-30,-0.0007117153231424084,-0.00010997063059870462,0.0,0.0,1.5466053412672205e-05,-0.0007117153231424084,-0.00012543668401137682,0.0,0.0,0.38711033227276487,0.18817031652084518
2024-10-01,0.0006286068326542958,-0.002195593885373439,0.0,0.0,5.16268598448062e-06,0.0006286068326542958,-0.0022007565713579196,0.0,0.0,0.38672236235147617,0.18843803843354262
2024-10-02,-0.0005776661263700908,-0.001459145900763022,0.0,0.0,5.231063256345746e-06,-0.0005776661263700908,-0.0014643769640193677,0.0,0.0,0.3879609018145454,0.19093380885661967
2024-10-03,-0.0014242167614494467,-0.0004333708731022606,0.0,0.0,5.281825571780146e-06,-0.0014242167614494467,-0.00043865269867404076,0.0,0.0,0.38817590761818277,0.19278663336997529
2024-10-04,-0.0024750493249150684,-3.371680490722317e-05,0.0,0.0,5.303578621028163e-06,-0.0024750493249150684,-3.902038352825133e-05,0.0,0.0,0.3874735034128481,0.19358061966752801
2024-10-07,-0.0008157687872353907,-0.0014220479070606103,0.0,0.0,1.5953615609066346e-05,-0.0008157687872353907,-0.0014380015226696766,0.0,0.0,0.38596880657294214,0.19410232324364046
2024-10-08,0.0006232382350435264,0.0034398702199997223,2.3589931352599806e-05,2.2283146228767237e-05,8.219178082331923e-06,0.0005996483036909266,0.0034093678956886235,0.11520804769613985,0.10882599593749763,0.4999999999958862,0.3000000000051152
2024-10-09,-0.0012055893898873559,0.001135760839607458,0.0,0.0,8.092492130561132e-06,-0.0012055893898873559,0.001127668347476897,0.0,0.0,0.4986242455531039,0.29537596276548134
2024-10-10,0.00010737079880681629,-0.0018351157749041092,0.0,0.0,8.062003594953455e-06,0.00010737079880681629,-0.0018431777784990626,0.0,0.0,0.49745741856382586,0.2942631312158011
2024-10-11,0.0001665351745959588,0.00024561406203112954,0.0,0.0,8.126386578013168e-06,0.0001665351745959588,0.00023748767545311638,0.0,0.0,0.4984299675792445,0.29661311009748065
2024-10-14,-0.00047108983602923884,0.0015286342958903618,0.0,0.0,2.4349134670100626e-05,-0.00047108983602923884,0.001504285161220261,0.0,0.0,0.49839513972903654,0.29624780515289084
2024-10-15,0.0014009286137899551,0.003502976637878832,0.0,0.0,8.066163908855791e-06,0.0014009286137899551,0.003494910473969976,0.0,0.0,0.4974101280739786,0.2944149826732363
2024-10-16,0.00042754409202188965,-0.0004958100228088034,0.0,0.0,7.931361277612097e-06,0.00042754409202188965,-0.0005037413840864155,0.0,0.0,0.4963808558910813,0.28949468663284156
2024-10-17,-0.0019042890200815963,-0.00021487109509681256,0.0,0.0,7.945550543288798e-06,-0.0019042890200815963,-0.00022281664564010136,0.0,0.0,0.4968462583225597,0.29001259483004105
2024-10-18,0.00046002900694786333,0.0013802040738127872,0.0,0.0,7.968387023791488e-06,0.00046002900694786333,0.0013722356867889958,0.0,0.0,0.4959970073469869,0.2908461263683893
2024-10-21,-0.0030102622007396767,-0.0012647789843369878,0.0,0.0,2.374820664008393e-05,-0.0030102622007396767,-0.0012885271909770719,0.0,0.0,0.49554905930854926,0.2889365141210211
2024-10-22,-0.00010290399037980223,-0.0025203792331305254,1.0791904163360272e-06,2.2346521954687488e-06,8.219178081906618e-06,-0.00010398318079613826,-0.002530833063407901,0.00533474116223576,0.011046513080538436,0.5000000000373483,0.2999999999895916
2024-10-23,-0.0009951692566514169,-0.00020202396403223266,0.0,0.0,8.3101252206686e-06,-0.0009951692566514169,-0.00021033408925290128,0.0,0.0,0.5012177126180576,0.3033195705544039
2024-10-24,0.0009106505648177206,-0.00025642297778893073,0.0,0.0,8.325696779116981e-06,0.0009106505648177206,-0.0002647486745680477,0.0,0.0,0.5008262911310816,0.3038879324377698
2024-10-25,-0.000930905435914783,-5.448418369688522e-05,0.0,0.0,8.32734341932439e-06,-0.000930905435914783,-6.281152711620961e-05,0.0,0.0,0.5014130780409967,0.3039480348053403
2024-10-28,-0.000556191044936731,0.0029040058640439704,0.0,0.0,2.5011362625367195e-05,-0.000556191044936731,0.002878994501418603,0.0,0.0,0.5009800049341242,0.30430491194196757
2024-10-29,0.00036435992689176004,0.00038801106173637714,0.0,0.0,8.238422833594211e-06,0.00036435992689176004,0.00037977263890278296,0.0,0.0,0.49926412146215776,0.3007024334261887
2024-10-30,-0.00015536624424865493,-0.0009342330245733364,0.0,0.0,8.221674377896685e-06,-0.00015536624424865493,-0.0009424546989512332,0.0,0.0,0.4992569680204455,0.3000911147932291
2024-10-31,-0.00028683792040589995,-0.00035221646306680374,0.0,0.0,8.256333779364498e-06,-0.00028683792040589995,-0.00036047279684616823,0.0,0.0,0.4996501281511538,0.30135618294680416
2024-11-01,-0.0018478823244132,0.0014190239943917317,0.0,0.0,8.271337670996363e-06,-0.0018478823244132,0.0014107526567207352,0.0,0.0,0.49968674281464054,0.30190382499136725
2024-11-04,0.0018621895385806102,-0.002360287794081145,0.0,0.0,2.4708181583065697e-05,0.0018621895385806102,-0.002384995975664211,0.0,0.0,0.498056575795697,0.30061620926063265
2024-11-05,0.0010544519619427488,-0.0008597767959998954,5.0354925965770734e-05,1.1231607163051558e-07,8.289824572821134e-06,0.0010040970359769781,-0.000868178936644347,0.24944361893403294,0.0005563810656978106,0.4999999999991297,0.30257859690797134
2024-11-06,-0.001897721052539736,-0.0015915745219175345,0.0,0.0,8.312250316214506e-06,-0.001897721052539736,-0.001599886772233749,0.0,0.0,0.5009863588473864,0.3033971365418295
2024-11-07,0.002920378644888165,-0.00041411124897135833,0.0,0.0,8.38518317993922e-06,0.002920378644888165,-0.00042249643215129756,0.0,0.0,0.5008403810305013,0.3060591860677815
2024-11-08,0.0005529154260169409,0.0013807351085398443,0.0,0.0,8.375607412832287e-06,0.0005529154260169409,0.0013723595011270121,0.0,0.0,0.5025055599753259,0.3057096705683785
2024-11-11,-0.0008557166816393909,0.0017451781885194292,0.0,0.0,2.4965272148565665e-05,-0.0008557166816393909,0.0017202129163708636,0.0,0.0,0.5020918106272179,0.3037441444742156
2024-11-12,-0.0023093413933074763,0.000511319652529341,0.0,0.0,8.266797666344055e-06,-0.0023093413933074763,0.0005030528548629969,0.0,0.0,0.5008031515067592,0.30173811482155793
2024-11-13,-0.0003609734340814877,0.00028375328692156515,0.0,0.0,8.267722801676214e-06,-0.0003609734340814877,0.00027548556411988894,0.0,0.0,0.49939586313718304,0.3017718822611818
2024-11-14,-0.00045728685990060634,0.0004380618387208071,0.0,0.0,8.260654924814839e-06,-0.00045728685990060634,0.00042980118379599226,0.0,0.0,0.4990775547802053,0.30151390475574164
2024-11-15,-0.00029911062760229565,0.0004678212004613426,0.0,0.0,8.248879956646025e-06,-0.00029911062760229565,0.00045957232050469656,0.0,0.0,0.4986339732121873,0.3010841184175799
2024-11-18,0.0011057246007245415,-0.002443384240862547,0.0,0.0,2.4704224730643792e-05,0.0011057246007245415,-0.002468088465593191,0.0,0.0,0.49825491175794745,0.3005680675561661
2024-11-19,0.0005776034484928095,5.436167704331308e-05,3.0377386231869018e-05,1.159958311536663e-05,6.743327246006184e-06,0.0005472260622609405,3.6018766681940265e-05,0.15004187534055707,0.05729338233756223,0.35000000000000003,0.24613144447922566
2024-11-20,-0.0002840408087093884,-0.0006368512340037784,0.0,0.0,6.737908034972007e-06,-0.0002840408087093884,-0.0006435891420387504,0.0,0.0,0.35037325006219405,0.2459336432764783
2024-11-21,-0.00032118268622661095,0.0001335345380853807,0.0,0.0,6.76162830291542e-06,-0.00032118268622661095,0.00012677290978246528,0.0,0.0,0.350414264019959,0.2467994330564128
2024-11-22,-3.7061149804884e-05,-0.0014835310843824376,0.0,0.0,6.759283893290547e-06,-3.7061149804884e-05,-0.001490290368275728,0.0,0.0,0.35016115608580645,0.24671386210510493
2024-11-25,0.0023646032912712405,0.0024300951363776875,0.0,0.0,2.0430991046792916e-05,0.0023646032912712405,0.0024096641453308946,0.0,0.0,0.35065967552374244,0.24857705773598046
2024-11-26,-0.0004684234658907331,0.0003571536247726607,0.0,0.0,6.71170890671185e-06,-0.0004684234658907331,0.0003504419158659489,0.0,0.0,0.351346854966395,0.24497737509498255
2024-11-27,0.001100291242571774,0.002461508967131711,0.0,0.0,6.7027146725626044e-06,0.001100291242571774,0.002454806252459148,0.0,0.0,0.35091983356640283,0.24464908554853504
2024-11-29,0.0011465644315298313,0.0007838174895036285,0.0,0.0,1.3223541163381382e-05,0.0011465644315298313,0.0007705939483402471,0.0,0.0,0.35077309226733083,0.24132962623171025
2024-12-02,5.413613303974595e-05,0.0005481440139576739,0.0,0.0,1.9733056994193537e-05,5.413613303974595e-05,0.0005284109569634803,0.0,0.0,0.3512462619842995,0.24008552676268802
2024-12-03,-0.00023511349270075943,-0.001184018022609413,0.0,0.0,6.558847183172827e-06,-0.00023511349270075943,-0.0011905768697925859,0.0,0.0,0.3510958682409833,0.2393979221858082
2024-12-04,0.0009703561802822116,0.0009103270450181147,5.04969427712102e-05,4.839885475525429e-16,6.600696582545256e-06,0.0009198592375110014,0.0009037263484350855,0.250000000001682,2.396127968323933e-12,0.44092542526659495,0.24092542526290184
2024-12-05,-0.00026751383879745975,-0.0009403835556054393,0.0,0.0,6.563786489127656e-06,-0.00026751383879745975,-0.0009469473420945669,0.0,0.0,0.44109141350312825,0.23957820685315945
2024-12-06,0.0012922456963933861,0.0008778305721591682,0.0,0.0,6.597562906196011e-06,0.0012922456963933861,0.0008712330092529721,0.0,0.0,0.441359914146864,0.2408110460761544
2024-12-09,-0.0023340874591577855,-0.0013836540883269159,0.0,0.0,1.9677965401485788e-05,-0.0023340874591577855,-0.0014033320537284017,0.0,0.0,0.4416965587440572,0.23941524571807707
2024-12-10,0.0011471098305535297,-0.0014918574366468962,0.0,0.0,6.621979246130717e-06,0.0011471098305535297,-0.0014984794158930269,0.0,0.0,0.441010713330292,0.24170224248377117
2024-12-11,0.0010426206327391384,-0.0023693131241104438,0.0,0.0,6.665193999065853e-06,0.0010426206327391384,-0.0023759783181095096,0.0,0.0,0.4423132385800757,0.24327958096590363
2024-12-12,-0.0006241248278034872,0.0014477934546126368,0.0,0.0,6.739092307918829e-06,-0.0006241248278034872,0.001441054362304718,0.0,0.0,0.443947800424414,0.24597686923903728
2024-12-13,-0.0018207322376365413,0.000832315112562242,0.0,0.0,6.693958241629547e-06,-0.0018207322376365413,0.0008256211543206124,0.0,0.0,0.4429618070138048,0.24432947581947848
2024-12-16,0.0004944782919369623,0.0011751393072789828,0.0,0.0,2.0033400722677804e-05,0.0004944782919369623,0.001155105906556305,0.0,0.0,0.4415804964223344,0.24373970879257995
2024-12-17,-0.000726255312469691,0.0001337535379298649,0.0,0.0,6.6346602127835235e-06,-0.000726255312469691,0.00012711887771708137,0.0,0.0,0.4413469357829502,0.24216509776659856
2024-12-18,-0.003676512351493242,0.005258452692802317,1.1511607494767109e-05,4.018639831144907e-05,8.104691261587226e-06,-0.003688023958988009,0.00521016160322928,0.055667560656363614,0.19433243937306754,0.49582123106804926,0.2958212310479338
2024-12-19,-0.0007759993167998417,0.000815405528823261,0.0,0.0,7.948525314926095e-06,-0.0007759993167998417,0.0008074570035083348,0.0,0.0,0.49139674523238003,0.2901211739948025
2024-12-20,0.0009749689149621567,-0.002073718536197191,0.0,0.0,7.925936105809203e-06,0.0009749689149621567,-0.002081644472303,0.0,0.0,0.49060531260735873,0.2892966678620359
2024-12-23,5.248845900075706e-05,0.001012166403619386,0.0,0.0,2.397478324344914e-05,5.248845900075706e-05,0.0009881916203759368,0.0,0.0,0.4921249041248747,0.2916931961286312
2024-12-24,0.0013628015541669325,-0.0009522261389480516,0.0,0.0,7.955584609659447e-06,0.0013628015541669325,-0.000960181723557711,0.0,0.0,0.49166572585726337,0.2903788382525697
2024-12-26,2.4263738914305124e-05,-0.00046408407616589995,0.0,0.0,1.5956921421056186e-05,2.4263738914305124e-05,-0.0004800409975869561,0.0,0.0,0.4928301042383427,0.29121381593427537
2024-12-27,-0.0013749245994741875,0.0007494575950912379,0.0,0.0,7.99481919953016e-06,-0.0013749245994741875,0.0007414627758917078,0.0,0.0,0.4930791022187751,0.2918109007828508
2024-12-30,-3.965642666059495e-05,-0.001611083164114561,0.0,0.0,2.3938022167374524e-05,-3.965642666059495e-05,-0.0016350211862819356,0.0,0.0,0.49201585087742916,0.2912459363697233
2024-12-31,0.0007797727796419076,-0.00026046222924776865,0.0,0.0,8.036939269499647e-06,0.0007797727796419076,-0.0002684991685172683,0.0,0.0,0.4928014780536901,0.2933482833367371
