session,eligible_assets,gross,net,long_gross,long_gross_budget_ratio,short_gross,short_gross_budget_ratio,maximum_name_cap_excess,turnover,turnover_limit,forecast_volatility,optimizer_converged,optimizer_status,risk_scaler,net_budget_ratio,maximum_factor_budget_ratio,maximum_sleeve_budget_ratio,exposure_equity,exposure_duration,exposure_credit,exposure_commodity,exposure_usd
2008-01-15,31,0.0,0.0,0.0,0.0,0.0,0.0,0.0,0.0,0.25,0.0,True,0,0.7,0.0,0.0,0.0,0.0,0.0,0.0,0.0,0.0
2008-01-30,31,0.0,0.0,0.0,0.0,0.0,0.0,0.0,0.0,0.25,0.0,True,0,0.7,0.0,0.0,0.0,0.0,0.0,0.0,0.0,0.0
2008-02-13,31,0.0,0.0,0.0,0.0,0.0,0.0,0.0,0.0,0.25,0.0,True,0,0.7,0.0,0.0,0.0,0.0,0.0,0.0,0.0,0.0
2008-02-28,32,0.0,0.0,0.0,0.0,0.0,0.0,0.0,0.0,0.25,0.0,True,0,0.7,0.0,0.0,0.0,0.0,0.0,0.0,0.0,0.0
2008-03-13,33,0.0,0.0,0.0,0.0,0.0,0.0,0.0,0.0,0.25,0.0,True,0,0.4,0.0,0.0,0.0,0.0,0.0,0.0,0.0,0.0
2008-03-28,33,0.0,0.0,0.0,0.0,0.0,0.0,0.0,0.0,0.25,0.0,True,0,0.4,0.0,0.0,0.0,0.0,0.0,0.0,0.0,0.0
2008-04-11,34,0.0,0.0,0.0,0.0,0.0,0.0,0.0,0.0,0.25,0.0,True,0,0.7,0.0,0.0,0.0,0.0,0.0,0.0,0.0,0.0
2008-04-25,35,0.0,0.0,0.0,0.0,0.0,0.0,0.0,0.0,0.25,0.0,True,0,1.0,0.0,0.0,0.0,0.0,0.0,0.0,0.0,0.0
2008-05-09,35,0.0,0.0,0.0,0.0,0.0,0.0,0.0,0.0,0.25,0.0,True,0,0.7,0.0,0.0,0.0,0.0,0.0,0.0,0.0,0.0
2008-05-23,35,0.0,0.0,0.0,0.0,0.0,0.0,0.0,0.0,0.25,0.0,True,0,0.7,0.0,0.0,0.0,0.0,0.0,0.0,0.0,0.0
2008-06-09,36,0.0,0.0,0.0,0.0,0.0,0.0,0.0,0.0,0.25,0.0,True,0,0.7,0.0,0.0,0.0,0.0,0.0,0.0,0.0,0.0
2008-06-23,36,0.0,0.0,0.0,0.0,0.0,0.0,0.0,0.0,0.25,0.0,True,0,0.7,0.0,0.0,0.0,0.0,0.0,0.0,0.0,0.0
2008-07-08,36,0.0,0.0,0.0,0.0,0.0,0.0,0.0,0.0,0.25,0.0,True,0,0.4,0.0,0.0,0.0,0.0,0.0,0.0,0.0,0.0
2008-07-22,36,0.0,0.0,0.0,0.0,0.0,0.0,0.0,0.0,0.25,0.0,True,0,0.4,0.0,0.0,0.0,0.0,0.0,0.0,0.0,0.0
2008-08-05,36,0.0,0.0,0.0,0.0,0.0,0.0,0.0,0.0,0.25,0.0,True,0,0.4,0.0,0.0,0.0,0.0,0.0,0.0,0.0,0.0
2008-08-19,36,0.0,0.0,0.0,0.0,0.0,0.0,0.0,0.0,0.25,0.0,True,0,0.4,0.0,0.0,0.0,0.0,0.0,0.0,0.0,0.0
2008-09-03,36,0.0,0.0,0.0,0.0,0.0,0.0,0.0,0.0,0.25,0.0,True,0,0.4,0.0,0.0,0.0,0.0,0.0,0.0,0.0,0.0
2008-09-17,37,0.0,0.0,0.0,0.0,0.0,0.0,0.0,0.0,0.25,0.0,True,0,0.4,0.0,0.0,0.0,0.0,0.0,0.0,0.0,0.0
2008-10-01,37,0.0,0.0,0.0,0.0,0.0,0.0,0.0,0.0,0.25,0.0,True,0,0.4,0.0,0.0,0.0,0.0,0.0,0.0,0.0,0.0
2008-10-15,37,0.0,0.0,0.0,0.0,0.0,0.0,0.0,0.0,0.25,0.0,True,0,0.4,0.0,0.0,0.0,0.0,0.0,0.0,0.0,0.0
2008-10-29,37,0.0,0.0,0.0,0.0,0.0,0.0,0.0,0.0,0.25,0.0,True,0,0.4,0.0,0.0,0.0,0.0,0.0,0.0,0.0,0.0
2008-11-12,37,0.0,0.0,0.0,0.0,0.0,0.0,0.0,0.0,0.25,0.0,True,0,0.4,0.0,0.0,0.0,0.0,0.0,0.0,0.0,0.0
2008-11-26,37,0.0,0.0,0.0,0.0,0.0,0.0,0.0,0.0,0.25,0.0,True,0,0.4,0.0,0.0,0.0,0.0,0.0,0.0,0.0,0.0
2008-12-11,37,0.0,0.0,0.0,0.0,0.0,0.0,0.0,0.0,0.25,0.0,True,0,0.4,0.0,0.0,0.0,0.0,0.0,0.0,0.0,0.0
2008-12-26,38,0.0,0.0,0.0,0.0,0.0,0.0,0.0,0.0,0.25,0.0,True,0,0.4,0.0,0.0,0.0,0.0,0.0,0.0,0.0,0.0
2009-01-12,38,0.0,0.0,0.0,0.0,0.0,0.0,0.0,0.0,0.25,0.0,True,0,0.4,0.0,0.0,0.0,0.0,0.0,0.0,0.0,0.0
2009-01-27,38,0.0,0.0,0.0,0.0,0.0,0.0,0.0,0.0,0.25,0.0,True,0,0.4,0.0,0.0,0.0,0.0,0.0,0.0,0.0,0.0
2009-02-10,38,0.0,0.0,0.0,0.0,0.0,0.0,0.0,0.0,0.25,0.0,True,0,0.4,0.0,0.0,0.0,0.0,0.0,0.0,0.0,0.0
2009-02-25,38,0.0,0.0,0.0,0.0,0.0,0.0,0.0,0.0,0.25,0.0,True,0,0.4,0.0,0.0,0.0,0.0,0.0,0.0,0.0,0.0
2009-03-11,38,0.0,0.0,0.0,0.0,0.0,0.0,0.0,0.0,0.25,0.0,True,0,0.4,0.0,0.0,0.0,0.0,0.0,0.0,0.0,0.0
2009-03-25,38,0.0,0.0,0.0,0.0,0.0,0.0,0.0,0.0,0.25,0.0,True,0,0.4,0.0,0.0,0.0,0.0,0.0,0.0,0.0,0.0
2009-04-08,38,0.0,0.0,0.0,0.0,0.0,0.0,0.0,0.0,0.25,0.0,True,0,0.4,0.0,0.0,0.0,0.0,0.0,0.0,0.0,0.0
2009-04-23,38,0.0,0.0,0.0,0.0,0.0,0.0,0.0,0.0,0.25,0.0,True,0,0.4,0.0,0.0,0.0,0.0,0.0,0.0,0.0,0.0
2009-05-07,38,0.0,0.0,0.0,0.0,0.0,0.0,0.0,0.0,0.25,0.0,True,0,0.4,0.0,0.0,0.0,0.0,0.0,0.0,0.0,0.0
2009-05-21,38,0.0,0.0,0.0,0.0,0.0,0.0,0.0,0.0,0.25,0.0,True,0,0.4,0.0,0.0,0.0,0.0,0.0,0.0,0.0,0.0
2009-06-05,38,0.08000000000042615,0.07999999999957905,0.0800000000000026,0.40000000000001296,4.235500838944972e-13,2.117750419472486e-12,0.0,0.08000000000042615,0.25,0.012745862977681896,True,0,0.4,0.9999999999947379,0.46666666666590423,0.4999999999995901,0.018181818181538138,0.029333333333370428,0.055999999999908505,-2.853273173286652e-14,6.824540932370838e-14
2009-06-19,38,0.08000000000966084,0.08000000000876123,0.08000000000921104,0.4000000000460552,4.4979917665769513e-13,2.2489958832884756e-12,0.0,0.0006589289441397625,0.25,0.012473390342996457,True,0,0.4,1.000000000109515,0.46666666666835493,0.5000000000025635,0.018181818186970854,0.02933333333322908,0.05600000000020259,7.242081007903696e-13,-1.6208755041781219e-12
2009-07-06,38,0.15911995236929502,0.08000000000699681,0.11955997618814591,0.5977998809407296,0.039559976181149106,0.19779988090574552,0.0,0.08028013254420209,0.25,0.014665690290981914,True,0,0.4,1.0000000000874598,0.46299980143990355,0.49724985108222175,0.018021809526525066,0.018696001586146687,0.055559976172788426,0.008000000001203858,-0.012000000002690138
2009-07-20,38,0.16000000003425668,0.08000000000141509,0.1200000000178359,0.6000000000891794,0.0400000000164208,0.200000000082104,0.0,0.0030259038615772574,0.25,0.01385761211691291,True,0,0.4,1.0000000000176885,0.4666666666699927,0.5000000000049741,0.018181818192551893,0.01866666665080284,0.05600000000039912,0.008000000001339576,-0.01200000000304227
2009-08-03,38,0.15961595221008215,0.0800000000015466,0.11980797610581437,0.5990398805290718,0.03980797610426776,0.1990398805213388,0.0,0.003430237819702961,0.25,0.013127624247752698,True,0,0.4,1.0000000000193323,0.46591990706569547,0.49919990042766993,0.0181527236542408,0.018670933851793185,0.055910388847883456,0.007987198406948611,-0.011980797611047854
2009-08-17,38,0.24000000003409486,0.07999999999507042,0.16000000001458264,0.8000000000729132,0.08000000001951223,0.4000000000975611,0.0,0.08339769398870528,0.25,0.022203822045653417,True,0,0.4,0.9999999999383801,0.46666666666269807,0.4999999999977067,0.04808749733627763,0.018666666649448927,0.055999999999523764,0.007820750588395863,-0.06373112588226126
2009-08-31,38,0.24000000003669741,0.07999999999936758,0.1600000000180325,0.8000000000901625,0.08000000001866492,0.4000000000933246,0.0,0.08261533533322882,0.25,0.02142208930644814,True,0,0.4,0.9999999999920945,0.5691991501712349,0.6589322002307163,0.04811648726314872,0.0186666666493117,0.055999999999946135,-3.071993399062887e-14,-0.0910718640273976
2009-09-15,38,0.23970748407450526,0.07999999996624571,0.1598537420203755,0.7992687101018775,0.07985374205412978,0.39926871027064886,0.0,0.002882132724575631,0.25,0.019639524102451726,True,0,0.4,0.9999999995780712,0.5694813484317024,0.6601040122251478,0.04791354940531176,0.018705668777329973,0.05599999999690803,-1.7590075388184956e-12,-0.0911170157490724
2009-09-29,38,0.24000000007114264,0.07999999999632104,0.16000000003373185,0.8000000001686592,0.08000000003741078,0.4000000001870539,0.0,0.08055160385622409,0.25,0.01491091421888316,True,0,0.4,0.9999999999540128,0.5333333333281232,0.7499999999986322,0.04751499420683963,0.03466666664785204,0.06399999999937478,-1.8676238035108702e-12,-0.051600259588027546
2009-10-13,38,0.24000000007465297,0.07999999998066351,0.16000000002765824,0.8000000001382912,0.08000000004699473,0.4000000002349736,0.0,0.0020362395715800077,0.25,0.01441432647364097,True,0,0.4,0.9999999997582937,0.5298691167038112,0.7410155888299351,0.04758813251842548,0.03459536465304619,0.06358429400445734,-2.608946636739011e-12,-0.051645925010506195
2009-10-27,38,0.23931396833303625,0.07999999998835795,0.1596569841606971,0.7982849208034855,0.07965698417233916,0.39828492086169576,0.0,0.07931571649065126,0.25,0.013563568675239737,True,0,0.4,0.9999999998544742,0.46561497797209994,0.4980280837148661,0.04764419785711337,0.03725653402583124,0.05587379735665199,-3.2829031008846315e-12,-0.05129848365538595
2009-11-10,38,0.23857666048520051,0.07999999999284406,0.15928833023902228,0.7964416511951113,0.07928833024617823,0.39644165123089115,0.0,0.15858562669301096,0.25,0.012304272040861756,True,0,0.4,0.9999999999105506,0.5187008548112023,0.6632661027406974,0.05167459829151543,0.017928588167152783,0.018918512705632287,-3.808841794968294e-12,-0.08299213676979239
2009-11-24,38,0.2386032821124928,0.08000000001962532,0.15930164106605907,0.7965082053302953,0.07930164104643372,0.3965082052321686,0.0,0.05404627299847725,0.25,0.01242588901830039,True,0,0.4,1.0000000002453162,0.5003767277681312,0.6608470083979847,0.045611554657423996,0.018739658627727914,0.04205474398376645,9.641815989104888e-14,-0.08006027644290102
2009-12-09,38,0.23905194388612663,0.0800000000036273,0.15952597194487697,0.7976298597243848,0.07952597194124965,0.3976298597062482,0.0,0.0019433352888372224,0.25,0.011962547032446815,True,0,0.4,1.000000000045341,0.4996261392164214,0.6593757370816595,0.04632695786928396,0.018785795077124332,0.04205110861258897,8.79277667935414e-13,-0.07994018227462744
2009-12-23,38,0.23784607640194183,0.08000000001369421,0.15892303820781803,0.7946151910390901,0.0789230381941238,0.394615190970619,0.0,0.002081599378959416,0.25,0.011254947818788682,True,0,0.4,1.0000000001711775,0.49466532322699747,0.6527729276426759,0.04677649889563084,0.01900936530422465,0.04204163162317973,3.1820914724821905e-12,-0.07914645171631961
2010-01-08,38,0.316676884310388,0.07999999999270706,0.1983384421515475,0.9916922107577375,0.11833844215884047,0.5916922107942023,0.0,0.0802623025260781,0.25,0.017062076149900053,True,0,0.4,0.999999999908838,0.5668296157289063,0.6507701838580982,0.046771835221909336,-0.020932455835395478,0.04204971728856293,0.020918715180805014,-0.09069273851662503
2010-01-25,38,0.32000000000055095,0.08000000000440459,0.20000000000247778,1.0000000000123888,0.11999999999807318,0.5999999999903658,0.0,0.07781766788919592,0.25,0.014746531789728333,True,0,0.4,1.000000000055057,0.5163781850212551,0.6064527340231078,0.03580171110925225,-0.011584123453431898,0.04174941275199386,0.017504322706492166,-0.08262050960340082
2010-02-08,38,0.3204058523991051,0.07959414759683436,0.19999999999796975,0.9999999999898487,0.12040585240113538,0.6020292620056769,0.0,0.004386117456781212,0.25,0.014704153671935026,True,0,0.4,0.9949268449604294,0.5130390687177075,0.5982248468516326,0.03538209880299034,-0.011681080054041995,0.041256914931996215,0.01830981222109984,-0.08208625099483323
2010-02-23,38,0.31865096905354356,0.08000000000019822,0.19932548452687088,0.9966274226343543,0.11932548452667266,0.5966274226333632,0.0,0.0014513993476495473,0.25,0.014112150300977417,True,0,0.4,1.0000000000024776,0.5085712798532306,0.5926995561220192,0.036187425979203096,-0.011178906910966372,0.041557956051419584,0.018217703188829832,-0.0813714047765169
2010-03-09,38,0.31772697003231193,0.0800000000053546,0.19886348501883327,0.9943174250941663,0.1188634850134787,0.5943174250673935,0.0,0.09279585835851234,0.25,0.011373345768430547,True,0,0.4,1.0000000000669322,0.42973431631276837,0.6632327934562369,0.024945748710813398,-0.011066148673051751,0.031261302373572594,0.012787348444426014,-0.06875749061004295
2010-03-23,38,0.33742744851072703,0.017331384550085368,0.17737941653040615,0.8868970826520307,0.1600480319803208,0.800240159901604,0.0,0.062376822033001475,0.25,0.009290004328502393,True,0,0.4,0.21664230687606706,0.2613418448036958,0.6673799380103875,0.025443425657343526,-0.012028087049107931,0.0313610213764435,0.012672743165966716,-0.006948866101918223
2010-04-07,38,0.3358594479438279,0.01813757014442189,0.17699850904412487,0.8849925452206243,0.15886093889970299,0.7943046944985149,0.0,0.0005357796125080028,0.25,0.009023801231228165,True,0,0.4,0.22671962680527358,0.26146646089263237,0.6666666666704242,0.025279617853588388,-0.011143493226253767,0.03137597530711588,0.01274103624624669,-0.0071668328874241035
2010-04-21,38,0.37814047343592005,-0.021688403339189397,0.17822603504836526,0.8911301752418263,0.19991443838755465,0.9995721919377732,0.0,0.040466730280957194,0.25,0.00897376060235736,True,0,0.4,0.27110504173986744,0.264451824084844,0.9982081537065353,0.025534454375024874,-0.011905083652708993,0.031734218890181284,0.012938909111872862,0.03293688518127809
2010-05-05,38,0.3999999999990328,-1.7679052666252915e-12,0.19999999999863244,0.9999999999931621,0.2000000000004003,1.0000000000020015,0.0,0.18360270046864352,0.25,0.010274477912194822,True,0,0.4,2.209881583281614e-11,0.3427695515882355,0.9252603606526002,0.04764573501573204,0.007362089745868887,0.031235055256884078,0.012834414759773372,0.0548431282541177
2010-05-19,38,0.3981956344143863,-0.0018043655836139927,0.1981956344153861,0.9909781720769304,0.19999999999900012,0.9999999999950006,0.0,0.03625730081557596,0.25,0.011818729056142889,True,0,0.4,0.022554569795174905,0.43728144312439504,0.9999999999965725,0.04669174391532587,0.010848606177471,0.030924726438639118,0.012390568085771207,0.06996503089990322
2010-06-03,38,0.35590377028520714,0.04409622972037108,0.20000000000278909,1.0000000000139453,0.155903770282418,0.77951885141209,0.0,0.08607698062790761,0.25,0.010897794743873805,True,0,0.4,0.5512028715046384,0.7121383204475971,1.000000000008449,0.03976129217131264,0.029458161638300704,0.027442621102710597,0.01076954440769982,0.11394213127161555
2010-06-17,38,0.33479721666156137,0.0652027833568341,0.2000000000091977,1.0000000000459885,0.1347972166523636,0.673986083261818,0.0,0.06340763581246542,0.25,0.009788169727027675,True,0,0.4,0.8150347919604262,0.7500000000098106,1.000000000015669,0.04002180638679668,0.04070676600842819,0.027936502720166994,5.080835481294567e-13,0.12000000000156973
2010-07-01,38,0.33518986616461854,0.0648101338498211,0.20000000000721985,1.0000000000360991,0.1351898661573987,0.6759493307869935,0.0,0.0043290741749183945,0.25,0.009931853171536976,True,0,0.4,0.8101266731227635,0.7500000000071488,1.0000000000094034,0.0378529279441834,0.041349511373085665,0.02793847191575821,2.614936832945861e-13,0.12000000000114384
2010-07-16,38,0.33624404334551206,0.06375595664719763,0.19999999999635484,0.9999999999817741,0.13624404334915718,0.6812202167457859,0.0,0.0013712081768831486,0.25,0.010137379036749548,True,0,0.4,0.7969494580899702,0.7500000000012143,0.9999999999987057,0.03855438153242311,0.04138818620522983,0.02840473808180564,-1.7319232282172267e-13,0.12000000000019431
2010-07-30,38,0.33642244774263536,0.06357755225877043,0.2000000000007029,1.0000000000035143,0.1364224477419325,0.6821122387096624,0.0,0.028021937447068036,0.25,0.009790055432531716,True,0,0.4,0.7947194032346302,0.7497987492501745,0.9997316656642143,0.02685017121693022,0.04499354579217965,0.028910922292044165,-8.784054960515614e-14,0.11996779988002795
2010-08-13,38,0.27139013144211793,0.08000000000725463,0.1756950657246863,0.8784753286234315,0.09569506571743167,0.4784753285871583,0.0,0.06450897052563374,0.25,0.007716518392661968,True,0,0.4,1.0000000000906826,0.486056489424609,0.6480753192421571,0.0076845319188360755,0.043459329085736034,0.026542763130523197,-6.31634523324277e-14,0.07776903830793745
2010-08-27,38,0.2707655441752991,0.07999999998280519,0.17538277207905212,0.8769138603952605,0.09538277209624693,0.47691386048123463,0.0,0.015794962629426368,0.25,0.007646028600365795,True,0,0.4,0.9999999997850646,0.4712431878185097,0.6291604763917773,0.006928882584260861,0.04297546789977983,0.024117165655363943,-1.4765567894235462e-12,0.07539891005096157
2010-09-13,38,0.3200000000007659,0.07999999998930842,0.19999999999503712,0.9999999999751855,0.12000000000572875,0.6000000000286437,0.0,0.049116809478544826,0.25,0.010978044710732361,True,0,0.4,0.999999999866355,0.3644288735985794,0.8275201449014025,-0.010822578650868437,0.043154949213887954,0.02461860954331317,-2.5362862492010697e-12,0.058308619775772716
2010-09-27,38,0.3218355696411619,0.07816443034506643,0.19999999999311416,0.9999999999655708,0.12183556964804773,0.6091778482402386,0.0,0.03057442462319004,0.25,0.010998440483875258,True,0,0.4,0.9770553793133302,0.34261856875930097,0.7960532194210557,-0.012630301982173643,0.045992719267839724,0.02278484720104511,-3.702891238471092e-12,0.054818971001488165
2010-10-11,38,0.323109098637255,0.07689090136720465,0.20000000000222984,1.000000000011149,0.12310909863502519,0.6155454931751259,0.0,0.001866351028015555,0.25,0.011119076686270903,True,0,0.4,0.961136267090058,0.34169547689639374,0.8030350972534439,-0.013102968602061974,0.0460345812094965,0.022847778811204394,-3.2062706741434252e-12,0.05467127630342301
2010-10-25,38,0.2517632301047824,0.08000000002496516,0.16588161506487378,0.8294080753243689,0.08588161503990863,0.4294080751995431,6.938893903907228e-18,0.18225280810315792,0.25,0.010138222913456023,True,0,0.4,1.0000000003120642,0.1759240175451579,0.8378971225817431,-0.018424698416840295,0.020501764014397166,0.008000000000446114,2.901846599033769e-14,0.028147842807225272
2010-11-08,38,0.29190368420340596,0.08000000002208738,0.18595184211274665,0.9297592105637332,0.10595184209065929,0.5297592104532964,0.0,0.08194314199465363,0.25,0.007496244551068532,True,0,0.4,1.000000000276092,0.20006996696682744,1.0000000000149378,-0.0002891859014574686,0.020431710736689715,0.007958093456403912,2.9939744205275703e-12,-0.032011194714692395
2010-11-22,38,0.2918755620841731,0.07999999998958483,0.18593778103687897,0.9296889051843948,0.10593778104729412,0.5296889052364706,0.0,0.04082842949548531,0.25,0.008611004565233102,True,0,0.4,0.9999999998698103,0.20259385501176322,0.9976624866950031,0.017295794441598036,0.016552040115872187,0.006824799736947706,-3.964398337112365e-13,-0.03241501680188212
2010-12-07,38,0.21301513165561814,0.08000000000138147,0.1465075658284998,0.732537829142499,0.06650756582711834,0.33253782913559166,0.0,0.15899257685605983,0.25,0.009872028280444981,True,0,0.4,1.0000000000172682,0.7002983140846784,1.0000000000010063,0.017085406671781447,0.0037363340990081797,0.001522418925783771,4.751993605397957e-13,-0.11204773025354856
2010-12-21,38,0.3464388469371877,0.07139537212509478,0.2089171095311412,0.5969060272318321,0.13752173740604642,0.3929192497315612,0.0,0.14754815777506758,0.25,0.01857788814107089,True,0,0.7,0.5099669437506771,0.3980341881147029,0.5694642026152561,0.08101333978779435,-0.02730839950134341,-0.014000000000752126,-5.715338062491955e-13,-0.1114495726721168
2011-01-05,38,0.41535033515444236,0.13999999998847332,0.2776751675714579,0.7933576216327368,0.13767516758298454,0.3933576216656701,0.0,0.07010798932739233,0.25,0.0243736542993441,True,0,0.7,0.9999999999176666,0.4701833576590665,0.5688263367990041,0.08087068763913217,-0.027310165600211673,-0.014000000001343956,0.0364294542119996,-0.1316513401445386
2011-01-20,38,0.41347335170630456,0.14000000000311208,0.2767366758547083,0.790676216727738,0.1367366758515962,0.39067621671884634,0.0,0.006427036786059548,0.25,0.02428111539663769,True,0,0.7,1.0000000000222293,0.4651131529576959,0.5597830620752183,0.08054149843503756,-0.02736404989830049,-0.01400000000144824,0.037333333332627915,-0.13023168282815484
2011-02-03,38,0.35634467752045434,0.14000000000849588,0.24817233876447514,0.7090638250413576,0.10817233875597926,0.3090638250170836,0.0,0.12284473903146689,0.25,0.024839935146298266,True,0,0.7,1.000000000060685,0.38191898870646784,0.4288021332403958,0.12727272726766165,-0.028000000001295402,-0.014000000001039074,0.03002465574725329,-0.10693731683781098
2011-02-17,38,0.609522939527422,0.19999999998384563,0.4047614697556338,0.8095229395112676,0.20476146977178822,0.40952293954357644,0.0,0.2500000000029843,0.25,0.03604717374287306,True,0,1.0,0.999999999919228,0.5379513513816344,0.49312207213296017,0.2689756756908172,-0.07301615477849362,-0.014153152268449766,0.03072928213517596,-0.10674493015331059
2011-03-04,38,0.7394477509082915,0.19999999998660498,0.4697238754474482,0.9394477508948964,0.2697238754608432,0.5394477509216864,0.0,0.25000000000666245,0.25,0.04034706166926336,True,0,1.0,0.9999999999330248,0.5433526167676561,0.6666666666643909,0.25537506429170714,-0.06413020676101143,0.037464703119649674,0.030828527487158034,-0.21734104670706245
2011-03-18,38,0.630000000019833,0.06999999996668843,0.3499999999932607,0.999999999980745,0.2800000000265723,0.800000000075921,0.0,0.25000000000937983,0.25,0.030857469257320032,True,0,0.7,0.4999999997620603,0.5481563773879866,0.685296542151176,0.17154576958816958,-0.08294856776044417,-0.018116968197266145,0.023971174531764883,-0.15348378566863624
2011-04-01,38,0.7550514234216402,0.200000000025637,0.47752571172363856,0.9550514234472771,0.2775257116980016,0.5550514233960032,0.0,0.12133480719462733,0.25,0.038034398259611704,True,0,1.0,1.000000000128185,0.4893660748537244,0.597854275720868,0.19536196453696109,-0.07244931302672306,0.03019718782705873,0.052226439220063765,-0.19574642994148977
2011-04-15,38,0.7574234263880594,0.200000000005027,0.47871171319654315,0.9574234263930863,0.2787117131915163,0.5574234263830325,0.0,0.1962144115612286,0.25,0.02999232420092561,True,0,1.0,1.0000000000251348,0.43968600476371006,0.5705001537758186,0.14539279322987353,-0.07508919011588816,0.017867904436421212,0.03812224330426277,-0.17587440190548403
2011-05-02,38,0.7557720059665698,0.19999999999845772,0.47788600298251377,0.9557720059650275,0.277886002984056,0.555772005968112,0.0,0.005311091334271767,0.25,0.029495905256349222,True,0,1.0,0.9999999999922885,0.4357652954755851,0.5723935398161528,0.14621478457623865,-0.07564719978931951,0.017242727493954065,0.03744236466051886,-0.17430611819023406
2011-05-16,38,0.8157874370383117,0.18421256298618227,0.5000000000122471,1.0000000000244942,0.31578743702606477,0.6315748740521295,0.0,0.25000000001141665,0.25,0.03142694169188495,True,0,1.0,0.9210628149309114,0.7169284393247971,0.9202421841888738,0.12619162278805934,-0.07974199613349084,0.005293572258314735,0.021203923417756728,-0.28677137572991884
2011-05-31,38,0.6899049569382569,0.20000000001050144,0.4449524784743792,0.8899049569487584,0.24495247846387783,0.48990495692775565,0.0,0.2500000000108358,0.25,0.0257853395403352,True,0,1.0,1.000000000052507,0.6921734725058011,0.9225755588591593,0.15098595157583164,-0.047087656832462195,0.004826276881767275,0.00019620176570342792,-0.27686938900232044
2011-06-14,39,0.5599999999973752,0.13999999999622512,0.3499999999968001,0.9999999999908574,0.210000000000575,0.6000000000016429,0.0,0.2500000000025327,0.25,0.016452847391217038,True,0,0.7,0.9999999999730367,0.5634505741125732,0.7508036814036068,0.11529770889770014,-0.017911857837871116,-3.5857852798137913e-13,0.00019755771141833693,-0.15776616075152047
2011-06-28,39,0.5600000000068324,0.1400000000077282,0.35000000000728027,1.000000000020801,0.2099999999995521,0.5999999999987203,0.0,0.250000000002944,0.25,0.01648911768295949,True,0,0.7,1.0000000000552014,0.5000000000040862,0.7499999999897631,0.126317979498333,0.0027224695076567915,-0.030100445116537092,9.082959716257049e-13,-0.14000000000114413
2011-07-13,39,0.5630037245909081,0.1439656889266805,0.35348470675879423,0.7069694135175885,0.2095190178321138,0.4190380356642276,0.0,0.0,0.25,0.016771803150205565,True,0,1.0,0.7198284446334025,0.34979980075720435,0.5269195354113423,0.12771853733768387,0.0037374403729513546,-0.029325987454858433,9.452356456054815e-13,-0.13991992030288175
2011-07-27,39,0.5912485540660983,0.17381756409512586,0.382533059080612,0.765066118161224,0.20871549498548622,0.41743098997097244,0.0,0.02892230958076393,0.25,0.017273194261031296,True,0,1.0,0.8690878204756293,0.3489010768717263,0.527102382043854,0.12713752213115134,0.016817964819383663,-0.030005356058887635,1.0379010230757891e-12,-0.1395604307486905
2011-08-10,39,0.3200000000000681,0.07999999999993196,0.19999999999999996,0.9999999999999998,0.12000000000006804,0.6000000000003402,0.0,0.2697868342911948,0.26978693429119477,0.01203730047702154,True,0,0.4,0.9999999999991493,0.47840585527885093,0.8363765788621447,0.06877681244152135,0.0053333333318168995,-0.008106709488029449,9.419366852904592e-13,-0.07654493684461616
2011-08-24,39,0.3187869349950331,0.0799999999928421,0.1993934674939376,0.996967337469688,0.11939346750109547,0.5969673375054774,0.0,0.004609784354101611,0.25,0.013468535226442925,True,0,0.4,0.9999999999105261,0.4722342492870735,0.823081751909611,0.07233762075160821,0.003198199083597173,-0.009078956256933843,-8.436139968643697e-13,-0.07555747988593178
2011-09-08,39,0.3200000000058727,0.07999999999412727,0.20000000000000004,1.0000000000000002,0.12000000000587274,0.6000000000293637,0.0,0.002745210547328321,0.25,0.013803581706542334,True,0,0.4,0.9999999999265907,0.46928264185812507,0.8303071622151785,0.07239355220688126,0.004044406228392302,-0.00848436704134642,-8.651169851035727e-13,-0.07508522269730003
2011-09-22,39,0.2990297209859639,0.061932144569314077,0.18048093277763896,0.9024046638881947,0.11854878820832487,0.5927439410416243,0.0,0.018687655789843848,0.25,0.013066685687752976,True,0,0.4,0.7741518071164258,0.4615640349623754,0.7140623640585817,0.06535454244393488,0.0013378023737676996,-0.024558554544384343,-4.891556467301369e-13,-0.07385024559398008
2011-10-06,39,0.30606269003982656,0.07137632189143014,0.18871950596562836,0.9435975298281418,0.11734318407419822,0.5867159203709911,0.0,0.15174883805028982,0.25,0.009017866957392628,True,0,0.4,0.8922040236428767,0.2491342181630173,0.7031089510148772,0.031713261936514074,0.014670663793954037,-0.02434528814250194,-4.07229208015536e-13,-0.03986147490608278
2011-10-20,39,0.3075428932283263,0.07232226553676532,0.18993257938254582,0.9496628969127291,0.11761031384578052,0.5880515692289026,0.0,0.0006930688308827496,0.25,0.00911323006493771,True,0,0.4,0.9040283192095664,0.2437125758978936,0.7129393597921844,0.03249033056068156,0.014283945982077297,-0.02495976989084798,-4.1739952117145214e-13,-0.038994012143662986
2011-11-03,39,0.2996275748256773,0.13999999999964527,0.21981378741266128,0.6280393926076037,0.07981378741301602,0.22803939260861722,0.0,0.06580304288658678,0.25,0.009292180843072737,True,0,0.7,0.9999999999974664,0.12137311446691289,0.4149741514952975,0.03319176193713799,0.014644134762516432,-0.025488354038051705,-3.3226137128161926e-13,0.02704704070816533
2011-11-17,39,0.29804774612408547,0.13956461657165736,0.21880618134787141,0.6251605181367755,0.07924156477621405,0.22640447078918302,0.0,0.0,0.25,0.009345123201625985,True,0,0.7,0.9968901183689812,0.12117650683257353,0.4091936926428347,0.03243862137535583,0.014424255906925774,-0.02544706643484044,-3.180429786222084e-13,0.027587115015142855
2011-12-02,39,0.29929340206988103,0.14000000000285714,0.2196467010363691,0.6275620029610546,0.07964670103351194,0.22756200295289128,0.0,0.0003449147386959672,0.25,0.009464555503383052,True,0,0.7,1.0000000000204083,0.1215463959270518,0.41177401044677503,0.032798079262933245,0.014481048733737036,-0.025524743144680877,-5.868594951520751e-13,0.027647747544160516
2011-12-16,39,0.30233842855260334,0.14000000000715493,0.2211692142798791,0.6319120407996546,0.0811692142727242,0.231912040779212,0.0,0.0011725426584103804,0.25,0.009582496767690612,True,0,0.7,1.0000000000511067,0.12072415057328566,0.41457682061875073,0.03299655481407382,0.014711119165797973,-0.025352071620389986,-0.000625356080194601,0.028424650001860653
2012-01-03,39,0.3637132881166116,0.13999999999727986,0.25185664405694574,0.7195904115912736,0.11185664405966593,0.31959041159904555,0.0,0.06032036699497406,0.25,0.009752423075279305,True,0,0.7,0.9999999999805705,0.12050680618694841,0.4197910047882132,0.03387482934417362,0.016412693282164846,-0.025306429299259164,-0.0006594785072028467,0.028178396523148082
2012-01-18,39,0.5320384755605303,0.20000000000495172,0.36601923778274104,0.7320384755654821,0.16601923777778932,0.33203847555557864,0.0,0.2500000000101835,0.25,0.024577523237887443,True,0,1.0,1.0000000000247584,0.3220274201472318,0.3642129649679844,0.033384613411386196,0.04413666658852176,-0.017092446927872727,-0.051219498772113,0.12881096805889272
2012-02-01,39,0.7852956667086809,0.2000000000018578,0.4926478333552694,0.9852956667105388,0.2926478333534116,0.5852956667068232,0.0,0.2500000000032012,0.25,0.03479777467168176,True,0,1.0,1.000000000009289,0.6294817758104617,0.739309034416055,0.03335554151100669,0.08226389676884159,-0.0018221117484300059,-0.05333333333344891,0.2517927103241847
2012-02-15,39,0.9229453511387812,0.07705464886262037,0.5000000000007008,1.0000000000014015,0.4229453511380804,0.8458907022761608,0.0,0.14112674593823307,0.25,0.03507157286341055,True,0,1.0,0.38527324431310184,0.782022126355071,0.9439575030043412,0.033747466623738044,0.08554886411602086,0.0007883114358900182,-0.0526606215848396,0.3128088505420284
2012-03-01,39,0.8853496120826494,0.11465038792285058,0.50000000000275,1.0000000000055,0.38534961207989943,0.7706992241597989,0.0,0.2499999999998703,0.25,0.03467244495835292,True,0,1.0,0.5732519396142529,0.7251915990469493,0.8669221320623024,0.024086642844170624,0.143344672103279,0.05040684081804316,-0.05333333333375493,0.2900766396187797
2012-03-15,39,0.9794252701214786,0.020574729903002006,0.5000000000122403,1.0000000000244806,0.4794252701092383,0.9588505402184766,0.0,0.2500000000117019,0.25,0.028972817703345467,True,0,1.0,0.10287364951501003,0.8216991137725305,0.9983804284293711,0.09004183530308706,0.13869391558802294,0.04959453971541521,-0.051849807966117385,0.3286796455090122
2012-03-29,39,0.9770542372062211,0.022945762772712278,0.4999999999894667,0.9999999999789334,0.4770542372167544,0.9541084744335088,0.0,0.25000000000993783,0.25,0.025564917998400025,True,0,1.0,0.11472881386356139,0.7808595324951502,0.9480094568438573,0.10050200346705211,0.1631746560714077,0.1259713000181783,-0.049672846124282334,0.3123438129980601
2012-04-13,39,0.9737831568916729,0.026216843111431756,0.5000000000015524,1.0000000000031048,0.4737831568901206,0.9475663137802413,0.0,0.2500000000003561,0.25,0.02724625782667931,True,0,1.0,0.13108421555715877,0.7739556805661807,0.9392427586891557,0.18013470781156332,0.13303476049259733,0.11535174281048478,-0.04943901265731118,0.3095822722264723
2012-04-27,39,0.9755543516745947,0.0244456483199518,0.4999999999972733,0.9999999999945466,0.4755543516773215,0.951108703354643,0.0,0.004703249845748195,0.25,0.0275799125757806,True,0,1.0,0.12222824159975901,0.780757196646543,0.9494902906924745,0.1809989830488321,0.13275162323231793,0.11526465197519892,-0.04881029591248211,0.3123028786586172
2012-05-11,39,0.9693135090836904,0.030686490917306422,0.5000000000004985,1.000000000000997,0.46931350908319197,0.9386270181663839,0.0,0.005693160437628797,0.25,0.025468707988020308,True,0,1.0,0.1534324545865321,0.7701372205120358,0.938155168062415,0.17996924747684617,0.13314556233506572,0.11534231923379272,-0.04730371161959649,0.30805488820481436
2012-05-25,39,0.9647000282606456,0.0352999717378802,0.49999999999926287,0.9999999999985257,0.4647000282613826,0.9294000565227652,0.0,0.19462169522443962,0.25,0.02655573683038469,True,0,1.0,0.176499858689401,0.7579269507851796,0.9217673933046161,0.23126957501225065,0.11044246956522344,0.0994656552416037,-0.04736099968460221,0.30317078031407185
2012-06-11,39,0.9311094148132932,0.06889058518602281,0.49999999999965794,0.9999999999993159,0.4311094148136352,0.8622188296272704,0.0,0.032168216100713014,0.25,0.024877109508856826,True,0,1.0,0.34445292593011406,0.6766775986892438,0.8140433791891443,0.23054352506643,0.11095196914060933,0.10030941520003045,-0.0470364901665538,0.27067103947569754
2012-06-25,39,0.8930262483536372,0.10697375164525735,0.49999999999944733,0.9999999999988947,0.3930262483541899,0.7860524967083798,0.0,0.25000000000225076,0.25,0.024305948233436823,True,0,1.0,0.5348687582262868,0.8178189254031168,0.999999999998127,0.18623245639918998,0.09258859041549913,0.08878448071095471,-0.04822679139840252,0.3271275701612468
2012-07-10,39,0.898860773816288,0.10113922618880308,0.5000000000025455,1.000000000005091,0.39886077381374246,0.7977215476274849,0.0,0.025996785181279698,0.25,0.024314804221760054,True,0,1.0,0.5056961309440153,0.8136055769043715,0.9863509499991593,0.19127705810956191,0.09124486448156902,0.0871728964113885,-0.05251012579866611,0.3254422307617486
2012-07-24,39,0.8974276145116968,0.10257238552123653,0.5000000000164667,1.0000000000329334,0.39742761449523023,0.7948552289904605,0.0,0.0016339964374771,0.25,0.023942231697485838,True,0,1.0,0.5128619276061827,0.8117603397078068,0.9840758297589464,0.1903576528570959,0.09170214401463633,0.08765110508203322,-0.052411354587840006,0.32470413588312275
2012-08-07,39,0.9004462518772008,0.09955374812230104,0.4999999999997509,0.9999999999995018,0.40044625187744987,0.8008925037548997,0.0,0.004255555643854514,0.25,0.02438670200098247,True,0,1.0,0.49776874061150517,0.8123815819037912,0.9838566536850448,0.19376637701648575,0.09133265116467375,0.0882970134190287,-0.052970020721429825,0.3249526327615165
2012-08-21,39,0.8986411520815559,0.10135884791687881,0.4999999999992174,0.9999999999984348,0.3986411520823385,0.797282304164677,0.0,0.10204192964760671,0.25,0.024420851268822128,True,0,1.0,0.5067942395843941,0.8250000000014696,0.9999999999993997,0.18116263083891113,0.1042439961441848,0.1035777551681651,-0.05333333333431639,0.3300000000005878
2012-09-05,39,0.7996798281866782,0.19999999999054716,0.4998399140886125,0.999679828177225,0.2998399140980655,0.599679828196131,0.0,0.2500000000038719,0.25,0.020373006979711318,True,0,1.0,0.9999999999527357,0.7088353737372042,0.9451138316443802,0.1823386163976073,0.11394677903323577,0.17311633491014763,-1.8016180688449873e-12,0.2835341494948817
2012-09-19,40,0.8009181367007232,0.19908186329158176,0.4999999999961525,0.999999999992305,0.3009181367045707,0.6018362734091414,0.0,0.25000000000354106,0.25,0.017295039573067,True,0,1.0,0.9954093164579088,0.6837498035804543,0.8721913334981866,0.1409127953447239,0.1402290043491812,0.20512494107413629,-2.767645266391458e-12,0.2551722634473757
2012-10-03,40,0.746219335503171,0.1999999999594157,0.47310966773129337,0.9462193354625867,0.27310966777187773,0.5462193355437555,0.0,0.25000000001112266,0.25,0.017564350345304153,True,0,1.0,0.9999999997970784,0.7999999999771868,0.9999999999715589,0.11466932645209636,0.1593431945215821,0.23999999999315605,-6.378850699215502e-12,0.17751792808563277
2012-10-17,40,0.871405439326163,0.12859456074345577,0.5000000000348094,1.0000000000696188,0.37140543929135367,0.7428108785827073,0.0,0.2500000000416679,0.25,0.023385780568472216,True,0,1.0,0.6429728037172788,0.7622708716457065,0.9880465029320556,0.13012888428665825,0.14169595496077378,0.22868126149371196,0.00191518864769516,0.046945929416008655
2012-11-02,40,0.7416590321883857,0.20000000000418777,0.47082951609628676,0.9416590321925735,0.27082951609209904,0.5416590321841981,0.0,0.2500000000055193,0.25,0.021686405557434413,True,0,1.0,1.0000000000209388,0.6425410010001475,0.8120160855754105,0.0948743995956622,0.12877307235122074,0.19276230030004426,0.0018421657300391817,-0.09523503580585743
2012-11-16,40,0.741592522207749,0.2000000000367884,0.47079626112226863,0.9415925222445373,0.27079626108548027,0.5415925221709605,0.0,0.25000000003652834,0.25,0.019195962425872053,True,0,1.0,1.000000000183942,0.7144933580698084,1.000000000020979,0.06675408040452656,0.13394882830709867,0.2143480074209425,3.2038269032485296e-05,-0.15642152044936905
2012-12-03,40,0.7362844282978392,0.19999999998724666,0.46814221414254287,0.9362844282850857,0.26814221415529627,0.5362844283105925,0.0,0.036064323725966824,0.25,0.018707516461756172,True,0,1.0,0.9999999999362332,0.7561862497270204,0.999999999991647,0.06622060150694488,0.13305878911570504,0.2268558749181061,-2.4202710142046984e-12,-0.1596037886521735
2012-12-17,41,0.7354133619499259,0.19999999999554038,0.46770668097273316,0.9354133619454663,0.26770668097719263,0.5354133619543853,0.0,0.0634192833839017,0.25,0.017089950447405952,True,0,1.0,0.9999999999777018,0.7549059459478729,0.9999999999975784,0.0657118160150376,0.13252254263312827,0.22647178378436184,-2.8730442813231945e-12,-0.10000000000243918
2013-01-02,40,0.8471967022592632,0.1528032977450201,0.5000000000021417,1.0000000000042835,0.3471967022571216,0.6943934045142433,0.0,0.15701933773304044,0.25,0.018493699467320837,True,0,1.0,0.7640164887251005,0.7556465656897228,1.0000000000000095,-0.015386514231382693,0.1327440043772081,0.22669396970691683,-2.2166374324885096e-12,-0.10356010157776907
2013-01-16,41,0.8479130438738839,0.15208695612873027,0.5000000000013071,1.0000000000026141,0.3479130438725768,0.6958260877451536,0.0,0.0061395031275768425,0.25,0.01893530728975413,True,0,1.0,0.7604347806436513,0.7521162401164435,1.0000000000015445,-0.013774059133478234,0.13204261739258044,0.22563487203493304,-2.0557256004428305e-12,-0.10422896808063886
2013-01-31,40,0.9215495415800273,0.07845045843173522,0.5000000000058813,1.0000000000117626,0.42154954157414604,0.8430990831482921,0.0,0.2500000000069747,0.25,0.025642888917887418,True,0,1.0,0.3922522921586761,0.6410997965904467,1.0000000000026203,0.0013558723432881203,0.009868765915125323,0.192329938977134,-1.4358939367170155e-12,-0.11387402351554918
2013-02-14,41,0.9999999999882606,-2.2958357437374843e-11,0.4999999999826511,0.9999999999653022,0.5000000000056093,1.0000000000112186,0.0,0.25000000000863004,0.25,0.030467204898801833,True,0,1.0,1.1479178718687422e-10,0.6156353663368078,0.9205260967667536,0.04480246486440085,-0.035176563027260986,0.18469060990104233,-1.5492272299555606e-12,-0.10487021966067686
2013-03-01,43,1.0000000000062887,7.0719471945146495e-12,0.5000000000066803,1.0000000000133606,0.4999999999996084,0.9999999999992168,0.0,0.2132896071991197,0.25,0.03376292067484455,True,0,1.0,3.535973597257325e-11,0.49903524507931585,0.8620201232492546,0.0998722627228725,-0.05531296645680159,0.14971057352379474,7.75685937140239e-13,-0.07769689581951461
2013-03-15,43,1.0000000000204474,1.0416104474666429e-11,0.5000000000154318,1.0000000000308635,0.5000000000050157,1.0000000000100313,0.0,0.25000000002476025,0.25,0.03261887493017998,True,0,1.0,5.2080522373332143e-11,0.4962879744700008,0.6063587476608128,0.1522757824533554,-0.03646019440021521,0.14888639234100023,-0.04539153166290938,-0.012445540111103067
2013-04-01,42,1.000000000012208,5.734371311127973e-12,0.5000000000089713,1.0000000000179425,0.5000000000032369,1.0000000000064737,0.0,0.25000000001428246,0.25,0.03018712623113603,True,0,1.0,2.8671856555639863e-11,0.4997970830545004,0.681411099321155,0.17310818695949495,-0.03984060160375346,0.1499391249163501,-0.04508903598784642,0.013640000363857055
2013-04-15,43,1.000000000000028,-1.0925982341092322e-13,0.49999999999995925,0.9999999999999185,0.5000000000000685,1.000000000000137,0.0,0.25000000000010314,0.25,0.029882828489323787,True,0,1.0,5.462991170546161e-13,0.515312297883284,0.7590749819497296,0.20009420562557764,-0.045349895177924864,0.15459368936498522,-0.03750732972629292,0.05656924223023206
2013-04-29,43,0.9999999999995014,-4.1813219553432646e-12,0.49999999999766004,0.9999999999953201,0.5000000000018414,1.0000000000036828,0.0,0.25000000000175254,0.25,0.02721715784391268,True,0,1.0,2.0906609776716323e-11,0.36294481140891227,0.6884717050012812,0.17533669541419736,-0.06248824199740649,0.10888344342267368,-0.03804993086508734,0.08897017578967559
2013-05-13,43,0.9399316623284614,0.06006833767509569,0.5000000000017786,1.0000000000035572,0.43993166232668285,0.8798633246533657,0.0,0.25000000000370043,0.25,0.03167055359036926,True,0,1.0,0.3003416883754784,0.5812195210493525,0.5894361915745754,0.29060976052467624,-0.0800199163805139,0.10082332636991059,-0.03743922353095463,0.11095502260153213
2013-05-28,43,0.9280718084847392,0.07192819155972789,0.5000000000222335,1.000000000044467,0.42807180846250564,0.8561436169250113,0.0,0.09517556367232712,0.25,0.0326114394466091,True,0,1.0,0.3596409577986394,0.6181818182120141,0.5491873972283365,0.30909090910600706,-0.07569761976364756,0.10000000000046924,-0.036313580556520196,0.1508977956408104
2013-06-11,43,0.9473171826154174,0.052682817399943405,0.5000000000076804,1.0000000000153608,0.44731718260773706,0.8946343652154741,0.0,0.25000000000775247,0.25,0.03858513571384734,True,0,1.0,0.263414086999717,0.6520565430333001,0.5808720882788536,0.32602827151665004,-0.08638027183783811,0.07526961425436267,-0.03741099612094231,0.12985346257520067
2013-06-25,43,0.4000000000000193,-2.0251439414309402e-12,0.19999999999899704,0.9999999999949851,0.20000000000102217,1.0000000000051108,0.0030302917234383622,0.5244436932052016,0.5244436932032833,0.017813427387275406,True,0,0.4,2.5314299267886746e-11,0.6984582325587442,0.6188000748323952,0.13969164651174884,-0.042464936542820395,0.025743971019869652,-0.012853122477491085,0.0666365804560595
2013-07-10,43,0.6245069952589212,-0.07549300474610879,0.27450699525640626,0.7843057007325893,0.350000000002515,1.0000000000071858,0.0,0.250000000000545,0.25,0.025775526815137072,True,0,0.7,0.5392357481864914,0.5924492645843534,0.5308369263479029,0.2073572426045237,-0.11123992024454604,-0.006145165632916048,-0.011214246799126854,0.057795592347658485
2013-07-24,43,0.7587590820537944,-0.20000000000033216,0.2793795410267311,0.5587590820534623,0.47937954102706337,0.9587590820541267,0.0,0.2499999999961341,0.25,0.02894365964902187,True,0,1.0,1.0000000000016607,0.41751548599197696,0.5659290437357503,0.20875774299598848,-0.18092294305112977,-0.03362838250413472,-0.01692747531535485,0.029096026857257512
2013-08-07,42,0.8979058283314646,-0.1020941716791803,0.397905828326142,0.795811656652284,0.5000000000053224,1.0000000000106448,0.0,0.25000000001107303,0.25,0.03897633234306384,True,0,1.0,0.5104708583959015,0.6037177723585213,0.5633385896224581,0.30185888617926065,-0.1856445403857883,-0.03371473865651476,0.017175786923105587,-0.013049502220968054
2013-08-21,43,0.9919328416970411,0.008067158289197652,0.4999999999931195,0.999999999986239,0.4919328417039218,0.9838656834078436,0.0,0.11218740652602555,0.25,0.048345068199255534,True,0,1.0,0.040335791445988256,0.7942949401203553,0.7075509224797547,0.39714747006017764,-0.18138462858201862,-0.032999332737964515,0.02271033693688783,-0.015060352159824994
2013-09-05,43,0.9999999999983884,-5.801816321370632e-12,0.49999999999629324,0.9999999999925865,0.5000000000020951,1.0000000000041902,0.0,0.15418530912882036,0.25,0.0459196023798917,True,0,1.0,2.900908160685316e-11,0.7946205809758171,0.7054522214440959,0.39731029048790856,-0.15798468806050914,-0.023691680958164152,-0.025591705646604325,0.006440705534848516
2013-09-19,42,1.0000000000003308,-1.444305881313323e-12,0.4999999999994434,0.9999999999988868,0.5000000000008877,1.0000000000017755,0.0,0.06685499968371099,0.25,0.04599316012578371,True,0,1.0,7.221529406566614e-12,0.8056930764014133,0.7128372861804598,0.40284653820070665,-0.15987541969383337,-0.027125713844368456,-0.02509720014215552,0.006901597992587347
2013-10-03,43,1.0000000000018385,1.7534083840972227e-12,0.500000000001796,1.000000000003592,0.5000000000000426,1.0000000000000853,0.0,0.03859442056590298,0.25,0.046047919118493326,True,0,1.0,8.767041920486113e-12,0.8077381251811709,0.7138614960860755,0.40386906259058547,-0.16305116359801006,-0.028782107908528073,-0.021994708712045927,0.005565688195297998
2013-10-17,43,0.9976289203135259,0.002371079691352123,0.5000000000024389,1.0000000000048779,0.49762892031108685,0.9952578406221737,0.0,0.2500000000024779,0.25,0.043086289462164265,True,0,1.0,0.011855398456760615,0.7927319734983626,0.7178313789996741,0.3963659867491813,-0.1662527062890114,-0.04904749078215486,-0.023324812789811963,-0.014136190234132349
2013-10-31,43,0.9966125351195211,0.0033874648920020345,0.5000000000057615,1.000000000011523,0.49661253511375947,0.9932250702275189,0.0,0.2379161219823674,0.25,0.03420581290994735,True,0,1.0,0.016937324460010172,0.6170175293315724,0.5557822403418851,0.3085087646657862,-0.1669912362723754,-0.05124804094681904,-0.03611211136645614,-0.12171082027515281
2013-11-14,42,1.0000000000140021,1.479046746188928e-11,0.5000000000143963,1.0000000000287925,0.49999999999960576,0.9999999999992115,0.0,0.2500000000086614,0.25,0.03358961610667593,True,0,1.0,7.395233730944639e-11,0.6229337100258762,0.5580665386118031,0.3114668550129381,-0.11893557534065465,-0.04043794620395593,-0.024420920024761386,-0.15554900441198152
2013-11-29,42,0.9999999999917394,-1.6572715422213946e-11,0.4999999999875834,0.9999999999751668,0.5000000000041561,1.0000000000083122,0.0,0.23977601492701928,0.25,0.03597756527924479,True,0,1.0,8.286357711106973e-11,0.715833303148417,0.7175850197478378,0.3579166515742085,-0.0959405589190289,-0.033758356984016635,-0.04052285048374959,-0.20060799794419515
2013-12-13,42,1.000000000002536,1.1780141098705066e-11,0.500000000007158,1.000000000014316,0.4999999999953778,0.9999999999907556,0.0,0.2500000000147399,0.25,0.0351851637609587,True,0,1.0,5.890070549352533e-11,0.7191639251583163,0.6507528144802825,0.35958196257915814,-0.062457510194865014,-0.021898266157190944,-0.10836843112217313,-0.14391150436514788
2013-12-30,42,0.9911796857070262,0.00882031426269236,0.4999999999848593,0.9999999999697186,0.49117968572216686,0.9823593714443337,0.0,0.25000000002121164,0.25,0.04060285354802246,True,0,1.0,0.0441015713134618,0.9321557206425996,0.8321464737907217,0.4660778603212998,-0.061364514908295587,-0.021608359244787972,-0.1067467876060419,-0.025154006080727234
2014-01-14,43,1.000000000013965,1.7125141582585712e-11,0.5000000000155451,1.0000000000310902,0.49999999999842,0.99999999999684,0.0,0.10926579433626277,0.25,0.03888589551595922,True,0,1.0,8.562570791292856e-11,0.8610576133762675,0.7682754741563215,0.43052880668813376,-0.05945447017043023,-0.020928125668624852,-0.1177401464812313,-0.05775773725100839
2014-01-29,43,1.000000000006125,-1.5655365892541795e-11,0.499999999995235,0.99999999999047,0.5000000000108902,1.0000000000217804,0.0,0.09937625926689213,0.25,0.038176221797168806,True,0,1.0,7.827682946270897e-11,0.771769448915144,0.6895577183499545,0.385884724457572,-0.06003954777471979,-0.021100011616378006,-0.11660246705093492,-0.10552178083880377
2014-02-12,42,0.7000000000005864,-1.7381929229287607e-12,0.3499999999994241,0.9999999999983546,0.3500000000011623,1.000000000003321,0.0,0.31389215124330455,0.31389225124370607,0.02821690592845436,True,0,0.7,1.2415663735205435e-11,0.7454523296485636,0.6666666666675097,0.2609083153769972,-0.045378911405306255,-0.015969022473845903,-0.07607012532875443,-0.08759203949215859
2014-02-27,42,0.8770656838752384,0.09582837356650967,0.486447028720874,0.972894057441748,0.3906186551543644,0.7812373103087288,0.0,0.2417941824441897,0.25,0.028850576365426286,True,0,1.0,0.4791418678325483,0.5339848151436069,0.5157810068749862,0.2669924075718034,0.009270506041591128,0.011541412911059559,-0.09794717880651135,-0.10713901398109738
2014-03-13,43,0.832157296309502,0.16784270368513723,0.49999999999731964,0.9999999999946393,0.33215729631218244,0.6643145926243649,0.0,0.25000000000188516,0.25,0.02299547476587323,True,0,1.0,0.8392135184256861,0.3939152985604414,0.47435157538781425,0.1969576492802207,0.10408767878194206,0.011534249801997208,-0.06664843639203426,-0.1123136762361525
2014-03-27,43,0.8327069255602398,0.16729307444356978,0.5000000000019048,1.0000000000038096,0.33270692555833503,0.6654138511166701,0.0,0.21927142641878383,0.25,0.018200626636886433,True,0,1.0,0.8364653722178489,0.3232869693557082,0.43104929248868495,0.11876054203938502,0.09539007913369046,0.011478171143687458,-0.013333333335949443,-0.1293147877422833
2014-04-10,43,0.80000000000368,0.20000000001814125,0.5000000000109106,1.0000000000218212,0.2999999999927694,0.5999999999855388,0.0,0.2500000000147028,0.25,0.01823075439096036,True,0,1.0,1.000000000090706,0.5162468833332834,0.5700927876341058,0.07920896043930786,0.08819909526957456,0.010616649423218626,0.07998626712898231,-0.20649875333331336
2014-04-25,43,0.8000000000011313,0.20000000000608217,0.5000000000036068,1.0000000000072136,0.29999999999752447,0.5999999999950489,0.0,0.12222713917692703,0.25,0.01929550972025965,True,0,1.0,1.0000000000304108,0.5443363749621982,0.548240353910718,0.04597205246950859,0.07759349253560174,0.009377626828234694,0.11971534534155437,-0.2177345499848793
2014-05-09,43,0.80147949383039,0.19852050614200656,0.4999999999861982,0.9999999999723964,0.30147949384419165,0.6029589876883833,0.0,0.2476746340433006,0.25,0.019741366840329445,True,0,1.0,0.9926025307100328,0.850061337043492,0.9580195366584962,-0.0182223047625072,0.04257387775537576,0.004834477008914598,0.11873936013526093,-0.3400245348173968
2014-05-23,43,0.8000000000057907,0.19999999996752704,0.4999999999866589,0.9999999999733178,0.3000000000191318,0.6000000000382636,0.0,0.2193837857512496,0.25,0.022172490756562642,True,0,1.0,0.9999999998376352,0.8180950118795552,0.9558007647731526,-0.04486829107349242,0.06883331173877874,-3.637465416183334e-12,0.11817437346828766,-0.32723800475182213
2014-06-09,43,0.8000000000079747,0.1999999999779359,0.4999999999929553,0.9999999999859106,0.3000000000150194,0.6000000000300388,0.0,0.25000000000044376,0.25,0.02474340218604761,True,0,1.0,0.9999999998896795,0.6489221625693098,0.8134167007738443,-0.05639891818689275,0.11996306519790856,0.07048930470134288,0.08816511319371284,-0.2595688650277239
2014-06-23,43,0.7991571820140582,0.20000000002562274,0.4995785910198405,0.999157182039681,0.29957859099421774,0.5991571819884355,0.0,0.2500000000265454,0.25,0.023321452990846266,True,0,1.0,1.0000000001281135,0.43543481579442767,0.5835622056305594,-0.05454545454645383,0.16112924646882087,0.08000000000240566,0.059341021458337244,-0.17417392631777107
2014-07-08,43,0.8004559560043284,0.19954404395079836,0.4999999999775635,0.999999999955127,0.3004559560267651,0.6009119120535302,0.0,0.1938176116257652,0.25,0.022310500343301648,True,0,1.0,0.9977202197539917,0.5182255193889119,0.5879539619719802,-0.027102670630538974,0.18257302006702408,0.15546765581667357,-0.000303970667934543,-0.14624940178559576
2014-07-22,43,0.9003858271158102,0.09961417287672165,0.4999999999962659,0.9999999999925318,0.4003858271195442,0.8007716542390884,0.0,0.24999999999435898,0.25,0.02137081999645515,True,0,1.0,0.49807086438360826,0.44795720538777,0.8790254334470271,-0.0347683048817274,0.15361128248036693,0.134387161616331,0.048682191812229214,-0.055614616348190524
2014-08-05,43,0.8980028379708072,0.10199716200980562,0.4999999999903064,0.9999999999806128,0.3980028379805008,0.7960056759610016,0.0,0.2499999999956953,0.25,0.018446119896147656,True,0,1.0,0.5099858100490281,0.36476105381977086,0.9304575439849339,0.05638488092459331,0.10616442773427776,0.10942831614593125,0.03176170324990103,-0.06416397116595818
2014-08-19,43,0.898696815471904,0.10130318458376752,0.5000000000278358,1.0000000000556717,0.3986968154440683,0.7973936308881366,0.0,0.2130484339166782,0.25,0.01826788574070004,True,0,1.0,0.5065159229188376,0.2666666666674285,0.8678053225739069,0.060357880640044236,0.1275959105215411,0.08000000000022854,-5.526156088742585e-13,-0.03065939275352295
2014-09-03,43,0.7955249215929996,0.20000000000445406,0.49776246079872677,0.9955249215974535,0.29776246079427265,0.5955249215885453,0.0,0.2500000000035921,0.25,0.017080909492179,True,0,1.0,1.0000000000222702,0.23751161168223517,0.5422951024912402,0.06487363587247147,0.11875580584111758,0.06542684120280348,-8.245726799628528e-13,0.08993485437623824
2014-09-17,42,0.8966914386401544,0.10330856135628845,0.4999999999982215,0.999999999996443,0.3966914386419331,0.7933828772838663,0.0,0.2500000000005564,0.25,0.01689238439728131,True,0,1.0,0.5165428067814423,0.5358608966100147,0.7499447806739398,0.04064896067936488,0.10237784312416974,0.052098607432275346,-0.06666666666722006,0.2143443586440059
2014-10-01,42,0.8756864082181264,0.09376670460566106,0.4847265564118937,0.9694531128237874,0.39095985180623255,0.7819197036124651,0.0,0.043547036847603485,0.25,0.016914913152391593,True,0,1.0,0.4688335230283053,0.6086060714490561,0.6736154444245014,0.03698939745183431,0.10739929785963996,0.05191813880745441,-0.06397170544536546,0.24344242857962245
2014-10-15,43,0.3600001000243937,0.03999989998298249,0.2000000000036881,1.0000000000184404,0.16000010002070558,0.8000005001035279,0.0,0.49949293515860727,0.49949293514990684,0.007672048089098893,True,0,0.4,0.49999874978728104,0.5994775935765033,0.6666675000362398,0.025759667995389514,0.041825080613633346,0.022260012015130056,-0.02666666666896106,0.09591641497224056
2014-10-29,43,0.40000000000119706,1.4192119701661454e-13,0.20000000000066948,1.0000000000033473,0.20000000000052756,1.0000000000026377,0.0,0.1255024346103123,0.25,0.009933381728466176,True,0,0.4,1.7740149627076814e-12,0.8863404949816883,1.0000000000019338,0.0419138210964846,0.041297541598209614,0.022208529885330838,-0.03466666666811282,0.14181447919707016
2014-11-12,42,0.6454012343395936,0.2000000000044938,0.42270061717204366,0.8454012343440873,0.2227006171675499,0.4454012343350998,0.0,0.25000000001450784,0.25,0.013028879238259143,True,0,1.0,1.000000000022469,0.5670712269123734,0.6860002535000735,0.041902366784548326,0.07285034203163106,0.022008306082757847,-0.0332973816859734,0.22682849076494938
2014-11-26,43,0.8269768718292072,0.020720367218792807,0.423848619524,0.847697239048,0.4031282523052072,0.8062565046104144,0.0,0.18096913423414723,0.25,0.013865297672233434,True,0,1.0,0.10360183609396403,0.565789870461604,0.684661840076274,0.006681980275939406,0.05250190209974485,-0.07783298804883082,-0.03300081526025744,0.22631594818464162
2014-12-11,43,0.9174533771596208,0.08254662285248737,0.500000000006054,1.000000000012108,0.4174533771535667,0.8349067543071333,0.0,0.14271187390464568,0.25,0.01969464797815618,True,0,1.0,0.41273311426243686,0.6166113669707373,0.7509791005771331,0.06428590277002891,0.04851102054437684,-0.0768531271251686,-0.03076908245792425,0.24664454678829492
2014-12-26,43,0.6925856343259428,0.007414365674057066,0.35,1.0,0.3425856343259429,0.9788160980741226,0.0,0.2226405461474454,0.25,0.0157811924173044,True,0,0.7,0.05295975481469334,0.6841826338618765,0.8094301726639326,0.040596308193815746,0.03685521204131747,-0.053565316233294795,-0.02961773635317273,0.1915711374813254
2015-01-12,42,0.3999999999996032,-6.968245425120756e-13,0.1999999999994532,0.999999999997266,0.20000000000015006,1.0000000000007503,0.011957720562045818,0.28634454602710946,0.2863446460267128,0.010179915974930993,True,0,0.4,8.710306781400943e-12,0.7386916128880627,0.8779143351205692,0.026564119694003976,0.02462424039731159,-0.028290398870855164,-0.018176515717642394,0.11819065806209006
2015-01-27,43,0.6134123896854448,0.07191258074263027,0.34266248521403747,0.9790356720401071,0.27074990447140723,0.7735711556325922,0.0,0.21000000000092944,0.25,0.02225104672526871,True,0,0.7,0.5136612910187877,0.6719388019180355,0.8331350052660564,0.15456277166020255,0.024857184754403634,-0.02818629366603982,-0.018392192605945913,0.1881428645370499
2015-02-10,43,0.610102452866747,0.06847956230159422,0.3392910075841707,0.6785820151683414,0.2708114452825764,0.5416228905651528,0.0,0.0,0.25,0.022869405059575142,True,0,1.0,0.34239781150797105,0.4701629927499763,0.5829782491365941,0.15165776687722077,0.024569349646166586,-0.028797281599024917,-0.018677505601340804,0.18806519709999053
2015-02-25,43,0.8130996251070572,0.0057981653109477685,0.40944889520900246,0.8188977904180049,0.40365072989805467,0.8073014597961093,0.0,0.24670370493341054,0.25,0.030527320607456252,True,0,1.0,0.028990826554738842,0.8404454446226741,0.9999999999961647,0.15063768592267923,0.024740202144048574,-0.02907240804975638,-0.05969325643483015,0.33617817784906967
2015-03-11,43,0.8811791057420031,-0.08696247446441162,0.3971083156387957,0.7942166312775913,0.48407079010320725,0.9681415802064145,0.0,0.10317862858925898,0.25,0.030440953094696844,True,0,1.0,0.43481237232205805,0.8263410483566398,0.9596924419111479,0.14200242767962046,0.02377910695651993,-0.028436428874291892,-0.07108985137611606,0.33053641934265593
2015-03-25,42,0.9785209641303407,0.021479035867317288,0.49999999999882916,0.9999999999976583,0.4785209641315119,0.9570419282630238,0.0,0.11213247845793155,0.25,0.03949221938521516,True,0,1.0,0.10739517933658643,0.7502216818516599,0.9678615907376986,0.22687266594607633,0.024334681610826782,-0.028366669183698616,-0.07128820775664162,0.300088672740664
2015-04-09,42,0.9715956308849468,0.028404369111439218,0.499999999998193,0.999999999996386,0.4715956308867538,0.9431912617735076,0.0,0.0024551686360764734,0.25,0.03786619414719558,True,0,1.0,0.14202184555719607,0.7377110773988921,0.9525279942655448,0.2272776641259366,0.023998209565485918,-0.028433294041584806,-0.07107349081219543,0.29508443095955683
2015-04-23,43,0.9755578539037415,0.02444214610051674,0.5000000000021292,1.0000000000042584,0.4755578539016123,0.9511157078032246,0.0,0.0023210792748942916,0.25,0.03728064822420331,True,0,1.0,0.12221073050258369,0.7398082118741611,0.957011444650779,0.22876143869510301,0.023959387436561744,-0.028560432619587524,-0.07137532788322845,0.29592328474966445
2015-05-07,43,0.9847633620436591,0.015236637950996508,0.49999999999732775,0.9999999999946555,0.4847633620463312,0.9695267240926624,0.0,0.19697993133118777,0.25,0.04207867102250817,True,0,1.0,0.07618318975498253,0.7407288778168455,0.9464260555193335,0.28766535741085825,0.009348450024731383,-0.03591147820706672,-0.07194414026728133,0.2962915511267382
2015-05-21,43,0.9816900308776599,0.018309969119245748,0.4999999999984528,0.9999999999969056,0.48169003087920714,0.9633800617584143,0.0,0.006075917506659041,0.25,0.04238941722236254,True,0,1.0,0.09154984559622874,0.7322311356323571,0.9365609416052975,0.28875723334330095,0.009099344930931667,-0.03584170561110791,-0.07195426141847193,0.29289245425294286
2015-06-05,42,0.9177562943511329,-0.03595587496379032,0.4409002096936714,0.8818004193873428,0.4768560846574617,0.9537121693149234,0.0,0.05224047760130522,0.25,0.03912803471335934,True,0,1.0,0.17977937481895157,0.7284403547906313,0.930631757065771,0.23532230443766863,0.008968772852035362,-0.0356149390190767,-0.07109814805672628,0.29137614191625255
2015-06-19,43,1.0000000000131724,8.966237474705707e-12,0.5000000000110694,1.0000000000221387,0.5000000000021031,1.0000000000042062,0.0,0.2500000000181596,0.25,0.03527837299217701,True,0,1.0,4.4831187373528536e-11,0.6400402930254269,0.8429252717817348,0.24047005141301547,-0.026401443893391285,-0.04539766190526788,-0.05643593980164102,0.25601611721017076
2015-07-06,43,0.9483425941200694,-0.05165740588356182,0.44834259411825367,0.8966851882365073,0.5000000000018155,1.000000000003631,0.0,0.2500000000054886,0.25,0.035964735731759186,True,0,1.0,0.25828702941780907,0.5189192279709224,0.7119937831859612,0.23116114021944267,-0.06067890573854467,-0.032416484637052906,-0.043529470206496,0.20756769118836896
2015-07-20,43,0.9496648833113278,-0.050335116684956174,0.4496648833131859,0.8993297666263718,0.499999999998142,0.999999999996284,0.0,0.2500000000011916,0.25,0.03544100469685748,True,0,1.0,0.25167558342478086,0.4630636306210119,0.5044020604262773,0.23153181531050596,-0.11949662072341441,-0.04933507015579891,-0.030312833790719345,0.13732227529496216
2015-08-03,43,0.9425858061827098,-0.0574141937975432,0.4425858061925833,0.8851716123851666,0.49999999999012656,0.9999999999802531,0.0,0.2500000000119098,0.25,0.0344871119581309,True,0,1.0,0.287070968987716,0.45549559474324663,0.5844584818987033,0.22774779737162332,-0.17749803417897858,-0.05999999999644684,-0.009596863305416068,0.07786755080987302
2015-08-17,43,0.9415026386998652,-0.058497361299623726,0.44150263870012074,0.8830052774002415,0.49999999999974437,0.9999999999994887,0.0,0.2500000000064235,0.25,0.033040820438049796,True,0,1.0,0.2924868064981186,0.5261937080583756,0.7234053484650111,0.2000298489031922,-0.20036417236122736,-0.15785811241751269,-6.201003967463223e-05,0.055747916432933635
2015-08-31,43,0.3999999999999414,-7.119493968000608e-14,0.1999999999999351,0.9999999999996754,0.20000000000000628,1.0000000000000313,0.0,0.5376525903696171,0.5376525903695796,0.015946934007249575,True,0,0.4,8.899367460000757e-13,0.6121812174228924,0.7444871797170683,0.08956179018458685,-0.07675834045797778,-0.07346174609074708,-3.8037678737834276e-05,0.026944707392718873
2015-09-15,43,0.39964199091248265,0.0003580090892016455,0.20000000000084212,1.0000000000042104,0.19964199091164045,0.9982099545582022,0.0,0.01673504334182383,0.25,0.01659543743795964,True,0,0.4,0.004475113615020568,0.6133867917597727,0.7450116898993079,0.08199844931546059,-0.07658033637491596,-0.07360641501117272,-3.7039390291190895e-05,0.018429463279881132
2015-09-29,43,0.32190977149881694,-0.07890218723189801,0.12150379213345948,0.34715369180988426,0.20040597936535748,0.57258851247245,0.0,0.07456512776209602,0.25,0.010601466430952269,True,0,0.7,0.5635870516564144,0.34508915444415095,0.4235588340201111,0.007353602837864741,-0.07699990105709277,-0.0724687224332717,-3.7947316530113184e-05,0.01931535148018893
2015-10-13,43,0.3883597730546273,-0.01712896849218939,0.18561540228121892,0.37123080456243784,0.20274437077340834,0.4054887415468167,0.0,0.13801218746752653,0.25,0.014487462677132159,True,0,1.0,0.08564484246094695,0.3001361070578734,0.36216363489792247,0.008749044113615849,-0.07789064908166227,-0.07409818363183017,-3.9322051920638525e-05,-0.12005444282314937
2015-10-27,42,0.4713285850767574,0.06279871847568173,0.26706365177621955,0.5341273035524391,0.20426493330053783,0.40852986660107565,0.0,0.08262090021154546,0.25,0.016658061977538996,True,0,1.0,0.3139935923784086,0.5009783167065414,0.6285379213016183,0.009555942604578755,-0.07849784966873284,-0.07493710599269188,-3.936685997219463e-05,-0.20039132668261656
2015-11-10,44,0.48925890576670295,0.08546206796295214,0.28736048686482757,0.5747209737296551,0.20189841890187543,0.40379683780375086,0.0,0.024591279903323437,0.25,0.017240156502103456,True,0,1.0,0.4273103398147607,0.551356374559043,0.6953540339103595,0.009979736259198936,-0.07759127326925126,-0.07430760802351992,-3.6802436085406546e-05,-0.2205425498236172
2015-11-24,44,0.5904434339977055,-0.01588520964822516,0.28727911217474017,0.5745582243494803,0.30316432182296527,0.6063286436459305,0.0,0.10071432681215857,0.25,0.016659773952233635,True,0,1.0,0.07942604824112579,0.55025001583063,0.6933968073965753,0.010351863449430987,-0.07887369332331276,-0.07445042915051488,-3.6392858220253876e-05,-0.22010000633225205
2015-12-09,44,0.5873392394633713,-0.015478647065527928,0.28593029619892174,0.5718605923978435,0.30140894326444956,0.6028178865288991,0.0,0.0030477671437385556,0.25,0.01644646971852417,True,0,1.0,0.07739323532763964,0.5503763206789882,0.695389215529918,0.009285325129387439,-0.07832247034503713,-0.0735389465433874,-3.616856200494321e-05,-0.22015052827159529
2015-12-23,44,0.4972883921429415,-0.04427709602778569,0.2265056480575779,0.6471589944502226,0.27078274408536357,0.7736649831010388,0.0,0.08895553889830429,0.25,0.013140817998466718,True,0,0.7,0.3162649716270407,0.5721978888078773,0.7068228571716043,0.010044017408506018,-0.07774738477548905,-0.07301711361402313,-3.602166147968391e-05,-0.1602154088662056
2016-01-08,44,0.5101921843167582,-0.1400000000000424,0.18509609215835784,0.5288459775953082,0.32509609215840024,0.9288459775954293,0.0,0.21944378193134234,0.25,0.013357155713016978,True,0,0.7,1.0000000000003029,0.5689430098706653,0.7059538443430347,-0.006018358943224331,-0.07194158094653935,-0.10621362087400445,-1.346811513522084e-12,-0.15930404276378626
2016-01-25,44,0.5058707148535792,-0.14000000000239363,0.18293535742559272,0.5226724497874078,0.3229353574279864,0.9226724497942469,0.0,0.10509142988943491,0.25,0.013753812099845723,True,0,0.7,1.0000000000170974,0.5642636652080818,0.7014504696058806,-0.003978705562935273,-0.07756111040436552,-0.09232415436215644,-5.739177640993434e-13,-0.1579938262582629
2016-02-08,44,0.5299758187557454,-0.0936109698510544,0.21818242445234548,0.6233783555781299,0.3117933943033999,0.8908382694382856,0.0,0.11893645085734278,0.25,0.01499352393084706,True,0,0.7,0.6686497846503886,0.5292229444619115,0.7056305926182946,-0.029488732084683042,-0.04538603408459781,-0.0751999310419732,-8.926242174517891e-13,-0.14818242444933521
2016-02-23,44,0.5228661170077152,-0.10503017238380086,0.20891797231195722,0.5969084923198777,0.31394814469575805,0.8969946991307374,0.0,0.010757384143406282,0.25,0.01513308033363129,True,0,0.7,0.7502155170271491,0.49644726588331417,0.6619296878473583,-0.03014095147934088,-0.0459664940344704,-0.07714556279654487,-9.208560027677595e-13,-0.13900523444732796
2016-03-08,44,0.5965749424136085,0.140759919828376,0.36866743112099226,0.7373348622419845,0.22790751129261624,0.4558150225852325,0.0,0.2500000000135685,0.25,0.01731123646353858,True,0,1.0,0.70379959914188,0.34780564136280234,0.5118735870443081,-0.031208868860564586,0.014777116991605443,-0.07423954798270901,3.176553592305836e-13,-0.13912225654512095
2016-03-22,44,0.7115399104800235,0.19999999999673035,0.45576995523837693,0.9115399104767539,0.2557699552416466,0.5115399104832932,0.0,0.11120308193444119,0.25,0.020221715751944824,True,0,1.0,0.9999999999836517,0.3783659171533817,0.625008495227984,-0.03191633859655229,0.036087569784190254,-0.07636712582361505,-0.005308493394553669,-0.1513463668613527
2016-04-06,44,0.8000000000034854,0.20000000001406115,0.5000000000087733,1.0000000000175466,0.2999999999947121,0.5999999999894242,0.0,0.09113219321341495,0.25,0.023165842283183455,True,0,1.0,1.0000000000703058,0.5652173218125855,0.8725316366891993,-0.01859048705597494,0.036116852009521826,-0.07578996816185635,-0.005108715942460566,-0.22608692872503422
2016-04-20,44,0.7059245684146008,0.2000000000236561,0.4529622842191285,0.905924568438257,0.25296228419547245,0.5059245683909449,0.0,0.25000000002339473,0.25,0.024297996899799678,True,0,1.0,1.0000000001182803,0.6579426927765328,0.9991105774377729,-0.010442388099932039,0.07737117118662476,-0.04152085875388011,-0.0056187298190458765,-0.26317707711061317
2016-05-04,44,0.799999999984912,0.19999999998313012,0.49999999998402106,0.9999999999680421,0.300000000000891,0.600000000001782,0.0,0.25000000001058287,0.25,0.031249384679968076,True,0,1.0,0.9999999999156506,0.4926387134765299,0.9906785152536918,-0.07021344766700852,0.11476022051044409,-0.012975817470177719,-0.005217995377678741,-0.19705548539061196
2016-05-18,44,0.6550315003319452,0.2000000000413562,0.42751575018665067,0.8550315003733013,0.22751575014529446,0.4550315002905889,0.0,0.2500000000361596,0.25,0.024559551946988483,True,0,1.0,1.000000000206781,0.3824477198420105,0.8485334645221315,-0.037669568084001764,0.12877566742422003,0.08969136120637047,-0.005420259689766372,-0.1529790879368042
2016-06-02,44,0.6577000783126454,0.20000000001523063,0.42885003916393793,0.8577000783278759,0.22885003914870736,0.4577000782974147,0.0,0.03139472189256645,0.25,0.025013088141327793,True,0,1.0,1.000000000076153,0.3811773822664948,0.8459515110126195,-0.05184671788392681,0.1291199074894382,0.08993073973133364,-0.005531238098022265,-0.15247095290659793
2016-06-16,43,0.6433828158837074,0.19999999995678786,0.4216914079202475,0.843382815840495,0.22169140796345974,0.44338281592691947,0.0,0.2500000000243678,0.25,0.020548627967808552,True,0,1.0,0.9999999997839393,0.4666666666433044,0.7499999999839447,-0.037695534573267735,0.1844644642538014,0.13999999999299131,-0.0055311710811433434,-0.03959810884644113
2016-06-30,44,0.6404710283335376,0.19999999999420454,0.4202355141638711,0.8404710283277422,0.22023551416966655,0.4404710283393331,0.0,0.25000000000278094,0.25,0.022089184468722513,True,0,1.0,0.9999999999710226,0.4480078250765515,0.6548524258224905,-0.03580674008285225,0.13849863444028682,0.13440234752296545,-0.004962380642832566,-0.03984036731383233
2016-07-15,44,0.6438096088237362,0.19999999999147342,0.42190480440760486,0.8438096088152097,0.22190480441613145,0.4438096088322629,0.0,0.250000000003441,0.25,0.02360769886780648,True,0,1.0,0.999999999957367,0.40086842588485777,0.5032565970745425,-0.03991147022714304,0.15609525509381042,0.12026052776545733,-0.004798872545581913,-0.03933960261281293
2016-07-29,44,0.6437420936853937,0.19999999998903892,0.42187104683721643,0.8437420936744329,0.2218710468481774,0.4437420936963548,0.0,0.25000000000596284,0.25,0.02353128027642041,True,0,1.0,0.9999999999451945,0.40027652456827373,0.5010369671410899,-0.041124994204035106,0.15954985393735446,0.12008295737048212,-0.004619002615012171,-0.03774075640396681
2016-08-12,44,0.6447136159292256,0.20000000001024984,0.4223568079697377,0.8447136159394754,0.22235680795948787,0.44471361591897574,0.0,0.2500000000113989,0.25,0.020929086889144896,True,0,1.0,1.0000000000512492,0.7335650202839878,0.7508688260649539,-0.005644813473550504,0.14180873016811277,0.22006950608519635,-0.004588971905821963,-0.038547627664421984
2016-08-26,44,0.6736195027691911,0.20000000000680507,0.43680975138799805,0.8736195027759961,0.23680975138119303,0.47361950276238607,0.0,0.2500000000063308,0.25,0.022634780758025767,True,0,1.0,1.0000000000340252,0.6199288592207091,0.665288904172367,0.0888877076478486,0.12041458243240467,0.1859786577662127,-0.014453549641398318,-0.03346818046348781
2016-09-12,44,0.5886353445845511,0.19999999999213863,0.3943176722883449,0.7886353445766898,0.1943176722962063,0.3886353445924126,0.0,0.16735267801082904,0.25,0.022820358472165125,True,0,1.0,0.9999999999606931,0.5768572349367763,0.6200848307006502,0.14414624798607006,0.1106122639381559,0.1730571704810329,-0.04164903856401852,-0.045899228014589115
2016-09-26,44,0.7473755023846324,0.19999999996960915,0.4736877511771207,0.9473755023542414,0.2736877512075116,0.5473755024150232,0.0,0.2500000000161426,0.25,0.029552866903749402,True,0,1.0,0.9999999998480458,0.6810710911617778,0.6845607444124047,0.2206273423489406,0.10864002290530708,0.2043213273485333,-0.050470664365692273,0.024730044331605874
2016-10-10,44,0.7808608830906908,0.19999999995616602,0.4904304415234283,0.9808608830468566,0.2904304415672624,0.5808608831345248,0.0,0.17010316257400643,0.25,0.02839044900130485,True,0,1.0,0.9999999997808301,0.6052214875909688,0.6650503794797241,0.18788965435937305,0.09497625180096832,0.18156644627729063,-0.06061021845016251,0.027759484463940207
2016-10-24,44,0.8000000000075801,0.19999999998232953,0.49999999999495476,0.9999999999899095,0.30000000001262533,0.6000000000252507,0.0,0.020307819981615675,0.25,0.02906414443173253,True,0,1.0,0.9999999999116477,0.6057677237497491,0.6666666666719481,0.19475973646149522,0.09505449319637764,0.1817303171249247,-0.06666666663779194,0.027245145571691817
2016-11-07,44,0.7987867749494161,0.19827524614666306,0.49853101054803967,0.9970620210960793,0.3002557644013765,0.600511528802753,0.0,0.0023393526854439267,0.25,0.02960095012590186,True,0,1.0,0.9913762307333153,0.6024878694600981,0.6646380994014569,0.1943162407228579,0.09456469632065284,0.18074636083802942,-0.06724288968448218,0.028128525342937846
2016-11-21,44,0.799999999999711,0.200000000000343,0.500000000000027,1.000000000000054,0.2999999999996839,0.5999999999993678,0.0,0.25000000000037215,0.25,0.02958042682292441,True,0,1.0,1.0000000000017149,0.5272206410931972,0.8387235991418919,0.17671209734098645,0.052939046337342976,0.15816619232795917,-0.06765759215949696,0.15226827772590787
2016-12-06,44,0.8453764336177765,0.05004392423456597,0.44771017892617115,0.8954203578523423,0.3976662546916052,0.7953325093832104,0.0,0.15631227400225978,0.25,0.027535419693490402,True,0,1.0,0.2502196211728298,0.5280291475822784,0.8434418796498611,0.03842668876023442,0.05231446615998729,0.15840874427468352,-0.06486274309231872,0.15081285441355352
2016-12-20,44,1.0000000000457197,9.40839073315658e-12,0.5000000000275641,1.0000000000551281,0.5000000000181556,1.0000000000363112,0.0,0.2500000000448269,0.25,0.027578139525217538,True,0,1.0,4.70419536657829e-11,0.5443539285383638,0.8120268178376673,0.031047104918426476,0.009571774105606902,0.14950665798553583,-0.05000633249156359,0.21774157141534556
2017-01-05,44,0.999999999992,-4.962611858617897e-12,0.49999999999351863,0.9999999999870373,0.4999999999984812,0.9999999999969624,0.0,0.25000000001067724,0.25,0.021088974242286684,True,0,1.0,2.4813059293089482e-11,0.5011652724746428,0.8155888134240799,0.03376561756513993,-0.021662946920849795,0.15034958174239285,-0.03814510442306308,0.11245234532133355
2017-01-20,44,1.0000000000216847,1.3020405521241222e-11,0.5000000000173526,1.0000000000347051,0.5000000000043321,1.0000000000086642,0.0,0.25000000002088246,0.25,0.020102020961509034,True,0,1.0,6.51020276062061e-11,0.4808626538171666,0.7942252500876745,0.12993543343229536,-0.05450361191828671,0.14425879614514997,-0.030034949551919845,0.11210305471395741
2017-02-03,44,1.0000000000004658,3.236411153708685e-13,0.5000000000003948,1.0000000000007896,0.5000000000000712,1.0000000000001423,0.0,0.2500000000006044,0.25,0.023222075595405327,True,0,1.0,1.6182055768543425e-12,0.5190783179185731,0.6666666666793528,0.1480089721048927,-0.022426549655183915,0.1403453616157726,-0.0239585081649795,0.20763132716742924
2017-02-17,44,0.998796905473179,0.0012030945758595836,0.5000000000245193,1.0000000000490386,0.49879690544865957,0.9975938108973191,0.0,0.2500000000157748,0.25,0.025897296696077356,True,0,1.0,0.0060154728792979175,0.45635952093416093,0.6072671936158714,0.22817976046708047,-0.04771866001514702,0.12695251822819634,-0.024874529861861023,0.14813554820521002
2017-03-06,44,0.9959862627242684,0.004013737311367528,0.500000000017818,1.000000000035636,0.49598626270645035,0.9919725254129007,0.0,0.25000000001996664,0.25,0.0309530405045374,True,0,1.0,0.020068686556837637,0.624774711852714,0.5635869156603159,0.312387355926357,-0.07125740365923267,0.09821575311789445,-0.024923493171787506,0.11572888757422418
2017-03-20,44,0.9948758206891081,0.005124179294726328,0.49999999999191713,0.9999999999838343,0.4948758206971909,0.9897516413943818,0.0,0.2500000000054626,0.25,0.033779887791981725,True,0,1.0,0.025620896473631638,0.8181830688019194,0.7209058997249851,0.4090915344009597,-0.08550314366335807,0.049640531533826186,-0.023336377600699183,0.07517812655225858
2017-04-03,44,0.9964365799358023,0.0035634200380193445,0.49999999998691086,0.9999999999738217,0.49643657994889145,0.9928731598977829,0.0,0.13788179182625457,0.25,0.03543495822675641,True,0,1.0,0.017817100190096722,0.8973911133336934,0.8333333333174807,0.4486955566668467,-0.09945255534143796,-0.01091888125607955,-0.02309952715140818,0.06876078262278597
2017-04-18,44,0.9986522098146553,0.0013477902399262978,0.5000000000272908,1.0000000000545817,0.49865220978736446,0.9973044195747289,0.0,0.15528286105683634,0.25,0.03175375067636526,True,0,1.0,0.006738951199631488,0.7616361509418413,0.7090100535496723,0.38081807547092067,-0.09937404373681502,-0.011105916710081085,-0.023083846137909595,0.06985499961780323
2017-05-02,44,0.9923407365661989,0.00765926344119313,0.500000000003696,1.000000000007392,0.49234073656250293,0.9846814731250059,0.0,0.24999999999949363,0.25,0.0350469901471446,True,0,1.0,0.03829631720596565,0.8793641495766144,0.8119058250256739,0.4396820747883072,-0.09767842502652367,-0.010872720213192763,-0.023627208835129313,0.08393541770108505
2017-05-16,44,0.9886019847862374,0.011398015209555799,0.4999999999978967,0.9999999999957934,0.48860198478834094,0.9772039695766819,0.0,0.25000000000338,0.25,0.025371797518836593,True,0,1.0,0.05699007604777899,0.7277296054086853,0.6684710703733259,0.3638648027043426,-0.09656059571074563,-0.0108697673890206,-0.022113670408191503,0.0954817743735283
2017-05-31,44,0.8912466948914407,0.10875330508640002,0.49999999998892036,0.9999999999778407,0.3912466949025203,0.7824933898050406,0.0,0.2500000000161617,0.25,0.02207632414748443,True,0,1.0,0.5437665254320001,0.5989024126050799,0.6714068880036694,0.29945120630253996,-0.09733372190482625,-0.01097868181883385,-0.02233943532488966,-0.07283485046106564
2017-06-14,43,0.8944957546575768,0.10550424530833846,0.49999999998295763,0.9999999999659153,0.3944957546746192,0.7889915093492385,0.0,0.25000000001367023,0.25,0.018505362562793396,True,0,1.0,0.5275212265416923,0.4409083458531002,0.6745845286953972,0.2204541729265501,-0.05132769042884058,0.06897071850234054,-0.023065753306350908,-0.07933319376047294
2017-06-28,44,0.9937852376087248,0.006214762385538128,0.4999999999971315,0.999999999994263,0.49378523761159343,0.9875704752231869,0.0,0.24999999999949732,0.25,0.020549950573555575,True,0,1.0,0.03107381192769064,0.6363617004706001,0.8231805785347096,0.16241136655629224,-0.05846948071488826,0.05608308588671204,-0.02348614493538148,-0.25454468018824006
2017-07-13,43,0.9844767270192143,0.015523272984788526,0.5000000000020015,1.000000000004003,0.4844767270172129,0.9689534540344258,0.0,0.2500000000042407,0.25,0.02060830367379825,True,0,1.0,0.07761636492394262,0.7401463126783512,0.8873462777702242,0.1423706982998876,-0.06618041735851668,0.04218457660218679,-0.01803761462832601,-0.2960585250713405
2017-07-27,44,0.9694300804314449,0.030569919562261516,0.49999999999685313,0.9999999999937063,0.4694300804345916,0.9388601608691832,0.0,0.027729626623527917,0.25,0.019448381991169758,True,0,1.0,0.15284959781130758,0.7624573675221299,0.906164626646862,0.13809531034470002,-0.06606146538667261,0.041573345226333006,-0.00929885131621093,-0.304982947008852
2017-08-10,44,0.9570180497355143,0.040295660144772164,0.4986568549401433,0.9973137098802866,0.45836119479537113,0.9167223895907423,0.0,0.01469432710197792,0.25,0.01937007047077093,True,0,1.0,0.2014783007238608,0.7716880924848099,0.9050387345694463,0.13714021973036516,-0.06690351598839148,0.04162160280927966,-4.90736424154447e-12,-0.30867523699392396
2017-08-24,44,0.6942971592134568,0.005702840793080449,0.35000000000326864,1.000000000009339,0.3442971592101882,0.9837061691719664,0.0,0.2635142796829645,0.2635143796709664,0.013602559985504066,True,0,0.7,0.040734577093431784,0.8263094497131599,1.000000000001031,0.07622665353066232,-0.052509097206664364,0.0312517160609589,-2.535252804901193e-12,-0.23136664591968475
2017-09-08,44,0.8049535270857222,0.19504647290990723,0.4999999999978147,0.9999999999956294,0.30495352708790757,0.6099070541758151,0.0,0.2500000000002153,0.25,0.01781880863011352,True,0,1.0,0.9752323645495361,0.8037765600128024,0.9999999999963993,0.07622573790946195,-0.043739759754092354,0.0314913267841469,-3.3917035443748724e-12,-0.321510624005121
2017-09-22,44,0.8022449140854763,0.19775508592656424,0.5000000000060202,1.0000000000120404,0.3022449140794561,0.6044898281589122,0.0,0.08507547083230262,0.25,0.01699990551833584,True,0,1.0,0.9887754296328212,0.7792874406850153,0.9792620743267422,0.0519245304474417,-0.04327783318061628,0.02617096109584705,-2.3228511438385766e-12,-0.31171497627400613
2017-10-06,44,0.781479585555295,0.20000000001579338,0.49073979278554414,0.9814795855710883,0.2907397927697508,0.5814795855395016,0.0,0.25000000001523154,0.25,0.021089416256987684,True,0,1.0,1.0000000000789668,0.6742210667371321,0.955791219661875,0.05023305139823281,0.0068758518183640715,0.03726077995154304,-0.06283749952271714,-0.2696884266948529
2017-10-20,44,0.8000000000043672,0.19999999997065657,0.4999999999875118,0.9999999999750236,0.30000000001685523,0.6000000000337105,0.0,0.22647520124265086,0.25,0.02180333926831709,True,0,1.0,0.9999999998532828,0.612885393604419,0.9134702700842368,0.11528404160581093,-0.006023225395856803,0.01782007631948606,-0.06960520062226934,-0.2451541574417676
2017-11-03,44,0.8023895194620754,0.1976104805326124,0.4999999999973439,0.9999999999946878,0.3023895194647314,0.6047790389294628,0.0,0.2500000000007456,0.25,0.02008289234431939,True,0,1.0,0.9880524026630619,0.4934174080522982,0.7748389698451829,0.12078775862443891,0.03610378241512461,0.04153925002464827,-0.07028010288622759,-0.1973669632209193
2017-11-17,44,0.8000000000021382,0.19999999995613651,0.49999999997913736,0.9999999999582747,0.3000000000230008,0.6000000000460016,0.0,0.2500000000226464,0.25,0.02066205575878381,True,0,1.0,0.9999999997806825,0.45220311829644005,0.5677452239045996,0.22610155914822003,0.03342552008557156,0.04114244094074336,-0.07048261176080951,-0.1352454368407653
2017-12-04,44,0.860844341990599,0.1391556579526324,0.49999999997161576,0.9999999999432315,0.36084434201898336,0.7216886840379667,0.0,0.25000000004076517,0.25,0.022256800913665734,True,0,1.0,0.695778289763162,0.4698923167481565,0.6844344047123518,0.23494615837407826,0.03100452126912633,0.03958395471929279,-0.0696153667333821,-0.11747416092497694
2017-12-18,44,0.854059264025831,0.14594073598463667,0.5000000000052339,1.0000000000104678,0.35405926402059723,0.7081185280411945,0.0,0.2500000000096424,0.25,0.02076648650874837,True,0,1.0,0.7297036799231833,0.39083264722923133,0.6169921216213559,0.19541632361461567,0.07152317396271636,0.03187500577567893,-0.07220134728253805,-0.09083114299323405
2018-01-03,44,0.862749891847085,0.13725010814158847,0.49999999999433664,0.9999999999886733,0.36274989185274825,0.7254997837054965,0.0,0.25000000000222455,0.25,0.019816246852763026,True,0,1.0,0.6862505407079423,0.4260149660888852,0.6318437497055598,0.2130074830444426,0.05900990948648663,0.022451251691406285,-0.07916142457121522,-0.09930610888867088
2018-01-18,44,0.9711646035823068,0.028835396407645812,0.4999999999949763,0.9999999999899526,0.4711646035873304,0.9423292071746608,0.0,0.2500000000030197,0.25,0.01979631537701756,True,0,1.0,0.14417698203822904,0.3503005465169188,0.5569607402061522,0.1751502732584594,0.11225809842115302,0.01836745652682487,-0.08661068838383297,-0.08204802280086612
2018-02-01,44,0.7000000000013091,-7.110869185145141e-12,0.3499999999970991,0.9999999999917117,0.35000000000420994,1.0000000000120284,0.0,0.2717088244253778,0.27170882442626426,0.01486104592026412,True,0,0.7,5.079192275103673e-11,0.34358407431804616,0.5806419572156859,0.12025442601131614,0.07645900881864899,0.012548024730308782,-0.07136570656403689,-0.041767902875161106
2018-02-15,44,0.40000000000943114,9.011572738026885e-12,0.20000000000922136,1.0000000000461067,0.2000000000002098,1.000000000001049,0.0032128300337054827,0.2960166980539181,0.29601669804546527,0.011027980481005686,True,0,0.4,1.1264465922533604e-10,0.34011889810494217,0.5667527031315919,0.06802377962098843,0.04534189386097323,0.009290835755354816,-0.04438017601652379,-0.025917527524888746
2018-03-02,44,0.39999999999758656,-5.9159760423810326e-12,0.19999999999583526,0.9999999999791762,0.20000000000175122,1.000000000008756,0.0,0.25000000000290046,0.25,0.008231034325231904,True,0,0.4,7.39497005297629e-11,0.5661428132640447,0.8882146141688746,0.015437507908220752,0.010251197001422794,0.00309545058125685,-0.03868253099049812,-0.09058285012224718
2018-03-16,44,0.576993277545894,-0.04806757164523943,0.26446285295032723,0.7556081512866493,0.31253042459556674,0.8929440702730479,0.0,0.25000000000575084,0.25,0.012437805080342,True,0,0.7,0.34333979746599597,0.5079859033112079,0.6526444468765238,0.014253945204274622,-0.06267630803534938,-0.005253788341102348,-0.024386353339584214,-0.14223605292713817
2018-04-02,44,0.6126080291935301,-0.08739197081028516,0.26260802919162246,0.7503086548332071,0.3500000000019077,1.0000000000054505,0.0,0.16838668742025817,0.25,0.012979051845676699,True,0,0.7,0.6242283629306083,0.4532795320759729,0.5356506490766791,-0.0003032138490938382,-0.11399113166136654,-0.06393899438210417,-0.0032618124669113475,-0.1269182689812724
2018-04-16,44,0.6147980856443513,-0.08520191435055495,0.2647980856468982,0.7565659589911378,0.34999999999745307,0.9999999999927232,0.0,0.024528095910724898,0.25,0.013047600471660937,True,0,0.7,0.608585102503964,0.46888302330257264,0.5340320763639685,-0.0018792660785337965,-0.11931585545951043,-0.07333343151594496,0.004682711576435206,-0.13128724652472032
2018-04-30,44,0.6115549266668956,-0.08844507333313327,0.2615549266668812,0.7472997904768034,0.3500000000000145,1.0000000000000415,0.0,0.1683988534205364,0.25,0.012953552231581577,True,0,0.7,0.6317505238080948,0.7333333333325543,0.7500000000029212,-0.02872434650047596,-0.12039981906889205,-0.1539999999998364,0.012947490210942934,-0.13308598704255697
2018-05-14,44,0.8604484305889621,0.13955156941827718,0.5000000000036197,1.0000000000072393,0.3604484305853425,0.720896861170685,0.0,0.2500000000051197,0.25,0.02463379767465929,True,0,1.0,0.6977578470913859,0.6425268899395001,0.61686874051745,-0.02745690217491337,-0.12469626789521239,-0.1561795273132522,0.10639325405513066,-0.2570107559758001
2018-05-29,44,0.9999999999994837,7.101264021258658e-14,0.49999999999977734,0.9999999999995547,0.49999999999970635,0.9999999999994127,0.0,0.2500000000002086,0.25,0.023305121638193507,True,0,1.0,3.550632010629329e-13,0.69303593068783,0.8964694880711571,-0.05956572250512415,-0.18588461075063994,-0.20791077920634898,0.09735902557668533,-0.2370078751613731
2018-06-12,44,1.0000000000263465,6.9505512456657925e-12,0.5000000000166486,1.0000000000332971,0.5000000000096979,1.0000000000193958,0.0,0.2500000000213335,0.25,0.0188375827393786,True,0,1.0,3.475275622832896e-11,0.6647478799368706,0.8596729738740783,-0.07256962077712421,-0.17737028453686143,-0.19942436398106117,0.09297614604954287,-0.06074268838397384
2018-06-26,44,1.0000000000023375,2.18013627983904e-12,0.5000000000022589,1.0000000000045177,0.5000000000000786,1.0000000000001572,0.0,0.25000000000459577,0.25,0.022246906311232925,True,0,1.0,1.09006813991952e-11,0.6050276481192761,0.9593923038398996,-0.06739604695875638,-0.1589807851503239,-0.1815082944357828,0.12280809828304025,0.04192935061572332
2018-07-11,44,1.000000000014182,9.251283766831264e-12,0.5000000000117166,1.0000000000234333,0.5000000000024654,1.0000000000049307,0.0,0.25000000000208905,0.25,0.02452377971681429,True,0,1.0,4.625641883415632e-11,0.5850142372502914,0.9485205855711578,0.03204540891825868,-0.14983707273036095,-0.17550427117508743,0.09772044769419758,0.11433501848202009
2018-07-25,44,0.9473719787192647,-0.05262802127320747,0.44737197872302864,0.8947439574460573,0.4999999999962361,0.9999999999924722,0.0,0.2500000000167758,0.25,0.025217055372089486,True,0,1.0,0.2631401063660373,0.47560145907198786,0.9999999999539088,0.053138515137795744,-0.117511306334194,-0.14268043772159636,0.07207944183098328,0.16921564501115163
2018-08-08,44,1.0000000000131952,1.0610685940992681e-11,0.5000000000119029,1.0000000000238058,0.5000000000012923,1.0000000000025846,0.0,0.25000000001256967,0.25,0.023334170958940054,True,0,1.0,5.3053429704963406e-11,0.4460858751342883,0.8964962717072006,0.03581331657998532,-0.05695460422749874,-0.1292973633791578,0.055091496226401485,0.17843435005371533
2018-08-22,44,0.9984152646096424,0.0015847353963369532,0.5000000000029897,1.0000000000059794,0.49841526460665264,0.9968305292133053,0.0,0.0030108590644704687,0.25,0.02324178463958882,True,0,1.0,0.007923676981684766,0.4434942809849722,0.8929864580990773,0.03788199412523942,-0.05687702182062514,-0.1288632790829587,0.05471836434346081,0.17739771239398888
2018-09-06,44,0.9600371825386107,-0.03996281746803911,0.4600371825352858,0.9200743650705716,0.5000000000033249,1.0000000000066498,0.0,0.15399401635187965,0.25,0.025345720628676054,True,0,1.0,0.19981408734019554,0.7073903844891558,0.9289532276818191,0.04940154534643162,-0.04227849089800023,-0.10977827888810285,0.05466951296922558,0.28295615379566236
2018-09-20,44,0.9999999999974098,-1.5138820752547133e-11,0.4999999999911354,0.9999999999822708,0.5000000000062742,1.0000000000125484,0.0,0.2500000000046707,0.25,0.024604205551594076,True,0,1.0,7.569410376273566e-11,0.7844228206797704,0.9862255317338102,0.058480068439427255,-0.030343554857130365,-0.09864332129890195,0.022078834696531942,0.31376912827190817
2018-10-04,44,0.9921481732077301,0.007851826844410437,0.5000000000260703,1.0000000000521405,0.4921481731816598,0.9842963463633196,0.0,0.2500000000349333,0.25,0.023439299380016054,True,0,1.0,0.03925913422205218,0.736113920306262,0.9045238656042425,0.14836518473322338,-0.0411200920970761,-0.09753989790966575,0.010265732781455752,0.29444556812250483
2018-10-18,44,0.700000000008027,9.229776665176104e-12,0.3500000000086284,1.0000000000246527,0.34999999999939857,0.9999999999982817,0.0,0.2921497104021478,0.2921498103995304,0.017758653718840535,True,0,0.7,6.592697617982932e-11,0.6938750264838569,0.8645774936486619,0.08962545235977651,-0.03844031404386344,-0.08203890207206499,0.011157751257352829,0.1942850074154799
2018-11-01,44,0.6430044027487786,-0.056995597250973445,0.29300440274890255,0.8371554364254359,0.349999999999876,0.9999999999996458,0.0,0.2500000000070052,0.25,0.019839913241670476,True,0,0.7,0.40711140893552467,0.5680248693038638,0.7281381076190204,0.10390680917870368,-0.1284429063256823,-0.05554850680335667,0.012403076864175572,0.15904696340508184
2018-11-15,44,0.5940304478983359,-0.10596955210186096,0.2440304478982375,0.6972298511378214,0.35000000000009845,1.0000000000002813,0.0,0.24497350034723409,0.25,0.015964112375929537,True,0,0.7,0.7569253721561497,0.43600358801637606,0.5498772701760777,0.06523408489317659,-0.1526012558057316,-0.0446939145003741,0.015133435115459455,0.11467888924245526
2018-11-30,44,0.6265214844339558,-0.19450527091027037,0.21600810676184273,0.43201621352368547,0.41051337767211304,0.8210267553442261,0.0,0.08882751626060181,0.25,0.017066641961930105,True,0,1.0,0.9725263545513518,0.39354622123108407,0.46315821853209976,0.06805618675762536,-0.19677311061554204,-0.04475594304325766,-0.0057662140881240866,0.12402289484305037
2018-12-17,44,0.5599999999984282,-0.14000000000284768,0.20999999999779026,0.5999999999936865,0.3500000000006379,1.0000000000018228,0.0,0.10092779329896098,0.25,0.01476875663208315,True,0,0.7,1.0000000000203406,0.4449641728025665,0.5552567836945487,0.047865807880909446,-0.15157633713933646,-0.044872342556884826,-0.005869356557546241,0.12458996838471861
2019-01-02,44,0.35150952380393474,-0.04849047619606528,0.15150952380393473,0.7575476190196736,0.2,1.0,0.0,0.21445152701755948,0.25,0.011015555170922744,True,0,0.4,0.6061309524508158,0.5774717770037119,0.7121537231202013,0.03836946081198317,-0.07408368636941123,-0.02995170403527526,-0.004624691695518354,0.09239548432059393
2019-01-16,44,0.5414092589763212,0.1399999999978336,0.3407046294870774,0.973441798534507,0.2007046294892439,0.5734417985406969,0.0,0.20482782330561725,0.25,0.011578659623518865,True,0,0.7,0.9999999999845258,0.33113802263696723,0.699595273930249,0.0559899322264707,-0.025143551206080448,-0.030271656391954567,-0.004657531537696616,0.09271864633835082
2019-01-31,44,0.675562522509416,0.1999999999953398,0.4377812612523778,0.8755625225047556,0.23778126125703805,0.4755625225140761,0.0,0.2500000000016459,0.25,0.012814912196437558,True,0,1.0,0.999999999976699,0.3567855855180634,0.5029548911686033,0.023143111411456665,0.031291525865200585,-0.10703567565541901,-0.0047515271017661885,0.09325665451728363
2019-02-14,44,0.5950979280805891,0.1999999999924743,0.3975489640365318,0.7950979280730636,0.19754896404405742,0.39509792808811484,0.0,0.24999999999925543,0.25,0.010710485747129383,True,0,1.0,0.9999999999623715,0.2790033311134297,0.5405923742655026,-0.02950772442251146,0.06777049383462395,-0.0837009993340289,-0.00338959997691401,0.05219152684679927
2019-03-01,44,0.5680339620667304,0.2000000000231435,0.384016981044937,0.768033962089874,0.1840169810217934,0.3680339620435868,0.0,0.03992201249310459,0.25,0.011511404099259418,True,0,1.0,1.0000000001157174,0.25575795683614744,0.525145064374434,-0.037939702454918935,0.07830106424924241,-0.07672738705084423,-0.004062109452033869,0.04918287004314097
2019-03-15,44,0.5697352392823107,0.19999999996442452,0.3848676196233677,0.7697352392467354,0.18486761965894322,0.36973523931788643,0.0,0.002030636846464595,0.25,0.011694993213469715,True,0,1.0,0.9999999998221226,0.2556635354704083,0.5271390066831448,-0.038222182855981106,0.07840040621796363,-0.07669906064112249,-0.0041640226595278055,0.049269933769452635
2019-03-29,44,0.3996173160478646,0.20000000000753312,0.29980865802769885,0.5996173160553977,0.09980865802016574,0.19961731604033148,0.0,0.250000000008801,0.25,0.007071961219584627,True,0,1.0,1.0000000000376656,0.16884986830639112,0.34203229162767895,-0.000552573392804448,0.08442493415319556,0.030475460545775792,-0.012517491174067254,0.05214804318201161
2019-04-12,44,0.5858570913642485,0.19999999998458537,0.39292854567441693,0.7858570913488339,0.19292854568983153,0.38585709137966306,0.0,0.2500000000007702,0.25,0.014245614175733957,True,0,1.0,0.9999999999229268,0.2751187731286548,0.49999999999456174,-0.020947998385941285,0.1375593865643274,0.059999999998878464,-0.05946403658358115,0.08449477670405998
2019-04-29,44,0.8000000000036741,0.20000000000842436,0.5000000000060493,1.0000000000120985,0.29999999999762483,0.5999999999952497,0.0,0.22483574121594654,0.25,0.02044947149881907,True,0,1.0,1.0000000000421216,0.32822077641516245,0.5944662000374458,-0.0574101342259255,0.16411038820758123,0.09778648001481971,-0.08249198775943027,0.10785241811780587
2019-05-13,44,0.799999999999668,0.1999999999987303,0.4999999999991992,0.9999999999983984,0.3000000000004689,0.6000000000009378,0.0,0.023682575319588915,0.25,0.02032052170563759,True,0,1.0,0.9999999999936515,0.32846842878387184,0.5961331958840773,-0.052807421004438616,0.16420423944185383,0.09854052863516155,-0.08981856405640636,0.1102542016876426
2019-05-28,44,0.8107339527733829,0.18926604722353932,0.499999999998461,0.999999999996922,0.31073395277492166,0.6214679055498433,0.0,0.2500000000015725,0.25,0.021393451927912303,True,0,1.0,0.9463302361176965,0.3622349739331157,0.5971432096394249,-0.05286111196603273,0.18111748696655786,0.09885728385593798,-0.09662514093030841,0.113076001847078
2019-06-11,44,0.8089614395427568,0.19103856046257348,0.500000000002665,1.00000000000533,0.30896143954009164,0.6179228790801833,0.0,0.25000000000407496,0.25,0.022348176147862806,True,0,1.0,0.9551928023128673,0.2916854102272847,0.484242220997646,-0.016265399103786042,0.14584270511364236,0.07510144190593736,-0.09645980081248395,0.039139509291690515
2019-06-25,45,0.8069943194244232,0.19300568058302475,0.500000000003724,1.000000000007448,0.3069943194206993,0.6139886388413986,0.0,0.1675162741433444,0.25,0.02315909817563151,True,0,1.0,0.9650284029151237,0.2428114064788509,0.538062553501985,0.027877953646993688,0.12140570323942546,0.0577493409109245,-0.0980425283897061,0.009332282849504804
2019-07-10,45,0.7999999999950277,0.20000000001651333,0.5000000000057706,1.0000000000115412,0.29999999998925725,0.5999999999785145,0.0,0.03730411457490686,0.25,0.021958001152165015,True,0,1.0,1.0000000000825666,0.2429294503244883,0.5355743681916568,0.012900121028889879,0.12146472516224414,0.057835581949082775,-0.08313314262998399,0.001898034289029512
2019-07-24,45,0.7831059901550759,0.20000000004106083,0.49155299509806827,0.9831059901961365,0.29155299505700755,0.5831059901140151,0.0,0.25000000003761386,0.25,0.0231762437961665,True,0,1.0,1.000000000205304,0.2385476941956018,0.5341010165323625,0.004417381036921454,0.1192738470978009,0.021052865774340172,-0.08014770314941286,-0.0011105002618864573
2019-08-07,45,0.7995076460340673,0.200000000006046,0.49975382302005666,0.9995076460401133,0.29975382301401066,0.5995076460280213,0.0,0.06406108039371529,0.25,0.022826551863582158,True,0,1.0,1.00000000003023,0.23805352045107528,0.6574481300693166,0.024689733685693906,0.11902676022553764,0.020940472116544536,-0.07015902280513936,0.028932350716962707
2019-08-21,45,0.6234908266803454,0.07650917331597296,0.34999999999815923,0.9999999999947408,0.27349082668218627,0.7814023619491037,0.0,0.17273045933645548,0.25,0.02012206548829347,True,0,0.7,0.5464940951140926,0.2492183226482029,0.791620753707727,-0.0005927728353554385,0.08722641292687101,0.016488799103901587,-0.06612510323673282,0.05191478482389812
2019-09-05,45,0.80970321077219,0.19029678922815174,0.5000000000001709,1.0000000000003417,0.3097032107720191,0.6194064215440382,0.0,0.18199098109357958,0.25,0.030234740631098454,True,0,1.0,0.9514839461407587,0.17494794456498328,0.7696789618049185,-0.0006761296213464741,0.08747397228249164,0.016468476763826914,-0.04049133312299632,0.021279713558002095
2019-09-19,45,0.8125381886108446,0.1874618114041575,0.5000000000075011,1.0000000000150022,0.3125381886033436,0.6250763772066872,0.0,0.1573436853224115,0.25,0.029340087884105154,True,0,1.0,0.9373090570207874,0.26475148678448607,1.0000000000117706,-0.02000241810648599,0.06829625254816088,0.010936943469941398,-0.047099282162425024,0.10590059471379443
2019-10-03,45,0.8074109479444419,0.19258905205183008,0.49999999999813605,0.9999999999962721,0.30741094794630597,0.6148218958926119,0.0,0.20218780597247568,0.25,0.031744711376315814,True,0,1.0,0.9629452602591504,0.22735561346037442,0.9510599247064322,0.05962863396272334,0.039154603823314225,0.002423440018838164,-0.04624425486412995,0.09094224538414977
2019-10-17,45,0.8153209061544702,0.1846790938668205,0.5000000000106454,1.0000000000212907,0.31532090614382485,0.6306418122876497,0.0,0.008160044155370132,0.25,0.03387140811631457,True,0,1.0,0.9233954693341024,0.2337133874882933,0.9514891055438398,0.05723658257863269,0.03914068359617602,0.0024213050017422616,-0.04882574995249458,0.09348535499531732
2019-10-31,45,0.8153971123646058,0.18460288763816818,0.5000000000013871,1.0000000000027742,0.31539711236321893,0.6307942247264379,0.0,0.2028641369057541,0.25,0.03144487830995877,True,0,1.0,0.9230144381908408,0.23250683391283586,0.8565765279819026,0.11625341695641793,0.019565856970420854,1.6495406103385515e-13,-0.0511661113001765,0.06519688585133276
2019-11-14,45,0.8128656314704965,0.18713436855926815,0.5000000000148824,1.0000000000297649,0.3128656314556142,0.6257312629112284,0.0,0.2500000000151348,0.25,0.02771871336146818,True,0,1.0,0.9356718427963407,0.33333333333525733,0.7493680143268167,0.14274832648471866,0.024126945906028922,0.1000000000005772,-0.05586753831678969,0.06318610707978943
2019-11-29,45,0.7336718722303835,0.19999999995161685,0.4668359360910002,0.9336718721820004,0.2668359361393834,0.5336718722787668,0.0,0.25000000000520584,0.25,0.02672709995740829,True,0,1.0,0.9999999997580842,0.44816013931097604,0.6126573105471309,0.22408006965548802,0.01593339488937698,0.07966697445431892,-0.06034229961560451,0.04544519313635241
2019-12-13,45,0.612404698558158,0.20000000002724325,0.4062023492927006,0.8124046985854012,0.20620234926545736,0.4124046985309147,0.0,0.25000000002564793,0.25,0.025718398214937585,True,0,1.0,1.0000000001362161,0.4755406784670524,0.5316365416421086,0.2377703392335262,0.010883138880298219,0.05441569440363704,-0.0710373735721016,0.002656339490988858
2019-12-30,45,0.5949943075296966,0.1999999999849045,0.39749715375730055,0.7949943075146011,0.19749715377239613,0.39499430754479226,0.0,0.25000000000218575,0.25,0.02944998656562811,True,0,1.0,0.9999999999245225,0.5617572449521381,0.6137973073522741,0.28087862247606904,0.010840958248600938,0.05479178689494836,-0.07691482445989695,0.02646786484144752
2020-01-14,45,0.780958992229792,0.20000000015038105,0.4904794961900867,0.9809589923801734,0.29047949603970563,0.5809589920794113,0.0,0.2500000001389738,0.25,0.03244953207834062,True,0,1.0,1.0000000007519052,0.5825445188978637,0.7060401027838318,0.29127225944893187,-0.00032985556609405726,0.05052400912069715,-0.07220340479058603,0.013698672954540816
2020-01-29,45,0.7070891882492536,0.1999999999778036,0.4535445941135287,0.9070891882270574,0.25354459413572505,0.5070891882714501,0.0,0.2500000000079485,0.25,0.031413102536407396,True,0,1.0,0.999999999889018,0.53895450525013,0.6726442700593038,0.269477252625065,-0.011520147995394468,-0.0044307116207638764,-0.05455170091728237,-0.01407840646911683
2020-02-12,45,0.7836566157953955,0.20000000000005727,0.49182830789772636,0.9836566157954527,0.2918283078976691,0.5836566157953382,0.0,0.25000000000012335,0.25,0.02832191000009027,True,0,1.0,1.0000000000002862,0.5636990449159375,0.6446250550013679,0.28184952245796874,0.03421750842567598,0.07690557321989244,-0.05553337663032183,0.07570463799403856
2020-02-27,45,0.4000000000027261,-4.95459923088859e-12,0.19999999999888576,0.9999999999944288,0.20000000000384038,1.0000000000192018,0.008147999273611164,0.3607249090614279,0.3607249090630507,0.013213096493439826,True,0,0.4,6.193249038610736e-11,0.49200499805868825,0.9085281865102097,0.09840099961173765,0.0053445543192238345,0.0240608178452224,-0.046178052914989706,0.05106161727155154
2020-03-12,45,0.3607503682659783,-0.006143268814277812,0.17730354972585027,0.8865177486292514,0.18344681854012806,0.9172340927006403,0.0,0.011107140682474155,0.25,0.021416600135055086,True,0,0.4,0.07679086017847264,0.4417234807894471,0.8466503692082146,0.08834469615788942,0.0033187562423188234,0.020791390119840616,-0.045022449238141894,0.04479084119206942
2020-03-26,45,0.3654660068412172,-0.0012331346894687428,0.18211643607587422,0.910582180379371,0.183349570765343,0.916747853826715,0.0,0.0,0.25,0.03257120763710639,True,0,0.4,0.015414183618359282,0.46102867095271466,0.8198625096429181,0.09220573419054294,0.0032604235649704126,0.021152779622229088,-0.04503368408011921,0.0433261219726612
2020-04-09,45,0.3740120229284744,0.006165957001457171,0.19008898996496582,0.9504449498248291,0.18392303296350865,0.9196151648175432,0.0,0.0,0.25,0.03591284796849948,True,0,0.4,0.07707446251821462,0.4880667535245056,0.8198907416953568,0.09761335070490113,0.003341057242890271,0.02140181926152601,-0.0446330584942831,0.04229752130529698
2020-04-24,45,0.36987006233265235,0.009373201763752875,0.1896216320482026,0.948108160241013,0.18024843028444973,0.9012421514222486,0.0,0.0,0.25,0.036985366247135214,True,0,0.4,0.11716502204691091,0.4919927930189434,0.815270521006857,0.09839855860378868,0.0027658718890989187,0.020586213547295302,-0.042182093794227445,0.04145140090050292
2020-05-08,45,0.3731449147439027,0.010143004173269635,0.1916439594585862,0.5475541698816749,0.18150095528531657,0.5185741579580474,0.0,0.0,0.25,0.0372023072706233,True,0,0.7,0.07245002980906882,0.2787509182667698,0.4673244138528225,0.09756282139336941,0.003501976913838078,0.02153190518915577,-0.04174080837110125,0.041269083055256665
2020-05-22,45,0.3718278664775703,0.01206709068309696,0.19194747858033362,0.5484213673723818,0.17988038789723668,0.5139439654206762,0.0,0.0,0.25,0.037510941896569165,True,0,0.7,0.08619350487926401,0.27966578355036625,0.4626319530733976,0.09788302424262818,0.003900882506674379,0.022332231846054446,-0.04068616823048415,0.04121563847472273
2020-06-08,45,0.38597165545701867,0.022949576370573575,0.20446061591379613,0.40892123182759227,0.18151103954322256,0.3630220790864451,0.0,0.0030496727999516082,0.25,0.039872907730615866,True,0,1.0,0.11474788185286787,0.20653395959363252,0.32766082331046564,0.10326697979681626,0.004812209654598829,0.023056836696962638,-0.04113139914796677,0.03970637283824312
2020-06-22,45,0.5486262063695261,0.2000000000048497,0.37431310318718786,0.7486262063743757,0.17431310318233822,0.34862620636467645,0.0,0.1786120449201422,0.25,0.037730412395460766,True,0,1.0,1.0000000000242484,0.20306440155759098,0.32729461996621495,0.10153220077879549,0.0322180971086834,0.023016375490678496,-0.03966958754887616,0.04046197666541312
2020-07-07,45,0.49823174478694277,0.19999999998491108,0.3491158723859269,0.6982317447718538,0.14911587240101587,0.29823174480203174,0.0,0.05224751411103401,0.25,0.03310714661565467,True,0,1.0,0.9999999999245553,0.17468866048575069,0.3085245404647904,0.08734433024287534,0.029871993108226375,0.02055835992492548,-0.040345318579556526,0.019361221404692576
2020-07-21,45,0.69040839913839,0.19999999999934098,0.4452041995688655,0.890408399137731,0.24520419956952455,0.4904083991390491,0.0,0.19173054891610666,0.25,0.03756288877703823,True,0,1.0,0.9999999999967049,0.4119179359558856,0.8426630303701148,0.09013934653767619,0.0314447166156805,0.020929106025663474,-0.03864751975453102,-0.16476717438235425
2020-08-04,45,0.6774234232223508,0.20000000003042648,0.43871171162638867,0.8774234232527773,0.2387117115959622,0.4774234231919244,0.0,0.019214282869874172,0.25,0.036280029110309045,True,0,1.0,1.0000000001521323,0.4121038612124893,0.8458867296547659,0.08530916862804745,0.03367236670116077,0.020142476125176778,-0.03880058750495637,-0.16484154448499574
2020-08-18,45,0.6812199942942356,0.1999999999628322,0.4406099971285338,0.8812199942570677,0.2406099971657017,0.4812199943314034,0.0,0.001317446462317573,0.25,0.036729793279741074,True,0,1.0,0.9999999998141609,0.4139624205892085,0.8496180149785884,0.08678490755742373,0.033528926130547074,0.020032441932197963,-0.040100889660120126,-0.16558496823568342
2020-09-01,45,0.6780748790157947,0.20000000003826138,0.439037439527028,0.878074879054056,0.23903743948876666,0.4780748789775333,0.0,0.007417120229129465,0.25,0.03594487817438604,True,0,1.0,1.0000000001913067,0.413933476281255,0.8479904183344654,0.08643657632665061,0.03336440545201312,0.019884732728433652,-0.04115197030136518,-0.165573390512502
2020-09-16,45,0.654136939476313,0.20000000002978002,0.4270684697530465,0.854136939506093,0.22706846972326655,0.4541369394465331,0.0,0.19946072377103785,0.25,0.0207464080707912,True,0,1.0,1.0000000001489,0.389177761719785,0.8443093161551241,-0.0008061718104764991,0.08152621119781064,0.021661513851408704,-0.03989429080574152,-0.155671104687914
2020-09-30,45,0.6326411783190291,0.19999999998441043,0.41632058915171977,0.8326411783034395,0.2163205891673094,0.4326411783346188,0.0,0.11491361462583584,0.25,0.017126750776800453,True,0,1.0,0.9999999999220521,0.48446243399730443,0.9642874976875664,0.006114150410770376,0.07099945721111117,0.006000279471201716,-0.04061528677357846,-0.19378497359892177
2020-10-14,45,0.5617785054726394,0.20000000002535373,0.3808892527489966,0.7617785054979932,0.18088925272364284,0.3617785054472857,0.0,0.2500000000181583,0.25,0.016957606180829234,True,0,1.0,1.0000000001267686,0.5439168617342762,0.7121626472985462,-0.012924964177754074,0.051769499205909335,-0.0002802841637276324,0.005412094943587874,-0.2175667446937105
2020-10-28,45,0.5286682982294792,0.19999999999590615,0.3643341491126927,0.7286682982253854,0.16433414911678654,0.3286682982335731,0.0,0.030774428630246486,0.25,0.016236994490177542,True,0,1.0,0.9999999999795307,0.541414275292506,0.6972022048271458,-0.012206598810801897,0.04980023357165606,-0.00027632003335311127,0.013547364225280927,-0.2165657101170024
2020-11-11,45,0.49181136726114444,0.20000000002946505,0.3459056836453048,0.6918113672906095,0.14590568361583967,0.29181136723167933,0.0,0.041217364202476126,0.25,0.015516581315274197,True,0,1.0,1.0000000001473253,0.5416516079979333,0.667788037229496,-0.014577983111245642,0.04665821534212239,-0.0002848850049901948,0.02577018884105586,-0.21666064319917333
2020-11-25,45,0.6170507273086921,0.19999999997702464,0.40852536364285846,0.8170507272857169,0.20852536366583382,0.41705072733166765,0.0,0.12255111303654598,0.25,0.018686243012066724,True,0,1.0,0.9999999998851231,0.6415719101201691,0.770038086797599,-0.016422548542625957,-0.016022987288264616,-0.000285593332949411,0.04633333835484788,-0.25662876404806767
2020-12-10,45,0.7709786947865102,0.20000000000598345,0.4854893473962468,0.9709786947924935,0.28548934739026327,0.5709786947805265,0.0,0.2500000000097255,0.25,0.031165427404567937,True,0,1.0,1.0000000000299172,0.7330063676611943,0.7685317941495765,0.05656308486464583,-0.06166776082794257,-0.0002879221042867671,0.07497119989146603,-0.29320254706447774
2020-12-24,45,0.8000000000025093,0.19999999999599588,0.49999999999925265,0.9999999999985053,0.3000000000032567,0.6000000000065134,0.0,0.16613141831039982,0.25,0.03374280917949094,True,0,1.0,0.9999999999799793,0.8307831611313776,0.8833050383528224,0.06760895003481442,-0.09778399269012474,-0.00028822794799200163,0.08492896563568686,-0.33231326445255105
2021-01-11,45,0.8000000000109024,0.20000000001225893,0.5000000000115807,1.0000000000231615,0.29999999999932175,0.5999999999986435,0.0,0.07692181834644207,0.25,0.030381054960925587,True,0,1.0,1.0000000000612945,0.8723490559216763,0.9475559631882613,0.06650035721400431,-0.1019134627524254,-0.0002840030815746737,0.0804375047370703,-0.34893962236867054
2021-01-26,45,0.8981343502033394,0.1018656498121937,0.5000000000077665,1.000000000015533,0.39813435019557286,0.7962687003911457,0.0,0.11707257674857172,0.25,0.034129231400959824,True,0,1.0,0.5093282490609685,0.8591179308142529,0.9193928377656413,0.07042060220923917,-0.1296441503499222,-0.00028109076493897615,0.08389854471666632,-0.3436471723257012
2021-02-09,45,0.908749679565309,0.09125032045115286,0.500000000008231,1.000000000016462,0.4087496795570781,0.8174993591141562,0.0,0.22001763306483635,0.25,0.03633384845836955,True,0,1.0,0.4562516022557643,0.7330052499359249,0.7491211295829303,0.1084457071806009,-0.13528142369921967,0.1000000000001242,0.08426492588335305,-0.29320209997436997
2021-02-24,45,0.9073682003895223,0.09263179959457546,0.49999999999204886,0.9999999999840977,0.4073682003974734,0.8147364007949468,0.0,0.19960040869265483,0.25,0.03699261042318682,True,0,1.0,0.4631589979728773,0.7076118013461804,0.7548952003132771,0.16410027884855896,-0.14668535087403875,0.0999999999993532,0.06003268262956332,-0.2830447205384722
2021-03-10,45,0.9050800002810033,0.09491999988341515,0.5000000000822094,1.0000000001644187,0.40508000019879403,0.8101600003975881,0.0,0.06561993202075891,0.25,0.03872243140493676,True,0,1.0,0.47459999941707576,0.72303896071334,0.7771669705244167,0.16263235586719277,-0.14668555787781673,0.10000000000119362,0.061579930437587214,-0.289215584285336
2021-03-24,45,0.9052457130265493,0.09475428692464538,0.49999999997559735,0.9999999999511947,0.40524571305095203,0.8104914261019041,0.0,0.04098953962076465,0.25,0.038801058504449204,True,0,1.0,0.4737714346232269,0.7460998175291909,0.8200517624359296,0.1601103551496053,-0.14594074866221712,0.09999999999809726,0.05602026644042809,-0.2984399270116764
2021-04-08,45,1.0000000000114022,1.6790333012828285e-11,0.5000000000140963,1.0000000000281926,0.49999999999730593,0.9999999999946119,0.0,0.17653214908778708,0.25,0.04204945093098275,True,0,1.0,8.395166506414142e-11,0.6767754939011544,0.6899567851926595,0.18106407357241805,-0.19832549388867302,0.060000000000035913,0.05739472274440688,-0.2707101975604618
2021-04-22,45,0.9999999999968953,-2.0574514314475323e-12,0.49999999999741895,0.9999999999948379,0.4999999999994764,0.9999999999989528,0.0,0.07360344037478489,0.25,0.04202823316178342,True,0,1.0,1.0287257157237661e-11,0.5583017789974309,0.6690743538959799,0.19006437110789634,-0.19945077582457882,0.059134590019468886,0.06313311646943802,-0.22332071159897238
2021-05-06,45,1.0000000000126843,1.1555284507025476e-11,0.5000000000121196,1.0000000000242393,0.5000000000005644,1.0000000000011289,0.0,0.25000000001043393,0.25,0.0376911709691888,True,0,1.0,5.777642253512738e-11,0.49136755934919973,0.6661057199425714,0.24568377967459987,-0.18603435854309477,0.041053194103193004,0.043892525715299655,-0.1385062812296311
2021-05-20,45,0.9999999999943614,-2.1120633020288437e-11,0.4999999999866205,0.999999999973241,0.500000000007741,1.000000000015482,0.0,0.11701926643442007,0.25,0.03510060419112642,True,0,1.0,1.0560316510144219e-10,0.523672622889555,0.7285971129930257,0.2618363114447775,-0.1739754496322819,0.03493955820619742,0.03888118394502437,-0.0898460404049791
2021-06-04,45,0.9999999999997349,-1.2781720126753271e-11,0.49999999999347655,0.9999999999869531,0.5000000000062583,1.0000000000125167,0.0,0.031385320519629126,0.25,0.034267872717615167,True,0,1.0,6.390860063376635e-11,0.5350286416582091,0.7129200397929669,0.26751432082910453,-0.17568033224312263,0.03205570877687467,0.038408472492134686,-0.08568576741605108
2021-06-18,45,1.0000000000074378,8.970338361002916e-12,0.5000000000082041,1.0000000000164082,0.4999999999992337,0.9999999999984674,0.0,0.022960345377769333,0.25,0.03530001332588254,True,0,1.0,4.485169180501458e-11,0.5393732040775951,0.7069909050787214,0.2696866020387976,-0.17720398230577922,0.033415867508114705,0.03702759827325833,-0.08616730658656695
2021-07-02,45,0.9953039234587088,0.004696076518756281,0.49999999998873246,0.9999999999774649,0.4953039234699762,0.9906078469399524,0.0,0.005393189413204935,0.25,0.035322136470004796,True,0,1.0,0.023480382593781407,0.5390945450478085,0.6983159506541187,0.26954727252390426,-0.1756110785687108,0.033489907514996996,0.03734939366030248,-0.08653058714234241
2021-07-19,45,1.0000000000007063,-1.5865364577649643e-12,0.49999999999955996,0.9999999999991199,0.5000000000011465,1.000000000002293,0.0,0.10039310725587958,0.25,0.03698095645830441,True,0,1.0,7.932682288824822e-12,0.5385734967797075,0.7020114624079717,0.2692867483898537,-0.17845259194213448,0.03440165701486442,0.037460101039229074,-0.08575279438975564
2021-08-02,45,1.0000000000011042,-2.7851887463015146e-12,0.4999999999991595,0.999999999998319,0.5000000000019447,1.0000000000038893,0.0,0.08975310806469007,0.25,0.03473942918856956,True,0,1.0,1.3925943731507573e-11,0.538513230510084,0.8016287783150179,0.269256615255042,-0.16202819847345148,0.03666954684297412,0.03797991721909549,-0.04125296772762296
2021-08-16,45,0.9825347958009012,0.017465204269023607,0.5000000000349625,1.000000000069925,0.48253479576593883,0.9650695915318777,0.0,0.2500000000298205,0.25,0.03009475549814139,True,0,1.0,0.08732602134511804,0.44565656169738704,0.9980674633108598,0.22282828084869352,-0.16074209442750878,0.026342505627572874,0.03351877971480196,0.14176941556078418
2021-08-30,45,0.9839793248498495,0.01602067514876023,0.49999999999930483,0.9999999999986097,0.4839793248505447,0.9679586497010894,0.0,0.25000000000056005,0.25,0.029649464602708495,True,0,1.0,0.08010337574380115,0.541163589846845,0.9999999999992458,0.2705817949234225,-0.16658697576154885,0.0004484304228726149,0.019526635260402502,0.18314695811422177
2021-09-14,45,0.9880135671824309,0.011986432828489796,0.5000000000054604,1.0000000000109208,0.4880135671769706,0.9760271343539412,0.0,0.1839764534297622,0.25,0.032879102285397845,True,0,1.0,0.05993216414244898,0.6512601580684712,0.9988330520712706,0.3256300790342356,-0.1760042106103116,-0.03623679770482974,4.3934281363136425e-13,0.21415448834430673
2021-09-28,45,0.9786244901601171,0.021375509821710735,0.49999999999091393,0.9999999999818279,0.4786244901692033,0.9572489803384066,0.0,0.2500000000081128,0.25,0.03185758043447557,True,0,1.0,0.10687754910855367,0.6234173137180332,0.7779070153700495,0.3117086568590166,-0.12436118768075938,0.044402143310841365,-1.9544283760489846e-12,0.16073030777499153
2021-10-12,45,0.9775516034127263,0.022448396583625966,0.4999999999981763,0.9999999999963526,0.47755160341455033,0.9551032068291007,0.0,0.15343548593149284,0.25,0.033723675063774286,True,0,1.0,0.11224198291812983,0.6587039573060528,0.7079337168180939,0.3293519786530264,-0.12397419640000816,0.044615511779624514,-2.530780537065738e-12,0.13252755653800272
2021-10-26,45,0.9722827317075871,0.02771726829041542,0.4999999999990013,0.9999999999980026,0.4722827317085858,0.9445654634171716,0.0,0.14617528515894593,0.25,0.030199028438883037,True,0,1.0,0.1385863414520771,0.5692558311256126,0.9053916889172566,0.2846279155628063,-0.12909423330074882,0.03297808476603053,-3.1034394202833782e-12,0.20614600888662324
2021-11-09,45,0.976737341401694,0.01846797645337766,0.4976026589275358,0.9952053178550716,0.4791346824741581,0.9582693649483162,0.0,0.009806014436920881,0.25,0.030541234731324567,True,0,1.0,0.09233988226688829,0.5803977152236752,0.8765683478255393,0.2901988576118376,-0.13280683098309481,0.033295198603743845,-5.740044324290876e-12,0.21597254610768435
2021-11-23,45,0.9655623622588052,0.034437637732694204,0.4999999999957498,0.9999999999914996,0.4655623622630555,0.931124724526111,0.0,0.016391004388761177,0.25,0.030605109634641754,True,0,1.0,0.17218818866347102,0.590752797570539,0.8703158319525138,0.2953763987852695,-0.12728082315025055,0.03191360084276721,-6.696339810299146e-12,0.2154235676032688
2021-12-08,45,0.6999999000028839,-9.999766456374182e-08,0.3499999000026098,0.9999997142931708,0.35000000000027426,1.0000000000007836,0.0,0.2784337371947509,0.2784337371897159,0.03137408713610176,True,0,0.7,7.142690325981559e-07,0.7128836675488913,0.8803949549897203,0.24950928364211195,-0.12504153817786476,-0.016960992371890096,6.786331888763207e-13,0.16388294054723226
2021-12-22,45,0.40000000000668046,4.102609057052218e-12,0.20000000000539153,1.0000000000269575,0.2000000000012889,1.0000000000064444,0.0,0.3021533142634987,0.30215331425710773,0.01916418473155868,True,0,0.4,5.128261321315272e-11,0.729106042366468,0.9333332500036321,0.1458212084732936,-0.07040000133300467,-0.0128000360010375,2.189500967121717e-12,0.10118997503782158
2022-01-06,45,0.5042734358120915,-0.10704209516459462,0.19861567032374836,0.3972313406474967,0.30565776548834306,0.6113155309766861,0.0,0.11010025092848381,0.25,0.02008844171217396,True,0,1.0,0.5352104758229731,0.30837024655718814,0.4038979309824925,0.1263903236953051,-0.11476228168073482,-0.09251107396715644,3.071314587052187e-12,0.10990429505617627
2022-01-21,45,0.5091640443359255,-0.12715071095317473,0.19100666669137545,0.3820133333827509,0.3181573776445502,0.6363147552891004,0.0,0.010489696340967303,0.25,0.02037198620772418,True,0,1.0,0.6357535547658736,0.3082925453815793,0.44336615415501823,0.11918538528878109,-0.11521726481239199,-0.09248776361447378,2.9375831865587096e-12,0.12184227129831712
2022-02-04,45,0.3920339145526153,-0.007966085448189587,0.19203391455221286,0.9601695727610643,0.2000000000004024,1.000000000002012,0.0,0.21240592921568535,0.25,0.01828829038608278,True,0,0.4,0.09957606810236982,0.6527423675006524,0.7499999999772188,0.1305484735001305,-0.07595504169940935,-0.055999999998305516,8.714225654136524e-13,0.07207599772527803
2022-02-18,45,0.3877245488068555,-0.012275451194790244,0.18772454880603257,0.9386227440301628,0.20000000000082283,1.000000000004114,0.0,0.08106842249667706,0.25,0.017881308873138674,True,0,0.4,0.15344313993487801,0.7999999999944922,0.9999999999931759,0.11169077981233903,-0.07283418360434676,-0.09599999999933906,5.686864173950755e-13,0.05249674041899493
2022-03-07,45,0.3808148637719598,-0.019185136228823146,0.1808148637715683,0.9040743188578415,0.20000000000039142,1.000000000001957,0.0,0.07745070390906936,0.25,0.018301782738869,True,0,0.4,0.2398142028602893,0.740281543402147,0.9428452500538604,0.10690190720150351,-0.0787525068289119,-0.08883378520825765,7.213244977774545e-13,0.038272883063860993
2022-03-21,45,0.39602166317966697,0.003978336820810487,0.20000000000023876,1.0000000000011937,0.19602166317942832,0.9801083158971415,0.0,0.06847969968492833,0.25,0.01576686053840678,True,0,0.4,0.04972921026013108,0.7319161719578752,0.9270541814931756,0.08909676105507909,-0.07707784367272015,-0.08782994063494502,0.008000000000794157,0.024703060410583247
2022-04-04,45,0.4308358559379159,0.03779654368426879,0.23431619981109236,0.6694748566031211,0.19651965612682354,0.5614847317909244,0.0,0.030207622578271476,0.25,0.017588671703297178,True,0,0.7,0.26997531203049135,0.4239043892500415,0.5343342812875126,0.09279139549234283,-0.07726888352529543,-0.08901992174250871,0.013999999999529339,0.015066436257528357
2022-04-19,45,0.4489985236853159,0.07214052989862872,0.26056952679197226,0.5211390535839445,0.18842899689334358,0.37685799378668716,0.0,0.029766729403950865,0.25,0.018863357362606276,True,0,1.0,0.36070264949314357,0.283117625793661,0.35675468627546125,0.08969469626986501,-0.07385934944867745,-0.0849352877380983,0.019999999999105594,0.007066551161757704
2022-05-03,45,0.38295495241779903,0.00776416710592516,0.19535955976186212,0.9767977988093105,0.18759539265593692,0.9379769632796845,0.0,0.057617794054475854,0.25,0.01651208755605673,True,0,0.4,0.09705208882406448,0.7018050551937216,0.8872023971266083,0.0848535763689117,-0.07357950170569054,-0.08421660662324659,0.007999999999160444,0.025039982175878647
2022-05-17,45,0.38541136315514074,0.01458863685299069,0.20000000000406573,1.0000000000203286,0.18541136315107504,0.9270568157553751,0.0,0.00885438021147917,0.25,0.016940790318816658,True,0,0.4,0.1823579606623836,0.6899988337004525,0.8742011108336547,0.08230259293821787,-0.07273981768822722,-0.08279986004405429,0.0077972283581974645,0.025932472526634318
2022-06-01,45,0.3903194365325112,0.009680563472798272,0.2000000000026547,1.0000000000132734,0.19031943652985642,0.9515971826492821,0.0,0.014177885670068675,0.25,0.016463158373386733,True,0,0.4,0.12100704340997838,0.7126430314949085,0.9026284805844331,0.07474159503327402,-0.07453729240393164,-0.08551716377938902,0.007965469920216519,0.0256192068656047
2022-06-15,45,0.3781379444440075,0.010191797620358415,0.19416487103218297,0.9708243551609148,0.1839730734118246,0.9198653670591229,0.0,0.1288571588196539,0.25,0.016205855004631,True,0,0.4,0.12739747025448017,0.6825525145452223,0.8683666467034423,0.011949749626248753,-0.07197374320637694,-0.08190630174542667,0.03456066938938536,0.02370220443535069
2022-06-30,45,0.37303843296955586,0.005523452911386173,0.18928094294047101,0.946404714702355,0.18375749002908487,0.9187874501454243,0.0,0.00040779243568603296,0.25,0.01635290935579173,True,0,0.4,0.06904316139232715,0.6767911587234637,0.867834812743099,0.012376238450691395,-0.07198911129186272,-0.08121493904681565,0.031343053954653324,0.025258730696418097
2022-07-15,45,0.3672196595032472,-0.004477240371366583,0.18137120956594036,0.9068560478297018,0.18584844993730695,0.9292422496865347,0.0,0.00755437016489828,0.25,0.01721763424535167,True,0,0.4,0.055965504642082275,0.6856619029867138,0.8793116536860727,0.007810410242727637,-0.07277860484798243,-0.08227942835840565,0.030195395060012873,0.025962146379497772
2022-07-29,45,0.40745240757542617,0.023500997970700026,0.21547670277306308,0.6156477222087516,0.19197570480236306,0.5485020137210374,0.0,0.029898674520226654,0.25,0.018146172571429472,True,0,0.7,0.16786427121928593,0.4079559568946437,0.5193835354899254,0.009372924804966674,-0.07502864832296437,-0.08567075094787517,0.031131330337206952,0.02469894339512217
2022-08-12,45,0.4016378245364989,0.017270151418946906,0.20945398797772288,0.41890797595544577,0.19218383655877597,0.38436767311755193,0.0,0.06917067024731638,0.25,0.018179149509342848,True,0,1.0,0.08635075709473453,0.2886971704383222,0.3656533090472642,0.010524343510516612,-0.0748193781727524,-0.08660915113149666,0.02411755146866309,0.03573563377970189
2022-08-26,45,0.3657399372128655,-0.007370061507599895,0.1791849378526328,0.5119569652932365,0.1865549993602327,0.5330142838863792,0.0,0.02958208021110975,0.25,0.01786458361820875,True,0,0.7,0.0526432964828564,0.39572968275994813,0.5037927833035842,0.009009850172492208,-0.07295803159439468,-0.08310323337958911,0.024949005118174154,0.036124858532996205
2022-09-12,45,0.3642870214954684,-0.003956468908009805,0.18016527629372928,0.514757932267798,0.18412174520173913,0.5260621291478261,0.0,0.00015947476458758048,0.25,0.017751352250107252,True,0,0.7,0.02826049220007004,0.3939228183067765,0.49936590386003343,0.009250381422188914,-0.07171466552166003,-0.08272379184442306,0.02564179372311496,0.03560077745083722
2022-09-26,45,0.31871578706001724,-0.02910380498158264,0.14480599103921732,0.7240299551960866,0.17390979602079992,0.8695489801039996,0.0,0.031483968087726244,0.25,0.016560932646572882,True,0,0.4,0.36379756226978294,0.6445095238972511,0.8240669555692871,0.006956221382490211,-0.06797739059972376,-0.07734114286767013,0.024567693201354997,0.035812173024805376
2022-10-10,45,0.3186255089375137,-0.0282186943048596,0.14520340731632703,0.7260170365816351,0.17342210162118663,0.867110508105933,0.0,9.590569142382821e-06,0.25,0.0170979815758766,True,0,0.4,0.3527336788107449,0.6431155349696421,0.8227429338257016,0.006153684200053474,-0.06764585499110261,-0.07717386419635705,0.025618197883164877,0.03505901987964286
2022-10-24,45,0.3185294536102458,-0.026571664482052965,0.1459788945640964,0.729894472820482,0.17255055904614935,0.8627527952307468,0.0,0.0007437522212509484,0.25,0.016967520625247094,True,0,0.4,0.332145806025662,0.6422835837623856,0.8157649339960386,0.007296253194093208,-0.06703976679205384,-0.07707403005148626,0.025081158805163657,0.03570539384231889
2022-11-07,45,0.3197582764419017,-0.03078557760047532,0.1444863494207132,0.722431747103566,0.17527192702118852,0.8763596351059425,0.0,0.0002104609430033308,0.25,0.017035443487404704,True,0,0.4,0.38481972000594145,0.655949842480666,0.8312924944437333,0.005927723212453084,-0.06815042961704523,-0.07871398109767992,0.025041805356038973,0.03537394324665655
2022-11-21,45,0.32602395574711185,-0.0365444039814389,0.14473977588283649,0.7236988794141824,0.18128417986427536,0.9064208993213768,0.0,0.0002727376732904324,0.25,0.017838346257154667,True,0,0.4,0.45680504976798614,0.6795944038563777,0.8640335868924173,0.006855745918664509,-0.07065759766354626,-0.08155132846276532,0.02450687123142529,0.03522977559641042
2022-12-06,45,0.3296935055091985,-0.04282892277056125,0.14343229136931862,0.717161456846593,0.18626121413987987,0.9313060706993993,0.0,0.00029988007038407594,0.25,0.017973057336571324,True,0,0.4,0.5353615346320155,0.6966325482784751,0.8869543634319769,0.0064882199726554735,-0.07276305175042383,-0.08359590579341701,0.023910849222892952,0.035166170779734676
2022-12-20,45,0.3672623968875785,-0.0024845456387534337,0.18238892562441247,0.9119446281220623,0.18487347126316592,0.9243673563158296,0.0,0.0400450812730166,0.25,0.01755885594721242,True,0,0.4,0.031056820484417914,0.6927671041146983,0.880691819567145,0.04179592854000482,-0.07205257128164279,-0.08313205249376379,0.024324566795403145,0.034617242556083026
2023-01-05,45,0.3787466734380895,0.021253326568634802,0.20000000000336213,1.0000000000168106,0.1787466734347273,0.8937333671736365,0.0,0.02514836554162584,0.25,0.016251381946157183,True,0,0.4,0.265666582107935,0.696114575695837,0.8848597968545894,0.040860690419431446,-0.07225467122520945,-0.08353374908350043,0.02427061358817316,0.010489069056662715
2023-01-20,45,0.35187521662076704,0.04812478339509835,0.20000000000793267,1.0000000000396632,0.15187521661283432,0.7593760830641716,0.0,0.10429360793922358,0.25,0.016460780799252173,True,0,0.4,0.6015597924387293,0.5126771977024271,0.7187927382587,0.04799894591504338,-0.059946818161517465,-0.06152126372429126,0.024838540782499044,-0.06448053919471898
2023-02-03,45,0.5717021453216581,0.1282978546945398,0.350000000008099,1.0000000000231402,0.2217021453135592,0.6334347008958835,0.0,0.21704840223556227,0.25,0.030220593474080397,True,0,0.7,0.9164132478181416,0.7371883406768115,0.9207787833648761,0.06993682289529475,-0.02715821317328077,-0.0056789469342242915,0.024843203793970155,-0.2064127353895072
2023-02-17,45,0.35282542638890596,0.14000000000861215,0.24641271319875907,0.704036323425026,0.1064127131901469,0.30403632340041975,0.0,0.25000000000893274,0.25,0.024426168117836017,True,0,0.7,1.0000000000615155,0.7103951678420423,0.9146749718103389,0.025553653923879663,0.016042395483707828,0.05424562243764096,0.011133658104021435,-0.19891064699577182
2023-03-06,45,0.5599999999829143,0.13999999998256893,0.34999999998274156,0.9999999999506902,0.2100000000001727,0.6000000000004935,0.0,0.25000000000857137,0.25,0.02648471106521671,True,0,0.7,0.9999999998754925,0.5950606703633359,0.8901411082576864,-0.017262794170779732,0.03473586366095152,0.12496274077630053,-0.015204283046563157,-0.16089758612491215
2023-03-20,45,0.3479239697846126,0.05207603024013398,0.20000000001237325,1.0000000000618663,0.14792396977223932,0.7396198488611966,0.0,0.20441980211423144,0.25,0.014943643487094078,True,0,0.4,0.6509503780016745,0.6154586709287563,0.9619302123396981,-0.009968147909355232,0.009251297138875986,0.06236779305924934,-0.01485070209989386,-0.09847338734860102
2023-04-03,45,0.4581220489770685,0.14000000002020604,0.2990610244986373,0.8544600699961067,0.15906102447843123,0.454460069938375,0.0,0.12228506108739085,0.25,0.02392860412177439,True,0,0.7,1.000000000144329,0.6025552877765443,0.5497437732314675,0.03497753374863007,0.03276185426534848,0.1265366104330743,-0.027463552534783577,-0.10334520549109831
2023-04-18,45,0.5600000000035738,0.1400000000018106,0.35000000000269216,1.0000000000076918,0.21000000000088154,0.6000000000025187,0.0,0.25000000000305367,0.25,0.0216958453202481,True,0,0.7,1.000000000012933,0.5398910887817265,0.49573848470409443,-0.018186208606876506,0.06597776200859415,0.11337712864416256,-0.03802630544172309,-0.0637083347432977
2023-05-02,45,0.5600000000283827,0.14000000002916244,0.35000000002877263,1.0000000000822076,0.2099999999996102,0.5999999999988863,0.0,0.1706892613268636,0.25,0.026431806869634193,True,0,0.7,1.0000000002083032,0.6283932174293648,0.6633740587949309,-0.040012603132517206,0.10807081947095587,0.13196257566016661,-0.04523333759810194,-0.006371705074228055
2023-05-16,45,0.5616175331888476,0.13838246679588004,0.34999999999236375,0.9999999999781822,0.2116175331964837,0.6046215234185248,0.0,0.25000000000375144,0.25,0.023176803962908197,True,0,0.7,0.9884461913991432,0.5327068489665933,0.617767325506189,-0.06435400984994212,0.12430892661838085,0.11186843828298458,-0.04475072338438385,0.000889478243625413
2023-05-31,45,0.5613539697758717,0.1386460302588717,0.35000000001737186,1.0000000000496339,0.21135396975850013,0.6038684850242861,0.0,0.25000000000881295,0.25,0.02259708863833118,True,0,0.7,0.9903287875633694,0.33017380104506755,0.42391798019245325,-0.01108671453303092,0.09376123490956946,0.06933649821946418,-0.04472344194272553,0.00010231992792641272
2023-06-14,45,0.6420607375515265,0.1999999999675744,0.4210303687595505,0.842060737519101,0.22103036879197602,0.44206073758395203,0.0,0.2500000000139282,0.25,0.02418006845239592,True,0,1.0,0.9999999998378719,0.33808251732634487,0.3892947492473422,-0.0011935014583046462,0.07411919144794628,0.10142475519790345,-0.0468350909335767,-0.007271678772441927
2023-06-29,45,0.8000000000077495,0.20000000002218013,0.5000000000149648,1.0000000000299296,0.29999999999278465,0.5999999999855693,0.0,0.2500000000187128,0.25,0.03017640428720115,True,0,1.0,1.0000000001109006,0.3378077657262501,0.5692186228624793,-0.0016684631123951332,0.07395940905485977,0.10134232971787503,-0.04582535809469425,-0.04537941031904187
2023-07-14,45,0.8000000000187838,0.20000000002846177,0.5000000000236229,1.0000000000472458,0.2999999999951611,0.5999999999903222,0.0,0.24543431810945224,0.25,0.029526543810280685,True,0,1.0,1.0000000001423088,0.27348600070677104,0.741979320979456,0.08555843703826788,0.04717714434908218,0.08204580021203131,-0.04654990580375374,-0.04006968379778693
2023-07-28,45,0.800000000004584,0.2000000000056604,0.5000000000051222,1.0000000000102445,0.2999999999994618,0.5999999999989236,0.0,0.06121521258530185,0.25,0.031624104823608896,True,0,1.0,1.000000000028302,0.2738178760860332,0.7381465160507502,0.09262639962766239,0.046876009161986545,0.08214536282580995,-0.04825963147083534,-0.0491772574681756
2023-08-11,45,0.7956182781343362,0.199999999974321,0.4978091390543285,0.995618278108657,0.29780913908000756,0.5956182781600151,0.0,0.023684057894993282,0.25,0.030774828809757546,True,0,1.0,0.9999999998716049,0.26840969958581107,0.733009080135429,0.09021037521213239,0.04425299561379958,0.08052290987574331,-0.04667863659604456,-0.059958149920850065
2023-08-25,45,0.7185469761122035,0.19999999996424198,0.4592734880382227,0.9185469760764454,0.25927348807398076,0.5185469761479615,0.0,0.25000000001286504,0.25,0.02977235665070299,True,0,1.0,0.9999999998212098,0.3712356000386563,0.7642060466953805,0.18561780001932815,0.022412420432545016,0.09999999999676942,-0.04669097718550989,-0.06932722942478219
2023-09-11,45,0.6531727439248404,0.19999999997180748,0.426586371948324,0.853172743896648,0.22658637197651646,0.4531727439530329,0.0,0.2500000000053466,0.25,0.02913842245621165,True,0,1.0,0.9999999998590373,0.3822789123590608,0.7783421602933727,0.1911394561795304,0.019999999997003762,0.09999999999670711,-0.024005673134627824,-0.0450946343985565
2023-09-25,45,0.6597945639992088,0.19999999999810586,0.4298972819986573,0.8597945639973146,0.2298972820005514,0.4597945640011028,0.0,0.25000000000013234,0.25,0.027054947118863793,True,0,1.0,0.9999999999905292,0.3333333333283545,0.5856645988033562,0.08229639967965788,0.01999999999733306,0.09999999999850635,0.06176530980232754,-0.07120652996018065
2023-10-09,45,0.6418762008557295,0.20000000002892884,0.4209381004423291,0.8418762008846582,0.22093810041340026,0.4418762008268005,0.0,0.0014902599631516633,0.25,0.02721140224858377,True,0,1.0,1.000000000144644,0.3307478824619544,0.5636900561179911,0.08734660154187408,0.019844872947269374,0.09922436473858631,0.05848454171026931,-0.06966073684204468
2023-10-23,45,0.7064563749458606,0.1999999999689335,0.453228187457397,0.906456374914794,0.2532281874884635,0.506456374976927,0.0,0.2500000000253302,0.25,0.026217796412374827,True,0,1.0,0.9999999998446675,0.3267738612273719,0.6027187758597549,-0.028925967759942946,0.019606431670836026,0.09803215836821157,0.06045612838240331,0.055109819153564985
2023-11-06,45,0.739045165457399,0.17531700148643556,0.45718108347191716,0.9143621669438343,0.2818640819854817,0.5637281639709634,0.0,0.023770738303596828,0.25,0.02777748031474472,True,0,1.0,0.8765850074321777,0.33333333332635656,0.6559120923802398,-0.05226941067126389,0.019999999995946857,0.09999999999790697,0.06035189491751933,0.055127158155608945
2023-11-20,45,0.7901357845678282,0.05866216082172853,0.4243989726947784,0.8487979453895568,0.3657368118730498,0.7314736237460996,0.0,0.2500000000134536,0.25,0.031241778166738392,True,0,1.0,0.29331080410864263,0.4303489096969629,0.6377422286792271,-0.21517445484848144,0.019999999996643304,0.09999999999838108,0.09397658303844061,0.03491791523717031
2023-12-05,45,0.8059095860306956,0.03935697833109386,0.4226332821808947,0.8452665643617894,0.3832763038498009,0.7665526076996018,0.0,0.018205687291114256,0.25,0.03227624323384573,True,0,1.0,0.1967848916554693,0.4602595190736814,0.6671036217509142,-0.2301297595368407,0.01999999999680006,0.09999999999843673,0.09133069070089517,0.03722447342922289
2023-12-19,45,0.812576942531042,0.03911961490147446,0.4258482787162582,0.8516965574325164,0.38672866381478366,0.7734573276295673,0.0,0.008224827567406112,0.25,0.03389246685456582,True,0,1.0,0.1955980745073723,0.4635013177157172,0.6786164911772329,-0.2317506588578586,0.019999999996688663,0.09999999999838942,0.09302871822660741,0.03538026463306511
2024-01-04,45,0.8881204473426194,0.11187955264805693,0.4999999999953381,0.9999999999906762,0.3881204473472812,0.7762408946945624,0.0,0.25000000000247236,0.25,0.03278101465650687,True,0,1.0,0.5593977632402847,0.49718934773434403,0.6523451270577655,-0.24859467386717202,0.05023755796850832,0.1117854456503145,0.06052438626265551,0.03561204860934982
2024-01-19,45,0.8739555769435479,0.12604442306925914,0.5000000000064035,1.000000000012807,0.3739555769371444,0.7479111538742887,0.0,0.25000000000943595,0.25,0.030609533753692457,True,0,1.0,0.6302221153462957,0.5259057402878978,0.5858774497818583,-0.2629528701439489,0.10650747971383978,0.11156651152872081,0.020775297367477463,0.02649088542221968
2024-02-02,45,0.760134364361963,0.2000000000070956,0.4800671821845294,0.9601343643690587,0.28006718217743376,0.5601343643548675,0.0,0.2500000000071266,0.25,0.027746181251190685,True,0,1.0,1.000000000035478,0.4000000000051277,0.500000000006446,-0.18763535559793953,0.13126156760166946,0.1200000000015383,-0.007468129900453367,0.016139252933111328
2024-02-16,45,0.8000000000578933,0.20000000008024363,0.5000000000690684,1.0000000001381368,0.2999999999888248,0.5999999999776496,0.0,0.25000000007782675,0.25,0.030994350418298334,True,0,1.0,1.0000000004012182,0.39920251645741445,0.6129695152592932,-0.19960125822870722,0.1442957721232254,0.1064436581805128,-0.026959077261553503,0.012131584765977954
2024-03-04,45,0.8000000000123046,0.1999999999177614,0.49999999996503297,0.9999999999300659,0.3000000000472716,0.6000000000945432,0.0,0.20001555350980918,0.25,0.03943245314382592,True,0,1.0,0.999999999588807,0.39860682453974783,0.6140311800785317,-0.19930341226987391,0.1442108389092668,0.10631625837727077,-0.027177497692744405,0.040824158488074934
2024-03-18,45,0.88443333098203,0.11556666901525772,0.49999999999864375,0.9999999999972875,0.3844333309833861,0.7688666619667722,0.0,0.2500000000010282,0.25,0.03996558795014421,True,0,1.0,0.5778333450762886,0.29600119722126705,0.5967363271017203,-0.13584710255929963,0.11807338886893654,0.08880035916638011,-0.028019402105731436,0.11392054712648501
2024-04-02,45,0.9187909192513553,0.08120908076060586,0.5000000000059805,1.000000000011961,0.41879091924537465,0.8375818384907493,0.0,0.2500000000072954,0.25,0.04125668024845595,True,0,1.0,0.4060454038030293,0.4919676643677441,0.6158467856121205,-0.12453959350085239,0.1331660900496652,0.14759029931032322,-0.028014763430390766,0.14260664354656286
2024-04-16,45,0.8000000000123629,0.20000000002201634,0.5000000000171897,1.0000000000343794,0.2999999999951733,0.5999999999903466,0.0,0.2500000000209493,0.25,0.03362705479731455,True,0,1.0,1.0000000001100817,0.45132664195199995,0.5209796461836331,0.024289229397581075,0.11634783622427264,0.13539799258559998,-0.02790937132024478,0.116949202110469
2024-04-30,45,0.5688741043583049,0.13112589583527987,0.3500000000967923,1.0000000002765495,0.2188741042615125,0.6253545836043215,0.0,0.2500000001218192,0.25,0.024517159412627183,True,0,0.7,0.9366135416805705,0.44378675303257126,0.5331117424458531,0.03027005046173151,0.07835763159879208,0.09319521813683997,-0.02842008164046785,0.08278903673568055
2024-05-14,45,0.6634124227500134,0.2000000000458432,0.4317062113979283,0.8634124227958566,0.23170621135208513,0.46341242270417027,0.0,0.2500000000413735,0.25,0.026968378983295318,True,0,1.0,1.000000000229216,0.42585371258405363,0.5692892796660982,0.04519363666388439,0.05934312438956999,0.07545816548505015,-0.029841167012479707,0.17034148503362145
2024-05-29,45,0.777220983685573,0.1999999999984574,0.4886104918420151,0.9772209836840302,0.28861049184355775,0.5772209836871155,0.0,0.2500000000010107,0.25,0.03262696221692367,True,0,1.0,0.9999999999922871,0.43618040775576855,0.611663105744767,0.0022827875440147517,0.05303547419852499,0.06893030449581641,0.0014069069759053384,0.17447216310230743
2024-06-12,45,0.7885346490952139,0.19999999997992293,0.4942673245375684,0.9885346490751368,0.2942673245576453,0.5885346491152906,0.0,0.2500000000114816,0.25,0.03125329422196768,True,0,1.0,0.9999999998996146,0.47004868221978535,0.7036636899374548,0.08845335942007769,0.03465264320426858,0.04833836984104748,0.0013011340887098197,0.18801947288791415
2024-06-27,45,0.6789100954159099,0.19999999999982118,0.4394550477078656,0.8789100954157312,0.2394550477080444,0.4789100954160888,0.0,0.11161289763101842,0.25,0.02540518235492722,True,0,1.0,0.9999999999991058,0.4210163274254494,0.606100489452554,0.1155303124893378,0.024917407911699933,0.037277201315307075,0.0032543656839797283,0.16840653097017977
2024-07-12,45,0.6767223077841036,0.19999999998719345,0.43836115388564845,0.8767223077712969,0.23836115389845505,0.4767223077969101,0.0,0.24048837504637893,0.25,0.024665100469528148,True,0,1.0,0.9999999999359672,0.5017330983906183,0.666666666664984,0.05701939237732458,0.05763093331494232,0.018795885687338323,-0.007130245482619351,0.20069323935624733
2024-07-26,45,0.4958660746406,0.13999999999857687,0.31793303731958844,0.9083801066273957,0.1779330373210116,0.5083801066314617,0.0,0.2500000000010373,0.25,0.01785470894457477,True,0,0.7,0.9999999999898349,0.5334827772875966,0.6666666666703508,0.030130985710748907,0.05152475811005993,0.0071026876503658696,-0.017334661920742275,0.14937517764052705
2024-08-09,45,0.3200000000086914,0.07999999997474923,0.1999999999917203,0.9999999999586014,0.12000000001697109,0.6000000000848554,0.0,0.2500000000191175,0.25,0.011956772889810634,True,0,0.4,0.9999999996843651,0.513485733590236,0.5705514068893108,0.008416450187035705,0.03456911283363853,0.0011286178054325873,-0.0240229884941423,0.08215771737443776
2024-08-23,45,0.32000000000340123,0.07999999997408631,0.19999999998874374,0.9999999999437187,0.12000000001465742,0.6000000000732871,0.0,0.19029152765195942,0.25,0.01206929368198264,True,0,0.4,0.9999999996760788,0.399999999996134,0.8333333332935595,-0.04000000002169101,0.04826666666075341,-2.0443463595133713e-12,-0.026666666653518193,0.06399999999938145
2024-09-09,45,0.40256722406047507,0.13999999999696253,0.27128361202871876,0.775096034367768,0.1312836120317563,0.3750960343764466,0.0,0.1611718199783455,0.25,0.014186900092198126,True,0,0.7,0.9999999999783039,0.24143609971520372,0.6459133619736189,-0.03869964893167717,0.0805134448098201,-2.1333107556533465e-12,-0.03484928556961559,0.06760210792025703
2024-09-23,45,0.5725779342994074,0.19999999998173507,0.38628896714057126,0.7725779342811425,0.18628896715883614,0.3725779343176723,0.0,0.24999999999577338,0.25,0.02227828269597411,True,0,1.0,0.9999999999086753,0.19765622379738224,0.5792056203123387,-0.03804679930147472,0.09809788783536828,-2.188579599476936e-12,-0.09882811189869112,0.017121095186638114
2024-10-07,45,0.8000000000010012,0.19999999999077098,0.4999999999958862,0.9999999999917724,0.3000000000051152,0.6000000000102303,0.0,0.22403404363363746,0.25,0.027902236599585576,True,0,1.0,0.9999999999538548,0.3071786174601677,0.644150455423253,-0.03203126004339785,0.15358930873008386,0.029920385908167372,-0.10744576816658433,-0.07870876197259893
2024-10-21,45,0.80000000002694,0.20000000004775684,0.5000000000373485,1.000000000074697,0.2999999999895916,0.5999999999791832,0.0,0.016381254242774194,0.25,0.028459298901145524,True,0,1.0,1.000000000238784,0.30565514670959265,0.6382243218421978,-0.02866028376232643,0.15282757335479633,0.03478364984581632,-0.10977740568824995,-0.07810839400926309
2024-11-04,45,0.802578596907101,0.1974214030911584,0.4999999999991297,0.9999999999982594,0.30257859690797134,0.6051571938159427,0.0,0.24999999999973077,0.25,0.02731242402654893,True,0,1.0,0.987107015455792,0.4037597405748803,0.49925568257285347,0.021920235010484866,0.13558593302239982,0.12112792217246408,-0.11177060134536256,-0.06738374975866893
2024-11-18,45,0.5961314444792255,0.10386855552077434,0.35,1.0,0.24613144447922566,0.7032326985120734,0.0,0.20733525767811928,0.25,0.02183781421830071,True,0,0.7,0.7419182537198168,0.3409356989671652,0.5140033384093818,0.0018654505356420874,0.09716602946122445,0.07159649678310469,-0.09443434983796671,-0.038834016285694856
2024-12-03,45,0.6818508505294968,0.20000000000369308,0.4409254252665949,0.8818508505331898,0.24092542526290184,0.4818508505258037,0.0,0.2500000000040781,0.25,0.02316726337803403,True,0,1.0,1.0000000000184655,0.18968876968109585,0.45648744328543667,0.06389413255918423,0.07774935326262544,0.05690663090432875,-0.09309386837581095,-0.023440030670025733
2024-12-17,45,0.7916424621159831,0.20000000002011542,0.49582123106804926,0.9916424621360985,0.29582123104793373,0.5916424620958675,0.0,0.2500000000294311,0.25,0.025436578042355107,True,0,1.0,1.000000000100577,0.32296688079952907,0.6160995658970773,0.06475170404693582,-0.019234485702673387,0.056740601366955495,-0.09372600602653391,0.12918675231981164
